sample_id,inventory_id,label,hazard_type,spatial_block_1deg,spatial_fold_5,longitude,latitude,cpec_admin_transfer_domain,feature_set,feature_set_name,stacked_score,threshold,prediction
0,CPEC_ROCKFALL_0827,1,rockfall,74_35,5,74.71625134143379,35.540720936161854,Gilgit-Baltistan,conventional_alphaearth_embeddings,Conventional + AlphaEarth Embeddings,0.9554885736030095,0.3226873891884655,1
1,CPEC_LANDSLIDE_0757,1,landslide,72_32,2,72.60072002864746,32.627933568726775,Punjab-Sindh lowland corridor,conventional_alphaearth_embeddings,Conventional + AlphaEarth Embeddings,0.9858380530230086,0.36703707324492457,1
2,RMC_02_01213,0,non_landslide,66_26,4,66.21594248655508,26.59125530404299,raster-matched control,conventional_alphaearth_embeddings,Conventional + AlphaEarth Embeddings,0.08653923622360046,0.2712461075876357,0
3,RMC_02_01329,0,non_landslide,75_37,5,75.42816572520077,37.294681914327086,raster-matched control,conventional_alphaearth_embeddings,Conventional + AlphaEarth Embeddings,0.041958555632256526,0.3226873891884655,0
4,RMC_02_00198,0,non_landslide,67_29,1,67.24900506329253,29.908284490654324,raster-matched control,conventional_alphaearth_embeddings,Conventional + AlphaEarth Embeddings,0.1784450477919886,0.3491602156256933,0
5,RMC_02_01135,0,non_landslide,73_35,4,73.63153515696173,35.53173816924253,raster-matched control,conventional_alphaearth_embeddings,Conventional + AlphaEarth Embeddings,0.8333947686648947,0.2712461075876357,1
6,RMC_02_00947,0,non_landslide,75_36,3,75.29566422079314,36.83204954300554,raster-matched control,conventional_alphaearth_embeddings,Conventional + AlphaEarth Embeddings,0.13041103867294684,0.3548426373798784,0
7,CPEC_ROCKFALL_0516,1,rockfall,67_29,1,67.88007040291171,29.67921476500303,Balochistan,conventional_alphaearth_embeddings,Conventional + AlphaEarth Embeddings,0.7506625714010583,0.3491602156256933,1
8,CPEC_LANDSLIDE_0726,1,landslide,69_30,5,69.1197450867802,30.921136835802454,Balochistan,conventional_alphaearth_embeddings,Conventional + AlphaEarth Embeddings,0.9758601220993245,0.3226873891884655,1
9,CPEC_ROCKFALL_0384,1,rockfall,66_27,1,66.93459382924642,27.69842856784973,Balochistan,conventional_alphaearth_embeddings,Conventional + AlphaEarth Embeddings,0.896513604440054,0.3491602156256933,1
10,RMC_02_00727,0,non_landslide,74_39,3,74.95430441282772,39.63030165303785,raster-matched control,conventional_alphaearth_embeddings,Conventional + AlphaEarth Embeddings,0.08020389452479515,0.3548426373798784,0
11,RMC_02_00108,0,non_landslide,77_37,2,77.34606885679595,37.15544304528856,raster-matched control,conventional_alphaearth_embeddings,Conventional + AlphaEarth Embeddings,0.08324441668568403,0.36703707324492457,0
12,RMC_02_00004,0,non_landslide,74_35,5,74.6511230044374,35.81470748374018,raster-matched control,conventional_alphaearth_embeddings,Conventional + AlphaEarth Embeddings,0.9711544041445955,0.3226873891884655,1
13,RMC_02_01482,0,non_landslide,75_39,4,75.45062360730377,39.43716386695215,raster-matched control,conventional_alphaearth_embeddings,Conventional + AlphaEarth Embeddings,0.07560810228424629,0.2712461075876357,0
14,RMC_02_01264,0,non_landslide,73_35,4,73.78874033168265,35.51377186356014,raster-matched control,conventional_alphaearth_embeddings,Conventional + AlphaEarth Embeddings,0.060941855829440415,0.2712461075876357,0
15,CPEC_LANDSLIDE_0118,1,landslide,74_36,2,74.83303073892249,36.75344481326332,Gilgit-Baltistan,conventional_alphaearth_embeddings,Conventional + AlphaEarth Embeddings,0.34038248963794976,0.36703707324492457,0
16,RMC_02_01170,0,non_landslide,73_35,4,73.1329701742754,35.2083446669595,raster-matched control,conventional_alphaearth_embeddings,Conventional + AlphaEarth Embeddings,0.08104209947523441,0.2712461075876357,0
17,RMC_02_00452,0,non_landslide,74_36,2,74.79709923810681,36.56480074597998,raster-matched control,conventional_alphaearth_embeddings,Conventional + AlphaEarth Embeddings,0.23555318134934847,0.36703707324492457,0
18,CPEC_ROCKFALL_0627,1,rockfall,67_30,3,67.19510789009189,30.27883900186201,Balochistan,conventional_alphaearth_embeddings,Conventional + AlphaEarth Embeddings,0.09141946361505136,0.3548426373798784,0
19,RMC_02_00876,0,non_landslide,73_35,4,73.35530320709498,35.50029713429834,raster-matched control,conventional_alphaearth_embeddings,Conventional + AlphaEarth Embeddings,0.0756759801431136,0.2712461075876357,0
20,RMC_02_00604,0,non_landslide,75_38,2,75.22829057448418,38.7791479213346,raster-matched control,conventional_alphaearth_embeddings,Conventional + AlphaEarth Embeddings,0.12637306077894822,0.36703707324492457,0
21,CPEC_LANDSLIDE_0085,1,landslide,75_36,3,75.01943008115863,36.856753266469546,Gilgit-Baltistan,conventional_alphaearth_embeddings,Conventional + AlphaEarth Embeddings,0.9916863493568885,0.3548426373798784,1
22,CPEC_LANDSLIDE_0352,1,landslide,75_37,5,75.30913787660101,37.86735947012148,"Kashgar (Xinjiang, China)",conventional_alphaearth_embeddings,Conventional + AlphaEarth Embeddings,0.9846453002702124,0.3226873891884655,1
23,CPEC_ROCKFALL_0872,1,rockfall,75_37,5,75.2170618989484,37.905538293341074,"Kashgar (Xinjiang, China)",conventional_alphaearth_embeddings,Conventional + AlphaEarth Embeddings,0.9862979472759569,0.3226873891884655,1
24,CPEC_LANDSLIDE_0853,1,landslide,73_34,2,73.44288814910652,34.40210731856866,KP-AJK,conventional_alphaearth_embeddings,Conventional + AlphaEarth Embeddings,0.983730024610168,0.36703707324492457,1
25,CPEC_ROCKFALL_0554,1,rockfall,67_29,1,67.69367106067557,29.58938171518032,Balochistan,conventional_alphaearth_embeddings,Conventional + AlphaEarth Embeddings,0.9598020935043217,0.3491602156256933,1
26,RMC_02_01136,0,non_landslide,73_35,4,73.55966993423218,35.522755016401334,raster-matched control,conventional_alphaearth_embeddings,Conventional + AlphaEarth Embeddings,0.15608712349880913,0.2712461075876357,0
27,RMC_02_01218,0,non_landslide,68_29,2,68.18549874698714,29.647773058259663,raster-matched control,conventional_alphaearth_embeddings,Conventional + AlphaEarth Embeddings,0.09884247445953742,0.36703707324492457,0
28,CPEC_LANDSLIDE_0935,1,landslide,72_35,3,72.6815679898475,35.59461809059485,KP-AJK,conventional_alphaearth_embeddings,Conventional + AlphaEarth Embeddings,0.9696197729038721,0.3548426373798784,1
29,CPEC_LANDSLIDE_0045,1,landslide,74_35,5,74.9857460318009,35.62830659905364,Gilgit-Baltistan,conventional_alphaearth_embeddings,Conventional + AlphaEarth Embeddings,0.9769111183661359,0.3226873891884655,1
30,CPEC_ROCKFALL_0011,1,rockfall,75_37,5,75.85037464426617,37.8628646962596,"Kashgar (Xinjiang, China)",conventional_alphaearth_embeddings,Conventional + AlphaEarth Embeddings,0.8771403910228288,0.3226873891884655,1
31,CPEC_ROCKFALL_0094,1,rockfall,65_27,5,65.7308505816666,27.282956286295967,Balochistan,conventional_alphaearth_embeddings,Conventional + AlphaEarth Embeddings,0.9868075909299641,0.3226873891884655,1
32,RMC_02_00946,0,non_landslide,75_36,3,75.30464737363434,36.82082060195404,raster-matched control,conventional_alphaearth_embeddings,Conventional + AlphaEarth Embeddings,0.16670447520984472,0.3548426373798784,0
33,RMC_02_00991,0,non_landslide,75_36,3,75.52698040645393,36.93760158888958,raster-matched control,conventional_alphaearth_embeddings,Conventional + AlphaEarth Embeddings,0.16415979471976294,0.3548426373798784,0
34,CPEC_ROCKFALL_0379,1,rockfall,66_27,1,66.99747607230212,27.947710153141564,Balochistan,conventional_alphaearth_embeddings,Conventional + AlphaEarth Embeddings,0.9544390263716369,0.3491602156256933,1
35,RMC_02_01040,0,non_landslide,67_25,3,67.16141932309088,25.722135266657357,raster-matched control,conventional_alphaearth_embeddings,Conventional + AlphaEarth Embeddings,0.08383696806363473,0.3548426373798784,0
36,CPEC_LANDSLIDE_0595,1,landslide,67_28,4,67.41070096692495,28.07123171142308,Balochistan,conventional_alphaearth_embeddings,Conventional + AlphaEarth Embeddings,0.9685653001707999,0.2712461075876357,1
37,RMC_02_00949,0,non_landslide,75_36,3,75.20358690417089,36.856753213318825,raster-matched control,conventional_alphaearth_embeddings,Conventional + AlphaEarth Embeddings,0.030979721774921594,0.3548426373798784,0
38,CPEC_LANDSLIDE_0069,1,landslide,75_36,3,75.26197842385976,36.8410304761551,Gilgit-Baltistan,conventional_alphaearth_embeddings,Conventional + AlphaEarth Embeddings,0.9784531927345322,0.3548426373798784,1
39,RMC_02_00312,0,non_landslide,67_29,1,67.95418256132636,29.74658773951281,raster-matched control,conventional_alphaearth_embeddings,Conventional + AlphaEarth Embeddings,0.23329194069288195,0.3491602156256933,0
40,RMC_02_00228,0,non_landslide,76_38,3,76.5016524897236,38.63541747587548,raster-matched control,conventional_alphaearth_embeddings,Conventional + AlphaEarth Embeddings,0.11915299754135687,0.3548426373798784,0
41,RMC_02_00704,0,non_landslide,73_34,2,73.29915850183751,34.57503239165524,raster-matched control,conventional_alphaearth_embeddings,Conventional + AlphaEarth Embeddings,0.1033300776692243,0.36703707324492457,0
42,RMC_02_00259,0,non_landslide,67_28,4,67.18612299340417,28.82356878508,raster-matched control,conventional_alphaearth_embeddings,Conventional + AlphaEarth Embeddings,0.13901532560630497,0.2712461075876357,0
43,CPEC_LANDSLIDE_0316,1,landslide,72_34,1,72.96453808359811,34.71876146167701,KP-AJK,conventional_alphaearth_embeddings,Conventional + AlphaEarth Embeddings,0.9835985456632492,0.3491602156256933,1
44,RMC_02_00832,0,non_landslide,68_29,2,68.9894909262741,29.27721800356036,raster-matched control,conventional_alphaearth_embeddings,Conventional + AlphaEarth Embeddings,0.4803407425151179,0.36703707324492457,1
45,CPEC_LANDSLIDE_0750,1,landslide,70_32,5,70.75917372098907,32.30454172392667,KP-AJK,conventional_alphaearth_embeddings,Conventional + AlphaEarth Embeddings,0.05988913734943683,0.3226873891884655,0
46,RMC_02_00042,0,non_landslide,66_27,1,66.27657876823315,27.54796108163028,raster-matched control,conventional_alphaearth_embeddings,Conventional + AlphaEarth Embeddings,0.3351260693380502,0.3491602156256933,0
47,RMC_02_01051,0,non_landslide,65_25,1,65.41868767189901,25.854636771064985,raster-matched control,conventional_alphaearth_embeddings,Conventional + AlphaEarth Embeddings,0.10727451535298649,0.3491602156256933,0
48,RMC_02_01087,0,non_landslide,66_27,1,66.56403965915139,27.33910277807249,raster-matched control,conventional_alphaearth_embeddings,Conventional + AlphaEarth Embeddings,0.23536563663897841,0.3491602156256933,0
49,RMC_02_00798,0,non_landslide,67_28,4,67.11201198246431,28.924629254543447,raster-matched control,conventional_alphaearth_embeddings,Conventional + AlphaEarth Embeddings,0.8643685247515519,0.2712461075876357,1
50,CPEC_LANDSLIDE_0919,1,landslide,76_35,2,76.17601387599721,35.194868599355544,Gilgit-Baltistan,conventional_alphaearth_embeddings,Conventional + AlphaEarth Embeddings,0.9563501754958261,0.36703707324492457,1
51,RMC_02_00691,0,non_landslide,73_34,2,73.53047468749828,34.372911452728346,raster-matched control,conventional_alphaearth_embeddings,Conventional + AlphaEarth Embeddings,0.5689552165849296,0.36703707324492457,1
52,CPEC_LANDSLIDE_0065,1,landslide,75_36,3,75.31138526353195,36.82306475801076,Gilgit-Baltistan,conventional_alphaearth_embeddings,Conventional + AlphaEarth Embeddings,0.9808527109455637,0.3548426373798784,1
53,RMC_02_00365,0,non_landslide,72_33,4,72.82978876588506,33.49031668608092,raster-matched control,conventional_alphaearth_embeddings,Conventional + AlphaEarth Embeddings,0.13463071452017533,0.2712461075876357,0
54,RMC_02_00106,0,non_landslide,75_35,1,75.23727372732537,35.5811455098691,raster-matched control,conventional_alphaearth_embeddings,Conventional + AlphaEarth Embeddings,0.2535554110632537,0.3491602156256933,0
55,RMC_02_01396,0,non_landslide,77_40,3,77.44263774983881,40.68582211187828,raster-matched control,conventional_alphaearth_embeddings,Conventional + AlphaEarth Embeddings,0.08694248735265188,0.3548426373798784,0
56,CPEC_LANDSLIDE_0346,1,landslide,75_37,5,75.19684879387313,37.91676630979365,"Kashgar (Xinjiang, China)",conventional_alphaearth_embeddings,Conventional + AlphaEarth Embeddings,0.9899127065619818,0.3226873891884655,1
57,CPEC_LANDSLIDE_0299,1,landslide,73_35,4,73.20708196719819,35.345336505303024,KP-AJK,conventional_alphaearth_embeddings,Conventional + AlphaEarth Embeddings,0.9854263265104115,0.2712461075876357,1
58,RMC_02_00800,0,non_landslide,66_25,2,66.9323489256404,25.192129249026834,raster-matched control,conventional_alphaearth_embeddings,Conventional + AlphaEarth Embeddings,0.11360744598176492,0.36703707324492457,0
59,RMC_02_00254,0,non_landslide,65_26,3,65.24800776791629,26.11963977988024,raster-matched control,conventional_alphaearth_embeddings,Conventional + AlphaEarth Embeddings,0.19685324734947326,0.3548426373798784,0
60,CPEC_LANDSLIDE_0949,1,landslide,75_35,1,75.29341954538761,35.58563746107321,Gilgit-Baltistan,conventional_alphaearth_embeddings,Conventional + AlphaEarth Embeddings,0.9754649203839191,0.3491602156256933,1
61,RMC_02_01028,0,non_landslide,65_29,4,65.96216841879132,29.04814760610988,raster-matched control,conventional_alphaearth_embeddings,Conventional + AlphaEarth Embeddings,0.09421520625665644,0.2712461075876357,0
62,CPEC_ROCKFALL_0657,1,rockfall,69_31,2,69.19835012015035,31.00422772483237,Balochistan,conventional_alphaearth_embeddings,Conventional + AlphaEarth Embeddings,0.9691490864591741,0.36703707324492457,1
63,CPEC_ROCKFALL_0517,1,rockfall,67_29,1,67.88007040291171,29.67921476500303,Balochistan,conventional_alphaearth_embeddings,Conventional + AlphaEarth Embeddings,0.7506625714010583,0.3491602156256933,1
64,RMC_02_01496,0,non_landslide,74_35,5,74.54781674676364,35.47559346398506,raster-matched control,conventional_alphaearth_embeddings,Conventional + AlphaEarth Embeddings,0.034045829259614795,0.3226873891884655,0
65,RMC_02_01072,0,non_landslide,62_25,3,62.21843947222321,25.93773093484604,raster-matched control,conventional_alphaearth_embeddings,Conventional + AlphaEarth Embeddings,0.13461809239571698,0.3548426373798784,0
66,RMC_02_01102,0,non_landslide,67_30,3,67.88905470322769,30.74371770488548,raster-matched control,conventional_alphaearth_embeddings,Conventional + AlphaEarth Embeddings,0.06570607709389749,0.3548426373798784,0
67,CPEC_ROCKFALL_0534,1,rockfall,67_29,1,67.92273954089214,29.69044278145561,Balochistan,conventional_alphaearth_embeddings,Conventional + AlphaEarth Embeddings,0.9730376485386134,0.3491602156256933,1
68,RMC_02_00998,0,non_landslide,76_35,2,76.47470303120002,35.105038409285754,raster-matched control,conventional_alphaearth_embeddings,Conventional + AlphaEarth Embeddings,0.14414168884515552,0.36703707324492457,0
69,RMC_02_00448,0,non_landslide,76_37,1,76.97775959030695,37.10603570466199,raster-matched control,conventional_alphaearth_embeddings,Conventional + AlphaEarth Embeddings,0.11042113078927002,0.3491602156256933,0
70,RMC_02_00911,0,non_landslide,75_39,4,75.5741419588702,39.19237295202958,raster-matched control,conventional_alphaearth_embeddings,Conventional + AlphaEarth Embeddings,0.07782652766554483,0.2712461075876357,0
71,RMC_02_01488,0,non_landslide,74_35,5,74.13010013964806,35.31838828926414,raster-matched control,conventional_alphaearth_embeddings,Conventional + AlphaEarth Embeddings,0.10142515895511003,0.3226873891884655,0
72,CPEC_LANDSLIDE_0862,1,landslide,73_34,2,73.4383978343457,34.411087948090305,KP-AJK,conventional_alphaearth_embeddings,Conventional + AlphaEarth Embeddings,0.2886235421622827,0.36703707324492457,0
73,CPEC_ROCKFALL_0109,1,rockfall,65_27,5,65.8161933167285,27.451394369488835,Balochistan,conventional_alphaearth_embeddings,Conventional + AlphaEarth Embeddings,0.920457152821667,0.3226873891884655,1
74,CPEC_LANDSLIDE_0899,1,landslide,76_35,2,76.09516591479718,35.181393195972014,Gilgit-Baltistan,conventional_alphaearth_embeddings,Conventional + AlphaEarth Embeddings,0.9655276754876604,0.36703707324492457,1
75,RMC_02_01178,0,non_landslide,67_28,4,67.15917353488058,28.94708713664644,raster-matched control,conventional_alphaearth_embeddings,Conventional + AlphaEarth Embeddings,0.9705720670998962,0.2712461075876357,1
76,CPEC_ROCKFALL_0374,1,rockfall,66_27,1,66.98849544278048,27.95893816959414,Balochistan,conventional_alphaearth_embeddings,Conventional + AlphaEarth Embeddings,0.9148880205237406,0.3491602156256933,1
77,CPEC_ROCKFALL_0065,1,rockfall,63_26,1,63.96566192044742,26.33972709956161,Balochistan,conventional_alphaearth_embeddings,Conventional + AlphaEarth Embeddings,0.9619072638553621,0.3491602156256933,1
78,CPEC_ROCKFALL_0035,1,rockfall,67_27,2,67.32985300572493,27.943219838380752,Balochistan,conventional_alphaearth_embeddings,Conventional + AlphaEarth Embeddings,0.9456956731208157,0.36703707324492457,1
79,CPEC_ROCKFALL_0806,1,rockfall,75_35,1,75.3563017884433,35.491314096489674,Gilgit-Baltistan,conventional_alphaearth_embeddings,Conventional + AlphaEarth Embeddings,0.9481059633796122,0.3491602156256933,1
80,RMC_02_01203,0,non_landslide,67_29,1,67.42642233190614,29.582645200161,raster-matched control,conventional_alphaearth_embeddings,Conventional + AlphaEarth Embeddings,0.15149272943012249,0.3491602156256933,0
81,CPEC_LANDSLIDE_1060,1,landslide,74_36,2,74.81506502077815,36.30428848235182,Gilgit-Baltistan,conventional_alphaearth_embeddings,Conventional + AlphaEarth Embeddings,0.9853969045703594,0.36703707324492457,1
82,RMC_02_00498,0,non_landslide,74_36,2,74.6309109105447,36.288568796113225,raster-matched control,conventional_alphaearth_embeddings,Conventional + AlphaEarth Embeddings,0.07097519158891792,0.36703707324492457,0
83,CPEC_ROCKFALL_0195,1,rockfall,63_26,1,63.14370244596258,26.180274104991447,Balochistan,conventional_alphaearth_embeddings,Conventional + AlphaEarth Embeddings,0.4690984442102157,0.3491602156256933,1
84,CPEC_ROCKFALL_0345,1,rockfall,66_27,1,66.35967301222354,27.73660739106933,Balochistan,conventional_alphaearth_embeddings,Conventional + AlphaEarth Embeddings,0.9648037241320927,0.3491602156256933,1
85,CPEC_ROCKFALL_0883,1,rockfall,75_38,2,75.00371174994524,38.5657973863248,"Kashgar (Xinjiang, China)",conventional_alphaearth_embeddings,Conventional + AlphaEarth Embeddings,0.9742700775004453,0.36703707324492457,1
86,CPEC_LANDSLIDE_1075,1,landslide,74_36,2,74.8173124077091,36.1830187701023,Gilgit-Baltistan,conventional_alphaearth_embeddings,Conventional + AlphaEarth Embeddings,0.37026766370267516,0.36703707324492457,1
87,CPEC_ROCKFALL_0453,1,rockfall,69_28,1,69.17139931338332,28.83928957237386,Balochistan,conventional_alphaearth_embeddings,Conventional + AlphaEarth Embeddings,0.6633567424571872,0.3491602156256933,1
88,RMC_02_00856,0,non_landslide,74_36,2,74.30976319647198,36.191999903070375,raster-matched control,conventional_alphaearth_embeddings,Conventional + AlphaEarth Embeddings,0.15058153519040743,0.36703707324492457,0
89,CPEC_ROCKFALL_0553,1,rockfall,67_29,1,67.69591844760652,29.59162910211125,Balochistan,conventional_alphaearth_embeddings,Conventional + AlphaEarth Embeddings,0.7595859188363115,0.3491602156256933,1
90,RMC_02_00612,0,non_landslide,75_38,2,75.38549574920509,38.799360015227286,raster-matched control,conventional_alphaearth_embeddings,Conventional + AlphaEarth Embeddings,0.2040569112833783,0.36703707324492457,0
91,RMC_02_00732,0,non_landslide,71_35,2,71.89778665861105,35.92250531783452,raster-matched control,conventional_alphaearth_embeddings,Conventional + AlphaEarth Embeddings,0.23939149291318768,0.36703707324492457,0
92,CPEC_LANDSLIDE_0230,1,landslide,74_35,5,74.50963889412238,35.85513215144033,Gilgit-Baltistan,conventional_alphaearth_embeddings,Conventional + AlphaEarth Embeddings,0.9826612185221294,0.3226873891884655,1
93,CPEC_LANDSLIDE_0218,1,landslide,74_35,5,74.20645569529648,35.95619321771562,Gilgit-Baltistan,conventional_alphaearth_embeddings,Conventional + AlphaEarth Embeddings,0.8850008356181839,0.3226873891884655,1
94,CPEC_ROCKFALL_0546,1,rockfall,67_29,1,67.70040876236733,29.58938171518032,Balochistan,conventional_alphaearth_embeddings,Conventional + AlphaEarth Embeddings,0.9589423817472066,0.3491602156256933,1
95,RMC_02_00394,0,non_landslide,75_36,3,75.55617565318781,36.98251735309556,raster-matched control,conventional_alphaearth_embeddings,Conventional + AlphaEarth Embeddings,0.7470828799691986,0.3548426373798784,1
96,CPEC_ROCKFALL_0231,1,rockfall,66_26,4,66.17102628305646,26.162308386847105,Balochistan,conventional_alphaearth_embeddings,Conventional + AlphaEarth Embeddings,0.972676672045948,0.2712461075876357,1
97,CPEC_LANDSLIDE_0101,1,landslide,74_36,2,74.97227062841739,36.82755953187264,Gilgit-Baltistan,conventional_alphaearth_embeddings,Conventional + AlphaEarth Embeddings,0.976139602114966,0.36703707324492457,1
98,CPEC_ROCKFALL_0865,1,rockfall,73_35,4,73.8336570108242,35.48682378172885,Gilgit-Baltistan,conventional_alphaearth_embeddings,Conventional + AlphaEarth Embeddings,0.9685319918205519,0.2712461075876357,1
99,CPEC_ROCKFALL_0954,1,rockfall,75_38,2,75.50901262222067,38.952071474180606,"Kashgar (Xinjiang, China)",conventional_alphaearth_embeddings,Conventional + AlphaEarth Embeddings,0.922793625418385,0.36703707324492457,1
100,RMC_02_01210,0,non_landslide,66_26,4,66.47196234252914,26.328498083438028,raster-matched control,conventional_alphaearth_embeddings,Conventional + AlphaEarth Embeddings,0.0891685314489169,0.2712461075876357,0
101,CPEC_LANDSLIDE_0145,1,landslide,74_36,2,74.88693235245654,36.340219918640486,Gilgit-Baltistan,conventional_alphaearth_embeddings,Conventional + AlphaEarth Embeddings,0.3559118489408508,0.36703707324492457,0
102,CPEC_LANDSLIDE_0349,1,landslide,75_37,5,75.27769675507317,37.8853251882658,"Kashgar (Xinjiang, China)",conventional_alphaearth_embeddings,Conventional + AlphaEarth Embeddings,0.9236437085801876,0.3226873891884655,1
103,RMC_02_00347,0,non_landslide,62_26,5,62.22293104864381,26.29481126028355,raster-matched control,conventional_alphaearth_embeddings,Conventional + AlphaEarth Embeddings,0.11535243487124132,0.3226873891884655,0
104,RMC_02_00414,0,non_landslide,74_36,2,74.90938864862176,36.78937956700986,raster-matched control,conventional_alphaearth_embeddings,Conventional + AlphaEarth Embeddings,0.11986882234611482,0.36703707324492457,0
105,RMC_02_01229,0,non_landslide,70_31,3,70.45823641580952,31.21757901725853,raster-matched control,conventional_alphaearth_embeddings,Conventional + AlphaEarth Embeddings,0.06955687981174755,0.3548426373798784,0
106,RMC_02_01224,0,non_landslide,67_29,1,67.8957920678586,29.721884069199525,raster-matched control,conventional_alphaearth_embeddings,Conventional + AlphaEarth Embeddings,0.13677335033761082,0.3491602156256933,0
107,RMC_02_00450,0,non_landslide,74_36,2,74.80159081452742,36.56704653419028,raster-matched control,conventional_alphaearth_embeddings,Conventional + AlphaEarth Embeddings,0.11374301365812604,0.36703707324492457,0
108,RMC_02_00031,0,non_landslide,75_40,1,75.3787583845742,40.07047614225641,raster-matched control,conventional_alphaearth_embeddings,Conventional + AlphaEarth Embeddings,0.14207360820293857,0.3491602156256933,0
109,RMC_02_00213,0,non_landslide,78_39,2,78.05798371946068,39.94695779068998,raster-matched control,conventional_alphaearth_embeddings,Conventional + AlphaEarth Embeddings,0.10690059977721704,0.36703707324492457,0
110,RMC_02_00926,0,non_landslide,74_35,5,74.633156698755,35.52050922819103,raster-matched control,conventional_alphaearth_embeddings,Conventional + AlphaEarth Embeddings,0.02950077107897662,0.3226873891884655,0
111,RMC_02_00415,0,non_landslide,74_36,2,74.96328756566892,36.80060850806135,raster-matched control,conventional_alphaearth_embeddings,Conventional + AlphaEarth Embeddings,0.2197223964703819,0.36703707324492457,0
112,CPEC_LANDSLIDE_0520,1,landslide,75_38,2,75.25075040740718,38.77465722056716,"Kashgar (Xinjiang, China)",conventional_alphaearth_embeddings,Conventional + AlphaEarth Embeddings,0.9747230654203071,0.36703707324492457,1
113,RMC_02_00328,0,non_landslide,65_25,1,65.07283628751298,25.49531065741717,raster-matched control,conventional_alphaearth_embeddings,Conventional + AlphaEarth Embeddings,0.09921296815718551,0.3491602156256933,0
114,RMC_02_01376,0,non_landslide,78_39,2,78.25561308196697,39.93348306142818,raster-matched control,conventional_alphaearth_embeddings,Conventional + AlphaEarth Embeddings,0.10159535088042074,0.36703707324492457,0
115,CPEC_LANDSLIDE_0137,1,landslide,74_36,2,74.88019465076478,36.53111403473851,Gilgit-Baltistan,conventional_alphaearth_embeddings,Conventional + AlphaEarth Embeddings,0.9153364916940946,0.36703707324492457,1
116,RMC_02_00995,0,non_landslide,75_36,3,75.53596355929511,36.86124478973942,raster-matched control,conventional_alphaearth_embeddings,Conventional + AlphaEarth Embeddings,0.19577647473144263,0.3548426373798784,0
117,RMC_02_00579,0,non_landslide,75_39,4,75.54494671213631,39.85712626227802,raster-matched control,conventional_alphaearth_embeddings,Conventional + AlphaEarth Embeddings,0.07367174952240144,0.2712461075876357,0
118,CPEC_LANDSLIDE_0236,1,landslide,74_36,2,74.30751676157178,36.299798167591,Gilgit-Baltistan,conventional_alphaearth_embeddings,Conventional + AlphaEarth Embeddings,0.9622857224070881,0.36703707324492457,1
119,RMC_02_00189,0,non_landslide,71_34,5,71.12298972605797,34.10341686749249,raster-matched control,conventional_alphaearth_embeddings,Conventional + AlphaEarth Embeddings,0.06470432444644453,0.3226873891884655,0
120,CPEC_ROCKFALL_0032,1,rockfall,67_27,2,67.39722556354144,27.97017064514777,Balochistan,conventional_alphaearth_embeddings,Conventional + AlphaEarth Embeddings,0.9507415559694736,0.36703707324492457,1
121,CPEC_ROCKFALL_0610,1,rockfall,67_30,3,67.26921814960016,30.0722265545506,Balochistan,conventional_alphaearth_embeddings,Conventional + AlphaEarth Embeddings,0.9810267894644586,0.3548426373798784,1
122,CPEC_ROCKFALL_0907,1,rockfall,75_38,2,75.40121831335466,38.81507897161664,"Kashgar (Xinjiang, China)",conventional_alphaearth_embeddings,Conventional + AlphaEarth Embeddings,0.98393701867002,0.36703707324492457,1
123,CPEC_LANDSLIDE_0633,1,landslide,63_26,1,63.91625508077523,26.47447221519464,Balochistan,conventional_alphaearth_embeddings,Conventional + AlphaEarth Embeddings,0.19726895398058525,0.3491602156256933,0
124,RMC_02_00956,0,non_landslide,75_36,3,75.1878663866988,36.85450742510852,raster-matched control,conventional_alphaearth_embeddings,Conventional + AlphaEarth Embeddings,0.8221340208454895,0.3548426373798784,1
125,RMC_02_00424,0,non_landslide,75_36,3,75.10252643470744,36.86124478973942,raster-matched control,conventional_alphaearth_embeddings,Conventional + AlphaEarth Embeddings,0.14004157012581805,0.3548426373798784,0
126,RMC_02_00768,0,non_landslide,74_36,2,74.74095453284934,36.19424569128068,raster-matched control,conventional_alphaearth_embeddings,Conventional + AlphaEarth Embeddings,0.1253282106061416,0.36703707324492457,0
127,RMC_02_01240,0,non_landslide,75_39,4,75.97389226030339,39.85038889764713,raster-matched control,conventional_alphaearth_embeddings,Conventional + AlphaEarth Embeddings,0.08676601532254569,0.2712461075876357,0
128,CPEC_LANDSLIDE_0380,1,landslide,75_38,2,75.03740025840402,38.49842482850829,"Kashgar (Xinjiang, China)",conventional_alphaearth_embeddings,Conventional + AlphaEarth Embeddings,0.9829960965262848,0.36703707324492457,1
129,RMC_02_00711,0,non_landslide,73_34,2,73.41144791235246,34.30553780641938,raster-matched control,conventional_alphaearth_embeddings,Conventional + AlphaEarth Embeddings,0.21083974972322872,0.36703707324492457,0
130,CPEC_ROCKFALL_0906,1,rockfall,75_38,2,75.40121831335466,38.81507897161664,"Kashgar (Xinjiang, China)",conventional_alphaearth_embeddings,Conventional + AlphaEarth Embeddings,0.98393701867002,0.36703707324492457,1
131,RMC_02_01231,0,non_landslide,70_31,3,70.17077552489127,31.12550170063628,raster-matched control,conventional_alphaearth_embeddings,Conventional + AlphaEarth Embeddings,0.15022171074996216,0.3548426373798784,0
132,RMC_02_00839,0,non_landslide,72_32,2,72.72199093179071,32.666112412901256,raster-matched control,conventional_alphaearth_embeddings,Conventional + AlphaEarth Embeddings,0.23346017864327656,0.36703707324492457,0
133,RMC_02_00968,0,non_landslide,75_36,3,75.13621325786193,36.87471951900121,raster-matched control,conventional_alphaearth_embeddings,Conventional + AlphaEarth Embeddings,0.029254338015075786,0.3548426373798784,0
134,CPEC_ROCKFALL_0702,1,rockfall,72_32,2,72.44800473576905,32.56505132567108,Punjab-Sindh lowland corridor,conventional_alphaearth_embeddings,Conventional + AlphaEarth Embeddings,0.14508187935409214,0.36703707324492457,0
135,CPEC_ROCKFALL_0700,1,rockfall,72_32,2,72.45474243746081,32.58751181767729,Punjab-Sindh lowland corridor,conventional_alphaearth_embeddings,Conventional + AlphaEarth Embeddings,0.9624255687008434,0.36703707324492457,1
136,RMC_02_00439,0,non_landslide,74_36,2,74.84875236694369,36.79611693164075,raster-matched control,conventional_alphaearth_embeddings,Conventional + AlphaEarth Embeddings,0.16343573127424615,0.36703707324492457,0
137,CPEC_ROCKFALL_0664,1,rockfall,68_30,4,68.35842492752117,30.665113089717806,Balochistan,conventional_alphaearth_embeddings,Conventional + AlphaEarth Embeddings,0.9418279506845709,0.2712461075876357,1
138,RMC_02_01354,0,non_landslide,77_37,2,77.35954358605775,37.24527457370051,raster-matched control,conventional_alphaearth_embeddings,Conventional + AlphaEarth Embeddings,0.11271819242993031,0.36703707324492457,0
139,CPEC_ROCKFALL_0208,1,rockfall,65_26,3,65.692671758447,26.294810574650256,Balochistan,conventional_alphaearth_embeddings,Conventional + AlphaEarth Embeddings,0.9861558936051944,0.3548426373798784,1
140,CPEC_LANDSLIDE_0184,1,landslide,74_36,2,74.33222018140788,36.26610965913221,Gilgit-Baltistan,conventional_alphaearth_embeddings,Conventional + AlphaEarth Embeddings,0.4036242733241617,0.36703707324492457,1
141,CPEC_LANDSLIDE_0924,1,landslide,76_35,2,76.15131045616111,35.1858879698339,Gilgit-Baltistan,conventional_alphaearth_embeddings,Conventional + AlphaEarth Embeddings,0.9507238655609841,0.36703707324492457,1
142,RMC_02_00083,0,non_landslide,72_34,1,72.81182246020268,34.01133955087024,raster-matched control,conventional_alphaearth_embeddings,Conventional + AlphaEarth Embeddings,0.08249994118946888,0.3491602156256933,0
143,CPEC_LANDSLIDE_0717,1,landslide,66_29,5,66.90315270771858,29.97566026213717,Balochistan,conventional_alphaearth_embeddings,Conventional + AlphaEarth Embeddings,0.2336740107355078,0.3226873891884655,0
144,RMC_02_00039,0,non_landslide,71_35,2,71.8236756476712,35.63279863870598,raster-matched control,conventional_alphaearth_embeddings,Conventional + AlphaEarth Embeddings,0.07267936475453567,0.36703707324492457,0
145,CPEC_LANDSLIDE_1022,1,landslide,74_35,5,74.7297267448173,35.53623062140103,Gilgit-Baltistan,conventional_alphaearth_embeddings,Conventional + AlphaEarth Embeddings,0.9839680207618984,0.3226873891884655,1
146,RMC_02_00364,0,non_landslide,71_34,5,71.90003244682136,34.55257450955225,raster-matched control,conventional_alphaearth_embeddings,Conventional + AlphaEarth Embeddings,0.04185112612135895,0.3226873891884655,0
147,RMC_02_00459,0,non_landslide,74_36,2,74.28730531436898,36.22568672622486,raster-matched control,conventional_alphaearth_embeddings,Conventional + AlphaEarth Embeddings,0.08323518005940743,0.36703707324492457,0
148,CPEC_ROCKFALL_0347,1,rockfall,66_27,1,66.4921752000267,27.77703360121988,Balochistan,conventional_alphaearth_embeddings,Conventional + AlphaEarth Embeddings,0.9780911010211996,0.3491602156256933,1
149,CPEC_ROCKFALL_0625,1,rockfall,67_30,3,67.20633590654447,30.274348687101185,Balochistan,conventional_alphaearth_embeddings,Conventional + AlphaEarth Embeddings,0.9631324401158642,0.3548426373798784,1
150,RMC_02_01351,0,non_landslide,75_38,2,75.22155320985328,38.761181615652205,raster-matched control,conventional_alphaearth_embeddings,Conventional + AlphaEarth Embeddings,0.1283589154523927,0.36703707324492457,0
151,CPEC_LANDSLIDE_0703,1,landslide,66_25,2,66.85599325497734,25.064120979404453,Balochistan,conventional_alphaearth_embeddings,Conventional + AlphaEarth Embeddings,0.3092474958997783,0.36703707324492457,0
152,CPEC_ROCKFALL_0013,1,rockfall,76_37,1,76.0210556552889,37.84714636504621,"Kashgar (Xinjiang, China)",conventional_alphaearth_embeddings,Conventional + AlphaEarth Embeddings,0.8884618075137772,0.3491602156256933,1
153,CPEC_ROCKFALL_0451,1,rockfall,69_28,1,69.17139931338332,28.83479925761304,Balochistan,conventional_alphaearth_embeddings,Conventional + AlphaEarth Embeddings,0.9019948121186345,0.3491602156256933,1
154,CPEC_ROCKFALL_0295,1,rockfall,66_27,1,66.47420948188235,27.565926380046594,Balochistan,conventional_alphaearth_embeddings,Conventional + AlphaEarth Embeddings,0.9312147649917258,0.3491602156256933,1
155,RMC_02_00631,0,non_landslide,76_37,1,76.93508961431127,37.03417048193243,raster-matched control,conventional_alphaearth_embeddings,Conventional + AlphaEarth Embeddings,0.1933257646064604,0.3491602156256933,0
156,RMC_02_00120,0,non_landslide,73_35,4,73.80895242557534,35.32287986568474,raster-matched control,conventional_alphaearth_embeddings,Conventional + AlphaEarth Embeddings,0.24622697652051082,0.2712461075876357,0
157,RMC_02_01054,0,non_landslide,65_26,3,65.66797016324217,26.261124437129062,raster-matched control,conventional_alphaearth_embeddings,Conventional + AlphaEarth Embeddings,0.14994349530230613,0.3548426373798784,0
158,RMC_02_00250,0,non_landslide,77_37,2,77.14619370607936,37.56417649956295,raster-matched control,conventional_alphaearth_embeddings,Conventional + AlphaEarth Embeddings,0.11574524074248968,0.36703707324492457,0
159,RMC_02_01436,0,non_landslide,65_27,5,65.88132004322055,27.990381359059143,raster-matched control,conventional_alphaearth_embeddings,Conventional + AlphaEarth Embeddings,0.06205272787996875,0.3226873891884655,0
160,CPEC_ROCKFALL_0010,1,rockfall,75_37,5,75.73359078767642,37.835918348593616,"Kashgar (Xinjiang, China)",conventional_alphaearth_embeddings,Conventional + AlphaEarth Embeddings,0.9720627227759889,0.3226873891884655,1
161,CPEC_LANDSLIDE_0163,1,landslide,74_36,2,74.81506502077815,36.24365362622706,Gilgit-Baltistan,conventional_alphaearth_embeddings,Conventional + AlphaEarth Embeddings,0.7673929225702716,0.36703707324492457,1
162,CPEC_LANDSLIDE_0291,1,landslide,73_35,4,73.25199849210955,35.46212036189276,KP-AJK,conventional_alphaearth_embeddings,Conventional + AlphaEarth Embeddings,0.9457309377749741,0.2712461075876357,1
163,CPEC_ROCKFALL_0375,1,rockfall,66_27,1,66.99073837061036,27.96343294345602,Balochistan,conventional_alphaearth_embeddings,Conventional + AlphaEarth Embeddings,0.7392639549963529,0.3491602156256933,1
164,RMC_02_00376,0,non_landslide,71_35,2,71.52049423928085,35.989878964143486,raster-matched control,conventional_alphaearth_embeddings,Conventional + AlphaEarth Embeddings,0.7145474144714716,0.36703707324492457,1
165,RMC_02_00519,0,non_landslide,74_36,2,74.30078004363078,36.00110790519498,raster-matched control,conventional_alphaearth_embeddings,Conventional + AlphaEarth Embeddings,0.1287498089830334,0.36703707324492457,0
166,RMC_02_00928,0,non_landslide,77_37,2,77.36178937426804,37.61807541661012,raster-matched control,conventional_alphaearth_embeddings,Conventional + AlphaEarth Embeddings,0.09901365671228111,0.36703707324492457,0
167,CPEC_ROCKFALL_0365,1,rockfall,66_27,1,66.90989040941034,27.85338678855804,Balochistan,conventional_alphaearth_embeddings,Conventional + AlphaEarth Embeddings,0.9695565261580025,0.3491602156256933,1
168,RMC_02_00469,0,non_landslide,74_36,2,74.80832817915831,36.54234286387699,raster-matched control,conventional_alphaearth_embeddings,Conventional + AlphaEarth Embeddings,0.17065378615358534,0.36703707324492457,0
169,CPEC_LANDSLIDE_0282,1,landslide,73_35,4,73.48106697232612,35.53174030664021,KP-AJK,conventional_alphaearth_embeddings,Conventional + AlphaEarth Embeddings,0.9759461512686176,0.2712461075876357,1
170,CPEC_ROCKFALL_0322,1,rockfall,66_29,5,66.75942250346286,29.616332521947346,Balochistan,conventional_alphaearth_embeddings,Conventional + AlphaEarth Embeddings,0.8287518945746634,0.3226873891884655,1
171,CPEC_LANDSLIDE_0887,1,landslide,73_34,2,73.47881958539519,34.40210731856866,KP-AJK,conventional_alphaearth_embeddings,Conventional + AlphaEarth Embeddings,0.925934151981154,0.36703707324492457,1
172,RMC_02_01130,0,non_landslide,73_35,4,73.16665699742988,35.224065184431595,raster-matched control,conventional_alphaearth_embeddings,Conventional + AlphaEarth Embeddings,0.09017683213602166,0.2712461075876357,0
173,CPEC_LANDSLIDE_0083,1,landslide,75_36,3,75.0778220094535,36.86349096816131,Gilgit-Baltistan,conventional_alphaearth_embeddings,Conventional + AlphaEarth Embeddings,0.9455530858449835,0.3548426373798784,1
174,RMC_02_00362,0,non_landslide,67_29,1,67.15468195845999,29.926250796336717,raster-matched control,conventional_alphaearth_embeddings,Conventional + AlphaEarth Embeddings,0.1518489772794233,0.3491602156256933,0
175,RMC_02_00471,0,non_landslide,74_36,2,74.8150655437892,36.54458865208729,raster-matched control,conventional_alphaearth_embeddings,Conventional + AlphaEarth Embeddings,0.30247593398606165,0.36703707324492457,0
176,RMC_02_01017,0,non_landslide,75_39,4,75.86160284978844,39.58538588883187,raster-matched control,conventional_alphaearth_embeddings,Conventional + AlphaEarth Embeddings,0.081339053057817,0.2712461075876357,0
177,RMC_02_00893,0,non_landslide,77_37,2,77.19784683491623,37.39798817200084,raster-matched control,conventional_alphaearth_embeddings,Conventional + AlphaEarth Embeddings,0.10220368399336621,0.36703707324492457,0
178,RMC_02_00209,0,non_landslide,65_27,5,65.90826950174414,27.71190362098209,raster-matched control,conventional_alphaearth_embeddings,Conventional + AlphaEarth Embeddings,0.06648073337366388,0.3226873891884655,0
179,CPEC_ROCKFALL_0076,1,rockfall,63_26,1,63.95892421875566,26.07697011088626,Balochistan,conventional_alphaearth_embeddings,Conventional + AlphaEarth Embeddings,0.8089959452338726,0.3491602156256933,1
180,RMC_02_00807,0,non_landslide,67_26,5,67.01993466584206,26.842783583596457,raster-matched control,conventional_alphaearth_embeddings,Conventional + AlphaEarth Embeddings,0.1115166840960099,0.3226873891884655,0
181,CPEC_LANDSLIDE_0041,1,landslide,75_35,1,75.13396655081745,35.60585056614848,Gilgit-Baltistan,conventional_alphaearth_embeddings,Conventional + AlphaEarth Embeddings,0.9681669590135843,0.3491602156256933,1
182,CPEC_LANDSLIDE_0287,1,landslide,73_35,4,73.34182708283122,35.507032427703066,KP-AJK,conventional_alphaearth_embeddings,Conventional + AlphaEarth Embeddings,0.9788094946972338,0.2712461075876357,1
183,CPEC_LANDSLIDE_0584,1,landslide,74_38,1,74.956552297204,38.68033385598361,"Kashgar (Xinjiang, China)",conventional_alphaearth_embeddings,Conventional + AlphaEarth Embeddings,0.9058759020676795,0.3491602156256933,1
184,CPEC_LANDSLIDE_0946,1,landslide,75_35,1,75.16989798710611,35.59461809059485,Gilgit-Baltistan,conventional_alphaearth_embeddings,Conventional + AlphaEarth Embeddings,0.9737741689063144,0.3491602156256933,1
185,CPEC_LANDSLIDE_0622,1,landslide,63_26,1,63.96790930737835,26.65862862960089,Balochistan,conventional_alphaearth_embeddings,Conventional + AlphaEarth Embeddings,0.9734456024118008,0.3491602156256933,1
186,RMC_02_00438,0,non_landslide,74_36,2,74.86896446083637,36.77590483774807,raster-matched control,conventional_alphaearth_embeddings,Conventional + AlphaEarth Embeddings,0.21969671850868355,0.36703707324492457,0
187,CPEC_LANDSLIDE_0457,1,landslide,74_38,1,74.99922143518441,38.702789888888766,"Kashgar (Xinjiang, China)",conventional_alphaearth_embeddings,Conventional + AlphaEarth Embeddings,0.9819789934531977,0.3491602156256933,1
188,RMC_02_01341,0,non_landslide,75_37,5,75.21706163343269,37.88981579005628,raster-matched control,conventional_alphaearth_embeddings,Conventional + AlphaEarth Embeddings,0.031179776078584735,0.3226873891884655,0
189,RMC_02_01445,0,non_landslide,77_39,1,77.33933149216506,39.859372050488325,raster-matched control,conventional_alphaearth_embeddings,Conventional + AlphaEarth Embeddings,0.11735038606286981,0.3491602156256933,0
190,RMC_02_01335,0,non_landslide,75_37,5,75.23502793911507,37.85837475511209,raster-matched control,conventional_alphaearth_embeddings,Conventional + AlphaEarth Embeddings,0.9295854875842529,0.3226873891884655,1
191,CPEC_ROCKFALL_0007,1,rockfall,75_38,2,75.92448490377443,38.433295198521655,"Kashgar (Xinjiang, China)",conventional_alphaearth_embeddings,Conventional + AlphaEarth Embeddings,0.982046976830577,0.36703707324492457,1
192,RMC_02_00568,0,non_landslide,77_36,5,77.46958720836238,36.40534978304876,raster-matched control,conventional_alphaearth_embeddings,Conventional + AlphaEarth Embeddings,0.13323235841756362,0.3226873891884655,0
193,CPEC_LANDSLIDE_0245,1,landslide,74_35,5,74.6151902751585,35.66199510751242,Gilgit-Baltistan,conventional_alphaearth_embeddings,Conventional + AlphaEarth Embeddings,0.9804900372813715,0.3226873891884655,1
194,RMC_02_00976,0,non_landslide,74_36,2,74.9857454477719,36.80510008448195,raster-matched control,conventional_alphaearth_embeddings,Conventional + AlphaEarth Embeddings,0.14760765486298763,0.36703707324492457,0
195,RMC_02_01004,0,non_landslide,69_31,2,69.99111246806737,31.388258921241235,raster-matched control,conventional_alphaearth_embeddings,Conventional + AlphaEarth Embeddings,0.08523604202157878,0.36703707324492457,0
196,CPEC_LANDSLIDE_0173,1,landslide,74_36,2,74.50514857936156,36.241406239296126,Gilgit-Baltistan,conventional_alphaearth_embeddings,Conventional + AlphaEarth Embeddings,0.9833509379067081,0.36703707324492457,1
197,CPEC_LANDSLIDE_0965,1,landslide,75_35,1,75.6415148100238,35.24652282595866,Gilgit-Baltistan,conventional_alphaearth_embeddings,Conventional + AlphaEarth Embeddings,0.9356407914522996,0.3491602156256933,1
198,CPEC_ROCKFALL_0198,1,rockfall,65_26,3,65.53322322297788,26.42282244769257,Balochistan,conventional_alphaearth_embeddings,Conventional + AlphaEarth Embeddings,0.9716262966359664,0.3548426373798784,1
199,RMC_02_00386,0,non_landslide,75_35,1,75.36303786710211,35.619323909444184,raster-matched control,conventional_alphaearth_embeddings,Conventional + AlphaEarth Embeddings,0.12648646606591632,0.3491602156256933,0
200,RMC_02_00873,0,non_landslide,74_36,2,74.55230832318423,36.25263618474845,raster-matched control,conventional_alphaearth_embeddings,Conventional + AlphaEarth Embeddings,0.2730705727532393,0.36703707324492457,0
201,RMC_02_01312,0,non_landslide,74_35,5,74.52535886466066,35.47110188756446,raster-matched control,conventional_alphaearth_embeddings,Conventional + AlphaEarth Embeddings,0.04816441598818388,0.3226873891884655,0
202,RMC_02_00819,0,non_landslide,67_25,3,67.15468195845999,25.89955253527096,raster-matched control,conventional_alphaearth_embeddings,Conventional + AlphaEarth Embeddings,0.07424537112545716,0.3548426373798784,0
203,RMC_02_00645,0,non_landslide,77_37,2,77.37975567995043,37.6450248751337,raster-matched control,conventional_alphaearth_embeddings,Conventional + AlphaEarth Embeddings,0.11114139772630602,0.36703707324492457,0
204,RMC_02_00817,0,non_landslide,67_26,5,67.07832515930983,26.69231577350644,raster-matched control,conventional_alphaearth_embeddings,Conventional + AlphaEarth Embeddings,0.590973540999389,0.3226873891884655,1
205,RMC_02_01342,0,non_landslide,75_40,1,75.31363052647554,40.23441868160823,raster-matched control,conventional_alphaearth_embeddings,Conventional + AlphaEarth Embeddings,0.1301981695869703,0.3491602156256933,0
206,CPEC_ROCKFALL_0224,1,rockfall,65_26,3,65.70390423400063,26.306038591102823,Balochistan,conventional_alphaearth_embeddings,Conventional + AlphaEarth Embeddings,0.9006888279326533,0.3548426373798784,1
207,CPEC_LANDSLIDE_0248,1,landslide,74_35,5,74.63091306547294,35.52724553277834,Gilgit-Baltistan,conventional_alphaearth_embeddings,Conventional + AlphaEarth Embeddings,0.9692379527177543,0.3226873891884655,1
208,RMC_02_00539,0,non_landslide,74_39,3,74.29853425542048,39.79648998059996,raster-matched control,conventional_alphaearth_embeddings,Conventional + AlphaEarth Embeddings,0.17361268022593926,0.3548426373798784,0
209,CPEC_ROCKFALL_0895,1,rockfall,75_38,2,75.19460586604325,38.75219672856095,"Kashgar (Xinjiang, China)",conventional_alphaearth_embeddings,Conventional + AlphaEarth Embeddings,0.9771986041321531,0.36703707324492457,1
210,RMC_02_00546,0,non_landslide,74_35,5,74.04251439944642,35.15219996170203,raster-matched control,conventional_alphaearth_embeddings,Conventional + AlphaEarth Embeddings,0.13925669321859563,0.3226873891884655,0
211,RMC_02_01180,0,non_landslide,63_26,1,63.1773910380208,26.117393991669942,raster-matched control,conventional_alphaearth_embeddings,Conventional + AlphaEarth Embeddings,0.09658884640405241,0.3491602156256933,0
212,CPEC_ROCKFALL_0710,1,rockfall,71_33,3,71.23303347173665,33.411714219992014,KP-AJK,conventional_alphaearth_embeddings,Conventional + AlphaEarth Embeddings,0.4582174913961424,0.3548426373798784,1
213,CPEC_LANDSLIDE_1059,1,landslide,74_36,2,74.8173124077091,36.306535869282754,Gilgit-Baltistan,conventional_alphaearth_embeddings,Conventional + AlphaEarth Embeddings,0.981646825896689,0.36703707324492457,1
214,RMC_02_00370,0,non_landslide,74_39,3,74.4400189126693,39.60335219451426,raster-matched control,conventional_alphaearth_embeddings,Conventional + AlphaEarth Embeddings,0.3326126867353874,0.3548426373798784,0
215,CPEC_ROCKFALL_0021,1,rockfall,76_37,1,76.21419269921681,37.66074702281006,"Kashgar (Xinjiang, China)",conventional_alphaearth_embeddings,Conventional + AlphaEarth Embeddings,0.9362135586232226,0.3491602156256933,1
216,CPEC_LANDSLIDE_0040,1,landslide,75_37,5,75.89753409700741,37.82693325997093,"Kashgar (Xinjiang, China)",conventional_alphaearth_embeddings,Conventional + AlphaEarth Embeddings,0.5885948300133235,0.3226873891884655,1
217,RMC_02_00897,0,non_landslide,66_28,3,66.20022196908299,28.43280163648801,raster-matched control,conventional_alphaearth_embeddings,Conventional + AlphaEarth Embeddings,0.059457258951053304,0.3548426373798784,0
218,CPEC_LANDSLIDE_0549,1,landslide,75_38,2,75.38324813610927,38.81058865685582,"Kashgar (Xinjiang, China)",conventional_alphaearth_embeddings,Conventional + AlphaEarth Embeddings,0.9435569956638868,0.36703707324492457,1
219,CPEC_ROCKFALL_0856,1,rockfall,74_35,5,74.20870308222742,35.40372843359789,Gilgit-Baltistan,conventional_alphaearth_embeddings,Conventional + AlphaEarth Embeddings,0.9828925541379747,0.3226873891884655,1
220,RMC_02_00122,0,non_landslide,67_29,1,67.1277324999364,29.13348755810124,raster-matched control,conventional_alphaearth_embeddings,Conventional + AlphaEarth Embeddings,0.5227551724930866,0.3491602156256933,1
221,CPEC_LANDSLIDE_0856,1,landslide,73_34,2,73.4383978343457,34.40210731856866,KP-AJK,conventional_alphaearth_embeddings,Conventional + AlphaEarth Embeddings,0.9112961642212853,0.36703707324492457,1
222,RMC_02_00273,0,non_landslide,64_25,5,64.61244970440174,25.587387974039423,raster-matched control,conventional_alphaearth_embeddings,Conventional + AlphaEarth Embeddings,0.1923523808804279,0.3226873891884655,0
223,CPEC_ROCKFALL_0060,1,rockfall,65_27,5,65.1514394498829,27.41096815933829,Balochistan,conventional_alphaearth_embeddings,Conventional + AlphaEarth Embeddings,0.8969759203204062,0.3226873891884655,1
224,RMC_02_00939,0,non_landslide,73_35,4,73.9010297421976,35.32063407747444,raster-matched control,conventional_alphaearth_embeddings,Conventional + AlphaEarth Embeddings,0.08672246490908786,0.2712461075876357,0
225,CPEC_LANDSLIDE_0367,1,landslide,74_38,1,74.94531982165036,38.287322066436055,"Kashgar (Xinjiang, China)",conventional_alphaearth_embeddings,Conventional + AlphaEarth Embeddings,0.9894260255842098,0.3491602156256933,1
226,CPEC_LANDSLIDE_0224,1,landslide,74_35,5,74.47819777259453,35.86860755482383,Gilgit-Baltistan,conventional_alphaearth_embeddings,Conventional + AlphaEarth Embeddings,0.982569733251038,0.3226873891884655,1
227,RMC_02_00838,0,non_landslide,71_34,5,71.99435555165391,34.752449660268844,raster-matched control,conventional_alphaearth_embeddings,Conventional + AlphaEarth Embeddings,0.10435044980255206,0.3226873891884655,0
228,CPEC_ROCKFALL_0027,1,rockfall,67_28,4,67.4129483538559,28.10267283295092,Balochistan,conventional_alphaearth_embeddings,Conventional + AlphaEarth Embeddings,0.9716962441220016,0.2712461075876357,1
229,CPEC_ROCKFALL_0467,1,rockfall,69_29,3,69.16241868386169,29.07060543952136,Balochistan,conventional_alphaearth_embeddings,Conventional + AlphaEarth Embeddings,0.9603646444455042,0.3548426373798784,1
230,RMC_02_00092,0,non_landslide,68_29,2,68.6211816597851,29.328871132397232,raster-matched control,conventional_alphaearth_embeddings,Conventional + AlphaEarth Embeddings,0.4747687216354982,0.36703707324492457,1
231,RMC_02_00622,0,non_landslide,75_38,2,75.33833419678882,38.83304683838177,raster-matched control,conventional_alphaearth_embeddings,Conventional + AlphaEarth Embeddings,0.27919360373332225,0.36703707324492457,0
232,CPEC_LANDSLIDE_0669,1,landslide,66_25,2,66.05648981339765,25.49306420524068,Balochistan,conventional_alphaearth_embeddings,Conventional + AlphaEarth Embeddings,0.502445763971666,0.36703707324492457,1
233,CPEC_ROCKFALL_0401,1,rockfall,67_25,3,67.9294772425839,25.881585680027424,Punjab-Sindh lowland corridor,conventional_alphaearth_embeddings,Conventional + AlphaEarth Embeddings,0.9851536161194204,0.3548426373798784,1
234,CPEC_ROCKFALL_0853,1,rockfall,74_35,5,74.24014420375526,35.410466135289646,Gilgit-Baltistan,conventional_alphaearth_embeddings,Conventional + AlphaEarth Embeddings,0.9735805937174565,0.3226873891884655,1
235,RMC_02_01000,0,non_landslide,67_26,5,67.86210524470411,26.074724015674263,raster-matched control,conventional_alphaearth_embeddings,Conventional + AlphaEarth Embeddings,0.16908672551733203,0.3226873891884655,0
236,RMC_02_00447,0,non_landslide,74_36,2,74.87121024904667,36.60297914555506,raster-matched control,conventional_alphaearth_embeddings,Conventional + AlphaEarth Embeddings,0.9857939747792016,0.36703707324492457,1
237,RMC_02_00672,0,non_landslide,72_32,2,72.72648250821132,32.71551975352783,raster-matched control,conventional_alphaearth_embeddings,Conventional + AlphaEarth Embeddings,0.29783143378742616,0.36703707324492457,0
238,RMC_02_00160,0,non_landslide,76_34,5,76.15804689354789,34.714271260693764,raster-matched control,conventional_alphaearth_embeddings,Conventional + AlphaEarth Embeddings,0.6199158421215208,0.3226873891884655,1
239,CPEC_ROCKFALL_0269,1,rockfall,66_26,4,66.33945990714827,26.56655265194829,Balochistan,conventional_alphaearth_embeddings,Conventional + AlphaEarth Embeddings,0.9712854475794959,0.2712461075876357,1
240,RMC_02_00551,0,non_landslide,75_40,1,75.3832499609948,40.54209166641916,raster-matched control,conventional_alphaearth_embeddings,Conventional + AlphaEarth Embeddings,0.10851062712469782,0.3491602156256933,0
241,RMC_02_00905,0,non_landslide,66_28,3,66.09691571140925,28.31602064955247,raster-matched control,conventional_alphaearth_embeddings,Conventional + AlphaEarth Embeddings,0.09247875687851699,0.3548426373798784,0
242,RMC_02_00304,0,non_landslide,65_27,5,65.51750235315215,27.008971911158568,raster-matched control,conventional_alphaearth_embeddings,Conventional + AlphaEarth Embeddings,0.14565018421505707,0.3226873891884655,0
243,CPEC_LANDSLIDE_0894,1,landslide,73_34,2,73.47881958539519,34.411087948090305,KP-AJK,conventional_alphaearth_embeddings,Conventional + AlphaEarth Embeddings,0.9792498568241547,0.36703707324492457,1
244,CPEC_ROCKFALL_0573,1,rockfall,67_29,1,67.22205423775787,29.47035493076068,Balochistan,conventional_alphaearth_embeddings,Conventional + AlphaEarth Embeddings,0.9701931836642577,0.3491602156256933,1
245,RMC_02_00024,0,non_landslide,74_35,5,74.04476018765672,35.19262414948741,raster-matched control,conventional_alphaearth_embeddings,Conventional + AlphaEarth Embeddings,0.11793074906923659,0.3226873891884655,0
246,CPEC_LANDSLIDE_0480,1,landslide,75_38,2,75.07557908162362,38.7454590268692,"Kashgar (Xinjiang, China)",conventional_alphaearth_embeddings,Conventional + AlphaEarth Embeddings,0.9813803205344666,0.36703707324492457,1
247,CPEC_LANDSLIDE_0061,1,landslide,75_36,3,75.34507377199073,36.8118367415582,Gilgit-Baltistan,conventional_alphaearth_embeddings,Conventional + AlphaEarth Embeddings,0.958063079288623,0.3548426373798784,1
248,CPEC_LANDSLIDE_0162,1,landslide,74_36,2,74.76790556803691,36.25937195744046,Gilgit-Baltistan,conventional_alphaearth_embeddings,Conventional + AlphaEarth Embeddings,0.36531008575411633,0.36703707324492457,0
249,RMC_02_00356,0,non_landslide,67_29,1,67.41743917906494,29.61857781152578,raster-matched control,conventional_alphaearth_embeddings,Conventional + AlphaEarth Embeddings,0.08178974656891919,0.3491602156256933,0
250,RMC_02_00373,0,non_landslide,71_35,2,71.6125715559031,35.765300143113606,raster-matched control,conventional_alphaearth_embeddings,Conventional + AlphaEarth Embeddings,0.21280366304174983,0.36703707324492457,0
251,CPEC_LANDSLIDE_0593,1,landslide,67_28,4,67.05137768583617,28.0128397831282,Balochistan,conventional_alphaearth_embeddings,Conventional + AlphaEarth Embeddings,0.983974450227127,0.2712461075876357,1
252,CPEC_ROCKFALL_0202,1,rockfall,65_26,3,65.69716653230887,26.301548276342007,Balochistan,conventional_alphaearth_embeddings,Conventional + AlphaEarth Embeddings,0.9828341803339227,0.3548426373798784,1
253,RMC_02_00229,0,non_landslide,69_32,4,69.84738202260824,32.25064159399598,raster-matched control,conventional_alphaearth_embeddings,Conventional + AlphaEarth Embeddings,0.06662371273818585,0.2712461075876357,0
254,RMC_02_00714,0,non_landslide,73_33,5,73.49229628792321,33.96417799845396,raster-matched control,conventional_alphaearth_embeddings,Conventional + AlphaEarth Embeddings,0.12307126749451068,0.3226873891884655,0
255,RMC_02_00379,0,non_landslide,76_35,2,76.5106356425648,35.2060988787492,raster-matched control,conventional_alphaearth_embeddings,Conventional + AlphaEarth Embeddings,0.6099258071060014,0.36703707324492457,1
256,RMC_02_00788,0,non_landslide,65_28,2,65.96216841879132,28.12962022809767,raster-matched control,conventional_alphaearth_embeddings,Conventional + AlphaEarth Embeddings,0.13881328611450838,0.36703707324492457,0
257,CPEC_LANDSLIDE_0075,1,landslide,75_36,3,75.15642704282365,36.87696637154482,Gilgit-Baltistan,conventional_alphaearth_embeddings,Conventional + AlphaEarth Embeddings,0.9838827692838918,0.3548426373798784,1
258,RMC_02_00750,0,non_landslide,74_36,2,74.87121024904667,36.37615453631488,raster-matched control,conventional_alphaearth_embeddings,Conventional + AlphaEarth Embeddings,0.3864184265749722,0.36703707324492457,1
259,CPEC_ROCKFALL_0564,1,rockfall,67_29,1,67.55892594504255,29.65451134516694,Balochistan,conventional_alphaearth_embeddings,Conventional + AlphaEarth Embeddings,0.8642721668988617,0.3491602156256933,1
260,CPEC_LANDSLIDE_0280,1,landslide,73_35,4,73.53496412675912,35.52500260494845,KP-AJK,conventional_alphaearth_embeddings,Conventional + AlphaEarth Embeddings,0.9751504676049827,0.2712461075876357,1
261,RMC_02_01032,0,non_landslide,65_26,3,65.50627341210065,26.973039299793783,raster-matched control,conventional_alphaearth_embeddings,Conventional + AlphaEarth Embeddings,0.07571745687081735,0.3548426373798784,0
262,RMC_02_01063,0,non_landslide,66_28,3,66.3664102966451,28.109408134204983,raster-matched control,conventional_alphaearth_embeddings,Conventional + AlphaEarth Embeddings,0.0921744281471496,0.3548426373798784,0
263,CPEC_LANDSLIDE_1019,1,landslide,74_35,5,74.70052855111935,35.54521125092267,Gilgit-Baltistan,conventional_alphaearth_embeddings,Conventional + AlphaEarth Embeddings,0.9761344317485134,0.3226873891884655,1
264,CPEC_ROCKFALL_0811,1,rockfall,75_35,1,75.80321073242386,35.340846190542194,Gilgit-Baltistan,conventional_alphaearth_embeddings,Conventional + AlphaEarth Embeddings,0.7982724372665759,0.3491602156256933,1
265,RMC_02_00937,0,non_landslide,72_35,3,72.73321987284221,35.52724659282193,raster-matched control,conventional_alphaearth_embeddings,Conventional + AlphaEarth Embeddings,0.34951697080183564,0.3548426373798784,0
266,CPEC_ROCKFALL_0393,1,rockfall,66_29,5,66.64264310597416,29.3198870248132,Balochistan,conventional_alphaearth_embeddings,Conventional + AlphaEarth Embeddings,0.991172410880552,0.3226873891884655,1
267,RMC_02_00408,0,non_landslide,76_38,3,76.09516482365952,38.2221924451805,raster-matched control,conventional_alphaearth_embeddings,Conventional + AlphaEarth Embeddings,0.07305682591072145,0.3548426373798784,0
268,CPEC_LANDSLIDE_1007,1,landslide,75_35,1,75.96491111392497,35.19936337321741,Gilgit-Baltistan,conventional_alphaearth_embeddings,Conventional + AlphaEarth Embeddings,0.8054233011284659,0.3491602156256933,1
269,CPEC_ROCKFALL_0642,1,rockfall,67_30,3,67.44887979014456,30.36867205168473,Balochistan,conventional_alphaearth_embeddings,Conventional + AlphaEarth Embeddings,0.9529537016191547,0.3548426373798784,1
270,RMC_02_00238,0,non_landslide,77_39,1,77.78399755780421,39.88632150901191,raster-matched control,conventional_alphaearth_embeddings,Conventional + AlphaEarth Embeddings,0.224101102751311,0.3491602156256933,0
271,RMC_02_00843,0,non_landslide,72_32,2,72.48393738149905,32.5852640373305,raster-matched control,conventional_alphaearth_embeddings,Conventional + AlphaEarth Embeddings,0.20225060613860246,0.36703707324492457,0
272,CPEC_ROCKFALL_0233,1,rockfall,66_26,4,66.18674907337092,26.182521491922376,Balochistan,conventional_alphaearth_embeddings,Conventional + AlphaEarth Embeddings,0.8143969127366802,0.2712461075876357,1
273,CPEC_LANDSLIDE_0113,1,landslide,74_36,2,74.83976844061424,36.80285611203655,Gilgit-Baltistan,conventional_alphaearth_embeddings,Conventional + AlphaEarth Embeddings,0.11554661039384874,0.36703707324492457,0
274,RMC_02_00986,0,non_landslide,73_34,2,73.01169761091927,34.85126434152199,raster-matched control,conventional_alphaearth_embeddings,Conventional + AlphaEarth Embeddings,0.1590850133968622,0.36703707324492457,0
275,CPEC_LANDSLIDE_0435,1,landslide,74_38,1,74.99922143518441,38.574782474947504,"Kashgar (Xinjiang, China)",conventional_alphaearth_embeddings,Conventional + AlphaEarth Embeddings,0.9904488244347563,0.3491602156256933,1
276,CPEC_ROCKFALL_0568,1,rockfall,67_29,1,67.22654901161974,29.477092632452432,Balochistan,conventional_alphaearth_embeddings,Conventional + AlphaEarth Embeddings,0.9661941240130489,0.3491602156256933,1
277,RMC_02_00666,0,non_landslide,65_25,1,65.43889976579169,25.56043851551584,raster-matched control,conventional_alphaearth_embeddings,Conventional + AlphaEarth Embeddings,0.6245082540390083,0.3491602156256933,1
278,CPEC_LANDSLIDE_0690,1,landslide,66_27,1,66.46522439325966,27.563683452216708,Balochistan,conventional_alphaearth_embeddings,Conventional + AlphaEarth Embeddings,0.9794790163005548,0.3491602156256933,1
279,RMC_02_00271,0,non_landslide,66_25,2,66.80209320944307,25.91078147632245,raster-matched control,conventional_alphaearth_embeddings,Conventional + AlphaEarth Embeddings,0.11270080691917808,0.36703707324492457,0
280,CPEC_ROCKFALL_0361,1,rockfall,66_27,1,66.82230474651855,27.80397994888585,Balochistan,conventional_alphaearth_embeddings,Conventional + AlphaEarth Embeddings,0.9831407689320001,0.3491602156256933,1
281,CPEC_LANDSLIDE_0874,1,landslide,73_34,2,73.49005206094881,34.375156511801634,KP-AJK,conventional_alphaearth_embeddings,Conventional + AlphaEarth Embeddings,0.2973494387355668,0.36703707324492457,0
282,RMC_02_00081,0,non_landslide,72_34,1,72.79610194273057,34.03828900939382,raster-matched control,conventional_alphaearth_embeddings,Conventional + AlphaEarth Embeddings,0.1490393983771968,0.3491602156256933,0
283,RMC_02_00153,0,non_landslide,75_38,2,75.67071085191304,38.09418251719347,raster-matched control,conventional_alphaearth_embeddings,Conventional + AlphaEarth Embeddings,0.2301635930551417,0.36703707324492457,0
284,RMC_02_00548,0,non_landslide,74_35,5,74.02679388197433,35.13423365601964,raster-matched control,conventional_alphaearth_embeddings,Conventional + AlphaEarth Embeddings,0.9023761971845609,0.3226873891884655,1
285,RMC_02_00049,0,non_landslide,67_29,1,67.28044609823671,29.912776067074923,raster-matched control,conventional_alphaearth_embeddings,Conventional + AlphaEarth Embeddings,0.16036999733301965,0.3491602156256933,0
286,CPEC_ROCKFALL_0266,1,rockfall,66_27,1,66.11263435476158,27.15270148542376,Balochistan,conventional_alphaearth_embeddings,Conventional + AlphaEarth Embeddings,0.14889342811504017,0.3491602156256933,0
287,RMC_02_01408,0,non_landslide,65_28,2,65.76678484449532,28.09593340494319,raster-matched control,conventional_alphaearth_embeddings,Conventional + AlphaEarth Embeddings,0.0803000116656781,0.36703707324492457,0
288,RMC_02_00736,0,non_landslide,72_36,5,72.89716241219402,36.625437027658045,raster-matched control,conventional_alphaearth_embeddings,Conventional + AlphaEarth Embeddings,0.46896465114736924,0.3226873891884655,1
289,RMC_02_01090,0,non_landslide,67_30,3,67.13222407635699,30.413586837971557,raster-matched control,conventional_alphaearth_embeddings,Conventional + AlphaEarth Embeddings,0.09628602181781129,0.3548426373798784,0
290,CPEC_ROCKFALL_0216,1,rockfall,65_26,3,65.67021572554187,26.267859767883227,Balochistan,conventional_alphaearth_embeddings,Conventional + AlphaEarth Embeddings,0.11938029435018677,0.3548426373798784,0
291,CPEC_ROCKFALL_0915,1,rockfall,75_38,2,75.48206627455471,38.821816673308405,"Kashgar (Xinjiang, China)",conventional_alphaearth_embeddings,Conventional + AlphaEarth Embeddings,0.9640564945375447,0.36703707324492457,1
292,CPEC_ROCKFALL_0491,1,rockfall,68_29,2,68.66834136893777,29.39624467125242,Balochistan,conventional_alphaearth_embeddings,Conventional + AlphaEarth Embeddings,0.9715268576896161,0.36703707324492457,1
293,RMC_02_00951,0,non_landslide,75_36,3,75.31587631468584,36.80734587269225,raster-matched control,conventional_alphaearth_embeddings,Conventional + AlphaEarth Embeddings,0.11305952562669996,0.3548426373798784,0
294,CPEC_ROCKFALL_0459,1,rockfall,69_28,1,69.1826273298359,28.866240379140887,Balochistan,conventional_alphaearth_embeddings,Conventional + AlphaEarth Embeddings,0.1781513540947263,0.3491602156256933,0
295,CPEC_LANDSLIDE_0377,1,landslide,75_38,2,75.03290548454214,38.39511637530205,"Kashgar (Xinjiang, China)",conventional_alphaearth_embeddings,Conventional + AlphaEarth Embeddings,0.9787687875424642,0.36703707324492457,1
296,RMC_02_00301,0,non_landslide,67_28,4,67.15692774667028,28.140849169149163,raster-matched control,conventional_alphaearth_embeddings,Conventional + AlphaEarth Embeddings,0.5712355543407546,0.2712461075876357,1
297,CPEC_LANDSLIDE_0454,1,landslide,74_38,1,74.97227062841739,38.65114012138671,"Kashgar (Xinjiang, China)",conventional_alphaearth_embeddings,Conventional + AlphaEarth Embeddings,0.9754994995349628,0.3491602156256933,1
298,CPEC_ROCKFALL_0946,1,rockfall,75_38,2,75.51350739608255,38.94084345772803,"Kashgar (Xinjiang, China)",conventional_alphaearth_embeddings,Conventional + AlphaEarth Embeddings,0.6902967012585762,0.36703707324492457,1
299,RMC_02_00267,0,non_landslide,66_25,2,66.90539946711681,25.625566373614504,raster-matched control,conventional_alphaearth_embeddings,Conventional + AlphaEarth Embeddings,0.7528885942308149,0.36703707324492457,1
300,RMC_02_01238,0,non_landslide,68_29,2,68.76266631703393,29.33560849702813,raster-matched control,conventional_alphaearth_embeddings,Conventional + AlphaEarth Embeddings,0.07941529559008613,0.36703707324492457,0
301,RMC_02_01353,0,non_landslide,75_37,5,75.54270092392602,37.80223004985462,raster-matched control,conventional_alphaearth_embeddings,Conventional + AlphaEarth Embeddings,0.07132237358279174,0.3226873891884655,0
302,RMC_02_00601,0,non_landslide,74_36,2,74.56353726423573,36.25263618474845,raster-matched control,conventional_alphaearth_embeddings,Conventional + AlphaEarth Embeddings,0.538359110160463,0.36703707324492457,1
303,RMC_02_00164,0,non_landslide,76_37,1,76.58923822992526,37.78201795596193,raster-matched control,conventional_alphaearth_embeddings,Conventional + AlphaEarth Embeddings,0.1561095120744576,0.3491602156256933,0
304,RMC_02_00960,0,non_landslide,75_36,3,75.30913895005494,36.82755796658494,raster-matched control,conventional_alphaearth_embeddings,Conventional + AlphaEarth Embeddings,0.2867295742951663,0.3548426373798784,0
305,RMC_02_00671,0,non_landslide,72_32,2,72.33571535961933,32.600984554802594,raster-matched control,conventional_alphaearth_embeddings,Conventional + AlphaEarth Embeddings,0.17418171563810914,0.36703707324492457,0
306,RMC_02_01411,0,non_landslide,65_27,5,65.78475115017771,27.424442730063845,raster-matched control,conventional_alphaearth_embeddings,Conventional + AlphaEarth Embeddings,0.3971557378011329,0.3226873891884655,1
307,CPEC_ROCKFALL_0579,1,rockfall,67_29,1,67.21981130992799,29.461374301239044,Balochistan,conventional_alphaearth_embeddings,Conventional + AlphaEarth Embeddings,0.7012092572017447,0.3491602156256933,1
308,CPEC_ROCKFALL_0601,1,rockfall,66_29,5,66.90090977988869,29.96442778658354,Balochistan,conventional_alphaearth_embeddings,Conventional + AlphaEarth Embeddings,0.9868316784461864,0.3226873891884655,1
309,CPEC_LANDSLIDE_0021,1,landslide,74_39,3,74.45124696582751,39.37203407049518,"Kashgar (Xinjiang, China)",conventional_alphaearth_embeddings,Conventional + AlphaEarth Embeddings,0.9404772267037118,0.3548426373798784,1
310,RMC_02_00932,0,non_landslide,78_40,4,78.81256855812107,40.95531669711414,raster-matched control,conventional_alphaearth_embeddings,Conventional + AlphaEarth Embeddings,0.08332759214062314,0.2712461075876357,0
311,RMC_02_00478,0,non_landslide,74_36,2,74.88917655472906,36.47496921756802,raster-matched control,conventional_alphaearth_embeddings,Conventional + AlphaEarth Embeddings,0.3110410290520539,0.36703707324492457,0
312,CPEC_ROCKFALL_0920,1,rockfall,75_38,2,75.47981888762375,38.84427716531461,"Kashgar (Xinjiang, China)",conventional_alphaearth_embeddings,Conventional + AlphaEarth Embeddings,0.5544263877417412,0.36703707324492457,1
313,CPEC_ROCKFALL_0316,1,rockfall,66_27,1,66.59098887937105,27.918516418544662,Balochistan,conventional_alphaearth_embeddings,Conventional + AlphaEarth Embeddings,0.16208284062352754,0.3491602156256933,0
314,CPEC_LANDSLIDE_0337,1,landslide,75_37,5,75.32036589305359,37.72362926586575,"Kashgar (Xinjiang, China)",conventional_alphaearth_embeddings,Conventional + AlphaEarth Embeddings,0.796418859818926,0.3226873891884655,1
315,CPEC_ROCKFALL_0651,1,rockfall,69_30,5,69.13995819185547,30.95033057039937,Balochistan,conventional_alphaearth_embeddings,Conventional + AlphaEarth Embeddings,0.9820986684397149,0.3226873891884655,1
316,CPEC_ROCKFALL_0496,1,rockfall,68_29,2,68.55156197144908,29.313149323121447,Balochistan,conventional_alphaearth_embeddings,Conventional + AlphaEarth Embeddings,0.9799351279438614,0.36703707324492457,1
317,CPEC_LANDSLIDE_1027,1,landslide,74_35,5,74.87120956214208,35.259998229342166,Gilgit-Baltistan,conventional_alphaearth_embeddings,Conventional + AlphaEarth Embeddings,0.9913759930551286,0.3226873891884655,1
318,CPEC_LANDSLIDE_0704,1,landslide,66_25,2,66.85599325497734,25.064120979404453,Balochistan,conventional_alphaearth_embeddings,Conventional + AlphaEarth Embeddings,0.3092474958997783,0.36703707324492457,0
319,RMC_02_01138,0,non_landslide,73_35,4,73.84713082515042,35.48457661682625,raster-matched control,conventional_alphaearth_embeddings,Conventional + AlphaEarth Embeddings,0.08557590900804005,0.2712461075876357,0
320,RMC_02_00098,0,non_landslide,77_37,2,77.45162090267999,37.638287510502806,raster-matched control,conventional_alphaearth_embeddings,Conventional + AlphaEarth Embeddings,0.1393750119626278,0.36703707324492457,0
321,CPEC_LANDSLIDE_0149,1,landslide,74_36,2,74.79036160094206,36.30204555452194,Gilgit-Baltistan,conventional_alphaearth_embeddings,Conventional + AlphaEarth Embeddings,0.9818551193442573,0.36703707324492457,1
322,RMC_02_01310,0,non_landslide,74_35,5,74.61069881665202,35.64178179154717,raster-matched control,conventional_alphaearth_embeddings,Conventional + AlphaEarth Embeddings,0.04055742447290624,0.3226873891884655,0
323,RMC_02_00533,0,non_landslide,74_36,2,74.47145994761348,36.257127761169045,raster-matched control,conventional_alphaearth_embeddings,Conventional + AlphaEarth Embeddings,0.20427278396704718,0.36703707324492457,0
324,RMC_02_00977,0,non_landslide,75_36,3,75.04413594123969,36.87471951900121,raster-matched control,conventional_alphaearth_embeddings,Conventional + AlphaEarth Embeddings,0.06516165363208898,0.3548426373798784,0
325,RMC_02_00433,0,non_landslide,74_36,2,74.86896446083637,36.76692168490687,raster-matched control,conventional_alphaearth_embeddings,Conventional + AlphaEarth Embeddings,0.23335699140455723,0.36703707324492457,0
326,RMC_02_00013,0,non_landslide,75_40,1,75.39447890204629,40.544337454629456,raster-matched control,conventional_alphaearth_embeddings,Conventional + AlphaEarth Embeddings,0.10755548647846568,0.3491602156256933,0
327,CPEC_LANDSLIDE_1074,1,landslide,74_36,2,74.79709930263384,36.18526169793218,Gilgit-Baltistan,conventional_alphaearth_embeddings,Conventional + AlphaEarth Embeddings,0.40172889677797924,0.36703707324492457,1
328,CPEC_LANDSLIDE_0411,1,landslide,75_38,2,75.01493976639782,38.55007905511141,"Kashgar (Xinjiang, China)",conventional_alphaearth_embeddings,Conventional + AlphaEarth Embeddings,0.9823948835110405,0.36703707324492457,1
329,RMC_02_00712,0,non_landslide,73_34,2,73.33059953678169,34.50990453355657,raster-matched control,conventional_alphaearth_embeddings,Conventional + AlphaEarth Embeddings,0.1650390948819315,0.36703707324492457,0
330,RMC_02_01209,0,non_landslide,66_26,4,66.5662854473617,26.34646438912042,raster-matched control,conventional_alphaearth_embeddings,Conventional + AlphaEarth Embeddings,0.07741830926261067,0.2712461075876357,0
331,RMC_02_01256,0,non_landslide,73_33,5,73.38000687740826,33.649767649012134,raster-matched control,conventional_alphaearth_embeddings,Conventional + AlphaEarth Embeddings,0.29911226360463067,0.3226873891884655,0
332,RMC_02_00199,0,non_landslide,67_29,1,67.25574242792342,29.906038702444025,raster-matched control,conventional_alphaearth_embeddings,Conventional + AlphaEarth Embeddings,0.10954659865474196,0.3491602156256933,0
333,RMC_02_01402,0,non_landslide,76_36,4,76.5061440661442,36.42331608873116,raster-matched control,conventional_alphaearth_embeddings,Conventional + AlphaEarth Embeddings,0.4336580617361733,0.2712461075876357,1
334,RMC_02_00499,0,non_landslide,74_36,2,74.62641933412411,36.32674719568831,raster-matched control,conventional_alphaearth_embeddings,Conventional + AlphaEarth Embeddings,0.10413791712498295,0.36703707324492457,0
335,CPEC_LANDSLIDE_0966,1,landslide,75_35,1,75.63028679357123,35.268978858863804,Gilgit-Baltistan,conventional_alphaearth_embeddings,Conventional + AlphaEarth Embeddings,0.6659876746884513,0.3491602156256933,1
336,RMC_02_01346,0,non_landslide,75_37,5,75.22829057448418,37.81795056732671,raster-matched control,conventional_alphaearth_embeddings,Conventional + AlphaEarth Embeddings,0.06648450609291412,0.3226873891884655,0
337,RMC_02_00243,0,non_landslide,67_25,3,67.15019038203938,25.57615903298793,raster-matched control,conventional_alphaearth_embeddings,Conventional + AlphaEarth Embeddings,0.3358739679104864,0.3548426373798784,0
338,RMC_02_00129,0,non_landslide,74_39,3,74.94307547177624,39.55169906567739,raster-matched control,conventional_alphaearth_embeddings,Conventional + AlphaEarth Embeddings,0.06469505482286501,0.3548426373798784,0
339,RMC_02_00834,0,non_landslide,74_35,5,74.61743618128291,35.62381548586478,raster-matched control,conventional_alphaearth_embeddings,Conventional + AlphaEarth Embeddings,0.1459613216684712,0.3226873891884655,0
340,RMC_02_01147,0,non_landslide,73_35,4,73.44064315908633,35.53173816924253,raster-matched control,conventional_alphaearth_embeddings,Conventional + AlphaEarth Embeddings,0.36510681035058784,0.2712461075876357,1
341,RMC_02_01407,0,non_landslide,65_27,5,65.69267383355546,27.220076002926653,raster-matched control,conventional_alphaearth_embeddings,Conventional + AlphaEarth Embeddings,0.06776678492286177,0.3226873891884655,0
342,RMC_02_00822,0,non_landslide,67_26,5,67.24226769866164,26.824817277914065,raster-matched control,conventional_alphaearth_embeddings,Conventional + AlphaEarth Embeddings,0.08451246645351629,0.3226873891884655,0
343,CPEC_ROCKFALL_0586,1,rockfall,67_29,1,67.48481122643322,29.53323717381637,Balochistan,conventional_alphaearth_embeddings,Conventional + AlphaEarth Embeddings,0.9772337117136263,0.3491602156256933,1
344,RMC_02_01217,0,non_landslide,70_31,3,70.24937811225173,31.931739668133545,raster-matched control,conventional_alphaearth_embeddings,Conventional + AlphaEarth Embeddings,0.0983875774704997,0.3548426373798784,0
345,CPEC_LANDSLIDE_0976,1,landslide,75_35,1,75.80321073242386,35.338598803611255,Gilgit-Baltistan,conventional_alphaearth_embeddings,Conventional + AlphaEarth Embeddings,0.3116251675693969,0.3491602156256933,0
346,RMC_02_00283,0,non_landslide,69_28,1,69.08381403110666,28.576532081947136,raster-matched control,conventional_alphaearth_embeddings,Conventional + AlphaEarth Embeddings,0.14928611144728277,0.3491602156256933,0
347,RMC_02_01043,0,non_landslide,67_28,4,67.46460073148121,28.69106728067237,raster-matched control,conventional_alphaearth_embeddings,Conventional + AlphaEarth Embeddings,0.145150479331266,0.2712461075876357,0
348,CPEC_LANDSLIDE_0226,1,landslide,74_35,5,74.48717840211617,35.90229160418156,Gilgit-Baltistan,conventional_alphaearth_embeddings,Conventional + AlphaEarth Embeddings,0.7457997377838419,0.3226873891884655,1
349,RMC_02_00047,0,non_landslide,65_28,2,65.10652311066747,28.92013767812285,raster-matched control,conventional_alphaearth_embeddings,Conventional + AlphaEarth Embeddings,0.29009462093023136,0.36703707324492457,0
350,RMC_02_01251,0,non_landslide,70_29,4,70.01581613838066,29.93298816096761,raster-matched control,conventional_alphaearth_embeddings,Conventional + AlphaEarth Embeddings,0.1494073777794556,0.2712461075876357,0
351,CPEC_LANDSLIDE_0917,1,landslide,76_35,2,76.16478585954464,35.192625671525654,Gilgit-Baltistan,conventional_alphaearth_embeddings,Conventional + AlphaEarth Embeddings,0.9506482176570391,0.36703707324492457,1
352,RMC_02_01109,0,non_landslide,67_30,3,67.40845602622375,30.543842554168883,raster-matched control,conventional_alphaearth_embeddings,Conventional + AlphaEarth Embeddings,0.10220593998864938,0.3548426373798784,0
353,RMC_02_00944,0,non_landslide,75_36,3,75.37651259636391,36.83878690763643,raster-matched control,conventional_alphaearth_embeddings,Conventional + AlphaEarth Embeddings,0.05831236666412644,0.3548426373798784,0
354,CPEC_LANDSLIDE_0648,1,landslide,65_27,5,65.84313966439449,27.47160301546305,Balochistan,conventional_alphaearth_embeddings,Conventional + AlphaEarth Embeddings,0.40768252400777044,0.3226873891884655,1
355,RMC_02_00016,0,non_landslide,74_38,1,74.99248281240281,38.37715183169112,raster-matched control,conventional_alphaearth_embeddings,Conventional + AlphaEarth Embeddings,0.10321377779911174,0.3491602156256933,0
356,RMC_02_00902,0,non_landslide,77_37,2,77.13945634144847,37.364301348846354,raster-matched control,conventional_alphaearth_embeddings,Conventional + AlphaEarth Embeddings,0.0945221272367519,0.36703707324492457,0
357,CPEC_ROCKFALL_0876,1,rockfall,74_38,1,74.92960149043698,38.2805843647443,"Kashgar (Xinjiang, China)",conventional_alphaearth_embeddings,Conventional + AlphaEarth Embeddings,0.9778980613953028,0.3491602156256933,1
358,RMC_02_01199,0,non_landslide,62_26,5,62.69903814922716,26.146589238403827,raster-matched control,conventional_alphaearth_embeddings,Conventional + AlphaEarth Embeddings,0.2823501367963806,0.3226873891884655,0
359,RMC_02_00997,0,non_landslide,67_28,4,67.04014675973474,28.259875944295004,raster-matched control,conventional_alphaearth_embeddings,Conventional + AlphaEarth Embeddings,0.07919318864114862,0.2712461075876357,0
360,CPEC_LANDSLIDE_0954,1,landslide,75_35,1,75.34731669982061,35.52724553277834,Gilgit-Baltistan,conventional_alphaearth_embeddings,Conventional + AlphaEarth Embeddings,0.9856231627835815,0.3491602156256933,1
361,RMC_02_01395,0,non_landslide,75_38,2,75.61905772307617,38.84427577943326,raster-matched control,conventional_alphaearth_embeddings,Conventional + AlphaEarth Embeddings,0.09807662165638284,0.36703707324492457,0
362,CPEC_ROCKFALL_0310,1,rockfall,66_27,1,66.56179514477414,27.60185781633525,Balochistan,conventional_alphaearth_embeddings,Conventional + AlphaEarth Embeddings,0.9718217971671409,0.3491602156256933,1
363,CPEC_ROCKFALL_0927,1,rockfall,75_38,2,75.49329429100727,38.88694630329503,"Kashgar (Xinjiang, China)",conventional_alphaearth_embeddings,Conventional + AlphaEarth Embeddings,0.9652914077961394,0.36703707324492457,1
364,CPEC_LANDSLIDE_0692,1,landslide,66_27,1,66.4584866915679,27.556945750524942,Balochistan,conventional_alphaearth_embeddings,Conventional + AlphaEarth Embeddings,0.1747686723042408,0.3491602156256933,0
365,RMC_02_01441,0,non_landslide,66_25,2,66.85599212649024,25.207849766498928,raster-matched control,conventional_alphaearth_embeddings,Conventional + AlphaEarth Embeddings,0.13033365562458618,0.36703707324492457,0
366,RMC_02_00449,0,non_landslide,74_36,2,74.86896446083637,36.59399599271386,raster-matched control,conventional_alphaearth_embeddings,Conventional + AlphaEarth Embeddings,0.73385172595555,0.36703707324492457,1
367,RMC_02_00072,0,non_landslide,78_39,2,78.04900056661948,39.94471200247968,raster-matched control,conventional_alphaearth_embeddings,Conventional + AlphaEarth Embeddings,0.09646986187897244,0.36703707324492457,0
368,RMC_02_01188,0,non_landslide,69_31,2,69.9439509156511,31.34558894524556,raster-matched control,conventional_alphaearth_embeddings,Conventional + AlphaEarth Embeddings,0.13195507903320142,0.36703707324492457,0
369,RMC_02_01143,0,non_landslide,73_35,4,73.76628244957966,35.51377186356014,raster-matched control,conventional_alphaearth_embeddings,Conventional + AlphaEarth Embeddings,0.05011703820974573,0.2712461075876357,0
370,RMC_02_00593,0,non_landslide,75_38,2,75.15193377533402,38.74770688639042,raster-matched control,conventional_alphaearth_embeddings,Conventional + AlphaEarth Embeddings,0.44008663730166747,0.36703707324492457,1
371,RMC_02_00274,0,non_landslide,62_25,3,62.83153965363479,25.683956867082276,raster-matched control,conventional_alphaearth_embeddings,Conventional + AlphaEarth Embeddings,0.0989530858775909,0.3548426373798784,0
372,CPEC_ROCKFALL_0511,1,rockfall,67_29,1,67.89354580629524,29.663491974688583,Balochistan,conventional_alphaearth_embeddings,Conventional + AlphaEarth Embeddings,0.82323630272497,0.3491602156256933,1
373,RMC_02_00797,0,non_landslide,65_25,1,65.09529416961598,25.50653959846867,raster-matched control,conventional_alphaearth_embeddings,Conventional + AlphaEarth Embeddings,0.14892580569308134,0.3491602156256933,0
374,CPEC_ROCKFALL_0572,1,rockfall,67_29,1,67.22205423775787,29.47035493076068,Balochistan,conventional_alphaearth_embeddings,Conventional + AlphaEarth Embeddings,0.9701931836642577,0.3491602156256933,1
375,RMC_02_01414,0,non_landslide,71_35,2,71.79897197735791,35.630552850495675,raster-matched control,conventional_alphaearth_embeddings,Conventional + AlphaEarth Embeddings,0.6421812025821962,0.36703707324492457,1
376,CPEC_LANDSLIDE_0902,1,landslide,76_35,2,76.09740884262706,35.1858879698339,Gilgit-Baltistan,conventional_alphaearth_embeddings,Conventional + AlphaEarth Embeddings,0.3372373186618994,0.36703707324492457,0
377,CPEC_LANDSLIDE_0952,1,landslide,75_35,1,75.30240017490925,35.58563746107321,Gilgit-Baltistan,conventional_alphaearth_embeddings,Conventional + AlphaEarth Embeddings,0.9504578660845224,0.3491602156256933,1
378,CPEC_ROCKFALL_0795,1,rockfall,76_35,2,76.14232536753842,35.197115986286484,Gilgit-Baltistan,conventional_alphaearth_embeddings,Conventional + AlphaEarth Embeddings,0.9295573305576169,0.36703707324492457,1
379,CPEC_LANDSLIDE_0363,1,landslide,74_38,1,74.94082950688954,38.28507467950512,"Kashgar (Xinjiang, China)",conventional_alphaearth_embeddings,Conventional + AlphaEarth Embeddings,0.9257882067099897,0.3491602156256933,1
380,CPEC_LANDSLIDE_0664,1,landslide,63_26,1,63.12798411474918,26.13760496701101,Balochistan,conventional_alphaearth_embeddings,Conventional + AlphaEarth Embeddings,0.4705070616133506,0.3491602156256933,1
381,CPEC_LANDSLIDE_0737,1,landslide,69_31,2,69.54644538478655,31.96991740357293,KP-AJK,conventional_alphaearth_embeddings,Conventional + AlphaEarth Embeddings,0.6962781099278881,0.36703707324492457,1
382,RMC_02_00660,0,non_landslide,66_25,2,66.05649152362386,25.504293810258368,raster-matched control,conventional_alphaearth_embeddings,Conventional + AlphaEarth Embeddings,0.17833293437659942,0.36703707324492457,0
383,RMC_02_00050,0,non_landslide,67_29,1,67.24226769866164,29.91053027886462,raster-matched control,conventional_alphaearth_embeddings,Conventional + AlphaEarth Embeddings,0.1911130109168404,0.3491602156256933,0
384,RMC_02_00214,0,non_landslide,78_39,2,78.09616211903575,39.94022042605908,raster-matched control,conventional_alphaearth_embeddings,Conventional + AlphaEarth Embeddings,0.6407254835419096,0.36703707324492457,1
385,RMC_02_01322,0,non_landslide,73_35,4,73.3036500782581,35.507034498929244,raster-matched control,conventional_alphaearth_embeddings,Conventional + AlphaEarth Embeddings,0.16341219723035216,0.2712461075876357,0
386,RMC_02_00842,0,non_landslide,72_32,2,72.70851620252893,32.7626813059441,raster-matched control,conventional_alphaearth_embeddings,Conventional + AlphaEarth Embeddings,0.31300908391495663,0.36703707324492457,0
387,CPEC_ROCKFALL_0356,1,rockfall,66_27,1,66.51238830510198,27.76355819783636,Balochistan,conventional_alphaearth_embeddings,Conventional + AlphaEarth Embeddings,0.983748433566898,0.3491602156256933,1
388,RMC_02_00599,0,non_landslide,75_38,2,75.26422318584896,38.7769021331243,raster-matched control,conventional_alphaearth_embeddings,Conventional + AlphaEarth Embeddings,0.12969810429565387,0.36703707324492457,0
389,CPEC_LANDSLIDE_0274,1,landslide,73_35,4,73.59111312722412,35.53623062140103,KP-AJK,conventional_alphaearth_embeddings,Conventional + AlphaEarth Embeddings,0.977540219336229,0.2712461075876357,1
390,CPEC_ROCKFALL_0409,1,rockfall,67_26,5,67.16366676856406,26.950579352873167,Balochistan,conventional_alphaearth_embeddings,Conventional + AlphaEarth Embeddings,0.9812402864433967,0.3226873891884655,1
391,CPEC_LANDSLIDE_0318,1,landslide,75_36,3,75.46410055641036,36.838787548325215,"Kashgar (Xinjiang, China)",conventional_alphaearth_embeddings,Conventional + AlphaEarth Embeddings,0.12705417219006834,0.3548426373798784,0
392,RMC_02_01306,0,non_landslide,74_35,5,74.6219277577035,35.60135760376179,raster-matched control,conventional_alphaearth_embeddings,Conventional + AlphaEarth Embeddings,0.04389765621032281,0.3226873891884655,0
393,CPEC_ROCKFALL_0486,1,rockfall,68_29,2,68.68855447401305,29.40073498601324,Balochistan,conventional_alphaearth_embeddings,Conventional + AlphaEarth Embeddings,0.978951191551784,0.36703707324492457,1
394,CPEC_ROCKFALL_0463,1,rockfall,69_28,1,69.18038440200601,28.872978080832645,Balochistan,conventional_alphaearth_embeddings,Conventional + AlphaEarth Embeddings,0.13100967631727845,0.3491602156256933,0
395,RMC_02_00773,0,non_landslide,76_36,4,76.82729178021692,36.87921109542181,raster-matched control,conventional_alphaearth_embeddings,Conventional + AlphaEarth Embeddings,0.15225472414046778,0.2712461075876357,0
396,CPEC_ROCKFALL_0536,1,rockfall,67_29,1,67.92498692782308,29.694933096216428,Balochistan,conventional_alphaearth_embeddings,Conventional + AlphaEarth Embeddings,0.9805219348235019,0.3491602156256933,1
397,CPEC_ROCKFALL_0537,1,rockfall,67_29,1,67.92498692782308,29.694933096216428,Balochistan,conventional_alphaearth_embeddings,Conventional + AlphaEarth Embeddings,0.9805219348235019,0.3491602156256933,1
398,RMC_02_01167,0,non_landslide,73_35,4,73.31937059573019,35.502542922508646,raster-matched control,conventional_alphaearth_embeddings,Conventional + AlphaEarth Embeddings,0.11626042198094311,0.2712461075876357,0
399,RMC_02_00255,0,non_landslide,77_37,2,77.26971205764579,37.739347979966254,raster-matched control,conventional_alphaearth_embeddings,Conventional + AlphaEarth Embeddings,0.09513102775921828,0.36703707324492457,0
400,CPEC_ROCKFALL_0892,1,rockfall,75_38,2,75.18337339048962,38.7454590268692,"Kashgar (Xinjiang, China)",conventional_alphaearth_embeddings,Conventional + AlphaEarth Embeddings,0.976259460833299,0.36703707324492457,1
401,RMC_02_00955,0,non_landslide,75_36,3,75.25299424479746,36.82306639016434,raster-matched control,conventional_alphaearth_embeddings,Conventional + AlphaEarth Embeddings,0.07581226894754427,0.3548426373798784,0
402,RMC_02_00380,0,non_landslide,66_28,3,66.95256101953309,28.895434007809563,raster-matched control,conventional_alphaearth_embeddings,Conventional + AlphaEarth Embeddings,0.10305476541371451,0.3548426373798784,0
403,CPEC_LANDSLIDE_0531,1,landslide,75_38,2,75.32710359474535,38.81058865685583,"Kashgar (Xinjiang, China)",conventional_alphaearth_embeddings,Conventional + AlphaEarth Embeddings,0.11688906398648566,0.36703707324492457,0
404,CPEC_LANDSLIDE_0351,1,landslide,75_37,5,75.2799441420041,37.88307780133486,"Kashgar (Xinjiang, China)",conventional_alphaearth_embeddings,Conventional + AlphaEarth Embeddings,0.96062429832265,0.3226873891884655,1
405,CPEC_LANDSLIDE_0533,1,landslide,75_38,2,75.35405440151237,38.80609834209501,"Kashgar (Xinjiang, China)",conventional_alphaearth_embeddings,Conventional + AlphaEarth Embeddings,0.23332657810920518,0.36703707324492457,0
406,RMC_02_00597,0,non_landslide,75_38,2,75.25524003300777,38.761181615652205,raster-matched control,conventional_alphaearth_embeddings,Conventional + AlphaEarth Embeddings,0.08459506013806908,0.36703707324492457,0
407,CPEC_ROCKFALL_0484,1,rockfall,68_29,2,68.70652019215738,29.407472687704985,Balochistan,conventional_alphaearth_embeddings,Conventional + AlphaEarth Embeddings,0.9286829042877061,0.36703707324492457,1
408,RMC_02_00014,0,non_landslide,74_38,1,74.96328756566892,38.354693949588125,raster-matched control,conventional_alphaearth_embeddings,Conventional + AlphaEarth Embeddings,0.13141934266360905,0.3491602156256933,0
409,RMC_02_00305,0,non_landslide,68_28,5,68.72448791745884,28.29805434387008,raster-matched control,conventional_alphaearth_embeddings,Conventional + AlphaEarth Embeddings,0.9019899514101186,0.3226873891884655,1
410,CPEC_LANDSLIDE_0889,1,landslide,73_34,2,73.48555728708695,34.4110879480903,KP-AJK,conventional_alphaearth_embeddings,Conventional + AlphaEarth Embeddings,0.9308785603817207,0.36703707324492457,1
411,CPEC_ROCKFALL_0434,1,rockfall,70_29,4,70.03153761108777,29.5377274885772,Punjab-Sindh lowland corridor,conventional_alphaearth_embeddings,Conventional + AlphaEarth Embeddings,0.9323844659862,0.2712461075876357,1
412,RMC_02_00169,0,non_landslide,63_26,1,63.961171123415085,26.34646438912042,raster-matched control,conventional_alphaearth_embeddings,Conventional + AlphaEarth Embeddings,0.05462484694013164,0.3491602156256933,0
413,RMC_02_01118,0,non_landslide,71_33,3,71.13646445531977,33.40273094587926,raster-matched control,conventional_alphaearth_embeddings,Conventional + AlphaEarth Embeddings,0.13889367453635829,0.3548426373798784,0
414,CPEC_LANDSLIDE_0882,1,landslide,73_34,2,73.48331435925707,34.39087930211608,KP-AJK,conventional_alphaearth_embeddings,Conventional + AlphaEarth Embeddings,0.28094203667570733,0.36703707324492457,0
415,RMC_02_00363,0,non_landslide,72_33,4,72.86572137724984,33.50603720355301,raster-matched control,conventional_alphaearth_embeddings,Conventional + AlphaEarth Embeddings,0.06639939275549811,0.2712461075876357,0
416,CPEC_ROCKFALL_0037,1,rockfall,66_27,1,66.90540009464952,27.70291888261055,Balochistan,conventional_alphaearth_embeddings,Conventional + AlphaEarth Embeddings,0.9847719043142048,0.3491602156256933,1
417,RMC_02_00718,0,non_landslide,73_33,5,73.52149153465709,33.81371018836394,raster-matched control,conventional_alphaearth_embeddings,Conventional + AlphaEarth Embeddings,0.16373810504139258,0.3226873891884655,0
418,RMC_02_01279,0,non_landslide,72_36,5,72.00333870449509,36.02805736371857,raster-matched control,conventional_alphaearth_embeddings,Conventional + AlphaEarth Embeddings,0.7850037811059773,0.3226873891884655,1
419,RMC_02_00303,0,non_landslide,65_27,5,65.60284230514351,27.1369818391456,raster-matched control,conventional_alphaearth_embeddings,Conventional + AlphaEarth Embeddings,0.09321633873766805,0.3226873891884655,0
420,RMC_02_00393,0,non_landslide,75_40,1,75.3899873256257,40.52637114894707,raster-matched control,conventional_alphaearth_embeddings,Conventional + AlphaEarth Embeddings,0.15554579092894275,0.3491602156256933,0
421,CPEC_ROCKFALL_0877,1,rockfall,74_38,1,74.93409180519778,38.28282729257419,"Kashgar (Xinjiang, China)",conventional_alphaearth_embeddings,Conventional + AlphaEarth Embeddings,0.9787142321830888,0.3491602156256933,1
422,CPEC_ROCKFALL_0321,1,rockfall,66_29,5,66.75493218870204,29.616332521947346,Balochistan,conventional_alphaearth_embeddings,Conventional + AlphaEarth Embeddings,0.9806144626058405,0.3226873891884655,1
423,RMC_02_01211,0,non_landslide,66_26,4,66.47645391894974,26.22070024934369,raster-matched control,conventional_alphaearth_embeddings,Conventional + AlphaEarth Embeddings,0.09137375286381853,0.2712461075876357,0
424,RMC_02_00113,0,non_landslide,75_35,1,75.5831251117114,35.51152607534984,raster-matched control,conventional_alphaearth_embeddings,Conventional + AlphaEarth Embeddings,0.08355850025093975,0.3491602156256933,0
425,RMC_02_00654,0,non_landslide,72_36,5,72.05274604512168,36.08195628076574,raster-matched control,conventional_alphaearth_embeddings,Conventional + AlphaEarth Embeddings,0.9229850636474932,0.3226873891884655,1
426,CPEC_LANDSLIDE_0071,1,landslide,75_36,3,75.20133910863396,36.86349096816131,Gilgit-Baltistan,conventional_alphaearth_embeddings,Conventional + AlphaEarth Embeddings,0.0974441262267135,0.3548426373798784,0
427,CPEC_LANDSLIDE_0324,1,landslide,75_36,3,75.55617653406297,36.91289780783348,"Kashgar (Xinjiang, China)",conventional_alphaearth_embeddings,Conventional + AlphaEarth Embeddings,0.18687016520568134,0.3548426373798784,0
428,CPEC_LANDSLIDE_0552,1,landslide,75_38,2,75.38324813610927,38.80834126992488,"Kashgar (Xinjiang, China)",conventional_alphaearth_embeddings,Conventional + AlphaEarth Embeddings,0.8408488194104031,0.36703707324492457,1
429,RMC_02_00941,0,non_landslide,73_35,4,73.40920212414215,35.533983957452826,raster-matched control,conventional_alphaearth_embeddings,Conventional + AlphaEarth Embeddings,0.10668935274655071,0.2712461075876357,0
430,CPEC_LANDSLIDE_0002,1,landslide,73_35,4,73.20034426550644,35.29592966563084,KP-AJK,conventional_alphaearth_embeddings,Conventional + AlphaEarth Embeddings,0.9793740275734848,0.2712461075876357,1
431,RMC_02_01045,0,non_landslide,64_25,5,64.95830108878775,25.74683893697064,raster-matched control,conventional_alphaearth_embeddings,Conventional + AlphaEarth Embeddings,0.1300631015290962,0.3226873891884655,0
432,CPEC_LANDSLIDE_0134,1,landslide,74_36,2,74.83303073892249,36.53785173643027,Gilgit-Baltistan,conventional_alphaearth_embeddings,Conventional + AlphaEarth Embeddings,0.9054672925574635,0.36703707324492457,1
433,RMC_02_00481,0,non_landslide,74_35,5,74.42654418340751,35.85064009510496,raster-matched control,conventional_alphaearth_embeddings,Conventional + AlphaEarth Embeddings,0.11247105879961994,0.3226873891884655,0
434,CPEC_LANDSLIDE_0498,1,landslide,75_38,2,75.12273853436487,38.7454590268692,"Kashgar (Xinjiang, China)",conventional_alphaearth_embeddings,Conventional + AlphaEarth Embeddings,0.41007480652601086,0.36703707324492457,1
435,RMC_02_00943,0,non_landslide,75_36,3,75.46634412477586,36.85001584868792,raster-matched control,conventional_alphaearth_embeddings,Conventional + AlphaEarth Embeddings,0.06671600103862485,0.3548426373798784,0
436,CPEC_LANDSLIDE_0576,1,landslide,74_38,1,74.91163577229263,38.81283604378676,"Kashgar (Xinjiang, China)",conventional_alphaearth_embeddings,Conventional + AlphaEarth Embeddings,0.7823473108702659,0.3491602156256933,1
437,RMC_02_01340,0,non_landslide,75_37,5,75.2103242688018,37.89206157826657,raster-matched control,conventional_alphaearth_embeddings,Conventional + AlphaEarth Embeddings,0.08934403477820521,0.3226873891884655,0
438,CPEC_LANDSLIDE_0247,1,landslide,74_35,5,74.628665678542,35.53174030664021,Gilgit-Baltistan,conventional_alphaearth_embeddings,Conventional + AlphaEarth Embeddings,0.9771559147784847,0.3226873891884655,1
439,CPEC_LANDSLIDE_0081,1,landslide,75_36,3,75.10028250145972,36.86573835509224,Gilgit-Baltistan,conventional_alphaearth_embeddings,Conventional + AlphaEarth Embeddings,0.9766753425337332,0.3548426373798784,1
440,CPEC_ROCKFALL_0490,1,rockfall,68_29,2,68.66834136893777,29.39624467125242,Balochistan,conventional_alphaearth_embeddings,Conventional + AlphaEarth Embeddings,0.9715268576896161,0.36703707324492457,1
441,RMC_02_00257,0,non_landslide,63_26,1,63.23578153148857,26.299302836704143,raster-matched control,conventional_alphaearth_embeddings,Conventional + AlphaEarth Embeddings,0.09368669061806746,0.3491602156256933,0
442,CPEC_LANDSLIDE_0929,1,landslide,72_35,3,72.6097006581691,35.32288047239786,KP-AJK,conventional_alphaearth_embeddings,Conventional + AlphaEarth Embeddings,0.16365132114771327,0.3548426373798784,0
443,CPEC_ROCKFALL_0477,1,rockfall,68_29,2,68.71550528078006,29.41196746156686,Balochistan,conventional_alphaearth_embeddings,Conventional + AlphaEarth Embeddings,0.9651400064224479,0.36703707324492457,1
444,RMC_02_01239,0,non_landslide,68_29,2,68.35168707454925,29.977903925173585,raster-matched control,conventional_alphaearth_embeddings,Conventional + AlphaEarth Embeddings,0.09135932324088755,0.36703707324492457,0
445,RMC_02_00683,0,non_landslide,73_34,2,73.39123581845976,34.15731578453966,raster-matched control,conventional_alphaearth_embeddings,Conventional + AlphaEarth Embeddings,0.14129059930729623,0.36703707324492457,0
446,CPEC_ROCKFALL_0297,1,rockfall,66_27,1,66.48094718357412,27.574911468669274,Balochistan,conventional_alphaearth_embeddings,Conventional + AlphaEarth Embeddings,0.8545747815353786,0.3491602156256933,1
447,CPEC_LANDSLIDE_0551,1,landslide,75_38,2,75.38324813610927,38.81058865685582,"Kashgar (Xinjiang, China)",conventional_alphaearth_embeddings,Conventional + AlphaEarth Embeddings,0.9435569956638868,0.36703707324492457,1
448,RMC_02_00075,0,non_landslide,78_39,2,78.0040848024135,39.94695779068998,raster-matched control,conventional_alphaearth_embeddings,Conventional + AlphaEarth Embeddings,0.22262987710241777,0.36703707324492457,0
449,RMC_02_01460,0,non_landslide,74_35,5,74.62641933412411,35.5946202391309,raster-matched control,conventional_alphaearth_embeddings,Conventional + AlphaEarth Embeddings,0.038894107903547394,0.3226873891884655,0
450,RMC_02_01029,0,non_landslide,63_26,1,63.431165105784565,26.957318782321696,raster-matched control,conventional_alphaearth_embeddings,Conventional + AlphaEarth Embeddings,0.13808471453507576,0.3491602156256933,0
451,CPEC_ROCKFALL_0520,1,rockfall,67_29,1,67.88231778984266,29.681457692832915,Balochistan,conventional_alphaearth_embeddings,Conventional + AlphaEarth Embeddings,0.9519560662489035,0.3491602156256933,1
452,RMC_02_01236,0,non_landslide,69_28,1,69.65649002473285,28.704542009934165,raster-matched control,conventional_alphaearth_embeddings,Conventional + AlphaEarth Embeddings,0.16854316399039151,0.3491602156256933,0
453,RMC_02_01297,0,non_landslide,74_35,5,74.12560856322747,35.31614250105385,raster-matched control,conventional_alphaearth_embeddings,Conventional + AlphaEarth Embeddings,0.06407908070682558,0.3226873891884655,0
454,CPEC_LANDSLIDE_0125,1,landslide,74_36,2,74.83752551278435,36.62319001239111,Gilgit-Baltistan,conventional_alphaearth_embeddings,Conventional + AlphaEarth Embeddings,0.9440488256600787,0.36703707324492457,1
455,RMC_02_00463,0,non_landslide,74_36,2,74.89815970757026,36.400858206628165,raster-matched control,conventional_alphaearth_embeddings,Conventional + AlphaEarth Embeddings,0.07531261067140442,0.36703707324492457,0
456,RMC_02_00150,0,non_landslide,72_36,5,72.88144189472193,36.1493299270747,raster-matched control,conventional_alphaearth_embeddings,Conventional + AlphaEarth Embeddings,0.08283505383765953,0.3226873891884655,0
457,CPEC_LANDSLIDE_0994,1,landslide,75_35,1,75.89079639531565,35.226309720883386,Gilgit-Baltistan,conventional_alphaearth_embeddings,Conventional + AlphaEarth Embeddings,0.9781135974403251,0.3491602156256933,1
458,RMC_02_00436,0,non_landslide,74_36,2,74.88243919009817,36.78488799058926,raster-matched control,conventional_alphaearth_embeddings,Conventional + AlphaEarth Embeddings,0.11418204547187899,0.36703707324492457,0
459,RMC_02_00578,0,non_landslide,75_39,4,75.51350567719213,39.99861091952685,raster-matched control,conventional_alphaearth_embeddings,Conventional + AlphaEarth Embeddings,0.06651047168992107,0.2712461075876357,0
460,CPEC_LANDSLIDE_0459,1,landslide,75_38,2,75.00371174994524,38.71177497751146,"Kashgar (Xinjiang, China)",conventional_alphaearth_embeddings,Conventional + AlphaEarth Embeddings,0.9864593414589015,0.36703707324492457,1
461,RMC_02_01453,0,non_landslide,74_39,3,74.35243317246764,39.80322734523085,raster-matched control,conventional_alphaearth_embeddings,Conventional + AlphaEarth Embeddings,0.26914100022294773,0.3548426373798784,0
462,CPEC_ROCKFALL_0455,1,rockfall,69_28,1,69.1826273298359,28.85725529051819,Balochistan,conventional_alphaearth_embeddings,Conventional + AlphaEarth Embeddings,0.2822535164794765,0.3491602156256933,0
463,RMC_02_01044,0,non_landslide,68_26,1,68.85249784544588,26.82257148970377,raster-matched control,conventional_alphaearth_embeddings,Conventional + AlphaEarth Embeddings,0.09154284569152593,0.3491602156256933,0
464,CPEC_ROCKFALL_0522,1,rockfall,67_29,1,67.89354580629524,29.688195394524666,Balochistan,conventional_alphaearth_embeddings,Conventional + AlphaEarth Embeddings,0.23694151844475678,0.3491602156256933,0
465,RMC_02_00434,0,non_landslide,74_36,2,74.9857454477719,36.83429533121584,raster-matched control,conventional_alphaearth_embeddings,Conventional + AlphaEarth Embeddings,0.14712508152241235,0.36703707324492457,0
466,RMC_02_00069,0,non_landslide,70_31,3,70.00458719732916,31.35906367450735,raster-matched control,conventional_alphaearth_embeddings,Conventional + AlphaEarth Embeddings,0.580928788472832,0.3548426373798784,1
467,RMC_02_01158,0,non_landslide,73_35,4,73.28119219615512,35.48457661682625,raster-matched control,conventional_alphaearth_embeddings,Conventional + AlphaEarth Embeddings,0.11239237946208609,0.2712461075876357,0
468,RMC_02_00262,0,non_landslide,66_27,1,66.99073941910817,27.44914640037713,raster-matched control,conventional_alphaearth_embeddings,Conventional + AlphaEarth Embeddings,0.8397963176638935,0.3491602156256933,1
469,RMC_02_01309,0,non_landslide,74_35,5,74.60620724023141,35.63279863870598,raster-matched control,conventional_alphaearth_embeddings,Conventional + AlphaEarth Embeddings,0.21874785332028038,0.3226873891884655,0
470,RMC_02_00390,0,non_landslide,74_38,1,74.94981283640713,38.16604773992302,raster-matched control,conventional_alphaearth_embeddings,Conventional + AlphaEarth Embeddings,0.10400995008573385,0.3491602156256933,0
471,RMC_02_00314,0,non_landslide,68_26,1,68.91537991533424,26.98875981726588,raster-matched control,conventional_alphaearth_embeddings,Conventional + AlphaEarth Embeddings,0.10535473504679402,0.3491602156256933,0
472,RMC_02_00058,0,non_landslide,63_26,1,63.99485794656957,26.247649707867275,raster-matched control,conventional_alphaearth_embeddings,Conventional + AlphaEarth Embeddings,0.10473833534962498,0.3491602156256933,0
473,CPEC_ROCKFALL_0270,1,rockfall,66_27,1,66.2900530674761,27.085328927607247,Balochistan,conventional_alphaearth_embeddings,Conventional + AlphaEarth Embeddings,0.9338211072274003,0.3491602156256933,1
474,RMC_02_00403,0,non_landslide,74_35,5,74.55679989960484,35.684451767542846,raster-matched control,conventional_alphaearth_embeddings,Conventional + AlphaEarth Embeddings,0.3554405982273425,0.3226873891884655,1
475,CPEC_LANDSLIDE_0588,1,landslide,66_27,1,66.90989040941034,27.85338678855804,Balochistan,conventional_alphaearth_embeddings,Conventional + AlphaEarth Embeddings,0.9695565261580025,0.3491602156256933,1
476,RMC_02_00700,0,non_landslide,73_33,5,73.4967878643438,33.95744063382307,raster-matched control,conventional_alphaearth_embeddings,Conventional + AlphaEarth Embeddings,0.150449656945292,0.3226873891884655,0
477,CPEC_LANDSLIDE_0035,1,landslide,75_37,5,75.6752033184826,37.81570524351836,"Kashgar (Xinjiang, China)",conventional_alphaearth_embeddings,Conventional + AlphaEarth Embeddings,0.9730517829637776,0.3226873891884655,1
478,CPEC_LANDSLIDE_0979,1,landslide,75_35,1,75.80770550628574,35.340846190542194,Gilgit-Baltistan,conventional_alphaearth_embeddings,Conventional + AlphaEarth Embeddings,0.9599169893624909,0.3491602156256933,1
479,RMC_02_00878,0,non_landslide,75_38,2,75.48206464224795,38.86448787332596,raster-matched control,conventional_alphaearth_embeddings,Conventional + AlphaEarth Embeddings,0.08375397938492939,0.36703707324492457,0
480,CPEC_ROCKFALL_0959,1,rockfall,75_38,2,75.52024509777429,38.96554687756412,"Kashgar (Xinjiang, China)",conventional_alphaearth_embeddings,Conventional + AlphaEarth Embeddings,0.9813599541631293,0.36703707324492457,1
481,CPEC_ROCKFALL_0319,1,rockfall,66_28,3,66.35742562529262,28.156569987383925,Balochistan,conventional_alphaearth_embeddings,Conventional + AlphaEarth Embeddings,0.9327706312357783,0.3548426373798784,1
482,RMC_02_00571,0,non_landslide,75_39,4,75.52698040645393,39.96941567279296,raster-matched control,conventional_alphaearth_embeddings,Conventional + AlphaEarth Embeddings,0.0816742051067551,0.2712461075876357,0
483,CPEC_LANDSLIDE_0049,1,landslide,74_35,5,74.74320214820084,35.78551220669287,Gilgit-Baltistan,conventional_alphaearth_embeddings,Conventional + AlphaEarth Embeddings,0.9829615878955155,0.3226873891884655,1
484,CPEC_ROCKFALL_0442,1,rockfall,70_29,4,70.03602792584859,29.551202891960703,Punjab-Sindh lowland corridor,conventional_alphaearth_embeddings,Conventional + AlphaEarth Embeddings,0.9766494631148189,0.2712461075876357,1
485,RMC_02_01324,0,non_landslide,73_35,4,73.77077402600025,35.51152607534984,raster-matched control,conventional_alphaearth_embeddings,Conventional + AlphaEarth Embeddings,0.04768598419264056,0.2712461075876357,0
486,CPEC_LANDSLIDE_0541,1,landslide,75_38,2,75.37651043441753,38.81507897161664,"Kashgar (Xinjiang, China)",conventional_alphaearth_embeddings,Conventional + AlphaEarth Embeddings,0.9865918423254967,0.36703707324492457,1
487,RMC_02_00479,0,non_landslide,74_36,2,74.6309109105447,36.26611091401024,raster-matched control,conventional_alphaearth_embeddings,Conventional + AlphaEarth Embeddings,0.0844455300365706,0.36703707324492457,0
488,CPEC_ROCKFALL_0196,1,rockfall,65_26,3,65.31987307397472,26.456506497050302,Balochistan,conventional_alphaearth_embeddings,Conventional + AlphaEarth Embeddings,0.5970164715563289,0.3548426373798784,1
489,CPEC_ROCKFALL_0281,1,rockfall,66_27,1,66.28780568054516,27.188632921712426,Balochistan,conventional_alphaearth_embeddings,Conventional + AlphaEarth Embeddings,0.974705059748574,0.3491602156256933,1
490,RMC_02_00443,0,non_landslide,74_36,2,74.84875236694369,36.30653510179562,raster-matched control,conventional_alphaearth_embeddings,Conventional + AlphaEarth Embeddings,0.1276316719787934,0.36703707324492457,0
491,RMC_02_01316,0,non_landslide,74_35,5,74.2356521855321,35.4059740294658,raster-matched control,conventional_alphaearth_embeddings,Conventional + AlphaEarth Embeddings,0.08721478051411015,0.3226873891884655,0
492,CPEC_ROCKFALL_0616,1,rockfall,67_30,3,67.20408851961353,30.274348687101185,Balochistan,conventional_alphaearth_embeddings,Conventional + AlphaEarth Embeddings,0.11292291742761845,0.3548426373798784,0
493,RMC_02_01356,0,non_landslide,62_26,5,62.72598760775074,26.492440622789843,raster-matched control,conventional_alphaearth_embeddings,Conventional + AlphaEarth Embeddings,0.1862499575129663,0.3226873891884655,0
494,RMC_02_00139,0,non_landslide,77_40,3,77.58636819529792,40.753195758187246,raster-matched control,conventional_alphaearth_embeddings,Conventional + AlphaEarth Embeddings,0.09496930296188737,0.3548426373798784,0
495,CPEC_ROCKFALL_0801,1,rockfall,72_35,3,72.56254120542786,35.52050783108658,KP-AJK,conventional_alphaearth_embeddings,Conventional + AlphaEarth Embeddings,0.9865415527859902,0.3548426373798784,1
496,RMC_02_00114,0,non_landslide,76_37,1,76.61843347665913,37.79324689701343,raster-matched control,conventional_alphaearth_embeddings,Conventional + AlphaEarth Embeddings,0.2616472165769773,0.3491602156256933,0
497,RMC_02_00018,0,non_landslide,74_39,3,74.23340639732182,39.79199840417936,raster-matched control,conventional_alphaearth_embeddings,Conventional + AlphaEarth Embeddings,0.12720944313464894,0.3548426373798784,0
498,RMC_02_00648,0,non_landslide,71_35,2,71.74282727210044,35.47334767577476,raster-matched control,conventional_alphaearth_embeddings,Conventional + AlphaEarth Embeddings,0.0548405850274212,0.36703707324492457,0
499,RMC_02_01073,0,non_landslide,66_25,2,66.1822556634006,25.78501733654572,raster-matched control,conventional_alphaearth_embeddings,Conventional + AlphaEarth Embeddings,0.32173081795139336,0.36703707324492457,0
500,RMC_02_01062,0,non_landslide,67_25,3,67.62629748262273,25.726626843077952,raster-matched control,conventional_alphaearth_embeddings,Conventional + AlphaEarth Embeddings,0.12139541964522267,0.3548426373798784,0
501,CPEC_LANDSLIDE_0527,1,landslide,75_38,2,75.32486066691546,38.80160802733418,"Kashgar (Xinjiang, China)",conventional_alphaearth_embeddings,Conventional + AlphaEarth Embeddings,0.25141267702481257,0.36703707324492457,0
502,RMC_02_01252,0,non_landslide,70_31,3,70.01132456196007,31.42868310902661,raster-matched control,conventional_alphaearth_embeddings,Conventional + AlphaEarth Embeddings,0.07346125045900795,0.3548426373798784,0
503,RMC_02_00207,0,non_landslide,65_27,5,65.91276107816475,27.71190362098209,raster-matched control,conventional_alphaearth_embeddings,Conventional + AlphaEarth Embeddings,0.04879111750288834,0.3226873891884655,0
504,CPEC_LANDSLIDE_0918,1,landslide,76_35,2,76.17152356123638,35.192625671525654,Gilgit-Baltistan,conventional_alphaearth_embeddings,Conventional + AlphaEarth Embeddings,0.9087121032892584,0.36703707324492457,1
505,CPEC_ROCKFALL_0227,1,rockfall,65_26,3,65.692671758447,26.29256764682037,Balochistan,conventional_alphaearth_embeddings,Conventional + AlphaEarth Embeddings,0.971321755935747,0.3548426373798784,1
506,CPEC_LANDSLIDE_0094,1,landslide,74_36,2,74.96553292672563,36.838787548325215,Gilgit-Baltistan,conventional_alphaearth_embeddings,Conventional + AlphaEarth Embeddings,0.7245201703409093,0.36703707324492457,1
507,RMC_02_00497,0,non_landslide,74_36,2,74.40857787772512,36.24365303190725,raster-matched control,conventional_alphaearth_embeddings,Conventional + AlphaEarth Embeddings,0.05958593498688022,0.36703707324492457,0
508,RMC_02_00149,0,non_landslide,74_36,2,74.20421115058792,36.01458263445677,raster-matched control,conventional_alphaearth_embeddings,Conventional + AlphaEarth Embeddings,0.22064798093244484,0.36703707324492457,0
509,CPEC_LANDSLIDE_0570,1,landslide,75_38,2,75.51575032391243,38.9610565628033,"Kashgar (Xinjiang, China)",conventional_alphaearth_embeddings,Conventional + AlphaEarth Embeddings,0.987358916900156,0.36703707324492457,1
510,CPEC_ROCKFALL_0447,1,rockfall,69_28,1,69.18712210369777,28.83704218544293,Balochistan,conventional_alphaearth_embeddings,Conventional + AlphaEarth Embeddings,0.9559872507501204,0.3491602156256933,1
511,RMC_02_00138,0,non_landslide,75_35,1,75.89978124936353,35.219573608011,raster-matched control,conventional_alphaearth_embeddings,Conventional + AlphaEarth Embeddings,0.10387478524199452,0.3491602156256933,0
512,CPEC_LANDSLIDE_0335,1,landslide,75_37,5,75.31812296522371,37.728119580626576,"Kashgar (Xinjiang, China)",conventional_alphaearth_embeddings,Conventional + AlphaEarth Embeddings,0.2515385220248314,0.3226873891884655,0
513,CPEC_LANDSLIDE_0749,1,landslide,70_32,5,70.38412319048479,32.93335969538256,KP-AJK,conventional_alphaearth_embeddings,Conventional + AlphaEarth Embeddings,0.9938034005024865,0.3226873891884655,1
514,CPEC_ROCKFALL_0049,1,rockfall,63_27,3,63.597353550735946,27.460374999010465,Balochistan,conventional_alphaearth_embeddings,Conventional + AlphaEarth Embeddings,0.44293005119818163,0.3548426373798784,1
515,RMC_02_00538,0,non_landslide,75_38,2,75.03964436481908,38.42206759589709,raster-matched control,conventional_alphaearth_embeddings,Conventional + AlphaEarth Embeddings,0.13954254680906156,0.36703707324492457,0
516,CPEC_LANDSLIDE_0523,1,landslide,75_38,2,75.29117215845667,38.79037555178056,"Kashgar (Xinjiang, China)",conventional_alphaearth_embeddings,Conventional + AlphaEarth Embeddings,0.1291470617951797,0.36703707324492457,0
517,CPEC_LANDSLIDE_0569,1,landslide,75_38,2,75.51575032391243,38.9610565628033,"Kashgar (Xinjiang, China)",conventional_alphaearth_embeddings,Conventional + AlphaEarth Embeddings,0.987358916900156,0.36703707324492457,1
518,CPEC_LANDSLIDE_0872,1,landslide,73_34,2,73.49005206094881,34.37066619704081,KP-AJK,conventional_alphaearth_embeddings,Conventional + AlphaEarth Embeddings,0.46535031655430276,0.36703707324492457,1
519,CPEC_LANDSLIDE_0371,1,landslide,74_38,1,74.9857460318009,38.374907729327845,"Kashgar (Xinjiang, China)",conventional_alphaearth_embeddings,Conventional + AlphaEarth Embeddings,0.9704622443669406,0.3491602156256933,1
520,RMC_02_00248,0,non_landslide,66_26,4,66.5617938709411,26.85625831285825,raster-matched control,conventional_alphaearth_embeddings,Conventional + AlphaEarth Embeddings,0.09124891850219295,0.2712461075876357,0
521,CPEC_LANDSLIDE_0456,1,landslide,74_38,1,74.98799341873183,38.69605218719702,"Kashgar (Xinjiang, China)",conventional_alphaearth_embeddings,Conventional + AlphaEarth Embeddings,0.9834201740897899,0.3491602156256933,1
522,CPEC_LANDSLIDE_0497,1,landslide,75_38,2,75.1115105179123,38.74770641380014,"Kashgar (Xinjiang, China)",conventional_alphaearth_embeddings,Conventional + AlphaEarth Embeddings,0.9862158741312708,0.36703707324492457,1
523,RMC_02_00034,0,non_landslide,74_38,1,74.86222709620547,38.83978420301267,raster-matched control,conventional_alphaearth_embeddings,Conventional + AlphaEarth Embeddings,0.1906781314858269,0.3491602156256933,0
524,CPEC_ROCKFALL_0306,1,rockfall,66_27,1,66.54607235445968,27.63554632479404,Balochistan,conventional_alphaearth_embeddings,Conventional + AlphaEarth Embeddings,0.20394062711334182,0.3491602156256933,0
525,RMC_02_00585,0,non_landslide,75_40,1,75.3832499609948,40.11314611825209,raster-matched control,conventional_alphaearth_embeddings,Conventional + AlphaEarth Embeddings,0.21377507189988187,0.3491602156256933,0
526,CPEC_ROCKFALL_0671,1,rockfall,70_29,4,70.00458680432074,29.94421914060932,Punjab-Sindh lowland corridor,conventional_alphaearth_embeddings,Conventional + AlphaEarth Embeddings,0.0808896642551677,0.2712461075876357,0
527,CPEC_ROCKFALL_0813,1,rockfall,75_35,1,75.81444320797749,35.338598803611255,Gilgit-Baltistan,conventional_alphaearth_embeddings,Conventional + AlphaEarth Embeddings,0.7913577233108703,0.3491602156256933,1
528,RMC_02_01106,0,non_landslide,67_30,3,67.80596053944663,30.736980340254583,raster-matched control,conventional_alphaearth_embeddings,Conventional + AlphaEarth Embeddings,0.09636915946021367,0.3548426373798784,0
529,RMC_02_01410,0,non_landslide,65_28,2,65.69716540997607,28.28457961460829,raster-matched control,conventional_alphaearth_embeddings,Conventional + AlphaEarth Embeddings,0.29179914213844205,0.36703707324492457,0
530,CPEC_LANDSLIDE_0303,1,landslide,72_35,3,72.93309696207027,35.04215776557818,KP-AJK,conventional_alphaearth_embeddings,Conventional + AlphaEarth Embeddings,0.6789070789935744,0.3548426373798784,1
531,RMC_02_01380,0,non_landslide,71_35,2,71.74956463673134,35.48906819324685,raster-matched control,conventional_alphaearth_embeddings,Conventional + AlphaEarth Embeddings,0.1008974392943507,0.36703707324492457,0
532,CPEC_LANDSLIDE_0705,1,landslide,66_25,2,66.85599325497734,25.06861129416528,Balochistan,conventional_alphaearth_embeddings,Conventional + AlphaEarth Embeddings,0.9752618140658958,0.36703707324492457,1
533,RMC_02_00703,0,non_landslide,73_34,2,73.33958268962289,34.586261332706734,raster-matched control,conventional_alphaearth_embeddings,Conventional + AlphaEarth Embeddings,0.46286709970383577,0.36703707324492457,1
534,RMC_02_00142,0,non_landslide,76_37,1,76.00084171882698,37.065611516876615,raster-matched control,conventional_alphaearth_embeddings,Conventional + AlphaEarth Embeddings,0.6255561588795381,0.3491602156256933,1
535,CPEC_ROCKFALL_0902,1,rockfall,75_38,2,75.38100520827939,38.81507897161664,"Kashgar (Xinjiang, China)",conventional_alphaearth_embeddings,Conventional + AlphaEarth Embeddings,0.9809859853477372,0.36703707324492457,1
536,CPEC_ROCKFALL_0887,1,rockfall,74_38,1,74.97451801534832,38.6376647180032,"Kashgar (Xinjiang, China)",conventional_alphaearth_embeddings,Conventional + AlphaEarth Embeddings,0.6592229776280024,0.3491602156256933,1
537,CPEC_LANDSLIDE_0928,1,landslide,72_35,3,72.58948755309383,35.24652282595866,KP-AJK,conventional_alphaearth_embeddings,Conventional + AlphaEarth Embeddings,0.9081416869891191,0.3548426373798784,1
538,CPEC_LANDSLIDE_0375,1,landslide,74_38,1,74.98349864486997,38.372660342396905,"Kashgar (Xinjiang, China)",conventional_alphaearth_embeddings,Conventional + AlphaEarth Embeddings,0.9704772797343538,0.3491602156256933,1
539,RMC_02_01416,0,non_landslide,71_35,2,71.76753094241373,35.673222826491354,raster-matched control,conventional_alphaearth_embeddings,Conventional + AlphaEarth Embeddings,0.10818742425840615,0.36703707324492457,0
540,RMC_02_00655,0,non_landslide,64_26,2,64.00608688762107,26.117393991669942,raster-matched control,conventional_alphaearth_embeddings,Conventional + AlphaEarth Embeddings,0.0854695336201032,0.36703707324492457,0
541,RMC_02_00507,0,non_landslide,73_35,4,73.41369370056275,35.507034498929244,raster-matched control,conventional_alphaearth_embeddings,Conventional + AlphaEarth Embeddings,0.1748186496934459,0.2712461075876357,0
542,RMC_02_00983,0,non_landslide,73_35,4,73.09030019827972,35.14546259707113,raster-matched control,conventional_alphaearth_embeddings,Conventional + AlphaEarth Embeddings,0.49910245258249575,0.2712461075876357,1
543,RMC_02_01001,0,non_landslide,67_30,3,67.21082666371746,30.42256999081275,raster-matched control,conventional_alphaearth_embeddings,Conventional + AlphaEarth Embeddings,0.1293897039732709,0.3548426373798784,0
544,RMC_02_00090,0,non_landslide,71_34,5,71.8079551301991,34.54583714492135,raster-matched control,conventional_alphaearth_embeddings,Conventional + AlphaEarth Embeddings,0.10353321647514276,0.3226873891884655,0
545,RMC_02_01181,0,non_landslide,65_25,1,65.94644790131923,25.919764629163648,raster-matched control,conventional_alphaearth_embeddings,Conventional + AlphaEarth Embeddings,0.20847093393218857,0.3491602156256933,0
546,CPEC_LANDSLIDE_0212,1,landslide,74_35,5,74.29404135818827,35.90229160418156,Gilgit-Baltistan,conventional_alphaearth_embeddings,Conventional + AlphaEarth Embeddings,0.9726203394500516,0.3226873891884655,1
547,RMC_02_01074,0,non_landslide,66_26,4,66.94806944311249,26.005104581155003,raster-matched control,conventional_alphaearth_embeddings,Conventional + AlphaEarth Embeddings,0.09532918553753568,0.2712461075876357,0
548,CPEC_LANDSLIDE_0099,1,landslide,74_36,2,74.96104261196481,36.8118367415582,Gilgit-Baltistan,conventional_alphaearth_embeddings,Conventional + AlphaEarth Embeddings,0.9738910010846294,0.36703707324492457,1
549,CPEC_LANDSLIDE_0735,1,landslide,70_31,3,70.02929022415682,31.439913111461408,KP-AJK,conventional_alphaearth_embeddings,Conventional + AlphaEarth Embeddings,0.9695236998334793,0.3548426373798784,1
550,RMC_02_00174,0,non_landslide,65_29,4,65.97115157163252,29.367049531972317,raster-matched control,conventional_alphaearth_embeddings,Conventional + AlphaEarth Embeddings,0.0624911624011057,0.2712461075876357,0
551,RMC_02_00757,0,non_landslide,77_37,2,77.0541163894571,37.17790092739155,raster-matched control,conventional_alphaearth_embeddings,Conventional + AlphaEarth Embeddings,0.08768949545845646,0.36703707324492457,0
552,RMC_02_00903,0,non_landslide,75_38,2,75.34507156141972,38.81283474448908,raster-matched control,conventional_alphaearth_embeddings,Conventional + AlphaEarth Embeddings,0.10145070220975771,0.36703707324492457,0
553,CPEC_ROCKFALL_0093,1,rockfall,65_27,5,65.72860765383672,27.28071335846608,Balochistan,conventional_alphaearth_embeddings,Conventional + AlphaEarth Embeddings,0.9814641405313929,0.3226873891884655,1
554,CPEC_ROCKFALL_0080,1,rockfall,65_28,2,65.96216644881412,28.15432260045299,Balochistan,conventional_alphaearth_embeddings,Conventional + AlphaEarth Embeddings,0.9865203337227992,0.36703707324492457,1
555,CPEC_ROCKFALL_0234,1,rockfall,66_26,4,66.18674907337092,26.184768878853315,Balochistan,conventional_alphaearth_embeddings,Conventional + AlphaEarth Embeddings,0.9646338214165352,0.2712461075876357,1
556,RMC_02_01368,0,non_landslide,66_29,5,66.78861848018127,29.5691704708992,raster-matched control,conventional_alphaearth_embeddings,Conventional + AlphaEarth Embeddings,0.1546391189063421,0.3226873891884655,0
557,RMC_02_00015,0,non_landslide,74_38,1,74.97002493029981,38.36816867884992,raster-matched control,conventional_alphaearth_embeddings,Conventional + AlphaEarth Embeddings,0.11828817683177134,0.3491602156256933,0
558,CPEC_ROCKFALL_0675,1,rockfall,70_29,4,70.00907711908155,29.955447157061897,Punjab-Sindh lowland corridor,conventional_alphaearth_embeddings,Conventional + AlphaEarth Embeddings,0.9817271483143065,0.2712461075876357,1
559,RMC_02_01021,0,non_landslide,74_36,2,74.2603558558454,36.3312387721089,raster-matched control,conventional_alphaearth_embeddings,Conventional + AlphaEarth Embeddings,0.2198887764286155,0.36703707324492457,0
560,RMC_02_00978,0,non_landslide,75_36,3,75.03739857660878,36.86349057794972,raster-matched control,conventional_alphaearth_embeddings,Conventional + AlphaEarth Embeddings,0.4999995286082667,0.3548426373798784,1
561,RMC_02_01257,0,non_landslide,73_33,5,73.01169761091927,33.811464400153646,raster-matched control,conventional_alphaearth_embeddings,Conventional + AlphaEarth Embeddings,0.12812625560970653,0.3226873891884655,0
562,CPEC_ROCKFALL_0331,1,rockfall,66_25,2,66.8537458680464,25.059626205542585,Balochistan,conventional_alphaearth_embeddings,Conventional + AlphaEarth Embeddings,0.979690366575179,0.36703707324492457,1
563,RMC_02_01295,0,non_landslide,74_36,2,74.26933900868659,36.095431010027525,raster-matched control,conventional_alphaearth_embeddings,Conventional + AlphaEarth Embeddings,0.1679816538059144,0.36703707324492457,0
564,CPEC_LANDSLIDE_0709,1,landslide,67_25,3,67.88680810460349,25.89730847034188,Punjab-Sindh lowland corridor,conventional_alphaearth_embeddings,Conventional + AlphaEarth Embeddings,0.9636791166125609,0.3548426373798784,1
565,CPEC_LANDSLIDE_0473,1,landslide,75_38,2,75.06884137993187,38.75219672856095,"Kashgar (Xinjiang, China)",conventional_alphaearth_embeddings,Conventional + AlphaEarth Embeddings,0.9815559545220134,0.36703707324492457,1
566,CPEC_LANDSLIDE_0769,1,landslide,72_34,1,72.80957540378876,34.03379894885718,KP-AJK,conventional_alphaearth_embeddings,Conventional + AlphaEarth Embeddings,0.9649128560671005,0.3491602156256933,1
567,RMC_02_00367,0,non_landslide,75_38,2,75.72910134538081,38.931861519634914,raster-matched control,conventional_alphaearth_embeddings,Conventional + AlphaEarth Embeddings,0.09195474837944707,0.36703707324492457,0
568,CPEC_LANDSLIDE_0164,1,landslide,74_36,2,74.73646444650906,36.2369159245353,Gilgit-Baltistan,conventional_alphaearth_embeddings,Conventional + AlphaEarth Embeddings,0.9743389612990894,0.36703707324492457,1
569,RMC_02_01183,0,non_landslide,66_27,1,66.5662854473617,27.77703147908076,raster-matched control,conventional_alphaearth_embeddings,Conventional + AlphaEarth Embeddings,0.05847754608560073,0.3491602156256933,0
570,RMC_02_00888,0,non_landslide,76_37,1,76.90814015578769,37.058874152245714,raster-matched control,conventional_alphaearth_embeddings,Conventional + AlphaEarth Embeddings,0.12139806032240932,0.3491602156256933,0
571,RMC_02_01328,0,non_landslide,74_38,1,74.96553335387922,38.65338378155786,raster-matched control,conventional_alphaearth_embeddings,Conventional + AlphaEarth Embeddings,0.0884307887402852,0.3491602156256933,0
572,CPEC_LANDSLIDE_0418,1,landslide,75_38,2,75.01044945163699,38.55456936987223,"Kashgar (Xinjiang, China)",conventional_alphaearth_embeddings,Conventional + AlphaEarth Embeddings,0.9900294165808259,0.36703707324492457,1
573,RMC_02_00638,0,non_landslide,74_35,5,74.56129147602543,35.47334767577476,raster-matched control,conventional_alphaearth_embeddings,Conventional + AlphaEarth Embeddings,0.0256973995261846,0.3226873891884655,0
574,CPEC_LANDSLIDE_0355,1,landslide,75_37,5,75.32261327998452,37.87858748657405,"Kashgar (Xinjiang, China)",conventional_alphaearth_embeddings,Conventional + AlphaEarth Embeddings,0.9553713028517863,0.3226873891884655,1
575,RMC_02_00297,0,non_landslide,65_27,5,65.49953604746976,27.00223454652767,raster-matched control,conventional_alphaearth_embeddings,Conventional + AlphaEarth Embeddings,0.10322996238177448,0.3226873891884655,0
576,CPEC_LANDSLIDE_0860,1,landslide,73_34,2,73.44064522127664,34.40884502026041,KP-AJK,conventional_alphaearth_embeddings,Conventional + AlphaEarth Embeddings,0.8898094245704185,0.36703707324492457,1
577,RMC_02_01023,0,non_landslide,76_37,1,76.20296265775386,37.48781970041279,raster-matched control,conventional_alphaearth_embeddings,Conventional + AlphaEarth Embeddings,0.18517125947214202,0.3491602156256933,0
578,CPEC_ROCKFALL_0563,1,rockfall,67_29,1,67.55892594504255,29.65226395823601,Balochistan,conventional_alphaearth_embeddings,Conventional + AlphaEarth Embeddings,0.9678088653245293,0.3491602156256933,1
579,RMC_02_00307,0,non_landslide,70_32,5,70.1146308196338,32.12712324242954,raster-matched control,conventional_alphaearth_embeddings,Conventional + AlphaEarth Embeddings,0.08626083217576733,0.3226873891884655,0
580,CPEC_ROCKFALL_0545,1,rockfall,67_29,1,67.8890554915344,29.68819539452467,Balochistan,conventional_alphaearth_embeddings,Conventional + AlphaEarth Embeddings,0.9484144310016854,0.3491602156256933,1
581,CPEC_LANDSLIDE_0312,1,landslide,72_35,3,72.90614615530323,35.042157765578175,KP-AJK,conventional_alphaearth_embeddings,Conventional + AlphaEarth Embeddings,0.9892016798869773,0.3548426373798784,1
582,CPEC_LANDSLIDE_0971,1,landslide,75_35,1,75.800967804594,35.33410848885044,Gilgit-Baltistan,conventional_alphaearth_embeddings,Conventional + AlphaEarth Embeddings,0.6513903733125452,0.3491602156256933,1
583,CPEC_ROCKFALL_0666,1,rockfall,69_30,5,69.15568098216993,30.442782311193,Balochistan,conventional_alphaearth_embeddings,Conventional + AlphaEarth Embeddings,0.9677409493602626,0.3226873891884655,1
584,CPEC_LANDSLIDE_0064,1,landslide,75_36,3,75.30913787660101,36.81183674155819,Gilgit-Baltistan,conventional_alphaearth_embeddings,Conventional + AlphaEarth Embeddings,0.9783440793304428,0.3548426373798784,1
585,CPEC_LANDSLIDE_1021,1,landslide,74_35,5,74.72747935788637,35.53623062140103,Gilgit-Baltistan,conventional_alphaearth_embeddings,Conventional + AlphaEarth Embeddings,0.9843988927910347,0.3226873891884655,1
586,CPEC_LANDSLIDE_0937,1,landslide,72_35,3,72.68381091767738,35.610340880909305,KP-AJK,conventional_alphaearth_embeddings,Conventional + AlphaEarth Embeddings,0.2894007065720596,0.3548426373798784,0
587,RMC_02_01003,0,non_landslide,69_30,5,69.31063864034684,30.47646890785992,raster-matched control,conventional_alphaearth_embeddings,Conventional + AlphaEarth Embeddings,0.06070817514876322,0.3226873891884655,0
588,RMC_02_01262,0,non_landslide,73_35,4,73.62928936875143,35.533983957452826,raster-matched control,conventional_alphaearth_embeddings,Conventional + AlphaEarth Embeddings,0.9250328178927647,0.2712461075876357,1
589,CPEC_ROCKFALL_0935,1,rockfall,75_38,2,75.50003199269902,38.92287773958369,"Kashgar (Xinjiang, China)",conventional_alphaearth_embeddings,Conventional + AlphaEarth Embeddings,0.964694503620375,0.36703707324492457,1
590,RMC_02_00203,0,non_landslide,69_31,2,69.33983388708072,31.81271289298771,raster-matched control,conventional_alphaearth_embeddings,Conventional + AlphaEarth Embeddings,0.15839140119892134,0.36703707324492457,0
591,CPEC_LANDSLIDE_0024,1,landslide,75_38,2,75.23727500402367,38.91614003789194,"Kashgar (Xinjiang, China)",conventional_alphaearth_embeddings,Conventional + AlphaEarth Embeddings,0.26568689292724895,0.36703707324492457,0
592,RMC_02_00030,0,non_landslide,74_38,1,74.97676229493072,38.691562181132944,raster-matched control,conventional_alphaearth_embeddings,Conventional + AlphaEarth Embeddings,0.18763629543406804,0.3491602156256933,0
593,RMC_02_00348,0,non_landslide,65_26,3,65.33783929632826,26.23417497860548,raster-matched control,conventional_alphaearth_embeddings,Conventional + AlphaEarth Embeddings,0.34039532415921636,0.3548426373798784,0
594,CPEC_ROCKFALL_0303,1,rockfall,66_27,1,66.53933465276793,27.640036639554857,Balochistan,conventional_alphaearth_embeddings,Conventional + AlphaEarth Embeddings,0.9807175934597989,0.3491602156256933,1
595,CPEC_ROCKFALL_0339,1,rockfall,66_26,4,66.46297700632873,26.297057961581192,Balochistan,conventional_alphaearth_embeddings,Conventional + AlphaEarth Embeddings,0.7057671298320956,0.2712461075876357,1
596,CPEC_ROCKFALL_0569,1,rockfall,67_29,1,67.2243016246888,29.474845245521504,Balochistan,conventional_alphaearth_embeddings,Conventional + AlphaEarth Embeddings,0.5252890537798489,0.3491602156256933,1
597,RMC_02_01140,0,non_landslide,73_35,4,73.6944172268501,35.52500080461163,raster-matched control,conventional_alphaearth_embeddings,Conventional + AlphaEarth Embeddings,0.06833461601815721,0.2712461075876357,0
598,CPEC_LANDSLIDE_0875,1,landslide,73_34,2,73.48780467401788,34.37740389873258,KP-AJK,conventional_alphaearth_embeddings,Conventional + AlphaEarth Embeddings,0.7516537058953583,0.36703707324492457,1
599,RMC_02_01404,0,non_landslide,68_30,4,68.37189916844193,30.68308142320741,raster-matched control,conventional_alphaearth_embeddings,Conventional + AlphaEarth Embeddings,0.0733452414450691,0.2712461075876357,0
600,RMC_02_00972,0,non_landslide,75_36,3,75.10701801112805,36.87022794258061,raster-matched control,conventional_alphaearth_embeddings,Conventional + AlphaEarth Embeddings,0.01974141171517069,0.3548426373798784,0
601,CPEC_LANDSLIDE_0311,1,landslide,72_35,3,72.89267075191972,35.04215776557818,KP-AJK,conventional_alphaearth_embeddings,Conventional + AlphaEarth Embeddings,0.9875464741552206,0.3548426373798784,1
602,RMC_02_00021,0,non_landslide,74_38,1,74.97451650672042,38.64664641692697,raster-matched control,conventional_alphaearth_embeddings,Conventional + AlphaEarth Embeddings,0.14270683578069848,0.3491602156256933,0
603,CPEC_ROCKFALL_0636,1,rockfall,68_29,2,68.09566793884582,29.93298666505569,Balochistan,conventional_alphaearth_embeddings,Conventional + AlphaEarth Embeddings,0.9873839046958869,0.36703707324492457,1
604,CPEC_ROCKFALL_0025,1,rockfall,67_28,4,67.43091407200022,28.11614377723338,Balochistan,conventional_alphaearth_embeddings,Conventional + AlphaEarth Embeddings,0.98037361536263,0.2712461075876357,1
605,RMC_02_01491,0,non_landslide,71_35,2,71.73833569567984,35.45987294651297,raster-matched control,conventional_alphaearth_embeddings,Conventional + AlphaEarth Embeddings,0.09131483902977927,0.36703707324492457,0
606,RMC_02_00464,0,non_landslide,74_36,2,74.8195571202098,36.32225561926771,raster-matched control,conventional_alphaearth_embeddings,Conventional + AlphaEarth Embeddings,0.07311508129155486,0.36703707324492457,0
607,CPEC_LANDSLIDE_1023,1,landslide,74_35,5,74.73646444650906,35.52275521801752,Gilgit-Baltistan,conventional_alphaearth_embeddings,Conventional + AlphaEarth Embeddings,0.9857395110907566,0.3226873891884655,1
608,RMC_02_00864,0,non_landslide,75_38,2,75.00146596524401,38.58151855882831,raster-matched control,conventional_alphaearth_embeddings,Conventional + AlphaEarth Embeddings,0.12215597656187246,0.36703707324492457,0
609,CPEC_ROCKFALL_0818,1,rockfall,75_35,1,75.83465185395171,35.32961817408962,Gilgit-Baltistan,conventional_alphaearth_embeddings,Conventional + AlphaEarth Embeddings,0.7160363177223702,0.3491602156256933,1
610,RMC_02_00810,0,non_landslide,68_29,2,68.25511818150639,29.70840933993773,raster-matched control,conventional_alphaearth_embeddings,Conventional + AlphaEarth Embeddings,0.30743725980604364,0.36703707324492457,0
611,RMC_02_00265,0,non_landslide,67_26,5,67.58811908304764,26.11065662703905,raster-matched control,conventional_alphaearth_embeddings,Conventional + AlphaEarth Embeddings,0.3062044524773523,0.3226873891884655,0
612,CPEC_ROCKFALL_0508,1,rockfall,68_29,2,68.4010940655016,29.355818461101872,Balochistan,conventional_alphaearth_embeddings,Conventional + AlphaEarth Embeddings,0.965939419761753,0.36703707324492457,1
613,RMC_02_01030,0,non_landslide,63_27,3,63.54345451629951,27.08083713388813,raster-matched control,conventional_alphaearth_embeddings,Conventional + AlphaEarth Embeddings,0.08226590464500146,0.3548426373798784,0
614,RMC_02_00756,0,non_landslide,74_36,2,74.8173113319995,36.5266223464049,raster-matched control,conventional_alphaearth_embeddings,Conventional + AlphaEarth Embeddings,0.24129823926234154,0.36703707324492457,0
615,RMC_02_00064,0,non_landslide,69_31,2,69.32635915781893,31.783517646253827,raster-matched control,conventional_alphaearth_embeddings,Conventional + AlphaEarth Embeddings,0.11718324694418103,0.36703707324492457,0
616,RMC_02_00341,0,non_landslide,71_34,5,71.31388172393336,34.2718509832649,raster-matched control,conventional_alphaearth_embeddings,Conventional + AlphaEarth Embeddings,0.16808290541854465,0.3226873891884655,0
617,RMC_02_00444,0,non_landslide,74_36,2,74.88917655472906,36.32450140747801,raster-matched control,conventional_alphaearth_embeddings,Conventional + AlphaEarth Embeddings,0.0675000600056132,0.36703707324492457,0
618,RMC_02_01435,0,non_landslide,66_29,5,66.65162539935305,29.40971950796799,raster-matched control,conventional_alphaearth_embeddings,Conventional + AlphaEarth Embeddings,0.07109627845189821,0.3226873891884655,0
619,RMC_02_01472,0,non_landslide,69_30,5,69.85861096365974,30.31028058029781,raster-matched control,conventional_alphaearth_embeddings,Conventional + AlphaEarth Embeddings,0.05109621798369464,0.3226873891884655,0
620,CPEC_ROCKFALL_0225,1,rockfall,65_26,3,65.70390423400063,26.303795663272943,Balochistan,conventional_alphaearth_embeddings,Conventional + AlphaEarth Embeddings,0.9833123024311093,0.3548426373798784,1
621,RMC_02_00635,0,non_landslide,74_36,2,74.6129446048623,36.30204352537502,raster-matched control,conventional_alphaearth_embeddings,Conventional + AlphaEarth Embeddings,0.09196046520853494,0.36703707324492457,0
622,RMC_02_00407,0,non_landslide,74_35,5,74.08069279902149,35.63279863870598,raster-matched control,conventional_alphaearth_embeddings,Conventional + AlphaEarth Embeddings,0.10128403932860985,0.3226873891884655,0
623,CPEC_LANDSLIDE_0896,1,landslide,76_35,2,76.08618082617448,35.181393195972014,Gilgit-Baltistan,conventional_alphaearth_embeddings,Conventional + AlphaEarth Embeddings,0.9703049795967871,0.36703707324492457,1
624,CPEC_ROCKFALL_0200,1,rockfall,65_26,3,65.70390423400063,26.306038591102823,Balochistan,conventional_alphaearth_embeddings,Conventional + AlphaEarth Embeddings,0.9006888279326533,0.3548426373798784,1
625,RMC_02_01502,0,non_landslide,74_35,5,74.22442324448062,35.4059740294658,raster-matched control,conventional_alphaearth_embeddings,Conventional + AlphaEarth Embeddings,0.043554508297208215,0.3226873891884655,0
626,RMC_02_00381,0,non_landslide,66_29,5,66.94806944311249,29.214335933671997,raster-matched control,conventional_alphaearth_embeddings,Conventional + AlphaEarth Embeddings,0.19502302348891032,0.3226873891884655,0
627,CPEC_LANDSLIDE_0327,1,landslide,75_37,5,75.46859087117117,37.15319876360368,"Kashgar (Xinjiang, China)",conventional_alphaearth_embeddings,Conventional + AlphaEarth Embeddings,0.9857817745951186,0.3226873891884655,1
628,CPEC_ROCKFALL_0029,1,rockfall,67_28,4,67.40845803909507,28.09144035739729,Balochistan,conventional_alphaearth_embeddings,Conventional + AlphaEarth Embeddings,0.9703367155285668,0.2712461075876357,1
629,RMC_02_00179,0,non_landslide,64_26,2,64.1385883920287,26.377905424064604,raster-matched control,conventional_alphaearth_embeddings,Conventional + AlphaEarth Embeddings,0.10046647366078114,0.36703707324492457,0
630,CPEC_ROCKFALL_0082,1,rockfall,65_26,3,65.42991476977166,26.880963867226765,Balochistan,conventional_alphaearth_embeddings,Conventional + AlphaEarth Embeddings,0.9795343980064586,0.3548426373798784,1
631,RMC_02_00173,0,non_landslide,63_26,1,63.97240006446658,26.08370716851546,raster-matched control,conventional_alphaearth_embeddings,Conventional + AlphaEarth Embeddings,0.16607887837462834,0.3491602156256933,0
632,CPEC_LANDSLIDE_0222,1,landslide,74_35,5,74.38162702108005,35.87085048265372,Gilgit-Baltistan,conventional_alphaearth_embeddings,Conventional + AlphaEarth Embeddings,0.4031698304055167,0.3226873891884655,1
633,CPEC_ROCKFALL_0812,1,rockfall,75_35,1,75.81219582104656,35.338598803611255,Gilgit-Baltistan,conventional_alphaearth_embeddings,Conventional + AlphaEarth Embeddings,0.762472250245585,0.3491602156256933,1
634,RMC_02_00172,0,non_landslide,65_29,4,65.97115157163252,29.36480374376201,raster-matched control,conventional_alphaearth_embeddings,Conventional + AlphaEarth Embeddings,0.07315643933848257,0.2712461075876357,0
635,RMC_02_01165,0,non_landslide,73_35,4,73.27445483152422,35.47783925219536,raster-matched control,conventional_alphaearth_embeddings,Conventional + AlphaEarth Embeddings,0.08447006209827727,0.2712461075876357,0
636,CPEC_LANDSLIDE_0685,1,landslide,66_27,1,66.28556275271528,27.087576314538182,Balochistan,conventional_alphaearth_embeddings,Conventional + AlphaEarth Embeddings,0.0815350149037184,0.3491602156256933,0
637,RMC_02_00302,0,non_landslide,67_29,1,67.4893044017945,29.5736620473198,raster-matched control,conventional_alphaearth_embeddings,Conventional + AlphaEarth Embeddings,0.10258227345977752,0.3491602156256933,0
638,CPEC_ROCKFALL_0050,1,rockfall,63_27,3,63.264976617313145,27.291941374918657,Balochistan,conventional_alphaearth_embeddings,Conventional + AlphaEarth Embeddings,0.13238570273774064,0.3548426373798784,0
639,CPEC_ROCKFALL_0214,1,rockfall,65_26,3,65.67246311247278,26.270107154814166,Balochistan,conventional_alphaearth_embeddings,Conventional + AlphaEarth Embeddings,0.8775415825221727,0.3548426373798784,1
640,CPEC_LANDSLIDE_0004,1,landslide,73_35,4,73.20708196719819,35.291439350870014,KP-AJK,conventional_alphaearth_embeddings,Conventional + AlphaEarth Embeddings,0.7726820873501586,0.2712461075876357,1
641,RMC_02_01244,0,non_landslide,68_30,4,68.36067022739044,30.669606693945617,raster-matched control,conventional_alphaearth_embeddings,Conventional + AlphaEarth Embeddings,0.07299944511618554,0.2712461075876357,0
642,RMC_02_00688,0,non_landslide,73_34,2,73.3148790193096,34.55257450955225,raster-matched control,conventional_alphaearth_embeddings,Conventional + AlphaEarth Embeddings,0.1772204062018194,0.36703707324492457,0
643,CPEC_LANDSLIDE_0302,1,landslide,73_35,4,73.0431386578672,35.1477091466143,KP-AJK,conventional_alphaearth_embeddings,Conventional + AlphaEarth Embeddings,0.686623097856174,0.2712461075876357,1
644,CPEC_LANDSLIDE_0671,1,landslide,66_25,2,66.05648981339765,25.495311592171618,Balochistan,conventional_alphaearth_embeddings,Conventional + AlphaEarth Embeddings,0.4986690352786908,0.36703707324492457,1
645,RMC_02_00771,0,non_landslide,74_35,5,74.39959472488393,35.75407120206211,raster-matched control,conventional_alphaearth_embeddings,Conventional + AlphaEarth Embeddings,0.1692536465923285,0.3226873891884655,0
646,RMC_02_00639,0,non_landslide,74_35,5,74.6196819694932,35.51377186356014,raster-matched control,conventional_alphaearth_embeddings,Conventional + AlphaEarth Embeddings,0.04443008997800073,0.3226873891884655,0
647,RMC_02_00952,0,non_landslide,75_36,3,75.1946037513297,36.86124478973942,raster-matched control,conventional_alphaearth_embeddings,Conventional + AlphaEarth Embeddings,0.039401336478141584,0.3548426373798784,0
648,CPEC_ROCKFALL_0961,1,rockfall,75_38,2,75.48655658931551,38.98126966787858,"Kashgar (Xinjiang, China)",conventional_alphaearth_embeddings,Conventional + AlphaEarth Embeddings,0.9375452593449446,0.36703707324492457,1
649,CPEC_ROCKFALL_0194,1,rockfall,63_26,1,63.12124641305742,26.124129563627505,Balochistan,conventional_alphaearth_embeddings,Conventional + AlphaEarth Embeddings,0.45604821375725607,0.3491602156256933,1
650,RMC_02_00643,0,non_landslide,77_37,2,77.13721055323816,37.364301348846354,raster-matched control,conventional_alphaearth_embeddings,Conventional + AlphaEarth Embeddings,0.10789640214365954,0.36703707324492457,0
651,RMC_02_01125,0,non_landslide,74_35,5,74.75667505032143,35.518263439980736,raster-matched control,conventional_alphaearth_embeddings,Conventional + AlphaEarth Embeddings,0.10934767182273679,0.3226873891884655,0
652,CPEC_ROCKFALL_0106,1,rockfall,65_27,5,65.82293101842026,27.455884684249643,Balochistan,conventional_alphaearth_embeddings,Conventional + AlphaEarth Embeddings,0.9827675041355787,0.3226873891884655,1
653,RMC_02_00707,0,non_landslide,73_34,2,73.44738052371723,34.37066566451804,raster-matched control,conventional_alphaearth_embeddings,Conventional + AlphaEarth Embeddings,0.16236480437715398,0.36703707324492457,0
654,CPEC_LANDSLIDE_0358,1,landslide,75_37,5,75.51575032391243,37.83142357473175,"Kashgar (Xinjiang, China)",conventional_alphaearth_embeddings,Conventional + AlphaEarth Embeddings,0.987130673147502,0.3226873891884655,1
655,RMC_02_00163,0,non_landslide,78_39,2,78.72049124149882,39.04864250657045,raster-matched control,conventional_alphaearth_embeddings,Conventional + AlphaEarth Embeddings,0.1047333258406659,0.36703707324492457,0
656,CPEC_ROCKFALL_0074,1,rockfall,63_26,1,63.95892421875566,26.07697011088626,Balochistan,conventional_alphaearth_embeddings,Conventional + AlphaEarth Embeddings,0.8089959452338726,0.3491602156256933,1
657,RMC_02_00584,0,non_landslide,75_38,2,75.10926379933835,38.74096952175952,raster-matched control,conventional_alphaearth_embeddings,Conventional + AlphaEarth Embeddings,0.23763205637101623,0.36703707324492457,0
658,CPEC_ROCKFALL_0552,1,rockfall,67_29,1,67.69367106067557,29.587138787350423,Balochistan,conventional_alphaearth_embeddings,Conventional + AlphaEarth Embeddings,0.9843582124570965,0.3491602156256933,1
659,RMC_02_01166,0,non_landslide,73_35,4,73.20708118521526,35.42843191156879,raster-matched control,conventional_alphaearth_embeddings,Conventional + AlphaEarth Embeddings,0.27335799287138207,0.2712461075876357,1
660,RMC_02_00967,0,non_landslide,75_36,3,75.06210224692207,36.85899900152912,raster-matched control,conventional_alphaearth_embeddings,Conventional + AlphaEarth Embeddings,0.023296655713007576,0.3548426373798784,0
661,RMC_02_01195,0,non_landslide,65_25,1,65.2322872504442,25.91078147632245,raster-matched control,conventional_alphaearth_embeddings,Conventional + AlphaEarth Embeddings,0.12397579608668328,0.3491602156256933,0
662,CPEC_LANDSLIDE_0052,1,landslide,74_35,5,74.6398936949946,35.81920071515166,Gilgit-Baltistan,conventional_alphaearth_embeddings,Conventional + AlphaEarth Embeddings,0.7931986349613017,0.3226873891884655,1
663,CPEC_LANDSLIDE_0724,1,landslide,67_30,3,67.2243016246888,30.46523834409816,Balochistan,conventional_alphaearth_embeddings,Conventional + AlphaEarth Embeddings,0.9917480760329844,0.3548426373798784,1
664,RMC_02_01288,0,non_landslide,66_27,1,66.59548069409558,27.92749928917078,raster-matched control,conventional_alphaearth_embeddings,Conventional + AlphaEarth Embeddings,0.11982195252601678,0.3491602156256933,0
665,CPEC_ROCKFALL_0600,1,rockfall,66_29,5,66.90090977988869,29.96442778658354,Balochistan,conventional_alphaearth_embeddings,Conventional + AlphaEarth Embeddings,0.9868316784461864,0.3226873891884655,1
666,CPEC_ROCKFALL_0300,1,rockfall,66_27,1,66.5348443380071,27.63779371172497,Balochistan,conventional_alphaearth_embeddings,Conventional + AlphaEarth Embeddings,0.9828566947843033,0.3491602156256933,1
667,RMC_02_01115,0,non_landslide,70_31,3,70.19323340699427,31.56792197806514,raster-matched control,conventional_alphaearth_embeddings,Conventional + AlphaEarth Embeddings,0.055669822258843364,0.3548426373798784,0
668,RMC_02_01388,0,non_landslide,75_39,4,75.55617565318781,39.92449990858699,raster-matched control,conventional_alphaearth_embeddings,Conventional + AlphaEarth Embeddings,0.06284076383503025,0.2712461075876357,0
669,RMC_02_01015,0,non_landslide,74_35,5,74.79036187347592,35.700172285014936,raster-matched control,conventional_alphaearth_embeddings,Conventional + AlphaEarth Embeddings,0.5338843181790799,0.3226873891884655,1
670,CPEC_LANDSLIDE_0047,1,landslide,74_35,5,74.91163577229263,35.697926543801096,Gilgit-Baltistan,conventional_alphaearth_embeddings,Conventional + AlphaEarth Embeddings,0.5326705214998602,0.3226873891884655,1
671,RMC_02_00333,0,non_landslide,74_35,5,74.68930140401247,35.54296711029402,raster-matched control,conventional_alphaearth_embeddings,Conventional + AlphaEarth Embeddings,0.0382886819586347,0.3226873891884655,0
672,RMC_02_00651,0,non_landslide,68_30,4,68.47071384969509,30.3237553095596,raster-matched control,conventional_alphaearth_embeddings,Conventional + AlphaEarth Embeddings,0.23815989018084266,0.2712461075876357,0
673,RMC_02_00331,0,non_landslide,67_29,1,67.55443225989318,29.66349357573176,raster-matched control,conventional_alphaearth_embeddings,Conventional + AlphaEarth Embeddings,0.09684497532045228,0.3491602156256933,0
674,CPEC_LANDSLIDE_0489,1,landslide,75_38,2,75.09354479976795,38.75444411549189,"Kashgar (Xinjiang, China)",conventional_alphaearth_embeddings,Conventional + AlphaEarth Embeddings,0.5492382248708708,0.36703707324492457,1
675,CPEC_ROCKFALL_0335,1,rockfall,66_26,4,66.56179514477414,26.065742094433684,Balochistan,conventional_alphaearth_embeddings,Conventional + AlphaEarth Embeddings,0.9437575120523658,0.2712461075876357,1
676,RMC_02_01473,0,non_landslide,73_35,4,73.20258960879465,35.432923487989385,raster-matched control,conventional_alphaearth_embeddings,Conventional + AlphaEarth Embeddings,0.13010347343475756,0.2712461075876357,0
677,CPEC_ROCKFALL_0061,1,rockfall,64_26,2,64.03528186519486,26.800111446925683,Balochistan,conventional_alphaearth_embeddings,Conventional + AlphaEarth Embeddings,0.9853411149749001,0.36703707324492457,1
678,CPEC_LANDSLIDE_1020,1,landslide,74_35,5,74.72298904312555,35.540720936161854,Gilgit-Baltistan,conventional_alphaearth_embeddings,Conventional + AlphaEarth Embeddings,0.9813141333946236,0.3226873891884655,1
679,RMC_02_01013,0,non_landslide,73_35,4,73.04089285765315,35.448644005461475,raster-matched control,conventional_alphaearth_embeddings,Conventional + AlphaEarth Embeddings,0.36259423435159804,0.2712461075876357,1
680,CPEC_LANDSLIDE_0492,1,landslide,75_38,2,75.10028250145972,38.75669150242282,"Kashgar (Xinjiang, China)",conventional_alphaearth_embeddings,Conventional + AlphaEarth Embeddings,0.8224496027101597,0.36703707324492457,1
681,RMC_02_00574,0,non_landslide,75_38,2,75.16091692817523,38.752198462811016,raster-matched control,conventional_alphaearth_embeddings,Conventional + AlphaEarth Embeddings,0.08322086946159489,0.36703707324492457,0
682,RMC_02_00401,0,non_landslide,74_36,2,74.27383058510719,36.10441416286872,raster-matched control,conventional_alphaearth_embeddings,Conventional + AlphaEarth Embeddings,0.09097415463893675,0.36703707324492457,0
683,CPEC_ROCKFALL_0201,1,rockfall,65_26,3,65.7016568470697,26.303795663272943,Balochistan,conventional_alphaearth_embeddings,Conventional + AlphaEarth Embeddings,0.9836884269346544,0.3548426373798784,1
684,CPEC_ROCKFALL_0460,1,rockfall,69_28,1,69.18038440200601,28.85950267744912,Balochistan,conventional_alphaearth_embeddings,Conventional + AlphaEarth Embeddings,0.5617341213595275,0.3491602156256933,1
685,RMC_02_01083,0,non_landslide,67_27,2,67.09404567678192,27.653513127514323,raster-matched control,conventional_alphaearth_embeddings,Conventional + AlphaEarth Embeddings,0.38286618148892887,0.36703707324492457,1
686,RMC_02_01399,0,non_landslide,77_40,3,77.70090339402316,40.85425622765069,raster-matched control,conventional_alphaearth_embeddings,Conventional + AlphaEarth Embeddings,0.06725439208501072,0.3548426373798784,0
687,RMC_02_01005,0,non_landslide,70_31,3,70.03602823227335,31.43542047365751,raster-matched control,conventional_alphaearth_embeddings,Conventional + AlphaEarth Embeddings,0.05864557957384673,0.3548426373798784,0
688,CPEC_ROCKFALL_0830,1,rockfall,74_35,5,74.73421705957813,35.53174030664021,Gilgit-Baltistan,conventional_alphaearth_embeddings,Conventional + AlphaEarth Embeddings,0.988953366515137,0.3226873891884655,1
689,RMC_02_01204,0,non_landslide,67_29,1,67.4937959782151,29.378278473023805,raster-matched control,conventional_alphaearth_embeddings,Conventional + AlphaEarth Embeddings,0.415785440367862,0.3491602156256933,1
690,CPEC_ROCKFALL_0905,1,rockfall,75_38,2,75.3967235394928,38.81283604378676,"Kashgar (Xinjiang, China)",conventional_alphaearth_embeddings,Conventional + AlphaEarth Embeddings,0.9698360676057427,0.36703707324492457,1
691,CPEC_LANDSLIDE_0114,1,landslide,74_36,2,74.87794726383386,36.76692021664684,Gilgit-Baltistan,conventional_alphaearth_embeddings,Conventional + AlphaEarth Embeddings,0.10647919098115655,0.36703707324492457,0
692,RMC_02_01245,0,non_landslide,68_30,4,68.37189916844193,30.680835634997116,raster-matched control,conventional_alphaearth_embeddings,Conventional + AlphaEarth Embeddings,0.06579142920915448,0.2712461075876357,0
693,CPEC_ROCKFALL_0362,1,rockfall,66_27,1,66.90315270771858,27.860124490249788,Balochistan,conventional_alphaearth_embeddings,Conventional + AlphaEarth Embeddings,0.9711256754880369,0.3491602156256933,1
694,CPEC_ROCKFALL_0862,1,rockfall,73_35,4,73.86958844711286,35.48232900786698,Gilgit-Baltistan,conventional_alphaearth_embeddings,Conventional + AlphaEarth Embeddings,0.9783013553134416,0.2712461075876357,1
695,CPEC_LANDSLIDE_0493,1,landslide,75_38,2,75.10028250145972,38.74770641380013,"Kashgar (Xinjiang, China)",conventional_alphaearth_embeddings,Conventional + AlphaEarth Embeddings,0.9833892867772838,0.36703707324492457,1
696,RMC_02_00518,0,non_landslide,73_35,4,73.60458569843814,35.53622974566313,raster-matched control,conventional_alphaearth_embeddings,Conventional + AlphaEarth Embeddings,0.07458828775798386,0.2712461075876357,0
697,RMC_02_00979,0,non_landslide,72_35,3,72.96229027029268,35.05113949223858,raster-matched control,conventional_alphaearth_embeddings,Conventional + AlphaEarth Embeddings,0.03184095868998038,0.3548426373798784,0
698,RMC_02_01444,0,non_landslide,65_28,2,65.64102070471858,28.291316979239184,raster-matched control,conventional_alphaearth_embeddings,Conventional + AlphaEarth Embeddings,0.1302464565756778,0.36703707324492457,0
699,CPEC_ROCKFALL_0826,1,rockfall,74_35,5,74.70277593805028,35.54521125092267,Gilgit-Baltistan,conventional_alphaearth_embeddings,Conventional + AlphaEarth Embeddings,0.9719413772372536,0.3226873891884655,1
700,CPEC_LANDSLIDE_0714,1,landslide,67_29,1,67.92723431475402,29.701670797908186,Balochistan,conventional_alphaearth_embeddings,Conventional + AlphaEarth Embeddings,0.932296270050803,0.3491602156256933,1
701,CPEC_ROCKFALL_0063,1,rockfall,63_26,1,63.98362763859175,26.402609342617307,Balochistan,conventional_alphaearth_embeddings,Conventional + AlphaEarth Embeddings,0.9677179623866743,0.3491602156256933,1
702,RMC_02_00867,0,non_landslide,74_36,2,74.57925778170782,36.27958564327203,raster-matched control,conventional_alphaearth_embeddings,Conventional + AlphaEarth Embeddings,0.29509845947887275,0.36703707324492457,0
703,CPEC_LANDSLIDE_0478,1,landslide,75_38,2,75.07333169469268,38.74321609903932,"Kashgar (Xinjiang, China)",conventional_alphaearth_embeddings,Conventional + AlphaEarth Embeddings,0.9322059472409072,0.36703707324492457,1
704,CPEC_ROCKFALL_0898,1,rockfall,75_38,2,75.33159836860722,38.79262293871148,"Kashgar (Xinjiang, China)",conventional_alphaearth_embeddings,Conventional + AlphaEarth Embeddings,0.9590628977312284,0.36703707324492457,1
705,CPEC_LANDSLIDE_0944,1,landslide,72_35,3,72.39635050916593,35.491314096489674,KP-AJK,conventional_alphaearth_embeddings,Conventional + AlphaEarth Embeddings,0.936040306155887,0.3548426373798784,1
706,RMC_02_01474,0,non_landslide,70_32,5,70.33471806424309,32.93560699813711,raster-matched control,conventional_alphaearth_embeddings,Conventional + AlphaEarth Embeddings,0.1161483683079826,0.3226873891884655,0
707,RMC_02_01299,0,non_landslide,71_34,5,71.21506704268022,34.09218792644099,raster-matched control,conventional_alphaearth_embeddings,Conventional + AlphaEarth Embeddings,0.09147454959510191,0.3226873891884655,0
708,RMC_02_00324,0,non_landslide,63_25,4,63.12798369739423,25.926501993794545,raster-matched control,conventional_alphaearth_embeddings,Conventional + AlphaEarth Embeddings,0.11953531996490958,0.2712461075876357,0
709,RMC_02_00177,0,non_landslide,65_29,4,65.96665999521191,29.3895074140753,raster-matched control,conventional_alphaearth_embeddings,Conventional + AlphaEarth Embeddings,0.07600326953436068,0.2712461075876357,0
710,RMC_02_01098,0,non_landslide,67_30,3,67.35455710917658,30.04303178327225,raster-matched control,conventional_alphaearth_embeddings,Conventional + AlphaEarth Embeddings,0.07756499651978237,0.3548426373798784,0
711,CPEC_ROCKFALL_0677,1,rockfall,70_29,4,70.00458680432074,29.95769008489178,Punjab-Sindh lowland corridor,conventional_alphaearth_embeddings,Conventional + AlphaEarth Embeddings,0.6687732864553181,0.2712461075876357,1
712,CPEC_LANDSLIDE_0632,1,landslide,63_26,1,63.918502467706176,26.476719602125577,Balochistan,conventional_alphaearth_embeddings,Conventional + AlphaEarth Embeddings,0.20603399706350092,0.3491602156256933,0
713,CPEC_LANDSLIDE_1066,1,landslide,74_36,2,74.8083273190864,36.28407537727655,Gilgit-Baltistan,conventional_alphaearth_embeddings,Conventional + AlphaEarth Embeddings,0.08810032793120035,0.36703707324492457,0
714,RMC_02_00467,0,non_landslide,74_36,2,74.8442607905231,36.573783898821176,raster-matched control,conventional_alphaearth_embeddings,Conventional + AlphaEarth Embeddings,0.1862234925656863,0.36703707324492457,0
715,CPEC_ROCKFALL_0879,1,rockfall,74_38,1,74.9385821199586,38.28282729257419,"Kashgar (Xinjiang, China)",conventional_alphaearth_embeddings,Conventional + AlphaEarth Embeddings,0.9788388741080851,0.3491602156256933,1
716,RMC_02_00961,0,non_landslide,75_36,3,75.16990008101641,36.85226163689823,raster-matched control,conventional_alphaearth_embeddings,Conventional + AlphaEarth Embeddings,0.7053731943377601,0.3548426373798784,1
717,CPEC_LANDSLIDE_0123,1,landslide,74_36,2,74.71176102667297,36.73323616728911,Gilgit-Baltistan,conventional_alphaearth_embeddings,Conventional + AlphaEarth Embeddings,0.7283588588271669,0.36703707324492457,1
718,CPEC_LANDSLIDE_0474,1,landslide,75_38,2,75.07557908162362,38.75219672856095,"Kashgar (Xinjiang, China)",conventional_alphaearth_embeddings,Conventional + AlphaEarth Embeddings,0.8878859500453348,0.36703707324492457,1
719,RMC_02_00583,0,non_landslide,75_39,4,75.55842144139811,39.92449990858699,raster-matched control,conventional_alphaearth_embeddings,Conventional + AlphaEarth Embeddings,0.12333490798468535,0.2712461075876357,0
720,RMC_02_00044,0,non_landslide,68_30,4,68.6369021772572,30.20922011083437,raster-matched control,conventional_alphaearth_embeddings,Conventional + AlphaEarth Embeddings,0.1377391695912591,0.2712461075876357,0
721,RMC_02_00802,0,non_landslide,71_34,5,71.38574694666293,34.32350411210177,raster-matched control,conventional_alphaearth_embeddings,Conventional + AlphaEarth Embeddings,0.05013658667947077,0.3226873891884655,0
722,RMC_02_01243,0,non_landslide,69_31,2,69.29716391108504,31.21308744083793,raster-matched control,conventional_alphaearth_embeddings,Conventional + AlphaEarth Embeddings,0.08605778559428647,0.36703707324492457,0
723,RMC_02_01037,0,non_landslide,69_28,1,69.38025807486609,28.805602479397614,raster-matched control,conventional_alphaearth_embeddings,Conventional + AlphaEarth Embeddings,0.10244400461407187,0.3491602156256933,0
724,RMC_02_00506,0,non_landslide,74_35,5,74.31650056110287,35.97640423488169,raster-matched control,conventional_alphaearth_embeddings,Conventional + AlphaEarth Embeddings,0.45414216009434133,0.3226873891884655,1
725,CPEC_ROCKFALL_0524,1,rockfall,67_29,1,67.90028350798698,29.681457692832915,Balochistan,conventional_alphaearth_embeddings,Conventional + AlphaEarth Embeddings,0.9416836636461188,0.3491602156256933,1
726,RMC_02_00745,0,non_landslide,74_35,5,74.61519039307261,35.778774872375394,raster-matched control,conventional_alphaearth_embeddings,Conventional + AlphaEarth Embeddings,0.12447857438673912,0.3226873891884655,0
727,RMC_02_01327,0,non_landslide,75_37,5,75.45286939551406,37.15319725707826,raster-matched control,conventional_alphaearth_embeddings,Conventional + AlphaEarth Embeddings,0.40071156256551715,0.3226873891884655,1
728,RMC_02_00993,0,non_landslide,75_36,3,75.53596355929511,36.93086422425869,raster-matched control,conventional_alphaearth_embeddings,Conventional + AlphaEarth Embeddings,0.13239751258427165,0.3548426373798784,0
729,CPEC_ROCKFALL_0523,1,rockfall,67_29,1,67.89803612105605,29.68370507976385,Balochistan,conventional_alphaearth_embeddings,Conventional + AlphaEarth Embeddings,0.988201652814185,0.3491602156256933,1
730,CPEC_LANDSLIDE_0183,1,landslide,74_36,2,74.34120527003057,36.275094747754906,Gilgit-Baltistan,conventional_alphaearth_embeddings,Conventional + AlphaEarth Embeddings,0.9523961501701267,0.36703707324492457,1
731,RMC_02_00818,0,non_landslide,68_29,2,68.6369021772572,29.11327546420855,raster-matched control,conventional_alphaearth_embeddings,Conventional + AlphaEarth Embeddings,0.2919365062982757,0.36703707324492457,0
732,CPEC_ROCKFALL_0850,1,rockfall,74_35,5,74.61294288822755,35.74733338347328,Gilgit-Baltistan,conventional_alphaearth_embeddings,Conventional + AlphaEarth Embeddings,0.9824356338078147,0.3226873891884655,1
733,CPEC_LANDSLIDE_0698,1,landslide,66_27,1,66.55505744308238,27.608595518027013,Balochistan,conventional_alphaearth_embeddings,Conventional + AlphaEarth Embeddings,0.896549453243631,0.3491602156256933,1
734,CPEC_LANDSLIDE_0461,1,landslide,75_38,2,75.01493976639782,38.72749330872486,"Kashgar (Xinjiang, China)",conventional_alphaearth_embeddings,Conventional + AlphaEarth Embeddings,0.9800576653037699,0.36703707324492457,1
735,RMC_02_00831,0,non_landslide,69_28,1,69.62504898978867,28.95382450127733,raster-matched control,conventional_alphaearth_embeddings,Conventional + AlphaEarth Embeddings,0.1667918967190598,0.3491602156256933,0
736,CPEC_ROCKFALL_0825,1,rockfall,75_35,1,75.99635223545282,35.194868599355544,Gilgit-Baltistan,conventional_alphaearth_embeddings,Conventional + AlphaEarth Embeddings,0.9710849128011337,0.3491602156256933,1
737,RMC_02_01464,0,non_landslide,74_35,5,74.6286651223344,35.67996019112225,raster-matched control,conventional_alphaearth_embeddings,Conventional + AlphaEarth Embeddings,0.08602174124105544,0.3226873891884655,0
738,RMC_02_01428,0,non_landslide,65_27,5,65.69042804534516,27.30541595491801,raster-matched control,conventional_alphaearth_embeddings,Conventional + AlphaEarth Embeddings,0.31079345403067227,0.3226873891884655,0
739,CPEC_LANDSLIDE_0191,1,landslide,74_36,2,74.30751676157178,36.21895020639097,Gilgit-Baltistan,conventional_alphaearth_embeddings,Conventional + AlphaEarth Embeddings,0.9819043884552189,0.36703707324492457,1
740,RMC_02_01226,0,non_landslide,66_26,4,66.9345947138507,26.74172311413301,raster-matched control,conventional_alphaearth_embeddings,Conventional + AlphaEarth Embeddings,0.11920921169855189,0.2712461075876357,0
741,RMC_02_01321,0,non_landslide,73_35,4,73.76403666136936,35.51377186356014,raster-matched control,conventional_alphaearth_embeddings,Conventional + AlphaEarth Embeddings,0.05547004349724209,0.2712461075876357,0
742,CPEC_ROCKFALL_0429,1,rockfall,70_29,4,70.02479990939601,29.5220091573638,Punjab-Sindh lowland corridor,conventional_alphaearth_embeddings,Conventional + AlphaEarth Embeddings,0.9725488894569997,0.2712461075876357,1
743,RMC_02_00399,0,non_landslide,73_33,5,73.47882155866141,33.95744063382307,raster-matched control,conventional_alphaearth_embeddings,Conventional + AlphaEarth Embeddings,0.16787523118389724,0.3226873891884655,0
744,CPEC_LANDSLIDE_0314,1,landslide,72_34,1,72.94881529328366,34.77041568828013,KP-AJK,conventional_alphaearth_embeddings,Conventional + AlphaEarth Embeddings,0.9850522523932179,0.3491602156256933,1
745,RMC_02_00400,0,non_landslide,73_33,5,73.48106734687171,33.96193221024367,raster-matched control,conventional_alphaearth_embeddings,Conventional + AlphaEarth Embeddings,0.3436900924636723,0.3226873891884655,1
746,CPEC_LANDSLIDE_0736,1,landslide,70_31,3,70.04501301447128,31.444403426222223,KP-AJK,conventional_alphaearth_embeddings,Conventional + AlphaEarth Embeddings,0.9893203796186614,0.3548426373798784,1
747,CPEC_ROCKFALL_0504,1,rockfall,68_29,2,68.5111402203996,29.33111504126578,Balochistan,conventional_alphaearth_embeddings,Conventional + AlphaEarth Embeddings,0.9722141806902391,0.36703707324492457,1
748,RMC_02_01255,0,non_landslide,72_33,4,72.9600444820824,33.86536331720082,raster-matched control,conventional_alphaearth_embeddings,Conventional + AlphaEarth Embeddings,0.09676283695034912,0.2712461075876357,0
749,CPEC_ROCKFALL_0272,1,rockfall,66_27,1,66.28331536578433,27.087576314538182,Balochistan,conventional_alphaearth_embeddings,Conventional + AlphaEarth Embeddings,0.9771062109530904,0.3491602156256933,1
750,CPEC_ROCKFALL_0805,1,rockfall,75_35,1,75.25075040740718,35.58788484800415,Gilgit-Baltistan,conventional_alphaearth_embeddings,Conventional + AlphaEarth Embeddings,0.9826579337286753,0.3491602156256933,1
751,CPEC_LANDSLIDE_0266,1,landslide,73_35,4,73.84263764034584,35.489066709558735,Gilgit-Baltistan,conventional_alphaearth_embeddings,Conventional + AlphaEarth Embeddings,0.9769016752250796,0.2712461075876357,1
752,RMC_02_00850,0,non_landslide,78_40,4,78.10739106008725,40.85874780407129,raster-matched control,conventional_alphaearth_embeddings,Conventional + AlphaEarth Embeddings,0.08498647243934357,0.2712461075876357,0
753,RMC_02_01113,0,non_landslide,67_30,3,67.78125686913334,30.880710785713703,raster-matched control,conventional_alphaearth_embeddings,Conventional + AlphaEarth Embeddings,0.1014250531930725,0.3548426373798784,0
754,CPEC_ROCKFALL_0033,1,rockfall,67_27,2,67.35904674032183,27.93423474975805,Balochistan,conventional_alphaearth_embeddings,Conventional + AlphaEarth Embeddings,0.9361872769648748,0.36703707324492457,1
755,RMC_02_00466,0,non_landslide,77_37,2,77.04962481303652,37.18239250381215,raster-matched control,conventional_alphaearth_embeddings,Conventional + AlphaEarth Embeddings,0.09583871829745148,0.36703707324492457,0
756,RMC_02_00816,0,non_landslide,67_25,3,67.15468195845999,25.877094653167973,raster-matched control,conventional_alphaearth_embeddings,Conventional + AlphaEarth Embeddings,0.0812106729120171,0.3548426373798784,0
757,CPEC_ROCKFALL_0226,1,rockfall,65_26,3,65.7016568470697,26.303795663272943,Balochistan,conventional_alphaearth_embeddings,Conventional + AlphaEarth Embeddings,0.9836884269346544,0.3548426373798784,1
758,RMC_02_01390,0,non_landslide,74_35,5,74.73197138000815,35.855131671525555,raster-matched control,conventional_alphaearth_embeddings,Conventional + AlphaEarth Embeddings,0.12296634404814887,0.3226873891884655,0
759,CPEC_LANDSLIDE_0333,1,landslide,75_37,5,75.32486066691546,37.72362926586575,"Kashgar (Xinjiang, China)",conventional_alphaearth_embeddings,Conventional + AlphaEarth Embeddings,0.06726934482823532,0.3226873891884655,0
760,CPEC_ROCKFALL_0724,1,rockfall,72_33,4,72.89267075191972,33.804726009539564,KP-AJK,conventional_alphaearth_embeddings,Conventional + AlphaEarth Embeddings,0.95075190373567,0.2712461075876357,1
761,CPEC_ROCKFALL_0676,1,rockfall,70_29,4,70.0113245060125,29.955447157061897,Punjab-Sindh lowland corridor,conventional_alphaearth_embeddings,Conventional + AlphaEarth Embeddings,0.9732480218715506,0.2712461075876357,1
762,CPEC_LANDSLIDE_0294,1,landslide,73_35,4,73.22280029841158,35.444154643748426,KP-AJK,conventional_alphaearth_embeddings,Conventional + AlphaEarth Embeddings,0.9781496090539189,0.2712461075876357,1
763,RMC_02_00790,0,non_landslide,65_26,3,65.27944880286049,26.602484245094484,raster-matched control,conventional_alphaearth_embeddings,Conventional + AlphaEarth Embeddings,0.05720522003271833,0.3548426373798784,0
764,RMC_02_00186,0,non_landslide,66_27,1,66.28107034465374,27.132490262725,raster-matched control,conventional_alphaearth_embeddings,Conventional + AlphaEarth Embeddings,0.10727520790649468,0.3491602156256933,0
765,RMC_02_00025,0,non_landslide,75_37,5,75.46185254835525,37.209341962335735,raster-matched control,conventional_alphaearth_embeddings,Conventional + AlphaEarth Embeddings,0.5626976994966939,0.3226873891884655,1
766,CPEC_ROCKFALL_0706,1,rockfall,72_32,2,72.57825953664126,32.63916158517935,Punjab-Sindh lowland corridor,conventional_alphaearth_embeddings,Conventional + AlphaEarth Embeddings,0.9763295349434902,0.36703707324492457,1
767,RMC_02_00531,0,non_landslide,74_36,2,74.58374935812843,36.26386512579994,raster-matched control,conventional_alphaearth_embeddings,Conventional + AlphaEarth Embeddings,0.6876050525461296,0.36703707324492457,1
768,RMC_02_00980,0,non_landslide,70_33,2,70.5053979682258,33.38701042840717,raster-matched control,conventional_alphaearth_embeddings,Conventional + AlphaEarth Embeddings,0.060978077375965216,0.36703707324492457,0
769,RMC_02_01360,0,non_landslide,67_29,1,67.38599814412076,29.717392492778927,raster-matched control,conventional_alphaearth_embeddings,Conventional + AlphaEarth Embeddings,0.13532174725662116,0.3491602156256933,0
770,RMC_02_01067,0,non_landslide,64_25,5,64.291301990329,25.888323594219464,raster-matched control,conventional_alphaearth_embeddings,Conventional + AlphaEarth Embeddings,0.3570428950287688,0.3226873891884655,1
771,RMC_02_00382,0,non_landslide,76_37,1,76.62067926486944,37.78201795596193,raster-matched control,conventional_alphaearth_embeddings,Conventional + AlphaEarth Embeddings,0.30880189305658506,0.3491602156256933,0
772,CPEC_LANDSLIDE_0764,1,landslide,72_34,1,72.80508508902794,34.03155156192625,KP-AJK,conventional_alphaearth_embeddings,Conventional + AlphaEarth Embeddings,0.9096322541092826,0.3491602156256933,1
773,RMC_02_00236,0,non_landslide,69_32,4,69.84289044618765,32.237166864734185,raster-matched control,conventional_alphaearth_embeddings,Conventional + AlphaEarth Embeddings,0.11906777919233844,0.2712461075876357,0
774,CPEC_LANDSLIDE_0201,1,landslide,74_36,2,74.27832302697487,36.16954336671879,Gilgit-Baltistan,conventional_alphaearth_embeddings,Conventional + AlphaEarth Embeddings,0.9554525117473756,0.36703707324492457,1
775,RMC_02_01265,0,non_landslide,73_35,4,73.55742414602187,35.522755016401334,raster-matched control,conventional_alphaearth_embeddings,Conventional + AlphaEarth Embeddings,0.1233191624061448,0.2712461075876357,0
776,RMC_02_01350,0,non_landslide,74_35,5,74.8195571202098,35.43067769977908,raster-matched control,conventional_alphaearth_embeddings,Conventional + AlphaEarth Embeddings,0.7755531390632772,0.3226873891884655,1
777,RMC_02_00729,0,non_landslide,73_36,1,73.77301981421056,36.31776404284711,raster-matched control,conventional_alphaearth_embeddings,Conventional + AlphaEarth Embeddings,0.43058605561139207,0.3491602156256933,1
778,CPEC_LANDSLIDE_0948,1,landslide,75_35,1,75.2709590533814,35.58339007414227,Gilgit-Baltistan,conventional_alphaearth_embeddings,Conventional + AlphaEarth Embeddings,0.9722189696289016,0.3491602156256933,1
779,RMC_02_00063,0,non_landslide,66_27,1,66.44950446042616,27.610843151518647,raster-matched control,conventional_alphaearth_embeddings,Conventional + AlphaEarth Embeddings,0.4409940274551433,0.3491602156256933,1
780,CPEC_ROCKFALL_0580,1,rockfall,67_29,1,67.21981130992799,29.459126914308104,Balochistan,conventional_alphaearth_embeddings,Conventional + AlphaEarth Embeddings,0.968617879587455,0.3491602156256933,1
781,RMC_02_00765,0,non_landslide,73_35,4,73.8785718600946,35.661993885439855,raster-matched control,conventional_alphaearth_embeddings,Conventional + AlphaEarth Embeddings,0.06401744675908833,0.2712461075876357,0
782,CPEC_ROCKFALL_0510,1,rockfall,68_29,2,68.40783176719336,29.360313234963748,Balochistan,conventional_alphaearth_embeddings,Conventional + AlphaEarth Embeddings,0.12142853721031574,0.36703707324492457,0
783,RMC_02_00222,0,non_landslide,65_26,3,65.49279868283887,26.99998875831737,raster-matched control,conventional_alphaearth_embeddings,Conventional + AlphaEarth Embeddings,0.08297057503684441,0.3548426373798784,0
784,CPEC_LANDSLIDE_0269,1,landslide,73_35,4,73.82691930913244,35.48682378172885,Gilgit-Baltistan,conventional_alphaearth_embeddings,Conventional + AlphaEarth Embeddings,0.9696376657424595,0.2712461075876357,1
785,RMC_02_00971,0,non_landslide,74_36,2,74.95879598924833,36.82082060195404,raster-matched control,conventional_alphaearth_embeddings,Conventional + AlphaEarth Embeddings,0.137118858512807,0.36703707324492457,0
786,RMC_02_00109,0,non_landslide,76_37,1,76.34669310321298,37.959435224575536,raster-matched control,conventional_alphaearth_embeddings,Conventional + AlphaEarth Embeddings,0.33406130994971883,0.3491602156256933,0
787,RMC_02_01452,0,non_landslide,66_29,5,66.90315367890652,29.92175921991612,raster-matched control,conventional_alphaearth_embeddings,Conventional + AlphaEarth Embeddings,0.12711070990924733,0.3226873891884655,0
788,CPEC_ROCKFALL_0004,1,rockfall,76_38,3,76.00533286497446,38.44228028714435,"Kashgar (Xinjiang, China)",conventional_alphaearth_embeddings,Conventional + AlphaEarth Embeddings,0.2464909781719308,0.3548426373798784,0
789,CPEC_LANDSLIDE_0591,1,landslide,66_27,1,66.9256131997248,27.92974443499724,Balochistan,conventional_alphaearth_embeddings,Conventional + AlphaEarth Embeddings,0.975123310271568,0.3491602156256933,1
790,RMC_02_00974,0,non_landslide,75_36,3,75.07557697618387,36.856753213318825,raster-matched control,conventional_alphaearth_embeddings,Conventional + AlphaEarth Embeddings,0.06919803868372831,0.3548426373798784,0
791,RMC_02_00196,0,non_landslide,66_27,1,66.51238653031453,27.559190022681776,raster-matched control,conventional_alphaearth_embeddings,Conventional + AlphaEarth Embeddings,0.5460970624323653,0.3491602156256933,1
792,CPEC_LANDSLIDE_0554,1,landslide,75_38,2,75.40570862811549,38.81732635854758,"Kashgar (Xinjiang, China)",conventional_alphaearth_embeddings,Conventional + AlphaEarth Embeddings,0.9791792261078102,0.36703707324492457,1
793,RMC_02_00795,0,non_landslide,67_29,1,67.45561757864002,29.5691704708992,raster-matched control,conventional_alphaearth_embeddings,Conventional + AlphaEarth Embeddings,0.09326122826020604,0.3491602156256933,0
794,CPEC_ROCKFALL_0500,1,rockfall,68_29,2,68.52236823685217,29.32437733957402,Balochistan,conventional_alphaearth_embeddings,Conventional + AlphaEarth Embeddings,0.9746203887596908,0.36703707324492457,1
795,RMC_02_01440,0,non_landslide,66_29,5,66.64713382293246,29.31090482671484,raster-matched control,conventional_alphaearth_embeddings,Conventional + AlphaEarth Embeddings,0.07453791960412998,0.3226873891884655,0
796,RMC_02_00697,0,non_landslide,73_33,5,73.44513473550693,33.96193221024367,raster-matched control,conventional_alphaearth_embeddings,Conventional + AlphaEarth Embeddings,0.07984374921904759,0.3226873891884655,0
797,CPEC_ROCKFALL_0670,1,rockfall,69_30,5,69.8563662853042,30.31477043815067,Balochistan,conventional_alphaearth_embeddings,Conventional + AlphaEarth Embeddings,0.9399047790727935,0.3226873891884655,1
798,RMC_02_00744,0,non_landslide,74_39,3,74.460231006562,39.65949689977173,raster-matched control,conventional_alphaearth_embeddings,Conventional + AlphaEarth Embeddings,0.07833478897240367,0.3548426373798784,0
799,RMC_02_00918,0,non_landslide,66_28,3,66.07670361751656,28.30479170850098,raster-matched control,conventional_alphaearth_embeddings,Conventional + AlphaEarth Embeddings,0.09250301355920128,0.3548426373798784,0
800,RMC_02_01337,0,non_landslide,75_40,1,75.36752944352271,40.14458715319627,raster-matched control,conventional_alphaearth_embeddings,Conventional + AlphaEarth Embeddings,0.1915950553595163,0.3491602156256933,0
801,RMC_02_00085,0,non_landslide,72_33,4,72.82978876588506,33.48357932145002,raster-matched control,conventional_alphaearth_embeddings,Conventional + AlphaEarth Embeddings,0.07853067751291945,0.2712461075876357,0
802,CPEC_ROCKFALL_0084,1,rockfall,65_27,5,65.638774604014,27.148211170662936,Balochistan,conventional_alphaearth_embeddings,Conventional + AlphaEarth Embeddings,0.9630586579115865,0.3226873891884655,1
803,RMC_02_00733,0,non_landslide,75_35,1,75.5696503824496,35.68669755575315,raster-matched control,conventional_alphaearth_embeddings,Conventional + AlphaEarth Embeddings,0.4500774734149763,0.3491602156256933,1
804,CPEC_LANDSLIDE_0755,1,landslide,72_32,2,72.48618355898866,32.62344325396595,Punjab-Sindh lowland corridor,conventional_alphaearth_embeddings,Conventional + AlphaEarth Embeddings,0.9817428532725063,0.36703707324492457,1
805,CPEC_ROCKFALL_0868,1,rockfall,73_35,4,73.43166013265395,35.525002604948455,KP-AJK,conventional_alphaearth_embeddings,Conventional + AlphaEarth Embeddings,0.9800690929994439,0.2712461075876357,1
806,CPEC_LANDSLIDE_0018,1,landslide,74_39,3,74.55455541903373,39.42368829709831,"Kashgar (Xinjiang, China)",conventional_alphaearth_embeddings,Conventional + AlphaEarth Embeddings,0.15844584640813933,0.3548426373798784,0
807,RMC_02_01042,0,non_landslide,68_26,1,68.8277941751326,26.923631959167214,raster-matched control,conventional_alphaearth_embeddings,Conventional + AlphaEarth Embeddings,0.09422959353347765,0.3491602156256933,0
808,RMC_02_01176,0,non_landslide,65_25,1,65.62305439903619,25.6345495264557,raster-matched control,conventional_alphaearth_embeddings,Conventional + AlphaEarth Embeddings,0.7766015184300401,0.3491602156256933,1
809,CPEC_ROCKFALL_0938,1,rockfall,75_38,2,75.50452230745985,38.92961544127546,"Kashgar (Xinjiang, China)",conventional_alphaearth_embeddings,Conventional + AlphaEarth Embeddings,0.9384347610243685,0.36703707324492457,1
810,RMC_02_00910,0,non_landslide,77_37,2,77.2472541755428,37.43616657157592,raster-matched control,conventional_alphaearth_embeddings,Conventional + AlphaEarth Embeddings,0.09161770658046384,0.36703707324492457,0
811,RMC_02_01099,0,non_landslide,67_30,3,67.18836878161446,30.287822698194823,raster-matched control,conventional_alphaearth_embeddings,Conventional + AlphaEarth Embeddings,0.07922200125114658,0.3548426373798784,0
812,RMC_02_00182,0,non_landslide,66_26,4,66.28556192107435,26.99998875831737,raster-matched control,conventional_alphaearth_embeddings,Conventional + AlphaEarth Embeddings,0.07382610050063268,0.2712461075876357,0
813,CPEC_LANDSLIDE_0581,1,landslide,74_38,1,74.8936700541483,38.81957374547851,"Kashgar (Xinjiang, China)",conventional_alphaearth_embeddings,Conventional + AlphaEarth Embeddings,0.6043353357173603,0.3491602156256933,1
814,RMC_02_00791,0,non_landslide,63_26,1,63.92074693562971,26.06349507462277,raster-matched control,conventional_alphaearth_embeddings,Conventional + AlphaEarth Embeddings,0.10852616501973826,0.3491602156256933,0
815,CPEC_LANDSLIDE_0281,1,landslide,73_35,4,73.49005206094881,35.52724553277834,KP-AJK,conventional_alphaearth_embeddings,Conventional + AlphaEarth Embeddings,0.9693642468100194,0.2712461075876357,1
816,RMC_02_00336,0,non_landslide,67_29,1,67.3096413449706,29.629806752577277,raster-matched control,conventional_alphaearth_embeddings,Conventional + AlphaEarth Embeddings,0.5094663880211319,0.3491602156256933,1
817,CPEC_LANDSLIDE_0969,1,landslide,75_35,1,75.79872041766305,35.32961817408962,Gilgit-Baltistan,conventional_alphaearth_embeddings,Conventional + AlphaEarth Embeddings,0.4961107735668157,0.3491602156256933,1
818,CPEC_ROCKFALL_0400,1,rockfall,67_25,3,67.88456517677359,25.87035766357484,Punjab-Sindh lowland corridor,conventional_alphaearth_embeddings,Conventional + AlphaEarth Embeddings,0.7494224084872009,0.3548426373798784,1
819,CPEC_ROCKFALL_0620,1,rockfall,67_30,3,67.20633590654447,30.276591614931068,Balochistan,conventional_alphaearth_embeddings,Conventional + AlphaEarth Embeddings,0.9768491319868492,0.3548426373798784,1
820,RMC_02_00419,0,non_landslide,74_36,2,74.84650657873338,36.74221801459358,raster-matched control,conventional_alphaearth_embeddings,Conventional + AlphaEarth Embeddings,0.09226841674012021,0.36703707324492457,0
821,RMC_02_01343,0,non_landslide,74_38,1,74.97002493029981,38.67359587545055,raster-matched control,conventional_alphaearth_embeddings,Conventional + AlphaEarth Embeddings,0.05844670017249153,0.3491602156256933,0
822,CPEC_LANDSLIDE_0691,1,landslide,66_27,1,66.46522439325966,27.561436065285765,Balochistan,conventional_alphaearth_embeddings,Conventional + AlphaEarth Embeddings,0.9833420002271083,0.3491602156256933,1
823,RMC_02_00634,0,non_landslide,74_36,2,74.6219277577035,36.29306037253382,raster-matched control,conventional_alphaearth_embeddings,Conventional + AlphaEarth Embeddings,0.1919720123027828,0.36703707324492457,0
824,RMC_02_00501,0,non_landslide,73_35,4,73.61806042769994,35.52724659282193,raster-matched control,conventional_alphaearth_embeddings,Conventional + AlphaEarth Embeddings,0.06284219061066551,0.2712461075876357,0
825,RMC_02_00935,0,non_landslide,75_40,1,75.0082033298749,40.18276555277135,raster-matched control,conventional_alphaearth_embeddings,Conventional + AlphaEarth Embeddings,0.13167110591298167,0.3491602156256933,0
826,CPEC_LANDSLIDE_0015,1,landslide,74_39,3,74.60845257346674,39.300171197917855,"Kashgar (Xinjiang, China)",conventional_alphaearth_embeddings,Conventional + AlphaEarth Embeddings,0.5670214241888899,0.3548426373798784,1
827,CPEC_LANDSLIDE_0284,1,landslide,73_35,4,73.40021901112611,35.51377012939483,KP-AJK,conventional_alphaearth_embeddings,Conventional + AlphaEarth Embeddings,0.9738244429292737,0.2712461075876357,1
828,RMC_02_00847,0,non_landslide,76_34,5,76.17825898744057,34.98376584592962,raster-matched control,conventional_alphaearth_embeddings,Conventional + AlphaEarth Embeddings,0.5163439327737291,0.3226873891884655,1
829,CPEC_ROCKFALL_0418,1,rockfall,70_29,4,70.0203095946352,29.50628636704935,Punjab-Sindh lowland corridor,conventional_alphaearth_embeddings,Conventional + AlphaEarth Embeddings,0.8709745565875922,0.2712461075876357,1
830,CPEC_ROCKFALL_0410,1,rockfall,67_26,5,67.15019136518053,26.867488463843248,Balochistan,conventional_alphaearth_embeddings,Conventional + AlphaEarth Embeddings,0.915939135552865,0.3226873891884655,1
831,RMC_02_00429,0,non_landslide,75_36,3,75.03739857660878,36.85450742510852,raster-matched control,conventional_alphaearth_embeddings,Conventional + AlphaEarth Embeddings,0.13524578197045745,0.3548426373798784,0
832,RMC_02_01442,0,non_landslide,67_28,4,67.00421414836997,28.00834766474153,raster-matched control,conventional_alphaearth_embeddings,Conventional + AlphaEarth Embeddings,0.2739727180103603,0.2712461075876357,1
833,CPEC_LANDSLIDE_0553,1,landslide,75_38,2,75.40346124118454,38.81732635854758,"Kashgar (Xinjiang, China)",conventional_alphaearth_embeddings,Conventional + AlphaEarth Embeddings,0.979490731533223,0.36703707324492457,1
834,CPEC_LANDSLIDE_0268,1,landslide,73_35,4,73.83140962389326,35.48682378172885,Gilgit-Baltistan,conventional_alphaearth_embeddings,Conventional + AlphaEarth Embeddings,0.9706029274704654,0.2712461075876357,1
835,RMC_02_01208,0,non_landslide,68_25,4,68.18999032340773,25.782771548335425,raster-matched control,conventional_alphaearth_embeddings,Conventional + AlphaEarth Embeddings,0.1529382479209784,0.2712461075876357,0
836,RMC_02_00294,0,non_landslide,65_26,3,65.46584922431528,26.9483356294805,raster-matched control,conventional_alphaearth_embeddings,Conventional + AlphaEarth Embeddings,0.059488066892075496,0.3548426373798784,0
837,CPEC_LANDSLIDE_0055,1,landslide,75_36,3,75.38774290997115,36.83878754832522,Gilgit-Baltistan,conventional_alphaearth_embeddings,Conventional + AlphaEarth Embeddings,0.9920211826995655,0.3548426373798784,1
838,RMC_02_00702,0,non_landslide,73_34,2,73.36877793635678,34.617702367650914,raster-matched control,conventional_alphaearth_embeddings,Conventional + AlphaEarth Embeddings,0.1303997061182987,0.36703707324492457,0
839,RMC_02_01108,0,non_landslide,67_30,3,67.3029039803397,30.092439123898828,raster-matched control,conventional_alphaearth_embeddings,Conventional + AlphaEarth Embeddings,0.052880486473416345,0.3548426373798784,0
840,CPEC_ROCKFALL_0015,1,rockfall,76_37,1,76.06596772109923,37.84489897811525,"Kashgar (Xinjiang, China)",conventional_alphaearth_embeddings,Conventional + AlphaEarth Embeddings,0.9894433983371473,0.3491602156256933,1
841,CPEC_LANDSLIDE_1006,1,landslide,75_35,1,75.95143571054146,35.203853687978224,Gilgit-Baltistan,conventional_alphaearth_embeddings,Conventional + AlphaEarth Embeddings,0.9535256079705431,0.3491602156256933,1
842,CPEC_ROCKFALL_0062,1,rockfall,64_26,2,64.03303447826393,26.797868519095804,Balochistan,conventional_alphaearth_embeddings,Conventional + AlphaEarth Embeddings,0.9862187813796748,0.36703707324492457,1
843,CPEC_ROCKFALL_0608,1,rockfall,66_29,5,66.94357891786912,29.8319255987804,Balochistan,conventional_alphaearth_embeddings,Conventional + AlphaEarth Embeddings,0.9118195668140651,0.3226873891884655,1
844,RMC_02_00145,0,non_landslide,73_36,1,73.23852222015944,36.22344093801456,raster-matched control,conventional_alphaearth_embeddings,Conventional + AlphaEarth Embeddings,0.14115242712601309,0.3491602156256933,0
845,RMC_02_00141,0,non_landslide,75_35,1,75.565158806029,35.367795629890715,raster-matched control,conventional_alphaearth_embeddings,Conventional + AlphaEarth Embeddings,0.0717957227828364,0.3491602156256933,0
846,CPEC_ROCKFALL_0495,1,rockfall,68_29,2,68.55156197144908,29.315396710052383,Balochistan,conventional_alphaearth_embeddings,Conventional + AlphaEarth Embeddings,0.9408922123147362,0.36703707324492457,1
847,CPEC_LANDSLIDE_0922,1,landslide,76_35,2,76.15804815785287,35.172412566450376,Gilgit-Baltistan,conventional_alphaearth_embeddings,Conventional + AlphaEarth Embeddings,0.9567633613736874,0.36703707324492457,1
848,CPEC_LANDSLIDE_0565,1,landslide,75_38,2,75.47757150069282,38.833044689760975,"Kashgar (Xinjiang, China)",conventional_alphaearth_embeddings,Conventional + AlphaEarth Embeddings,0.9196796222024998,0.36703707324492457,1
849,CPEC_LANDSLIDE_0539,1,landslide,75_38,2,75.37651043441753,38.81283604378677,"Kashgar (Xinjiang, China)",conventional_alphaearth_embeddings,Conventional + AlphaEarth Embeddings,0.9805719257935187,0.36703707324492457,1
850,CPEC_LANDSLIDE_0463,1,landslide,75_38,2,75.03066255671226,38.74096871210836,"Kashgar (Xinjiang, China)",conventional_alphaearth_embeddings,Conventional + AlphaEarth Embeddings,0.9478956591482584,0.36703707324492457,1
851,RMC_02_01478,0,non_landslide,71_35,2,71.71587781357685,35.44415242904088,raster-matched control,conventional_alphaearth_embeddings,Conventional + AlphaEarth Embeddings,0.09531084675440565,0.36703707324492457,0
852,CPEC_LANDSLIDE_0022,1,landslide,75_39,4,75.07333169469268,39.1002964522982,"Kashgar (Xinjiang, China)",conventional_alphaearth_embeddings,Conventional + AlphaEarth Embeddings,0.9343584244672084,0.2712461075876357,1
853,CPEC_ROCKFALL_0008,1,rockfall,75_38,2,75.87058774934144,38.40859177868556,"Kashgar (Xinjiang, China)",conventional_alphaearth_embeddings,Conventional + AlphaEarth Embeddings,0.3696169312487778,0.36703707324492457,1
854,RMC_02_00677,0,non_landslide,73_33,5,73.48106734687171,33.99337324518785,raster-matched control,conventional_alphaearth_embeddings,Conventional + AlphaEarth Embeddings,0.16013001923926476,0.3226873891884655,0
855,CPEC_LANDSLIDE_0076,1,landslide,75_36,3,75.12947623605662,36.861243581230376,Gilgit-Baltistan,conventional_alphaearth_embeddings,Conventional + AlphaEarth Embeddings,0.9713100343882437,0.3548426373798784,1
856,CPEC_LANDSLIDE_0699,1,landslide,66_27,1,66.55730037091226,27.6041052032662,Balochistan,conventional_alphaearth_embeddings,Conventional + AlphaEarth Embeddings,0.2597714386849944,0.3491602156256933,0
857,RMC_02_01389,0,non_landslide,71_35,2,71.76079357778283,35.657502309019264,raster-matched control,conventional_alphaearth_embeddings,Conventional + AlphaEarth Embeddings,0.14612436636995335,0.36703707324492457,0
858,CPEC_LANDSLIDE_0765,1,landslide,72_34,1,72.80733247595887,34.03155156192625,KP-AJK,conventional_alphaearth_embeddings,Conventional + AlphaEarth Embeddings,0.9690771763114522,0.3491602156256933,1
859,CPEC_LANDSLIDE_0462,1,landslide,75_38,2,75.02841516978133,38.736478397347554,"Kashgar (Xinjiang, China)",conventional_alphaearth_embeddings,Conventional + AlphaEarth Embeddings,0.9807173338386967,0.36703707324492457,1
860,CPEC_ROCKFALL_0030,1,rockfall,67_28,4,67.41070096692495,28.08245972787565,Balochistan,conventional_alphaearth_embeddings,Conventional + AlphaEarth Embeddings,0.951436446546995,0.2712461075876357,1
861,CPEC_LANDSLIDE_0204,1,landslide,74_36,2,74.30077905988003,36.11339882535486,Gilgit-Baltistan,conventional_alphaearth_embeddings,Conventional + AlphaEarth Embeddings,0.9809597418627057,0.36703707324492457,1
862,CPEC_ROCKFALL_0903,1,rockfall,75_38,2,75.39223322473197,38.81283604378676,"Kashgar (Xinjiang, China)",conventional_alphaearth_embeddings,Conventional + AlphaEarth Embeddings,0.9871154010054929,0.36703707324492457,1
863,RMC_02_01016,0,non_landslide,68_30,4,68.87046415112827,30.903168667816693,raster-matched control,conventional_alphaearth_embeddings,Conventional + AlphaEarth Embeddings,0.06585177693735067,0.2712461075876357,0
864,RMC_02_00581,0,non_landslide,75_38,2,75.09803485828685,38.74321530996982,raster-matched control,conventional_alphaearth_embeddings,Conventional + AlphaEarth Embeddings,0.11652518459154587,0.36703707324492457,0
865,RMC_02_00690,0,non_landslide,73_33,5,73.46534682939962,33.955194845612766,raster-matched control,conventional_alphaearth_embeddings,Conventional + AlphaEarth Embeddings,0.49090797766420274,0.3226873891884655,1
866,RMC_02_01274,0,non_landslide,73_36,1,73.79996927273415,36.30653510179562,raster-matched control,conventional_alphaearth_embeddings,Conventional + AlphaEarth Embeddings,0.9429825971005671,0.3491602156256933,1
867,CPEC_ROCKFALL_0466,1,rockfall,69_28,1,69.17813701507508,28.83928957237386,Balochistan,conventional_alphaearth_embeddings,Conventional + AlphaEarth Embeddings,0.22708565357287552,0.3491602156256933,0
868,RMC_02_01494,0,non_landslide,74_35,5,74.53434201750186,35.47110188756446,raster-matched control,conventional_alphaearth_embeddings,Conventional + AlphaEarth Embeddings,0.024659189438527317,0.3226873891884655,0
869,CPEC_ROCKFALL_0016,1,rockfall,76_37,1,76.14457275446937,37.82693325997093,"Kashgar (Xinjiang, China)",conventional_alphaearth_embeddings,Conventional + AlphaEarth Embeddings,0.9843558537495711,0.3491602156256933,1
870,CPEC_LANDSLIDE_0320,1,landslide,75_36,3,75.55617653406297,36.908407493072666,"Kashgar (Xinjiang, China)",conventional_alphaearth_embeddings,Conventional + AlphaEarth Embeddings,0.1420715697968265,0.3548426373798784,0
871,CPEC_LANDSLIDE_0951,1,landslide,75_35,1,75.30015724707937,35.58563746107321,Gilgit-Baltistan,conventional_alphaearth_embeddings,Conventional + AlphaEarth Embeddings,0.9718928107172731,0.3491602156256933,1
872,CPEC_ROCKFALL_0304,1,rockfall,66_27,1,66.5438294266298,27.640036639554857,Balochistan,conventional_alphaearth_embeddings,Conventional + AlphaEarth Embeddings,0.9809192712108923,0.3491602156256933,1
873,CPEC_ROCKFALL_0808,1,rockfall,75_35,1,75.79872041766305,35.325127859328795,Gilgit-Baltistan,conventional_alphaearth_embeddings,Conventional + AlphaEarth Embeddings,0.6328644341107708,0.3491602156256933,1
874,RMC_02_00206,0,non_landslide,69_31,2,69.36004598097341,31.84639971614219,raster-matched control,conventional_alphaearth_embeddings,Conventional + AlphaEarth Embeddings,0.12401822740454947,0.36703707324492457,0
875,CPEC_ROCKFALL_0317,1,rockfall,66_28,3,66.3439502219091,28.1520796726231,Balochistan,conventional_alphaearth_embeddings,Conventional + AlphaEarth Embeddings,0.9787182281507893,0.3548426373798784,1
876,RMC_02_00570,0,non_landslide,77_36,5,77.42691723236672,36.41882451231056,raster-matched control,conventional_alphaearth_embeddings,Conventional + AlphaEarth Embeddings,0.9102139955536522,0.3226873891884655,1
877,RMC_02_01084,0,non_landslide,68_29,2,68.21693978193132,29.98688707801478,raster-matched control,conventional_alphaearth_embeddings,Conventional + AlphaEarth Embeddings,0.13713872504136645,0.36703707324492457,0
878,CPEC_LANDSLIDE_0452,1,landslide,74_38,1,74.97227062841739,38.64215503276401,"Kashgar (Xinjiang, China)",conventional_alphaearth_embeddings,Conventional + AlphaEarth Embeddings,0.977524283758632,0.3491602156256933,1
879,RMC_02_00513,0,non_landslide,74_36,2,74.40408630130452,36.23916145548665,raster-matched control,conventional_alphaearth_embeddings,Conventional + AlphaEarth Embeddings,0.10471736074834206,0.36703707324492457,0
880,CPEC_ROCKFALL_0228,1,rockfall,65_26,3,65.70614716183051,26.312776292794585,Balochistan,conventional_alphaearth_embeddings,Conventional + AlphaEarth Embeddings,0.9438741745165015,0.3548426373798784,1
881,CPEC_LANDSLIDE_0592,1,landslide,67_27,2,67.00196638706294,27.952204927003446,Balochistan,conventional_alphaearth_embeddings,Conventional + AlphaEarth Embeddings,0.9703611940954382,0.36703707324492457,1
882,RMC_02_01456,0,non_landslide,65_28,2,65.08855680498509,28.783144597294623,raster-matched control,conventional_alphaearth_embeddings,Conventional + AlphaEarth Embeddings,0.1808860235856386,0.36703707324492457,0
883,RMC_02_01079,0,non_landslide,69_28,1,69.07932245468606,28.994248689062708,raster-matched control,conventional_alphaearth_embeddings,Conventional + AlphaEarth Embeddings,0.2109509804605923,0.3491602156256933,0
884,CPEC_LANDSLIDE_0012,1,landslide,74_38,1,74.8083273190864,38.9453382315899,"Kashgar (Xinjiang, China)",conventional_alphaearth_embeddings,Conventional + AlphaEarth Embeddings,0.6264626281764694,0.3491602156256933,1
885,CPEC_ROCKFALL_0722,1,rockfall,72_33,4,72.90839354223418,33.83841451799835,KP-AJK,conventional_alphaearth_embeddings,Conventional + AlphaEarth Embeddings,0.5514511650035111,0.2712461075876357,1
886,CPEC_ROCKFALL_0937,1,rockfall,75_38,2,75.50003199269902,38.92512512651464,"Kashgar (Xinjiang, China)",conventional_alphaearth_embeddings,Conventional + AlphaEarth Embeddings,0.9682830406065074,0.36703707324492457,1
887,CPEC_LANDSLIDE_0106,1,landslide,74_36,2,74.95430491027305,36.7961184103448,Gilgit-Baltistan,conventional_alphaearth_embeddings,Conventional + AlphaEarth Embeddings,0.9789260953555302,0.36703707324492457,1
888,CPEC_LANDSLIDE_0897,1,landslide,76_35,2,76.09291852786625,35.181393195972014,Gilgit-Baltistan,conventional_alphaearth_embeddings,Conventional + AlphaEarth Embeddings,0.9704247052380247,0.36703707324492457,1
889,RMC_02_00270,0,non_landslide,67_27,2,67.25125085150283,27.17965181514128,raster-matched control,conventional_alphaearth_embeddings,Conventional + AlphaEarth Embeddings,0.14334301766217628,0.36703707324492457,0
890,RMC_02_01047,0,non_landslide,68_29,2,68.4415186029612,29.46811000143576,raster-matched control,conventional_alphaearth_embeddings,Conventional + AlphaEarth Embeddings,0.3179352415831472,0.36703707324492457,0
891,RMC_02_00987,0,non_landslide,72_35,3,72.91737450608672,35.04215633939739,raster-matched control,conventional_alphaearth_embeddings,Conventional + AlphaEarth Embeddings,0.02685524623967328,0.3548426373798784,0
892,CPEC_ROCKFALL_0373,1,rockfall,66_27,1,66.98400066891861,27.952204927003443,Balochistan,conventional_alphaearth_embeddings,Conventional + AlphaEarth Embeddings,0.37865430825872765,0.3491602156256933,1
893,RMC_02_00475,0,non_landslide,76_36,4,76.99348010777905,36.93311001246898,raster-matched control,conventional_alphaearth_embeddings,Conventional + AlphaEarth Embeddings,0.17428730185851007,0.2712461075876357,0
894,CPEC_LANDSLIDE_0968,1,landslide,75_35,1,75.78300208644966,35.30041998039165,Gilgit-Baltistan,conventional_alphaearth_embeddings,Conventional + AlphaEarth Embeddings,0.7474576496592122,0.3491602156256933,1
895,RMC_02_00074,0,non_landslide,66_29,5,66.81781372691516,29.60061150584339,raster-matched control,conventional_alphaearth_embeddings,Conventional + AlphaEarth Embeddings,0.9018873978821913,0.3226873891884655,1
896,RMC_02_01349,0,non_landslide,75_38,2,75.48880200687884,38.82406368554057,raster-matched control,conventional_alphaearth_embeddings,Conventional + AlphaEarth Embeddings,0.2123100567880016,0.36703707324492457,0
897,RMC_02_01303,0,non_landslide,74_35,5,74.52760465287096,35.83267378942257,raster-matched control,conventional_alphaearth_embeddings,Conventional + AlphaEarth Embeddings,0.056776374489748524,0.3226873891884655,0
898,CPEC_ROCKFALL_0685,1,rockfall,70_32,5,70.3684048592714,32.9266219936908,KP-AJK,conventional_alphaearth_embeddings,Conventional + AlphaEarth Embeddings,0.9720007565444033,0.3226873891884655,1
899,CPEC_LANDSLIDE_0300,1,landslide,73_35,4,73.20932489502808,35.307157682083414,KP-AJK,conventional_alphaearth_embeddings,Conventional + AlphaEarth Embeddings,0.9697577533002756,0.2712461075876357,1
900,CPEC_ROCKFALL_0578,1,rockfall,67_29,1,67.21981130992799,29.463617229068923,Balochistan,conventional_alphaearth_embeddings,Conventional + AlphaEarth Embeddings,0.9774085191460888,0.3491602156256933,1
901,CPEC_ROCKFALL_0267,1,rockfall,66_26,4,66.34170729407921,26.557567563325605,Balochistan,conventional_alphaearth_embeddings,Conventional + AlphaEarth Embeddings,0.9716018607967787,0.2712461075876357,1
902,RMC_02_00705,0,non_landslide,73_33,5,73.5012794407644,33.99112745697755,raster-matched control,conventional_alphaearth_embeddings,Conventional + AlphaEarth Embeddings,0.08729016113530842,0.3226873891884655,0
903,RMC_02_01133,0,non_landslide,75_39,4,75.16765429280612,39.06885460046315,raster-matched control,conventional_alphaearth_embeddings,Conventional + AlphaEarth Embeddings,0.08887665373688304,0.2712461075876357,0
904,CPEC_LANDSLIDE_0210,1,landslide,74_35,5,74.2962887451192,35.90229160418156,Gilgit-Baltistan,conventional_alphaearth_embeddings,Conventional + AlphaEarth Embeddings,0.9645427842854726,0.3226873891884655,1
905,RMC_02_00587,0,non_landslide,75_39,4,75.51575146540243,39.99411934310625,raster-matched control,conventional_alphaearth_embeddings,Conventional + AlphaEarth Embeddings,0.057474637070360574,0.2712461075876357,0
906,CPEC_ROCKFALL_0823,1,rockfall,75_35,1,75.98736714683012,35.19936337321741,Gilgit-Baltistan,conventional_alphaearth_embeddings,Conventional + AlphaEarth Embeddings,0.9399259373189729,0.3491602156256933,1
907,CPEC_ROCKFALL_0646,1,rockfall,68_30,4,68.15855018190152,30.04303281995368,Balochistan,conventional_alphaearth_embeddings,Conventional + AlphaEarth Embeddings,0.45076616308192813,0.2712461075876357,1
908,CPEC_ROCKFALL_0562,1,rockfall,67_29,1,67.68468597205288,29.596119416872064,Balochistan,conventional_alphaearth_embeddings,Conventional + AlphaEarth Embeddings,0.9803925230039283,0.3491602156256933,1
909,CPEC_ROCKFALL_0637,1,rockfall,68_29,2,68.08219253546231,29.94421914060932,Balochistan,conventional_alphaearth_embeddings,Conventional + AlphaEarth Embeddings,0.397645674663348,0.36703707324492457,1
910,RMC_02_00981,0,non_landslide,72_35,3,72.9443239646103,35.03766476297679,raster-matched control,conventional_alphaearth_embeddings,Conventional + AlphaEarth Embeddings,0.041982516366754444,0.3548426373798784,0
911,RMC_02_01006,0,non_landslide,70_33,2,70.17077552489127,33.79349809447125,raster-matched control,conventional_alphaearth_embeddings,Conventional + AlphaEarth Embeddings,0.09985254483442267,0.36703707324492457,0
912,CPEC_ROCKFALL_0962,1,rockfall,75_38,2,75.48206627455471,38.97902228094764,"Kashgar (Xinjiang, China)",conventional_alphaearth_embeddings,Conventional + AlphaEarth Embeddings,0.08495785228561555,0.36703707324492457,0
913,CPEC_ROCKFALL_0874,1,rockfall,75_37,5,75.1878681643515,37.923504011485406,"Kashgar (Xinjiang, China)",conventional_alphaearth_embeddings,Conventional + AlphaEarth Embeddings,0.9868130544363474,0.3226873891884655,1
914,CPEC_ROCKFALL_0083,1,rockfall,65_26,3,65.4995347145191,26.96405475625668,Balochistan,conventional_alphaearth_embeddings,Conventional + AlphaEarth Embeddings,0.9886066168520188,0.3548426373798784,1
915,CPEC_LANDSLIDE_0190,1,landslide,74_36,2,74.3120070763326,36.23017822284355,Gilgit-Baltistan,conventional_alphaearth_embeddings,Conventional + AlphaEarth Embeddings,0.2800631526978198,0.36703707324492457,0
916,RMC_02_01266,0,non_landslide,73_35,4,73.34407426604349,35.50029713429834,raster-matched control,conventional_alphaearth_embeddings,Conventional + AlphaEarth Embeddings,0.05965840122441557,0.2712461075876357,0
917,CPEC_ROCKFALL_0089,1,rockfall,65_27,5,65.64326491877482,27.13922608204024,Balochistan,conventional_alphaearth_embeddings,Conventional + AlphaEarth Embeddings,0.9792848364424447,0.3226873891884655,1
918,CPEC_ROCKFALL_0846,1,rockfall,74_36,2,74.3052738337419,36.30204555452194,Gilgit-Baltistan,conventional_alphaearth_embeddings,Conventional + AlphaEarth Embeddings,0.628161223040945,0.36703707324492457,1
919,RMC_02_00739,0,non_landslide,75_37,5,75.28892685616225,37.878586849004776,raster-matched control,conventional_alphaearth_embeddings,Conventional + AlphaEarth Embeddings,0.2078716604409708,0.3226873891884655,0
920,RMC_02_00462,0,non_landslide,74_36,2,74.27158479689689,36.11115152749962,raster-matched control,conventional_alphaearth_embeddings,Conventional + AlphaEarth Embeddings,0.08245597423902713,0.36703707324492457,0
921,RMC_02_01424,0,non_landslide,68_30,4,68.47071384969509,30.460748390387828,raster-matched control,conventional_alphaearth_embeddings,Conventional + AlphaEarth Embeddings,0.08767863513276776,0.2712461075876357,0
922,CPEC_LANDSLIDE_0178,1,landslide,74_36,2,74.48044515952547,36.245901013158,Gilgit-Baltistan,conventional_alphaearth_embeddings,Conventional + AlphaEarth Embeddings,0.9863695096274698,0.36703707324492457,1
923,CPEC_LANDSLIDE_0195,1,landslide,74_36,2,74.37713670631923,36.24814394098788,Gilgit-Baltistan,conventional_alphaearth_embeddings,Conventional + AlphaEarth Embeddings,0.9754731229214811,0.36703707324492457,1
924,CPEC_ROCKFALL_0291,1,rockfall,66_27,1,66.45399637680708,27.554698363594007,Balochistan,conventional_alphaearth_embeddings,Conventional + AlphaEarth Embeddings,0.9853878006769146,0.3491602156256933,1
925,RMC_02_00391,0,non_landslide,74_38,1,74.92286337788354,38.280582938648266,raster-matched control,conventional_alphaearth_embeddings,Conventional + AlphaEarth Embeddings,0.10727611257382756,0.3491602156256933,0
926,RMC_02_00009,0,non_landslide,72_34,1,72.80283930736147,34.896180105727964,raster-matched control,conventional_alphaearth_embeddings,Conventional + AlphaEarth Embeddings,0.05684356033586701,0.3491602156256933,0
927,RMC_02_01284,0,non_landslide,73_35,4,73.4990336525541,35.50478871071894,raster-matched control,conventional_alphaearth_embeddings,Conventional + AlphaEarth Embeddings,0.15402644755156195,0.2712461075876357,0
928,CPEC_LANDSLIDE_0970,1,landslide,75_35,1,75.79872041766305,35.3318611019195,Gilgit-Baltistan,conventional_alphaearth_embeddings,Conventional + AlphaEarth Embeddings,0.9566249540503756,0.3491602156256933,1
929,RMC_02_00890,0,non_landslide,75_38,2,75.32710525573734,38.7836394977552,raster-matched control,conventional_alphaearth_embeddings,Conventional + AlphaEarth Embeddings,0.05800884481602322,0.36703707324492457,0
930,RMC_02_00658,0,non_landslide,66_25,2,66.11039044067104,25.544717998043748,raster-matched control,conventional_alphaearth_embeddings,Conventional + AlphaEarth Embeddings,0.11339143898894621,0.36703707324492457,0
931,RMC_02_01462,0,non_landslide,74_35,5,74.6219277577035,35.68220597933255,raster-matched control,conventional_alphaearth_embeddings,Conventional + AlphaEarth Embeddings,0.056995275244092355,0.3226873891884655,0
932,RMC_02_00866,0,non_landslide,75_38,2,75.11375537575894,38.75444425102131,raster-matched control,conventional_alphaearth_embeddings,Conventional + AlphaEarth Embeddings,0.0866855398133219,0.36703707324492457,0
933,RMC_02_00621,0,non_landslide,73_35,4,73.40471054772155,35.502542922508646,raster-matched control,conventional_alphaearth_embeddings,Conventional + AlphaEarth Embeddings,0.23905162050352852,0.2712461075876357,0
934,CPEC_ROCKFALL_0859,1,rockfall,74_35,5,74.1907373640831,35.39923811883706,Gilgit-Baltistan,conventional_alphaearth_embeddings,Conventional + AlphaEarth Embeddings,0.9902041932990933,0.3226873891884655,1
935,CPEC_ROCKFALL_0822,1,rockfall,75_35,1,75.85486495902698,35.280211334417444,Gilgit-Baltistan,conventional_alphaearth_embeddings,Conventional + AlphaEarth Embeddings,0.9363547985865955,0.3491602156256933,1
936,CPEC_ROCKFALL_0389,1,rockfall,66_29,5,66.53259695107617,29.3198870248132,Balochistan,conventional_alphaearth_embeddings,Conventional + AlphaEarth Embeddings,0.9909733781559561,0.3226873891884655,1
937,CPEC_ROCKFALL_0113,1,rockfall,65_27,5,65.83864934963366,27.476097789324925,Balochistan,conventional_alphaearth_embeddings,Conventional + AlphaEarth Embeddings,0.9550784279853778,0.3226873891884655,1
938,CPEC_LANDSLIDE_0624,1,landslide,63_26,1,63.96566192044742,26.65862862960089,Balochistan,conventional_alphaearth_embeddings,Conventional + AlphaEarth Embeddings,0.983764627905153,0.3491602156256933,1
939,CPEC_LANDSLIDE_0877,1,landslide,73_34,2,73.48331435925707,34.38189421349339,KP-AJK,conventional_alphaearth_embeddings,Conventional + AlphaEarth Embeddings,0.5634752739352293,0.36703707324492457,1
940,CPEC_LANDSLIDE_0509,1,landslide,75_38,2,75.19684879387313,38.75893443025271,"Kashgar (Xinjiang, China)",conventional_alphaearth_embeddings,Conventional + AlphaEarth Embeddings,0.9541896822818281,0.36703707324492457,1
941,CPEC_ROCKFALL_0599,1,rockfall,66_29,5,66.90090977988869,29.96218485875366,Balochistan,conventional_alphaearth_embeddings,Conventional + AlphaEarth Embeddings,0.8467088060717393,0.3226873891884655,1
942,CPEC_ROCKFALL_0630,1,rockfall,67_30,3,67.19735081792177,30.27659161493106,Balochistan,conventional_alphaearth_embeddings,Conventional + AlphaEarth Embeddings,0.974234831307882,0.3548426373798784,1
943,CPEC_LANDSLIDE_0472,1,landslide,75_38,2,75.06659399300092,38.75219672856095,"Kashgar (Xinjiang, China)",conventional_alphaearth_embeddings,Conventional + AlphaEarth Embeddings,0.9025504100157963,0.36703707324492457,1
944,CPEC_ROCKFALL_0099,1,rockfall,65_27,5,65.73534535552848,27.282956286295967,Balochistan,conventional_alphaearth_embeddings,Conventional + AlphaEarth Embeddings,0.9345761905247171,0.3226873891884655,1
945,CPEC_LANDSLIDE_0524,1,landslide,75_38,2,75.30240017490925,38.7836378500888,"Kashgar (Xinjiang, China)",conventional_alphaearth_embeddings,Conventional + AlphaEarth Embeddings,0.9802453063574231,0.36703707324492457,1
946,RMC_02_00057,0,non_landslide,63_26,1,63.95443375878418,26.422821188270586,raster-matched control,conventional_alphaearth_embeddings,Conventional + AlphaEarth Embeddings,0.1263789808316547,0.3491602156256933,0
947,RMC_02_00241,0,non_landslide,68_30,4,68.79410735197811,30.20023695799317,raster-matched control,conventional_alphaearth_embeddings,Conventional + AlphaEarth Embeddings,0.08585833693306344,0.2712461075876357,0
948,CPEC_ROCKFALL_0899,1,rockfall,75_38,2,75.33608868336803,38.80609834209501,"Kashgar (Xinjiang, China)",conventional_alphaearth_embeddings,Conventional + AlphaEarth Embeddings,0.9805702597095192,0.36703707324492457,1
949,CPEC_ROCKFALL_0372,1,rockfall,66_27,1,66.98624805584954,27.95444785483333,Balochistan,conventional_alphaearth_embeddings,Conventional + AlphaEarth Embeddings,0.9410901739591774,0.3491602156256933,1
950,RMC_02_00327,0,non_landslide,68_28,5,68.25736396971669,28.32724959060397,raster-matched control,conventional_alphaearth_embeddings,Conventional + AlphaEarth Embeddings,0.10967665999436757,0.3226873891884655,0
951,RMC_02_00091,0,non_landslide,76_36,4,76.84301229768903,36.400858206628165,raster-matched control,conventional_alphaearth_embeddings,Conventional + AlphaEarth Embeddings,0.7789194636033262,0.2712461075876357,1
952,CPEC_ROCKFALL_0622,1,rockfall,67_30,3,67.20857883437435,30.274348687101185,Balochistan,conventional_alphaearth_embeddings,Conventional + AlphaEarth Embeddings,0.40660909220974595,0.3548426373798784,1
953,RMC_02_00193,0,non_landslide,66_27,1,66.27433298002285,27.161685509458884,raster-matched control,conventional_alphaearth_embeddings,Conventional + AlphaEarth Embeddings,0.1574644128576529,0.3491602156256933,0
954,CPEC_ROCKFALL_0939,1,rockfall,75_38,2,75.50452230745985,38.9318628282064,"Kashgar (Xinjiang, China)",conventional_alphaearth_embeddings,Conventional + AlphaEarth Embeddings,0.9786645251112627,0.36703707324492457,1
955,RMC_02_00950,0,non_landslide,75_36,3,75.27320633869016,36.814083237323146,raster-matched control,conventional_alphaearth_embeddings,Conventional + AlphaEarth Embeddings,0.17116858793984896,0.3548426373798784,0
956,RMC_02_00801,0,non_landslide,67_30,3,67.73858689313766,30.206974322624063,raster-matched control,conventional_alphaearth_embeddings,Conventional + AlphaEarth Embeddings,0.08118516394429535,0.3548426373798784,0
957,CPEC_LANDSLIDE_0359,1,landslide,75_37,5,75.50452230745985,37.82918064690187,"Kashgar (Xinjiang, China)",conventional_alphaearth_embeddings,Conventional + AlphaEarth Embeddings,0.9714418592541235,0.3226873891884655,1
958,CPEC_LANDSLIDE_0343,1,landslide,75_37,5,75.21481451201747,37.905538293341074,"Kashgar (Xinjiang, China)",conventional_alphaearth_embeddings,Conventional + AlphaEarth Embeddings,0.9900921017663546,0.3226873891884655,1
959,RMC_02_00226,0,non_landslide,66_27,1,66.43602973116437,27.516520046686097,raster-matched control,conventional_alphaearth_embeddings,Conventional + AlphaEarth Embeddings,0.09627245078250483,0.3491602156256933,0
960,CPEC_ROCKFALL_0286,1,rockfall,66_27,1,66.29230045440703,27.188632921712426,Balochistan,conventional_alphaearth_embeddings,Conventional + AlphaEarth Embeddings,0.9818361334460192,0.3491602156256933,1
961,CPEC_ROCKFALL_0583,1,rockfall,67_29,1,67.21756392299704,29.45463659954728,Balochistan,conventional_alphaearth_embeddings,Conventional + AlphaEarth Embeddings,0.9823017258582122,0.3491602156256933,1
962,RMC_02_00432,0,non_landslide,74_36,2,74.96777914208953,36.86124478973942,raster-matched control,conventional_alphaearth_embeddings,Conventional + AlphaEarth Embeddings,0.0778460887229197,0.36703707324492457,0
963,RMC_02_01287,0,non_landslide,74_36,2,74.31874634931316,36.106659951079024,raster-matched control,conventional_alphaearth_embeddings,Conventional + AlphaEarth Embeddings,0.13538158845315099,0.36703707324492457,0
964,RMC_02_01069,0,non_landslide,67_26,5,67.39947287338255,26.265616013549664,raster-matched control,conventional_alphaearth_embeddings,Conventional + AlphaEarth Embeddings,0.8672476938216984,0.3226873891884655,1
965,CPEC_ROCKFALL_0098,1,rockfall,65_27,5,65.73309796859755,27.2852036732269,Balochistan,conventional_alphaearth_embeddings,Conventional + AlphaEarth Embeddings,0.9881799442723483,0.3226873891884655,1
966,RMC_02_00675,0,non_landslide,72_32,2,72.47720001686815,32.5762808844893,raster-matched control,conventional_alphaearth_embeddings,Conventional + AlphaEarth Embeddings,0.17660451122081788,0.36703707324492457,0
967,RMC_02_00115,0,non_landslide,69_31,2,69.85411938723914,31.91601915066145,raster-matched control,conventional_alphaearth_embeddings,Conventional + AlphaEarth Embeddings,0.17952917435498197,0.36703707324492457,0
968,CPEC_LANDSLIDE_0941,1,landslide,72_35,3,72.54008071342166,35.52500260494845,KP-AJK,conventional_alphaearth_embeddings,Conventional + AlphaEarth Embeddings,0.15933691332083313,0.3548426373798784,0
969,CPEC_LANDSLIDE_0032,1,landslide,75_38,2,75.92448490377443,38.43554258545259,"Kashgar (Xinjiang, China)",conventional_alphaearth_embeddings,Conventional + AlphaEarth Embeddings,0.9784035566300429,0.36703707324492457,1
970,RMC_02_00811,0,non_landslide,68_29,2,68.58524904842032,29.43666896649157,raster-matched control,conventional_alphaearth_embeddings,Conventional + AlphaEarth Embeddings,0.21616894052644278,0.36703707324492457,0
971,CPEC_LANDSLIDE_0288,1,landslide,73_35,4,73.33508938113947,35.50478949987318,KP-AJK,conventional_alphaearth_embeddings,Conventional + AlphaEarth Embeddings,0.980290425869629,0.2712461075876357,1
972,CPEC_ROCKFALL_0315,1,rockfall,66_27,1,66.593236266302,27.911778716852904,Balochistan,conventional_alphaearth_embeddings,Conventional + AlphaEarth Embeddings,0.9605182587296518,0.3491602156256933,1
973,CPEC_LANDSLIDE_0508,1,landslide,75_38,2,75.18337339048962,38.7679195188754,"Kashgar (Xinjiang, China)",conventional_alphaearth_embeddings,Conventional + AlphaEarth Embeddings,0.31640625370098135,0.36703707324492457,0
974,CPEC_ROCKFALL_0566,1,rockfall,67_29,1,67.2243016246888,29.481582947213266,Balochistan,conventional_alphaearth_embeddings,Conventional + AlphaEarth Embeddings,0.9705896071860066,0.3491602156256933,1
975,CPEC_LANDSLIDE_0194,1,landslide,74_36,2,74.38162702108005,36.25039132791883,Gilgit-Baltistan,conventional_alphaearth_embeddings,Conventional + AlphaEarth Embeddings,0.9222411561987802,0.36703707324492457,1
976,RMC_02_00734,0,non_landslide,76_36,4,76.1221142821831,36.699548038597904,raster-matched control,conventional_alphaearth_embeddings,Conventional + AlphaEarth Embeddings,0.09348487108662393,0.2712461075876357,0
977,RMC_02_00674,0,non_landslide,72_32,2,72.62766782695817,32.64590031900857,raster-matched control,conventional_alphaearth_embeddings,Conventional + AlphaEarth Embeddings,0.180580147739851,0.36703707324492457,0
978,CPEC_ROCKFALL_0298,1,rockfall,66_27,1,66.48768488526586,27.58164917036104,Balochistan,conventional_alphaearth_embeddings,Conventional + AlphaEarth Embeddings,0.9806584567324964,0.3491602156256933,1
979,CPEC_LANDSLIDE_0729,1,landslide,69_30,5,69.12199247371115,30.923379763632344,Balochistan,conventional_alphaearth_embeddings,Conventional + AlphaEarth Embeddings,0.969000693325221,0.3226873891884655,1
980,RMC_02_00594,0,non_landslide,75_38,2,75.25973160942837,38.7813937095449,raster-matched control,conventional_alphaearth_embeddings,Conventional + AlphaEarth Embeddings,0.1611297345990478,0.36703707324492457,0
981,RMC_02_01055,0,non_landslide,65_26,3,65.87009110216907,26.17353869692741,raster-matched control,conventional_alphaearth_embeddings,Conventional + AlphaEarth Embeddings,0.11081188597778478,0.3548426373798784,0
982,CPEC_LANDSLIDE_0963,1,landslide,75_35,1,75.50003199269902,35.36554961037828,Gilgit-Baltistan,conventional_alphaearth_embeddings,Conventional + AlphaEarth Embeddings,0.9815467239377784,0.3491602156256933,1
983,RMC_02_01492,0,non_landslide,73_35,4,73.23403064373885,35.45762715830267,raster-matched control,conventional_alphaearth_embeddings,Conventional + AlphaEarth Embeddings,0.11292696789730994,0.2712461075876357,0
984,RMC_02_01094,0,non_landslide,67_30,3,67.70490006998318,30.465239966808426,raster-matched control,conventional_alphaearth_embeddings,Conventional + AlphaEarth Embeddings,0.07284022716975835,0.3548426373798784,0
985,CPEC_LANDSLIDE_0959,1,landslide,75_35,1,75.419184031499,35.47334837834533,Gilgit-Baltistan,conventional_alphaearth_embeddings,Conventional + AlphaEarth Embeddings,0.33424675430856965,0.3491602156256933,0
986,CPEC_ROCKFALL_0596,1,rockfall,67_29,1,67.16590969639394,29.93523405198663,Balochistan,conventional_alphaearth_embeddings,Conventional + AlphaEarth Embeddings,0.9795268319564542,0.3491602156256933,1
987,CPEC_LANDSLIDE_0143,1,landslide,74_36,2,74.88019465076478,36.46374147692199,Gilgit-Baltistan,conventional_alphaearth_embeddings,Conventional + AlphaEarth Embeddings,0.9717362475410123,0.36703707324492457,1
988,CPEC_LANDSLIDE_0892,1,landslide,73_34,2,73.48106697232612,34.4110879480903,KP-AJK,conventional_alphaearth_embeddings,Conventional + AlphaEarth Embeddings,0.9137979559582842,0.36703707324492457,1
989,CPEC_ROCKFALL_0951,1,rockfall,75_38,2,75.49553721883716,38.9453382315899,"Kashgar (Xinjiang, China)",conventional_alphaearth_embeddings,Conventional + AlphaEarth Embeddings,0.7963167838051702,0.36703707324492457,1
990,RMC_02_01212,0,non_landslide,74_35,5,74.75442926211113,35.720384378907625,raster-matched control,conventional_alphaearth_embeddings,Conventional + AlphaEarth Embeddings,0.4524589377920582,0.3226873891884655,1
991,RMC_02_00195,0,non_landslide,76_38,3,76.28830260974522,38.7656731920728,raster-matched control,conventional_alphaearth_embeddings,Conventional + AlphaEarth Embeddings,0.12899646496153785,0.3548426373798784,0
992,CPEC_LANDSLIDE_0467,1,landslide,75_38,2,75.05087120268648,38.7454590268692,"Kashgar (Xinjiang, China)",conventional_alphaearth_embeddings,Conventional + AlphaEarth Embeddings,0.8573559812807512,0.36703707324492457,1
993,CPEC_LANDSLIDE_0763,1,landslide,72_34,1,72.79610000040525,34.01807615854274,KP-AJK,conventional_alphaearth_embeddings,Conventional + AlphaEarth Embeddings,0.973091706674259,0.3491602156256933,1
994,RMC_02_01246,0,non_landslide,70_29,4,70.01132456196007,29.9487086784397,raster-matched control,conventional_alphaearth_embeddings,Conventional + AlphaEarth Embeddings,0.06997844944535495,0.2712461075876357,0
995,RMC_02_00176,0,non_landslide,63_26,1,63.96566269983568,26.08595295672576,raster-matched control,conventional_alphaearth_embeddings,Conventional + AlphaEarth Embeddings,0.12030457717154226,0.3491602156256933,0
996,CPEC_ROCKFALL_0052,1,rockfall,63_27,3,63.40870682156886,27.217831115410384,Balochistan,conventional_alphaearth_embeddings,Conventional + AlphaEarth Embeddings,0.9894260722269559,0.3548426373798784,1
997,CPEC_ROCKFALL_0602,1,rockfall,66_29,5,66.90315270771858,29.96442778658354,Balochistan,conventional_alphaearth_embeddings,Conventional + AlphaEarth Embeddings,0.20555818424191352,0.3226873891884655,0
998,CPEC_LANDSLIDE_0847,1,landslide,73_34,2,73.4541161655591,34.39761700380784,KP-AJK,conventional_alphaearth_embeddings,Conventional + AlphaEarth Embeddings,0.18825736814156266,0.36703707324492457,0
999,CPEC_LANDSLIDE_0276,1,landslide,73_35,4,73.57090002214885,35.53847354923092,KP-AJK,conventional_alphaearth_embeddings,Conventional + AlphaEarth Embeddings,0.9770636325517458,0.2712461075876357,1
1000,RMC_02_01205,0,non_landslide,65_25,1,65.4321624011608,25.38526703511253,raster-matched control,conventional_alphaearth_embeddings,Conventional + AlphaEarth Embeddings,0.12579876657111302,0.3491602156256933,0
1001,RMC_02_00860,0,non_landslide,73_35,4,73.75954508494877,35.5833912980794,raster-matched control,conventional_alphaearth_embeddings,Conventional + AlphaEarth Embeddings,0.08189047423903041,0.2712461075876357,0
1002,RMC_02_01415,0,non_landslide,75_39,4,75.55617565318781,39.01720147162627,raster-matched control,conventional_alphaearth_embeddings,Conventional + AlphaEarth Embeddings,0.0661988789446922,0.2712461075876357,0
1003,CPEC_ROCKFALL_0472,1,rockfall,69_29,3,69.14669589354723,29.09530885935745,Balochistan,conventional_alphaearth_embeddings,Conventional + AlphaEarth Embeddings,0.9825639714894,0.3548426373798784,1
1004,CPEC_ROCKFALL_0885,1,rockfall,74_38,1,74.98349864486997,38.61745161292792,"Kashgar (Xinjiang, China)",conventional_alphaearth_embeddings,Conventional + AlphaEarth Embeddings,0.9917105382697864,0.3491602156256933,1
1005,CPEC_LANDSLIDE_0253,1,landslide,74_35,5,74.26035730883054,35.41495645005046,Gilgit-Baltistan,conventional_alphaearth_embeddings,Conventional + AlphaEarth Embeddings,0.9864206672563621,0.3226873891884655,1
1006,CPEC_ROCKFALL_0861,1,rockfall,74_35,5,74.18399966239133,35.39923811883706,Gilgit-Baltistan,conventional_alphaearth_embeddings,Conventional + AlphaEarth Embeddings,0.9890746848904577,0.3226873891884655,1
1007,CPEC_ROCKFALL_0392,1,rockfall,66_29,5,66.64488603380404,29.31764409698332,Balochistan,conventional_alphaearth_embeddings,Conventional + AlphaEarth Embeddings,0.9888774551125034,0.3226873891884655,1
1008,RMC_02_01484,0,non_landslide,65_28,2,65.70839435102755,28.235172273981718,raster-matched control,conventional_alphaearth_embeddings,Conventional + AlphaEarth Embeddings,0.09902132409377457,0.36703707324492457,0
1009,CPEC_LANDSLIDE_0025,1,landslide,75_38,2,75.19909618080408,38.95880917587236,"Kashgar (Xinjiang, China)",conventional_alphaearth_embeddings,Conventional + AlphaEarth Embeddings,0.8534815118383849,0.36703707324492457,1
1010,RMC_02_01373,0,non_landslide,69_31,2,69.3555544045528,31.4511409911296,raster-matched control,conventional_alphaearth_embeddings,Conventional + AlphaEarth Embeddings,0.0939921598421728,0.36703707324492457,0
1011,RMC_02_01323,0,non_landslide,74_35,5,74.15704959817165,35.4014824530452,raster-matched control,conventional_alphaearth_embeddings,Conventional + AlphaEarth Embeddings,0.05408462693229566,0.3226873891884655,0
1012,CPEC_LANDSLIDE_0502,1,landslide,75_38,2,75.18113046265974,38.74770641380013,"Kashgar (Xinjiang, China)",conventional_alphaearth_embeddings,Conventional + AlphaEarth Embeddings,0.9737220554963839,0.36703707324492457,1
1013,CPEC_LANDSLIDE_0938,1,landslide,72_35,3,72.55580350373612,35.5182649032567,KP-AJK,conventional_alphaearth_embeddings,Conventional + AlphaEarth Embeddings,0.984482141739512,0.3548426373798784,1
1014,RMC_02_00618,0,non_landslide,75_38,2,75.47757306582736,38.80609737985819,raster-matched control,conventional_alphaearth_embeddings,Conventional + AlphaEarth Embeddings,0.0782087746867392,0.36703707324492457,0
1015,RMC_02_01427,0,non_landslide,65_26,3,65.38949242516512,26.91240301811572,raster-matched control,conventional_alphaearth_embeddings,Conventional + AlphaEarth Embeddings,0.11509622587172777,0.3548426373798784,0
1016,CPEC_LANDSLIDE_0767,1,landslide,72_34,1,72.80733247595887,34.03155156192625,KP-AJK,conventional_alphaearth_embeddings,Conventional + AlphaEarth Embeddings,0.9690771763114522,0.3491602156256933,1
1017,CPEC_ROCKFALL_0036,1,rockfall,67_27,2,67.32760561879398,27.93872952361993,Balochistan,conventional_alphaearth_embeddings,Conventional + AlphaEarth Embeddings,0.9556369683847105,0.36703707324492457,1
1018,RMC_02_00002,0,non_landslide,73_35,4,73.95268287103445,35.49355976966745,raster-matched control,conventional_alphaearth_embeddings,Conventional + AlphaEarth Embeddings,0.4955928692629406,0.2712461075876357,1
1019,CPEC_LANDSLIDE_0731,1,landslide,69_30,5,69.12423986064208,30.923379763632337,Balochistan,conventional_alphaearth_embeddings,Conventional + AlphaEarth Embeddings,0.9715089150507863,0.3226873891884655,1
1020,RMC_02_00973,0,non_landslide,75_36,3,75.12498431681044,36.85450742510852,raster-matched control,conventional_alphaearth_embeddings,Conventional + AlphaEarth Embeddings,0.0487686325371207,0.3548426373798784,0
1021,CPEC_LANDSLIDE_0096,1,landslide,74_36,2,74.9767609431782,36.82755953187264,Gilgit-Baltistan,conventional_alphaearth_embeddings,Conventional + AlphaEarth Embeddings,0.6376097168336747,0.36703707324492457,1
1022,CPEC_LANDSLIDE_0774,1,landslide,72_33,4,72.91512678482488,33.83616713106742,KP-AJK,conventional_alphaearth_embeddings,Conventional + AlphaEarth Embeddings,0.9070177330702532,0.2712461075876357,1
1023,RMC_02_00868,0,non_landslide,75_39,4,75.51125988898183,39.99636513131655,raster-matched control,conventional_alphaearth_embeddings,Conventional + AlphaEarth Embeddings,0.0855350989254618,0.2712461075876357,0
1024,CPEC_ROCKFALL_0053,1,rockfall,63_27,3,63.534471307680256,27.07634383898455,Balochistan,conventional_alphaearth_embeddings,Conventional + AlphaEarth Embeddings,0.9637313945395732,0.3548426373798784,1
1025,RMC_02_00326,0,non_landslide,62_25,3,62.91014224099524,25.89955253527096,raster-matched control,conventional_alphaearth_embeddings,Conventional + AlphaEarth Embeddings,0.11136541428542193,0.3548426373798784,0
1026,CPEC_ROCKFALL_0897,1,rockfall,75_38,2,75.32935098167628,38.788132623950666,"Kashgar (Xinjiang, China)",conventional_alphaearth_embeddings,Conventional + AlphaEarth Embeddings,0.9786536433576272,0.36703707324492457,1
1027,CPEC_ROCKFALL_0292,1,rockfall,66_27,1,66.44950606204627,27.5412229602105,Balochistan,conventional_alphaearth_embeddings,Conventional + AlphaEarth Embeddings,0.9241884749189774,0.3491602156256933,1
1028,RMC_02_01466,0,non_landslide,69_30,5,69.13097558352293,30.936855490971176,raster-matched control,conventional_alphaearth_embeddings,Conventional + AlphaEarth Embeddings,0.08730707271754914,0.3226873891884655,0
1029,CPEC_LANDSLIDE_0496,1,landslide,75_38,2,75.10028250145972,38.74770641380013,"Kashgar (Xinjiang, China)",conventional_alphaearth_embeddings,Conventional + AlphaEarth Embeddings,0.9833892867772838,0.36703707324492457,1
1030,RMC_02_00924,0,non_landslide,75_39,4,75.65049875802036,39.75382000460428,raster-matched control,conventional_alphaearth_embeddings,Conventional + AlphaEarth Embeddings,0.07682353274426582,0.2712461075876357,0
1031,CPEC_LANDSLIDE_0668,1,landslide,66_25,2,66.07670291847292,25.50204929386338,Balochistan,conventional_alphaearth_embeddings,Conventional + AlphaEarth Embeddings,0.9873681153229013,0.36703707324492457,1
1032,RMC_02_00814,0,non_landslide,70_32,5,70.02929086764246,32.13386060706044,raster-matched control,conventional_alphaearth_embeddings,Conventional + AlphaEarth Embeddings,0.049670427771452114,0.3226873891884655,0
1033,RMC_02_01487,0,non_landslide,74_35,5,74.60845302844172,35.65525652080896,raster-matched control,conventional_alphaearth_embeddings,Conventional + AlphaEarth Embeddings,0.027707796856537792,0.3226873891884655,0
1034,RMC_02_00595,0,non_landslide,75_38,2,75.26422318584896,38.7656731920728,raster-matched control,conventional_alphaearth_embeddings,Conventional + AlphaEarth Embeddings,0.09346520150821219,0.36703707324492457,0
1035,RMC_02_01330,0,non_landslide,75_40,1,75.35630050247121,40.20297764666404,raster-matched control,conventional_alphaearth_embeddings,Conventional + AlphaEarth Embeddings,0.10554325883658625,0.3491602156256933,0
1036,CPEC_ROCKFALL_0458,1,rockfall,69_28,1,69.1826273298359,28.863992992209944,Balochistan,conventional_alphaearth_embeddings,Conventional + AlphaEarth Embeddings,0.973929460261662,0.3491602156256933,1
1037,RMC_02_01191,0,non_landslide,67_29,1,67.97664044342935,29.775782986246696,raster-matched control,conventional_alphaearth_embeddings,Conventional + AlphaEarth Embeddings,0.14975257115251076,0.3491602156256933,0
1038,RMC_02_00780,0,non_landslide,65_26,3,65.69042804534516,26.91240301811572,raster-matched control,conventional_alphaearth_embeddings,Conventional + AlphaEarth Embeddings,0.05436867332735518,0.3548426373798784,0
1039,RMC_02_00350,0,non_landslide,63_26,1,63.81294910153536,26.02531667504769,raster-matched control,conventional_alphaearth_embeddings,Conventional + AlphaEarth Embeddings,0.10130553822132606,0.3491602156256933,0
1040,RMC_02_00659,0,non_landslide,66_25,2,66.04975415899297,25.48857329278628,raster-matched control,conventional_alphaearth_embeddings,Conventional + AlphaEarth Embeddings,0.10727562730532328,0.36703707324492457,0
1041,CPEC_ROCKFALL_0921,1,rockfall,75_38,2,75.47981888762375,38.84652009314448,"Kashgar (Xinjiang, China)",conventional_alphaearth_embeddings,Conventional + AlphaEarth Embeddings,0.9733199779900048,0.36703707324492457,1
1042,CPEC_LANDSLIDE_0131,1,landslide,74_36,2,74.80158961739464,36.585011189171496,Gilgit-Baltistan,conventional_alphaearth_embeddings,Conventional + AlphaEarth Embeddings,0.9458711739532732,0.36703707324492457,1
1043,CPEC_LANDSLIDE_0306,1,landslide,72_35,3,72.99822213295585,35.078089201866845,KP-AJK,conventional_alphaearth_embeddings,Conventional + AlphaEarth Embeddings,0.10527915926410279,0.3548426373798784,0
1044,CPEC_LANDSLIDE_0231,1,landslide,74_35,5,74.57925883886983,35.78775959362381,Gilgit-Baltistan,conventional_alphaearth_embeddings,Conventional + AlphaEarth Embeddings,0.9568678383040232,0.3226873891884655,1
1045,RMC_02_00275,0,non_landslide,65_26,3,65.91500686637504,26.395871729746997,raster-matched control,conventional_alphaearth_embeddings,Conventional + AlphaEarth Embeddings,0.48376669474085443,0.3548426373798784,1
1046,RMC_02_00877,0,non_landslide,74_36,2,74.51862150002975,36.257127761169045,raster-matched control,conventional_alphaearth_embeddings,Conventional + AlphaEarth Embeddings,0.08046910984438511,0.36703707324492457,0
1047,CPEC_LANDSLIDE_0254,1,landslide,74_35,5,74.26035730883054,35.41495645005046,Gilgit-Baltistan,conventional_alphaearth_embeddings,Conventional + AlphaEarth Embeddings,0.9864206672563621,0.3226873891884655,1
1048,CPEC_LANDSLIDE_0008,1,landslide,73_34,2,73.46983895587354,34.411087948090305,KP-AJK,conventional_alphaearth_embeddings,Conventional + AlphaEarth Embeddings,0.2322138426395971,0.36703707324492457,0
1049,RMC_02_01365,0,non_landslide,77_37,2,77.36403516247834,37.77977216775163,raster-matched control,conventional_alphaearth_embeddings,Conventional + AlphaEarth Embeddings,0.12036491334459688,0.36703707324492457,0
1050,RMC_02_00833,0,non_landslide,66_26,4,66.58425175304409,26.44078749395297,raster-matched control,conventional_alphaearth_embeddings,Conventional + AlphaEarth Embeddings,0.08662538063225636,0.2712461075876357,0
1051,RMC_02_01481,0,non_landslide,77_37,2,77.49653666688597,37.77977216775163,raster-matched control,conventional_alphaearth_embeddings,Conventional + AlphaEarth Embeddings,0.09937259800449261,0.36703707324492457,0
1052,CPEC_LANDSLIDE_0693,1,landslide,66_27,1,66.4584866915679,27.550208048833188,Balochistan,conventional_alphaearth_embeddings,Conventional + AlphaEarth Embeddings,0.9884965504265131,0.3491602156256933,1
1053,CPEC_LANDSLIDE_0542,1,landslide,75_38,2,75.37875782134847,38.81507897161664,"Kashgar (Xinjiang, China)",conventional_alphaearth_embeddings,Conventional + AlphaEarth Embeddings,0.9868734352956531,0.36703707324492457,1
1054,RMC_02_00891,0,non_landslide,77_37,2,77.15742264713086,37.37777607810815,raster-matched control,conventional_alphaearth_embeddings,Conventional + AlphaEarth Embeddings,0.10309515667101762,0.36703707324492457,0
1055,CPEC_LANDSLIDE_1079,1,landslide,74_36,2,74.86447186045034,36.22119313422085,Gilgit-Baltistan,conventional_alphaearth_embeddings,Conventional + AlphaEarth Embeddings,0.4731236941929879,0.36703707324492457,1
1056,CPEC_LANDSLIDE_0414,1,landslide,75_38,2,75.01493976639782,38.55007905511141,"Kashgar (Xinjiang, China)",conventional_alphaearth_embeddings,Conventional + AlphaEarth Embeddings,0.9823948835110405,0.36703707324492457,1
1057,CPEC_LANDSLIDE_0644,1,landslide,65_27,5,65.65000262046658,27.15270148542376,Balochistan,conventional_alphaearth_embeddings,Conventional + AlphaEarth Embeddings,0.9657978853506506,0.3226873891884655,1
1058,RMC_02_00245,0,non_landslide,66_27,1,66.71675325745171,27.525503199527293,raster-matched control,conventional_alphaearth_embeddings,Conventional + AlphaEarth Embeddings,0.11561941078860428,0.3491602156256933,0
1059,RMC_02_00059,0,non_landslide,62_26,5,62.63391029112849,26.171292908717117,raster-matched control,conventional_alphaearth_embeddings,Conventional + AlphaEarth Embeddings,0.22469740816494663,0.3226873891884655,0
1060,RMC_02_00409,0,non_landslide,74_36,2,74.88468497830847,36.77815062595836,raster-matched control,conventional_alphaearth_embeddings,Conventional + AlphaEarth Embeddings,0.10013313566455656,0.36703707324492457,0
1061,CPEC_LANDSLIDE_0859,1,landslide,73_34,2,73.44513553603745,34.4043547054996,KP-AJK,conventional_alphaearth_embeddings,Conventional + AlphaEarth Embeddings,0.18718644451318694,0.36703707324492457,0
1062,RMC_02_00886,0,non_landslide,75_38,2,75.44164045446257,38.80385159164789,raster-matched control,conventional_alphaearth_embeddings,Conventional + AlphaEarth Embeddings,0.10879819920166334,0.36703707324492457,0
1063,CPEC_LANDSLIDE_0397,1,landslide,75_38,2,75.01943008115863,38.54334135341965,"Kashgar (Xinjiang, China)",conventional_alphaearth_embeddings,Conventional + AlphaEarth Embeddings,0.9879501212584321,0.36703707324492457,1
1064,CPEC_ROCKFALL_0626,1,rockfall,67_30,3,67.20633590654447,30.272101300170256,Balochistan,conventional_alphaearth_embeddings,Conventional + AlphaEarth Embeddings,0.6965618616497513,0.3548426373798784,1
1065,RMC_02_01160,0,non_landslide,74_35,5,74.11662541038628,35.421694546937886,raster-matched control,conventional_alphaearth_embeddings,Conventional + AlphaEarth Embeddings,0.06734777725121165,0.3226873891884655,0
1066,CPEC_ROCKFALL_0571,1,rockfall,67_29,1,67.22205423775787,29.47260231769162,Balochistan,conventional_alphaearth_embeddings,Conventional + AlphaEarth Embeddings,0.9766232043322651,0.3491602156256933,1
1067,RMC_02_00126,0,non_landslide,75_35,1,75.7358387100117,35.34309195957743,raster-matched control,conventional_alphaearth_embeddings,Conventional + AlphaEarth Embeddings,0.0938839113613684,0.3491602156256933,0
1068,RMC_02_00686,0,non_landslide,73_33,5,73.5012794407644,33.7059123542696,raster-matched control,conventional_alphaearth_embeddings,Conventional + AlphaEarth Embeddings,0.17474822191298225,0.3226873891884655,0
1069,RMC_02_00127,0,non_landslide,71_35,2,71.6440125908473,35.7742832959548,raster-matched control,conventional_alphaearth_embeddings,Conventional + AlphaEarth Embeddings,0.11919602005838277,0.36703707324492457,0
1070,CPEC_LANDSLIDE_0132,1,landslide,74_36,2,74.79036160094206,36.542342051191085,Gilgit-Baltistan,conventional_alphaearth_embeddings,Conventional + AlphaEarth Embeddings,0.24161688835303569,0.36703707324492457,0
1071,CPEC_ROCKFALL_0312,1,rockfall,66_27,1,66.59547919413187,27.90953132992197,Balochistan,conventional_alphaearth_embeddings,Conventional + AlphaEarth Embeddings,0.9724668748036344,0.3491602156256933,1
1072,CPEC_ROCKFALL_0843,1,rockfall,74_36,2,74.3120070763326,36.29530785283018,Gilgit-Baltistan,conventional_alphaearth_embeddings,Conventional + AlphaEarth Embeddings,0.9695674503539049,0.36703707324492457,1
1073,CPEC_ROCKFALL_0282,1,rockfall,66_27,1,66.28780568054516,27.188632921712426,Balochistan,conventional_alphaearth_embeddings,Conventional + AlphaEarth Embeddings,0.974705059748574,0.3491602156256933,1
1074,RMC_02_00914,0,non_landslide,77_37,2,77.37526410352984,37.63604172229251,raster-matched control,conventional_alphaearth_embeddings,Conventional + AlphaEarth Embeddings,0.10662934086095888,0.36703707324492457,0
1075,RMC_02_00404,0,non_landslide,75_40,1,75.67295664012335,40.07047614225641,raster-matched control,conventional_alphaearth_embeddings,Conventional + AlphaEarth Embeddings,0.17797410490653398,0.3491602156256933,0
1076,RMC_02_00731,0,non_landslide,71_36,4,71.98537239881271,36.01907421087737,raster-matched control,conventional_alphaearth_embeddings,Conventional + AlphaEarth Embeddings,0.19399504494208356,0.2712461075876357,0
1077,CPEC_ROCKFALL_0527,1,rockfall,67_29,1,67.90702120967875,29.68370507976385,Balochistan,conventional_alphaearth_embeddings,Conventional + AlphaEarth Embeddings,0.9469416089094344,0.3491602156256933,1
1078,RMC_02_01369,0,non_landslide,67_29,1,67.18387720519387,29.93747973738821,raster-matched control,conventional_alphaearth_embeddings,Conventional + AlphaEarth Embeddings,0.1202041478151413,0.3491602156256933,0
1079,RMC_02_00346,0,non_landslide,70_30,1,70.17077552489127,30.66736090573532,raster-matched control,conventional_alphaearth_embeddings,Conventional + AlphaEarth Embeddings,0.26968501457090605,0.3491602156256933,0
1080,RMC_02_00963,0,non_landslide,75_36,3,75.18337481027821,36.86573636616002,raster-matched control,conventional_alphaearth_embeddings,Conventional + AlphaEarth Embeddings,0.033049039799107685,0.3548426373798784,0
1081,RMC_02_00728,0,non_landslide,75_36,3,75.91101019041501,36.94433895352048,raster-matched control,conventional_alphaearth_embeddings,Conventional + AlphaEarth Embeddings,0.06796220922327298,0.3548426373798784,0
1082,RMC_02_00101,0,non_landslide,74_36,2,74.95430441282772,36.50191867609161,raster-matched control,conventional_alphaearth_embeddings,Conventional + AlphaEarth Embeddings,0.9192602235542326,0.36703707324492457,1
1083,RMC_02_01227,0,non_landslide,70_30,1,70.45599062759922,30.66511511752502,raster-matched control,conventional_alphaearth_embeddings,Conventional + AlphaEarth Embeddings,0.13885015886163754,0.3491602156256933,0
1084,RMC_02_01366,0,non_landslide,67_26,5,67.21756402834835,26.04103719251978,raster-matched control,conventional_alphaearth_embeddings,Conventional + AlphaEarth Embeddings,0.9731183703952272,0.3226873891884655,1
1085,RMC_02_00220,0,non_landslide,66_27,1,66.57526860020289,27.92974507738108,raster-matched control,conventional_alphaearth_embeddings,Conventional + AlphaEarth Embeddings,0.26973751975580745,0.3491602156256933,0
1086,CPEC_ROCKFALL_0381,1,rockfall,67_27,2,67.00421377399388,27.9746609599086,Balochistan,conventional_alphaearth_embeddings,Conventional + AlphaEarth Embeddings,0.9613078270398783,0.36703707324492457,1
1087,RMC_02_01145,0,non_landslide,73_35,4,73.3238621721508,35.50029713429834,raster-matched control,conventional_alphaearth_embeddings,Conventional + AlphaEarth Embeddings,0.06359598013487358,0.2712461075876357,0
1088,CPEC_LANDSLIDE_0010,1,landslide,74_36,2,74.8936700541483,36.52212894611581,Gilgit-Baltistan,conventional_alphaearth_embeddings,Conventional + AlphaEarth Embeddings,0.2257037853214542,0.36703707324492457,0
1089,RMC_02_00617,0,non_landslide,77_37,2,77.13047318860727,37.364301348846354,raster-matched control,conventional_alphaearth_embeddings,Conventional + AlphaEarth Embeddings,0.0789986365032563,0.36703707324492457,0
1090,CPEC_ROCKFALL_0532,1,rockfall,67_29,1,67.92049661306226,29.69044278145561,Balochistan,conventional_alphaearth_embeddings,Conventional + AlphaEarth Embeddings,0.9827584359301096,0.3491602156256933,1
1091,RMC_02_00289,0,non_landslide,65_26,3,65.2524993443369,26.61146739793568,raster-matched control,conventional_alphaearth_embeddings,Conventional + AlphaEarth Embeddings,0.15768710882274065,0.3548426373798784,0
1092,CPEC_ROCKFALL_0468,1,rockfall,69_29,3,69.16466161169157,29.0728528264523,Balochistan,conventional_alphaearth_embeddings,Conventional + AlphaEarth Embeddings,0.9808476699746963,0.3548426373798784,1
1093,RMC_02_01007,0,non_landslide,74_35,5,74.6196819694932,35.7765290841651,raster-matched control,conventional_alphaearth_embeddings,Conventional + AlphaEarth Embeddings,0.06510054466319103,0.3226873891884655,0
1094,RMC_02_01315,0,non_landslide,73_35,4,73.24975116121094,35.47110188756446,raster-matched control,conventional_alphaearth_embeddings,Conventional + AlphaEarth Embeddings,0.13337069916727276,0.2712461075876357,0
1095,CPEC_ROCKFALL_0575,1,rockfall,67_29,1,67.21981130992799,29.46586461599985,Balochistan,conventional_alphaearth_embeddings,Conventional + AlphaEarth Embeddings,0.9716444589096783,0.3491602156256933,1
1096,RMC_02_00954,0,non_landslide,75_36,3,75.30015579721375,36.83204954300554,raster-matched control,conventional_alphaearth_embeddings,Conventional + AlphaEarth Embeddings,0.05748182205367342,0.3548426373798784,0
1097,RMC_02_01505,0,non_landslide,75_37,5,75.2013411159606,37.883078425425374,raster-matched control,conventional_alphaearth_embeddings,Conventional + AlphaEarth Embeddings,0.08683192211646444,0.3226873891884655,0
1098,CPEC_ROCKFALL_0918,1,rockfall,75_38,2,75.48206627455471,38.83978239145274,"Kashgar (Xinjiang, China)",conventional_alphaearth_embeddings,Conventional + AlphaEarth Embeddings,0.6520694455056114,0.36703707324492457,1
1099,RMC_02_00565,0,non_landslide,75_40,1,75.41469099593898,40.0929340243594,raster-matched control,conventional_alphaearth_embeddings,Conventional + AlphaEarth Embeddings,0.0778651717501059,0.3491602156256933,0
1100,CPEC_LANDSLIDE_0207,1,landslide,74_36,2,74.27383271221406,36.04602180843728,Gilgit-Baltistan,conventional_alphaearth_embeddings,Conventional + AlphaEarth Embeddings,0.17239860572704474,0.36703707324492457,0
1101,RMC_02_00167,0,non_landslide,63_26,1,63.95892533520478,26.43180434111177,raster-matched control,conventional_alphaearth_embeddings,Conventional + AlphaEarth Embeddings,0.13478899332282976,0.3491602156256933,0
1102,CPEC_ROCKFALL_0791,1,rockfall,76_35,2,76.13334473801679,35.19711598628648,Gilgit-Baltistan,conventional_alphaearth_embeddings,Conventional + AlphaEarth Embeddings,0.9679139654612423,0.36703707324492457,1
1103,RMC_02_00676,0,non_landslide,70_33,2,70.95230982207526,33.12425320780221,raster-matched control,conventional_alphaearth_embeddings,Conventional + AlphaEarth Embeddings,0.1126031617526967,0.36703707324492457,0
1104,CPEC_LANDSLIDE_0734,1,landslide,70_31,3,70.02255252246509,31.43092802283872,KP-AJK,conventional_alphaearth_embeddings,Conventional + AlphaEarth Embeddings,0.9933518663654693,0.3548426373798784,1
1105,RMC_02_00104,0,non_landslide,75_35,1,75.92448491967681,35.17690363201532,raster-matched control,conventional_alphaearth_embeddings,Conventional + AlphaEarth Embeddings,0.11395537236018484,0.3491602156256933,0
1106,RMC_02_00640,0,non_landslide,75_38,2,75.21930742164298,38.7701647684934,raster-matched control,conventional_alphaearth_embeddings,Conventional + AlphaEarth Embeddings,0.09629244018775547,0.36703707324492457,0
1107,RMC_02_01498,0,non_landslide,74_35,5,74.25137270300421,35.41720297051729,raster-matched control,conventional_alphaearth_embeddings,Conventional + AlphaEarth Embeddings,0.03727682792926619,0.3226873891884655,0
1108,CPEC_ROCKFALL_0802,1,rockfall,75_35,1,75.1631647445154,35.59461809059485,Gilgit-Baltistan,conventional_alphaearth_embeddings,Conventional + AlphaEarth Embeddings,0.9818556017765869,0.3491602156256933,1
1109,CPEC_ROCKFALL_0424,1,rockfall,70_29,4,70.02255252246509,29.515271455672043,Punjab-Sindh lowland corridor,conventional_alphaearth_embeddings,Conventional + AlphaEarth Embeddings,0.963564372383752,0.2712461075876357,1
1110,CPEC_ROCKFALL_0932,1,rockfall,75_38,2,75.49553721883716,38.8981743197476,"Kashgar (Xinjiang, China)",conventional_alphaearth_embeddings,Conventional + AlphaEarth Embeddings,0.8340667296147682,0.36703707324492457,1
1111,RMC_02_00964,0,non_landslide,75_36,3,75.17439165743701,36.86124478973942,raster-matched control,conventional_alphaearth_embeddings,Conventional + AlphaEarth Embeddings,0.0651634053955542,0.3548426373798784,0
1112,CPEC_ROCKFALL_0112,1,rockfall,65_27,5,65.83191164794191,27.46936008763316,Balochistan,conventional_alphaearth_embeddings,Conventional + AlphaEarth Embeddings,0.27886112036549493,0.3226873891884655,0
1113,CPEC_ROCKFALL_0842,1,rockfall,74_35,5,74.50963889412238,35.857379538371255,Gilgit-Baltistan,conventional_alphaearth_embeddings,Conventional + AlphaEarth Embeddings,0.9878627496641224,0.3226873891884655,1
1114,CPEC_LANDSLIDE_1056,1,landslide,73_34,2,73.35979280097555,34.54134720806356,KP-AJK,conventional_alphaearth_embeddings,Conventional + AlphaEarth Embeddings,0.9739710539121038,0.36703707324492457,1
1115,RMC_02_00884,0,non_landslide,75_38,2,75.29117264437255,38.7836394977552,raster-matched control,conventional_alphaearth_embeddings,Conventional + AlphaEarth Embeddings,0.10953178599177034,0.36703707324492457,0
1116,RMC_02_00266,0,non_landslide,61_25,2,61.96241961624915,25.85912834748558,raster-matched control,conventional_alphaearth_embeddings,Conventional + AlphaEarth Embeddings,0.24162604598419468,0.36703707324492457,0
1117,CPEC_LANDSLIDE_0598,1,landslide,64_28,1,64.94482700257149,28.881958710354287,Balochistan,conventional_alphaearth_embeddings,Conventional + AlphaEarth Embeddings,0.9843791770956531,0.3491602156256933,1
1118,CPEC_ROCKFALL_0882,1,rockfall,75_38,2,75.03066255671226,38.53435626479696,"Kashgar (Xinjiang, China)",conventional_alphaearth_embeddings,Conventional + AlphaEarth Embeddings,0.9736613938669169,0.36703707324492457,1
1119,CPEC_ROCKFALL_0308,1,rockfall,66_27,1,66.55281005615144,27.613090291888884,Balochistan,conventional_alphaearth_embeddings,Conventional + AlphaEarth Embeddings,0.6728568716887631,0.3491602156256933,1
1120,CPEC_ROCKFALL_0417,1,rockfall,70_29,4,70.0203095946352,29.508533753980288,Punjab-Sindh lowland corridor,conventional_alphaearth_embeddings,Conventional + AlphaEarth Embeddings,0.9511286196452237,0.2712461075876357,1
1121,CPEC_ROCKFALL_0290,1,rockfall,66_27,1,66.46297700632873,27.55918867835483,Balochistan,conventional_alphaearth_embeddings,Conventional + AlphaEarth Embeddings,0.9631630759072001,0.3491602156256933,1
1122,CPEC_ROCKFALL_0916,1,rockfall,75_38,2,75.4843092023846,38.82855437500015,"Kashgar (Xinjiang, China)",conventional_alphaearth_embeddings,Conventional + AlphaEarth Embeddings,0.9506469612439475,0.36703707324492457,1
1123,CPEC_ROCKFALL_0449,1,rockfall,69_28,1,69.17588962814415,28.83704218544292,Balochistan,conventional_alphaearth_embeddings,Conventional + AlphaEarth Embeddings,0.8610605312903117,0.3491602156256933,1
1124,CPEC_ROCKFALL_0427,1,rockfall,70_29,4,70.02479990939601,29.517518842602986,Punjab-Sindh lowland corridor,conventional_alphaearth_embeddings,Conventional + AlphaEarth Embeddings,0.9778167494972142,0.2712461075876357,1
1125,RMC_02_01413,0,non_landslide,76_39,5,76.35792204426448,39.78975261596906,raster-matched control,conventional_alphaearth_embeddings,Conventional + AlphaEarth Embeddings,0.09049726833640082,0.3226873891884655,0
1126,CPEC_LANDSLIDE_0239,1,landslide,74_36,2,74.51188628105331,36.26835704606315,Gilgit-Baltistan,conventional_alphaearth_embeddings,Conventional + AlphaEarth Embeddings,0.9725579543607373,0.36703707324492457,1
1127,CPEC_ROCKFALL_0433,1,rockfall,70_29,4,70.02929022415682,29.5377274885772,Punjab-Sindh lowland corridor,conventional_alphaearth_embeddings,Conventional + AlphaEarth Embeddings,0.9507223138235561,0.2712461075876357,1
1128,RMC_02_00154,0,non_landslide,77_40,3,77.0630995422983,40.64090634767231,raster-matched control,conventional_alphaearth_embeddings,Conventional + AlphaEarth Embeddings,0.11423968623342404,0.3548426373798784,0
1129,CPEC_ROCKFALL_0431,1,rockfall,70_29,4,70.02704729632694,29.52874685905556,Punjab-Sindh lowland corridor,conventional_alphaearth_embeddings,Conventional + AlphaEarth Embeddings,0.9581032527739242,0.2712461075876357,1
1130,CPEC_LANDSLIDE_0933,1,landslide,72_35,3,72.60072002864746,35.410466135289646,KP-AJK,conventional_alphaearth_embeddings,Conventional + AlphaEarth Embeddings,0.9844186508181293,0.3548426373798784,1
1131,CPEC_LANDSLIDE_0304,1,landslide,72_35,3,72.96453808359811,35.07359888710602,KP-AJK,conventional_alphaearth_embeddings,Conventional + AlphaEarth Embeddings,0.9909981974193214,0.3548426373798784,1
1132,RMC_02_01059,0,non_landslide,68_29,2,68.05299724257951,29.89705554960283,raster-matched control,conventional_alphaearth_embeddings,Conventional + AlphaEarth Embeddings,0.0793252794164337,0.36703707324492457,0
1133,CPEC_LANDSLIDE_0568,1,landslide,75_38,2,75.51126000915161,38.94982854635072,"Kashgar (Xinjiang, China)",conventional_alphaearth_embeddings,Conventional + AlphaEarth Embeddings,0.9731100387609906,0.36703707324492457,1
1134,CPEC_LANDSLIDE_1012,1,landslide,74_35,5,74.69379084942759,35.55194895261443,Gilgit-Baltistan,conventional_alphaearth_embeddings,Conventional + AlphaEarth Embeddings,0.9855923988557472,0.3226873891884655,1
1135,CPEC_ROCKFALL_0274,1,rockfall,66_27,1,66.28331536578433,27.089819242368065,Balochistan,conventional_alphaearth_embeddings,Conventional + AlphaEarth Embeddings,0.973970978703647,0.3491602156256933,1
1136,CPEC_LANDSLIDE_0112,1,landslide,74_36,2,74.85099645706681,36.81408412848913,Gilgit-Baltistan,conventional_alphaearth_embeddings,Conventional + AlphaEarth Embeddings,0.8027626317432354,0.36703707324492457,1
1137,CPEC_LANDSLIDE_0138,1,landslide,74_36,2,74.85099645706681,36.52437633304675,Gilgit-Baltistan,conventional_alphaearth_embeddings,Conventional + AlphaEarth Embeddings,0.983725808357562,0.36703707324492457,1
1138,CPEC_ROCKFALL_0444,1,rockfall,69_28,1,69.18038440200601,28.828061555921288,Balochistan,conventional_alphaearth_embeddings,Conventional + AlphaEarth Embeddings,0.28946719216927,0.3491602156256933,0
1139,RMC_02_01489,0,non_landslide,74_35,5,74.51637571181946,35.85064009510496,raster-matched control,conventional_alphaearth_embeddings,Conventional + AlphaEarth Embeddings,0.08347443010747964,0.3226873891884655,0
1140,CPEC_LANDSLIDE_0627,1,landslide,63_26,1,63.93646818585051,26.65413831484008,Balochistan,conventional_alphaearth_embeddings,Conventional + AlphaEarth Embeddings,0.9760232391921226,0.3491602156256933,1
1141,RMC_02_01022,0,non_landslide,74_36,2,74.27832216152778,36.41433293588996,raster-matched control,conventional_alphaearth_embeddings,Conventional + AlphaEarth Embeddings,0.7319668109503097,0.36703707324492457,1
1142,RMC_02_00865,0,non_landslide,75_40,1,75.47308148940675,40.02780616626073,raster-matched control,conventional_alphaearth_embeddings,Conventional + AlphaEarth Embeddings,0.23033355104141126,0.3491602156256933,0
1143,CPEC_ROCKFALL_0648,1,rockfall,68_30,4,68.83228467826876,30.725752404943623,Balochistan,conventional_alphaearth_embeddings,Conventional + AlphaEarth Embeddings,0.9782142812059144,0.2712461075876357,1
1144,RMC_02_00456,0,non_landslide,74_36,2,74.85548973157458,36.45251133546504,raster-matched control,conventional_alphaearth_embeddings,Conventional + AlphaEarth Embeddings,0.11268498675723185,0.36703707324492457,0
1145,CPEC_ROCKFALL_0395,1,rockfall,67_26,5,67.83740126493129,26.200487210066708,Punjab-Sindh lowland corridor,conventional_alphaearth_embeddings,Conventional + AlphaEarth Embeddings,0.9745265077882361,0.3226873891884655,1
1146,RMC_02_00395,0,non_landslide,75_37,5,75.14968798712373,37.93473155426225,raster-matched control,conventional_alphaearth_embeddings,Conventional + AlphaEarth Embeddings,0.0621847195795367,0.3226873891884655,0
1147,CPEC_LANDSLIDE_0330,1,landslide,75_37,5,75.45736285471861,37.1666741669872,"Kashgar (Xinjiang, China)",conventional_alphaearth_embeddings,Conventional + AlphaEarth Embeddings,0.9928790798273449,0.3226873891884655,1
1148,RMC_02_01433,0,non_landslide,65_27,5,65.71064013923785,27.536732140578785,raster-matched control,conventional_alphaearth_embeddings,Conventional + AlphaEarth Embeddings,0.09876393260981928,0.3226873891884655,0
1149,RMC_02_00558,0,non_landslide,75_38,2,75.0171864827161,38.72300321607713,raster-matched control,conventional_alphaearth_embeddings,Conventional + AlphaEarth Embeddings,0.14553332616558462,0.36703707324492457,0
1150,RMC_02_01103,0,non_landslide,67_30,3,67.21531824013805,30.22269484009616,raster-matched control,conventional_alphaearth_embeddings,Conventional + AlphaEarth Embeddings,0.06758370489152789,0.3548426373798784,0
1151,RMC_02_00493,0,non_landslide,74_36,2,74.55679989960484,36.245898820117546,raster-matched control,conventional_alphaearth_embeddings,Conventional + AlphaEarth Embeddings,0.08192741601186476,0.36703707324492457,0
1152,CPEC_LANDSLIDE_0181,1,landslide,74_36,2,74.4355286346141,36.25937195744046,Gilgit-Baltistan,conventional_alphaearth_embeddings,Conventional + AlphaEarth Embeddings,0.1508309997907876,0.36703707324492457,0
1153,RMC_02_00934,0,non_landslide,73_36,1,73.98636969418894,36.81183744911284,raster-matched control,conventional_alphaearth_embeddings,Conventional + AlphaEarth Embeddings,0.3636648097754978,0.3491602156256933,1
1154,RMC_02_00846,0,non_landslide,72_32,2,72.3649106063532,32.56954351985841,raster-matched control,conventional_alphaearth_embeddings,Conventional + AlphaEarth Embeddings,0.13027249048775907,0.36703707324492457,0
1155,CPEC_LANDSLIDE_0939,1,landslide,72_35,3,72.5468184151134,35.5182649032567,KP-AJK,conventional_alphaearth_embeddings,Conventional + AlphaEarth Embeddings,0.8488987731859016,0.3548426373798784,1
1156,RMC_02_00027,0,non_landslide,75_38,2,75.00146596524401,38.55232331209442,raster-matched control,conventional_alphaearth_embeddings,Conventional + AlphaEarth Embeddings,0.26824215913924876,0.36703707324492457,0
1157,RMC_02_00123,0,non_landslide,66_29,5,66.83353424438725,29.452389483963664,raster-matched control,conventional_alphaearth_embeddings,Conventional + AlphaEarth Embeddings,0.14024823363075095,0.3226873891884655,0
1158,CPEC_LANDSLIDE_0039,1,landslide,75_37,5,75.76503190920427,37.84489897811525,"Kashgar (Xinjiang, China)",conventional_alphaearth_embeddings,Conventional + AlphaEarth Embeddings,0.9784118373929532,0.3226873891884655,1
1159,RMC_02_01089,0,non_landslide,67_30,3,67.28044609823671,30.052014936113448,raster-matched control,conventional_alphaearth_embeddings,Conventional + AlphaEarth Embeddings,0.716829172372749,0.3548426373798784,1
1160,CPEC_ROCKFALL_0091,1,rockfall,65_27,5,65.64102199094494,27.148211170662936,Balochistan,conventional_alphaearth_embeddings,Conventional + AlphaEarth Embeddings,0.9857353685488184,0.3226873891884655,1
1161,CPEC_ROCKFALL_0844,1,rockfall,74_36,2,74.30976414850272,36.29530785283018,Gilgit-Baltistan,conventional_alphaearth_embeddings,Conventional + AlphaEarth Embeddings,0.734193301001634,0.36703707324492457,1
1162,RMC_02_00879,0,non_landslide,74_36,2,74.60845302844172,36.288568796113225,raster-matched control,conventional_alphaearth_embeddings,Conventional + AlphaEarth Embeddings,0.10166001236203319,0.36703707324492457,0
1163,RMC_02_00567,0,non_landslide,75_38,2,75.11375537575894,38.73423215712862,raster-matched control,conventional_alphaearth_embeddings,Conventional + AlphaEarth Embeddings,0.1461898623697053,0.36703707324492457,0
1164,CPEC_ROCKFALL_0615,1,rockfall,67_30,3,67.20184559178365,30.276591614931068,Balochistan,conventional_alphaearth_embeddings,Conventional + AlphaEarth Embeddings,0.977490808029207,0.3548426373798784,1
1165,RMC_02_00136,0,non_landslide,73_36,1,73.73034983821488,36.153821503495294,raster-matched control,conventional_alphaearth_embeddings,Conventional + AlphaEarth Embeddings,0.9004119721629796,0.3491602156256933,1
1166,CPEC_ROCKFALL_0403,1,rockfall,67_25,3,67.92498692782308,25.879338293096488,Punjab-Sindh lowland corridor,conventional_alphaearth_embeddings,Conventional + AlphaEarth Embeddings,0.9853938964054431,0.3548426373798784,1
1167,CPEC_ROCKFALL_0838,1,rockfall,74_35,5,74.20645569529648,35.96517384723726,Gilgit-Baltistan,conventional_alphaearth_embeddings,Conventional + AlphaEarth Embeddings,0.9627285847968979,0.3226873891884655,1
1168,CPEC_LANDSLIDE_0360,1,landslide,75_37,5,75.48655658931551,37.83142357473175,"Kashgar (Xinjiang, China)",conventional_alphaearth_embeddings,Conventional + AlphaEarth Embeddings,0.8839748328690095,0.3226873891884655,1
1169,RMC_02_01355,0,non_landslide,76_37,1,76.73746025180498,37.15768883349886,raster-matched control,conventional_alphaearth_embeddings,Conventional + AlphaEarth Embeddings,0.16030404069480583,0.3491602156256933,0
1170,RMC_02_01293,0,non_landslide,73_35,4,73.63153515696173,35.48457661682625,raster-matched control,conventional_alphaearth_embeddings,Conventional + AlphaEarth Embeddings,0.07737922558365606,0.2712461075876357,0
1171,CPEC_ROCKFALL_0441,1,rockfall,70_29,4,70.03602792584859,29.54895996413082,Punjab-Sindh lowland corridor,conventional_alphaearth_embeddings,Conventional + AlphaEarth Embeddings,0.9650117018014058,0.2712461075876357,1
1172,CPEC_ROCKFALL_0837,1,rockfall,74_36,2,74.50739150719146,36.245901013158,Gilgit-Baltistan,conventional_alphaearth_embeddings,Conventional + AlphaEarth Embeddings,0.9798442307972309,0.36703707324492457,1
1173,RMC_02_01120,0,non_landslide,71_33,3,71.74507306031074,33.49705405071181,raster-matched control,conventional_alphaearth_embeddings,Conventional + AlphaEarth Embeddings,0.07227456569613165,0.3548426373798784,0
1174,RMC_02_00826,0,non_landslide,67_26,5,67.00645993658026,26.708036290978526,raster-matched control,conventional_alphaearth_embeddings,Conventional + AlphaEarth Embeddings,0.18975523238973077,0.3226873891884655,0
1175,RMC_02_01027,0,non_landslide,67_26,5,67.1187493470952,26.523881657734027,raster-matched control,conventional_alphaearth_embeddings,Conventional + AlphaEarth Embeddings,0.10747722970474403,0.3226873891884655,0
1176,CPEC_LANDSLIDE_0275,1,landslide,73_35,4,73.58212803860143,35.53623062140103,KP-AJK,conventional_alphaearth_embeddings,Conventional + AlphaEarth Embeddings,0.969404959154919,0.2712461075876357,1
1177,RMC_02_00006,0,non_landslide,72_33,4,72.80957667199237,33.35107781704239,raster-matched control,conventional_alphaearth_embeddings,Conventional + AlphaEarth Embeddings,0.06941349313827148,0.2712461075876357,0
1178,RMC_02_00957,0,non_landslide,75_36,3,75.23053636269448,36.845524272267326,raster-matched control,conventional_alphaearth_embeddings,Conventional + AlphaEarth Embeddings,0.036650542491796674,0.3548426373798784,0
1179,CPEC_LANDSLIDE_1061,1,landslide,74_36,2,74.81281763384722,36.304288482351815,Gilgit-Baltistan,conventional_alphaearth_embeddings,Conventional + AlphaEarth Embeddings,0.9485118093997159,0.36703707324492457,1
1180,RMC_02_01048,0,non_landslide,68_28,5,68.28206764002998,28.98077395980092,raster-matched control,conventional_alphaearth_embeddings,Conventional + AlphaEarth Embeddings,0.08115527523622923,0.3226873891884655,0
1181,CPEC_LANDSLIDE_0214,1,landslide,74_35,5,74.20196538053567,35.976406322790886,Gilgit-Baltistan,conventional_alphaearth_embeddings,Conventional + AlphaEarth Embeddings,0.961434833111454,0.3226873891884655,1
1182,CPEC_LANDSLIDE_1057,1,landslide,73_34,2,73.72810562978808,34.13935032989331,KP-AJK,conventional_alphaearth_embeddings,Conventional + AlphaEarth Embeddings,0.19491971869089847,0.36703707324492457,0
1183,CPEC_ROCKFALL_0558,1,rockfall,67_29,1,67.68918074591475,29.59387202994113,Balochistan,conventional_alphaearth_embeddings,Conventional + AlphaEarth Embeddings,0.9640948951662952,0.3491602156256933,1
1184,RMC_02_01276,0,non_landslide,73_35,4,73.23178485552855,35.448644005461475,raster-matched control,conventional_alphaearth_embeddings,Conventional + AlphaEarth Embeddings,0.8742981305929879,0.2712461075876357,1
1185,CPEC_ROCKFALL_0307,1,rockfall,66_27,1,66.55281005615144,27.61982799358065,Balochistan,conventional_alphaearth_embeddings,Conventional + AlphaEarth Embeddings,0.3219318090724649,0.3491602156256933,0
1186,RMC_02_01477,0,non_landslide,75_38,2,75.53147198287452,38.976777283840896,raster-matched control,conventional_alphaearth_embeddings,Conventional + AlphaEarth Embeddings,0.07588121648331998,0.36703707324492457,0
1187,CPEC_ROCKFALL_0405,1,rockfall,67_25,3,67.88007040291171,25.89730847034188,Punjab-Sindh lowland corridor,conventional_alphaearth_embeddings,Conventional + AlphaEarth Embeddings,0.9801314283552705,0.3548426373798784,1
1188,RMC_02_00036,0,non_landslide,76_36,4,76.08169009439773,36.59175020450356,raster-matched control,conventional_alphaearth_embeddings,Conventional + AlphaEarth Embeddings,0.23616821652534167,0.2712461075876357,0
1189,RMC_02_01232,0,non_landslide,68_29,2,68.56503695452763,29.08632600568496,raster-matched control,conventional_alphaearth_embeddings,Conventional + AlphaEarth Embeddings,0.07875503102115947,0.36703707324492457,0
1190,RMC_02_00096,0,non_landslide,74_35,5,74.6219277577035,35.7720375077445,raster-matched control,conventional_alphaearth_embeddings,Conventional + AlphaEarth Embeddings,0.11774128255785737,0.3226873891884655,0
1191,RMC_02_00545,0,non_landslide,74_35,5,74.02454809376403,35.12525050317844,raster-matched control,conventional_alphaearth_embeddings,Conventional + AlphaEarth Embeddings,0.23471390237028378,0.3226873891884655,0
1192,CPEC_ROCKFALL_0878,1,rockfall,74_38,1,74.93409180519778,38.28058436474429,"Kashgar (Xinjiang, China)",conventional_alphaearth_embeddings,Conventional + AlphaEarth Embeddings,0.8922635874362531,0.3491602156256933,1
1193,RMC_02_01184,0,non_landslide,70_31,3,70.01132456196007,31.44215783828841,raster-matched control,conventional_alphaearth_embeddings,Conventional + AlphaEarth Embeddings,0.09125508784873386,0.3548426373798784,0
1194,CPEC_ROCKFALL_0323,1,rockfall,66_25,2,66.85149848111547,25.052888503850827,Balochistan,conventional_alphaearth_embeddings,Conventional + AlphaEarth Embeddings,0.9762441549832505,0.36703707324492457,1
1195,RMC_02_00076,0,non_landslide,66_27,1,66.57302281199259,27.92300771275018,raster-matched control,conventional_alphaearth_embeddings,Conventional + AlphaEarth Embeddings,0.08098735132520359,0.3491602156256933,0
1196,CPEC_LANDSLIDE_0223,1,landslide,74_35,5,74.41756291646978,35.86411278096197,Gilgit-Baltistan,conventional_alphaearth_embeddings,Conventional + AlphaEarth Embeddings,0.8934292606700797,0.3226873891884655,1
1197,CPEC_LANDSLIDE_0995,1,landslide,75_35,1,75.8930437822466,35.2240667930535,Gilgit-Baltistan,conventional_alphaearth_embeddings,Conventional + AlphaEarth Embeddings,0.7944622389813494,0.3491602156256933,1
1198,RMC_02_00588,0,non_landslide,75_40,1,75.46634412477586,40.04577247194312,raster-matched control,conventional_alphaearth_embeddings,Conventional + AlphaEarth Embeddings,0.1519716217028332,0.3491602156256933,0
1199,CPEC_ROCKFALL_0603,1,rockfall,66_29,5,66.95031661956088,29.843158074334024,Balochistan,conventional_alphaearth_embeddings,Conventional + AlphaEarth Embeddings,0.9844109970281629,0.3226873891884655,1
1200,CPEC_LANDSLIDE_0865,1,landslide,73_34,2,73.39797162419516,34.45151415824084,KP-AJK,conventional_alphaearth_embeddings,Conventional + AlphaEarth Embeddings,0.9736223308728283,0.36703707324492457,1
1201,RMC_02_01187,0,non_landslide,69_31,2,69.95967143312319,31.368046827348547,raster-matched control,conventional_alphaearth_embeddings,Conventional + AlphaEarth Embeddings,0.14635053692939834,0.36703707324492457,0
1202,CPEC_LANDSLIDE_0406,1,landslide,75_38,2,75.01718715332875,38.54783166818048,"Kashgar (Xinjiang, China)",conventional_alphaearth_embeddings,Conventional + AlphaEarth Embeddings,0.990215714066076,0.36703707324492457,1
1203,CPEC_ROCKFALL_0717,1,rockfall,72_34,1,72.79385707257536,34.013585843781925,KP-AJK,conventional_alphaearth_embeddings,Conventional + AlphaEarth Embeddings,0.9891590338813299,0.3491602156256933,1
1204,RMC_02_01116,0,non_landslide,70_29,4,70.06073190258664,29.96892077233239,raster-matched control,conventional_alphaearth_embeddings,Conventional + AlphaEarth Embeddings,0.07445759888276783,0.2712461075876357,0
1205,CPEC_ROCKFALL_0550,1,rockfall,67_29,1,67.70040876236733,29.58713878735043,Balochistan,conventional_alphaearth_embeddings,Conventional + AlphaEarth Embeddings,0.5718820178967955,0.3491602156256933,1
1206,RMC_02_01168,0,non_landslide,73_35,4,73.24750537300064,35.46885609935416,raster-matched control,conventional_alphaearth_embeddings,Conventional + AlphaEarth Embeddings,0.16753692238791074,0.2712461075876357,0
1207,RMC_02_00815,0,non_landslide,65_25,1,65.64551228113919,25.93323935842544,raster-matched control,conventional_alphaearth_embeddings,Conventional + AlphaEarth Embeddings,0.1876334965191865,0.3491602156256933,0
1208,RMC_02_00033,0,non_landslide,74_38,1,74.51637571181946,38.985760436682085,raster-matched control,conventional_alphaearth_embeddings,Conventional + AlphaEarth Embeddings,0.08329849556475322,0.3491602156256933,0
1209,RMC_02_00598,0,non_landslide,75_38,2,75.24850266837687,38.756690039231614,raster-matched control,conventional_alphaearth_embeddings,Conventional + AlphaEarth Embeddings,0.10427411445243781,0.36703707324492457,0
1210,RMC_02_00652,0,non_landslide,75_38,2,75.04413594123969,38.72749479249772,raster-matched control,conventional_alphaearth_embeddings,Conventional + AlphaEarth Embeddings,0.5813706851805033,0.36703707324492457,1
1211,RMC_02_01298,0,non_landslide,74_35,5,74.53434201750186,35.87309797720795,raster-matched control,conventional_alphaearth_embeddings,Conventional + AlphaEarth Embeddings,0.13212701872295313,0.3226873891884655,0
1212,CPEC_LANDSLIDE_1076,1,landslide,74_36,2,74.79485191570288,36.189752012693006,Gilgit-Baltistan,conventional_alphaearth_embeddings,Conventional + AlphaEarth Embeddings,0.9620984755446139,0.36703707324492457,1
1213,RMC_02_00824,0,non_landslide,68_29,2,68.54033328421434,29.09755494673645,raster-matched control,conventional_alphaearth_embeddings,Conventional + AlphaEarth Embeddings,0.12770401160070663,0.36703707324492457,0
1214,RMC_02_01046,0,non_landslide,65_25,1,65.4299166129505,25.847899406434088,raster-matched control,conventional_alphaearth_embeddings,Conventional + AlphaEarth Embeddings,0.10872408209473917,0.3491602156256933,0
1215,CPEC_LANDSLIDE_0175,1,landslide,74_36,2,74.48717840211617,36.245901013158,Gilgit-Baltistan,conventional_alphaearth_embeddings,Conventional + AlphaEarth Embeddings,0.9813534280157766,0.36703707324492457,1
1216,RMC_02_01253,0,non_landslide,70_33,2,70.35717594634608,33.137727937064,raster-matched control,conventional_alphaearth_embeddings,Conventional + AlphaEarth Embeddings,0.07060231326246676,0.36703707324492457,0
1217,RMC_02_00411,0,non_landslide,75_36,3,75.0104491180852,36.88370267184241,raster-matched control,conventional_alphaearth_embeddings,Conventional + AlphaEarth Embeddings,0.06283787767487399,0.3548426373798784,0
1218,CPEC_LANDSLIDE_0056,1,landslide,75_36,3,75.38324813610927,36.83204984663346,Gilgit-Baltistan,conventional_alphaearth_embeddings,Conventional + AlphaEarth Embeddings,0.9894589385718272,0.3548426373798784,1
1219,RMC_02_00366,0,non_landslide,72_33,4,72.65237149727146,33.78451494163006,raster-matched control,conventional_alphaearth_embeddings,Conventional + AlphaEarth Embeddings,0.07666131002933066,0.2712461075876357,0
1220,RMC_02_01142,0,non_landslide,73_35,4,73.78200296705175,35.51377186356014,raster-matched control,conventional_alphaearth_embeddings,Conventional + AlphaEarth Embeddings,0.05781934763552362,0.2712461075876357,0
1221,CPEC_LANDSLIDE_0645,1,landslide,65_27,5,65.72636026690579,27.20660309895781,Balochistan,conventional_alphaearth_embeddings,Conventional + AlphaEarth Embeddings,0.9872651078777503,0.3226873891884655,1
1222,RMC_02_00793,0,non_landslide,63_26,1,63.95443375878418,26.06574086283307,raster-matched control,conventional_alphaearth_embeddings,Conventional + AlphaEarth Embeddings,0.11786326006664018,0.3491602156256933,0
1223,CPEC_LANDSLIDE_0621,1,landslide,63_27,3,63.41993483802145,27.193127695574304,Balochistan,conventional_alphaearth_embeddings,Conventional + AlphaEarth Embeddings,0.9840029191433451,0.3548426373798784,1
1224,CPEC_ROCKFALL_0213,1,rockfall,65_26,3,65.67021572554187,26.270107154814166,Balochistan,conventional_alphaearth_embeddings,Conventional + AlphaEarth Embeddings,0.9895738327994592,0.3548426373798784,1
1225,CPEC_LANDSLIDE_0469,1,landslide,75_38,2,75.06659399300092,38.73198808258674,"Kashgar (Xinjiang, China)",conventional_alphaearth_embeddings,Conventional + AlphaEarth Embeddings,0.22748591376723765,0.36703707324492457,0
1226,CPEC_LANDSLIDE_1068,1,landslide,74_36,2,74.792608987873,36.28632276420748,Gilgit-Baltistan,conventional_alphaearth_embeddings,Conventional + AlphaEarth Embeddings,0.13815422507723135,0.36703707324492457,0
1227,RMC_02_01385,0,non_landslide,74_35,5,74.6376482751756,35.53173816924253,raster-matched control,conventional_alphaearth_embeddings,Conventional + AlphaEarth Embeddings,0.824304033722488,0.3226873891884655,1
1228,CPEC_ROCKFALL_0107,1,rockfall,65_27,5,65.82068363148933,27.45363729731872,Balochistan,conventional_alphaearth_embeddings,Conventional + AlphaEarth Embeddings,0.9557266174303375,0.3226873891884655,1
1229,RMC_02_00003,0,non_landslide,74_35,5,74.37713684278094,35.41720297051729,raster-matched control,conventional_alphaearth_embeddings,Conventional + AlphaEarth Embeddings,0.8726982701945888,0.3226873891884655,1
1230,RMC_02_00204,0,non_landslide,69_31,2,69.33534231066012,31.81046710477741,raster-matched control,conventional_alphaearth_embeddings,Conventional + AlphaEarth Embeddings,0.15920382258555557,0.36703707324492457,0
1231,RMC_02_00743,0,non_landslide,75_35,1,75.63253245233797,35.75182541385181,raster-matched control,conventional_alphaearth_embeddings,Conventional + AlphaEarth Embeddings,0.2248271715652092,0.3491602156256933,0
1232,RMC_02_00527,0,non_landslide,73_35,4,73.81344400199593,35.437415064409976,raster-matched control,conventional_alphaearth_embeddings,Conventional + AlphaEarth Embeddings,0.10365338677740622,0.2712461075876357,0
1233,CPEC_LANDSLIDE_0344,1,landslide,75_37,5,75.20358649556489,37.90778122117095,"Kashgar (Xinjiang, China)",conventional_alphaearth_embeddings,Conventional + AlphaEarth Embeddings,0.9875762341654728,0.3226873891884655,1
1234,CPEC_LANDSLIDE_0315,1,landslide,72_34,1,72.97351871311976,34.70079574353268,KP-AJK,conventional_alphaearth_embeddings,Conventional + AlphaEarth Embeddings,0.2962276728018716,0.3491602156256933,0
1235,RMC_02_01220,0,non_landslide,70_32,5,70.06971505542784,32.102419572116254,raster-matched control,conventional_alphaearth_embeddings,Conventional + AlphaEarth Embeddings,0.11850937073926772,0.3226873891884655,0
1236,CPEC_ROCKFALL_0420,1,rockfall,70_29,4,70.01806220770425,29.50179605228853,Punjab-Sindh lowland corridor,conventional_alphaearth_embeddings,Conventional + AlphaEarth Embeddings,0.9669748352081434,0.2712461075876357,1
1237,CPEC_LANDSLIDE_0168,1,landslide,74_36,2,74.5994719439451,36.299798167591,Gilgit-Baltistan,conventional_alphaearth_embeddings,Conventional + AlphaEarth Embeddings,0.9626837275854967,0.36703707324492457,1
1238,CPEC_ROCKFALL_0556,1,rockfall,67_29,1,67.69142367374464,29.59387202994113,Balochistan,conventional_alphaearth_embeddings,Conventional + AlphaEarth Embeddings,0.9607943801943981,0.3491602156256933,1
1239,RMC_02_00082,0,non_landslide,72_33,4,72.85449243619834,33.50379141534271,raster-matched control,conventional_alphaearth_embeddings,Conventional + AlphaEarth Embeddings,0.08360241530299671,0.2712461075876357,0
1240,RMC_02_01105,0,non_landslide,66_29,5,66.87845000859323,29.61633202331548,raster-matched control,conventional_alphaearth_embeddings,Conventional + AlphaEarth Embeddings,0.3321565137222463,0.3226873891884655,1
1241,CPEC_ROCKFALL_0022,1,rockfall,76_37,1,76.2007172958333,37.65849963587912,"Kashgar (Xinjiang, China)",conventional_alphaearth_embeddings,Conventional + AlphaEarth Embeddings,0.9659891153563193,0.3491602156256933,1
1242,CPEC_LANDSLIDE_0159,1,landslide,74_36,2,74.68705760683689,36.30653586928275,Gilgit-Baltistan,conventional_alphaearth_embeddings,Conventional + AlphaEarth Embeddings,0.9092942852358153,0.36703707324492457,1
1243,RMC_02_01339,0,non_landslide,75_40,1,75.32485946752703,40.18950291740225,raster-matched control,conventional_alphaearth_embeddings,Conventional + AlphaEarth Embeddings,0.1473724050123089,0.3491602156256933,0
1244,RMC_02_01347,0,non_landslide,75_37,5,75.3832499609948,37.54621019388056,raster-matched control,conventional_alphaearth_embeddings,Conventional + AlphaEarth Embeddings,0.0686662855004067,0.3226873891884655,0
1245,CPEC_LANDSLIDE_0433,1,landslide,74_38,1,74.99697404825348,38.56804477325574,"Kashgar (Xinjiang, China)",conventional_alphaearth_embeddings,Conventional + AlphaEarth Embeddings,0.9824978583909372,0.3491602156256933,1
1246,CPEC_ROCKFALL_0488,1,rockfall,68_29,2,68.67283614279965,29.398492058183344,Balochistan,conventional_alphaearth_embeddings,Conventional + AlphaEarth Embeddings,0.8664186046448744,0.36703707324492457,1
1247,RMC_02_00701,0,non_landslide,73_33,5,73.4878047115026,33.99112745697755,raster-matched control,conventional_alphaearth_embeddings,Conventional + AlphaEarth Embeddings,0.06460855800994504,0.3226873891884655,0
1248,RMC_02_00560,0,non_landslide,77_36,5,77.41119671489461,36.43679081799294,raster-matched control,conventional_alphaearth_embeddings,Conventional + AlphaEarth Embeddings,0.03515708468169607,0.3226873891884655,0
1249,RMC_02_00537,0,non_landslide,75_38,2,75.03515278839848,38.424313384107386,raster-matched control,conventional_alphaearth_embeddings,Conventional + AlphaEarth Embeddings,0.11040269488466112,0.36703707324492457,0
1250,RMC_02_00352,0,non_landslide,67_29,1,67.4825670371636,29.50628840101084,raster-matched control,conventional_alphaearth_embeddings,Conventional + AlphaEarth Embeddings,0.09003957888586506,0.3491602156256933,0
1251,CPEC_LANDSLIDE_0054,1,landslide,75_36,3,75.39448061166291,36.83654016139428,Gilgit-Baltistan,conventional_alphaearth_embeddings,Conventional + AlphaEarth Embeddings,0.9941046043316226,0.3548426373798784,1
1252,RMC_02_00223,0,non_landslide,66_27,1,66.32823189707003,27.725378350243886,raster-matched control,conventional_alphaearth_embeddings,Conventional + AlphaEarth Embeddings,0.11550012682795024,0.3491602156256933,0
1253,RMC_02_01039,0,non_landslide,68_29,2,68.4257980854891,29.46811000143576,raster-matched control,conventional_alphaearth_embeddings,Conventional + AlphaEarth Embeddings,0.17166273187135603,0.36703707324492457,0
1254,CPEC_ROCKFALL_0110,1,rockfall,65_27,5,65.82293101842026,27.46486531377129,Balochistan,conventional_alphaearth_embeddings,Conventional + AlphaEarth Embeddings,0.989071292483666,0.3226873891884655,1
1255,CPEC_LANDSLIDE_0029,1,landslide,76_38,3,76.00084255021365,38.451260916666,"Kashgar (Xinjiang, China)",conventional_alphaearth_embeddings,Conventional + AlphaEarth Embeddings,0.8866200808781948,0.3548426373798784,1
1256,CPEC_LANDSLIDE_0057,1,landslide,75_36,3,75.36752980489588,36.82755953187264,Gilgit-Baltistan,conventional_alphaearth_embeddings,Conventional + AlphaEarth Embeddings,0.9699979685799346,0.3548426373798784,1
1257,CPEC_LANDSLIDE_1054,1,landslide,73_34,2,73.36204018790649,34.54134720806356,KP-AJK,conventional_alphaearth_embeddings,Conventional + AlphaEarth Embeddings,0.9784467036777067,0.36703707324492457,1
1258,RMC_02_00667,0,non_landslide,69_30,5,69.31737600497773,30.48096048428052,raster-matched control,conventional_alphaearth_embeddings,Conventional + AlphaEarth Embeddings,0.11583361141696286,0.3226873891884655,0
1259,RMC_02_01300,0,non_landslide,73_35,4,73.8628513426225,35.64851915617807,raster-matched control,conventional_alphaearth_embeddings,Conventional + AlphaEarth Embeddings,0.11740820114280325,0.2712461075876357,0
1260,RMC_02_00680,0,non_landslide,73_34,2,73.34182847783319,34.597490273758225,raster-matched control,conventional_alphaearth_embeddings,Conventional + AlphaEarth Embeddings,0.25004397953595725,0.36703707324492457,0
1261,RMC_02_00767,0,non_landslide,73_35,4,73.79547769631354,35.711401226066435,raster-matched control,conventional_alphaearth_embeddings,Conventional + AlphaEarth Embeddings,0.06882877636046866,0.2712461075876357,0
1262,CPEC_ROCKFALL_0800,1,rockfall,72_35,3,72.56254120542786,35.52275521801752,KP-AJK,conventional_alphaearth_embeddings,Conventional + AlphaEarth Embeddings,0.9724283268742039,0.3548426373798784,1
1263,RMC_02_00985,0,non_landslide,72_35,3,72.9443239646103,35.04440212760769,raster-matched control,conventional_alphaearth_embeddings,Conventional + AlphaEarth Embeddings,0.04713338537980215,0.3548426373798784,0
1264,RMC_02_01052,0,non_landslide,65_26,3,65.71962329207905,26.3846427886955,raster-matched control,conventional_alphaearth_embeddings,Conventional + AlphaEarth Embeddings,0.14501764185367932,0.3548426373798784,0
1265,CPEC_ROCKFALL_0530,1,rockfall,67_29,1,67.91375891137051,29.681457692832915,Balochistan,conventional_alphaearth_embeddings,Conventional + AlphaEarth Embeddings,0.9709943513598792,0.3491602156256933,1
1266,RMC_02_01159,0,non_landslide,73_35,4,73.332845324992,35.49805134608805,raster-matched control,conventional_alphaearth_embeddings,Conventional + AlphaEarth Embeddings,0.09105844849060944,0.2712461075876357,0
1267,CPEC_ROCKFALL_0711,1,rockfall,71_33,3,71.23752378649748,33.411714219992014,KP-AJK,conventional_alphaearth_embeddings,Conventional + AlphaEarth Embeddings,0.9774257613192634,0.3548426373798784,1
1268,RMC_02_00041,0,non_landslide,66_27,1,66.72798219850321,27.45363797679773,raster-matched control,conventional_alphaearth_embeddings,Conventional + AlphaEarth Embeddings,0.15883755135753236,0.3491602156256933,0
1269,CPEC_LANDSLIDE_0237,1,landslide,74_36,2,74.50065380549968,36.24814394098788,Gilgit-Baltistan,conventional_alphaearth_embeddings,Conventional + AlphaEarth Embeddings,0.9787553673103273,0.36703707324492457,1
1270,RMC_02_00158,0,non_landslide,76_37,1,76.74868919285647,37.13073937497528,raster-matched control,conventional_alphaearth_embeddings,Conventional + AlphaEarth Embeddings,0.2508670355066961,0.3491602156256933,0
1271,CPEC_LANDSLIDE_0150,1,landslide,74_36,2,74.78811421401113,36.299798167591,Gilgit-Baltistan,conventional_alphaearth_embeddings,Conventional + AlphaEarth Embeddings,0.8538053803992282,0.36703707324492457,1
1272,RMC_02_00035,0,non_landslide,74_38,1,74.87345603725697,38.83529262659207,raster-matched control,conventional_alphaearth_embeddings,Conventional + AlphaEarth Embeddings,0.14426944207072898,0.3491602156256933,0
1273,RMC_02_01393,0,non_landslide,75_39,4,75.52698040645393,39.96492409637237,raster-matched control,conventional_alphaearth_embeddings,Conventional + AlphaEarth Embeddings,0.08285037186104845,0.2712461075876357,0
1274,CPEC_LANDSLIDE_0147,1,landslide,74_36,2,74.85773415875857,36.33572960387967,Gilgit-Baltistan,conventional_alphaearth_embeddings,Conventional + AlphaEarth Embeddings,0.3222232730087849,0.36703707324492457,0
1275,RMC_02_01405,0,non_landslide,65_27,5,65.14245572203225,27.413213789012357,raster-matched control,conventional_alphaearth_embeddings,Conventional + AlphaEarth Embeddings,0.09474467570238658,0.3226873891884655,0
1276,RMC_02_01417,0,non_landslide,65_27,5,65.71737750386875,27.26948334355323,raster-matched control,conventional_alphaearth_embeddings,Conventional + AlphaEarth Embeddings,0.1259509990843501,0.3226873891884655,0
1277,RMC_02_00663,0,non_landslide,66_25,2,66.81781372691516,25.09106877956339,raster-matched control,conventional_alphaearth_embeddings,Conventional + AlphaEarth Embeddings,0.16592765336103923,0.36703707324492457,0
1278,RMC_02_00337,0,non_landslide,66_26,4,66.44276709579526,26.714773655609424,raster-matched control,conventional_alphaearth_embeddings,Conventional + AlphaEarth Embeddings,0.11080506183387243,0.2712461075876357,0
1279,CPEC_ROCKFALL_0513,1,rockfall,67_29,1,67.89129841936429,29.67022967638034,Balochistan,conventional_alphaearth_embeddings,Conventional + AlphaEarth Embeddings,0.9781134767456608,0.3491602156256933,1
1280,CPEC_LANDSLIDE_0587,1,landslide,66_27,1,66.90540009464952,27.85563417548897,Balochistan,conventional_alphaearth_embeddings,Conventional + AlphaEarth Embeddings,0.9112320191104153,0.3491602156256933,1
1281,RMC_02_01331,0,non_landslide,75_37,5,75.25074845658717,37.82693372016791,raster-matched control,conventional_alphaearth_embeddings,Conventional + AlphaEarth Embeddings,0.08932819488620865,0.3226873891884655,0
1282,CPEC_ROCKFALL_0003,1,rockfall,73_34,2,73.46983895587354,34.40659763332948,KP-AJK,conventional_alphaearth_embeddings,Conventional + AlphaEarth Embeddings,0.8420156145994557,0.36703707324492457,1
1283,RMC_02_01230,0,non_landslide,69_29,3,69.60483689589597,29.490567883538745,raster-matched control,conventional_alphaearth_embeddings,Conventional + AlphaEarth Embeddings,0.09777828370065095,0.3548426373798784,0
1284,RMC_02_00420,0,non_landslide,74_36,2,74.93184653072474,36.79162535522016,raster-matched control,conventional_alphaearth_embeddings,Conventional + AlphaEarth Embeddings,0.1672525050964218,0.36703707324492457,0
1285,RMC_02_00647,0,non_landslide,71_35,2,71.74956463673134,35.51152607534984,raster-matched control,conventional_alphaearth_embeddings,Conventional + AlphaEarth Embeddings,0.23717575511001132,0.36703707324492457,0
1286,CPEC_ROCKFALL_0919,1,rockfall,75_38,2,75.47981888762375,38.84202977838366,"Kashgar (Xinjiang, China)",conventional_alphaearth_embeddings,Conventional + AlphaEarth Embeddings,0.5186271902439831,0.36703707324492457,1
1287,RMC_02_00808,0,non_landslide,71_34,5,71.36778064098054,34.31676674747088,raster-matched control,conventional_alphaearth_embeddings,Conventional + AlphaEarth Embeddings,0.07454498939585112,0.3226873891884655,0
1288,RMC_02_00920,0,non_landslide,75_39,4,75.7538050156941,39.65500532335113,raster-matched control,conventional_alphaearth_embeddings,Conventional + AlphaEarth Embeddings,0.10918444586288954,0.2712461075876357,0
1289,RMC_02_00171,0,non_landslide,63_26,1,63.945450605943,26.319514930596835,raster-matched control,conventional_alphaearth_embeddings,Conventional + AlphaEarth Embeddings,0.10277319559940765,0.3491602156256933,0
1290,CPEC_ROCKFALL_0900,1,rockfall,75_38,2,75.36977719182681,38.81732635854758,"Kashgar (Xinjiang, China)",conventional_alphaearth_embeddings,Conventional + AlphaEarth Embeddings,0.9810358598901476,0.36703707324492457,1
1291,CPEC_LANDSLIDE_0331,1,landslide,75_37,5,75.42592173319076,37.30366666955116,"Kashgar (Xinjiang, China)",conventional_alphaearth_embeddings,Conventional + AlphaEarth Embeddings,0.9685020257810789,0.3226873891884655,1
1292,RMC_02_00334,0,non_landslide,71_35,2,71.75630200136223,35.540721322083726,raster-matched control,conventional_alphaearth_embeddings,Conventional + AlphaEarth Embeddings,0.14838247600044732,0.36703707324492457,0
1293,RMC_02_00746,0,non_landslide,73_34,2,73.49454207613351,34.33697884136357,raster-matched control,conventional_alphaearth_embeddings,Conventional + AlphaEarth Embeddings,0.13643252178870402,0.36703707324492457,0
1294,RMC_02_00657,0,non_landslide,63_26,1,63.57264976303339,26.034299827888887,raster-matched control,conventional_alphaearth_embeddings,Conventional + AlphaEarth Embeddings,0.14221313350619344,0.3491602156256933,0
1295,CPEC_ROCKFALL_0318,1,rockfall,66_28,3,66.35742562529262,28.158817374314857,Balochistan,conventional_alphaearth_embeddings,Conventional + AlphaEarth Embeddings,0.9761257434737081,0.3548426373798784,1
1296,CPEC_LANDSLIDE_0102,1,landslide,74_36,2,74.97451801534832,36.82755953187264,Gilgit-Baltistan,conventional_alphaearth_embeddings,Conventional + AlphaEarth Embeddings,0.8683628136114326,0.36703707324492457,1
1297,RMC_02_00613,0,non_landslide,75_38,2,75.34057998499912,38.799360015227286,raster-matched control,conventional_alphaearth_embeddings,Conventional + AlphaEarth Embeddings,0.3028704652455994,0.36703707324492457,0
1298,CPEC_ROCKFALL_0948,1,rockfall,75_38,2,75.50676969439078,38.94758115941979,"Kashgar (Xinjiang, China)",conventional_alphaearth_embeddings,Conventional + AlphaEarth Embeddings,0.9490898023737439,0.36703707324492457,1
1299,RMC_02_00523,0,non_landslide,74_36,2,74.28281373794839,36.11788889213052,raster-matched control,conventional_alphaearth_embeddings,Conventional + AlphaEarth Embeddings,0.13428751406817027,0.36703707324492457,0
1300,CPEC_ROCKFALL_0426,1,rockfall,70_29,4,70.02255252246509,29.515271455672043,Punjab-Sindh lowland corridor,conventional_alphaearth_embeddings,Conventional + AlphaEarth Embeddings,0.963564372383752,0.2712461075876357,1
1301,CPEC_ROCKFALL_0386,1,rockfall,66_27,1,66.93459382924642,27.67821546277446,Balochistan,conventional_alphaearth_embeddings,Conventional + AlphaEarth Embeddings,0.9649714301674107,0.3491602156256933,1
1302,RMC_02_01374,0,non_landslide,69_30,5,69.12872979531264,30.92787233812998,raster-matched control,conventional_alphaearth_embeddings,Conventional + AlphaEarth Embeddings,0.08943083716860857,0.3226873891884655,0
1303,RMC_02_00454,0,non_landslide,74_36,2,74.85324394336428,36.50191867609161,raster-matched control,conventional_alphaearth_embeddings,Conventional + AlphaEarth Embeddings,0.13918813195703797,0.36703707324492457,0
1304,RMC_02_00313,0,non_landslide,65_26,3,65.25923670896779,26.622696338987176,raster-matched control,conventional_alphaearth_embeddings,Conventional + AlphaEarth Embeddings,0.17653293804320097,0.3548426373798784,0
1305,RMC_02_01124,0,non_landslide,75_37,5,75.3899873256257,37.28794454969619,raster-matched control,conventional_alphaearth_embeddings,Conventional + AlphaEarth Embeddings,0.15386330488692365,0.3226873891884655,0
1306,RMC_02_00966,0,non_landslide,75_36,3,75.06210224692207,36.86573636616002,raster-matched control,conventional_alphaearth_embeddings,Conventional + AlphaEarth Embeddings,0.42031852959141236,0.3548426373798784,1
1307,RMC_02_00320,0,non_landslide,63_26,1,63.26273099001216,26.088198744936054,raster-matched control,conventional_alphaearth_embeddings,Conventional + AlphaEarth Embeddings,0.10405340135098148,0.3491602156256933,0
1308,CPEC_LANDSLIDE_0696,1,landslide,66_27,1,66.55505744308238,27.613090291888884,Balochistan,conventional_alphaearth_embeddings,Conventional + AlphaEarth Embeddings,0.9781947346324207,0.3491602156256933,1
1309,CPEC_LANDSLIDE_0242,1,landslide,74_35,5,74.60845257346674,35.74733338347327,Gilgit-Baltistan,conventional_alphaearth_embeddings,Conventional + AlphaEarth Embeddings,0.9786895677268124,0.3226873891884655,1
1310,CPEC_LANDSLIDE_0745,1,landslide,70_29,4,70.08992508028159,29.96218485875365,Punjab-Sindh lowland corridor,conventional_alphaearth_embeddings,Conventional + AlphaEarth Embeddings,0.9829638541821699,0.2712461075876357,1
1311,CPEC_ROCKFALL_0073,1,rockfall,63_26,1,63.961171605686594,26.07697011088626,Balochistan,conventional_alphaearth_embeddings,Conventional + AlphaEarth Embeddings,0.9801595992674779,0.3491602156256933,1
1312,RMC_02_01447,0,non_landslide,66_26,4,66.98849363089786,26.530619022364924,raster-matched control,conventional_alphaearth_embeddings,Conventional + AlphaEarth Embeddings,0.10165618545813546,0.2712461075876357,0
1313,CPEC_ROCKFALL_0640,1,rockfall,67_30,3,67.49379631505592,30.3260029137043,Balochistan,conventional_alphaearth_embeddings,Conventional + AlphaEarth Embeddings,0.6255463619348584,0.3548426373798784,1
1314,RMC_02_00752,0,non_landslide,76_36,4,76.98449695493784,36.84103269584673,raster-matched control,conventional_alphaearth_embeddings,Conventional + AlphaEarth Embeddings,0.13862611861268312,0.2712461075876357,0
1315,RMC_02_00908,0,non_landslide,75_38,2,75.49553937150974,38.91389521395253,raster-matched control,conventional_alphaearth_embeddings,Conventional + AlphaEarth Embeddings,0.08947151605355491,0.36703707324492457,0
1316,CPEC_LANDSLIDE_0192,1,landslide,74_36,2,74.30976414850272,36.21445989163015,Gilgit-Baltistan,conventional_alphaearth_embeddings,Conventional + AlphaEarth Embeddings,0.9782304800276748,0.36703707324492457,1
1317,CPEC_LANDSLIDE_0361,1,landslide,75_37,5,75.51350739608255,37.83142357473175,"Kashgar (Xinjiang, China)",conventional_alphaearth_embeddings,Conventional + AlphaEarth Embeddings,0.9685575273981282,0.3226873891884655,1
1318,RMC_02_01273,0,non_landslide,75_38,2,75.73359292180142,38.93410730784522,raster-matched control,conventional_alphaearth_embeddings,Conventional + AlphaEarth Embeddings,0.10136901971251829,0.36703707324492457,0
1319,CPEC_LANDSLIDE_0250,1,landslide,74_35,5,74.61294288822755,35.507032427703066,Gilgit-Baltistan,conventional_alphaearth_embeddings,Conventional + AlphaEarth Embeddings,0.9793418860555951,0.3226873891884655,1
1320,CPEC_LANDSLIDE_0442,1,landslide,74_38,1,74.97227062841739,38.6376647180032,"Kashgar (Xinjiang, China)",conventional_alphaearth_embeddings,Conventional + AlphaEarth Embeddings,0.9883548583860372,0.3491602156256933,1
1321,CPEC_LANDSLIDE_0547,1,landslide,75_38,2,75.38324813610927,38.81283604378676,"Kashgar (Xinjiang, China)",conventional_alphaearth_embeddings,Conventional + AlphaEarth Embeddings,0.9864220241130391,0.36703707324492457,1
1322,RMC_02_00610,0,non_landslide,75_38,2,75.44837781909347,38.81957210911997,raster-matched control,conventional_alphaearth_embeddings,Conventional + AlphaEarth Embeddings,0.08830538750083915,0.36703707324492457,0
1323,CPEC_LANDSLIDE_0362,1,landslide,75_38,2,75.20133910863396,38.100918265098855,"Kashgar (Xinjiang, China)",conventional_alphaearth_embeddings,Conventional + AlphaEarth Embeddings,0.14140784779918888,0.36703707324492457,0
1324,CPEC_ROCKFALL_0821,1,rockfall,75_35,1,75.85486495902698,35.286949036109185,Gilgit-Baltistan,conventional_alphaearth_embeddings,Conventional + AlphaEarth Embeddings,0.9752066054328353,0.3491602156256933,1
1325,RMC_02_00323,0,non_landslide,62_26,5,62.97751588730421,26.108410838828743,raster-matched control,conventional_alphaearth_embeddings,Conventional + AlphaEarth Embeddings,0.11163997020083234,0.3226873891884655,0
1326,CPEC_LANDSLIDE_0849,1,landslide,73_34,2,73.44962585079827,34.39761700380784,KP-AJK,conventional_alphaearth_embeddings,Conventional + AlphaEarth Embeddings,0.5298521944752562,0.36703707324492457,1
1327,CPEC_ROCKFALL_0701,1,rockfall,72_32,2,72.44575734883811,32.56729871260202,Punjab-Sindh lowland corridor,conventional_alphaearth_embeddings,Conventional + AlphaEarth Embeddings,0.9454860934277071,0.36703707324492457,1
1328,RMC_02_00188,0,non_landslide,67_29,1,67.32536186244269,29.82519032687327,raster-matched control,conventional_alphaearth_embeddings,Conventional + AlphaEarth Embeddings,0.11191469557294535,0.3491602156256933,0
1329,RMC_02_00633,0,non_landslide,75_38,2,75.30913895005494,38.7769021331243,raster-matched control,conventional_alphaearth_embeddings,Conventional + AlphaEarth Embeddings,0.08144985028516588,0.36703707324492457,0
1330,CPEC_LANDSLIDE_0431,1,landslide,75_38,2,75.00820206470605,38.556816756803165,"Kashgar (Xinjiang, China)",conventional_alphaearth_embeddings,Conventional + AlphaEarth Embeddings,0.9668927679149176,0.36703707324492457,1
1331,CPEC_LANDSLIDE_0537,1,landslide,75_38,2,75.3720201196567,38.81957374547852,"Kashgar (Xinjiang, China)",conventional_alphaearth_embeddings,Conventional + AlphaEarth Embeddings,0.3160033148576428,0.36703707324492457,0
1332,RMC_02_00210,0,non_landslide,69_31,2,69.38924122770729,31.6442787772153,raster-matched control,conventional_alphaearth_embeddings,Conventional + AlphaEarth Embeddings,0.08977068330256978,0.36703707324492457,0
1333,CPEC_ROCKFALL_0489,1,rockfall,68_29,2,68.67732645756048,29.40298237294417,Balochistan,conventional_alphaearth_embeddings,Conventional + AlphaEarth Embeddings,0.9395015361732699,0.36703707324492457,1
1334,CPEC_LANDSLIDE_0153,1,landslide,74_36,2,74.76790556803691,36.29755078066006,Gilgit-Baltistan,conventional_alphaearth_embeddings,Conventional + AlphaEarth Embeddings,0.9191183893188977,0.36703707324492457,1
1335,CPEC_ROCKFALL_0924,1,rockfall,75_38,2,75.49104690407633,38.88694630329503,"Kashgar (Xinjiang, China)",conventional_alphaearth_embeddings,Conventional + AlphaEarth Embeddings,0.9806171387319804,0.36703707324492457,1
1336,CPEC_ROCKFALL_0591,1,rockfall,67_29,1,67.41968605554764,29.611842207186527,Balochistan,conventional_alphaearth_embeddings,Conventional + AlphaEarth Embeddings,0.9778727953480789,0.3491602156256933,1
1337,CPEC_LANDSLIDE_0960,1,landslide,75_35,1,75.473081185932,35.410466135289646,Gilgit-Baltistan,conventional_alphaearth_embeddings,Conventional + AlphaEarth Embeddings,0.872358504575692,0.3491602156256933,1
1338,CPEC_LANDSLIDE_0171,1,landslide,74_36,2,74.60845257346674,36.26610965913221,Gilgit-Baltistan,conventional_alphaearth_embeddings,Conventional + AlphaEarth Embeddings,0.9143930774231979,0.36703707324492457,1
1339,CPEC_ROCKFALL_0581,1,rockfall,67_29,1,67.21981130992799,29.459126914308104,Balochistan,conventional_alphaearth_embeddings,Conventional + AlphaEarth Embeddings,0.968617879587455,0.3491602156256933,1
1340,CPEC_ROCKFALL_0817,1,rockfall,75_35,1,75.83465185395171,35.33186110191951,Gilgit-Baltistan,conventional_alphaearth_embeddings,Conventional + AlphaEarth Embeddings,0.4201601979288453,0.3491602156256933,1
1341,CPEC_ROCKFALL_0482,1,rockfall,68_29,2,68.70876757908832,29.409720074635924,Balochistan,conventional_alphaearth_embeddings,Conventional + AlphaEarth Embeddings,0.8433849436167596,0.36703707324492457,1
1342,RMC_02_00990,0,non_landslide,75_36,3,75.53371777108482,36.86349057794972,raster-matched control,conventional_alphaearth_embeddings,Conventional + AlphaEarth Embeddings,0.18774776940767007,0.3548426373798784,0
1343,CPEC_LANDSLIDE_0146,1,landslide,74_36,2,74.85324384399776,36.340219918640486,Gilgit-Baltistan,conventional_alphaearth_embeddings,Conventional + AlphaEarth Embeddings,0.9740403604371085,0.36703707324492457,1
1344,CPEC_LANDSLIDE_0967,1,landslide,75_35,1,75.78300208644966,35.30266736732259,Gilgit-Baltistan,conventional_alphaearth_embeddings,Conventional + AlphaEarth Embeddings,0.9617110675376163,0.3491602156256933,1
1345,CPEC_ROCKFALL_0886,1,rockfall,74_38,1,74.9767609431782,38.63092701631144,"Kashgar (Xinjiang, China)",conventional_alphaearth_embeddings,Conventional + AlphaEarth Embeddings,0.990502089300698,0.3491602156256933,1
1346,CPEC_LANDSLIDE_0227,1,landslide,74_35,5,74.52985199919765,35.96742123416819,Gilgit-Baltistan,conventional_alphaearth_embeddings,Conventional + AlphaEarth Embeddings,0.8309510129498542,0.3226873891884655,1
1347,RMC_02_01500,0,non_landslide,74_35,5,74.23116060911151,35.4059740294658,raster-matched control,conventional_alphaearth_embeddings,Conventional + AlphaEarth Embeddings,0.05893036233847709,0.3226873891884655,0
1348,RMC_02_01235,0,non_landslide,68_29,2,68.45050175580239,29.607348870474283,raster-matched control,conventional_alphaearth_embeddings,Conventional + AlphaEarth Embeddings,0.1645203803384335,0.36703707324492457,0
1349,RMC_02_01338,0,non_landslide,75_40,1,75.32935104394763,40.20971501129494,raster-matched control,conventional_alphaearth_embeddings,Conventional + AlphaEarth Embeddings,0.10156262821167171,0.3491602156256933,0
1350,RMC_02_00965,0,non_landslide,74_36,2,74.96777914208953,36.83429533121584,raster-matched control,conventional_alphaearth_embeddings,Conventional + AlphaEarth Embeddings,0.5503175224793319,0.36703707324492457,1
1351,RMC_02_01070,0,non_landslide,64_25,5,64.15206312129048,25.67497371424108,raster-matched control,conventional_alphaearth_embeddings,Conventional + AlphaEarth Embeddings,0.13444039724221243,0.3226873891884655,0
1352,RMC_02_01132,0,non_landslide,73_35,4,73.24076800836974,35.293684618950856,raster-matched control,conventional_alphaearth_embeddings,Conventional + AlphaEarth Embeddings,0.15142872375807306,0.2712461075876357,0
1353,CPEC_ROCKFALL_0705,1,rockfall,72_32,2,72.57601660881137,32.6414089721103,Punjab-Sindh lowland corridor,conventional_alphaearth_embeddings,Conventional + AlphaEarth Embeddings,0.5246246462958102,0.36703707324492457,1
1354,CPEC_LANDSLIDE_0958,1,landslide,75_35,1,75.37651043441753,35.4711009914144,Gilgit-Baltistan,conventional_alphaearth_embeddings,Conventional + AlphaEarth Embeddings,0.963612341075086,0.3491602156256933,1
1355,CPEC_LANDSLIDE_0070,1,landslide,75_36,3,75.23951793185356,36.85001556477779,Gilgit-Baltistan,conventional_alphaearth_embeddings,Conventional + AlphaEarth Embeddings,0.5752074310676273,0.3548426373798784,1
1356,RMC_02_00135,0,non_landslide,76_35,2,76.5038982779339,35.2083446669595,raster-matched control,conventional_alphaearth_embeddings,Conventional + AlphaEarth Embeddings,0.2544621169405206,0.36703707324492457,0
1357,RMC_02_01033,0,non_landslide,65_26,3,65.15817623950434,26.371168059433707,raster-matched control,conventional_alphaearth_embeddings,Conventional + AlphaEarth Embeddings,0.2421425934678759,0.3548426373798784,0
1358,RMC_02_00772,0,non_landslide,74_35,5,74.55455411139454,35.92699689425512,raster-matched control,conventional_alphaearth_embeddings,Conventional + AlphaEarth Embeddings,0.08891463466791741,0.3226873891884655,0
1359,CPEC_LANDSLIDE_0625,1,landslide,63_26,1,63.93871111368039,26.65638124266996,Balochistan,conventional_alphaearth_embeddings,Conventional + AlphaEarth Embeddings,0.5065616885951941,0.3491602156256933,1
1360,RMC_02_00427,0,non_landslide,74_36,2,74.99248281240281,36.86798215437032,raster-matched control,conventional_alphaearth_embeddings,Conventional + AlphaEarth Embeddings,0.9245069537191789,0.36703707324492457,1
1361,RMC_02_00290,0,non_landslide,65_26,3,65.25699092075749,26.618204762566577,raster-matched control,conventional_alphaearth_embeddings,Conventional + AlphaEarth Embeddings,0.13573327418176395,0.3548426373798784,0
1362,CPEC_ROCKFALL_0913,1,rockfall,75_38,2,75.45736285471861,38.81507897161664,"Kashgar (Xinjiang, China)",conventional_alphaearth_embeddings,Conventional + AlphaEarth Embeddings,0.9748559350326975,0.36703707324492457,1
1363,RMC_02_00970,0,non_landslide,75_36,3,75.05087330587058,36.86124478973942,raster-matched control,conventional_alphaearth_embeddings,Conventional + AlphaEarth Embeddings,0.03264621092805344,0.3548426373798784,0
1364,CPEC_ROCKFALL_0102,1,rockfall,65_27,5,65.81843624455838,27.455884684249643,Balochistan,conventional_alphaearth_embeddings,Conventional + AlphaEarth Embeddings,0.984859846144276,0.3226873891884655,1
1365,CPEC_LANDSLIDE_0105,1,landslide,74_36,2,74.95430491027305,36.80060872510561,Gilgit-Baltistan,conventional_alphaearth_embeddings,Conventional + AlphaEarth Embeddings,0.9489605015702859,0.36703707324492457,1
1366,CPEC_LANDSLIDE_0694,1,landslide,66_27,1,66.47645240971224,27.568173766977523,Balochistan,conventional_alphaearth_embeddings,Conventional + AlphaEarth Embeddings,0.979794020384098,0.3491602156256933,1
1367,CPEC_ROCKFALL_0378,1,rockfall,66_27,1,66.98400066891861,27.94097245144981,Balochistan,conventional_alphaearth_embeddings,Conventional + AlphaEarth Embeddings,0.972587414934362,0.3491602156256933,1
1368,RMC_02_01190,0,non_landslide,71_34,5,71.2465080776244,34.05400952686591,raster-matched control,conventional_alphaearth_embeddings,Conventional + AlphaEarth Embeddings,0.02404984365288412,0.3226873891884655,0
1369,RMC_02_00742,0,non_landslide,73_36,1,73.82467294304743,36.37166295989428,raster-matched control,conventional_alphaearth_embeddings,Conventional + AlphaEarth Embeddings,0.6139977400124617,0.3491602156256933,1
1370,RMC_02_00830,0,non_landslide,66_27,1,66.95031523132279,27.768048326239565,raster-matched control,conventional_alphaearth_embeddings,Conventional + AlphaEarth Embeddings,0.5030758491349384,0.3491602156256933,1
1371,RMC_02_00656,0,non_landslide,65_26,3,65.24800776791629,26.5710432101503,raster-matched control,conventional_alphaearth_embeddings,Conventional + AlphaEarth Embeddings,0.14080738114750294,0.3548426373798784,0
1372,CPEC_ROCKFALL_0412,1,rockfall,67_26,5,67.18163248670838,26.822571938931887,Punjab-Sindh lowland corridor,conventional_alphaearth_embeddings,Conventional + AlphaEarth Embeddings,0.9629406992531524,0.3226873891884655,1
1373,RMC_02_00525,0,non_landslide,73_35,4,73.63378094517203,35.522755016401334,raster-matched control,conventional_alphaearth_embeddings,Conventional + AlphaEarth Embeddings,0.6289170082226546,0.2712461075876357,1
1374,CPEC_ROCKFALL_0219,1,rockfall,65_26,3,65.66796833861092,26.267859767883227,Balochistan,conventional_alphaearth_embeddings,Conventional + AlphaEarth Embeddings,0.981606203974892,0.3548426373798784,1
1375,RMC_02_00892,0,non_landslide,77_37,2,77.13945634144847,37.35756398421545,raster-matched control,conventional_alphaearth_embeddings,Conventional + AlphaEarth Embeddings,0.09402864642158688,0.36703707324492457,0
1376,CPEC_ROCKFALL_0639,1,rockfall,68_29,2,68.07994514853138,29.955447157061897,Balochistan,conventional_alphaearth_embeddings,Conventional + AlphaEarth Embeddings,0.9782268463436696,0.36703707324492457,1
1377,RMC_02_01507,0,non_landslide,75_37,5,75.1811290220679,37.92350261321076,raster-matched control,conventional_alphaearth_embeddings,Conventional + AlphaEarth Embeddings,0.11455432117977983,0.3226873891884655,0
1378,RMC_02_00201,0,non_landslide,67_29,1,67.25574242792342,29.901547126023427,raster-matched control,conventional_alphaearth_embeddings,Conventional + AlphaEarth Embeddings,0.15078074680933665,0.3491602156256933,0
1379,RMC_02_00670,0,non_landslide,70_33,2,70.83103725871912,33.38701042840717,raster-matched control,conventional_alphaearth_embeddings,Conventional + AlphaEarth Embeddings,0.09490191823111876,0.36703707324492457,0
1380,CPEC_ROCKFALL_0540,1,rockfall,67_29,1,67.92723431475402,29.6994278700783,Balochistan,conventional_alphaearth_embeddings,Conventional + AlphaEarth Embeddings,0.9667126736764029,0.3491602156256933,1
1381,CPEC_LANDSLIDE_0130,1,landslide,74_36,2,74.82180272246991,36.585011189171496,Gilgit-Baltistan,conventional_alphaearth_embeddings,Conventional + AlphaEarth Embeddings,0.8834717890699444,0.36703707324492457,1
1382,RMC_02_00487,0,non_landslide,74_36,2,74.60845302844172,36.30878089000591,raster-matched control,conventional_alphaearth_embeddings,Conventional + AlphaEarth Embeddings,0.3034694778551904,0.36703707324492457,0
1383,RMC_02_01344,0,non_landslide,75_40,1,75.47981885403765,40.01657722520924,raster-matched control,conventional_alphaearth_embeddings,Conventional + AlphaEarth Embeddings,0.13912469128282273,0.3491602156256933,0
1384,CPEC_LANDSLIDE_0998,1,landslide,75_35,1,75.91549981515173,35.2240667930535,Gilgit-Baltistan,conventional_alphaearth_embeddings,Conventional + AlphaEarth Embeddings,0.9765519993061897,0.3491602156256933,1
1385,CPEC_ROCKFALL_0860,1,rockfall,74_35,5,74.18624704932226,35.39923811883707,Gilgit-Baltistan,conventional_alphaearth_embeddings,Conventional + AlphaEarth Embeddings,0.9801666038451844,0.3226873891884655,1
1386,RMC_02_00263,0,non_landslide,69_31,2,69.78674574093019,31.927248091712947,raster-matched control,conventional_alphaearth_embeddings,Conventional + AlphaEarth Embeddings,0.08542154350029581,0.36703707324492457,0
1387,RMC_02_00385,0,non_landslide,76_35,2,76.53758510108838,35.165674690963826,raster-matched control,conventional_alphaearth_embeddings,Conventional + AlphaEarth Embeddings,0.8339421395817846,0.36703707324492457,1
1388,RMC_02_00132,0,non_landslide,75_36,3,75.9446970135695,36.8994231893145,raster-matched control,conventional_alphaearth_embeddings,Conventional + AlphaEarth Embeddings,0.06969657102303518,0.3548426373798784,0
1389,RMC_02_01269,0,non_landslide,75_37,5,75.9604175310416,37.24302878549022,raster-matched control,conventional_alphaearth_embeddings,Conventional + AlphaEarth Embeddings,0.32435308263452994,0.3226873891884655,1
1390,RMC_02_01189,0,non_landslide,72_33,4,72.91063714145582,33.789006518050655,raster-matched control,conventional_alphaearth_embeddings,Conventional + AlphaEarth Embeddings,0.1449886509970717,0.2712461075876357,0
1391,RMC_02_01214,0,non_landslide,65_26,3,65.55343496451694,26.240912343236374,raster-matched control,conventional_alphaearth_embeddings,Conventional + AlphaEarth Embeddings,0.1368776233196299,0.3548426373798784,0
1392,RMC_02_01367,0,non_landslide,66_29,5,66.43153815474376,29.72862143383042,raster-matched control,conventional_alphaearth_embeddings,Conventional + AlphaEarth Embeddings,0.22926466585892752,0.3226873891884655,0
1393,CPEC_LANDSLIDE_0471,1,landslide,75_38,2,75.06210367824012,38.75219672856095,"Kashgar (Xinjiang, China)",conventional_alphaearth_embeddings,Conventional + AlphaEarth Embeddings,0.1900923493460498,0.36703707324492457,0
1394,CPEC_ROCKFALL_0804,1,rockfall,75_35,1,75.25075040740718,35.58563746107321,Gilgit-Baltistan,conventional_alphaearth_embeddings,Conventional + AlphaEarth Embeddings,0.9832372808756397,0.3491602156256933,1
1395,CPEC_ROCKFALL_0428,1,rockfall,70_29,4,70.02479990939601,29.519761770432865,Punjab-Sindh lowland corridor,conventional_alphaearth_embeddings,Conventional + AlphaEarth Embeddings,0.9737629948127533,0.2712461075876357,1
1396,CPEC_ROCKFALL_0679,1,rockfall,70_29,4,70.02255252246509,29.955447157061897,Punjab-Sindh lowland corridor,conventional_alphaearth_embeddings,Conventional + AlphaEarth Embeddings,0.9817645583224447,0.2712461075876357,1
1397,CPEC_ROCKFALL_0576,1,rockfall,67_29,1,67.21981130992799,29.46586461599985,Balochistan,conventional_alphaearth_embeddings,Conventional + AlphaEarth Embeddings,0.9716444589096783,0.3491602156256933,1
1398,RMC_02_00577,0,non_landslide,77_36,5,77.37301831531954,36.42107030052085,raster-matched control,conventional_alphaearth_embeddings,Conventional + AlphaEarth Embeddings,0.09810013745069773,0.3226873891884655,0
1399,CPEC_LANDSLIDE_0279,1,landslide,73_35,4,73.54170182845088,35.52050783108658,KP-AJK,conventional_alphaearth_embeddings,Conventional + AlphaEarth Embeddings,0.9745040847278167,0.2712461075876357,1
1400,CPEC_LANDSLIDE_0753,1,landslide,72_32,2,72.47270815560513,32.616705552274205,Punjab-Sindh lowland corridor,conventional_alphaearth_embeddings,Conventional + AlphaEarth Embeddings,0.9632836453572688,0.36703707324492457,1
1401,CPEC_LANDSLIDE_0058,1,landslide,75_36,3,75.36303949013507,36.82306475801076,Gilgit-Baltistan,conventional_alphaearth_embeddings,Conventional + AlphaEarth Embeddings,0.8166126814259537,0.3548426373798784,1
1402,RMC_02_00252,0,non_landslide,67_27,2,67.27146294539553,27.99487293547974,raster-matched control,conventional_alphaearth_embeddings,Conventional + AlphaEarth Embeddings,0.12697237526930835,0.36703707324492457,0
1403,RMC_02_00544,0,non_landslide,74_39,3,74.35692474888825,39.81221049807205,raster-matched control,conventional_alphaearth_embeddings,Conventional + AlphaEarth Embeddings,0.06149466246928347,0.3548426373798784,0
1404,CPEC_ROCKFALL_0560,1,rockfall,67_29,1,67.68693335898382,29.596119416872064,Balochistan,conventional_alphaearth_embeddings,Conventional + AlphaEarth Embeddings,0.9174910850212777,0.3491602156256933,1
1405,CPEC_LANDSLIDE_0321,1,landslide,75_36,3,75.55617653406297,36.91065042090255,"Kashgar (Xinjiang, China)",conventional_alphaearth_embeddings,Conventional + AlphaEarth Embeddings,0.8511949313624174,0.3548426373798784,1
1406,CPEC_LANDSLIDE_0050,1,landslide,74_35,5,74.73196967264718,35.79674022314545,Gilgit-Baltistan,conventional_alphaearth_embeddings,Conventional + AlphaEarth Embeddings,0.9670311356252774,0.3226873891884655,1
1407,CPEC_ROCKFALL_0652,1,rockfall,69_30,5,69.13995819185547,30.95033057039937,Balochistan,conventional_alphaearth_embeddings,Conventional + AlphaEarth Embeddings,0.9820986684397149,0.3226873891884655,1
1408,CPEC_LANDSLIDE_0013,1,landslide,74_38,1,74.80383700432557,38.93860052989815,"Kashgar (Xinjiang, China)",conventional_alphaearth_embeddings,Conventional + AlphaEarth Embeddings,0.549798192824478,0.3491602156256933,1
1409,RMC_02_01172,0,non_landslide,73_34,2,73.57988202812486,34.70079653143197,raster-matched control,conventional_alphaearth_embeddings,Conventional + AlphaEarth Embeddings,0.25603014399291646,0.36703707324492457,0
1410,CPEC_ROCKFALL_0582,1,rockfall,67_29,1,67.21981130992799,29.45687952737717,Balochistan,conventional_alphaearth_embeddings,Conventional + AlphaEarth Embeddings,0.9485642960165972,0.3491602156256933,1
1411,RMC_02_01091,0,non_landslide,67_29,1,67.16591089951147,29.816207174032076,raster-matched control,conventional_alphaearth_embeddings,Conventional + AlphaEarth Embeddings,0.773754819000304,0.3491602156256933,1
1412,CPEC_ROCKFALL_0368,1,rockfall,66_27,1,66.91213779634127,27.89156561177764,Balochistan,conventional_alphaearth_embeddings,Conventional + AlphaEarth Embeddings,0.9772133834936707,0.3491602156256933,1
1413,CPEC_ROCKFALL_0891,1,rockfall,75_38,2,75.18113046265974,38.7454590268692,"Kashgar (Xinjiang, China)",conventional_alphaearth_embeddings,Conventional + AlphaEarth Embeddings,0.9814431982771676,0.36703707324492457,1
1414,RMC_02_00725,0,non_landslide,76_37,1,76.20296265775386,37.33061452569187,raster-matched control,conventional_alphaearth_embeddings,Conventional + AlphaEarth Embeddings,0.5587869798009036,0.3491602156256933,1
1415,CPEC_ROCKFALL_0790,1,rockfall,76_35,2,76.13334473801679,35.19262567152566,Gilgit-Baltistan,conventional_alphaearth_embeddings,Conventional + AlphaEarth Embeddings,0.794352651524064,0.36703707324492457,1
1416,CPEC_LANDSLIDE_0317,1,landslide,75_36,3,75.45286808085673,36.838787548325215,"Kashgar (Xinjiang, China)",conventional_alphaearth_embeddings,Conventional + AlphaEarth Embeddings,0.9847479802737291,0.3548426373798784,1
1417,CPEC_ROCKFALL_0525,1,rockfall,67_29,1,67.90253089491793,29.681457692832915,Balochistan,conventional_alphaearth_embeddings,Conventional + AlphaEarth Embeddings,0.8795469355618375,0.3491602156256933,1
1418,CPEC_LANDSLIDE_0172,1,landslide,74_36,2,74.57701145193889,36.2750947477549,Gilgit-Baltistan,conventional_alphaearth_embeddings,Conventional + AlphaEarth Embeddings,0.9864502190372482,0.36703707324492457,1
1419,CPEC_LANDSLIDE_0913,1,landslide,76_35,2,76.1086413181807,35.19711598628648,Gilgit-Baltistan,conventional_alphaearth_embeddings,Conventional + AlphaEarth Embeddings,0.9445641864903309,0.36703707324492457,1
1420,CPEC_LANDSLIDE_0258,1,landslide,74_35,5,74.18624704932226,35.39699073190613,Gilgit-Baltistan,conventional_alphaearth_embeddings,Conventional + AlphaEarth Embeddings,0.9093847385418654,0.3226873891884655,1
1421,CPEC_ROCKFALL_0207,1,rockfall,65_26,3,65.692671758447,26.294810574650256,Balochistan,conventional_alphaearth_embeddings,Conventional + AlphaEarth Embeddings,0.9861558936051944,0.3548426373798784,1
1422,RMC_02_00065,0,non_landslide,69_31,2,69.33309652244982,31.79250079909502,raster-matched control,conventional_alphaearth_embeddings,Conventional + AlphaEarth Embeddings,0.12623056911806663,0.36703707324492457,0
1423,CPEC_LANDSLIDE_0556,1,landslide,75_38,2,75.41468925763712,38.81732635854758,"Kashgar (Xinjiang, China)",conventional_alphaearth_embeddings,Conventional + AlphaEarth Embeddings,0.9824878238543019,0.36703707324492457,1
1424,CPEC_LANDSLIDE_0298,1,landslide,73_35,4,73.21157228195901,35.410466135289646,KP-AJK,conventional_alphaearth_embeddings,Conventional + AlphaEarth Embeddings,0.8665597510863822,0.2712461075876357,1
1425,RMC_02_00022,0,non_landslide,74_39,3,74.39061157204273,39.81221049807205,raster-matched control,conventional_alphaearth_embeddings,Conventional + AlphaEarth Embeddings,0.06628877763700997,0.3548426373798784,0
1426,CPEC_LANDSLIDE_0144,1,landslide,74_36,2,74.88243757859466,36.371661040168334,Gilgit-Baltistan,conventional_alphaearth_embeddings,Conventional + AlphaEarth Embeddings,0.9540515913406655,0.36703707324492457,1
1427,RMC_02_00316,0,non_landslide,65_26,3,65.4433913422123,26.869733042120043,raster-matched control,conventional_alphaearth_embeddings,Conventional + AlphaEarth Embeddings,0.07696574239473582,0.3548426373798784,0
1428,CPEC_LANDSLIDE_1034,1,landslide,75_35,1,75.55617653406297,35.181393195972014,Gilgit-Baltistan,conventional_alphaearth_embeddings,Conventional + AlphaEarth Embeddings,0.8171974060989817,0.3491602156256933,1
1429,CPEC_LANDSLIDE_0723,1,landslide,67_30,3,67.22654901161974,30.46748573102908,Balochistan,conventional_alphaearth_embeddings,Conventional + AlphaEarth Embeddings,0.9701113499219686,0.3548426373798784,1
1430,RMC_02_00360,0,non_landslide,67_29,1,67.18836878161446,29.944217102019103,raster-matched control,conventional_alphaearth_embeddings,Conventional + AlphaEarth Embeddings,0.110473983986389,0.3491602156256933,0
1431,CPEC_LANDSLIDE_0249,1,landslide,74_35,5,74.61294288822755,35.509279814634006,Gilgit-Baltistan,conventional_alphaearth_embeddings,Conventional + AlphaEarth Embeddings,0.9378457391703706,0.3226873891884655,1
1432,CPEC_ROCKFALL_0870,1,rockfall,75_37,5,75.20807681032571,37.90778122117096,"Kashgar (Xinjiang, China)",conventional_alphaearth_embeddings,Conventional + AlphaEarth Embeddings,0.9786488317577787,0.3226873891884655,1
1433,RMC_02_00510,0,non_landslide,74_36,2,74.30302583184107,36.18750832664978,raster-matched control,conventional_alphaearth_embeddings,Conventional + AlphaEarth Embeddings,0.11880186848190713,0.36703707324492457,0
1434,RMC_02_00848,0,non_landslide,74_39,3,74.42429839519721,39.62131850019665,raster-matched control,conventional_alphaearth_embeddings,Conventional + AlphaEarth Embeddings,0.07927989852141992,0.3548426373798784,0
1435,CPEC_LANDSLIDE_0532,1,landslide,75_38,2,75.33608868336803,38.82631144717027,"Kashgar (Xinjiang, China)",conventional_alphaearth_embeddings,Conventional + AlphaEarth Embeddings,0.7102926555767166,0.36703707324492457,1
1436,RMC_02_00374,0,non_landslide,71_35,2,71.6035884030619,35.66423967365016,raster-matched control,conventional_alphaearth_embeddings,Conventional + AlphaEarth Embeddings,0.33968768144722716,0.36703707324492457,0
1437,CPEC_ROCKFALL_0609,1,rockfall,67_30,3,67.26921814960016,30.0722265545506,Balochistan,conventional_alphaearth_embeddings,Conventional + AlphaEarth Embeddings,0.9810267894644586,0.3548426373798784,1
1438,RMC_02_00131,0,non_landslide,74_39,3,74.95430441282772,39.553944853887685,raster-matched control,conventional_alphaearth_embeddings,Conventional + AlphaEarth Embeddings,0.06747754025323173,0.3548426373798784,0
1439,CPEC_ROCKFALL_0945,1,rockfall,75_38,2,75.51350739608255,38.94084345772803,"Kashgar (Xinjiang, China)",conventional_alphaearth_embeddings,Conventional + AlphaEarth Embeddings,0.6902967012585762,0.36703707324492457,1
1440,RMC_02_00592,0,non_landslide,75_38,2,75.17214586922671,38.74770688639042,raster-matched control,conventional_alphaearth_embeddings,Conventional + AlphaEarth Embeddings,0.15615488593310978,0.36703707324492457,0
1441,CPEC_LANDSLIDE_0161,1,landslide,74_36,2,74.66459711483067,36.33572960387966,Gilgit-Baltistan,conventional_alphaearth_embeddings,Conventional + AlphaEarth Embeddings,0.10738577971036546,0.36703707324492457,0
1442,CPEC_ROCKFALL_0017,1,rockfall,76_37,1,76.20296468276423,37.788754436751326,"Kashgar (Xinjiang, China)",conventional_alphaearth_embeddings,Conventional + AlphaEarth Embeddings,0.982217461133905,0.3491602156256933,1
1443,CPEC_ROCKFALL_0632,1,rockfall,68_29,2,68.0979108666757,29.92849635029487,Balochistan,conventional_alphaearth_embeddings,Conventional + AlphaEarth Embeddings,0.9025784616814727,0.36703707324492457,1
1444,CPEC_LANDSLIDE_0107,1,landslide,74_36,2,74.95205752334212,36.79611841034479,Gilgit-Baltistan,conventional_alphaearth_embeddings,Conventional + AlphaEarth Embeddings,0.9792698496241662,0.36703707324492457,1
1445,RMC_02_01141,0,non_landslide,73_35,4,73.42716842982455,35.52050922819103,raster-matched control,conventional_alphaearth_embeddings,Conventional + AlphaEarth Embeddings,0.10610095492458861,0.2712461075876357,0
1446,CPEC_LANDSLIDE_0139,1,landslide,74_36,2,74.86671924738127,36.48170719506632,Gilgit-Baltistan,conventional_alphaearth_embeddings,Conventional + AlphaEarth Embeddings,0.943826384931739,0.36703707324492457,1
1447,RMC_02_00147,0,non_landslide,72_36,5,72.80733088378207,36.57153811061088,raster-matched control,conventional_alphaearth_embeddings,Conventional + AlphaEarth Embeddings,0.9700902358154838,0.3226873891884655,1
1448,CPEC_ROCKFALL_0917,1,rockfall,75_38,2,75.48206627455471,38.83529207669192,"Kashgar (Xinjiang, China)",conventional_alphaearth_embeddings,Conventional + AlphaEarth Embeddings,0.9690665373541939,0.36703707324492457,1
1449,CPEC_ROCKFALL_0457,1,rockfall,69_28,1,69.1826273298359,28.86174560527901,Balochistan,conventional_alphaearth_embeddings,Conventional + AlphaEarth Embeddings,0.8832697009293666,0.3491602156256933,1
1450,RMC_02_00747,0,non_landslide,73_34,2,73.35979478351558,34.55482029776255,raster-matched control,conventional_alphaearth_embeddings,Conventional + AlphaEarth Embeddings,0.09544998085228003,0.36703707324492457,0
1451,RMC_02_00151,0,non_landslide,77_40,3,77.03390429556441,40.79137415776233,raster-matched control,conventional_alphaearth_embeddings,Conventional + AlphaEarth Embeddings,0.08206112431049184,0.3548426373798784,0
1452,CPEC_LANDSLIDE_0973,1,landslide,75_35,1,75.80321073242386,35.33635587578137,Gilgit-Baltistan,conventional_alphaearth_embeddings,Conventional + AlphaEarth Embeddings,0.8992005300812146,0.3491602156256933,1
1453,CPEC_ROCKFALL_0587,1,rockfall,67_29,1,67.43316145893115,29.60285711856382,Balochistan,conventional_alphaearth_embeddings,Conventional + AlphaEarth Embeddings,0.9783097756421659,0.3491602156256933,1
1454,RMC_02_00854,0,non_landslide,73_36,1,73.37551530098767,36.24365303190725,raster-matched control,conventional_alphaearth_embeddings,Conventional + AlphaEarth Embeddings,0.08865820127522535,0.3491602156256933,0
1455,RMC_02_00859,0,non_landslide,73_35,4,73.72810405000459,35.5878828745,raster-matched control,conventional_alphaearth_embeddings,Conventional + AlphaEarth Embeddings,0.27705890935017236,0.2712461075876357,1
1456,CPEC_ROCKFALL_0367,1,rockfall,66_27,1,66.90989040941034,27.8578815624199,Balochistan,conventional_alphaearth_embeddings,Conventional + AlphaEarth Embeddings,0.770550223454643,0.3491602156256933,1
1457,RMC_02_00291,0,non_landslide,67_25,3,67.93846204385426,25.416708070056718,raster-matched control,conventional_alphaearth_embeddings,Conventional + AlphaEarth Embeddings,0.1405549833446706,0.3548426373798784,0
1458,CPEC_LANDSLIDE_0504,1,landslide,75_38,2,75.1878681643515,38.75669150242282,"Kashgar (Xinjiang, China)",conventional_alphaearth_embeddings,Conventional + AlphaEarth Embeddings,0.9824550089598098,0.36703707324492457,1
1459,RMC_02_00309,0,non_landslide,64_26,2,64.06672316929912,26.14209766198323,raster-matched control,conventional_alphaearth_embeddings,Conventional + AlphaEarth Embeddings,0.10095481177208136,0.36703707324492457,0
1460,CPEC_LANDSLIDE_0538,1,landslide,75_38,2,75.37651043441753,38.81058865685583,"Kashgar (Xinjiang, China)",conventional_alphaearth_embeddings,Conventional + AlphaEarth Embeddings,0.9786245405484929,0.36703707324492457,1
1461,CPEC_LANDSLIDE_0119,1,landslide,74_36,2,74.8173124077091,36.73772648204992,Gilgit-Baltistan,conventional_alphaearth_embeddings,Conventional + AlphaEarth Embeddings,0.9022117556296689,0.36703707324492457,1
1462,RMC_02_00052,0,non_landslide,67_29,1,67.3118871331809,29.899301337813128,raster-matched control,conventional_alphaearth_embeddings,Conventional + AlphaEarth Embeddings,0.20490050004125832,0.3491602156256933,0
1463,CPEC_LANDSLIDE_0023,1,landslide,75_38,2,75.25075040740718,38.90042170667854,"Kashgar (Xinjiang, China)",conventional_alphaearth_embeddings,Conventional + AlphaEarth Embeddings,0.08305018115472086,0.36703707324492457,0
1464,CPEC_ROCKFALL_0593,1,rockfall,67_29,1,67.19959820485273,29.93523405198663,Balochistan,conventional_alphaearth_embeddings,Conventional + AlphaEarth Embeddings,0.9792031949228781,0.3491602156256933,1
1465,CPEC_LANDSLIDE_0011,1,landslide,74_39,3,74.03128436951292,39.27097746332094,"Kashgar (Xinjiang, China)",conventional_alphaearth_embeddings,Conventional + AlphaEarth Embeddings,0.46807356853124776,0.3548426373798784,1
1466,CPEC_LANDSLIDE_0466,1,landslide,75_38,2,75.04189057316484,38.74096871210836,"Kashgar (Xinjiang, China)",conventional_alphaearth_embeddings,Conventional + AlphaEarth Embeddings,0.9785615988154077,0.36703707324492457,1
1467,RMC_02_01261,0,non_landslide,73_35,4,73.99759863524044,35.44415242904088,raster-matched control,conventional_alphaearth_embeddings,Conventional + AlphaEarth Embeddings,0.06441405585222058,0.2712461075876357,0
1468,CPEC_LANDSLIDE_0437,1,landslide,74_38,1,74.99248373349266,38.58601049140008,"Kashgar (Xinjiang, China)",conventional_alphaearth_embeddings,Conventional + AlphaEarth Embeddings,0.9826610607663459,0.3491602156256933,1
1469,CPEC_ROCKFALL_0430,1,rockfall,70_29,4,70.02704729632694,29.524256544294733,Punjab-Sindh lowland corridor,conventional_alphaearth_embeddings,Conventional + AlphaEarth Embeddings,0.9648981493897959,0.2712461075876357,1
1470,CPEC_LANDSLIDE_0104,1,landslide,74_36,2,74.96553292672563,36.80509903986644,Gilgit-Baltistan,conventional_alphaearth_embeddings,Conventional + AlphaEarth Embeddings,0.9519466243317398,0.36703707324492457,1
1471,RMC_02_00778,0,non_landslide,74_36,2,74.31874634931316,36.44801975904444,raster-matched control,conventional_alphaearth_embeddings,Conventional + AlphaEarth Embeddings,0.44968343775586667,0.36703707324492457,1
1472,RMC_02_00161,0,non_landslide,78_38,5,78.1972225884992,38.42206759589709,raster-matched control,conventional_alphaearth_embeddings,Conventional + AlphaEarth Embeddings,0.14851599650668265,0.3226873891884655,0
1473,RMC_02_00256,0,non_landslide,67_29,1,67.26247979255433,29.571416259109505,raster-matched control,conventional_alphaearth_embeddings,Conventional + AlphaEarth Embeddings,0.10218201188643829,0.3491602156256933,0
1474,RMC_02_00741,0,non_landslide,73_36,1,73.874080283674,36.41208714767966,raster-matched control,conventional_alphaearth_embeddings,Conventional + AlphaEarth Embeddings,0.44853650372189907,0.3491602156256933,1
1475,CPEC_ROCKFALL_0223,1,rockfall,65_26,3,65.70614716183051,26.30828597803377,Balochistan,conventional_alphaearth_embeddings,Conventional + AlphaEarth Embeddings,0.9761949979778449,0.3548426373798784,1
1476,CPEC_ROCKFALL_0114,1,rockfall,65_27,5,65.86784754333162,27.478340717154804,Balochistan,conventional_alphaearth_embeddings,Conventional + AlphaEarth Embeddings,0.9910027955327432,0.3226873891884655,1
1477,RMC_02_00762,0,non_landslide,73_35,4,73.74157877926638,35.65525652080896,raster-matched control,conventional_alphaearth_embeddings,Conventional + AlphaEarth Embeddings,0.0762714943628291,0.2712461075876357,0
1478,RMC_02_01196,0,non_landslide,65_26,3,65.7982258794395,26.10616505061845,raster-matched control,conventional_alphaearth_embeddings,Conventional + AlphaEarth Embeddings,0.07673703978584728,0.3548426373798784,0
1479,RMC_02_00561,0,non_landslide,75_38,2,75.03066121197789,38.729740580708025,raster-matched control,conventional_alphaearth_embeddings,Conventional + AlphaEarth Embeddings,0.5436247929504099,0.36703707324492457,1
1480,CPEC_LANDSLIDE_0340,1,landslide,75_37,5,75.2417653187845,37.86960239795135,"Kashgar (Xinjiang, China)",conventional_alphaearth_embeddings,Conventional + AlphaEarth Embeddings,0.9763671585511098,0.3226873891884655,1
1481,CPEC_LANDSLIDE_0914,1,landslide,76_35,2,76.12660703632503,35.192625671525654,Gilgit-Baltistan,conventional_alphaearth_embeddings,Conventional + AlphaEarth Embeddings,0.9678347869304877,0.36703707324492457,1
1482,RMC_02_00032,0,non_landslide,75_37,5,75.35854629068152,37.40247974842144,raster-matched control,conventional_alphaearth_embeddings,Conventional + AlphaEarth Embeddings,0.2246370102966792,0.3226873891884655,0
1483,RMC_02_00319,0,non_landslide,62_25,3,62.93035433488793,25.908535688112156,raster-matched control,conventional_alphaearth_embeddings,Conventional + AlphaEarth Embeddings,0.10399707003932718,0.3548426373798784,0
1484,CPEC_ROCKFALL_0515,1,rockfall,67_29,1,67.88231778984266,29.676967378072103,Balochistan,conventional_alphaearth_embeddings,Conventional + AlphaEarth Embeddings,0.6429746125075477,0.3491602156256933,1
1485,CPEC_ROCKFALL_0105,1,rockfall,65_27,5,65.82517394625015,27.451394369488835,Balochistan,conventional_alphaearth_embeddings,Conventional + AlphaEarth Embeddings,0.9675364797082238,0.3226873891884655,1
1486,CPEC_LANDSLIDE_1064,1,landslide,74_36,2,74.80158961739464,36.30428848235182,Gilgit-Baltistan,conventional_alphaearth_embeddings,Conventional + AlphaEarth Embeddings,0.9812246645749627,0.36703707324492457,1
1487,RMC_02_00175,0,non_landslide,65_29,4,65.96665999521191,29.3917532022856,raster-matched control,conventional_alphaearth_embeddings,Conventional + AlphaEarth Embeddings,0.09499770267883682,0.2712461075876357,0
1488,CPEC_LANDSLIDE_0582,1,landslide,74_38,1,74.82854042416166,38.86448581128882,"Kashgar (Xinjiang, China)",conventional_alphaearth_embeddings,Conventional + AlphaEarth Embeddings,0.20997081838365633,0.3491602156256933,0
1489,CPEC_LANDSLIDE_0597,1,landslide,67_28,4,67.39947295047237,28.0128397831282,Balochistan,conventional_alphaearth_embeddings,Conventional + AlphaEarth Embeddings,0.8196121798282252,0.2712461075876357,1
1490,RMC_02_00322,0,non_landslide,62_26,5,62.98649904014541,26.117393991669942,raster-matched control,conventional_alphaearth_embeddings,Conventional + AlphaEarth Embeddings,0.21351181307386308,0.3226873891884655,0
1491,CPEC_ROCKFALL_0088,1,rockfall,65_27,5,65.65000262046658,27.15270148542376,Balochistan,conventional_alphaearth_embeddings,Conventional + AlphaEarth Embeddings,0.9657978853506506,0.3226873891884655,1
1492,RMC_02_00526,0,non_landslide,74_36,2,74.22666903269092,36.14034677423351,raster-matched control,conventional_alphaearth_embeddings,Conventional + AlphaEarth Embeddings,0.16814669549724393,0.36703707324492457,0
1493,CPEC_ROCKFALL_0388,1,rockfall,66_27,1,66.93459382924642,27.67821546277446,Balochistan,conventional_alphaearth_embeddings,Conventional + AlphaEarth Embeddings,0.9649714301674107,0.3491602156256933,1
1494,CPEC_LANDSLIDE_0579,1,landslide,74_38,1,74.91163577229263,38.81507897161664,"Kashgar (Xinjiang, China)",conventional_alphaearth_embeddings,Conventional + AlphaEarth Embeddings,0.22315053898401674,0.3491602156256933,0
1495,RMC_02_00693,0,non_landslide,73_33,5,73.46085525297903,33.97989851592605,raster-matched control,conventional_alphaearth_embeddings,Conventional + AlphaEarth Embeddings,0.08340673689395053,0.3226873891884655,0
1496,RMC_02_01470,0,non_landslide,76_39,5,76.87669912084351,39.875092567960415,raster-matched control,conventional_alphaearth_embeddings,Conventional + AlphaEarth Embeddings,0.09515253755664511,0.3226873891884655,0
1497,RMC_02_01493,0,non_landslide,73_35,4,73.23852222015944,35.45987294651297,raster-matched control,conventional_alphaearth_embeddings,Conventional + AlphaEarth Embeddings,0.08268350588248874,0.2712461075876357,0
1498,CPEC_ROCKFALL_0023,1,rockfall,76_37,1,76.18948927938072,37.65849963587912,"Kashgar (Xinjiang, China)",conventional_alphaearth_embeddings,Conventional + AlphaEarth Embeddings,0.9896918223595125,0.3491602156256933,1
1499,RMC_02_01080,0,non_landslide,69_29,3,69.58462480200329,29.08183442926436,raster-matched control,conventional_alphaearth_embeddings,Conventional + AlphaEarth Embeddings,0.13105775750298368,0.3548426373798784,0
1500,CPEC_LANDSLIDE_0073,1,landslide,75_36,3,75.16091735758447,36.86573835509224,Gilgit-Baltistan,conventional_alphaearth_embeddings,Conventional + AlphaEarth Embeddings,0.9517919211550226,0.3548426373798784,1
1501,RMC_02_01326,0,non_landslide,75_40,1,75.28668106795195,40.23441868160823,raster-matched control,conventional_alphaearth_embeddings,Conventional + AlphaEarth Embeddings,0.09970082950335322,0.3491602156256933,0
1502,CPEC_LANDSLIDE_0182,1,landslide,74_36,2,74.35468067341408,36.2616193443714,Gilgit-Baltistan,conventional_alphaearth_embeddings,Conventional + AlphaEarth Embeddings,0.6613691235954923,0.36703707324492457,1
1503,RMC_02_01461,0,non_landslide,68_30,4,68.85923521007678,30.72575139920309,raster-matched control,conventional_alphaearth_embeddings,Conventional + AlphaEarth Embeddings,0.07667382874303322,0.2712461075876357,0
1504,RMC_02_00600,0,non_landslide,75_40,1,75.43265730162138,40.0817050833079,raster-matched control,conventional_alphaearth_embeddings,Conventional + AlphaEarth Embeddings,0.14256880668724214,0.3491602156256933,0
1505,CPEC_ROCKFALL_0590,1,rockfall,67_29,1,67.42866668506929,29.60510450549476,Balochistan,conventional_alphaearth_embeddings,Conventional + AlphaEarth Embeddings,0.9655739890163173,0.3491602156256933,1
1506,RMC_02_01429,0,non_landslide,65_29,4,65.94644790131923,29.33111692060753,raster-matched control,conventional_alphaearth_embeddings,Conventional + AlphaEarth Embeddings,0.19627992248369222,0.2712461075876357,0
1507,RMC_02_00509,0,non_landslide,74_36,2,74.57476620528723,36.25937354937934,raster-matched control,conventional_alphaearth_embeddings,Conventional + AlphaEarth Embeddings,0.2790696338493997,0.36703707324492457,0
1508,RMC_02_00148,0,non_landslide,76_35,2,76.06147800050503,35.66873125007076,raster-matched control,conventional_alphaearth_embeddings,Conventional + AlphaEarth Embeddings,0.5684398768621437,0.36703707324492457,1
1509,CPEC_ROCKFALL_0501,1,rockfall,68_29,2,68.5178734629903,29.32662472650496,Balochistan,conventional_alphaearth_embeddings,Conventional + AlphaEarth Embeddings,0.9807481180657661,0.36703707324492457,1
1510,RMC_02_00048,0,non_landslide,65_28,2,65.12673520456016,28.92013767812285,raster-matched control,conventional_alphaearth_embeddings,Conventional + AlphaEarth Embeddings,0.258149723251711,0.36703707324492457,0
1511,RMC_02_00221,0,non_landslide,73_35,4,73.87632607188431,35.49355976966745,raster-matched control,conventional_alphaearth_embeddings,Conventional + AlphaEarth Embeddings,0.08576598028916456,0.2712461075876357,0
1512,RMC_02_01157,0,non_landslide,73_35,4,73.33958268962289,35.495805557877745,raster-matched control,conventional_alphaearth_embeddings,Conventional + AlphaEarth Embeddings,0.23895170502315444,0.2712461075876357,0
1513,CPEC_ROCKFALL_0487,1,rockfall,68_29,2,68.6795738444914,29.398492058183344,Balochistan,conventional_alphaearth_embeddings,Conventional + AlphaEarth Embeddings,0.4314776160661721,0.36703707324492457,1
1514,RMC_02_00230,0,non_landslide,69_32,4,69.83390729334646,32.24165844115478,raster-matched control,conventional_alphaearth_embeddings,Conventional + AlphaEarth Embeddings,0.0574778485647786,0.2712461075876357,0
1515,RMC_02_01499,0,non_landslide,74_35,5,74.52311307645036,35.47110188756446,raster-matched control,conventional_alphaearth_embeddings,Conventional + AlphaEarth Embeddings,0.04324885209422395,0.3226873891884655,0
1516,CPEC_ROCKFALL_0577,1,rockfall,67_29,1,67.21981130992799,29.463617229068923,Balochistan,conventional_alphaearth_embeddings,Conventional + AlphaEarth Embeddings,0.9774085191460888,0.3491602156256933,1
1517,CPEC_LANDSLIDE_0030,1,landslide,75_38,2,75.9985951632827,38.44677060190517,"Kashgar (Xinjiang, China)",conventional_alphaearth_embeddings,Conventional + AlphaEarth Embeddings,0.9785260158633176,0.36703707324492457,1
1518,RMC_02_00005,0,non_landslide,72_34,1,72.86796716546014,34.918637987830955,raster-matched control,conventional_alphaearth_embeddings,Conventional + AlphaEarth Embeddings,0.12440865801720485,0.3491602156256933,0
1519,RMC_02_00335,0,non_landslide,66_26,4,66.43602973116437,26.72151102024032,raster-matched control,conventional_alphaearth_embeddings,Conventional + AlphaEarth Embeddings,0.08450242009220693,0.2712461075876357,0
1520,RMC_02_00754,0,non_landslide,74_36,2,74.8330318494716,36.58501283987267,raster-matched control,conventional_alphaearth_embeddings,Conventional + AlphaEarth Embeddings,0.05900291933676662,0.36703707324492457,0
1521,RMC_02_00625,0,non_landslide,75_38,2,75.49104779508914,38.842029991222965,raster-matched control,conventional_alphaearth_embeddings,Conventional + AlphaEarth Embeddings,0.08494351578734595,0.36703707324492457,0
1522,RMC_02_00235,0,non_landslide,69_32,4,69.85411938723914,32.24165844115478,raster-matched control,conventional_alphaearth_embeddings,Conventional + AlphaEarth Embeddings,0.07292997471639563,0.2712461075876357,0
1523,CPEC_ROCKFALL_0077,1,rockfall,63_26,1,63.95668129092578,26.07697011088626,Balochistan,conventional_alphaearth_embeddings,Conventional + AlphaEarth Embeddings,0.966581525455684,0.3491602156256933,1
1524,CPEC_ROCKFALL_0901,1,rockfall,75_38,2,75.3720201196567,38.81507897161664,"Kashgar (Xinjiang, China)",conventional_alphaearth_embeddings,Conventional + AlphaEarth Embeddings,0.9791293354846478,0.36703707324492457,1
1525,RMC_02_00416,0,non_landslide,74_36,2,74.97227071851012,36.84327848405703,raster-matched control,conventional_alphaearth_embeddings,Conventional + AlphaEarth Embeddings,0.12164765878516716,0.36703707324492457,0
1526,CPEC_ROCKFALL_0929,1,rockfall,75_38,2,75.49329429100727,38.889193690225966,"Kashgar (Xinjiang, China)",conventional_alphaearth_embeddings,Conventional + AlphaEarth Embeddings,0.9626308024129144,0.36703707324492457,1
1527,CPEC_ROCKFALL_0199,1,rockfall,65_26,3,65.55792664281397,26.42057506076164,Balochistan,conventional_alphaearth_embeddings,Conventional + AlphaEarth Embeddings,0.8999675830557233,0.3548426373798784,1
1528,CPEC_ROCKFALL_0661,1,rockfall,69_31,2,69.55767340123913,31.98114542002551,KP-AJK,conventional_alphaearth_embeddings,Conventional + AlphaEarth Embeddings,0.9572770005530618,0.36703707324492457,1
1529,CPEC_LANDSLIDE_0129,1,landslide,74_36,2,74.82180272246991,36.57603055964986,Gilgit-Baltistan,conventional_alphaearth_embeddings,Conventional + AlphaEarth Embeddings,0.9677290886679819,0.36703707324492457,1
1530,CPEC_LANDSLIDE_0251,1,landslide,74_35,5,74.28730365649652,35.41944676481128,Gilgit-Baltistan,conventional_alphaearth_embeddings,Conventional + AlphaEarth Embeddings,0.9915371036052265,0.3226873891884655,1
1531,RMC_02_00460,0,non_landslide,74_36,2,74.30976319647198,36.09767679823783,raster-matched control,conventional_alphaearth_embeddings,Conventional + AlphaEarth Embeddings,0.09299779016663798,0.36703707324492457,0
1532,CPEC_LANDSLIDE_0617,1,landslide,63_27,3,63.264976617313145,27.298679076610416,Balochistan,conventional_alphaearth_embeddings,Conventional + AlphaEarth Embeddings,0.27166416187423026,0.3548426373798784,0
1533,CPEC_ROCKFALL_0006,1,rockfall,76_38,3,76.00308547804353,38.404101463924746,"Kashgar (Xinjiang, China)",conventional_alphaearth_embeddings,Conventional + AlphaEarth Embeddings,0.16055418348103814,0.3548426373798784,0
1534,CPEC_ROCKFALL_0720,1,rockfall,72_34,1,72.81856049241145,34.03379894885719,KP-AJK,conventional_alphaearth_embeddings,Conventional + AlphaEarth Embeddings,0.9873709222887485,0.3491602156256933,1
1535,RMC_02_00387,0,non_landslide,74_39,3,74.47370573582378,39.634793229458445,raster-matched control,conventional_alphaearth_embeddings,Conventional + AlphaEarth Embeddings,0.08777132587790624,0.3548426373798784,0
1536,CPEC_LANDSLIDE_0273,1,landslide,73_35,4,73.60907884536844,35.563181428168065,Gilgit-Baltistan,conventional_alphaearth_embeddings,Conventional + AlphaEarth Embeddings,0.9433566190407123,0.2712461075876357,1
1537,RMC_02_01014,0,non_landslide,74_35,5,74.74095453284934,35.50029713429834,raster-matched control,conventional_alphaearth_embeddings,Conventional + AlphaEarth Embeddings,0.4238667957747817,0.3226873891884655,1
1538,RMC_02_00338,0,non_landslide,74_35,5,74.64663142801679,35.781020660585696,raster-matched control,conventional_alphaearth_embeddings,Conventional + AlphaEarth Embeddings,0.947638284617863,0.3226873891884655,1
1539,CPEC_ROCKFALL_0869,1,rockfall,73_35,4,73.2991579448508,35.493561483420606,KP-AJK,conventional_alphaearth_embeddings,Conventional + AlphaEarth Embeddings,0.9734845338322675,0.2712461075876357,1
1540,RMC_02_01451,0,non_landslide,67_29,1,67.18163141698356,29.915021855285215,raster-matched control,conventional_alphaearth_embeddings,Conventional + AlphaEarth Embeddings,0.13964444417796287,0.3491602156256933,0
1541,CPEC_ROCKFALL_0713,1,rockfall,71_33,3,71.3655356595398,33.44540272845079,KP-AJK,conventional_alphaearth_embeddings,Conventional + AlphaEarth Embeddings,0.988266904884353,0.3548426373798784,1
1542,CPEC_LANDSLIDE_0238,1,landslide,74_36,2,74.50065380549968,36.257129029610574,Gilgit-Baltistan,conventional_alphaearth_embeddings,Conventional + AlphaEarth Embeddings,0.9193362289881999,0.36703707324492457,1
1543,CPEC_ROCKFALL_0509,1,rockfall,68_29,2,68.39660375074078,29.34908521851117,Balochistan,conventional_alphaearth_embeddings,Conventional + AlphaEarth Embeddings,0.9477727050189119,0.36703707324492457,1
1544,RMC_02_00669,0,non_landslide,69_31,2,69.53072588495611,31.95644333844683,raster-matched control,conventional_alphaearth_embeddings,Conventional + AlphaEarth Embeddings,0.09978875646621838,0.36703707324492457,0
1545,CPEC_LANDSLIDE_0600,1,landslide,64_28,1,64.94482700257149,28.879711323423347,Balochistan,conventional_alphaearth_embeddings,Conventional + AlphaEarth Embeddings,0.9689297655187352,0.3491602156256933,1
1546,RMC_02_00959,0,non_landslide,75_36,3,75.31138473826523,36.83429533121584,raster-matched control,conventional_alphaearth_embeddings,Conventional + AlphaEarth Embeddings,0.23444044043801843,0.3548426373798784,0
1547,CPEC_ROCKFALL_0949,1,rockfall,75_38,2,75.50452230745985,38.94982854635072,"Kashgar (Xinjiang, China)",conventional_alphaearth_embeddings,Conventional + AlphaEarth Embeddings,0.9314947958431926,0.36703707324492457,1
1548,CPEC_ROCKFALL_0570,1,rockfall,67_29,1,67.22205423775787,29.47260231769162,Balochistan,conventional_alphaearth_embeddings,Conventional + AlphaEarth Embeddings,0.9766232043322651,0.3491602156256933,1
1549,RMC_02_01497,0,non_landslide,74_35,5,74.54332517034305,35.47559346398506,raster-matched control,conventional_alphaearth_embeddings,Conventional + AlphaEarth Embeddings,0.03419960194981528,0.3226873891884655,0
1550,CPEC_LANDSLIDE_0586,1,landslide,66_27,1,66.88518698957425,27.83766845734464,Balochistan,conventional_alphaearth_embeddings,Conventional + AlphaEarth Embeddings,0.9833371652150689,0.3491602156256933,1
1551,CPEC_LANDSLIDE_0350,1,landslide,75_37,5,75.28443445676491,37.88307780133486,"Kashgar (Xinjiang, China)",conventional_alphaearth_embeddings,Conventional + AlphaEarth Embeddings,0.9388007540820605,0.3226873891884655,1
1552,CPEC_ROCKFALL_0399,1,rockfall,67_25,3,67.88680810460349,25.868110276643904,Punjab-Sindh lowland corridor,conventional_alphaearth_embeddings,Conventional + AlphaEarth Embeddings,0.3418314897289502,0.3548426373798784,0
1553,CPEC_LANDSLIDE_0776,1,landslide,72_34,1,72.0302895263854,34.53460950637181,KP-AJK,conventional_alphaearth_embeddings,Conventional + AlphaEarth Embeddings,0.9815651988837034,0.3491602156256933,1
1554,RMC_02_00543,0,non_landslide,75_38,2,75.03515278839848,38.428804960527984,raster-matched control,conventional_alphaearth_embeddings,Conventional + AlphaEarth Embeddings,0.10903544647547617,0.36703707324492457,0
1555,RMC_02_01437,0,non_landslide,68_30,4,68.67957215325288,30.299051639246315,raster-matched control,conventional_alphaearth_embeddings,Conventional + AlphaEarth Embeddings,0.08000492108472408,0.2712461075876357,0
1556,CPEC_ROCKFALL_0699,1,rockfall,72_32,2,72.45474243746081,32.598739834129866,Punjab-Sindh lowland corridor,conventional_alphaearth_embeddings,Conventional + AlphaEarth Embeddings,0.9872971582724032,0.36703707324492457,1
1557,CPEC_LANDSLIDE_1029,1,landslide,74_35,5,74.94307689382047,35.194868599355544,Gilgit-Baltistan,conventional_alphaearth_embeddings,Conventional + AlphaEarth Embeddings,0.9028702182376648,0.3226873891884655,1
1558,RMC_02_00735,0,non_landslide,75_35,1,75.65274454623065,35.72263016711793,raster-matched control,conventional_alphaearth_embeddings,Conventional + AlphaEarth Embeddings,0.07838820899973224,0.3491602156256933,0
1559,CPEC_ROCKFALL_0370,1,rockfall,66_27,1,66.98175774108873,27.945467225311685,Balochistan,conventional_alphaearth_embeddings,Conventional + AlphaEarth Embeddings,0.8109317602240508,0.3491602156256933,1
1560,CPEC_ROCKFALL_0069,1,rockfall,63_26,1,63.96566192044742,26.07697011088626,Balochistan,conventional_alphaearth_embeddings,Conventional + AlphaEarth Embeddings,0.9697398276237642,0.3491602156256933,1
1561,RMC_02_01348,0,non_landslide,76_36,4,76.80483389811394,36.39861241841787,raster-matched control,conventional_alphaearth_embeddings,Conventional + AlphaEarth Embeddings,0.19846305498395175,0.2712461075876357,0
1562,RMC_02_00900,0,non_landslide,77_37,2,77.20458419954713,37.40023396021113,raster-matched control,conventional_alphaearth_embeddings,Conventional + AlphaEarth Embeddings,0.16985760366351046,0.36703707324492457,0
1563,CPEC_ROCKFALL_0653,1,rockfall,69_30,5,69.14220557878642,30.95257795733032,Balochistan,conventional_alphaearth_embeddings,Conventional + AlphaEarth Embeddings,0.9750115850167904,0.3226873891884655,1
1564,RMC_02_00272,0,non_landslide,69_27,4,69.29940969929534,27.444654823956537,raster-matched control,conventional_alphaearth_embeddings,Conventional + AlphaEarth Embeddings,0.09492372253993608,0.2712461075876357,0
1565,CPEC_ROCKFALL_0028,1,rockfall,67_28,4,67.40845803909507,28.09368774432823,Balochistan,conventional_alphaearth_embeddings,Conventional + AlphaEarth Embeddings,0.21408295425607743,0.2712461075876357,0
1566,RMC_02_00682,0,non_landslide,73_33,5,73.44513473550693,33.955194845612766,raster-matched control,conventional_alphaearth_embeddings,Conventional + AlphaEarth Embeddings,0.23189554239978136,0.3226873891884655,0
1567,RMC_02_00477,0,non_landslide,74_36,2,74.88693076651876,36.46374027651653,raster-matched control,conventional_alphaearth_embeddings,Conventional + AlphaEarth Embeddings,0.08766955247141477,0.36703707324492457,0
1568,RMC_02_00591,0,non_landslide,75_38,2,75.22379899806359,38.75444425102131,raster-matched control,conventional_alphaearth_embeddings,Conventional + AlphaEarth Embeddings,0.24108901152276532,0.36703707324492457,0
1569,CPEC_ROCKFALL_0684,1,rockfall,70_32,5,70.08094445075994,32.37865198343494,KP-AJK,conventional_alphaearth_embeddings,Conventional + AlphaEarth Embeddings,0.9417502820473367,0.3226873891884655,1
1570,CPEC_ROCKFALL_0624,1,rockfall,67_30,3,67.21307360823623,30.272101300170256,Balochistan,conventional_alphaearth_embeddings,Conventional + AlphaEarth Embeddings,0.6858886442292195,0.3548426373798784,1
1571,CPEC_LANDSLIDE_0858,1,landslide,73_34,2,73.44288814910652,34.4043547054996,KP-AJK,conventional_alphaearth_embeddings,Conventional + AlphaEarth Embeddings,0.6616803606366849,0.36703707324492457,1
1572,RMC_02_00218,0,non_landslide,66_27,1,66.59548069409558,27.89830404243689,raster-matched control,conventional_alphaearth_embeddings,Conventional + AlphaEarth Embeddings,0.0893253892622358,0.3491602156256933,0
1573,CPEC_ROCKFALL_0799,1,rockfall,72_35,3,72.56029381849693,35.52275521801752,KP-AJK,conventional_alphaearth_embeddings,Conventional + AlphaEarth Embeddings,0.9850027216501638,0.3548426373798784,1
1574,RMC_02_00100,0,non_landslide,74_39,3,74.460231006562,39.62356428840695,raster-matched control,conventional_alphaearth_embeddings,Conventional + AlphaEarth Embeddings,0.3346849993482885,0.3548426373798784,0
1575,RMC_02_00102,0,non_landslide,73_36,1,73.82691873125773,36.36492559526339,raster-matched control,conventional_alphaearth_embeddings,Conventional + AlphaEarth Embeddings,0.30358307695806913,0.3491602156256933,0
1576,RMC_02_01280,0,non_landslide,71_35,2,71.75405621315193,35.48457661682625,raster-matched control,conventional_alphaearth_embeddings,Conventional + AlphaEarth Embeddings,0.27387231082246005,0.36703707324492457,0
1577,RMC_02_00813,0,non_landslide,68_29,2,68.15854928846355,29.829681903293867,raster-matched control,conventional_alphaearth_embeddings,Conventional + AlphaEarth Embeddings,0.7875279517691531,0.36703707324492457,1
1578,RMC_02_00748,0,non_landslide,73_34,2,73.59335675738666,34.265113618634004,raster-matched control,conventional_alphaearth_embeddings,Conventional + AlphaEarth Embeddings,0.1525591042486687,0.36703707324492457,0
1579,CPEC_ROCKFALL_0848,1,rockfall,74_36,2,74.30302644681096,36.30428848235181,Gilgit-Baltistan,conventional_alphaearth_embeddings,Conventional + AlphaEarth Embeddings,0.812148247038673,0.36703707324492457,1
1580,RMC_02_01154,0,non_landslide,73_35,4,73.51924574644679,35.52949238103223,raster-matched control,conventional_alphaearth_embeddings,Conventional + AlphaEarth Embeddings,0.20299053665184144,0.2712461075876357,0
1581,RMC_02_01219,0,non_landslide,68_29,2,68.49990909642896,29.115521252418844,raster-matched control,conventional_alphaearth_embeddings,Conventional + AlphaEarth Embeddings,0.16501372239574724,0.36703707324492457,0
1582,RMC_02_00664,0,non_landslide,67_29,1,67.44663442579883,29.55569574163741,raster-matched control,conventional_alphaearth_embeddings,Conventional + AlphaEarth Embeddings,0.07623639175988674,0.3491602156256933,0
1583,CPEC_ROCKFALL_0665,1,rockfall,68_30,4,68.36067231445212,30.662870161887927,Balochistan,conventional_alphaearth_embeddings,Conventional + AlphaEarth Embeddings,0.9814385962982344,0.2712461075876357,1
1584,RMC_02_01077,0,non_landslide,69_29,3,69.9619172213335,29.629806752577277,raster-matched control,conventional_alphaearth_embeddings,Conventional + AlphaEarth Embeddings,0.25663048982827147,0.3548426373798784,0
1585,RMC_02_00786,0,non_landslide,65_29,4,65.98013472447371,29.48158473069755,raster-matched control,conventional_alphaearth_embeddings,Conventional + AlphaEarth Embeddings,0.08151128789557195,0.2712461075876357,0
1586,RMC_02_00484,0,non_landslide,74_36,2,74.28056794973809,36.315518254636814,raster-matched control,conventional_alphaearth_embeddings,Conventional + AlphaEarth Embeddings,0.09277178681854423,0.36703707324492457,0
1587,CPEC_LANDSLIDE_0260,1,landslide,74_35,5,74.02454666782116,35.42618446650303,Gilgit-Baltistan,conventional_alphaearth_embeddings,Conventional + AlphaEarth Embeddings,0.9731417889286891,0.3226873891884655,1
1588,RMC_02_00649,0,non_landslide,77_37,2,77.36852673889894,37.638287510502806,raster-matched control,conventional_alphaearth_embeddings,Conventional + AlphaEarth Embeddings,0.11107421946662259,0.36703707324492457,0
1589,CPEC_ROCKFALL_0057,1,rockfall,63_27,3,63.534471307680256,27.07634383898455,Balochistan,conventional_alphaearth_embeddings,Conventional + AlphaEarth Embeddings,0.9637313945395732,0.3548426373798784,1
1590,RMC_02_00919,0,non_landslide,75_39,4,75.58761668813199,39.12275351751032,raster-matched control,conventional_alphaearth_embeddings,Conventional + AlphaEarth Embeddings,0.08300163011175954,0.2712461075876357,0
1591,CPEC_ROCKFALL_0324,1,rockfall,66_25,2,66.85149848111547,25.0573832777127,Balochistan,conventional_alphaearth_embeddings,Conventional + AlphaEarth Embeddings,0.9793335307478308,0.36703707324492457,1
1592,CPEC_ROCKFALL_0871,1,rockfall,75_37,5,75.19684879387313,37.92125662455447,"Kashgar (Xinjiang, China)",conventional_alphaearth_embeddings,Conventional + AlphaEarth Embeddings,0.9896763632839927,0.3226873891884655,1
1593,RMC_02_01182,0,non_landslide,70_31,3,70.1348429135265,31.0828317246406,raster-matched control,conventional_alphaearth_embeddings,Conventional + AlphaEarth Embeddings,0.09008429295460235,0.3548426373798784,0
1594,RMC_02_01137,0,non_landslide,73_35,4,73.7078919561119,35.53173816924253,raster-matched control,conventional_alphaearth_embeddings,Conventional + AlphaEarth Embeddings,0.08216102452310685,0.2712461075876357,0
1595,CPEC_LANDSLIDE_0590,1,landslide,66_27,1,66.91213779634127,27.88707529701681,Balochistan,conventional_alphaearth_embeddings,Conventional + AlphaEarth Embeddings,0.9829615783730443,0.3491602156256933,1
1596,RMC_02_00737,0,non_landslide,71_35,2,71.83265880051239,35.935980047096315,raster-matched control,conventional_alphaearth_embeddings,Conventional + AlphaEarth Embeddings,0.09981002996027535,0.36703707324492457,0
1597,RMC_02_00292,0,non_landslide,75_39,4,75.92673070788712,39.592123253462766,raster-matched control,conventional_alphaearth_embeddings,Conventional + AlphaEarth Embeddings,0.07640530622084307,0.2712461075876357,0
1598,CPEC_ROCKFALL_0635,1,rockfall,68_29,2,68.0979108666757,29.930743737225804,Balochistan,conventional_alphaearth_embeddings,Conventional + AlphaEarth Embeddings,0.9614680133676963,0.36703707324492457,1
1599,RMC_02_01242,0,non_landslide,69_29,3,69.12648400710233,29.077342852843767,raster-matched control,conventional_alphaearth_embeddings,Conventional + AlphaEarth Embeddings,0.082056139443527,0.3548426373798784,0
1600,RMC_02_00603,0,non_landslide,75_38,2,75.24176530374598,38.7769021331243,raster-matched control,conventional_alphaearth_embeddings,Conventional + AlphaEarth Embeddings,0.12566090233784302,0.36703707324492457,0
1601,RMC_02_00353,0,non_landslide,65_29,4,65.71962329207905,29.2008612044102,raster-matched control,conventional_alphaearth_embeddings,Conventional + AlphaEarth Embeddings,0.07316331989764184,0.2712461075876357,0
1602,CPEC_ROCKFALL_0342,1,rockfall,66_27,1,66.35742562529262,27.73885477800027,Balochistan,conventional_alphaearth_embeddings,Conventional + AlphaEarth Embeddings,0.9483434821982866,0.3491602156256933,1
1603,CPEC_ROCKFALL_0687,1,rockfall,70_32,5,70.39310827910748,32.93335969538256,KP-AJK,conventional_alphaearth_embeddings,Conventional + AlphaEarth Embeddings,0.9957021061997945,0.3226873891884655,1
1604,CPEC_LANDSLIDE_0638,1,landslide,64_26,2,64.01506876011959,26.050019304119232,Balochistan,conventional_alphaearth_embeddings,Conventional + AlphaEarth Embeddings,0.1188157184839919,0.36703707324492457,0
1605,CPEC_LANDSLIDE_0578,1,landslide,74_38,1,74.91163577229263,38.81507897161664,"Kashgar (Xinjiang, China)",conventional_alphaearth_embeddings,Conventional + AlphaEarth Embeddings,0.22315053898401674,0.3491602156256933,0
1606,CPEC_LANDSLIDE_0759,1,landslide,72_32,2,72.60296295647734,32.62568618179583,Punjab-Sindh lowland corridor,conventional_alphaearth_embeddings,Conventional + AlphaEarth Embeddings,0.966919236585604,0.36703707324492457,1
1607,RMC_02_00398,0,non_landslide,75_37,5,75.45062360730377,37.16891777455036,raster-matched control,conventional_alphaearth_embeddings,Conventional + AlphaEarth Embeddings,0.06855755325249564,0.3226873891884655,0
1608,RMC_02_01332,0,non_landslide,75_37,5,75.30240158542404,37.76405165027954,raster-matched control,conventional_alphaearth_embeddings,Conventional + AlphaEarth Embeddings,0.10209821685904807,0.3226873891884655,0
1609,RMC_02_01163,0,non_landslide,73_35,4,73.3238621721508,35.49805134608805,raster-matched control,conventional_alphaearth_embeddings,Conventional + AlphaEarth Embeddings,0.09568590457272881,0.2712461075876357,0
1610,RMC_02_00205,0,non_landslide,78_40,4,78.5520571257264,40.03454353089163,raster-matched control,conventional_alphaearth_embeddings,Conventional + AlphaEarth Embeddings,0.0908748625082501,0.2712461075876357,0
1611,CPEC_ROCKFALL_0673,1,rockfall,70_29,4,70.0113245060125,29.955447157061897,Punjab-Sindh lowland corridor,conventional_alphaearth_embeddings,Conventional + AlphaEarth Embeddings,0.9732480218715506,0.2712461075876357,1
1612,RMC_02_01216,0,non_landslide,70_31,3,70.44700747475802,31.237791111151218,raster-matched control,conventional_alphaearth_embeddings,Conventional + AlphaEarth Embeddings,0.08455001850633019,0.3548426373798784,0
1613,RMC_02_01448,0,non_landslide,77_37,2,77.79747228706601,37.75956007385894,raster-matched control,conventional_alphaearth_embeddings,Conventional + AlphaEarth Embeddings,0.10872351274632808,0.36703707324492457,0
1614,RMC_02_01060,0,non_landslide,65_26,3,65.76004747986443,26.548585328047317,raster-matched control,conventional_alphaearth_embeddings,Conventional + AlphaEarth Embeddings,0.0955183811061752,0.3548426373798784,0
1615,RMC_02_01161,0,non_landslide,74_35,5,74.19522799774673,35.40372824125549,raster-matched control,conventional_alphaearth_embeddings,Conventional + AlphaEarth Embeddings,0.05606089058928705,0.3226873891884655,0
1616,RMC_02_01289,0,non_landslide,73_35,4,73.8718344954637,35.491313981457154,raster-matched control,conventional_alphaearth_embeddings,Conventional + AlphaEarth Embeddings,0.7874962988343989,0.2712461075876357,1
1617,CPEC_ROCKFALL_0014,1,rockfall,75_37,5,75.91999458901361,37.82244294521011,"Kashgar (Xinjiang, China)",conventional_alphaearth_embeddings,Conventional + AlphaEarth Embeddings,0.9722695457690318,0.3226873891884655,1
1618,RMC_02_00280,0,non_landslide,69_28,1,69.12872979531264,28.86399297286538,raster-matched control,conventional_alphaearth_embeddings,Conventional + AlphaEarth Embeddings,0.08572842936972637,0.3491602156256933,0
1619,CPEC_ROCKFALL_0285,1,rockfall,66_27,1,66.2900530674761,27.19537062340418,Balochistan,conventional_alphaearth_embeddings,Conventional + AlphaEarth Embeddings,0.9858756910511046,0.3491602156256933,1
1620,CPEC_ROCKFALL_0912,1,rockfall,75_38,2,75.42592173319076,38.81507897161664,"Kashgar (Xinjiang, China)",conventional_alphaearth_embeddings,Conventional + AlphaEarth Embeddings,0.9770364215042445,0.36703707324492457,1
1621,CPEC_LANDSLIDE_0927,1,landslide,76_35,2,76.13558766584667,35.2016063010473,Gilgit-Baltistan,conventional_alphaearth_embeddings,Conventional + AlphaEarth Embeddings,0.9620234789775697,0.36703707324492457,1
1622,RMC_02_01271,0,non_landslide,76_37,1,76.93508961431127,37.027433117301534,raster-matched control,conventional_alphaearth_embeddings,Conventional + AlphaEarth Embeddings,0.41161679194656364,0.3491602156256933,1
1623,RMC_02_01009,0,non_landslide,77_37,2,77.16191422355145,37.56417649956295,raster-matched control,conventional_alphaearth_embeddings,Conventional + AlphaEarth Embeddings,0.09478614119875636,0.36703707324492457,0
1624,RMC_02_01247,0,non_landslide,70_29,4,70.03827402048364,29.9554460430706,raster-matched control,conventional_alphaearth_embeddings,Conventional + AlphaEarth Embeddings,0.09157928999039472,0.2712461075876357,0
1625,RMC_02_00453,0,non_landslide,74_36,2,74.84875236694369,36.54234286387699,raster-matched control,conventional_alphaearth_embeddings,Conventional + AlphaEarth Embeddings,0.13236393543812083,0.36703707324492457,0
1626,CPEC_ROCKFALL_0437,1,rockfall,70_29,4,70.03153761108777,29.544465190268944,Punjab-Sindh lowland corridor,conventional_alphaearth_embeddings,Conventional + AlphaEarth Embeddings,0.9771210234071456,0.2712461075876357,1
1627,RMC_02_00923,0,non_landslide,77_37,2,77.37301831531954,37.63379593408221,raster-matched control,conventional_alphaearth_embeddings,Conventional + AlphaEarth Embeddings,0.09089988537785831,0.36703707324492457,0
1628,RMC_02_01409,0,non_landslide,76_39,5,76.35567625605418,39.794244192389655,raster-matched control,conventional_alphaearth_embeddings,Conventional + AlphaEarth Embeddings,0.6916978131601283,0.3226873891884655,1
1629,RMC_02_00917,0,non_landslide,75_38,2,75.48431043045825,38.87122523795685,raster-matched control,conventional_alphaearth_embeddings,Conventional + AlphaEarth Embeddings,0.10700113950183797,0.36703707324492457,0
1630,CPEC_LANDSLIDE_0124,1,landslide,74_36,2,74.85324384399776,36.62992771408286,Gilgit-Baltistan,conventional_alphaearth_embeddings,Conventional + AlphaEarth Embeddings,0.7456068272545564,0.36703707324492457,1
1631,CPEC_ROCKFALL_0816,1,rockfall,75_35,1,75.83240892612183,35.3318611019195,Gilgit-Baltistan,conventional_alphaearth_embeddings,Conventional + AlphaEarth Embeddings,0.5876771076824866,0.3491602156256933,1
1632,RMC_02_00242,0,non_landslide,66_27,1,66.72349062208261,27.509782682055203,raster-matched control,conventional_alphaearth_embeddings,Conventional + AlphaEarth Embeddings,0.13024772229584256,0.3491602156256933,0
1633,CPEC_ROCKFALL_0538,1,rockfall,67_29,1,67.92498692782308,29.697180483147367,Balochistan,conventional_alphaearth_embeddings,Conventional + AlphaEarth Embeddings,0.9800044806562035,0.3491602156256933,1
1634,CPEC_LANDSLIDE_0278,1,landslide,73_35,4,73.56640524828697,35.52724553277834,KP-AJK,conventional_alphaearth_embeddings,Conventional + AlphaEarth Embeddings,0.9773367693950356,0.2712461075876357,1
1635,CPEC_LANDSLIDE_0441,1,landslide,74_38,1,74.98799341873183,38.59274819309183,"Kashgar (Xinjiang, China)",conventional_alphaearth_embeddings,Conventional + AlphaEarth Embeddings,0.9889833313186038,0.3491602156256933,1
1636,RMC_02_00528,0,non_landslide,73_35,4,73.43390579445544,35.56991656881761,raster-matched control,conventional_alphaearth_embeddings,Conventional + AlphaEarth Embeddings,0.25217661757723203,0.2712461075876357,0
1637,RMC_02_00723,0,non_landslide,67_30,3,67.6757048232493,30.123880158843008,raster-matched control,conventional_alphaearth_embeddings,Conventional + AlphaEarth Embeddings,0.14226486323594065,0.3548426373798784,0
1638,CPEC_LANDSLIDE_0434,1,landslide,74_38,1,74.99922143518441,38.57253508801655,"Kashgar (Xinjiang, China)",conventional_alphaearth_embeddings,Conventional + AlphaEarth Embeddings,0.9854404054054926,0.3491602156256933,1
1639,CPEC_LANDSLIDE_0545,1,landslide,75_38,2,75.38100520827939,38.81283604378676,"Kashgar (Xinjiang, China)",conventional_alphaearth_embeddings,Conventional + AlphaEarth Embeddings,0.9838550174222581,0.36703707324492457,1
1640,CPEC_LANDSLIDE_0062,1,landslide,75_36,3,75.3338412964371,36.82082183018088,Gilgit-Baltistan,conventional_alphaearth_embeddings,Conventional + AlphaEarth Embeddings,0.5174251367153497,0.3548426373798784,1
1641,RMC_02_00023,0,non_landslide,75_38,2,75.00146596524401,38.55007752388412,raster-matched control,conventional_alphaearth_embeddings,Conventional + AlphaEarth Embeddings,0.10388412116978206,0.36703707324492457,0
1642,RMC_02_00933,0,non_landslide,67_30,3,67.79922317481574,30.43379893186425,raster-matched control,conventional_alphaearth_embeddings,Conventional + AlphaEarth Embeddings,0.03696006331147897,0.3548426373798784,0
1643,RMC_02_00144,0,non_landslide,66_29,5,66.0138215476282,29.08183442926436,raster-matched control,conventional_alphaearth_embeddings,Conventional + AlphaEarth Embeddings,0.12655670466533303,0.3226873891884655,0
1644,RMC_02_00630,0,non_landslide,75_38,2,75.2103242688018,38.7701647684934,raster-matched control,conventional_alphaearth_embeddings,Conventional + AlphaEarth Embeddings,0.14731861718794162,0.36703707324492457,0
1645,RMC_02_00799,0,non_landslide,68_29,2,68.64363954188809,29.33111692060753,raster-matched control,conventional_alphaearth_embeddings,Conventional + AlphaEarth Embeddings,0.3906363373309994,0.36703707324492457,1
1646,RMC_02_01241,0,non_landslide,64_28,1,64.94931793594655,28.572040505526537,raster-matched control,conventional_alphaearth_embeddings,Conventional + AlphaEarth Embeddings,0.4632485704499598,0.3491602156256933,1
1647,RMC_02_00760,0,non_landslide,76_36,4,76.95979328462457,36.88594846005271,raster-matched control,conventional_alphaearth_embeddings,Conventional + AlphaEarth Embeddings,0.08188402589857537,0.2712461075876357,0
1648,RMC_02_00397,0,non_landslide,74_38,1,74.96553335387922,38.66236693439906,raster-matched control,conventional_alphaearth_embeddings,Conventional + AlphaEarth Embeddings,0.10132862219836189,0.3491602156256933,0
1649,RMC_02_01311,0,non_landslide,74_35,5,74.62641933412411,35.522755016401334,raster-matched control,conventional_alphaearth_embeddings,Conventional + AlphaEarth Embeddings,0.03330934605007034,0.3226873891884655,0
1650,RMC_02_00355,0,non_landslide,67_29,1,67.37027762664867,29.775782986246696,raster-matched control,conventional_alphaearth_embeddings,Conventional + AlphaEarth Embeddings,0.17878278653580287,0.3491602156256933,0
1651,RMC_02_00708,0,non_landslide,73_33,5,73.48331313508201,33.98663588055695,raster-matched control,conventional_alphaearth_embeddings,Conventional + AlphaEarth Embeddings,0.07103339352179962,0.3226873891884655,0
1652,CPEC_ROCKFALL_0796,1,rockfall,76_35,2,76.11313163294152,35.194868599355544,Gilgit-Baltistan,conventional_alphaearth_embeddings,Conventional + AlphaEarth Embeddings,0.9104371393993378,0.36703707324492457,1
1653,RMC_02_01430,0,non_landslide,65_27,5,65.50178183568006,27.132490262725,raster-matched control,conventional_alphaearth_embeddings,Conventional + AlphaEarth Embeddings,0.14855094303946306,0.3226873891884655,0
1654,CPEC_LANDSLIDE_0708,1,landslide,66_25,2,66.9166281111021,25.149459255365304,Balochistan,conventional_alphaearth_embeddings,Conventional + AlphaEarth Embeddings,0.8977624407994601,0.36703707324492457,1
1655,CPEC_LANDSLIDE_0772,1,landslide,72_34,1,72.8118227907197,34.03604187668707,KP-AJK,conventional_alphaearth_embeddings,Conventional + AlphaEarth Embeddings,0.6928097983440694,0.3491602156256933,1
1656,RMC_02_01086,0,non_landslide,63_26,1,63.30989254242843,26.752952055184505,raster-matched control,conventional_alphaearth_embeddings,Conventional + AlphaEarth Embeddings,0.19188854086530527,0.3491602156256933,0
1657,RMC_02_00315,0,non_landslide,68_29,2,68.49092594358777,29.03242708863779,raster-matched control,conventional_alphaearth_embeddings,Conventional + AlphaEarth Embeddings,0.091836947105225,0.36703707324492457,0
1658,CPEC_ROCKFALL_0369,1,rockfall,66_27,1,66.91213779634127,27.925254120236417,Balochistan,conventional_alphaearth_embeddings,Conventional + AlphaEarth Embeddings,0.9523740503827854,0.3491602156256933,1
1659,CPEC_ROCKFALL_0415,1,rockfall,70_29,4,70.02255252246509,29.513024068741107,Punjab-Sindh lowland corridor,conventional_alphaearth_embeddings,Conventional + AlphaEarth Embeddings,0.8865929421576864,0.2712461075876357,1
1660,RMC_02_00517,0,non_landslide,74_36,2,74.29628846721018,36.06623576329365,raster-matched control,conventional_alphaearth_embeddings,Conventional + AlphaEarth Embeddings,0.06129333742133071,0.36703707324492457,0
1661,CPEC_ROCKFALL_0555,1,rockfall,67_29,1,67.69367106067557,29.58938171518032,Balochistan,conventional_alphaearth_embeddings,Conventional + AlphaEarth Embeddings,0.9598020935043217,0.3491602156256933,1
1662,CPEC_LANDSLIDE_0347,1,landslide,75_37,5,75.19909618080408,37.919009237623534,"Kashgar (Xinjiang, China)",conventional_alphaearth_embeddings,Conventional + AlphaEarth Embeddings,0.9835931766552941,0.3226873891884655,1
1663,RMC_02_00883,0,non_landslide,75_38,2,75.47308148940675,38.81957210911997,raster-matched control,conventional_alphaearth_embeddings,Conventional + AlphaEarth Embeddings,0.21653700806154944,0.36703707324492457,0
1664,CPEC_ROCKFALL_0092,1,rockfall,65_27,5,65.72636026690579,27.278465971535148,Balochistan,conventional_alphaearth_embeddings,Conventional + AlphaEarth Embeddings,0.9868646700669901,0.3226873891884655,1
1665,RMC_02_00496,0,non_landslide,74_36,2,74.4422647008796,36.245898820117546,raster-matched control,conventional_alphaearth_embeddings,Conventional + AlphaEarth Embeddings,0.22105843068094344,0.36703707324492457,0
1666,CPEC_LANDSLIDE_1067,1,landslide,74_36,2,74.80383700432557,36.28183244944666,Gilgit-Baltistan,conventional_alphaearth_embeddings,Conventional + AlphaEarth Embeddings,0.09294296147130754,0.36703707324492457,0
1667,RMC_02_00483,0,non_landslide,74_35,5,74.33895844320585,35.491313981457154,raster-matched control,conventional_alphaearth_embeddings,Conventional + AlphaEarth Embeddings,0.2900176599113818,0.3226873891884655,0
1668,RMC_02_01093,0,non_landslide,69_31,2,69.22529868835548,31.651016141846195,raster-matched control,conventional_alphaearth_embeddings,Conventional + AlphaEarth Embeddings,0.11432640982076382,0.36703707324492457,0
1669,RMC_02_00056,0,non_landslide,63_26,1,63.91400957099881,26.564305845519407,raster-matched control,conventional_alphaearth_embeddings,Conventional + AlphaEarth Embeddings,0.16505257245839092,0.3491602156256933,0
1670,CPEC_LANDSLIDE_0111,1,landslide,74_36,2,74.87569987690291,36.79836133817467,Gilgit-Baltistan,conventional_alphaearth_embeddings,Conventional + AlphaEarth Embeddings,0.24516838176083947,0.36703707324492457,0
1671,CPEC_ROCKFALL_0398,1,rockfall,67_25,3,67.88680810460349,25.86361996188309,Punjab-Sindh lowland corridor,conventional_alphaearth_embeddings,Conventional + AlphaEarth Embeddings,0.9819456417044471,0.3548426373798784,1
1672,CPEC_LANDSLIDE_0517,1,landslide,75_38,2,75.25299333523708,38.7679195188754,"Kashgar (Xinjiang, China)",conventional_alphaearth_embeddings,Conventional + AlphaEarth Embeddings,0.9867570195296543,0.36703707324492457,1
1673,RMC_02_00608,0,non_landslide,74_35,5,74.60396145202111,35.502542922508646,raster-matched control,conventional_alphaearth_embeddings,Conventional + AlphaEarth Embeddings,0.1285806050104725,0.3226873891884655,0
1674,RMC_02_00615,0,non_landslide,75_38,2,75.39672469025659,38.80385159164789,raster-matched control,conventional_alphaearth_embeddings,Conventional + AlphaEarth Embeddings,0.11215217499399334,0.36703707324492457,0
1675,RMC_02_00124,0,non_landslide,74_39,3,74.93184653072474,39.533732759995,raster-matched control,conventional_alphaearth_embeddings,Conventional + AlphaEarth Embeddings,0.0767794141199017,0.3548426373798784,0
1676,CPEC_LANDSLIDE_0883,1,landslide,73_34,2,73.48106697232612,34.39985993163772,KP-AJK,conventional_alphaearth_embeddings,Conventional + AlphaEarth Embeddings,0.9378875238211042,0.36703707324492457,1
1677,CPEC_ROCKFALL_0377,1,rockfall,66_27,1,66.98400066891861,27.94097245144981,Balochistan,conventional_alphaearth_embeddings,Conventional + AlphaEarth Embeddings,0.972587414934362,0.3491602156256933,1
1678,RMC_02_00491,0,non_landslide,74_36,2,74.59497829917991,36.27958564327203,raster-matched control,conventional_alphaearth_embeddings,Conventional + AlphaEarth Embeddings,0.1355221140555623,0.36703707324492457,0
1679,CPEC_LANDSLIDE_0006,1,landslide,73_35,4,73.20932489502808,35.293686737800954,KP-AJK,conventional_alphaearth_embeddings,Conventional + AlphaEarth Embeddings,0.9865408375199878,0.2712461075876357,1
1680,CPEC_ROCKFALL_0953,1,rockfall,75_38,2,75.49329429100727,38.9453382315899,"Kashgar (Xinjiang, China)",conventional_alphaearth_embeddings,Conventional + AlphaEarth Embeddings,0.6788070852986966,0.36703707324492457,1
1681,RMC_02_00019,0,non_landslide,74_39,3,74.12785435143778,39.79873576881025,raster-matched control,conventional_alphaearth_embeddings,Conventional + AlphaEarth Embeddings,0.05711298662693957,0.3548426373798784,0
1682,RMC_02_00769,0,non_landslide,73_35,4,73.47882155866141,35.684451767542846,raster-matched control,conventional_alphaearth_embeddings,Conventional + AlphaEarth Embeddings,0.13776800515642096,0.2712461075876357,0
1683,CPEC_LANDSLIDE_0264,1,landslide,73_35,4,73.8718358340438,35.48008608003709,Gilgit-Baltistan,conventional_alphaearth_embeddings,Conventional + AlphaEarth Embeddings,0.9733593201273282,0.2712461075876357,1
1684,CPEC_ROCKFALL_0407,1,rockfall,67_26,5,67.15468167994136,26.934861021659763,Balochistan,conventional_alphaearth_embeddings,Conventional + AlphaEarth Embeddings,0.9689135903507623,0.3226873891884655,1
1685,CPEC_LANDSLIDE_1008,1,landslide,75_35,1,75.98736714683012,35.19936337321741,Gilgit-Baltistan,conventional_alphaearth_embeddings,Conventional + AlphaEarth Embeddings,0.9399259373189729,0.3491602156256933,1
1686,RMC_02_01397,0,non_landslide,76_37,1,76.82280020379633,37.2856987614859,raster-matched control,conventional_alphaearth_embeddings,Conventional + AlphaEarth Embeddings,0.10615817781668056,0.3491602156256933,0
1687,RMC_02_00940,0,non_landslide,77_40,3,77.2539915401737,40.82056940449621,raster-matched control,conventional_alphaearth_embeddings,Conventional + AlphaEarth Embeddings,0.07113776022518939,0.3548426373798784,0
1688,RMC_02_00342,0,non_landslide,71_34,5,71.28468647719949,34.29880044178849,raster-matched control,conventional_alphaearth_embeddings,Conventional + AlphaEarth Embeddings,0.05693087013971316,0.3226873891884655,0
1689,RMC_02_01197,0,non_landslide,67_26,5,67.35680289738687,26.17353869692741,raster-matched control,conventional_alphaearth_embeddings,Conventional + AlphaEarth Embeddings,0.20789380337021943,0.3226873891884655,0
1690,RMC_02_01392,0,non_landslide,75_39,4,75.7448218628529,39.30241657433422,raster-matched control,conventional_alphaearth_embeddings,Conventional + AlphaEarth Embeddings,0.09414090407842371,0.2712461075876357,0
1691,RMC_02_00094,0,non_landslide,74_35,5,74.65786036906829,35.5811455098691,raster-matched control,conventional_alphaearth_embeddings,Conventional + AlphaEarth Embeddings,0.5043613552721701,0.3226873891884655,1
1692,RMC_02_00858,0,non_landslide,73_35,4,73.90776710682849,35.53173816924253,raster-matched control,conventional_alphaearth_embeddings,Conventional + AlphaEarth Embeddings,0.12081187782030045,0.2712461075876357,0
1693,RMC_02_00162,0,non_landslide,78_39,2,78.71824545328852,39.06436302404255,raster-matched control,conventional_alphaearth_embeddings,Conventional + AlphaEarth Embeddings,0.1124889526846819,0.36703707324492457,0
1694,RMC_02_00572,0,non_landslide,75_39,4,75.49553937150974,39.99861091952685,raster-matched control,conventional_alphaearth_embeddings,Conventional + AlphaEarth Embeddings,0.11842401313355694,0.2712461075876357,0
1695,RMC_02_01425,0,non_landslide,65_26,3,65.33110193169735,26.784393090128688,raster-matched control,conventional_alphaearth_embeddings,Conventional + AlphaEarth Embeddings,0.16025862416667158,0.3548426373798784,0
1696,CPEC_ROCKFALL_0623,1,rockfall,67_30,3,67.20857883437435,30.272101300170256,Balochistan,conventional_alphaearth_embeddings,Conventional + AlphaEarth Embeddings,0.47025073732316947,0.3548426373798784,1
1697,RMC_02_00268,0,non_landslide,69_28,1,69.26572287614086,28.709033586354764,raster-matched control,conventional_alphaearth_embeddings,Conventional + AlphaEarth Embeddings,0.09781606080305295,0.3491602156256933,0
1698,RMC_02_00524,0,non_landslide,74_36,2,74.32099213752346,36.23466987906605,raster-matched control,conventional_alphaearth_embeddings,Conventional + AlphaEarth Embeddings,0.07506943927471359,0.36703707324492457,0
1699,CPEC_LANDSLIDE_0500,1,landslide,75_38,2,75.17663568879786,38.736478397347554,"Kashgar (Xinjiang, China)",conventional_alphaearth_embeddings,Conventional + AlphaEarth Embeddings,0.3949587164134283,0.36703707324492457,1
1700,RMC_02_00461,0,non_landslide,74_36,2,74.65561458085799,36.29530616074412,raster-matched control,conventional_alphaearth_embeddings,Conventional + AlphaEarth Embeddings,0.12185468409107529,0.36703707324492457,0
1701,CPEC_ROCKFALL_0824,1,rockfall,75_35,1,75.99185746159095,35.19936337321741,Gilgit-Baltistan,conventional_alphaearth_embeddings,Conventional + AlphaEarth Embeddings,0.9823603262568936,0.3491602156256933,1
1702,CPEC_LANDSLIDE_0084,1,landslide,75_36,3,75.06210367824012,36.84327786308605,Gilgit-Baltistan,conventional_alphaearth_embeddings,Conventional + AlphaEarth Embeddings,0.979638560970486,0.3548426373798784,1
1703,CPEC_LANDSLIDE_0916,1,landslide,76_35,2,76.16253847261369,35.192625671525654,Gilgit-Baltistan,conventional_alphaearth_embeddings,Conventional + AlphaEarth Embeddings,0.4090185487068053,0.36703707324492457,1
1704,CPEC_LANDSLIDE_0208,1,landslide,74_35,5,74.35468067341408,35.985386952312524,Gilgit-Baltistan,conventional_alphaearth_embeddings,Conventional + AlphaEarth Embeddings,0.9452749644550739,0.3226873891884655,1
1705,CPEC_LANDSLIDE_0309,1,landslide,72_35,3,72.88593305022796,35.02868236219467,KP-AJK,conventional_alphaearth_embeddings,Conventional + AlphaEarth Embeddings,0.9826749328765528,0.3548426373798784,1
1706,CPEC_ROCKFALL_0595,1,rockfall,67_29,1,67.1704044702558,29.93523405198663,Balochistan,conventional_alphaearth_embeddings,Conventional + AlphaEarth Embeddings,0.9787427144939154,0.3491602156256933,1
1707,CPEC_LANDSLIDE_0198,1,landslide,74_36,2,74.29853613205015,36.191999399623946,Gilgit-Baltistan,conventional_alphaearth_embeddings,Conventional + AlphaEarth Embeddings,0.9721774485745771,0.36703707324492457,1
1708,RMC_02_00828,0,non_landslide,65_26,3,65.96890578342222,26.49693219921044,raster-matched control,conventional_alphaearth_embeddings,Conventional + AlphaEarth Embeddings,0.0902357450360104,0.3548426373798784,0
1709,RMC_02_01294,0,non_landslide,73_35,4,73.72361247358398,35.495805557877745,raster-matched control,conventional_alphaearth_embeddings,Conventional + AlphaEarth Embeddings,0.9510583647956545,0.2712461075876357,1
1710,RMC_02_01011,0,non_landslide,75_39,4,75.43939466625227,39.87733835617071,raster-matched control,conventional_alphaearth_embeddings,Conventional + AlphaEarth Embeddings,0.07745929113311155,0.2712461075876357,0
1711,RMC_02_00609,0,non_landslide,74_36,2,74.49167204150618,36.23466987906605,raster-matched control,conventional_alphaearth_embeddings,Conventional + AlphaEarth Embeddings,0.26028577969507727,0.36703707324492457,0
1712,CPEC_ROCKFALL_0698,1,rockfall,72_32,2,72.45474243746081,32.59424506026799,Punjab-Sindh lowland corridor,conventional_alphaearth_embeddings,Conventional + AlphaEarth Embeddings,0.9839646780503282,0.36703707324492457,1
1713,CPEC_ROCKFALL_0387,1,rockfall,66_27,1,66.93459382924642,27.6804628497054,Balochistan,conventional_alphaearth_embeddings,Conventional + AlphaEarth Embeddings,0.9838422763273089,0.3491602156256933,1
1714,RMC_02_00225,0,non_landslide,66_27,1,66.33047768528033,27.725378350243886,raster-matched control,conventional_alphaearth_embeddings,Conventional + AlphaEarth Embeddings,0.1106292107328122,0.3491602156256933,0
1715,CPEC_LANDSLIDE_0666,1,landslide,66_26,4,66.16877889612553,26.16006545901723,Balochistan,conventional_alphaearth_embeddings,Conventional + AlphaEarth Embeddings,0.9739627527336608,0.2712461075876357,1
1716,CPEC_LANDSLIDE_0861,1,landslide,73_34,2,73.44064522127664,34.411087948090305,KP-AJK,conventional_alphaearth_embeddings,Conventional + AlphaEarth Embeddings,0.23217106740383425,0.36703707324492457,0
1717,CPEC_LANDSLIDE_0103,1,landslide,74_36,2,74.95879522503387,36.80509903986644,Gilgit-Baltistan,conventional_alphaearth_embeddings,Conventional + AlphaEarth Embeddings,0.9839044592942201,0.36703707324492457,1
1718,RMC_02_00118,0,non_landslide,67_28,4,67.09853725320251,28.628185210784004,raster-matched control,conventional_alphaearth_embeddings,Conventional + AlphaEarth Embeddings,0.0887342680057843,0.2712461075876357,0
1719,CPEC_ROCKFALL_0716,1,rockfall,71_33,3,71.8820645482678,33.827186501545775,KP-AJK,conventional_alphaearth_embeddings,Conventional + AlphaEarth Embeddings,0.9679979712794808,0.3548426373798784,1
1720,RMC_02_00936,0,non_landslide,75_39,4,75.26197739763866,39.960432519951766,raster-matched control,conventional_alphaearth_embeddings,Conventional + AlphaEarth Embeddings,0.08041025623925915,0.2712461075876357,0
1721,RMC_02_00187,0,non_landslide,66_29,5,66.20695933371388,29.5736620473198,raster-matched control,conventional_alphaearth_embeddings,Conventional + AlphaEarth Embeddings,0.1818285888117244,0.3226873891884655,0
1722,RMC_02_01194,0,non_landslide,65_26,3,65.55792654093753,26.319514930596835,raster-matched control,conventional_alphaearth_embeddings,Conventional + AlphaEarth Embeddings,0.4920084100024638,0.3548426373798784,1
1723,CPEC_ROCKFALL_0794,1,rockfall,76_35,2,76.14008243970854,35.19936337321741,Gilgit-Baltistan,conventional_alphaearth_embeddings,Conventional + AlphaEarth Embeddings,0.9603799675271811,0.36703707324492457,1
1724,CPEC_ROCKFALL_0212,1,rockfall,65_26,3,65.6769534272336,26.27684485650592,Balochistan,conventional_alphaearth_embeddings,Conventional + AlphaEarth Embeddings,0.9815464221852048,0.3548426373798784,1
1725,RMC_02_00097,0,non_landslide,73_36,1,73.84039346051952,36.3492050777913,raster-matched control,conventional_alphaearth_embeddings,Conventional + AlphaEarth Embeddings,0.113563063063843,0.3491602156256933,0
1726,RMC_02_01383,0,non_landslide,74_35,5,74.6286651223344,35.54745868671462,raster-matched control,conventional_alphaearth_embeddings,Conventional + AlphaEarth Embeddings,0.0343701243345343,0.3226873891884655,0
1727,CPEC_LANDSLIDE_0402,1,landslide,75_38,2,75.01718715332875,38.54558428124953,"Kashgar (Xinjiang, China)",conventional_alphaearth_embeddings,Conventional + AlphaEarth Embeddings,0.9888930375599908,0.36703707324492457,1
1728,RMC_02_00636,0,non_landslide,75_38,2,75.45286939551406,38.80609737985819,raster-matched control,conventional_alphaearth_embeddings,Conventional + AlphaEarth Embeddings,0.10491552002712988,0.36703707324492457,0
1729,RMC_02_00430,0,non_landslide,74_36,2,74.83976921410249,36.76916747311717,raster-matched control,conventional_alphaearth_embeddings,Conventional + AlphaEarth Embeddings,0.27114682980721266,0.36703707324492457,0
1730,CPEC_ROCKFALL_0531,1,rockfall,67_29,1,67.91151152443956,29.68819539452467,Balochistan,conventional_alphaearth_embeddings,Conventional + AlphaEarth Embeddings,0.9865885741090896,0.3491602156256933,1
1731,CPEC_LANDSLIDE_0087,1,landslide,75_36,3,75.04413796009577,36.885947001066455,Gilgit-Baltistan,conventional_alphaearth_embeddings,Conventional + AlphaEarth Embeddings,0.9237803887335084,0.3548426373798784,1
1732,RMC_02_01446,0,non_landslide,65_25,1,65.2412704032854,25.594125338670324,raster-matched control,conventional_alphaearth_embeddings,Conventional + AlphaEarth Embeddings,0.26073844827392656,0.3491602156256933,0
1733,CPEC_LANDSLIDE_0176,1,landslide,74_36,2,74.48493547428629,36.24814394098788,Gilgit-Baltistan,conventional_alphaearth_embeddings,Conventional + AlphaEarth Embeddings,0.6802231456217624,0.36703707324492457,1
1734,CPEC_LANDSLIDE_0491,1,landslide,75_38,2,75.09129741283702,38.75444411549189,"Kashgar (Xinjiang, China)",conventional_alphaearth_embeddings,Conventional + AlphaEarth Embeddings,0.973695240210541,0.36703707324492457,1
1735,CPEC_LANDSLIDE_0019,1,landslide,74_39,3,74.55006064517187,39.430425998790064,"Kashgar (Xinjiang, China)",conventional_alphaearth_embeddings,Conventional + AlphaEarth Embeddings,0.7670089676092817,0.3548426373798784,1
1736,RMC_02_00010,0,non_landslide,75_38,2,75.04413594123969,38.45350863084127,raster-matched control,conventional_alphaearth_embeddings,Conventional + AlphaEarth Embeddings,0.08463093145047264,0.36703707324492457,0
1737,RMC_02_00681,0,non_landslide,73_34,2,73.38449845382887,34.15057841990876,raster-matched control,conventional_alphaearth_embeddings,Conventional + AlphaEarth Embeddings,0.1325340933844146,0.36703707324492457,0
1738,CPEC_LANDSLIDE_0519,1,landslide,75_38,2,75.23278023016181,38.77465722056715,"Kashgar (Xinjiang, China)",conventional_alphaearth_embeddings,Conventional + AlphaEarth Embeddings,0.9807640026776389,0.36703707324492457,1
1739,RMC_02_00043,0,non_landslide,68_30,4,68.65037690651899,30.20023695799317,raster-matched control,conventional_alphaearth_embeddings,Conventional + AlphaEarth Embeddings,0.06833128076713642,0.2712461075876357,0
1740,RMC_02_00143,0,non_landslide,75_37,5,75.41918257235957,37.8471458140606,raster-matched control,conventional_alphaearth_embeddings,Conventional + AlphaEarth Embeddings,0.9411720109891349,0.3226873891884655,1
1741,CPEC_ROCKFALL_0628,1,rockfall,67_30,3,67.19959820485273,30.27883900186201,Balochistan,conventional_alphaearth_embeddings,Conventional + AlphaEarth Embeddings,0.8599045667709841,0.3548426373798784,1
1742,RMC_02_00180,0,non_landslide,65_27,5,65.89254898427205,27.397493271540263,raster-matched control,conventional_alphaearth_embeddings,Conventional + AlphaEarth Embeddings,0.12224447009425521,0.3226873891884655,0
1743,CPEC_LANDSLIDE_1018,1,landslide,74_35,5,74.70052855111935,35.5474586378536,Gilgit-Baltistan,conventional_alphaearth_embeddings,Conventional + AlphaEarth Embeddings,0.9808151022785246,0.3226873891884655,1
1744,RMC_02_00535,0,non_landslide,75_38,2,75.22155320985328,38.09193672898317,raster-matched control,conventional_alphaearth_embeddings,Conventional + AlphaEarth Embeddings,0.10609079903359542,0.36703707324492457,0
1745,CPEC_ROCKFALL_0067,1,rockfall,63_26,1,63.97015223520823,26.33298939786986,Balochistan,conventional_alphaearth_embeddings,Conventional + AlphaEarth Embeddings,0.97900793294501,0.3491602156256933,1
1746,CPEC_LANDSLIDE_0133,1,landslide,74_36,2,74.81281763384722,36.553570067643655,Gilgit-Baltistan,conventional_alphaearth_embeddings,Conventional + AlphaEarth Embeddings,0.6503639841414672,0.36703707324492457,1
1747,CPEC_LANDSLIDE_1082,1,landslide,74_36,2,74.84425875537507,36.223440521151794,Gilgit-Baltistan,conventional_alphaearth_embeddings,Conventional + AlphaEarth Embeddings,0.9718815651660256,0.36703707324492457,1
1748,CPEC_ROCKFALL_0229,1,rockfall,65_26,3,65.77352417874808,26.281335171266733,Balochistan,conventional_alphaearth_embeddings,Conventional + AlphaEarth Embeddings,0.9887582905758511,0.3548426373798784,1
1749,RMC_02_01207,0,non_landslide,64_25,5,64.41931191831604,25.272977624597598,raster-matched control,conventional_alphaearth_embeddings,Conventional + AlphaEarth Embeddings,0.09080424371199293,0.3226873891884655,0
1750,RMC_02_00806,0,non_landslide,68_29,2,68.87944730396947,29.34908322628992,raster-matched control,conventional_alphaearth_embeddings,Conventional + AlphaEarth Embeddings,0.23261573351564827,0.36703707324492457,0
1751,CPEC_ROCKFALL_0096,1,rockfall,65_27,5,65.73309796859755,27.282956286295967,Balochistan,conventional_alphaearth_embeddings,Conventional + AlphaEarth Embeddings,0.9746752585160382,0.3226873891884655,1
1752,RMC_02_00339,0,non_landslide,66_26,4,66.14183147561522,26.699053138137334,raster-matched control,conventional_alphaearth_embeddings,Conventional + AlphaEarth Embeddings,0.4302528462762482,0.2712461075876357,1
1753,CPEC_ROCKFALL_0111,1,rockfall,65_27,5,65.81394592979757,27.45139436948883,Balochistan,conventional_alphaearth_embeddings,Conventional + AlphaEarth Embeddings,0.9851546743119391,0.3226873891884655,1
1754,CPEC_LANDSLIDE_1053,1,landslide,73_34,2,73.36428757483743,34.494183296221266,KP-AJK,conventional_alphaearth_embeddings,Conventional + AlphaEarth Embeddings,0.1937625729222817,0.36703707324492457,0
1755,CPEC_ROCKFALL_0469,1,rockfall,69_29,3,69.16466161169157,29.077343141213124,Balochistan,conventional_alphaearth_embeddings,Conventional + AlphaEarth Embeddings,0.14484145922911934,0.3548426373798784,0
1756,CPEC_ROCKFALL_0585,1,rockfall,67_29,1,67.49154892812498,29.4681120029308,Balochistan,conventional_alphaearth_embeddings,Conventional + AlphaEarth Embeddings,0.9716040548433583,0.3491602156256933,1
1757,RMC_02_00590,0,non_landslide,75_38,2,75.39447890204629,38.79711422701699,raster-matched control,conventional_alphaearth_embeddings,Conventional + AlphaEarth Embeddings,0.09921870832169646,0.36703707324492457,0
1758,RMC_02_00931,0,non_landslide,72_36,5,72.91512871787641,36.346959289580994,raster-matched control,conventional_alphaearth_embeddings,Conventional + AlphaEarth Embeddings,0.973802512777736,0.3226873891884655,1
1759,CPEC_LANDSLIDE_0174,1,landslide,74_36,2,74.49616349073887,36.24814394098788,Gilgit-Baltistan,conventional_alphaearth_embeddings,Conventional + AlphaEarth Embeddings,0.7078152005374786,0.36703707324492457,1
1760,RMC_02_01458,0,non_landslide,64_27,4,64.94033478310536,27.559190022681776,raster-matched control,conventional_alphaearth_embeddings,Conventional + AlphaEarth Embeddings,0.11786035640857993,0.2712461075876357,0
1761,RMC_02_00080,0,non_landslide,72_34,1,72.80283930736147,34.02256849192173,raster-matched control,conventional_alphaearth_embeddings,Conventional + AlphaEarth Embeddings,0.1110796688412491,0.3491602156256933,0
1762,RMC_02_01483,0,non_landslide,75_39,4,75.9402054371489,39.59661482988336,raster-matched control,conventional_alphaearth_embeddings,Conventional + AlphaEarth Embeddings,0.0775630094645265,0.2712461075876357,0
1763,CPEC_ROCKFALL_0815,1,rockfall,75_35,1,75.83240892612183,35.3318611019195,Gilgit-Baltistan,conventional_alphaearth_embeddings,Conventional + AlphaEarth Embeddings,0.5876771076824866,0.3491602156256933,1
1764,CPEC_LANDSLIDE_1025,1,landslide,74_35,5,74.83752551278435,35.39923811883707,Gilgit-Baltistan,conventional_alphaearth_embeddings,Conventional + AlphaEarth Embeddings,0.9805156568253409,0.3226873891884655,1
1765,RMC_02_00200,0,non_landslide,67_29,1,67.28718346286762,29.87684345571014,raster-matched control,conventional_alphaearth_embeddings,Conventional + AlphaEarth Embeddings,0.11768929407950857,0.3491602156256933,0
1766,RMC_02_01362,0,non_landslide,68_30,4,68.8098278694502,30.379900014817075,raster-matched control,conventional_alphaearth_embeddings,Conventional + AlphaEarth Embeddings,0.16739261085426857,0.2712461075876357,0
1767,RMC_02_00779,0,non_landslide,62_25,3,62.22517683685411,25.549209574464346,raster-matched control,conventional_alphaearth_embeddings,Conventional + AlphaEarth Embeddings,0.12683065410307143,0.3548426373798784,0
1768,CPEC_LANDSLIDE_0232,1,landslide,74_35,5,74.57925883886983,35.78326481976193,Gilgit-Baltistan,conventional_alphaearth_embeddings,Conventional + AlphaEarth Embeddings,0.9791433997232715,0.3226873891884655,1
1769,CPEC_LANDSLIDE_0155,1,landslide,74_36,2,74.74993984989257,36.304288482351815,Gilgit-Baltistan,conventional_alphaearth_embeddings,Conventional + AlphaEarth Embeddings,0.9776348296965801,0.36703707324492457,1
1770,CPEC_ROCKFALL_0235,1,rockfall,66_26,4,66.18674907337092,26.18925919361413,Balochistan,conventional_alphaearth_embeddings,Conventional + AlphaEarth Embeddings,0.13232196554878906,0.2712461075876357,0
1771,RMC_02_00119,0,non_landslide,76_37,1,76.62067926486944,37.75956007385894,raster-matched control,conventional_alphaearth_embeddings,Conventional + AlphaEarth Embeddings,0.11716231583090844,0.3491602156256933,0
1772,RMC_02_00288,0,non_landslide,69_29,3,69.82043256408465,29.17615753409692,raster-matched control,conventional_alphaearth_embeddings,Conventional + AlphaEarth Embeddings,0.16043271463227146,0.3548426373798784,0
1773,RMC_02_01278,0,non_landslide,75_38,2,75.5539298649775,38.985760436682085,raster-matched control,conventional_alphaearth_embeddings,Conventional + AlphaEarth Embeddings,0.18866967938523613,0.36703707324492457,0
1774,RMC_02_00930,0,non_landslide,71_35,2,71.76753094241373,35.572162357027906,raster-matched control,conventional_alphaearth_embeddings,Conventional + AlphaEarth Embeddings,0.08485659814483193,0.36703707324492457,0
1775,CPEC_ROCKFALL_0880,1,rockfall,75_38,2,75.04189057316484,38.42880488376084,"Kashgar (Xinjiang, China)",conventional_alphaearth_embeddings,Conventional + AlphaEarth Embeddings,0.7235422898117374,0.36703707324492457,1
1776,CPEC_LANDSLIDE_0514,1,landslide,75_38,2,75.19909618080408,38.77240983363622,"Kashgar (Xinjiang, China)",conventional_alphaearth_embeddings,Conventional + AlphaEarth Embeddings,0.9850354663285159,0.36703707324492457,1
1777,CPEC_ROCKFALL_0881,1,rockfall,75_38,2,75.04413796009577,38.43778997238354,"Kashgar (Xinjiang, China)",conventional_alphaearth_embeddings,Conventional + AlphaEarth Embeddings,0.9273629098331777,0.36703707324492457,1
1778,CPEC_LANDSLIDE_0850,1,landslide,73_34,2,73.44737846386734,34.39985993163772,KP-AJK,conventional_alphaearth_embeddings,Conventional + AlphaEarth Embeddings,0.9481396513601883,0.36703707324492457,1
1779,CPEC_LANDSLIDE_0982,1,landslide,75_35,1,75.85037464426617,35.313895383775176,Gilgit-Baltistan,conventional_alphaearth_embeddings,Conventional + AlphaEarth Embeddings,0.7918742134678234,0.3491602156256933,1
1780,RMC_02_00861,0,non_landslide,75_38,2,75.04189015302939,38.44452547800008,raster-matched control,conventional_alphaearth_embeddings,Conventional + AlphaEarth Embeddings,0.07588185534178093,0.36703707324492457,0
1781,CPEC_LANDSLIDE_0700,1,landslide,66_27,1,66.56179514477414,27.597367501574432,Balochistan,conventional_alphaearth_embeddings,Conventional + AlphaEarth Embeddings,0.9656061094136074,0.3491602156256933,1
1782,CPEC_LANDSLIDE_0140,1,landslide,74_36,2,74.88693235245654,36.470479178613736,Gilgit-Baltistan,conventional_alphaearth_embeddings,Conventional + AlphaEarth Embeddings,0.8982409225658289,0.36703707324492457,1
1783,RMC_02_00547,0,non_landslide,74_35,5,74.04026861123612,35.13647944422994,raster-matched control,conventional_alphaearth_embeddings,Conventional + AlphaEarth Embeddings,0.21986256284384947,0.3226873891884655,0
1784,RMC_02_00575,0,non_landslide,75_38,2,75.2058326923812,38.7769021331243,raster-matched control,conventional_alphaearth_embeddings,Conventional + AlphaEarth Embeddings,0.13404502976597524,0.36703707324492457,0
1785,CPEC_LANDSLIDE_0561,1,landslide,75_38,2,75.43041204795159,38.81507897161664,"Kashgar (Xinjiang, China)",conventional_alphaearth_embeddings,Conventional + AlphaEarth Embeddings,0.9820135629115704,0.36703707324492457,1
1786,CPEC_LANDSLIDE_0572,1,landslide,75_38,2,75.47757150069282,38.98351259570845,"Kashgar (Xinjiang, China)",conventional_alphaearth_embeddings,Conventional + AlphaEarth Embeddings,0.27077164375461993,0.36703707324492457,0
1787,RMC_02_00881,0,non_landslide,74_35,5,74.37713684278094,35.93148847067572,raster-matched control,conventional_alphaearth_embeddings,Conventional + AlphaEarth Embeddings,0.10313401929363307,0.3226873891884655,0
1788,RMC_02_00372,0,non_landslide,74_36,2,74.10988804575538,36.07746470434514,raster-matched control,conventional_alphaearth_embeddings,Conventional + AlphaEarth Embeddings,0.07780148795989973,0.36703707324492457,0
1789,CPEC_LANDSLIDE_0270,1,landslide,73_35,4,73.66971370149321,35.5182649032567,KP-AJK,conventional_alphaearth_embeddings,Conventional + AlphaEarth Embeddings,0.9128458606887692,0.2712461075876357,1
1790,CPEC_ROCKFALL_0803,1,rockfall,75_35,1,75.19460586604325,35.590127775834034,Gilgit-Baltistan,conventional_alphaearth_embeddings,Conventional + AlphaEarth Embeddings,0.9630841717361915,0.3491602156256933,1
1791,CPEC_LANDSLIDE_0999,1,landslide,75_35,1,75.91549981515173,35.226309720883386,Gilgit-Baltistan,conventional_alphaearth_embeddings,Conventional + AlphaEarth Embeddings,0.6837020016910051,0.3491602156256933,1
1792,CPEC_LANDSLIDE_0060,1,landslide,75_36,3,75.34731669982061,36.82306475801076,Gilgit-Baltistan,conventional_alphaearth_embeddings,Conventional + AlphaEarth Embeddings,0.9672710308853466,0.3548426373798784,1
1793,RMC_02_01364,0,non_landslide,65_27,5,65.84314164364548,27.5187658348964,raster-matched control,conventional_alphaearth_embeddings,Conventional + AlphaEarth Embeddings,0.1413125768052828,0.3226873891884655,0
1794,CPEC_ROCKFALL_0526,1,rockfall,67_29,1,67.90926859660968,29.676967378072103,Balochistan,conventional_alphaearth_embeddings,Conventional + AlphaEarth Embeddings,0.975205209094958,0.3491602156256933,1
1795,RMC_02_01387,0,non_landslide,74_35,5,74.64887721622709,35.82144484837107,raster-matched control,conventional_alphaearth_embeddings,Conventional + AlphaEarth Embeddings,0.41512173494638066,0.3226873891884655,1
1796,RMC_02_01281,0,non_landslide,74_35,5,74.53434201750186,35.45762715830267,raster-matched control,conventional_alphaearth_embeddings,Conventional + AlphaEarth Embeddings,0.6963522012144965,0.3226873891884655,1
1797,CPEC_ROCKFALL_0478,1,rockfall,68_29,2,68.71325789384913,29.41196746156686,Balochistan,conventional_alphaearth_embeddings,Conventional + AlphaEarth Embeddings,0.9669095002289694,0.36703707324492457,1
1798,CPEC_ROCKFALL_0497,1,rockfall,68_29,2,68.52461116468206,29.322134411744138,Balochistan,conventional_alphaearth_embeddings,Conventional + AlphaEarth Embeddings,0.9751364774604758,0.36703707324492457,1
1799,RMC_02_01359,0,non_landslide,65_29,4,65.91725265458534,29.37154110839291,raster-matched control,conventional_alphaearth_embeddings,Conventional + AlphaEarth Embeddings,0.08778636226817843,0.2712461075876357,0
1800,CPEC_ROCKFALL_0338,1,rockfall,66_26,4,66.46073407849886,26.29481057465025,Balochistan,conventional_alphaearth_embeddings,Conventional + AlphaEarth Embeddings,0.9759640936653889,0.2712461075876357,1
1801,CPEC_ROCKFALL_0956,1,rockfall,75_38,2,75.50901262222067,38.95431886111155,"Kashgar (Xinjiang, China)",conventional_alphaearth_embeddings,Conventional + AlphaEarth Embeddings,0.9477354505866405,0.36703707324492457,1
1802,CPEC_ROCKFALL_0081,1,rockfall,65_28,2,65.95093843236154,28.147584898761227,Balochistan,conventional_alphaearth_embeddings,Conventional + AlphaEarth Embeddings,0.907401110573391,0.36703707324492457,1
1803,CPEC_LANDSLIDE_0873,1,landslide,73_34,2,73.4922949887787,34.37066619704081,KP-AJK,conventional_alphaearth_embeddings,Conventional + AlphaEarth Embeddings,0.5816249859580662,0.36703707324492457,1
1804,CPEC_ROCKFALL_0855,1,rockfall,74_35,5,74.21319339698825,35.40372843359789,Gilgit-Baltistan,conventional_alphaearth_embeddings,Conventional + AlphaEarth Embeddings,0.985216947777524,0.3226873891884655,1
1805,CPEC_LANDSLIDE_0151,1,landslide,74_36,2,74.78587128618125,36.299798167591,Gilgit-Baltistan,conventional_alphaearth_embeddings,Conventional + AlphaEarth Embeddings,0.986989470411769,0.36703707324492457,1
1806,CPEC_LANDSLIDE_0715,1,landslide,67_29,1,67.93172462951483,29.706165571770057,Balochistan,conventional_alphaearth_embeddings,Conventional + AlphaEarth Embeddings,0.9841618528224547,0.3491602156256933,1
1807,RMC_02_00037,0,non_landslide,74_38,1,74.62641933412411,38.92736994321432,raster-matched control,conventional_alphaearth_embeddings,Conventional + AlphaEarth Embeddings,0.11650782622992935,0.3491602156256933,0
1808,CPEC_LANDSLIDE_0635,1,landslide,63_26,1,63.98362763859175,26.26561684005334,Balochistan,conventional_alphaearth_embeddings,Conventional + AlphaEarth Embeddings,0.6343595271880952,0.3491602156256933,1
1809,RMC_02_01377,0,non_landslide,70_32,5,70.37738804023877,32.933361209926815,raster-matched control,conventional_alphaearth_embeddings,Conventional + AlphaEarth Embeddings,0.08749480464677245,0.3226873891884655,0
1810,RMC_02_00500,0,non_landslide,74_36,2,74.32548371394407,36.23691566727635,raster-matched control,conventional_alphaearth_embeddings,Conventional + AlphaEarth Embeddings,0.0731105628101568,0.36703707324492457,0
1811,RMC_02_00299,0,non_landslide,65_27,5,65.50851920031096,27.008971911158568,raster-matched control,conventional_alphaearth_embeddings,Conventional + AlphaEarth Embeddings,0.07922252561446264,0.3226873891884655,0
1812,RMC_02_00835,0,non_landslide,69_31,2,69.5621669199003,31.994621738021912,raster-matched control,conventional_alphaearth_embeddings,Conventional + AlphaEarth Embeddings,0.1356790187602418,0.36703707324492457,0
1813,CPEC_ROCKFALL_0849,1,rockfall,74_35,5,74.6151902751585,35.7495807704042,Gilgit-Baltistan,conventional_alphaearth_embeddings,Conventional + AlphaEarth Embeddings,0.9803785514647173,0.3226873891884655,1
1814,RMC_02_01193,0,non_landslide,63_27,3,63.5569292455613,27.359314871965186,raster-matched control,conventional_alphaearth_embeddings,Conventional + AlphaEarth Embeddings,0.10824841552795643,0.3548426373798784,0
1815,RMC_02_01035,0,non_landslide,63_26,1,63.23578153148857,26.36218490659251,raster-matched control,conventional_alphaearth_embeddings,Conventional + AlphaEarth Embeddings,0.11737218426937156,0.3491602156256933,0
1816,RMC_02_00694,0,non_landslide,73_34,2,73.52149153465709,34.357190935256256,raster-matched control,conventional_alphaearth_embeddings,Conventional + AlphaEarth Embeddings,0.1451493103505482,0.36703707324492457,0
1817,RMC_02_00261,0,non_landslide,66_27,1,66.9435778666919,27.64228418646283,raster-matched control,conventional_alphaearth_embeddings,Conventional + AlphaEarth Embeddings,0.4384426436623186,0.3491602156256933,1
1818,RMC_02_01495,0,non_landslide,73_35,4,73.75954508494877,35.52050922819103,raster-matched control,conventional_alphaearth_embeddings,Conventional + AlphaEarth Embeddings,0.10162770444671314,0.2712461075876357,0
1819,CPEC_LANDSLIDE_0329,1,landslide,75_37,5,75.46410055641036,37.15544169143357,"Kashgar (Xinjiang, China)",conventional_alphaearth_embeddings,Conventional + AlphaEarth Embeddings,0.9884110043097287,0.3226873891884655,1
1820,RMC_02_00895,0,non_landslide,74_35,5,74.11662541038628,35.42843191156879,raster-matched control,conventional_alphaearth_embeddings,Conventional + AlphaEarth Embeddings,0.07352692657969906,0.3226873891884655,0
1821,RMC_02_00713,0,non_landslide,73_33,5,73.52149153465709,33.75531969489617,raster-matched control,conventional_alphaearth_embeddings,Conventional + AlphaEarth Embeddings,0.6582475666871721,0.3226873891884655,1
1822,RMC_02_00789,0,non_landslide,65_28,2,65.94869368952952,28.13411180451827,raster-matched control,conventional_alphaearth_embeddings,Conventional + AlphaEarth Embeddings,0.907980960229221,0.36703707324492457,1
1823,CPEC_LANDSLIDE_0357,1,landslide,75_37,5,75.36079210320413,37.86960239795135,"Kashgar (Xinjiang, China)",conventional_alphaearth_embeddings,Conventional + AlphaEarth Embeddings,0.8160811885786717,0.3226873891884655,1
1824,RMC_02_00646,0,non_landslide,74_35,5,74.6443856398065,35.576653933448505,raster-matched control,conventional_alphaearth_embeddings,Conventional + AlphaEarth Embeddings,0.9749442450778691,0.3226873891884655,1
1825,CPEC_ROCKFALL_0326,1,rockfall,66_25,2,66.85149848111547,25.059626205542585,Balochistan,conventional_alphaearth_embeddings,Conventional + AlphaEarth Embeddings,0.9759920021463432,0.36703707324492457,1
1826,CPEC_LANDSLIDE_0109,1,landslide,74_36,2,74.92735410350603,36.7961184103448,Gilgit-Baltistan,conventional_alphaearth_embeddings,Conventional + AlphaEarth Embeddings,0.5046328469998795,0.36703707324492457,1
1827,CPEC_LANDSLIDE_0228,1,landslide,74_35,5,74.51861952364402,35.84390413498774,Gilgit-Baltistan,conventional_alphaearth_embeddings,Conventional + AlphaEarth Embeddings,0.9603806216379832,0.3226873891884655,1
1828,CPEC_ROCKFALL_0344,1,rockfall,66_27,1,66.35742562529262,27.73660739106933,Balochistan,conventional_alphaearth_embeddings,Conventional + AlphaEarth Embeddings,0.9698228489651065,0.3491602156256933,1
1829,RMC_02_00159,0,non_landslide,78_41,1,78.43527613879087,41.15294605962043,raster-matched control,conventional_alphaearth_embeddings,Conventional + AlphaEarth Embeddings,0.09590344874388766,0.3491602156256933,0
1830,CPEC_LANDSLIDE_0323,1,landslide,75_36,3,75.55617653406297,36.91065042090255,"Kashgar (Xinjiang, China)",conventional_alphaearth_embeddings,Conventional + AlphaEarth Embeddings,0.8511949313624174,0.3548426373798784,1
1831,CPEC_LANDSLIDE_0319,1,landslide,75_36,3,75.50901262222067,36.838787548325215,"Kashgar (Xinjiang, China)",conventional_alphaearth_embeddings,Conventional + AlphaEarth Embeddings,0.9753259817808045,0.3548426373798784,1
1832,RMC_02_01438,0,non_landslide,77_37,2,77.18212631744414,37.67197433365729,raster-matched control,conventional_alphaearth_embeddings,Conventional + AlphaEarth Embeddings,0.11073843863021114,0.36703707324492457,0
1833,CPEC_ROCKFALL_0204,1,rockfall,65_26,3,65.69491914537794,26.299300889411075,Balochistan,conventional_alphaearth_embeddings,Conventional + AlphaEarth Embeddings,0.9884076729889105,0.3548426373798784,1
1834,RMC_02_00996,0,non_landslide,68_30,4,68.49766330821866,30.05650651253404,raster-matched control,conventional_alphaearth_embeddings,Conventional + AlphaEarth Embeddings,0.05615984563649935,0.2712461075876357,0
1835,CPEC_LANDSLIDE_0742,1,landslide,70_29,4,70.02479990939601,29.95319977013096,Punjab-Sindh lowland corridor,conventional_alphaearth_embeddings,Conventional + AlphaEarth Embeddings,0.9818569510308707,0.2712461075876357,1
1836,CPEC_LANDSLIDE_0409,1,landslide,75_38,2,75.01718715332875,38.54783166818048,"Kashgar (Xinjiang, China)",conventional_alphaearth_embeddings,Conventional + AlphaEarth Embeddings,0.990215714066076,0.36703707324492457,1
1837,CPEC_LANDSLIDE_0857,1,landslide,73_34,2,73.44064522127664,34.4043547054996,KP-AJK,conventional_alphaearth_embeddings,Conventional + AlphaEarth Embeddings,0.9375793881608988,0.36703707324492457,1
1838,CPEC_ROCKFALL_0660,1,rockfall,70_31,3,70.20221862211051,31.74533923811718,KP-AJK,conventional_alphaearth_embeddings,Conventional + AlphaEarth Embeddings,0.991794973448109,0.3548426373798784,1
1839,CPEC_ROCKFALL_0875,1,rockfall,74_38,1,74.9767609431782,38.13235938662671,"Kashgar (Xinjiang, China)",conventional_alphaearth_embeddings,Conventional + AlphaEarth Embeddings,0.9783931951725146,0.3491602156256933,1
1840,CPEC_ROCKFALL_0914,1,rockfall,75_38,2,75.48206627455471,38.821816673308405,"Kashgar (Xinjiang, China)",conventional_alphaearth_embeddings,Conventional + AlphaEarth Embeddings,0.9640564945375447,0.36703707324492457,1
1841,RMC_02_00989,0,non_landslide,75_36,3,75.41244520772868,36.83654111942613,raster-matched control,conventional_alphaearth_embeddings,Conventional + AlphaEarth Embeddings,0.048635314401287565,0.3548426373798784,0
1842,CPEC_LANDSLIDE_0177,1,landslide,74_36,2,74.48268808735536,36.245901013158,Gilgit-Baltistan,conventional_alphaearth_embeddings,Conventional + AlphaEarth Embeddings,0.9850647018563814,0.36703707324492457,1
1843,CPEC_LANDSLIDE_0197,1,landslide,74_36,2,74.29853613205015,36.19648971438476,Gilgit-Baltistan,conventional_alphaearth_embeddings,Conventional + AlphaEarth Embeddings,0.21156625189469735,0.36703707324492457,0
1844,RMC_02_00077,0,non_landslide,69_27,4,69.1826287123598,27.73660729129538,raster-matched control,conventional_alphaearth_embeddings,Conventional + AlphaEarth Embeddings,0.09016460685447272,0.2712461075876357,0
1845,CPEC_LANDSLIDE_0993,1,landslide,75_35,1,75.86834036241049,35.23753773733596,Gilgit-Baltistan,conventional_alphaearth_embeddings,Conventional + AlphaEarth Embeddings,0.6834582691895307,0.3491602156256933,1
1846,RMC_02_00717,0,non_landslide,73_34,2,73.44962631192753,34.42456458156522,raster-matched control,conventional_alphaearth_embeddings,Conventional + AlphaEarth Embeddings,0.10480420675841336,0.36703707324492457,0
1847,CPEC_LANDSLIDE_0220,1,landslide,74_35,5,74.33895788309962,35.891063587728986,Gilgit-Baltistan,conventional_alphaearth_embeddings,Conventional + AlphaEarth Embeddings,0.71488185582353,0.3226873891884655,1
1848,CPEC_ROCKFALL_0277,1,rockfall,66_27,1,66.28331536578433,27.12350775082685,Balochistan,conventional_alphaearth_embeddings,Conventional + AlphaEarth Embeddings,0.8755726882042193,0.3491602156256933,1
1849,CPEC_LANDSLIDE_0920,1,landslide,76_35,2,76.17601387599721,35.18364058290297,Gilgit-Baltistan,conventional_alphaearth_embeddings,Conventional + AlphaEarth Embeddings,0.8317248293627967,0.36703707324492457,1
1850,CPEC_ROCKFALL_0851,1,rockfall,74_35,5,74.58374915363065,35.489066709558735,Gilgit-Baltistan,conventional_alphaearth_embeddings,Conventional + AlphaEarth Embeddings,0.9899195211495552,0.3226873891884655,1
1851,CPEC_ROCKFALL_0680,1,rockfall,70_29,4,70.09891016890428,29.95769008489178,Punjab-Sindh lowland corridor,conventional_alphaearth_embeddings,Conventional + AlphaEarth Embeddings,0.9852599531539453,0.2712461075876357,1
1852,RMC_02_00566,0,non_landslide,75_38,2,75.13621325786193,38.7656731920728,raster-matched control,conventional_alphaearth_embeddings,Conventional + AlphaEarth Embeddings,0.11031679050558675,0.36703707324492457,0
1853,RMC_02_00227,0,non_landslide,76_38,3,76.51961879540599,38.62868011124458,raster-matched control,conventional_alphaearth_embeddings,Conventional + AlphaEarth Embeddings,0.12915884428986693,0.3548426373798784,0
1854,CPEC_LANDSLIDE_0880,1,landslide,73_34,2,73.48331435925707,34.38189421349339,KP-AJK,conventional_alphaearth_embeddings,Conventional + AlphaEarth Embeddings,0.5634752739352293,0.36703707324492457,1
1855,RMC_02_01254,0,non_landslide,70_29,4,70.17077552489127,29.96218340770149,raster-matched control,conventional_alphaearth_embeddings,Conventional + AlphaEarth Embeddings,0.0722692383527887,0.2712461075876357,0
1856,RMC_02_00020,0,non_landslide,74_38,1,74.9969743888234,38.590501711669496,raster-matched control,conventional_alphaearth_embeddings,Conventional + AlphaEarth Embeddings,0.7110387540666802,0.3491602156256933,1
1857,RMC_02_00087,0,non_landslide,72_34,1,72.77588984883789,34.02032270371144,raster-matched control,conventional_alphaearth_embeddings,Conventional + AlphaEarth Embeddings,0.12652979467526024,0.3491602156256933,0
1858,RMC_02_00616,0,non_landslide,74_36,2,74.49391782971648,36.25263618474845,raster-matched control,conventional_alphaearth_embeddings,Conventional + AlphaEarth Embeddings,0.1951382010429303,0.36703707324492457,0
1859,CPEC_LANDSLIDE_0262,1,landslide,73_35,4,73.88531123742732,35.48008608003709,Gilgit-Baltistan,conventional_alphaearth_embeddings,Conventional + AlphaEarth Embeddings,0.9765392098045371,0.2712461075876357,1
1860,CPEC_LANDSLIDE_0393,1,landslide,75_38,2,75.01943008115863,38.54334135341965,"Kashgar (Xinjiang, China)",conventional_alphaearth_embeddings,Conventional + AlphaEarth Embeddings,0.9879501212584321,0.36703707324492457,1
1861,CPEC_ROCKFALL_0893,1,rockfall,75_38,2,75.19011109218138,38.74995380073106,"Kashgar (Xinjiang, China)",conventional_alphaearth_embeddings,Conventional + AlphaEarth Embeddings,0.9711188239137085,0.36703707324492457,1
1862,RMC_02_01476,0,non_landslide,70_32,5,70.40882907518295,32.933361209926815,raster-matched control,conventional_alphaearth_embeddings,Conventional + AlphaEarth Embeddings,0.10590133545599097,0.3226873891884655,0
1863,RMC_02_01304,0,non_landslide,74_35,5,74.58374935812843,35.76080856669301,raster-matched control,conventional_alphaearth_embeddings,Conventional + AlphaEarth Embeddings,0.18098820711485422,0.3226873891884655,0
1864,RMC_02_01503,0,non_landslide,75_37,5,75.43714887804197,37.2812071850653,raster-matched control,conventional_alphaearth_embeddings,Conventional + AlphaEarth Embeddings,0.03412433651697741,0.3226873891884655,0
1865,RMC_02_00079,0,non_landslide,67_30,3,67.66672167040811,30.117142794212118,raster-matched control,conventional_alphaearth_embeddings,Conventional + AlphaEarth Embeddings,0.05393606211833033,0.3548426373798784,0
1866,RMC_02_00088,0,non_landslide,71_33,3,71.95842294028913,33.74409075384468,raster-matched control,conventional_alphaearth_embeddings,Conventional + AlphaEarth Embeddings,0.5874477596348001,0.3548426373798784,1
1867,RMC_02_00287,0,non_landslide,66_26,4,66.79760163302247,26.08370716851546,raster-matched control,conventional_alphaearth_embeddings,Conventional + AlphaEarth Embeddings,0.3499119792947924,0.2712461075876357,1
1868,RMC_02_00455,0,non_landslide,74_36,2,74.88468497830847,36.44128239441354,raster-matched control,conventional_alphaearth_embeddings,Conventional + AlphaEarth Embeddings,0.07106179701982639,0.36703707324492457,0
1869,CPEC_ROCKFALL_0203,1,rockfall,65_26,3,65.69716653230887,26.299300889411075,Balochistan,conventional_alphaearth_embeddings,Conventional + AlphaEarth Embeddings,0.5355956876989657,0.3548426373798784,1
1870,RMC_02_00836,0,non_landslide,71_33,3,71.53172318033235,33.654259225432725,raster-matched control,conventional_alphaearth_embeddings,Conventional + AlphaEarth Embeddings,0.03880577045048956,0.3548426373798784,0
1871,CPEC_LANDSLIDE_0863,1,landslide,73_34,2,73.40246639805703,34.43130105316557,KP-AJK,conventional_alphaearth_embeddings,Conventional + AlphaEarth Embeddings,0.423052123416893,0.36703707324492457,1
1872,CPEC_ROCKFALL_0422,1,rockfall,70_29,4,70.01806220770425,29.499553124458647,Punjab-Sindh lowland corridor,conventional_alphaearth_embeddings,Conventional + AlphaEarth Embeddings,0.30011251553402946,0.2712461075876357,1
1873,RMC_02_00435,0,non_landslide,74_36,2,74.8442607905231,36.30653510179562,raster-matched control,conventional_alphaearth_embeddings,Conventional + AlphaEarth Embeddings,0.2773327342636887,0.36703707324492457,0
1874,RMC_02_01403,0,non_landslide,68_30,4,68.32249182781536,30.698801940679505,raster-matched control,conventional_alphaearth_embeddings,Conventional + AlphaEarth Embeddings,0.061196649248639656,0.2712461075876357,0
1875,RMC_02_01053,0,non_landslide,65_26,3,65.39398400158572,26.30828598954534,raster-matched control,conventional_alphaearth_embeddings,Conventional + AlphaEarth Embeddings,0.1150979954074668,0.3548426373798784,0
1876,CPEC_ROCKFALL_0889,1,rockfall,75_38,2,75.13845686557826,38.74995380073106,"Kashgar (Xinjiang, China)",conventional_alphaearth_embeddings,Conventional + AlphaEarth Embeddings,0.9834807193186235,0.36703707324492457,1
1877,CPEC_ROCKFALL_0634,1,rockfall,68_29,2,68.0979108666757,29.92849635029487,Balochistan,conventional_alphaearth_embeddings,Conventional + AlphaEarth Embeddings,0.9025784616814727,0.36703707324492457,1
1878,RMC_02_00503,0,non_landslide,73_35,4,73.46983840582021,35.554196051345514,raster-matched control,conventional_alphaearth_embeddings,Conventional + AlphaEarth Embeddings,0.16742218554438573,0.2712461075876357,0
1879,CPEC_LANDSLIDE_0746,1,landslide,70_29,4,70.09217246721252,29.95769008489178,Punjab-Sindh lowland corridor,conventional_alphaearth_embeddings,Conventional + AlphaEarth Embeddings,0.4337324700581162,0.2712461075876357,1
1880,RMC_02_01095,0,non_landslide,67_30,3,67.41294760264435,30.013836536538367,raster-matched control,conventional_alphaearth_embeddings,Conventional + AlphaEarth Embeddings,0.0346007253120534,0.3548426373798784,0
1881,CPEC_ROCKFALL_0930,1,rockfall,75_38,2,75.49553721883716,38.89143661805585,"Kashgar (Xinjiang, China)",conventional_alphaearth_embeddings,Conventional + AlphaEarth Embeddings,0.9754405849127558,0.36703707324492457,1
1882,RMC_02_00925,0,non_landslide,77_37,2,77.37750989174013,37.638287510502806,raster-matched control,conventional_alphaearth_embeddings,Conventional + AlphaEarth Embeddings,0.11698505758866046,0.36703707324492457,0
1883,CPEC_ROCKFALL_0863,1,rockfall,73_35,4,73.86734106018193,35.48457639479791,Gilgit-Baltistan,conventional_alphaearth_embeddings,Conventional + AlphaEarth Embeddings,0.9818520693043705,0.2712461075876357,1
1884,RMC_02_00388,0,non_landslide,75_38,2,75.66397348728215,38.7656731920728,raster-matched control,conventional_alphaearth_embeddings,Conventional + AlphaEarth Embeddings,0.11022026240891182,0.36703707324492457,0
1885,CPEC_LANDSLIDE_0707,1,landslide,66_25,2,66.85823618280722,25.07085868109621,Balochistan,conventional_alphaearth_embeddings,Conventional + AlphaEarth Embeddings,0.9461963045058795,0.36703707324492457,1
1886,CPEC_LANDSLIDE_0487,1,landslide,75_38,2,75.08905002590608,38.75669150242282,"Kashgar (Xinjiang, China)",conventional_alphaearth_embeddings,Conventional + AlphaEarth Embeddings,0.39978953135635803,0.36703707324492457,1
1887,RMC_02_00761,0,non_landslide,74_36,2,74.8173113319995,36.56480074597998,raster-matched control,conventional_alphaearth_embeddings,Conventional + AlphaEarth Embeddings,0.27153402949722294,0.36703707324492457,0
1888,CPEC_ROCKFALL_0638,1,rockfall,68_29,2,68.07320744683962,29.95319977013096,Balochistan,conventional_alphaearth_embeddings,Conventional + AlphaEarth Embeddings,0.96713827646804,0.36703707324492457,1
1889,CPEC_LANDSLIDE_0219,1,landslide,74_36,2,74.21095046915836,36.15606796333528,Gilgit-Baltistan,conventional_alphaearth_embeddings,Conventional + AlphaEarth Embeddings,0.9576549601497311,0.36703707324492457,1
1890,CPEC_ROCKFALL_0024,1,rockfall,75_37,5,75.7133821417022,37.840408663354445,"Kashgar (Xinjiang, China)",conventional_alphaearth_embeddings,Conventional + AlphaEarth Embeddings,0.19860849981686118,0.3226873891884655,0
1891,CPEC_ROCKFALL_0857,1,rockfall,74_35,5,74.20645569529648,35.40372843359789,Gilgit-Baltistan,conventional_alphaearth_embeddings,Conventional + AlphaEarth Embeddings,0.9874548086114986,0.3226873891884655,1
1892,CPEC_ROCKFALL_0289,1,rockfall,66_27,1,66.46747178019059,27.565926380046587,Balochistan,conventional_alphaearth_embeddings,Conventional + AlphaEarth Embeddings,0.4286140630378243,0.3491602156256933,1
1893,CPEC_LANDSLIDE_0992,1,landslide,75_35,1,75.86609297547956,35.24203251119783,Gilgit-Baltistan,conventional_alphaearth_embeddings,Conventional + AlphaEarth Embeddings,0.8776290925633563,0.3491602156256933,1
1894,CPEC_LANDSLIDE_0241,1,landslide,74_36,2,74.55904573379458,36.25937195744046,Gilgit-Baltistan,conventional_alphaearth_embeddings,Conventional + AlphaEarth Embeddings,0.4304800775843461,0.36703707324492457,1
1895,RMC_02_00317,0,non_landslide,63_26,1,63.50976769314502,26.05451192178157,raster-matched control,conventional_alphaearth_embeddings,Conventional + AlphaEarth Embeddings,0.10521032977643537,0.3491602156256933,0
1896,CPEC_ROCKFALL_0218,1,rockfall,65_26,3,65.67021572554187,26.267859767883227,Balochistan,conventional_alphaearth_embeddings,Conventional + AlphaEarth Embeddings,0.11938029435018677,0.3548426373798784,0
1897,CPEC_LANDSLIDE_0188,1,landslide,74_36,2,74.33895788309962,36.2369159245353,Gilgit-Baltistan,conventional_alphaearth_embeddings,Conventional + AlphaEarth Embeddings,0.594441774953672,0.36703707324492457,1
1898,RMC_02_01406,0,non_landslide,65_28,2,65.77127642091592,28.100424981363787,raster-matched control,conventional_alphaearth_embeddings,Conventional + AlphaEarth Embeddings,0.13928751167168177,0.36703707324492457,0
1899,CPEC_ROCKFALL_0385,1,rockfall,66_27,1,66.93459382924642,27.682710236636336,Balochistan,conventional_alphaearth_embeddings,Conventional + AlphaEarth Embeddings,0.9843831249630064,0.3491602156256933,1
1900,RMC_02_00425,0,non_landslide,74_36,2,74.9969743888234,36.86573636616002,raster-matched control,conventional_alphaearth_embeddings,Conventional + AlphaEarth Embeddings,0.17282770137440326,0.36703707324492457,0
1901,RMC_02_01449,0,non_landslide,66_27,1,66.53709020062782,27.62880945720104,raster-matched control,conventional_alphaearth_embeddings,Conventional + AlphaEarth Embeddings,0.4548753446273237,0.3491602156256933,1
1902,CPEC_ROCKFALL_0348,1,rockfall,66_27,1,66.49441812785658,27.77703360121988,Balochistan,conventional_alphaearth_embeddings,Conventional + AlphaEarth Embeddings,0.9784794821963443,0.3491602156256933,1
1903,RMC_02_01270,0,non_landslide,75_37,5,75.78075447421769,37.85388317869149,raster-matched control,conventional_alphaearth_embeddings,Conventional + AlphaEarth Embeddings,0.9002117303566525,0.3226873891884655,1
1904,RMC_02_01066,0,non_landslide,64_25,5,64.55855078735456,25.74908472518094,raster-matched control,conventional_alphaearth_embeddings,Conventional + AlphaEarth Embeddings,0.1183631635689421,0.3226873891884655,0
1905,RMC_02_00264,0,non_landslide,66_27,1,66.32598610885972,27.55245265805088,raster-matched control,conventional_alphaearth_embeddings,Conventional + AlphaEarth Embeddings,0.16899590230172376,0.3491602156256933,0
1906,RMC_02_00614,0,non_landslide,74_36,2,74.437773124459,36.24140724369695,raster-matched control,conventional_alphaearth_embeddings,Conventional + AlphaEarth Embeddings,0.08293858177998936,0.36703707324492457,0
1907,RMC_02_00389,0,non_landslide,75_38,2,75.50452252435093,38.88694575542894,raster-matched control,conventional_alphaearth_embeddings,Conventional + AlphaEarth Embeddings,0.1583047193857887,0.36703707324492457,0
1908,RMC_02_00038,0,non_landslide,74_38,1,74.56578305244604,38.9610567663688,raster-matched control,conventional_alphaearth_embeddings,Conventional + AlphaEarth Embeddings,0.11097259939900253,0.3491602156256933,0
1909,CPEC_ROCKFALL_0589,1,rockfall,67_29,1,67.43091407200022,29.602857118563826,Balochistan,conventional_alphaearth_embeddings,Conventional + AlphaEarth Embeddings,0.9791969585363303,0.3491602156256933,1
1910,CPEC_LANDSLIDE_0870,1,landslide,73_34,2,73.4631012541818,34.40659763332948,KP-AJK,conventional_alphaearth_embeddings,Conventional + AlphaEarth Embeddings,0.9465715268531393,0.36703707324492457,1
1911,CPEC_LANDSLIDE_0293,1,landslide,73_35,4,73.24076601655592,35.455382660201,KP-AJK,conventional_alphaearth_embeddings,Conventional + AlphaEarth Embeddings,0.6396302063616532,0.2712461075876357,1
1912,CPEC_LANDSLIDE_1003,1,landslide,75_35,1,75.92448490377443,35.2240667930535,Gilgit-Baltistan,conventional_alphaearth_embeddings,Conventional + AlphaEarth Embeddings,0.9706137140786623,0.3491602156256933,1
1913,CPEC_LANDSLIDE_0525,1,landslide,75_38,2,75.32486066691546,38.79711325347232,"Kashgar (Xinjiang, China)",conventional_alphaearth_embeddings,Conventional + AlphaEarth Embeddings,0.5140029450097073,0.36703707324492457,1
1914,RMC_02_01467,0,non_landslide,74_35,5,74.6219277577035,35.67996019112225,raster-matched control,conventional_alphaearth_embeddings,Conventional + AlphaEarth Embeddings,0.11860681351408295,0.3226873891884655,0
1915,RMC_02_01174,0,non_landslide,71_35,2,71.78998882451671,35.81919906016078,raster-matched control,conventional_alphaearth_embeddings,Conventional + AlphaEarth Embeddings,0.15048383199315604,0.36703707324492457,0
1916,RMC_02_00170,0,non_landslide,64_26,2,64.21269940296855,26.06798665104337,raster-matched control,conventional_alphaearth_embeddings,Conventional + AlphaEarth Embeddings,0.09345430362912344,0.36703707324492457,0
1917,RMC_02_01192,0,non_landslide,65_25,1,65.50627341210065,25.65027004392779,raster-matched control,conventional_alphaearth_embeddings,Conventional + AlphaEarth Embeddings,0.07941316257579355,0.3491602156256933,0
1918,RMC_02_00758,0,non_landslide,74_36,2,74.74769189748024,36.346959289580994,raster-matched control,conventional_alphaearth_embeddings,Conventional + AlphaEarth Embeddings,0.20775073453217904,0.36703707324492457,0
1919,CPEC_ROCKFALL_0797,1,rockfall,76_35,2,76.0839378983446,35.18364058290297,Gilgit-Baltistan,conventional_alphaearth_embeddings,Conventional + AlphaEarth Embeddings,0.9395430291052062,0.36703707324492457,1
1920,RMC_02_01156,0,non_landslide,73_35,4,73.3126332310993,35.51152607534984,raster-matched control,conventional_alphaearth_embeddings,Conventional + AlphaEarth Embeddings,0.5908528694112537,0.2712461075876357,1
1921,RMC_02_00915,0,non_landslide,71_35,2,71.75854778957253,35.52724659282193,raster-matched control,conventional_alphaearth_embeddings,Conventional + AlphaEarth Embeddings,0.10485469427620403,0.36703707324492457,0
1922,CPEC_LANDSLIDE_0528,1,landslide,75_38,2,75.32261327998452,38.79936064040324,"Kashgar (Xinjiang, China)",conventional_alphaearth_embeddings,Conventional + AlphaEarth Embeddings,0.12825684713214522,0.36703707324492457,0
1923,RMC_02_00377,0,non_landslide,77_37,2,77.50551981972717,37.17790092739155,raster-matched control,conventional_alphaearth_embeddings,Conventional + AlphaEarth Embeddings,0.11990913794963522,0.36703707324492457,0
1924,CPEC_ROCKFALL_0658,1,rockfall,70_31,3,70.0203095946352,31.42643770807789,KP-AJK,conventional_alphaearth_embeddings,Conventional + AlphaEarth Embeddings,0.3591400976950847,0.3548426373798784,1
1925,CPEC_ROCKFALL_0958,1,rockfall,75_38,2,75.51126000915161,38.95656624804248,"Kashgar (Xinjiang, China)",conventional_alphaearth_embeddings,Conventional + AlphaEarth Embeddings,0.9693312720021261,0.36703707324492457,1
1926,RMC_02_00472,0,non_landslide,77_37,2,77.0922947890322,37.26548666759321,raster-matched control,conventional_alphaearth_embeddings,Conventional + AlphaEarth Embeddings,0.8967531411178706,0.36703707324492457,1
1927,RMC_02_00384,0,non_landslide,74_39,3,74.88019340188787,39.57191115957008,raster-matched control,conventional_alphaearth_embeddings,Conventional + AlphaEarth Embeddings,0.7844618607529317,0.3548426373798784,1
1928,RMC_02_01200,0,non_landslide,65_25,1,65.65674122219067,25.699677384554363,raster-matched control,conventional_alphaearth_embeddings,Conventional + AlphaEarth Embeddings,0.6383307666740972,0.3491602156256933,1
1929,CPEC_LANDSLIDE_0501,1,landslide,75_38,2,75.1788830757288,38.738725784278486,"Kashgar (Xinjiang, China)",conventional_alphaearth_embeddings,Conventional + AlphaEarth Embeddings,0.9781148659910535,0.36703707324492457,1
1930,RMC_02_01292,0,non_landslide,73_35,4,73.6899256504295,35.533983957452826,raster-matched control,conventional_alphaearth_embeddings,Conventional + AlphaEarth Embeddings,0.2479584972194427,0.2712461075876357,0
1931,RMC_02_01034,0,non_landslide,65_26,3,65.6185628226156,26.62494212719747,raster-matched control,conventional_alphaearth_embeddings,Conventional + AlphaEarth Embeddings,0.09525303578739713,0.3548426373798784,0
1932,CPEC_LANDSLIDE_1036,1,landslide,75_35,1,75.60558337373514,35.14097144492253,Gilgit-Baltistan,conventional_alphaearth_embeddings,Conventional + AlphaEarth Embeddings,0.8132934257269913,0.3491602156256933,1
1933,CPEC_ROCKFALL_0606,1,rockfall,66_29,5,66.945821845699,29.836420372642262,Balochistan,conventional_alphaearth_embeddings,Conventional + AlphaEarth Embeddings,0.9591330230903473,0.3226873891884655,1
1934,CPEC_ROCKFALL_0543,1,rockfall,67_29,1,67.93172462951483,29.703918184839125,Balochistan,conventional_alphaearth_embeddings,Conventional + AlphaEarth Embeddings,0.8355924281584779,0.3491602156256933,1
1935,RMC_02_01320,0,non_landslide,73_35,4,73.3171248075199,35.502542922508646,raster-matched control,conventional_alphaearth_embeddings,Conventional + AlphaEarth Embeddings,0.10003161094841978,0.2712461075876357,0
1936,CPEC_ROCKFALL_0655,1,rockfall,69_30,5,69.18712210369777,30.9929997083798,Balochistan,conventional_alphaearth_embeddings,Conventional + AlphaEarth Embeddings,0.9833737439964523,0.3226873891884655,1
1937,CPEC_ROCKFALL_0397,1,rockfall,67_25,3,67.88680810460349,25.86137257495216,Punjab-Sindh lowland corridor,conventional_alphaearth_embeddings,Conventional + AlphaEarth Embeddings,0.9726000011056752,0.3548426373798784,1
1938,RMC_02_01418,0,non_landslide,76_39,5,76.33546416216149,39.78526103954847,raster-matched control,conventional_alphaearth_embeddings,Conventional + AlphaEarth Embeddings,0.12956013472493547,0.3226873891884655,0
1939,CPEC_LANDSLIDE_0126,1,landslide,74_36,2,74.85324384399776,36.60522429424677,Gilgit-Baltistan,conventional_alphaearth_embeddings,Conventional + AlphaEarth Embeddings,0.7702511953542617,0.36703707324492457,1
1940,RMC_02_01258,0,non_landslide,73_32,3,73.97289496492715,32.917640692454725,raster-matched control,conventional_alphaearth_embeddings,Conventional + AlphaEarth Embeddings,0.10857894537404457,0.3548426373798784,0
1941,CPEC_LANDSLIDE_0074,1,landslide,75_36,3,75.15642704282365,36.86573835509224,Gilgit-Baltistan,conventional_alphaearth_embeddings,Conventional + AlphaEarth Embeddings,0.9023582645547383,0.3548426373798784,1
1942,RMC_02_00650,0,non_landslide,75_38,2,75.50227673614063,38.98800622489239,raster-matched control,conventional_alphaearth_embeddings,Conventional + AlphaEarth Embeddings,0.1211073078431514,0.36703707324492457,0
1943,RMC_02_01221,0,non_landslide,70_29,4,70.01581613838066,29.647773058259663,raster-matched control,conventional_alphaearth_embeddings,Conventional + AlphaEarth Embeddings,0.07656602438683008,0.2712461075876357,0
1944,RMC_02_00556,0,non_landslide,77_36,5,77.42017986773581,36.44128239441354,raster-matched control,conventional_alphaearth_embeddings,Conventional + AlphaEarth Embeddings,0.037712074203325306,0.3226873891884655,0
1945,RMC_02_00875,0,non_landslide,75_38,2,75.31363052647554,38.7813937095449,raster-matched control,conventional_alphaearth_embeddings,Conventional + AlphaEarth Embeddings,0.15366142977964556,0.36703707324492457,0
1946,CPEC_LANDSLIDE_0583,1,landslide,74_38,1,74.82180272246991,38.87347089991152,"Kashgar (Xinjiang, China)",conventional_alphaearth_embeddings,Conventional + AlphaEarth Embeddings,0.7372409663854431,0.3491602156256933,1
1947,CPEC_LANDSLIDE_0732,1,landslide,69_30,5,69.12423986064208,30.923379763632337,Balochistan,conventional_alphaearth_embeddings,Conventional + AlphaEarth Embeddings,0.9715089150507863,0.3226873891884655,1
1948,RMC_02_01075,0,non_landslide,66_26,4,66.20246775729329,26.0185793104168,raster-matched control,conventional_alphaearth_embeddings,Conventional + AlphaEarth Embeddings,0.28623439380675075,0.2712461075876357,1
1949,CPEC_LANDSLIDE_0020,1,landslide,74_39,3,74.44900403799763,39.37428145742613,"Kashgar (Xinjiang, China)",conventional_alphaearth_embeddings,Conventional + AlphaEarth Embeddings,0.05904095739042753,0.3548426373798784,0
1950,CPEC_ROCKFALL_0343,1,rockfall,66_27,1,66.35742562529262,27.73660739106933,Balochistan,conventional_alphaearth_embeddings,Conventional + AlphaEarth Embeddings,0.9698228489651065,0.3491602156256933,1
1951,CPEC_ROCKFALL_0346,1,rockfall,66_27,1,66.36192039915449,27.7343600041384,Balochistan,conventional_alphaearth_embeddings,Conventional + AlphaEarth Embeddings,0.965981079310917,0.3491602156256933,1
1952,CPEC_ROCKFALL_0485,1,rockfall,68_29,2,68.70427726432749,29.407472687704985,Balochistan,conventional_alphaearth_embeddings,Conventional + AlphaEarth Embeddings,0.7660504690187916,0.36703707324492457,1
1953,RMC_02_00286,0,non_landslide,69_28,1,69.02317774942858,28.893188219599264,raster-matched control,conventional_alphaearth_embeddings,Conventional + AlphaEarth Embeddings,0.5052250350529436,0.3491602156256933,1
1954,CPEC_ROCKFALL_0210,1,rockfall,65_26,3,65.68144374199443,26.281335171266733,Balochistan,conventional_alphaearth_embeddings,Conventional + AlphaEarth Embeddings,0.9874146054264368,0.3548426373798784,1
1955,RMC_02_01486,0,non_landslide,73_35,4,73.90327553040788,35.49355976966745,raster-matched control,conventional_alphaearth_embeddings,Conventional + AlphaEarth Embeddings,0.335072406662669,0.2712461075876357,1
1956,CPEC_LANDSLIDE_0339,1,landslide,75_37,5,75.2417653187845,37.871849784882286,"Kashgar (Xinjiang, China)",conventional_alphaearth_embeddings,Conventional + AlphaEarth Embeddings,0.9915287898280046,0.3226873891884655,1
1957,CPEC_LANDSLIDE_0559,1,landslide,75_38,2,75.42592173319076,38.81507897161664,"Kashgar (Xinjiang, China)",conventional_alphaearth_embeddings,Conventional + AlphaEarth Embeddings,0.9770364215042445,0.36703707324492457,1
1958,RMC_02_00219,0,non_landslide,66_27,1,66.61569278798827,27.891566677806,raster-matched control,conventional_alphaearth_embeddings,Conventional + AlphaEarth Embeddings,0.17018267630319078,0.3491602156256933,0
1959,CPEC_LANDSLIDE_0152,1,landslide,74_36,2,74.78587128618125,36.29755078066006,Gilgit-Baltistan,conventional_alphaearth_embeddings,Conventional + AlphaEarth Embeddings,0.9696961555948196,0.36703707324492457,1
1960,RMC_02_00190,0,non_landslide,66_26,4,66.29454507391554,26.982022452634983,raster-matched control,conventional_alphaearth_embeddings,Conventional + AlphaEarth Embeddings,0.0999363257159751,0.2712461075876357,0
1961,RMC_02_00699,0,non_landslide,73_33,5,73.4990336525541,33.970915363084856,raster-matched control,conventional_alphaearth_embeddings,Conventional + AlphaEarth Embeddings,0.2566936117790309,0.3226873891884655,0
1962,RMC_02_00901,0,non_landslide,75_38,2,75.49778515972004,38.91164942574223,raster-matched control,conventional_alphaearth_embeddings,Conventional + AlphaEarth Embeddings,0.14986792264155924,0.36703707324492457,0
1963,RMC_02_00882,0,non_landslide,74_35,5,74.33446686678526,35.97640423488169,raster-matched control,conventional_alphaearth_embeddings,Conventional + AlphaEarth Embeddings,0.058132158369373084,0.3226873891884655,0
1964,CPEC_ROCKFALL_0314,1,rockfall,66_27,1,66.593236266302,27.90953132992197,Balochistan,conventional_alphaearth_embeddings,Conventional + AlphaEarth Embeddings,0.851634010076065,0.3491602156256933,1
1965,CPEC_LANDSLIDE_0964,1,landslide,75_35,1,75.63253418050218,35.21283431749987,Gilgit-Baltistan,conventional_alphaearth_embeddings,Conventional + AlphaEarth Embeddings,0.7077391907661476,0.3491602156256933,1
1966,CPEC_LANDSLIDE_0297,1,landslide,73_35,4,73.21830998365077,35.43067924036492,KP-AJK,conventional_alphaearth_embeddings,Conventional + AlphaEarth Embeddings,0.6253298751239896,0.2712461075876357,1
1967,CPEC_ROCKFALL_0005,1,rockfall,76_38,3,76.00308547804353,38.406348850855686,"Kashgar (Xinjiang, China)",conventional_alphaearth_embeddings,Conventional + AlphaEarth Embeddings,0.0666215361196081,0.3548426373798784,0
1968,RMC_02_01375,0,non_landslide,74_35,5,74.6241735459138,35.61034075660299,raster-matched control,conventional_alphaearth_embeddings,Conventional + AlphaEarth Embeddings,0.056757341023865066,0.3226873891884655,0
1969,CPEC_ROCKFALL_0611,1,rockfall,67_30,3,67.26921814960016,30.07447394148153,Balochistan,conventional_alphaearth_embeddings,Conventional + AlphaEarth Embeddings,0.9745693559278117,0.3548426373798784,1
1970,CPEC_ROCKFALL_0337,1,rockfall,66_26,4,66.46073407849886,26.267859767883227,Balochistan,conventional_alphaearth_embeddings,Conventional + AlphaEarth Embeddings,0.14216119346408249,0.2712461075876357,0
1971,RMC_02_01186,0,non_landslide,70_29,4,70.07869820826903,29.96218340770149,raster-matched control,conventional_alphaearth_embeddings,Conventional + AlphaEarth Embeddings,0.0980872832018479,0.2712461075876357,0
1972,CPEC_LANDSLIDE_0741,1,landslide,69_30,5,69.16017129693074,30.44952001288476,Balochistan,conventional_alphaearth_embeddings,Conventional + AlphaEarth Embeddings,0.16177837056363556,0.3226873891884655,0
1973,CPEC_LANDSLIDE_0374,1,landslide,74_38,1,74.98349864486997,38.37715065715772,"Kashgar (Xinjiang, China)",conventional_alphaearth_embeddings,Conventional + AlphaEarth Embeddings,0.9555478494514046,0.3491602156256933,1
1974,RMC_02_00285,0,non_landslide,69_29,3,69.63178635441956,29.08183442926436,raster-matched control,conventional_alphaearth_embeddings,Conventional + AlphaEarth Embeddings,0.9570264964731545,0.3548426373798784,1
1975,RMC_02_01169,0,non_landslide,74_35,5,74.6129446048623,35.74059647280032,raster-matched control,conventional_alphaearth_embeddings,Conventional + AlphaEarth Embeddings,0.5357330558603443,0.3226873891884655,1
1976,CPEC_LANDSLIDE_0687,1,landslide,66_27,1,66.28556275271528,27.123507750826843,Balochistan,conventional_alphaearth_embeddings,Conventional + AlphaEarth Embeddings,0.9280902605422033,0.3491602156256933,1
1977,RMC_02_00208,0,non_landslide,69_31,2,69.386995439497,31.642032989005003,raster-matched control,conventional_alphaearth_embeddings,Conventional + AlphaEarth Embeddings,0.0841561499201415,0.36703707324492457,0
1978,RMC_02_01110,0,non_landslide,68_30,4,68.37639074486253,30.77965031625026,raster-matched control,conventional_alphaearth_embeddings,Conventional + AlphaEarth Embeddings,0.13696752833205222,0.2712461075876357,0
1979,CPEC_LANDSLIDE_0931,1,landslide,72_35,3,72.6097006581691,35.325127859328795,KP-AJK,conventional_alphaearth_embeddings,Conventional + AlphaEarth Embeddings,0.9574230459865365,0.3548426373798784,1
1980,CPEC_ROCKFALL_0414,1,rockfall,70_29,4,70.0203095946352,29.510781140911217,Punjab-Sindh lowland corridor,conventional_alphaearth_embeddings,Conventional + AlphaEarth Embeddings,0.9653511503893462,0.2712461075876357,1
1981,CPEC_LANDSLIDE_0202,1,landslide,74_36,2,74.30077905988003,36.15157764857446,Gilgit-Baltistan,conventional_alphaearth_embeddings,Conventional + AlphaEarth Embeddings,0.3453311813738018,0.36703707324492457,0
1982,CPEC_LANDSLIDE_0891,1,landslide,73_34,2,73.48555728708695,34.4110879480903,KP-AJK,conventional_alphaearth_embeddings,Conventional + AlphaEarth Embeddings,0.9308785603817207,0.36703707324492457,1
1983,CPEC_LANDSLIDE_0067,1,landslide,75_36,3,75.25973103692883,36.82980245970252,Gilgit-Baltistan,conventional_alphaearth_embeddings,Conventional + AlphaEarth Embeddings,0.9725464962257526,0.3548426373798784,1
1984,CPEC_LANDSLIDE_0733,1,landslide,69_31,2,69.89678803635368,31.392749199619104,Balochistan,conventional_alphaearth_embeddings,Conventional + AlphaEarth Embeddings,0.980032944576334,0.36703707324492457,1
1985,RMC_02_01162,0,non_landslide,73_35,4,73.3058958664684,35.50029713429834,raster-matched control,conventional_alphaearth_embeddings,Conventional + AlphaEarth Embeddings,0.29911298357124694,0.2712461075876357,1
1986,RMC_02_00184,0,non_landslide,66_27,1,66.29454507391554,27.01346348757917,raster-matched control,conventional_alphaearth_embeddings,Conventional + AlphaEarth Embeddings,0.09627266728658203,0.3491602156256933,0
1987,CPEC_ROCKFALL_0048,1,rockfall,63_27,3,63.597353550735946,27.460374999010465,Balochistan,conventional_alphaearth_embeddings,Conventional + AlphaEarth Embeddings,0.44293005119818163,0.3548426373798784,1
1988,CPEC_LANDSLIDE_0884,1,landslide,73_34,2,73.48106697232612,34.39985993163772,KP-AJK,conventional_alphaearth_embeddings,Conventional + AlphaEarth Embeddings,0.9378875238211042,0.36703707324492457,1
1989,CPEC_ROCKFALL_0955,1,rockfall,75_38,2,75.50901262222067,38.95431886111155,"Kashgar (Xinjiang, China)",conventional_alphaearth_embeddings,Conventional + AlphaEarth Embeddings,0.9477354505866405,0.36703707324492457,1
1990,CPEC_LANDSLIDE_0643,1,landslide,65_27,5,65.64102199094494,27.148211170662936,Balochistan,conventional_alphaearth_embeddings,Conventional + AlphaEarth Embeddings,0.9857353685488184,0.3226873891884655,1
1991,CPEC_ROCKFALL_0002,1,rockfall,75_38,2,75.17663568879786,38.74321609903931,"Kashgar (Xinjiang, China)",conventional_alphaearth_embeddings,Conventional + AlphaEarth Embeddings,0.9726738945702803,0.36703707324492457,1
1992,RMC_02_01357,0,non_landslide,65_27,5,65.20533779192063,27.653513127514323,raster-matched control,conventional_alphaearth_embeddings,Conventional + AlphaEarth Embeddings,0.15600744871778086,0.3226873891884655,0
1993,RMC_02_00755,0,non_landslide,74_36,2,74.75667505032143,36.29979773716472,raster-matched control,conventional_alphaearth_embeddings,Conventional + AlphaEarth Embeddings,0.16149324870620976,0.36703707324492457,0
1994,CPEC_ROCKFALL_0446,1,rockfall,69_28,1,69.18487471676684,28.83704218544292,Balochistan,conventional_alphaearth_embeddings,Conventional + AlphaEarth Embeddings,0.7037909256990804,0.3491602156256933,1
1995,CPEC_LANDSLIDE_0097,1,landslide,74_36,2,74.96104261196481,36.83204984663346,Gilgit-Baltistan,conventional_alphaearth_embeddings,Conventional + AlphaEarth Embeddings,0.9413390854352525,0.36703707324492457,1
1996,RMC_02_01151,0,non_landslide,73_35,4,73.43390579445544,35.52050922819103,raster-matched control,conventional_alphaearth_embeddings,Conventional + AlphaEarth Embeddings,0.5833906487373397,0.2712461075876357,1
1997,CPEC_ROCKFALL_0828,1,rockfall,74_35,5,74.73196967264718,35.5339832344701,Gilgit-Baltistan,conventional_alphaearth_embeddings,Conventional + AlphaEarth Embeddings,0.9757901342984867,0.3226873891884655,1
1998,RMC_02_01076,0,non_landslide,64_25,5,64.63715337471503,25.50878538667897,raster-matched control,conventional_alphaearth_embeddings,Conventional + AlphaEarth Embeddings,0.09871519973089364,0.3226873891884655,0
1999,RMC_02_01112,0,non_landslide,65_26,3,65.67919910429367,26.87647040675094,raster-matched control,conventional_alphaearth_embeddings,Conventional + AlphaEarth Embeddings,0.06418630291818317,0.3548426373798784,0
2000,CPEC_LANDSLIDE_0867,1,landslide,73_34,2,73.45861093942096,34.40210731856866,KP-AJK,conventional_alphaearth_embeddings,Conventional + AlphaEarth Embeddings,0.1960743664692128,0.36703707324492457,0
2001,CPEC_ROCKFALL_0933,1,rockfall,75_38,2,75.49778460576809,38.91838742482288,"Kashgar (Xinjiang, China)",conventional_alphaearth_embeddings,Conventional + AlphaEarth Embeddings,0.9738321489434858,0.36703707324492457,1
2002,CPEC_ROCKFALL_0565,1,rockfall,67_29,1,67.55892594504255,29.656754272996825,Balochistan,conventional_alphaearth_embeddings,Conventional + AlphaEarth Embeddings,0.8845004445333331,0.3491602156256933,1
2003,CPEC_ROCKFALL_0597,1,rockfall,66_29,5,66.593236266302,29.888074599245392,Balochistan,conventional_alphaearth_embeddings,Conventional + AlphaEarth Embeddings,0.7455350751288701,0.3226873891884655,1
2004,RMC_02_01391,0,non_landslide,65_29,4,65.89928634890295,29.007723418324503,raster-matched control,conventional_alphaearth_embeddings,Conventional + AlphaEarth Embeddings,0.1652552933013611,0.2712461075876357,0
2005,CPEC_LANDSLIDE_0016,1,landslide,74_39,3,74.58599654056158,39.29792381098692,"Kashgar (Xinjiang, China)",conventional_alphaearth_embeddings,Conventional + AlphaEarth Embeddings,0.24536458309484807,0.3548426373798784,0
2006,CPEC_ROCKFALL_0296,1,rockfall,66_27,1,66.48094718357412,27.577154396499164,Balochistan,conventional_alphaearth_embeddings,Conventional + AlphaEarth Embeddings,0.9803168082505438,0.3491602156256933,1
2007,CPEC_ROCKFALL_0320,1,rockfall,66_29,5,66.75044187394121,29.616332521947346,Balochistan,conventional_alphaearth_embeddings,Conventional + AlphaEarth Embeddings,0.9897081587839318,0.3226873891884655,1
2008,RMC_02_00749,0,non_landslide,72_34,1,72.31101168930604,34.8265606712087,raster-matched control,conventional_alphaearth_embeddings,Conventional + AlphaEarth Embeddings,0.10397796521991316,0.3491602156256933,0
2009,RMC_02_00062,0,non_landslide,66_27,1,66.28331613286404,27.08083713388813,raster-matched control,conventional_alphaearth_embeddings,Conventional + AlphaEarth Embeddings,0.09456663780620927,0.3491602156256933,0
2010,CPEC_LANDSLIDE_0189,1,landslide,74_36,2,74.29853613205015,36.21895020639097,Gilgit-Baltistan,conventional_alphaearth_embeddings,Conventional + AlphaEarth Embeddings,0.9586924293752368,0.36703707324492457,1
2011,RMC_02_00354,0,non_landslide,65_29,4,65.53996023525514,29.10653809957765,raster-matched control,conventional_alphaearth_embeddings,Conventional + AlphaEarth Embeddings,0.4131876547500393,0.2712461075876357,1
2012,RMC_02_00916,0,non_landslide,74_35,5,74.6196819694932,35.55195026313522,raster-matched control,conventional_alphaearth_embeddings,Conventional + AlphaEarth Embeddings,0.021359694491168788,0.3226873891884655,0
2013,RMC_02_01490,0,non_landslide,66_27,1,66.60895542335737,27.786014631921955,raster-matched control,conventional_alphaearth_embeddings,Conventional + AlphaEarth Embeddings,0.07352729597066893,0.3491602156256933,0
2014,RMC_02_00862,0,non_landslide,75_40,1,75.3810041727845,40.506159055054376,raster-matched control,conventional_alphaearth_embeddings,Conventional + AlphaEarth Embeddings,0.1688140867496282,0.3491602156256933,0
2015,RMC_02_00823,0,non_landslide,68_27,3,68.95131252669903,27.105540804201414,raster-matched control,conventional_alphaearth_embeddings,Conventional + AlphaEarth Embeddings,0.13306581223158376,0.3548426373798784,0
2016,CPEC_ROCKFALL_0287,1,rockfall,66_27,1,66.29230045440703,27.18189967912172,Balochistan,conventional_alphaearth_embeddings,Conventional + AlphaEarth Embeddings,0.9765211656251481,0.3491602156256933,1
2017,CPEC_ROCKFALL_0678,1,rockfall,70_29,4,70.02030959463521,29.955447157061897,Punjab-Sindh lowland corridor,conventional_alphaearth_embeddings,Conventional + AlphaEarth Embeddings,0.9799963389058124,0.2712461075876357,1
2018,CPEC_LANDSLIDE_0186,1,landslide,74_36,2,74.35243328648315,36.245901013158,Gilgit-Baltistan,conventional_alphaearth_embeddings,Conventional + AlphaEarth Embeddings,0.5506603835653875,0.36703707324492457,1
2019,CPEC_LANDSLIDE_0513,1,landslide,75_38,2,75.19684879387313,38.77240983363622,"Kashgar (Xinjiang, China)",conventional_alphaearth_embeddings,Conventional + AlphaEarth Embeddings,0.9821674931779472,0.36703707324492457,1
2020,RMC_02_00887,0,non_landslide,74_36,2,74.31425477289257,36.20996620875277,raster-matched control,conventional_alphaearth_embeddings,Conventional + AlphaEarth Embeddings,0.2849132653873786,0.36703707324492457,0
2021,CPEC_ROCKFALL_0464,1,rockfall,69_28,1,69.17813701507508,28.872978080832645,Balochistan,conventional_alphaearth_embeddings,Conventional + AlphaEarth Embeddings,0.9748364694189199,0.3491602156256933,1
2022,CPEC_LANDSLIDE_0974,1,landslide,75_35,1,75.80321073242386,35.338598803611255,Gilgit-Baltistan,conventional_alphaearth_embeddings,Conventional + AlphaEarth Embeddings,0.3116251675693969,0.3491602156256933,0
2023,CPEC_LANDSLIDE_0199,1,landslide,74_36,2,74.29179843035838,36.18750908486312,Gilgit-Baltistan,conventional_alphaearth_embeddings,Conventional + AlphaEarth Embeddings,0.9456445627401486,0.36703707324492457,1
2024,CPEC_ROCKFALL_0279,1,rockfall,66_27,1,66.2900530674761,27.179652292190784,Balochistan,conventional_alphaearth_embeddings,Conventional + AlphaEarth Embeddings,0.9429341645464958,0.3491602156256933,1
2025,CPEC_LANDSLIDE_0120,1,landslide,74_36,2,74.82405010940086,36.72874139342722,Gilgit-Baltistan,conventional_alphaearth_embeddings,Conventional + AlphaEarth Embeddings,0.9823301828741365,0.36703707324492457,1
2026,CPEC_LANDSLIDE_0615,1,landslide,65_27,5,65.32885816259741,27.918516418544662,Balochistan,conventional_alphaearth_embeddings,Conventional + AlphaEarth Embeddings,0.9581059191900938,0.3226873891884655,1
2027,RMC_02_01480,0,non_landslide,71_35,2,71.79223461272701,35.572162357027906,raster-matched control,conventional_alphaearth_embeddings,Conventional + AlphaEarth Embeddings,0.11005568942232995,0.36703707324492457,0
2028,CPEC_LANDSLIDE_0233,1,landslide,74_35,5,74.57701145193889,35.78326481976193,Gilgit-Baltistan,conventional_alphaearth_embeddings,Conventional + AlphaEarth Embeddings,0.9864949568101271,0.3226873891884655,1
2029,CPEC_LANDSLIDE_0535,1,landslide,75_38,2,75.36752980489588,38.80834126992488,"Kashgar (Xinjiang, China)",conventional_alphaearth_embeddings,Conventional + AlphaEarth Embeddings,0.9415305700250869,0.36703707324492457,1
2030,RMC_02_00855,0,non_landslide,74_36,2,74.57027462886663,36.272848278641135,raster-matched control,conventional_alphaearth_embeddings,Conventional + AlphaEarth Embeddings,0.09493140855171923,0.36703707324492457,0
2031,CPEC_ROCKFALL_0396,1,rockfall,67_25,3,67.8890554915344,25.86137257495216,Punjab-Sindh lowland corridor,conventional_alphaearth_embeddings,Conventional + AlphaEarth Embeddings,0.9856317010353465,0.3548426373798784,1
2032,RMC_02_01155,0,non_landslide,73_35,4,73.6989088032707,35.53173816924253,raster-matched control,conventional_alphaearth_embeddings,Conventional + AlphaEarth Embeddings,0.0990112843106619,0.2712461075876357,0
2033,RMC_02_01177,0,non_landslide,67_28,4,67.41519339085464,28.94708713664644,raster-matched control,conventional_alphaearth_embeddings,Conventional + AlphaEarth Embeddings,0.8994872820356353,0.2712461075876357,1
2034,CPEC_LANDSLIDE_0328,1,landslide,75_37,5,75.46634348424024,37.155441691433566,"Kashgar (Xinjiang, China)",conventional_alphaearth_embeddings,Conventional + AlphaEarth Embeddings,0.9874627630440137,0.3226873891884655,1
2035,RMC_02_01420,0,non_landslide,65_27,5,65.87682846679996,27.22456757934725,raster-matched control,conventional_alphaearth_embeddings,Conventional + AlphaEarth Embeddings,0.15287817602957002,0.3226873891884655,0
2036,CPEC_ROCKFALL_0364,1,rockfall,66_27,1,66.90540009464952,27.846649086866268,Balochistan,conventional_alphaearth_embeddings,Conventional + AlphaEarth Embeddings,0.45228911663613336,0.3491602156256933,1
2037,RMC_02_00383,0,non_landslide,66_27,1,66.99073941910817,27.82643881970733,raster-matched control,conventional_alphaearth_embeddings,Conventional + AlphaEarth Embeddings,0.2904215560350246,0.3491602156256933,0
2038,CPEC_ROCKFALL_0476,1,rockfall,69_29,3,69.1444485066163,29.099799174118274,Balochistan,conventional_alphaearth_embeddings,Conventional + AlphaEarth Embeddings,0.9866303779138503,0.3548426373798784,1
2039,CPEC_LANDSLIDE_1081,1,landslide,74_36,2,74.85099645706681,36.223440521151794,Gilgit-Baltistan,conventional_alphaearth_embeddings,Conventional + AlphaEarth Embeddings,0.9350426449121826,0.36703707324492457,1
2040,CPEC_ROCKFALL_0884,1,rockfall,74_38,1,74.99472666132255,38.58601049140008,"Kashgar (Xinjiang, China)",conventional_alphaearth_embeddings,Conventional + AlphaEarth Embeddings,0.9407396352154324,0.3491602156256933,1
2041,CPEC_LANDSLIDE_0630,1,landslide,63_26,1,63.934220798919576,26.65638124266997,Balochistan,conventional_alphaearth_embeddings,Conventional + AlphaEarth Embeddings,0.6740341218362563,0.3491602156256933,1
2042,RMC_02_00340,0,non_landslide,64_25,5,64.41032876547484,25.67497371424108,raster-matched control,conventional_alphaearth_embeddings,Conventional + AlphaEarth Embeddings,0.11832606114482663,0.3226873891884655,0
2043,RMC_02_00852,0,non_landslide,75_35,1,75.59884562918349,35.67996019112225,raster-matched control,conventional_alphaearth_embeddings,Conventional + AlphaEarth Embeddings,0.0976871840697916,0.3491602156256933,0
2044,CPEC_ROCKFALL_0617,1,rockfall,67_30,3,67.20408851961353,30.27883900186201,Balochistan,conventional_alphaearth_embeddings,Conventional + AlphaEarth Embeddings,0.18442640904357618,0.3548426373798784,0
2045,RMC_02_00872,0,non_landslide,75_39,4,75.53371777108482,39.955940943531175,raster-matched control,conventional_alphaearth_embeddings,Conventional + AlphaEarth Embeddings,0.04905512144629378,0.2712461075876357,0
2046,CPEC_ROCKFALL_0215,1,rockfall,65_26,3,65.67021572554187,26.26561684005334,Balochistan,conventional_alphaearth_embeddings,Conventional + AlphaEarth Embeddings,0.9704264727388884,0.3548426373798784,1
2047,RMC_02_01123,0,non_landslide,69_32,4,69.92823039817901,32.12712324242954,raster-matched control,conventional_alphaearth_embeddings,Conventional + AlphaEarth Embeddings,0.0972021513999447,0.2712461075876357,0
2048,CPEC_LANDSLIDE_0267,1,landslide,73_35,4,73.83589993865408,35.48457639479791,Gilgit-Baltistan,conventional_alphaearth_embeddings,Conventional + AlphaEarth Embeddings,0.9671464681050704,0.2712461075876357,1
2049,RMC_02_01345,0,non_landslide,75_38,2,75.51799725361273,38.94982782531731,raster-matched control,conventional_alphaearth_embeddings,Conventional + AlphaEarth Embeddings,0.12515308527038344,0.36703707324492457,0
2050,RMC_02_01071,0,non_landslide,65_25,1,65.84089585543518,25.605354279721816,raster-matched control,conventional_alphaearth_embeddings,Conventional + AlphaEarth Embeddings,0.3867125936665288,0.3491602156256933,1
2051,RMC_02_00715,0,non_landslide,73_33,5,73.46085525297903,33.997864821608445,raster-matched control,conventional_alphaearth_embeddings,Conventional + AlphaEarth Embeddings,0.4688318105667468,0.3226873891884655,1
2052,CPEC_LANDSLIDE_0900,1,landslide,76_35,2,76.09516591479718,35.181393195972014,Gilgit-Baltistan,conventional_alphaearth_embeddings,Conventional + AlphaEarth Embeddings,0.9655276754876604,0.36703707324492457,1
2053,RMC_02_00001,0,non_landslide,75_37,5,75.31363052647554,37.40023396021113,raster-matched control,conventional_alphaearth_embeddings,Conventional + AlphaEarth Embeddings,0.12564968321615191,0.3226873891884655,0
2054,CPEC_ROCKFALL_0480,1,rockfall,68_29,2,68.71101496601925,29.409720074635924,Balochistan,conventional_alphaearth_embeddings,Conventional + AlphaEarth Embeddings,0.976497505413358,0.36703707324492457,1
2055,CPEC_ROCKFALL_0814,1,rockfall,75_35,1,75.81893352273832,35.33635587578137,Gilgit-Baltistan,conventional_alphaearth_embeddings,Conventional + AlphaEarth Embeddings,0.850704161862813,0.3491602156256933,1
2056,RMC_02_00468,0,non_landslide,76_36,4,76.98000537851725,36.88594846005271,raster-matched control,conventional_alphaearth_embeddings,Conventional + AlphaEarth Embeddings,0.13417788758825724,0.2712461075876357,0
2057,CPEC_ROCKFALL_0329,1,rockfall,66_25,2,66.8537458680464,25.055135890781763,Balochistan,conventional_alphaearth_embeddings,Conventional + AlphaEarth Embeddings,0.5152218531775031,0.36703707324492457,1
2058,CPEC_LANDSLIDE_0667,1,landslide,66_26,4,66.16877889612553,26.16006545901723,Balochistan,conventional_alphaearth_embeddings,Conventional + AlphaEarth Embeddings,0.9739627527336608,0.2712461075876357,1
2059,CPEC_LANDSLIDE_0634,1,landslide,63_26,1,63.9768899369,26.400361955686364,Balochistan,conventional_alphaearth_embeddings,Conventional + AlphaEarth Embeddings,0.9222294954719602,0.3491602156256933,1
2060,RMC_02_00685,0,non_landslide,73_34,2,73.41369370056275,34.41108985230343,raster-matched control,conventional_alphaearth_embeddings,Conventional + AlphaEarth Embeddings,0.10547734251796258,0.36703707324492457,0
2061,RMC_02_00885,0,non_landslide,74_36,2,74.30751740826167,36.191999903070375,raster-matched control,conventional_alphaearth_embeddings,Conventional + AlphaEarth Embeddings,0.3148655259165782,0.36703707324492457,0
2062,CPEC_ROCKFALL_0473,1,rockfall,69_29,3,69.1444485066163,29.09755624628839,Balochistan,conventional_alphaearth_embeddings,Conventional + AlphaEarth Embeddings,0.08381422564132943,0.3548426373798784,0
2063,CPEC_ROCKFALL_0031,1,rockfall,67_28,4,67.39722556354144,28.010592396197268,Balochistan,conventional_alphaearth_embeddings,Conventional + AlphaEarth Embeddings,0.9657059029550922,0.2712461075876357,1
2064,RMC_02_00557,0,non_landslide,75_40,1,75.36528365531241,40.11314611825209,raster-matched control,conventional_alphaearth_embeddings,Conventional + AlphaEarth Embeddings,0.22671029260163797,0.3491602156256933,0
2065,RMC_02_00899,0,non_landslide,77_37,2,77.22704208165013,37.42044605410382,raster-matched control,conventional_alphaearth_embeddings,Conventional + AlphaEarth Embeddings,0.07981874174340742,0.36703707324492457,0
2066,CPEC_LANDSLIDE_0567,1,landslide,75_38,2,75.50452230745985,38.92063035265276,"Kashgar (Xinjiang, China)",conventional_alphaearth_embeddings,Conventional + AlphaEarth Embeddings,0.09005307490713269,0.36703707324492457,0
2067,RMC_02_00156,0,non_landslide,76_37,1,76.83627493305812,37.0790862461384,raster-matched control,conventional_alphaearth_embeddings,Conventional + AlphaEarth Embeddings,0.4486400215121405,0.3491602156256933,1
2068,RMC_02_00710,0,non_landslide,73_34,2,73.39797318309066,34.249393101161914,raster-matched control,conventional_alphaearth_embeddings,Conventional + AlphaEarth Embeddings,0.21894700465809583,0.36703707324492457,0
2069,RMC_02_01127,0,non_landslide,73_35,4,73.15991963279899,35.219573608011,raster-matched control,conventional_alphaearth_embeddings,Conventional + AlphaEarth Embeddings,0.28137625303148156,0.2712461075876357,1
2070,RMC_02_01050,0,non_landslide,63_26,1,63.57938712766429,26.23192919039518,raster-matched control,conventional_alphaearth_embeddings,Conventional + AlphaEarth Embeddings,0.1208800165902783,0.3491602156256933,0
2071,RMC_02_01201,0,non_landslide,63_25,4,63.61531973902907,25.95120566410783,raster-matched control,conventional_alphaearth_embeddings,Conventional + AlphaEarth Embeddings,0.06220091943532659,0.2712461075876357,0
2072,CPEC_LANDSLIDE_0950,1,landslide,75_35,1,75.29566247321749,35.58563746107322,Gilgit-Baltistan,conventional_alphaearth_embeddings,Conventional + AlphaEarth Embeddings,0.9763253172118426,0.3491602156256933,1
2073,CPEC_ROCKFALL_0354,1,rockfall,66_27,1,66.50115582954832,27.772538827358,Balochistan,conventional_alphaearth_embeddings,Conventional + AlphaEarth Embeddings,0.9845261301432842,0.3491602156256933,1
2074,RMC_02_01319,0,non_landslide,74_35,5,74.50290098255766,35.47783925219536,raster-matched control,conventional_alphaearth_embeddings,Conventional + AlphaEarth Embeddings,0.036054507297694854,0.3226873891884655,0
2075,RMC_02_01202,0,non_landslide,63_26,1,63.489555599252334,26.14883502661413,raster-matched control,conventional_alphaearth_embeddings,Conventional + AlphaEarth Embeddings,0.15491490477625297,0.3491602156256933,0
2076,RMC_02_00841,0,non_landslide,72_32,2,72.74220302568341,32.69306187142484,raster-matched control,conventional_alphaearth_embeddings,Conventional + AlphaEarth Embeddings,0.5017196019939427,0.36703707324492457,1
2077,RMC_02_01463,0,non_landslide,74_35,5,74.61743618128291,35.67546861470165,raster-matched control,conventional_alphaearth_embeddings,Conventional + AlphaEarth Embeddings,0.05141716117078875,0.3226873891884655,0
2078,CPEC_ROCKFALL_0834,1,rockfall,74_35,5,74.75892047941421,35.507032427703066,Gilgit-Baltistan,conventional_alphaearth_embeddings,Conventional + AlphaEarth Embeddings,0.986333692606891,0.3226873891884655,1
2079,CPEC_ROCKFALL_0293,1,rockfall,66_27,1,66.44725867511532,27.541222960210494,Balochistan,conventional_alphaearth_embeddings,Conventional + AlphaEarth Embeddings,0.9745929219308977,0.3491602156256933,1
2080,CPEC_LANDSLIDE_0046,1,landslide,74_35,5,74.95205752334212,35.6350443007454,Gilgit-Baltistan,conventional_alphaearth_embeddings,Conventional + AlphaEarth Embeddings,0.9643978485117544,0.3226873891884655,1
2081,CPEC_LANDSLIDE_0285,1,landslide,73_35,4,73.37776297822094,35.50254211294225,KP-AJK,conventional_alphaearth_embeddings,Conventional + AlphaEarth Embeddings,0.9763913350467922,0.2712461075876357,1
2082,CPEC_LANDSLIDE_0526,1,landslide,75_38,2,75.32486066691546,38.79936064040324,"Kashgar (Xinjiang, China)",conventional_alphaearth_embeddings,Conventional + AlphaEarth Embeddings,0.9749949163375883,0.36703707324492457,1
2083,CPEC_ROCKFALL_0034,1,rockfall,67_27,2,67.35455642556101,27.93199182192817,Balochistan,conventional_alphaearth_embeddings,Conventional + AlphaEarth Embeddings,0.5026463742396867,0.36703707324492457,1
2084,CPEC_ROCKFALL_0012,1,rockfall,75_37,5,75.98736714683012,37.840408663354445,"Kashgar (Xinjiang, China)",conventional_alphaearth_embeddings,Conventional + AlphaEarth Embeddings,0.2897916982527718,0.3226873891884655,0
2085,RMC_02_00490,0,non_landslide,74_36,2,74.47819731224438,36.23242409085576,raster-matched control,conventional_alphaearth_embeddings,Conventional + AlphaEarth Embeddings,0.08713839971942847,0.36703707324492457,0
2086,RMC_02_00103,0,non_landslide,76_37,1,76.8699617562126,37.959435224575536,raster-matched control,conventional_alphaearth_embeddings,Conventional + AlphaEarth Embeddings,0.067326040629369,0.3491602156256933,0
2087,RMC_02_00070,0,non_landslide,78_39,2,78.03103426093709,39.95144936711058,raster-matched control,conventional_alphaearth_embeddings,Conventional + AlphaEarth Embeddings,0.09676071892600213,0.36703707324492457,0
2088,RMC_02_01334,0,non_landslide,75_37,5,75.24850266837687,37.905536307528365,raster-matched control,conventional_alphaearth_embeddings,Conventional + AlphaEarth Embeddings,0.08207988017328344,0.3226873891884655,0
2089,CPEC_ROCKFALL_0641,1,rockfall,67_30,3,67.47358320998065,30.359686963062035,Balochistan,conventional_alphaearth_embeddings,Conventional + AlphaEarth Embeddings,0.965621472582812,0.3548426373798784,1
2090,RMC_02_01078,0,non_landslide,66_26,4,66.91662840816831,26.24989549607757,raster-matched control,conventional_alphaearth_embeddings,Conventional + AlphaEarth Embeddings,0.08226449482871762,0.2712461075876357,0
2091,RMC_02_01277,0,non_landslide,74_35,5,74.65786036906829,35.576653933448505,raster-matched control,conventional_alphaearth_embeddings,Conventional + AlphaEarth Embeddings,0.6420757566588264,0.3226873891884655,1
2092,RMC_02_00784,0,non_landslide,65_27,5,65.93521896026773,27.7096578327718,raster-matched control,conventional_alphaearth_embeddings,Conventional + AlphaEarth Embeddings,0.10310755621875882,0.3226873891884655,0
2093,RMC_02_00068,0,non_landslide,66_27,1,66.48768286000124,27.500799529214007,raster-matched control,conventional_alphaearth_embeddings,Conventional + AlphaEarth Embeddings,0.18379516114937308,0.3491602156256933,0
2094,CPEC_LANDSLIDE_0082,1,landslide,75_36,3,75.09578772759784,36.86573835509224,Gilgit-Baltistan,conventional_alphaearth_embeddings,Conventional + AlphaEarth Embeddings,0.9589708535039893,0.3548426373798784,1
2095,CPEC_LANDSLIDE_0305,1,landslide,72_35,3,72.97351871311976,35.07584181493589,KP-AJK,conventional_alphaearth_embeddings,Conventional + AlphaEarth Embeddings,0.9846583876240931,0.3548426373798784,1
2096,RMC_02_00402,0,non_landslide,73_35,4,73.98412390597865,35.31614250105385,raster-matched control,conventional_alphaearth_embeddings,Conventional + AlphaEarth Embeddings,0.0811366079490357,0.2712461075876357,0
2097,CPEC_LANDSLIDE_0290,1,landslide,73_35,4,73.2991579448508,35.49805179818143,KP-AJK,conventional_alphaearth_embeddings,Conventional + AlphaEarth Embeddings,0.9817766369554811,0.2712461075876357,1
2098,CPEC_LANDSLIDE_0296,1,landslide,73_35,4,73.21381966888997,35.437416942056664,KP-AJK,conventional_alphaearth_embeddings,Conventional + AlphaEarth Embeddings,0.9763943856257449,0.2712461075876357,1
2099,CPEC_ROCKFALL_0309,1,rockfall,66_27,1,66.55505744308238,27.61084290495795,Balochistan,conventional_alphaearth_embeddings,Conventional + AlphaEarth Embeddings,0.9651312830420434,0.3491602156256933,1
2100,CPEC_ROCKFALL_0009,1,rockfall,75_37,5,75.6752033184826,37.81345785658741,"Kashgar (Xinjiang, China)",conventional_alphaearth_embeddings,Conventional + AlphaEarth Embeddings,0.671902233114737,0.3226873891884655,1
2101,RMC_02_00178,0,non_landslide,65_25,1,65.18512569802793,25.56043851551584,raster-matched control,conventional_alphaearth_embeddings,Conventional + AlphaEarth Embeddings,0.14390511925224203,0.3491602156256933,0
2102,CPEC_LANDSLIDE_0534,1,landslide,75_38,2,75.35854471627319,38.80834126992488,"Kashgar (Xinjiang, China)",conventional_alphaearth_embeddings,Conventional + AlphaEarth Embeddings,0.8580911986707338,0.36703707324492457,1
2103,CPEC_ROCKFALL_0718,1,rockfall,72_34,1,72.80059477426713,34.01583323071286,KP-AJK,conventional_alphaearth_embeddings,Conventional + AlphaEarth Embeddings,0.9845386353781317,0.3491602156256933,1
2104,RMC_02_01382,0,non_landslide,68_30,4,68.87944730396947,30.355196344503785,raster-matched control,conventional_alphaearth_embeddings,Conventional + AlphaEarth Embeddings,0.46293143148293864,0.2712461075876357,1
2105,CPEC_LANDSLIDE_0475,1,landslide,75_38,2,75.08905002590608,38.74770641380013,"Kashgar (Xinjiang, China)",conventional_alphaearth_embeddings,Conventional + AlphaEarth Embeddings,0.9720986238195268,0.36703707324492457,1
2106,CPEC_LANDSLIDE_0901,1,landslide,76_35,2,76.09740884262706,35.18364058290297,Gilgit-Baltistan,conventional_alphaearth_embeddings,Conventional + AlphaEarth Embeddings,0.329366478508242,0.36703707324492457,0
2107,CPEC_LANDSLIDE_0984,1,landslide,75_35,1,75.85261757209607,35.30940506901435,Gilgit-Baltistan,conventional_alphaearth_embeddings,Conventional + AlphaEarth Embeddings,0.7873699284851428,0.3491602156256933,1
2108,RMC_02_01025,0,non_landslide,64_28,1,64.6865607153416,28.394623236912928,raster-matched control,conventional_alphaearth_embeddings,Conventional + AlphaEarth Embeddings,0.1766686679668772,0.3491602156256933,0
2109,CPEC_ROCKFALL_0612,1,rockfall,67_30,3,67.26921814960016,30.08121164317328,Balochistan,conventional_alphaearth_embeddings,Conventional + AlphaEarth Embeddings,0.057617848219600476,0.3548426373798784,0
2110,RMC_02_00763,0,non_landslide,73_35,4,73.40695633593185,35.661993885439855,raster-matched control,conventional_alphaearth_embeddings,Conventional + AlphaEarth Embeddings,0.08466050220323983,0.2712461075876357,0
2111,CPEC_ROCKFALL_0051,1,rockfall,63_27,3,63.40870682156886,27.224568817102146,Balochistan,conventional_alphaearth_embeddings,Conventional + AlphaEarth Embeddings,0.9769798621178728,0.3548426373798784,1
2112,CPEC_ROCKFALL_0854,1,rockfall,74_35,5,74.21319339698825,35.40372843359789,Gilgit-Baltistan,conventional_alphaearth_embeddings,Conventional + AlphaEarth Embeddings,0.985216947777524,0.3226873891884655,1
2113,CPEC_LANDSLIDE_0683,1,landslide,66_27,1,66.94357891786912,27.68271023663634,Balochistan,conventional_alphaearth_embeddings,Conventional + AlphaEarth Embeddings,0.9867785271504929,0.3491602156256933,1
2114,RMC_02_00606,0,non_landslide,75_38,2,75.28892685616225,38.7813937095449,raster-matched control,conventional_alphaearth_embeddings,Conventional + AlphaEarth Embeddings,0.17717937197585948,0.36703707324492457,0
2115,CPEC_LANDSLIDE_0272,1,landslide,73_35,4,73.58661835336224,35.53623062140103,KP-AJK,conventional_alphaearth_embeddings,Conventional + AlphaEarth Embeddings,0.9738860686500278,0.2712461075876357,1
2116,CPEC_LANDSLIDE_0727,1,landslide,69_30,5,69.1197450867802,30.921136835802454,Balochistan,conventional_alphaearth_embeddings,Conventional + AlphaEarth Embeddings,0.9758601220993245,0.3226873891884655,1
2117,RMC_02_00776,0,non_landslide,73_33,5,73.46983840582021,33.997864821608445,raster-matched control,conventional_alphaearth_embeddings,Conventional + AlphaEarth Embeddings,0.9587034032987044,0.3226873891884655,1
2118,CPEC_LANDSLIDE_0507,1,landslide,75_38,2,75.18337339048962,38.76567213194446,"Kashgar (Xinjiang, China)",conventional_alphaearth_embeddings,Conventional + AlphaEarth Embeddings,0.7768610366675371,0.36703707324492457,1
2119,CPEC_LANDSLIDE_0378,1,landslide,75_38,2,75.03740025840402,38.43778997238355,"Kashgar (Xinjiang, China)",conventional_alphaearth_embeddings,Conventional + AlphaEarth Embeddings,0.9860062347441033,0.36703707324492457,1
2120,CPEC_ROCKFALL_0301,1,rockfall,66_27,1,66.53709172493805,27.640036639554857,Balochistan,conventional_alphaearth_embeddings,Conventional + AlphaEarth Embeddings,0.9746639197034103,0.3491602156256933,1
2121,RMC_02_00642,0,non_landslide,75_38,2,75.31587631468584,38.774656344914,raster-matched control,conventional_alphaearth_embeddings,Conventional + AlphaEarth Embeddings,0.06616239474071625,0.36703707324492457,0
2122,CPEC_LANDSLIDE_0086,1,landslide,75_36,3,75.05311858961741,36.86573835509224,Gilgit-Baltistan,conventional_alphaearth_embeddings,Conventional + AlphaEarth Embeddings,0.9483947330183923,0.3548426373798784,1
2123,CPEC_ROCKFALL_0659,1,rockfall,70_31,3,70.14607408074657,31.61508443724497,KP-AJK,conventional_alphaearth_embeddings,Conventional + AlphaEarth Embeddings,0.9854202490267635,0.3548426373798784,1
2124,RMC_02_00896,0,non_landslide,77_37,2,77.20233841133683,37.40247974842144,raster-matched control,conventional_alphaearth_embeddings,Conventional + AlphaEarth Embeddings,0.09937768245436356,0.36703707324492457,0
2125,RMC_02_00357,0,non_landslide,67_29,1,67.37027762664867,29.742096163092214,raster-matched control,conventional_alphaearth_embeddings,Conventional + AlphaEarth Embeddings,0.09913904601486556,0.3491602156256933,0
2126,RMC_02_01149,0,non_landslide,73_35,4,73.6876798622192,35.52500080461163,raster-matched control,conventional_alphaearth_embeddings,Conventional + AlphaEarth Embeddings,0.07205131756150185,0.2712461075876357,0
2127,CPEC_ROCKFALL_0408,1,rockfall,67_26,5,67.15917199470218,26.934861021659763,Balochistan,conventional_alphaearth_embeddings,Conventional + AlphaEarth Embeddings,0.897988382724212,0.3226873891884655,1
2128,RMC_02_01225,0,non_landslide,68_29,2,68.46622227327448,29.324379555976638,raster-matched control,conventional_alphaearth_embeddings,Conventional + AlphaEarth Embeddings,0.08490607642291781,0.36703707324492457,0
2129,CPEC_ROCKFALL_0376,1,rockfall,66_27,1,66.9929857575413,27.965675871285907,Balochistan,conventional_alphaearth_embeddings,Conventional + AlphaEarth Embeddings,0.3904696525208119,0.3491602156256933,1
2130,RMC_02_00844,0,non_landslide,72_32,2,72.47046265223725,32.5852640373305,raster-matched control,conventional_alphaearth_embeddings,Conventional + AlphaEarth Embeddings,0.44955944904177075,0.36703707324492457,1
2131,RMC_02_00912,0,non_landslide,77_37,2,77.22255050522952,37.42718341873472,raster-matched control,conventional_alphaearth_embeddings,Conventional + AlphaEarth Embeddings,0.11032053655576039,0.36703707324492457,0
2132,RMC_02_01305,0,non_landslide,73_35,4,73.21157276163586,35.40372824125549,raster-matched control,conventional_alphaearth_embeddings,Conventional + AlphaEarth Embeddings,0.8491837015462376,0.2712461075876357,1
2133,CPEC_ROCKFALL_0340,1,rockfall,66_27,1,66.15530795184307,27.64902172817756,Balochistan,conventional_alphaearth_embeddings,Conventional + AlphaEarth Embeddings,0.11527785773166394,0.3491602156256933,0
2134,CPEC_LANDSLIDE_0695,1,landslide,66_27,1,66.55281005615144,27.61758060664971,Balochistan,conventional_alphaearth_embeddings,Conventional + AlphaEarth Embeddings,0.9392849980996241,0.3491602156256933,1
2135,RMC_02_01268,0,non_landslide,75_36,3,75.06659382334267,36.5311139228255,raster-matched control,conventional_alphaearth_embeddings,Conventional + AlphaEarth Embeddings,0.5144555270371073,0.3548426373798784,1
2136,CPEC_LANDSLIDE_0718,1,landslide,66_29,5,66.91213779634127,29.97790318996705,Balochistan,conventional_alphaearth_embeddings,Conventional + AlphaEarth Embeddings,0.39998894245033745,0.3226873891884655,1
2137,RMC_02_00111,0,non_landslide,75_35,1,75.50452252435093,35.28470146610966,raster-matched control,conventional_alphaearth_embeddings,Conventional + AlphaEarth Embeddings,0.10433285690876937,0.3491602156256933,0
2138,CPEC_LANDSLIDE_0996,1,landslide,75_35,1,75.89753409700741,35.226309720883386,Gilgit-Baltistan,conventional_alphaearth_embeddings,Conventional + AlphaEarth Embeddings,0.9158679455202492,0.3491602156256933,1
2139,RMC_02_00192,0,non_landslide,66_27,1,66.28107034465374,27.1392276273559,raster-matched control,conventional_alphaearth_embeddings,Conventional + AlphaEarth Embeddings,0.11506688060817159,0.3491602156256933,0
2140,RMC_02_01381,0,non_landslide,66_27,1,66.59323490588528,27.92974507738108,raster-matched control,conventional_alphaearth_embeddings,Conventional + AlphaEarth Embeddings,0.32699577191447426,0.3491602156256933,0
2141,RMC_02_00907,0,non_landslide,77_37,2,77.24949996375311,37.43841235978621,raster-matched control,conventional_alphaearth_embeddings,Conventional + AlphaEarth Embeddings,0.08614091602508492,0.36703707324492457,0
2142,RMC_02_00563,0,non_landslide,77_36,5,77.42242565594611,36.42780766515176,raster-matched control,conventional_alphaearth_embeddings,Conventional + AlphaEarth Embeddings,0.06115230255238578,0.3226873891884655,0
2143,RMC_02_00611,0,non_landslide,74_35,5,74.59497829917991,35.49805134608805,raster-matched control,conventional_alphaearth_embeddings,Conventional + AlphaEarth Embeddings,0.37902986174024605,0.3226873891884655,1
2144,CPEC_LANDSLIDE_1065,1,landslide,74_36,2,74.82180272246991,36.30653586928275,Gilgit-Baltistan,conventional_alphaearth_embeddings,Conventional + AlphaEarth Embeddings,0.9833783589160532,0.36703707324492457,1
2145,RMC_02_00008,0,non_landslide,72_34,1,72.77139827241729,34.88944274109707,raster-matched control,conventional_alphaearth_embeddings,Conventional + AlphaEarth Embeddings,0.061497110473465205,0.3491602156256933,0
2146,RMC_02_00165,0,non_landslide,76_37,1,76.24338684553925,37.48108233578189,raster-matched control,conventional_alphaearth_embeddings,Conventional + AlphaEarth Embeddings,0.1494580876210272,0.3491602156256933,0
2147,RMC_02_00361,0,non_landslide,67_29,1,67.15468195845999,29.919513431705816,raster-matched control,conventional_alphaearth_embeddings,Conventional + AlphaEarth Embeddings,0.11883260692286876,0.3491602156256933,0
2148,CPEC_LANDSLIDE_0364,1,landslide,74_38,1,74.94307689382047,38.287322066436055,"Kashgar (Xinjiang, China)",conventional_alphaearth_embeddings,Conventional + AlphaEarth Embeddings,0.9820755119486261,0.3491602156256933,1
2149,CPEC_ROCKFALL_0059,1,rockfall,65_27,5,65.14694913512209,27.41096815933829,Balochistan,conventional_alphaearth_embeddings,Conventional + AlphaEarth Embeddings,0.9915803021863586,0.3226873891884655,1
2150,RMC_02_00011,0,non_landslide,75_38,2,75.0126949062955,38.38838077274261,raster-matched control,conventional_alphaearth_embeddings,Conventional + AlphaEarth Embeddings,0.11657591547242707,0.36703707324492457,0
2151,CPEC_LANDSLIDE_0925,1,landslide,76_35,2,76.1378350527776,35.2016063010473,Gilgit-Baltistan,conventional_alphaearth_embeddings,Conventional + AlphaEarth Embeddings,0.9570815677554193,0.36703707324492457,1
2152,RMC_02_01272,0,non_landslide,75_35,1,75.97164647209308,35.12974207959904,raster-matched control,conventional_alphaearth_embeddings,Conventional + AlphaEarth Embeddings,0.1050301629966407,0.3491602156256933,0
2153,RMC_02_01223,0,non_landslide,68_29,2,68.63016481262629,29.14022492273213,raster-matched control,conventional_alphaearth_embeddings,Conventional + AlphaEarth Embeddings,0.058955137515076105,0.36703707324492457,0
2154,RMC_02_00512,0,non_landslide,74_36,2,74.28955110257928,36.1605588681262,raster-matched control,conventional_alphaearth_embeddings,Conventional + AlphaEarth Embeddings,0.11643856171951746,0.36703707324492457,0
2155,RMC_02_00446,0,non_landslide,74_36,2,74.89366813114967,36.41433293588996,raster-matched control,conventional_alphaearth_embeddings,Conventional + AlphaEarth Embeddings,0.08064539459826145,0.36703707324492457,0
2156,CPEC_ROCKFALL_0205,1,rockfall,65_26,3,65.69491914537794,26.29705796158119,Balochistan,conventional_alphaearth_embeddings,Conventional + AlphaEarth Embeddings,0.9843043400298138,0.3548426373798784,1
2157,RMC_02_00378,0,non_landslide,66_29,5,66.9413320784816,29.05263918253048,raster-matched control,conventional_alphaearth_embeddings,Conventional + AlphaEarth Embeddings,0.28948898321554895,0.3226873891884655,0
2158,RMC_02_00906,0,non_landslide,77_37,2,77.38873883279163,37.6450248751337,raster-matched control,conventional_alphaearth_embeddings,Conventional + AlphaEarth Embeddings,0.13337396950998243,0.36703707324492457,0
2159,RMC_02_01026,0,non_landslide,66_26,4,66.07445782930625,26.357693330171912,raster-matched control,conventional_alphaearth_embeddings,Conventional + AlphaEarth Embeddings,0.09803989470645659,0.2712461075876357,0
2160,CPEC_LANDSLIDE_0991,1,landslide,75_35,1,75.86609297547956,35.24427543902772,Gilgit-Baltistan,conventional_alphaearth_embeddings,Conventional + AlphaEarth Embeddings,0.8894995846493868,0.3491602156256933,1
2161,CPEC_ROCKFALL_0909,1,rockfall,75_38,2,75.419184031499,38.80834126992489,"Kashgar (Xinjiang, China)",conventional_alphaearth_embeddings,Conventional + AlphaEarth Embeddings,0.9708750361022129,0.36703707324492457,1
2162,RMC_02_00146,0,non_landslide,75_38,2,75.60109141739379,38.774656344914,raster-matched control,conventional_alphaearth_embeddings,Conventional + AlphaEarth Embeddings,0.10005165693734294,0.36703707324492457,0
2163,RMC_02_01111,0,non_landslide,75_39,4,75.89753546115323,39.57191115957008,raster-matched control,conventional_alphaearth_embeddings,Conventional + AlphaEarth Embeddings,0.07405565014911866,0.2712461075876357,0
2164,CPEC_LANDSLIDE_0851,1,landslide,73_34,2,73.44737846386734,34.40210731856866,KP-AJK,conventional_alphaearth_embeddings,Conventional + AlphaEarth Embeddings,0.14350481103439808,0.36703707324492457,0
2165,CPEC_ROCKFALL_0103,1,rockfall,65_27,5,65.82517394625015,27.44689959562696,Balochistan,conventional_alphaearth_embeddings,Conventional + AlphaEarth Embeddings,0.9463640407372407,0.3226873891884655,1
2166,RMC_02_00521,0,non_landslide,74_36,2,74.30078004363078,36.07072733971424,raster-matched control,conventional_alphaearth_embeddings,Conventional + AlphaEarth Embeddings,0.07378723804802675,0.36703707324492457,0
2167,CPEC_LANDSLIDE_0564,1,landslide,75_38,2,75.44388745133509,38.81507897161664,"Kashgar (Xinjiang, China)",conventional_alphaearth_embeddings,Conventional + AlphaEarth Embeddings,0.9842792862069586,0.36703707324492457,1
2168,CPEC_LANDSLIDE_0277,1,landslide,73_35,4,73.5686526352179,35.52949291970927,KP-AJK,conventional_alphaearth_embeddings,Conventional + AlphaEarth Embeddings,0.9798324757836394,0.2712461075876357,1
2169,RMC_02_01378,0,non_landslide,70_30,1,70.08543557289993,30.000361807276576,raster-matched control,conventional_alphaearth_embeddings,Conventional + AlphaEarth Embeddings,0.6313799669188416,0.3491602156256933,1
2170,RMC_02_00488,0,non_landslide,74_36,2,74.40857787772512,36.22119514980426,raster-matched control,conventional_alphaearth_embeddings,Conventional + AlphaEarth Embeddings,0.17770919412476122,0.36703707324492457,0
2171,CPEC_LANDSLIDE_0529,1,landslide,75_38,2,75.32261327998452,38.80160802733418,"Kashgar (Xinjiang, China)",conventional_alphaearth_embeddings,Conventional + AlphaEarth Embeddings,0.09423327075989497,0.36703707324492457,0
2172,RMC_02_01419,0,non_landslide,65_26,3,65.2547451325472,26.68782419708584,raster-matched control,conventional_alphaearth_embeddings,Conventional + AlphaEarth Embeddings,0.13447838008852855,0.3548426373798784,0
2173,CPEC_LANDSLIDE_0518,1,landslide,75_38,2,75.23502761709274,38.77465722056717,"Kashgar (Xinjiang, China)",conventional_alphaearth_embeddings,Conventional + AlphaEarth Embeddings,0.9774340950337328,0.36703707324492457,1
2174,RMC_02_01038,0,non_landslide,65_26,3,65.86784531395877,26.198242367240702,raster-matched control,conventional_alphaearth_embeddings,Conventional + AlphaEarth Embeddings,0.12231343813529788,0.3548426373798784,0
2175,RMC_02_00306,0,non_landslide,65_25,1,65.53322287062424,25.715397902026456,raster-matched control,conventional_alphaearth_embeddings,Conventional + AlphaEarth Embeddings,0.08301984398436349,0.3491602156256933,0
2176,RMC_02_00181,0,non_landslide,74_35,5,74.6219277577035,35.657502309019264,raster-matched control,conventional_alphaearth_embeddings,Conventional + AlphaEarth Embeddings,0.14059493039700463,0.3226873891884655,0
2177,RMC_02_00017,0,non_landslide,74_38,1,74.97227071851012,38.5927474998798,raster-matched control,conventional_alphaearth_embeddings,Conventional + AlphaEarth Embeddings,0.15383061732657313,0.3491602156256933,0
2178,RMC_02_00730,0,non_landslide,71_35,2,71.89104929398016,35.956192140989,raster-matched control,conventional_alphaearth_embeddings,Conventional + AlphaEarth Embeddings,0.09800035499836442,0.36703707324492457,0
2179,RMC_02_01501,0,non_landslide,74_35,5,74.57252041707693,35.480085040405655,raster-matched control,conventional_alphaearth_embeddings,Conventional + AlphaEarth Embeddings,0.021037323952405998,0.3226873891884655,0
2180,RMC_02_00417,0,non_landslide,74_36,2,74.86896446083637,36.782642202378966,raster-matched control,conventional_alphaearth_embeddings,Conventional + AlphaEarth Embeddings,0.10169944202412101,0.36703707324492457,0
2181,CPEC_ROCKFALL_0411,1,rockfall,67_26,5,67.15243429301042,26.867488463843248,Balochistan,conventional_alphaearth_embeddings,Conventional + AlphaEarth Embeddings,0.11450224162851695,0.3226873891884655,0
2182,CPEC_LANDSLIDE_0697,1,landslide,66_27,1,66.55505744308238,27.608595518027013,Balochistan,conventional_alphaearth_embeddings,Conventional + AlphaEarth Embeddings,0.896549453243631,0.3491602156256933,1
2183,CPEC_LANDSLIDE_0866,1,landslide,73_34,2,73.44962585079827,34.411087948090305,KP-AJK,conventional_alphaearth_embeddings,Conventional + AlphaEarth Embeddings,0.19880333436792821,0.36703707324492457,0
2184,RMC_02_00418,0,non_landslide,74_36,2,74.86222709620547,36.79162535522016,raster-matched control,conventional_alphaearth_embeddings,Conventional + AlphaEarth Embeddings,0.7582681301913003,0.36703707324492457,1
2185,RMC_02_01318,0,non_landslide,74_35,5,74.49167204150618,35.46661031114386,raster-matched control,conventional_alphaearth_embeddings,Conventional + AlphaEarth Embeddings,0.9248730836077725,0.3226873891884655,1
2186,RMC_02_00853,0,non_landslide,75_35,1,75.78973762705888,35.67996019112225,raster-matched control,conventional_alphaearth_embeddings,Conventional + AlphaEarth Embeddings,0.09614410603192497,0.3491602156256933,0
2187,RMC_02_00706,0,non_landslide,73_34,2,73.39348160667006,34.46049719293,raster-matched control,conventional_alphaearth_embeddings,Conventional + AlphaEarth Embeddings,0.12599607456162645,0.36703707324492457,0
2188,RMC_02_00029,0,non_landslide,74_38,1,74.9992201770337,38.633171687665175,raster-matched control,conventional_alphaearth_embeddings,Conventional + AlphaEarth Embeddings,0.15916647967397526,0.3491602156256933,0
2189,RMC_02_00295,0,non_landslide,66_25,2,66.86946685575204,25.010220403992637,raster-matched control,conventional_alphaearth_embeddings,Conventional + AlphaEarth Embeddings,0.16075490552038668,0.36703707324492457,0
2190,RMC_02_00894,0,non_landslide,77_37,2,77.23602523449131,37.42942920694502,raster-matched control,conventional_alphaearth_embeddings,Conventional + AlphaEarth Embeddings,0.08853283927506095,0.36703707324492457,0
2191,CPEC_ROCKFALL_0594,1,rockfall,67_29,1,67.19510789009189,29.93748143891756,Balochistan,conventional_alphaearth_embeddings,Conventional + AlphaEarth Embeddings,0.9695500950700422,0.3491602156256933,1
2192,RMC_02_00726,0,non_landslide,74_39,3,74.56578305244604,39.62131850019665,raster-matched control,conventional_alphaearth_embeddings,Conventional + AlphaEarth Embeddings,0.09182297851924975,0.3548426373798784,0
2193,CPEC_LANDSLIDE_1001,1,landslide,75_35,1,75.91999458901361,35.226309720883386,Gilgit-Baltistan,conventional_alphaearth_embeddings,Conventional + AlphaEarth Embeddings,0.9389695218705181,0.3491602156256933,1
2194,CPEC_ROCKFALL_0332,1,rockfall,66_25,2,66.86048356973815,25.07759192368692,Balochistan,conventional_alphaearth_embeddings,Conventional + AlphaEarth Embeddings,0.9814352240716919,0.36703707324492457,1
2195,RMC_02_01421,0,non_landslide,75_39,4,75.61456614665558,39.39224810274617,raster-matched control,conventional_alphaearth_embeddings,Conventional + AlphaEarth Embeddings,0.26884375248743725,0.2712461075876357,0
2196,CPEC_LANDSLIDE_0871,1,landslide,73_34,2,73.47881958539519,34.41333533502124,KP-AJK,conventional_alphaearth_embeddings,Conventional + AlphaEarth Embeddings,0.8769107367798542,0.36703707324492457,1
2197,CPEC_LANDSLIDE_1077,1,landslide,74_36,2,74.80158961739464,36.191999399623946,Gilgit-Baltistan,conventional_alphaearth_embeddings,Conventional + AlphaEarth Embeddings,0.8808204999160097,0.36703707324492457,1
2198,CPEC_LANDSLIDE_0510,1,landslide,75_38,2,75.19684879387313,38.76118181718363,"Kashgar (Xinjiang, China)",conventional_alphaearth_embeddings,Conventional + AlphaEarth Embeddings,0.9790401168915028,0.36703707324492457,1
2199,RMC_02_01234,0,non_landslide,67_25,3,67.20858087550715,25.8276873125414,raster-matched control,conventional_alphaearth_embeddings,Conventional + AlphaEarth Embeddings,0.1180843766839371,0.3548426373798784,0
2200,CPEC_LANDSLIDE_0353,1,landslide,75_37,5,75.30913787660101,37.86735947012148,"Kashgar (Xinjiang, China)",conventional_alphaearth_embeddings,Conventional + AlphaEarth Embeddings,0.9846453002702124,0.3226873891884655,1
2201,RMC_02_00278,0,non_landslide,66_26,4,66.86497527933143,26.55307690446791,raster-matched control,conventional_alphaearth_embeddings,Conventional + AlphaEarth Embeddings,0.12714505491636074,0.2712461075876357,0
2202,RMC_02_01336,0,non_landslide,75_40,1,75.36528365531241,40.14683294140657,raster-matched control,conventional_alphaearth_embeddings,Conventional + AlphaEarth Embeddings,0.19952224932124252,0.3491602156256933,0
2203,RMC_02_01432,0,non_landslide,65_26,3,65.33334771990765,26.800113607600775,raster-matched control,conventional_alphaearth_embeddings,Conventional + AlphaEarth Embeddings,0.292553083641849,0.3548426373798784,0
2204,CPEC_LANDSLIDE_1011,1,landslide,74_35,5,74.68930053466677,35.55194895261443,Gilgit-Baltistan,conventional_alphaearth_embeddings,Conventional + AlphaEarth Embeddings,0.9863353085558196,0.3226873891884655,1
2205,RMC_02_01126,0,non_landslide,72_35,3,72.02355079838779,35.309405136422946,raster-matched control,conventional_alphaearth_embeddings,Conventional + AlphaEarth Embeddings,0.09366355450360955,0.3548426373798784,0
2206,CPEC_LANDSLIDE_0283,1,landslide,73_35,4,73.45636355249003,35.52724553277834,KP-AJK,conventional_alphaearth_embeddings,Conventional + AlphaEarth Embeddings,0.9393073967295099,0.2712461075876357,1
2207,RMC_02_00564,0,non_landslide,75_40,1,75.42591993699048,40.0817050833079,raster-matched control,conventional_alphaearth_embeddings,Conventional + AlphaEarth Embeddings,0.13222860224256205,0.3491602156256933,0
2208,CPEC_ROCKFALL_0064,1,rockfall,63_26,1,63.99036534028351,26.398119027856485,Balochistan,conventional_alphaearth_embeddings,Conventional + AlphaEarth Embeddings,0.9840321237078299,0.3491602156256933,1
2209,RMC_02_00764,0,non_landslide,73_35,4,73.6921714386398,35.661993885439855,raster-matched control,conventional_alphaearth_embeddings,Conventional + AlphaEarth Embeddings,0.06973587704727235,0.2712461075876357,0
2210,RMC_02_00805,0,non_landslide,68_29,2,68.2483808168755,29.919513431705816,raster-matched control,conventional_alphaearth_embeddings,Conventional + AlphaEarth Embeddings,0.06924621754534625,0.36703707324492457,0
2211,CPEC_LANDSLIDE_0628,1,landslide,63_26,1,63.93646818585051,26.65638124266996,Balochistan,conventional_alphaearth_embeddings,Conventional + AlphaEarth Embeddings,0.9582954404655634,0.3491602156256933,1
2212,CPEC_ROCKFALL_0066,1,rockfall,63_26,1,63.96790930737835,26.337479712630675,Balochistan,conventional_alphaearth_embeddings,Conventional + AlphaEarth Embeddings,0.9743236165047455,0.3491602156256933,1
2213,RMC_02_00071,0,non_landslide,66_29,5,66.7526858688165,29.51751734206233,raster-matched control,conventional_alphaearth_embeddings,Conventional + AlphaEarth Embeddings,0.4774445396976546,0.3226873891884655,1
2214,CPEC_LANDSLIDE_0034,1,landslide,75_38,2,75.9065191856301,38.25363355797728,"Kashgar (Xinjiang, China)",conventional_alphaearth_embeddings,Conventional + AlphaEarth Embeddings,0.20833220007035697,0.36703707324492457,0
2215,RMC_02_01291,0,non_landslide,74_35,5,74.30302583184107,35.99661632877438,raster-matched control,conventional_alphaearth_embeddings,Conventional + AlphaEarth Embeddings,0.5657365687765485,0.3226873891884655,1
2216,RMC_02_00110,0,non_landslide,76_38,3,76.1198684939728,38.42655917231769,raster-matched control,conventional_alphaearth_embeddings,Conventional + AlphaEarth Embeddings,0.10441299860450516,0.3548426373798784,0
2217,CPEC_LANDSLIDE_0089,1,landslide,75_36,3,75.00820206470605,36.870228669853056,Gilgit-Baltistan,conventional_alphaearth_embeddings,Conventional + AlphaEarth Embeddings,0.9495623277565645,0.3548426373798784,1
2218,CPEC_ROCKFALL_0521,1,rockfall,67_29,1,67.8890554915344,29.68370507976385,Balochistan,conventional_alphaearth_embeddings,Conventional + AlphaEarth Embeddings,0.9888621710771345,0.3491602156256933,1
2219,CPEC_LANDSLIDE_0170,1,landslide,74_36,2,74.62192797685024,36.28183244944666,Gilgit-Baltistan,conventional_alphaearth_embeddings,Conventional + AlphaEarth Embeddings,0.18155411423086482,0.36703707324492457,0
2220,RMC_02_00211,0,non_landslide,69_31,2,69.35330861634252,31.58588828374753,raster-matched control,conventional_alphaearth_embeddings,Conventional + AlphaEarth Embeddings,0.197734354364763,0.36703707324492457,0
2221,CPEC_LANDSLIDE_0499,1,landslide,75_38,2,75.14968934113189,38.75219672856095,"Kashgar (Xinjiang, China)",conventional_alphaearth_embeddings,Conventional + AlphaEarth Embeddings,0.9276931301782302,0.36703707324492457,1
2222,CPEC_ROCKFALL_0280,1,rockfall,66_27,1,66.28780568054516,27.184142606951607,Balochistan,conventional_alphaearth_embeddings,Conventional + AlphaEarth Embeddings,0.9845018162406053,0.3491602156256933,1
2223,RMC_02_00696,0,non_landslide,73_34,2,73.44288894729664,34.42007300514462,raster-matched control,conventional_alphaearth_embeddings,Conventional + AlphaEarth Embeddings,0.12189778024264597,0.36703707324492457,0
2224,RMC_02_00413,0,non_landslide,74_36,2,74.89366813114967,36.77815062595836,raster-matched control,conventional_alphaearth_embeddings,Conventional + AlphaEarth Embeddings,0.09892837264478689,0.36703707324492457,0
2225,RMC_02_00913,0,non_landslide,77_37,2,77.35954358605775,37.61807541661012,raster-matched control,conventional_alphaearth_embeddings,Conventional + AlphaEarth Embeddings,0.13195380783767205,0.36703707324492457,0
2226,RMC_02_01263,0,non_landslide,73_35,4,73.79323190810325,35.51152607534984,raster-matched control,conventional_alphaearth_embeddings,Conventional + AlphaEarth Embeddings,0.12072102481222051,0.2712461075876357,0
2227,CPEC_ROCKFALL_0926,1,rockfall,75_38,2,75.49104690407633,38.88694630329503,"Kashgar (Xinjiang, China)",conventional_alphaearth_embeddings,Conventional + AlphaEarth Embeddings,0.9806171387319804,0.36703707324492457,1
2228,CPEC_LANDSLIDE_0961,1,landslide,75_35,1,75.47083379900107,35.410466135289646,Gilgit-Baltistan,conventional_alphaearth_embeddings,Conventional + AlphaEarth Embeddings,0.9528505957281714,0.3491602156256933,1
2229,CPEC_LANDSLIDE_1005,1,landslide,75_35,1,75.94694093667958,35.20834400273905,Gilgit-Baltistan,conventional_alphaearth_embeddings,Conventional + AlphaEarth Embeddings,0.9617102226456575,0.3491602156256933,1
2230,RMC_02_00994,0,non_landslide,75_36,3,75.52922619466422,36.97353420025436,raster-matched control,conventional_alphaearth_embeddings,Conventional + AlphaEarth Embeddings,0.12246002410517098,0.3548426373798784,0
2231,RMC_02_00678,0,non_landslide,73_34,2,73.40695633593185,34.22918100726922,raster-matched control,conventional_alphaearth_embeddings,Conventional + AlphaEarth Embeddings,0.17164231799815394,0.36703707324492457,0
2232,RMC_02_01041,0,non_landslide,68_29,2,68.14058298278115,29.870106091079244,raster-matched control,conventional_alphaearth_embeddings,Conventional + AlphaEarth Embeddings,0.0809877807440849,0.36703707324492457,0
2233,CPEC_LANDSLIDE_1030,1,landslide,75_35,1,75.59659828511245,35.01969727357197,Gilgit-Baltistan,conventional_alphaearth_embeddings,Conventional + AlphaEarth Embeddings,0.8325533530656619,0.3491602156256933,1
2234,RMC_02_01081,0,non_landslide,66_26,4,66.77738953912979,26.9460898412702,raster-matched control,conventional_alphaearth_embeddings,Conventional + AlphaEarth Embeddings,0.1621605314658562,0.2712461075876357,0
2235,CPEC_LANDSLIDE_0485,1,landslide,75_38,2,75.08455971114526,38.75444411549189,"Kashgar (Xinjiang, China)",conventional_alphaearth_embeddings,Conventional + AlphaEarth Embeddings,0.918069294143033,0.36703707324492457,1
2236,RMC_02_00485,0,non_landslide,74_35,5,74.39061157204273,35.9606837174096,raster-matched control,conventional_alphaearth_embeddings,Conventional + AlphaEarth Embeddings,0.7637159925799235,0.3226873891884655,1
2237,CPEC_LANDSLIDE_0078,1,landslide,75_36,3,75.12947623605662,36.870228669853056,Gilgit-Baltistan,conventional_alphaearth_embeddings,Conventional + AlphaEarth Embeddings,0.9612056346547687,0.3548426373798784,1
2238,RMC_02_00673,0,non_landslide,71_33,3,71.22180440731111,33.34658624062179,raster-matched control,conventional_alphaearth_embeddings,Conventional + AlphaEarth Embeddings,0.18919094660487457,0.3548426373798784,0
2239,RMC_02_00060,0,non_landslide,69_31,2,69.7485673413551,31.927248091712947,raster-matched control,conventional_alphaearth_embeddings,Conventional + AlphaEarth Embeddings,0.0698494523543905,0.36703707324492457,0
2240,RMC_02_00282,0,non_landslide,68_28,5,68.88393888039006,28.8258145732903,raster-matched control,conventional_alphaearth_embeddings,Conventional + AlphaEarth Embeddings,0.1094455998244764,0.3226873891884655,0
2241,CPEC_ROCKFALL_0020,1,rockfall,76_37,1,76.19846990890237,37.69218814433791,"Kashgar (Xinjiang, China)",conventional_alphaearth_embeddings,Conventional + AlphaEarth Embeddings,0.9823150907480709,0.3491602156256933,1
2242,CPEC_LANDSLIDE_0923,1,landslide,76_35,2,76.153553383991,35.172412566450376,Gilgit-Baltistan,conventional_alphaearth_embeddings,Conventional + AlphaEarth Embeddings,0.9146805393465673,0.36703707324492457,1
2243,RMC_02_00644,0,non_landslide,73_35,4,73.35081163067439,35.49805134608805,raster-matched control,conventional_alphaearth_embeddings,Conventional + AlphaEarth Embeddings,0.08168549719267229,0.2712461075876357,0
2244,CPEC_LANDSLIDE_1071,1,landslide,74_36,2,74.7836238992503,36.205474803007455,Gilgit-Baltistan,conventional_alphaearth_embeddings,Conventional + AlphaEarth Embeddings,0.9795441739846561,0.36703707324492457,1
2245,CPEC_ROCKFALL_0528,1,rockfall,67_29,1,67.90702120967875,29.68370507976385,Balochistan,conventional_alphaearth_embeddings,Conventional + AlphaEarth Embeddings,0.9469416089094344,0.3491602156256933,1
2246,CPEC_LANDSLIDE_0747,1,landslide,70_29,4,70.09666278197334,29.95769008489178,Punjab-Sindh lowland corridor,conventional_alphaearth_embeddings,Conventional + AlphaEarth Embeddings,0.9777349956677576,0.2712461075876357,1
2247,RMC_02_01286,0,non_landslide,73_35,4,73.53047468749828,35.51377186356014,raster-matched control,conventional_alphaearth_embeddings,Conventional + AlphaEarth Embeddings,0.0986376820498513,0.2712461075876357,0
2248,RMC_02_00719,0,non_landslide,73_33,5,73.49005049971291,33.7104039306902,raster-matched control,conventional_alphaearth_embeddings,Conventional + AlphaEarth Embeddings,0.18447694522124725,0.3226873891884655,0
2249,CPEC_ROCKFALL_0390,1,rockfall,66_29,5,66.53259695107617,29.322134411744138,Balochistan,conventional_alphaearth_embeddings,Conventional + AlphaEarth Embeddings,0.760360103964546,0.3226873891884655,1
2250,RMC_02_01121,0,non_landslide,71_33,3,71.74282727210044,33.494808262501515,raster-matched control,conventional_alphaearth_embeddings,Conventional + AlphaEarth Embeddings,0.22992462888505566,0.3548426373798784,0
2251,CPEC_ROCKFALL_0492,1,rockfall,68_29,2,68.55829967314084,29.313149323121447,Balochistan,conventional_alphaearth_embeddings,Conventional + AlphaEarth Embeddings,0.9627675312163683,0.36703707324492457,1
2252,CPEC_ROCKFALL_0904,1,rockfall,75_38,2,75.3967235394928,38.81283604378676,"Kashgar (Xinjiang, China)",conventional_alphaearth_embeddings,Conventional + AlphaEarth Embeddings,0.9698360676057427,0.36703707324492457,1
2253,RMC_02_00921,0,non_landslide,71_35,2,71.76303936599312,35.507034498929244,raster-matched control,conventional_alphaearth_embeddings,Conventional + AlphaEarth Embeddings,0.07677569763882511,0.36703707324492457,0
2254,RMC_02_01173,0,non_landslide,73_35,4,73.09254598649002,35.12300471496815,raster-matched control,conventional_alphaearth_embeddings,Conventional + AlphaEarth Embeddings,0.6483657065035688,0.2712461075876357,1
2255,CPEC_ROCKFALL_0079,1,rockfall,64_26,2,64.03079155043405,26.04777637628935,Balochistan,conventional_alphaearth_embeddings,Conventional + AlphaEarth Embeddings,0.9037751764645303,0.36703707324492457,1
2256,RMC_02_01152,0,non_landslide,73_35,4,73.44738052371723,35.538475533873424,raster-matched control,conventional_alphaearth_embeddings,Conventional + AlphaEarth Embeddings,0.3759924267953591,0.2712461075876357,1
2257,CPEC_LANDSLIDE_0216,1,landslide,74_35,5,74.2042127674666,35.96742123416819,Gilgit-Baltistan,conventional_alphaearth_embeddings,Conventional + AlphaEarth Embeddings,0.9773638238437513,0.3226873891884655,1
2258,CPEC_ROCKFALL_0719,1,rockfall,72_34,1,72.81407017765063,34.01583323071286,KP-AJK,conventional_alphaearth_embeddings,Conventional + AlphaEarth Embeddings,0.826290360738917,0.3491602156256933,1
2259,RMC_02_01122,0,non_landslide,71_33,3,71.17015127847424,33.01196379728727,raster-matched control,conventional_alphaearth_embeddings,Conventional + AlphaEarth Embeddings,0.060303042732756974,0.3548426373798784,0
2260,CPEC_ROCKFALL_0443,1,rockfall,69_28,1,69.17813701507508,28.832551870682103,Balochistan,conventional_alphaearth_embeddings,Conventional + AlphaEarth Embeddings,0.6535743312751503,0.3491602156256933,1
2261,RMC_02_01228,0,non_landslide,66_26,4,66.91662840816831,26.773164149077196,raster-matched control,conventional_alphaearth_embeddings,Conventional + AlphaEarth Embeddings,0.0816959031906385,0.2712461075876357,0
2262,CPEC_ROCKFALL_0708,1,rockfall,72_32,2,72.59173494002476,32.634671270418536,Punjab-Sindh lowland corridor,conventional_alphaearth_embeddings,Conventional + AlphaEarth Embeddings,0.9858714975330626,0.36703707324492457,1
2263,CPEC_LANDSLIDE_0483,1,landslide,75_38,2,75.08455971114526,38.75444411549189,"Kashgar (Xinjiang, China)",conventional_alphaearth_embeddings,Conventional + AlphaEarth Embeddings,0.918069294143033,0.36703707324492457,1
2264,CPEC_LANDSLIDE_0530,1,landslide,75_38,2,75.33608868336803,38.80385095516407,"Kashgar (Xinjiang, China)",conventional_alphaearth_embeddings,Conventional + AlphaEarth Embeddings,0.9521066578382259,0.36703707324492457,1
2265,CPEC_ROCKFALL_0704,1,rockfall,72_32,2,72.60521034340829,32.666112391946385,Punjab-Sindh lowland corridor,conventional_alphaearth_embeddings,Conventional + AlphaEarth Embeddings,0.9630097872838839,0.36703707324492457,1
2266,CPEC_ROCKFALL_0614,1,rockfall,67_30,3,67.20184559178365,30.276591614931068,Balochistan,conventional_alphaearth_embeddings,Conventional + AlphaEarth Embeddings,0.977490808029207,0.3548426373798784,1
2267,RMC_02_00837,0,non_landslide,72_32,2,72.45249634655487,32.5785266726996,raster-matched control,conventional_alphaearth_embeddings,Conventional + AlphaEarth Embeddings,0.17505494741794023,0.36703707324492457,0
2268,CPEC_ROCKFALL_0336,1,rockfall,66_26,4,66.55281005615144,26.076970110886265,Balochistan,conventional_alphaearth_embeddings,Conventional + AlphaEarth Embeddings,0.9778136486505967,0.2712461075876357,1
2269,CPEC_LANDSLIDE_0879,1,landslide,73_34,2,73.49454237570964,34.38189421349339,KP-AJK,conventional_alphaearth_embeddings,Conventional + AlphaEarth Embeddings,0.3513385573383511,0.36703707324492457,0
2270,RMC_02_00929,0,non_landslide,71_35,2,71.79448040093732,35.52050922819103,raster-matched control,conventional_alphaearth_embeddings,Conventional + AlphaEarth Embeddings,0.13441441473247795,0.36703707324492457,0
2271,RMC_02_00217,0,non_landslide,65_27,5,65.91051528995445,27.918516136329583,raster-matched control,conventional_alphaearth_embeddings,Conventional + AlphaEarth Embeddings,0.2897248702534648,0.3226873891884655,0
2272,RMC_02_00740,0,non_landslide,76_35,2,76.09965640008012,35.15219996170203,raster-matched control,conventional_alphaearth_embeddings,Conventional + AlphaEarth Embeddings,0.07690053098725566,0.36703707324492457,0
2273,CPEC_LANDSLIDE_1072,1,landslide,74_36,2,74.78137651231937,36.20322741607652,Gilgit-Baltistan,conventional_alphaearth_embeddings,Conventional + AlphaEarth Embeddings,0.9866478556981856,0.36703707324492457,1
2274,RMC_02_00857,0,non_landslide,73_35,4,73.93022498893147,35.53622974566313,raster-matched control,conventional_alphaearth_embeddings,Conventional + AlphaEarth Embeddings,0.0833079332906411,0.2712461075876357,0
2275,RMC_02_01275,0,non_landslide,73_35,4,73.41593948877305,35.52949238103223,raster-matched control,conventional_alphaearth_embeddings,Conventional + AlphaEarth Embeddings,0.6540740758818865,0.2712461075876357,1
2276,CPEC_LANDSLIDE_0313,1,landslide,72_34,1,72.94881529328366,34.759187671827554,KP-AJK,conventional_alphaearth_embeddings,Conventional + AlphaEarth Embeddings,0.9817736371761732,0.3491602156256933,1
2277,RMC_02_01384,0,non_landslide,76_39,5,76.22991211627745,39.68195478187472,raster-matched control,conventional_alphaearth_embeddings,Conventional + AlphaEarth Embeddings,0.11045431107774653,0.3226873891884655,0
2278,RMC_02_00359,0,non_landslide,67_29,1,67.1344698645673,29.91053027886462,raster-matched control,conventional_alphaearth_embeddings,Conventional + AlphaEarth Embeddings,0.12639040900772003,0.3491602156256933,0
2279,CPEC_LANDSLIDE_0165,1,landslide,74_36,2,74.74095476126988,36.2616193443714,Gilgit-Baltistan,conventional_alphaearth_embeddings,Conventional + AlphaEarth Embeddings,0.8361859941440762,0.36703707324492457,1
2280,RMC_02_00511,0,non_landslide,74_36,2,74.30302583184107,36.20772042054247,raster-matched control,conventional_alphaearth_embeddings,Conventional + AlphaEarth Embeddings,0.8648564721115708,0.36703707324492457,1
2281,RMC_02_01325,0,non_landslide,75_37,5,75.45511518372436,37.19811302128424,raster-matched control,conventional_alphaearth_embeddings,Conventional + AlphaEarth Embeddings,0.0980981482738947,0.3226873891884655,0
2282,RMC_02_01061,0,non_landslide,69_28,1,69.40047016875879,28.83479772613149,raster-matched control,conventional_alphaearth_embeddings,Conventional + AlphaEarth Embeddings,0.10696632514711689,0.3491602156256933,0
2283,CPEC_LANDSLIDE_0986,1,landslide,75_35,1,75.85486495902698,35.30491475425353,Gilgit-Baltistan,conventional_alphaearth_embeddings,Conventional + AlphaEarth Embeddings,0.7739945669875196,0.3491602156256933,1
2284,CPEC_LANDSLIDE_0079,1,landslide,75_36,3,75.11824821960404,36.87022866985306,Gilgit-Baltistan,conventional_alphaearth_embeddings,Conventional + AlphaEarth Embeddings,0.9665345214885259,0.3548426373798784,1
2285,RMC_02_00431,0,non_landslide,74_36,2,74.81057396736861,36.76243010848627,raster-matched control,conventional_alphaearth_embeddings,Conventional + AlphaEarth Embeddings,0.18342267599714282,0.36703707324492457,0
2286,CPEC_ROCKFALL_0888,1,rockfall,75_38,2,75.06659399300092,38.7454590268692,"Kashgar (Xinjiang, China)",conventional_alphaearth_embeddings,Conventional + AlphaEarth Embeddings,0.9843999177174043,0.36703707324492457,1
2287,CPEC_ROCKFALL_0206,1,rockfall,65_26,3,65.692671758447,26.29705796158119,Balochistan,conventional_alphaearth_embeddings,Conventional + AlphaEarth Embeddings,0.9924670834279725,0.3548426373798784,1
2288,CPEC_ROCKFALL_0810,1,rockfall,75_35,1,75.79872041766305,35.32737078715868,Gilgit-Baltistan,conventional_alphaearth_embeddings,Conventional + AlphaEarth Embeddings,0.9468543977671178,0.3491602156256933,1
2289,CPEC_LANDSLIDE_0031,1,landslide,75_38,2,76.00084255021365,38.44677060190517,"Kashgar (Xinjiang, China)",conventional_alphaearth_embeddings,Conventional + AlphaEarth Embeddings,0.39445951728273215,0.36703707324492457,1
2290,RMC_02_00580,0,non_landslide,75_38,2,75.06210224692207,38.74096952175952,raster-matched control,conventional_alphaearth_embeddings,Conventional + AlphaEarth Embeddings,0.6170835192827443,0.36703707324492457,1
2291,CPEC_ROCKFALL_0232,1,rockfall,66_26,4,66.17102628305646,26.162308386847105,Balochistan,conventional_alphaearth_embeddings,Conventional + AlphaEarth Embeddings,0.972676672045948,0.2712461075876357,1
2292,CPEC_ROCKFALL_0101,1,rockfall,65_27,5,65.82517394625015,27.46486531377129,Balochistan,conventional_alphaearth_embeddings,Conventional + AlphaEarth Embeddings,0.9877107764354308,0.3226873891884655,1
2293,CPEC_LANDSLIDE_1014,1,landslide,74_35,5,74.69603823635852,35.54970602478455,Gilgit-Baltistan,conventional_alphaearth_embeddings,Conventional + AlphaEarth Embeddings,0.9487468188692463,0.3226873891884655,1
2294,CPEC_LANDSLIDE_0095,1,landslide,74_36,2,74.97451801534832,36.83429723356439,Gilgit-Baltistan,conventional_alphaearth_embeddings,Conventional + AlphaEarth Embeddings,0.9822464277390837,0.36703707324492457,1
2295,CPEC_LANDSLIDE_0388,1,landslide,75_38,2,75.02167746808956,38.54109396648872,"Kashgar (Xinjiang, China)",conventional_alphaearth_embeddings,Conventional + AlphaEarth Embeddings,0.9892811970012418,0.36703707324492457,1
2296,RMC_02_00489,0,non_landslide,76_37,1,76.94182697894217,37.01171259982944,raster-matched control,conventional_alphaearth_embeddings,Conventional + AlphaEarth Embeddings,0.1038328528329572,0.3491602156256933,0
2297,CPEC_ROCKFALL_0592,1,rockfall,67_29,1,67.41968605554764,29.614085135016403,Balochistan,conventional_alphaearth_embeddings,Conventional + AlphaEarth Embeddings,0.9779030893795588,0.3491602156256933,1
2298,RMC_02_00922,0,non_landslide,71_35,2,71.77426830704462,35.518263439980736,raster-matched control,conventional_alphaearth_embeddings,Conventional + AlphaEarth Embeddings,0.20234291692042825,0.36703707324492457,0
2299,RMC_02_00445,0,non_landslide,74_36,2,74.8330318494716,36.56704653419028,raster-matched control,conventional_alphaearth_embeddings,Conventional + AlphaEarth Embeddings,0.1186345790128362,0.36703707324492457,0
2300,CPEC_LANDSLIDE_0160,1,landslide,74_36,2,74.68031990514513,36.33123928911885,Gilgit-Baltistan,conventional_alphaearth_embeddings,Conventional + AlphaEarth Embeddings,0.05454333903936426,0.36703707324492457,0
2301,RMC_02_00458,0,non_landslide,76_37,1,76.91712330862889,37.070103093297206,raster-matched control,conventional_alphaearth_embeddings,Conventional + AlphaEarth Embeddings,0.19434070467435852,0.3491602156256933,0
2302,CPEC_ROCKFALL_0798,1,rockfall,72_35,3,72.56029381849693,35.52500260494845,KP-AJK,conventional_alphaearth_embeddings,Conventional + AlphaEarth Embeddings,0.9871135213390984,0.3548426373798784,1
2303,RMC_02_00197,0,non_landslide,66_27,1,66.45399603684676,27.52101162310669,raster-matched control,conventional_alphaearth_embeddings,Conventional + AlphaEarth Embeddings,0.536607027532871,0.3491602156256933,1
2304,CPEC_ROCKFALL_0618,1,rockfall,67_30,3,67.20408851961353,30.27883900186201,Balochistan,conventional_alphaearth_embeddings,Conventional + AlphaEarth Embeddings,0.18442640904357618,0.3548426373798784,0
2305,CPEC_LANDSLIDE_0505,1,landslide,75_38,2,75.18562077742055,38.75893443025271,"Kashgar (Xinjiang, China)",conventional_alphaearth_embeddings,Conventional + AlphaEarth Embeddings,0.8959181576031439,0.36703707324492457,1
2306,CPEC_LANDSLIDE_0957,1,landslide,75_35,1,75.3720201196567,35.46885806358452,Gilgit-Baltistan,conventional_alphaearth_embeddings,Conventional + AlphaEarth Embeddings,0.9577497035765031,0.3491602156256933,1
2307,RMC_02_01249,0,non_landslide,69_32,4,69.97763773880558,32.31801524030494,raster-matched control,conventional_alphaearth_embeddings,Conventional + AlphaEarth Embeddings,0.0806763683365785,0.2712461075876357,0
2308,CPEC_LANDSLIDE_0376,1,landslide,75_38,2,75.00146436301429,38.38388835884948,"Kashgar (Xinjiang, China)",conventional_alphaearth_embeddings,Conventional + AlphaEarth Embeddings,0.9467900710704394,0.36703707324492457,1
2309,RMC_02_00766,0,non_landslide,73_35,4,73.22729327910795,35.65525652080896,raster-matched control,conventional_alphaearth_embeddings,Conventional + AlphaEarth Embeddings,0.22358878314527905,0.2712461075876357,0
2310,RMC_02_00689,0,non_landslide,73_33,5,73.47432998224082,33.959686422033364,raster-matched control,conventional_alphaearth_embeddings,Conventional + AlphaEarth Embeddings,0.0647038101577655,0.3226873891884655,0
2311,RMC_02_00234,0,non_landslide,74_35,5,74.61743618128291,35.65525652080896,raster-matched control,conventional_alphaearth_embeddings,Conventional + AlphaEarth Embeddings,0.09732439131191674,0.3226873891884655,0
2312,RMC_02_00396,0,non_landslide,74_38,1,74.9857454477719,38.61071380556219,raster-matched control,conventional_alphaearth_embeddings,Conventional + AlphaEarth Embeddings,0.1498908444088095,0.3491602156256933,0
2313,CPEC_LANDSLIDE_1035,1,landslide,75_35,1,75.60558337373514,35.1387240579916,Gilgit-Baltistan,conventional_alphaearth_embeddings,Conventional + AlphaEarth Embeddings,0.10961554635234713,0.3491602156256933,0
2314,RMC_02_00534,0,non_landslide,74_36,2,74.28955110257928,36.17178780917769,raster-matched control,conventional_alphaearth_embeddings,Conventional + AlphaEarth Embeddings,0.25871539218660167,0.36703707324492457,0
2315,CPEC_ROCKFALL_0644,1,rockfall,68_30,4,68.38312834735727,30.126128168084648,Balochistan,conventional_alphaearth_embeddings,Conventional + AlphaEarth Embeddings,0.8648289221231883,0.2712461075876357,1
2316,RMC_02_00130,0,non_landslide,75_38,2,75.60109141739379,38.70728269860504,raster-matched control,conventional_alphaearth_embeddings,Conventional + AlphaEarth Embeddings,0.15598473491748416,0.36703707324492457,0
2317,RMC_02_00549,0,non_landslide,75_38,2,75.04189015302939,38.47821230115456,raster-matched control,conventional_alphaearth_embeddings,Conventional + AlphaEarth Embeddings,0.14662859587340182,0.36703707324492457,0
2318,CPEC_ROCKFALL_0574,1,rockfall,67_29,1,67.21981130992799,29.47035493076068,Balochistan,conventional_alphaearth_embeddings,Conventional + AlphaEarth Embeddings,0.969482973285635,0.3491602156256933,1
2319,CPEC_LANDSLIDE_0063,1,landslide,75_36,3,75.32261327998452,36.82082183018088,Gilgit-Baltistan,conventional_alphaearth_embeddings,Conventional + AlphaEarth Embeddings,0.9780308778630672,0.3548426373798784,1
2320,RMC_02_01468,0,non_landslide,76_39,5,76.48817776046181,39.84140574480593,raster-matched control,conventional_alphaearth_embeddings,Conventional + AlphaEarth Embeddings,0.09581302008490253,0.3226873891884655,0
2321,RMC_02_00721,0,non_landslide,74_39,3,74.59946987560052,39.66174268798203,raster-matched control,conventional_alphaearth_embeddings,Conventional + AlphaEarth Embeddings,0.08286293810201917,0.3548426373798784,0
2322,CPEC_ROCKFALL_0943,1,rockfall,75_38,2,75.50676969439078,38.93860052989815,"Kashgar (Xinjiang, China)",conventional_alphaearth_embeddings,Conventional + AlphaEarth Embeddings,0.9786556365216748,0.36703707324492457,1
2323,CPEC_LANDSLIDE_0225,1,landslide,74_35,5,74.4894257890471,35.91352407973519,Gilgit-Baltistan,conventional_alphaearth_embeddings,Conventional + AlphaEarth Embeddings,0.4504847872174775,0.3226873891884655,1
2324,RMC_02_01370,0,non_landslide,69_30,5,69.11300927784055,30.914397608868185,raster-matched control,conventional_alphaearth_embeddings,Conventional + AlphaEarth Embeddings,0.03484263968085656,0.3226873891884655,0
2325,CPEC_LANDSLIDE_0157,1,landslide,74_36,2,74.71176102667297,36.29530785283018,Gilgit-Baltistan,conventional_alphaearth_embeddings,Conventional + AlphaEarth Embeddings,0.7444710422898592,0.36703707324492457,1
2326,RMC_02_00046,0,non_landslide,77_39,1,77.77726019317333,39.86386362690892,raster-matched control,conventional_alphaearth_embeddings,Conventional + AlphaEarth Embeddings,0.6438607155237674,0.3491602156256933,1
2327,RMC_02_00168,0,non_landslide,63_26,1,63.95443375878418,26.44303328216327,raster-matched control,conventional_alphaearth_embeddings,Conventional + AlphaEarth Embeddings,0.14621218647605616,0.3491602156256933,0
2328,CPEC_ROCKFALL_0667,1,rockfall,69_30,5,69.15568098216993,30.44502969812393,Balochistan,conventional_alphaearth_embeddings,Conventional + AlphaEarth Embeddings,0.7888123751492823,0.3226873891884655,1
2329,RMC_02_00482,0,non_landslide,74_36,2,74.79485344989651,36.24814460832785,raster-matched control,conventional_alphaearth_embeddings,Conventional + AlphaEarth Embeddings,0.47481185180348984,0.36703707324492457,1
2330,RMC_02_00451,0,non_landslide,74_36,2,74.8038366027377,36.55806338134908,raster-matched control,conventional_alphaearth_embeddings,Conventional + AlphaEarth Embeddings,0.9230331214297299,0.36703707324492457,1
2331,RMC_02_01379,0,non_landslide,77_37,2,77.08780321261159,37.514769158936375,raster-matched control,conventional_alphaearth_embeddings,Conventional + AlphaEarth Embeddings,0.10953386563735402,0.36703707324492457,0
2332,CPEC_LANDSLIDE_0128,1,landslide,74_36,2,74.83752551278435,36.59624366472514,Gilgit-Baltistan,conventional_alphaearth_embeddings,Conventional + AlphaEarth Embeddings,0.1640619270713835,0.36703707324492457,0
2333,RMC_02_00329,0,non_landslide,65_25,1,65.61182545798471,25.569421668357037,raster-matched control,conventional_alphaearth_embeddings,Conventional + AlphaEarth Embeddings,0.8316491403300548,0.3491602156256933,1
2334,CPEC_LANDSLIDE_0762,1,landslide,72_34,1,72.79385707257536,34.02032354547369,KP-AJK,conventional_alphaearth_embeddings,Conventional + AlphaEarth Embeddings,0.9833218664094978,0.3491602156256933,1
2335,CPEC_LANDSLIDE_0122,1,landslide,74_36,2,74.91387870012251,36.79611841034479,Gilgit-Baltistan,conventional_alphaearth_embeddings,Conventional + AlphaEarth Embeddings,0.9716523364402785,0.36703707324492457,1
2336,CPEC_LANDSLIDE_0080,1,landslide,75_36,3,75.11375344574219,36.86573835509224,Gilgit-Baltistan,conventional_alphaearth_embeddings,Conventional + AlphaEarth Embeddings,0.9894189744066069,0.3548426373798784,1
2337,RMC_02_01372,0,non_landslide,74_35,5,74.633156698755,35.704663861435534,raster-matched control,conventional_alphaearth_embeddings,Conventional + AlphaEarth Embeddings,0.0399367861525602,0.3226873891884655,0
2338,RMC_02_00061,0,non_landslide,66_27,1,66.29454507391554,27.056133463574845,raster-matched control,conventional_alphaearth_embeddings,Conventional + AlphaEarth Embeddings,0.04528600191398526,0.3491602156256933,0
2339,CPEC_LANDSLIDE_0116,1,landslide,74_36,2,74.846506142306,36.76018251495507,Gilgit-Baltistan,conventional_alphaearth_embeddings,Conventional + AlphaEarth Embeddings,0.983823036520663,0.36703707324492457,1
2340,RMC_02_01259,0,non_landslide,73_35,4,73.5147541700262,35.52949238103223,raster-matched control,conventional_alphaearth_embeddings,Conventional + AlphaEarth Embeddings,0.06202132474625464,0.2712461075876357,0
2341,RMC_02_01443,0,non_landslide,62_26,5,62.308271000635166,26.483457469948647,raster-matched control,conventional_alphaearth_embeddings,Conventional + AlphaEarth Embeddings,0.12613547958362403,0.3226873891884655,0
2342,RMC_02_00637,0,non_landslide,75_38,2,75.46634412477586,38.81957210911997,raster-matched control,conventional_alphaearth_embeddings,Conventional + AlphaEarth Embeddings,0.2598541048087059,0.36703707324492457,0
2343,RMC_02_00276,0,non_landslide,69_28,1,69.29042654645414,28.855009820024183,raster-matched control,conventional_alphaearth_embeddings,Conventional + AlphaEarth Embeddings,0.10308369664823212,0.3491602156256933,0
2344,RMC_02_00465,0,non_landslide,74_36,2,74.8173113319995,36.320009831057405,raster-matched control,conventional_alphaearth_embeddings,Conventional + AlphaEarth Embeddings,0.13100768792967588,0.36703707324492457,0
2345,RMC_02_00569,0,non_landslide,77_36,5,77.37526410352984,36.43454502978265,raster-matched control,conventional_alphaearth_embeddings,Conventional + AlphaEarth Embeddings,0.05470148343544239,0.3226873891884655,0
2346,RMC_02_01285,0,non_landslide,73_35,4,73.48555892329232,35.560933415976415,raster-matched control,conventional_alphaearth_embeddings,Conventional + AlphaEarth Embeddings,0.09912758392243814,0.2712461075876357,0
2347,CPEC_LANDSLIDE_0234,1,landslide,74_36,2,74.3120070763326,36.29306046589924,Gilgit-Baltistan,conventional_alphaearth_embeddings,Conventional + AlphaEarth Embeddings,0.9512521424878987,0.36703707324492457,1
2348,RMC_02_00476,0,non_landslide,76_36,4,76.98000537851725,36.96455104741317,raster-matched control,conventional_alphaearth_embeddings,Conventional + AlphaEarth Embeddings,0.07962560615682074,0.2712461075876357,0
2349,RMC_02_01024,0,non_landslide,63_27,3,63.38400355336829,27.123507109883807,raster-matched control,conventional_alphaearth_embeddings,Conventional + AlphaEarth Embeddings,0.10026554613281885,0.3548426373798784,0
2350,RMC_02_00874,0,non_landslide,74_36,2,74.40633208951482,36.24365303190725,raster-matched control,conventional_alphaearth_embeddings,Conventional + AlphaEarth Embeddings,0.05930832357150306,0.36703707324492457,0
2351,CPEC_LANDSLIDE_1004,1,landslide,75_35,1,75.92673229070537,35.2240667930535,Gilgit-Baltistan,conventional_alphaearth_embeddings,Conventional + AlphaEarth Embeddings,0.9423875630611374,0.3491602156256933,1
2352,RMC_02_00440,0,non_landslide,74_36,2,74.8150655437892,36.72874328533179,raster-matched control,conventional_alphaearth_embeddings,Conventional + AlphaEarth Embeddings,0.12976984802444755,0.36703707324492457,0
2353,CPEC_ROCKFALL_0604,1,rockfall,66_29,5,66.95031661956088,29.843158074334024,Balochistan,conventional_alphaearth_embeddings,Conventional + AlphaEarth Embeddings,0.9844109970281629,0.3226873891884655,1
2354,CPEC_ROCKFALL_0436,1,rockfall,70_29,4,70.03153761108777,29.539974875508133,Punjab-Sindh lowland corridor,conventional_alphaearth_embeddings,Conventional + AlphaEarth Embeddings,0.9689201472039951,0.2712461075876357,1
2355,CPEC_LANDSLIDE_0348,1,landslide,75_37,5,75.19684879387313,37.919009237623534,"Kashgar (Xinjiang, China)",conventional_alphaearth_embeddings,Conventional + AlphaEarth Embeddings,0.972090565445424,0.3226873891884655,1
2356,RMC_02_00999,0,non_landslide,67_28,4,67.54320331884168,28.881959278547768,raster-matched control,conventional_alphaearth_embeddings,Conventional + AlphaEarth Embeddings,0.08199835712889425,0.2712461075876357,0
2357,RMC_02_00942,0,non_landslide,76_37,1,76.72398552254319,37.05438257582512,raster-matched control,conventional_alphaearth_embeddings,Conventional + AlphaEarth Embeddings,0.2032033553383257,0.3491602156256933,0
2358,RMC_02_00066,0,non_landslide,67_29,1,67.24226769866164,29.906038702444025,raster-matched control,conventional_alphaearth_embeddings,Conventional + AlphaEarth Embeddings,0.24289596544195424,0.3491602156256933,0
2359,CPEC_ROCKFALL_0334,1,rockfall,66_25,2,66.87395897312167,25.100052415693124,Balochistan,conventional_alphaearth_embeddings,Conventional + AlphaEarth Embeddings,0.14195110171949615,0.36703707324492457,0
2360,RMC_02_01454,0,non_landslide,65_27,5,65.58038442304053,27.902795618857493,raster-matched control,conventional_alphaearth_embeddings,Conventional + AlphaEarth Embeddings,0.10445250496055616,0.3226873891884655,0
2361,CPEC_LANDSLIDE_0460,1,landslide,75_38,2,75.01044945163699,38.71851267920322,"Kashgar (Xinjiang, China)",conventional_alphaearth_embeddings,Conventional + AlphaEarth Embeddings,0.9525341242115806,0.36703707324492457,1
2362,RMC_02_00000,0,non_landslide,74_35,5,74.68480982759188,35.43516927619968,raster-matched control,conventional_alphaearth_embeddings,Conventional + AlphaEarth Embeddings,0.16639323646114876,0.3226873891884655,0
2363,CPEC_LANDSLIDE_0142,1,landslide,74_36,2,74.90714099843076,36.47721688030551,Gilgit-Baltistan,conventional_alphaearth_embeddings,Conventional + AlphaEarth Embeddings,0.24190086027828026,0.36703707324492457,0
2364,CPEC_LANDSLIDE_0053,1,landslide,74_35,5,74.62641829161107,35.8124630134599,Gilgit-Baltistan,conventional_alphaearth_embeddings,Conventional + AlphaEarth Embeddings,0.9645378190087599,0.3226873891884655,1
2365,CPEC_LANDSLIDE_0093,1,landslide,74_36,2,74.95430491027305,36.88594700106646,Gilgit-Baltistan,conventional_alphaearth_embeddings,Conventional + AlphaEarth Embeddings,0.7207540887121177,0.36703707324492457,1
2366,RMC_02_00869,0,non_landslide,75_38,2,75.12498431681044,38.74995267460071,raster-matched control,conventional_alphaearth_embeddings,Conventional + AlphaEarth Embeddings,0.13063965535083896,0.36703707324492457,0
2367,RMC_02_01020,0,non_landslide,73_36,1,73.35305741888467,36.44128239441354,raster-matched control,conventional_alphaearth_embeddings,Conventional + AlphaEarth Embeddings,0.847759259871487,0.3491602156256933,1
2368,CPEC_LANDSLIDE_0289,1,landslide,73_35,4,73.2991579448508,35.49805179818143,KP-AJK,conventional_alphaearth_embeddings,Conventional + AlphaEarth Embeddings,0.9817766369554811,0.2712461075876357,1
2369,CPEC_LANDSLIDE_0203,1,landslide,74_36,2,74.30302644681096,36.1448399468827,Gilgit-Baltistan,conventional_alphaearth_embeddings,Conventional + AlphaEarth Embeddings,0.7775627532697778,0.36703707324492457,1
2370,CPEC_ROCKFALL_0275,1,rockfall,66_27,1,66.28780568054516,27.087576314538182,Balochistan,conventional_alphaearth_embeddings,Conventional + AlphaEarth Embeddings,0.9683593736715259,0.3491602156256933,1
2371,RMC_02_00984,0,non_landslide,73_35,4,73.02068076376045,35.12525050317844,raster-matched control,conventional_alphaearth_embeddings,Conventional + AlphaEarth Embeddings,0.8765688183601246,0.2712461075876357,1
2372,CPEC_LANDSLIDE_0739,1,landslide,69_31,2,69.54644538478655,31.972164790503868,KP-AJK,conventional_alphaearth_embeddings,Conventional + AlphaEarth Embeddings,0.38160707103516006,0.36703707324492457,1
2373,RMC_02_01301,0,non_landslide,74_35,5,74.48718046508557,35.855131671525555,raster-matched control,conventional_alphaearth_embeddings,Conventional + AlphaEarth Embeddings,0.9082035161978999,0.3226873891884655,1
2374,CPEC_ROCKFALL_0654,1,rockfall,69_30,5,69.18487471676684,30.99299970837979,Balochistan,conventional_alphaearth_embeddings,Conventional + AlphaEarth Embeddings,0.9886136623703201,0.3226873891884655,1
2375,CPEC_LANDSLIDE_0261,1,landslide,74_35,5,74.02005635306034,35.43067924036492,Gilgit-Baltistan,conventional_alphaearth_embeddings,Conventional + AlphaEarth Embeddings,0.9846497298338436,0.3226873891884655,1
2376,CPEC_LANDSLIDE_0719,1,landslide,66_29,5,66.8829396026433,29.99137859335056,Balochistan,conventional_alphaearth_embeddings,Conventional + AlphaEarth Embeddings,0.9913053918374234,0.3226873891884655,1
2377,RMC_02_01198,0,non_landslide,66_26,4,66.15081462845642,26.256632860708468,raster-matched control,conventional_alphaearth_embeddings,Conventional + AlphaEarth Embeddings,0.08068397503773952,0.2712461075876357,0
2378,CPEC_ROCKFALL_0358,1,rockfall,66_27,1,66.51687861986278,27.743345092761096,Balochistan,conventional_alphaearth_embeddings,Conventional + AlphaEarth Embeddings,0.26502687873828906,0.3491602156256933,0
2379,CPEC_LANDSLIDE_0981,1,landslide,75_35,1,75.84812725733522,35.31389538377517,Gilgit-Baltistan,conventional_alphaearth_embeddings,Conventional + AlphaEarth Embeddings,0.9253164700127237,0.3491602156256933,1
2380,CPEC_ROCKFALL_0294,1,rockfall,66_27,1,66.44950606204627,27.53898003238061,Balochistan,conventional_alphaearth_embeddings,Conventional + AlphaEarth Embeddings,0.9827667886226253,0.3491602156256933,1
2381,CPEC_LANDSLIDE_0221,1,landslide,74_35,5,74.35692360124396,35.88432588603723,Gilgit-Baltistan,conventional_alphaearth_embeddings,Conventional + AlphaEarth Embeddings,0.8922034246321824,0.3226873891884655,1
2382,RMC_02_00237,0,non_landslide,66_27,1,66.49891180105273,27.747836232346877,raster-matched control,conventional_alphaearth_embeddings,Conventional + AlphaEarth Embeddings,0.14745401429209504,0.3491602156256933,0
2383,CPEC_LANDSLIDE_0477,1,landslide,75_38,2,75.06884137993187,38.7454590268692,"Kashgar (Xinjiang, China)",conventional_alphaearth_embeddings,Conventional + AlphaEarth Embeddings,0.9879482329573243,0.36703707324492457,1
2384,CPEC_ROCKFALL_0341,1,rockfall,66_27,1,66.34844499577096,27.7343600041384,Balochistan,conventional_alphaearth_embeddings,Conventional + AlphaEarth Embeddings,0.9762335151277377,0.3491602156256933,1
2385,CPEC_LANDSLIDE_0217,1,landslide,74_35,5,74.2042127674666,35.96742123416819,Gilgit-Baltistan,conventional_alphaearth_embeddings,Conventional + AlphaEarth Embeddings,0.9773638238437513,0.3226873891884655,1
2386,RMC_02_00215,0,non_landslide,70_32,5,70.77489255346165,32.306786299253446,raster-matched control,conventional_alphaearth_embeddings,Conventional + AlphaEarth Embeddings,0.1371527171075315,0.3226873891884655,0
2387,RMC_02_00751,0,non_landslide,74_36,2,74.81057396736861,36.53335971103579,raster-matched control,conventional_alphaearth_embeddings,Conventional + AlphaEarth Embeddings,0.24466620941012596,0.36703707324492457,0
2388,CPEC_ROCKFALL_0068,1,rockfall,64_26,2,64.0128258322897,26.12188663579762,Balochistan,conventional_alphaearth_embeddings,Conventional + AlphaEarth Embeddings,0.9166730060733747,0.36703707324492457,1
2389,RMC_02_00095,0,non_landslide,75_38,2,75.47532727761705,38.80834316806848,raster-matched control,conventional_alphaearth_embeddings,Conventional + AlphaEarth Embeddings,0.07494787161792052,0.36703707324492457,0
2390,CPEC_LANDSLIDE_0768,1,landslide,72_34,1,72.80733247595887,34.03379894885719,KP-AJK,conventional_alphaearth_embeddings,Conventional + AlphaEarth Embeddings,0.9898716333416642,0.3491602156256933,1
2391,CPEC_ROCKFALL_0820,1,rockfall,75_35,1,75.85486495902698,35.30266736732259,Gilgit-Baltistan,conventional_alphaearth_embeddings,Conventional + AlphaEarth Embeddings,0.5899608429285976,0.3491602156256933,1
2392,CPEC_ROCKFALL_0026,1,rockfall,67_28,4,67.43540438676104,28.11839116416432,Balochistan,conventional_alphaearth_embeddings,Conventional + AlphaEarth Embeddings,0.974194608741678,0.2712461075876357,1
2393,CPEC_LANDSLIDE_0158,1,landslide,74_36,2,74.69828562328946,36.30428848235182,Gilgit-Baltistan,conventional_alphaearth_embeddings,Conventional + AlphaEarth Embeddings,0.8812712353784702,0.36703707324492457,1
2394,RMC_02_01317,0,non_landslide,74_35,5,74.17726169206435,35.394745088414304,raster-matched control,conventional_alphaearth_embeddings,Conventional + AlphaEarth Embeddings,0.18708929011535794,0.3226873891884655,0
2395,RMC_02_00720,0,non_landslide,75_35,1,75.9446970135695,35.69568070859434,raster-matched control,conventional_alphaearth_embeddings,Conventional + AlphaEarth Embeddings,0.3323787330913104,0.3491602156256933,0
2396,RMC_02_01012,0,non_landslide,69_31,2,69.86759411650094,31.93847703276444,raster-matched control,conventional_alphaearth_embeddings,Conventional + AlphaEarth Embeddings,0.06871453333913827,0.36703707324492457,0
2397,CPEC_ROCKFALL_0833,1,rockfall,74_35,5,74.7544301646534,35.507032427703066,Gilgit-Baltistan,conventional_alphaearth_embeddings,Conventional + AlphaEarth Embeddings,0.9835332110066608,0.3226873891884655,1
2398,RMC_02_00269,0,non_landslide,66_26,4,66.84251739722845,26.5755347865709,raster-matched control,conventional_alphaearth_embeddings,Conventional + AlphaEarth Embeddings,0.08180849444886544,0.2712461075876357,0
2399,RMC_02_00007,0,non_landslide,72_34,1,72.9420781764,34.768170177740934,raster-matched control,conventional_alphaearth_embeddings,Conventional + AlphaEarth Embeddings,0.11816857757545955,0.3491602156256933,0
2400,CPEC_LANDSLIDE_1009,1,landslide,74_35,5,74.68930053466677,35.55419633954536,Gilgit-Baltistan,conventional_alphaearth_embeddings,Conventional + AlphaEarth Embeddings,0.9657758894557635,0.3226873891884655,1
2401,RMC_02_00492,0,non_landslide,74_36,2,74.28955110257928,36.15831307991589,raster-matched control,conventional_alphaearth_embeddings,Conventional + AlphaEarth Embeddings,0.7444840845021762,0.36703707324492457,1
2402,RMC_02_00410,0,non_landslide,74_36,2,74.97002493029981,36.79611693164075,raster-matched control,conventional_alphaearth_embeddings,Conventional + AlphaEarth Embeddings,0.6407163764686257,0.36703707324492457,1
2403,CPEC_LANDSLIDE_0972,1,landslide,75_35,1,75.800967804594,35.33635587578137,Gilgit-Baltistan,conventional_alphaearth_embeddings,Conventional + AlphaEarth Embeddings,0.5996613330421365,0.3491602156256933,1
2404,CPEC_LANDSLIDE_1024,1,landslide,74_35,5,74.83303073892249,35.408218748358706,Gilgit-Baltistan,conventional_alphaearth_embeddings,Conventional + AlphaEarth Embeddings,0.9562436143872947,0.3226873891884655,1
2405,RMC_02_00586,0,non_landslide,75_39,4,75.50901410077154,39.97390724921356,raster-matched control,conventional_alphaearth_embeddings,Conventional + AlphaEarth Embeddings,0.608263507069666,0.2712461075876357,1
2406,CPEC_LANDSLIDE_0206,1,landslide,74_36,2,74.29853613205015,36.0842006316569,Gilgit-Baltistan,conventional_alphaearth_embeddings,Conventional + AlphaEarth Embeddings,0.9324954368065064,0.36703707324492457,1
2407,RMC_02_00880,0,non_landslide,74_36,2,74.28730531436898,36.17852517380858,raster-matched control,conventional_alphaearth_embeddings,Conventional + AlphaEarth Embeddings,0.07931934154534792,0.36703707324492457,0
2408,RMC_02_00375,0,non_landslide,67_28,4,67.09853725320251,28.650643092886995,raster-matched control,conventional_alphaearth_embeddings,Conventional + AlphaEarth Embeddings,0.23750637293193316,0.2712461075876357,0
2409,RMC_02_00792,0,non_landslide,63_26,1,63.95218797057389,26.06798665104337,raster-matched control,conventional_alphaearth_embeddings,Conventional + AlphaEarth Embeddings,0.13031852897051316,0.3491602156256933,0
2410,CPEC_ROCKFALL_0471,1,rockfall,69_29,3,69.1669089986225,29.0728528264523,Balochistan,conventional_alphaearth_embeddings,Conventional + AlphaEarth Embeddings,0.8750636459220883,0.3548426373798784,1
2411,CPEC_ROCKFALL_0922,1,rockfall,75_38,2,75.49104690407633,38.8846989163641,"Kashgar (Xinjiang, China)",conventional_alphaearth_embeddings,Conventional + AlphaEarth Embeddings,0.34609563336266336,0.36703707324492457,0
2412,RMC_02_01056,0,non_landslide,62_26,5,62.34644940021025,26.258878648918767,raster-matched control,conventional_alphaearth_embeddings,Conventional + AlphaEarth Embeddings,0.10751672454678868,0.3226873891884655,0
2413,CPEC_LANDSLIDE_0167,1,landslide,74_36,2,74.61968058991931,36.2773376755848,Gilgit-Baltistan,conventional_alphaearth_embeddings,Conventional + AlphaEarth Embeddings,0.5687832242173693,0.36703707324492457,1
2414,CPEC_LANDSLIDE_0235,1,landslide,74_36,2,74.30751676157178,36.29755078066006,Gilgit-Baltistan,conventional_alphaearth_embeddings,Conventional + AlphaEarth Embeddings,0.9645497619764554,0.36703707324492457,1
2415,CPEC_LANDSLIDE_0334,1,landslide,75_37,5,75.32710359474535,37.72362926586575,"Kashgar (Xinjiang, China)",conventional_alphaearth_embeddings,Conventional + AlphaEarth Embeddings,0.08176072095473465,0.3226873891884655,0
2416,RMC_02_00121,0,non_landslide,73_35,4,73.80895242557534,35.35656668883922,raster-matched control,conventional_alphaearth_embeddings,Conventional + AlphaEarth Embeddings,0.8363918488767006,0.2712461075876357,1
2417,CPEC_ROCKFALL_0359,1,rockfall,66_27,1,66.51912600679371,27.750082794452847,Balochistan,conventional_alphaearth_embeddings,Conventional + AlphaEarth Embeddings,0.8706694351347938,0.3491602156256933,1
2418,RMC_02_00502,0,non_landslide,74_35,5,74.30976319647198,35.9696668702508,raster-matched control,conventional_alphaearth_embeddings,Conventional + AlphaEarth Embeddings,0.04671833637537631,0.3226873891884655,0
2419,RMC_02_00889,0,non_landslide,77_37,2,77.13271897681757,37.35980977242576,raster-matched control,conventional_alphaearth_embeddings,Conventional + AlphaEarth Embeddings,0.0865262138195541,0.36703707324492457,0
2420,RMC_02_01018,0,non_landslide,71_35,2,71.95393136386852,35.720384378907625,raster-matched control,conventional_alphaearth_embeddings,Conventional + AlphaEarth Embeddings,0.7805207221510856,0.36703707324492457,1
2421,CPEC_LANDSLIDE_0616,1,landslide,65_27,5,65.31762568704377,27.914026103783844,Balochistan,conventional_alphaearth_embeddings,Conventional + AlphaEarth Embeddings,0.9754052769415875,0.3226873891884655,1
2422,CPEC_LANDSLIDE_0072,1,landslide,75_36,3,75.19235847911231,36.87022866985306,Gilgit-Baltistan,conventional_alphaearth_embeddings,Conventional + AlphaEarth Embeddings,0.85969792442178,0.3548426373798784,1
2423,CPEC_ROCKFALL_0452,1,rockfall,69_28,1,69.17139931338332,28.83704218544292,Balochistan,conventional_alphaearth_embeddings,Conventional + AlphaEarth Embeddings,0.8430433731145466,0.3491602156256933,1
2424,CPEC_ROCKFALL_0357,1,rockfall,66_27,1,66.51238830510198,27.76355819783636,Balochistan,conventional_alphaearth_embeddings,Conventional + AlphaEarth Embeddings,0.983748433566898,0.3491602156256933,1
2425,RMC_02_00321,0,non_landslide,62_25,3,62.862980688578965,25.908535688112156,raster-matched control,conventional_alphaearth_embeddings,Conventional + AlphaEarth Embeddings,0.08399518043194047,0.3548426373798784,0
2426,RMC_02_00185,0,non_landslide,66_27,1,66.29679086212585,27.05837925178514,raster-matched control,conventional_alphaearth_embeddings,Conventional + AlphaEarth Embeddings,0.06109480945024102,0.3491602156256933,0
2427,RMC_02_01282,0,non_landslide,73_35,4,73.64276409801323,35.556441839555816,raster-matched control,conventional_alphaearth_embeddings,Conventional + AlphaEarth Embeddings,0.160667299279035,0.2712461075876357,0
2428,RMC_02_00988,0,non_landslide,75_36,3,75.43490308983168,36.83429533121584,raster-matched control,conventional_alphaearth_embeddings,Conventional + AlphaEarth Embeddings,0.14076831327809827,0.3548426373798784,0
2429,CPEC_ROCKFALL_0432,1,rockfall,70_29,4,70.02929022415682,29.53548456074731,Punjab-Sindh lowland corridor,conventional_alphaearth_embeddings,Conventional + AlphaEarth Embeddings,0.9229175174044842,0.2712461075876357,1
2430,CPEC_LANDSLIDE_0432,1,landslide,75_38,2,75.00595913687617,38.570287701085626,"Kashgar (Xinjiang, China)",conventional_alphaearth_embeddings,Conventional + AlphaEarth Embeddings,0.7840014215407631,0.36703707324492457,1
2431,CPEC_LANDSLIDE_0256,1,landslide,74_35,5,74.21544078391918,35.40372843359789,Gilgit-Baltistan,conventional_alphaearth_embeddings,Conventional + AlphaEarth Embeddings,0.9807522009930333,0.3226873891884655,1
2432,RMC_02_00084,0,non_landslide,72_33,4,72.66584622653325,33.78002336520946,raster-matched control,conventional_alphaearth_embeddings,Conventional + AlphaEarth Embeddings,0.07454593531371241,0.2712461075876357,0
2433,RMC_02_00428,0,non_landslide,74_36,2,74.93409231893504,36.79611693164075,raster-matched control,conventional_alphaearth_embeddings,Conventional + AlphaEarth Embeddings,0.07595845445670808,0.36703707324492457,0
2434,CPEC_LANDSLIDE_0310,1,landslide,72_35,3,72.89716106668054,35.03317267695548,KP-AJK,conventional_alphaearth_embeddings,Conventional + AlphaEarth Embeddings,0.9889037529436149,0.3548426373798784,1
2435,RMC_02_01307,0,non_landslide,74_35,5,74.6129446048623,35.727121743538525,raster-matched control,conventional_alphaearth_embeddings,Conventional + AlphaEarth Embeddings,0.06856980674548475,0.3226873891884655,0
2436,RMC_02_00759,0,non_landslide,74_36,2,74.75667505032143,36.32674719568831,raster-matched control,conventional_alphaearth_embeddings,Conventional + AlphaEarth Embeddings,0.0735920453291011,0.36703707324492457,0
2437,RMC_02_00116,0,non_landslide,77_37,2,77.55941873677435,37.17340935097096,raster-matched control,conventional_alphaearth_embeddings,Conventional + AlphaEarth Embeddings,0.09894819764895615,0.36703707324492457,0
2438,CPEC_LANDSLIDE_0068,1,landslide,75_36,3,75.2260469875711,36.83654016139428,Gilgit-Baltistan,conventional_alphaearth_embeddings,Conventional + AlphaEarth Embeddings,0.9773774114818753,0.3548426373798784,1
2439,RMC_02_01352,0,non_landslide,77_36,5,77.54145243109195,36.288568796113225,raster-matched control,conventional_alphaearth_embeddings,Conventional + AlphaEarth Embeddings,0.1358048772222507,0.3226873891884655,0
2440,RMC_02_00945,0,non_landslide,75_36,3,75.22604478627389,36.85001584868792,raster-matched control,conventional_alphaearth_embeddings,Conventional + AlphaEarth Embeddings,0.45188974900917056,0.3548426373798784,1
2441,RMC_02_00684,0,non_landslide,73_33,5,73.42267685340394,33.928245387089184,raster-matched control,conventional_alphaearth_embeddings,Conventional + AlphaEarth Embeddings,0.12118717417236739,0.3226873891884655,0
2442,RMC_02_01290,0,non_landslide,74_36,2,74.92960074251444,36.48619815861952,raster-matched control,conventional_alphaearth_embeddings,Conventional + AlphaEarth Embeddings,0.5357553552326768,0.36703707324492457,1
2443,RMC_02_00358,0,non_landslide,67_29,1,67.40845602622375,29.65451042289056,raster-matched control,conventional_alphaearth_embeddings,Conventional + AlphaEarth Embeddings,0.08476840558955256,0.3491602156256933,0
2444,RMC_02_00344,0,non_landslide,70_32,5,70.09441872574112,32.94234436276801,raster-matched control,conventional_alphaearth_embeddings,Conventional + AlphaEarth Embeddings,0.11853954239156478,0.3226873891884655,0
2445,RMC_02_01117,0,non_landslide,71_33,3,71.18811758415663,33.398239369458665,raster-matched control,conventional_alphaearth_embeddings,Conventional + AlphaEarth Embeddings,0.05517138143501494,0.3548426373798784,0
2446,RMC_02_01459,0,non_landslide,65_28,2,65.03690367614821,28.812339844028507,raster-matched control,conventional_alphaearth_embeddings,Conventional + AlphaEarth Embeddings,0.7709789009001147,0.36703707324492457,1
2447,RMC_02_00695,0,non_landslide,73_33,5,73.56640729886307,33.86536331720082,raster-matched control,conventional_alphaearth_embeddings,Conventional + AlphaEarth Embeddings,0.6217867369489074,0.3226873891884655,1
2448,CPEC_LANDSLIDE_0240,1,landslide,74_36,2,74.54557033041104,36.26835704606316,Gilgit-Baltistan,conventional_alphaearth_embeddings,Conventional + AlphaEarth Embeddings,0.13508973819561224,0.36703707324492457,0
2449,CPEC_ROCKFALL_0707,1,rockfall,72_32,2,72.57601660881137,32.63916158517935,Punjab-Sindh lowland corridor,conventional_alphaearth_embeddings,Conventional + AlphaEarth Embeddings,0.9804251124109189,0.36703707324492457,1
2450,CPEC_ROCKFALL_0328,1,rockfall,66_25,2,66.8537458680464,25.06187359247352,Balochistan,conventional_alphaearth_embeddings,Conventional + AlphaEarth Embeddings,0.9761360196539649,0.36703707324492457,1
2451,CPEC_ROCKFALL_0721,1,rockfall,72_33,4,72.90839354223418,33.840657445828235,KP-AJK,conventional_alphaearth_embeddings,Conventional + AlphaEarth Embeddings,0.6629955544559308,0.2712461075876357,1
2452,CPEC_LANDSLIDE_0110,1,landslide,74_36,2,74.89591298197819,36.78264300696128,Gilgit-Baltistan,conventional_alphaearth_embeddings,Conventional + AlphaEarth Embeddings,0.17356475758772613,0.36703707324492457,0
2453,CPEC_LANDSLIDE_0436,1,landslide,74_38,1,74.99248373349266,38.583763104469135,"Kashgar (Xinjiang, China)",conventional_alphaearth_embeddings,Conventional + AlphaEarth Embeddings,0.9801220659776574,0.3491602156256933,1
2454,RMC_02_00441,0,non_landslide,75_36,3,75.06434803513237,36.86124478973942,raster-matched control,conventional_alphaearth_embeddings,Conventional + AlphaEarth Embeddings,0.019595703502659673,0.3548426373798784,0
2455,CPEC_LANDSLIDE_0135,1,landslide,74_36,2,74.86222893262045,36.53336142166944,Gilgit-Baltistan,conventional_alphaearth_embeddings,Conventional + AlphaEarth Embeddings,0.18832225878621903,0.36703707324492457,0
2456,CPEC_LANDSLIDE_0229,1,landslide,74_35,5,74.50963889412238,35.85064183667951,Gilgit-Baltistan,conventional_alphaearth_embeddings,Conventional + AlphaEarth Embeddings,0.9751554488431987,0.3226873891884655,1
2457,CPEC_LANDSLIDE_0702,1,landslide,66_27,1,66.59098887937105,27.85563417548897,Balochistan,conventional_alphaearth_embeddings,Conventional + AlphaEarth Embeddings,0.9692108287548096,0.3491602156256933,1
2458,RMC_02_00330,0,non_landslide,65_26,3,65.25923670896779,26.391380153326395,raster-matched control,conventional_alphaearth_embeddings,Conventional + AlphaEarth Embeddings,0.11538672107267028,0.3548426373798784,0
2459,CPEC_LANDSLIDE_1070,1,landslide,74_36,2,74.7836238992503,36.2077221899384,Gilgit-Baltistan,conventional_alphaearth_embeddings,Conventional + AlphaEarth Embeddings,0.6960121549672946,0.36703707324492457,1
2460,CPEC_LANDSLIDE_0338,1,landslide,75_37,5,75.25075040740718,37.88756811609569,"Kashgar (Xinjiang, China)",conventional_alphaearth_embeddings,Conventional + AlphaEarth Embeddings,0.9736888920117424,0.3226873891884655,1
2461,RMC_02_00753,0,non_landslide,74_36,2,74.87794761367756,36.38064611273548,raster-matched control,conventional_alphaearth_embeddings,Conventional + AlphaEarth Embeddings,0.347229290659878,0.36703707324492457,0
2462,CPEC_ROCKFALL_0669,1,rockfall,69_30,5,69.16241868386169,30.456257714576505,Balochistan,conventional_alphaearth_embeddings,Conventional + AlphaEarth Embeddings,0.9733661035186217,0.3226873891884655,1
2463,RMC_02_00125,0,non_landslide,67_30,3,67.59036487125795,30.445027872915738,raster-matched control,conventional_alphaearth_embeddings,Conventional + AlphaEarth Embeddings,0.046341864495109734,0.3548426373798784,0
2464,CPEC_ROCKFALL_0529,1,rockfall,67_29,1,67.90926859660968,29.68370507976385,Balochistan,conventional_alphaearth_embeddings,Conventional + AlphaEarth Embeddings,0.9793460385307442,0.3491602156256933,1
2465,CPEC_LANDSLIDE_0516,1,landslide,75_38,2,75.20358649556489,38.77240983363622,"Kashgar (Xinjiang, China)",conventional_alphaearth_embeddings,Conventional + AlphaEarth Embeddings,0.9799370477525997,0.36703707324492457,1
2466,RMC_02_01008,0,non_landslide,75_38,2,75.67071085191304,38.73647794533892,raster-matched control,conventional_alphaearth_embeddings,Conventional + AlphaEarth Embeddings,0.1396154465775528,0.36703707324492457,0
2467,CPEC_LANDSLIDE_0292,1,landslide,73_35,4,73.2452607904178,35.45538266020101,KP-AJK,conventional_alphaearth_embeddings,Conventional + AlphaEarth Embeddings,0.9551776264891091,0.2712461075876357,1
2468,RMC_02_01119,0,non_landslide,71_33,3,71.35430591171874,33.436417769033746,raster-matched control,conventional_alphaearth_embeddings,Conventional + AlphaEarth Embeddings,0.05367680629365662,0.3548426373798784,0
2469,CPEC_LANDSLIDE_0263,1,landslide,73_35,4,73.88306385049637,35.48008608003709,Gilgit-Baltistan,conventional_alphaearth_embeddings,Conventional + AlphaEarth Embeddings,0.9761970095101683,0.2712461075876357,1
2470,RMC_02_00296,0,non_landslide,67_29,1,67.53422016600048,29.47260157785636,raster-matched control,conventional_alphaearth_embeddings,Conventional + AlphaEarth Embeddings,0.4697207887691086,0.3491602156256933,1
2471,RMC_02_00421,0,non_landslide,74_36,2,74.83976921410249,36.753446955645074,raster-matched control,conventional_alphaearth_embeddings,Conventional + AlphaEarth Embeddings,0.18904453370419155,0.36703707324492457,0
2472,CPEC_LANDSLIDE_0888,1,landslide,73_34,2,73.47881958539519,34.40210731856866,KP-AJK,conventional_alphaearth_embeddings,Conventional + AlphaEarth Embeddings,0.925934151981154,0.36703707324492457,1
2473,CPEC_ROCKFALL_0001,1,rockfall,73_35,4,73.22504768534253,35.28245426224732,KP-AJK,conventional_alphaearth_embeddings,Conventional + AlphaEarth Embeddings,0.9841442610314186,0.2712461075876357,1
2474,CPEC_LANDSLIDE_0185,1,landslide,74_36,2,74.33222018140788,36.263866731302336,Gilgit-Baltistan,conventional_alphaearth_embeddings,Conventional + AlphaEarth Embeddings,0.9593587937401424,0.36703707324492457,1
2475,CPEC_LANDSLIDE_0209,1,landslide,74_35,5,74.38162702108005,35.96742123416819,Gilgit-Baltistan,conventional_alphaearth_embeddings,Conventional + AlphaEarth Embeddings,0.4251307175511446,0.3226873891884655,1
2476,CPEC_ROCKFALL_0108,1,rockfall,65_27,5,65.81394592979757,27.44914698255789,Balochistan,conventional_alphaearth_embeddings,Conventional + AlphaEarth Embeddings,0.9422750966510035,0.3226873891884655,1
2477,RMC_02_01206,0,non_landslide,66_26,4,66.33721504991122,26.580026362991497,raster-matched control,conventional_alphaearth_embeddings,Conventional + AlphaEarth Embeddings,0.0787928250513195,0.2712461075876357,0
2478,CPEC_ROCKFALL_0598,1,rockfall,66_29,5,66.89641500602683,29.95769008489178,Balochistan,conventional_alphaearth_embeddings,Conventional + AlphaEarth Embeddings,0.9690678742339521,0.3226873891884655,1
2479,CPEC_LANDSLIDE_0989,1,landslide,75_35,1,75.86385004764968,35.2487702128896,Gilgit-Baltistan,conventional_alphaearth_embeddings,Conventional + AlphaEarth Embeddings,0.6185484474012235,0.3491602156256933,1
2480,CPEC_ROCKFALL_0454,1,rockfall,69_28,1,69.17364670031426,28.83928957237386,Balochistan,conventional_alphaearth_embeddings,Conventional + AlphaEarth Embeddings,0.1818084068776047,0.3491602156256933,0
2481,RMC_02_01302,0,non_landslide,74_35,5,74.11213383396567,35.309405136422946,raster-matched control,conventional_alphaearth_embeddings,Conventional + AlphaEarth Embeddings,0.393573653741093,0.3226873891884655,1
2482,RMC_02_00480,0,non_landslide,74_36,2,74.6219277577035,36.3312387721089,raster-matched control,conventional_alphaearth_embeddings,Conventional + AlphaEarth Embeddings,0.08793125368510489,0.36703707324492457,0
2483,CPEC_ROCKFALL_0960,1,rockfall,75_38,2,75.54045374374851,38.98800736957033,"Kashgar (Xinjiang, China)",conventional_alphaearth_embeddings,Conventional + AlphaEarth Embeddings,0.9447526837632095,0.36703707324492457,1
2484,RMC_02_00552,0,non_landslide,74_39,3,74.2356521855321,39.79199840417936,raster-matched control,conventional_alphaearth_embeddings,Conventional + AlphaEarth Embeddings,0.08864861601916477,0.3548426373798784,0
2485,RMC_02_00212,0,non_landslide,66_27,1,66.5505649298896,27.66474206856582,raster-matched control,conventional_alphaearth_embeddings,Conventional + AlphaEarth Embeddings,0.15235988032468972,0.3491602156256933,0
2486,CPEC_ROCKFALL_0305,1,rockfall,66_27,1,66.5438294266298,27.63779371172497,Balochistan,conventional_alphaearth_embeddings,Conventional + AlphaEarth Embeddings,0.9801185455829778,0.3491602156256933,1
2487,RMC_02_01394,0,non_landslide,72_35,3,72.53783629854621,35.2060988787492,raster-matched control,conventional_alphaearth_embeddings,Conventional + AlphaEarth Embeddings,0.07035381732854568,0.3548426373798784,0
2488,RMC_02_00661,0,non_landslide,63_25,4,63.88256853605463,25.46162383426269,raster-matched control,conventional_alphaearth_embeddings,Conventional + AlphaEarth Embeddings,0.1721331673084539,0.2712461075876357,0
2489,RMC_02_00249,0,non_landslide,67_30,3,67.57239856557555,30.18002486410048,raster-matched control,conventional_alphaearth_embeddings,Conventional + AlphaEarth Embeddings,0.08543240480932347,0.3548426373798784,0
2490,CPEC_ROCKFALL_0613,1,rockfall,67_30,3,67.26697076266923,30.087949344865045,Balochistan,conventional_alphaearth_embeddings,Conventional + AlphaEarth Embeddings,0.9664565541934234,0.3548426373798784,1
2491,CPEC_LANDSLIDE_0117,1,landslide,74_36,2,74.84875352923693,36.76692021664684,Gilgit-Baltistan,conventional_alphaearth_embeddings,Conventional + AlphaEarth Embeddings,0.9412609009315579,0.36703707324492457,1
2492,RMC_02_01088,0,non_landslide,69_31,2,69.14220452457442,31.58588828374753,raster-matched control,conventional_alphaearth_embeddings,Conventional + AlphaEarth Embeddings,0.14170769955835702,0.36703707324492457,0
2493,RMC_02_01361,0,non_landslide,65_27,5,65.76903063270562,27.386264330488768,raster-matched control,conventional_alphaearth_embeddings,Conventional + AlphaEarth Embeddings,0.1360218570117399,0.3226873891884655,0
2494,CPEC_LANDSLIDE_0665,1,landslide,65_26,3,65.67246311247278,26.272354541745106,Balochistan,conventional_alphaearth_embeddings,Conventional + AlphaEarth Embeddings,0.13275484001958981,0.3548426373798784,0
2495,CPEC_ROCKFALL_0299,1,rockfall,66_27,1,66.48543749833493,27.579401783430097,Balochistan,conventional_alphaearth_embeddings,Conventional + AlphaEarth Embeddings,0.9696609217696306,0.3491602156256933,1
2496,RMC_02_00332,0,non_landslide,66_26,4,66.49217443642183,26.87422461854064,raster-matched control,conventional_alphaearth_embeddings,Conventional + AlphaEarth Embeddings,0.19382028575258164,0.2712461075876357,0
2497,RMC_02_00554,0,non_landslide,74_35,5,74.04700597586701,35.185886784856514,raster-matched control,conventional_alphaearth_embeddings,Conventional + AlphaEarth Embeddings,0.08006732069478498,0.3226873891884655,0
2498,RMC_02_00958,0,non_landslide,75_36,3,75.1878663866988,36.85226163689823,raster-matched control,conventional_alphaearth_embeddings,Conventional + AlphaEarth Embeddings,0.39153139724031716,0.3548426373798784,1
2499,RMC_02_00166,0,non_landslide,66_27,1,66.9256115610095,27.860125642861817,raster-matched control,conventional_alphaearth_embeddings,Conventional + AlphaEarth Embeddings,0.6782492867766085,0.3491602156256933,1
2500,RMC_02_00067,0,non_landslide,66_29,5,66.26534982718165,29.61184044689488,raster-matched control,conventional_alphaearth_embeddings,Conventional + AlphaEarth Embeddings,0.13334523573624407,0.3226873891884655,0
2501,RMC_02_01164,0,non_landslide,73_35,4,73.3126332310993,35.50478871071894,raster-matched control,conventional_alphaearth_embeddings,Conventional + AlphaEarth Embeddings,0.05889597605753932,0.2712461075876357,0
2502,CPEC_LANDSLIDE_0506,1,landslide,75_38,2,75.18337339048962,38.76342920411458,"Kashgar (Xinjiang, China)",conventional_alphaearth_embeddings,Conventional + AlphaEarth Embeddings,0.9182042652946133,0.36703707324492457,1
2503,CPEC_ROCKFALL_0686,1,rockfall,70_32,5,70.39086089217655,32.93335969538255,KP-AJK,conventional_alphaearth_embeddings,Conventional + AlphaEarth Embeddings,0.9943275624919632,0.3226873891884655,1
2504,RMC_02_00770,0,non_landslide,73_35,4,73.57539045170427,35.66423967365016,raster-matched control,conventional_alphaearth_embeddings,Conventional + AlphaEarth Embeddings,0.13045507756159483,0.2712461075876357,0
2505,CPEC_LANDSLIDE_0088,1,landslide,75_36,3,75.0261677828504,36.88370407323657,Gilgit-Baltistan,conventional_alphaearth_embeddings,Conventional + AlphaEarth Embeddings,0.7398183703443496,0.3548426373798784,1
2506,CPEC_ROCKFALL_0866,1,rockfall,73_35,4,73.59560344198493,35.53847354923092,KP-AJK,conventional_alphaearth_embeddings,Conventional + AlphaEarth Embeddings,0.9780501399458316,0.2712461075876357,1
2507,RMC_02_00782,0,non_landslide,63_27,3,63.64226919755265,27.39075590690936,raster-matched control,conventional_alphaearth_embeddings,Conventional + AlphaEarth Embeddings,0.12449697466616749,0.3548426373798784,0
2508,CPEC_ROCKFALL_0858,1,rockfall,74_35,5,74.19971799360472,35.39923811883707,Gilgit-Baltistan,conventional_alphaearth_embeddings,Conventional + AlphaEarth Embeddings,0.9848003004093521,0.3226873891884655,1
2509,CPEC_LANDSLIDE_0895,1,landslide,76_35,2,76.10190361648894,35.19711598628648,Gilgit-Baltistan,conventional_alphaearth_embeddings,Conventional + AlphaEarth Embeddings,0.08816379330650706,0.36703707324492457,0
2510,CPEC_LANDSLIDE_0934,1,landslide,72_35,3,72.59847264171653,35.41720383698141,KP-AJK,conventional_alphaearth_embeddings,Conventional + AlphaEarth Embeddings,0.7758611250057178,0.3548426373798784,1
2511,CPEC_ROCKFALL_0383,1,rockfall,67_28,4,67.07832403350214,28.02406779958078,Balochistan,conventional_alphaearth_embeddings,Conventional + AlphaEarth Embeddings,0.9756911664366585,0.2712461075876357,1
2512,CPEC_LANDSLIDE_1062,1,landslide,74_36,2,74.8083273190864,36.30204555452194,Gilgit-Baltistan,conventional_alphaearth_embeddings,Conventional + AlphaEarth Embeddings,0.8354046989508366,0.36703707324492457,1
2513,CPEC_LANDSLIDE_0977,1,landslide,75_35,1,75.8054581193548,35.34309357747314,Gilgit-Baltistan,conventional_alphaearth_embeddings,Conventional + AlphaEarth Embeddings,0.2365199207124247,0.3491602156256933,0
2514,RMC_02_01150,0,non_landslide,73_35,4,73.49005049971291,35.52050922819103,raster-matched control,conventional_alphaearth_embeddings,Conventional + AlphaEarth Embeddings,0.7106384604767269,0.2712461075876357,1
2515,CPEC_LANDSLIDE_0091,1,landslide,74_36,2,74.9812557170401,36.88145668630564,Gilgit-Baltistan,conventional_alphaearth_embeddings,Conventional + AlphaEarth Embeddings,0.4031594038991802,0.36703707324492457,1
2516,RMC_02_00442,0,non_landslide,74_36,2,74.60620724023141,36.60073335734476,raster-matched control,conventional_alphaearth_embeddings,Conventional + AlphaEarth Embeddings,0.47105139041790295,0.36703707324492457,1
2517,RMC_02_00093,0,non_landslide,74_35,5,74.8038366027377,35.464364522933565,raster-matched control,conventional_alphaearth_embeddings,Conventional + AlphaEarth Embeddings,0.2953787188027632,0.3226873891884655,0
2518,CPEC_LANDSLIDE_0962,1,landslide,75_35,1,75.49778460576809,35.36779699730923,Gilgit-Baltistan,conventional_alphaearth_embeddings,Conventional + AlphaEarth Embeddings,0.16658999005387015,0.3491602156256933,0
2519,CPEC_ROCKFALL_0584,1,rockfall,67_29,1,67.49154892812498,29.47035493076068,Balochistan,conventional_alphaearth_embeddings,Conventional + AlphaEarth Embeddings,0.9725336712305649,0.3491602156256933,1
2520,RMC_02_00716,0,non_landslide,73_33,5,73.49005049971291,33.95070326919217,raster-matched control,conventional_alphaearth_embeddings,Conventional + AlphaEarth Embeddings,0.1303877301028911,0.3226873891884655,0
2521,RMC_02_01131,0,non_landslide,73_35,4,73.21831012626676,35.25775200758608,raster-matched control,conventional_alphaearth_embeddings,Conventional + AlphaEarth Embeddings,0.09356414479727262,0.2712461075876357,0
2522,RMC_02_00975,0,non_landslide,75_36,3,75.05985645871178,36.86573636616002,raster-matched control,conventional_alphaearth_embeddings,Conventional + AlphaEarth Embeddings,0.643880313099069,0.3548426373798784,1
2523,RMC_02_01179,0,non_landslide,63_26,1,63.114508968132434,26.117393991669942,raster-matched control,conventional_alphaearth_embeddings,Conventional + AlphaEarth Embeddings,0.1476224002505329,0.3491602156256933,0
2524,CPEC_LANDSLIDE_0455,1,landslide,74_38,1,74.9857460318009,38.69156187243619,"Kashgar (Xinjiang, China)",conventional_alphaearth_embeddings,Conventional + AlphaEarth Embeddings,0.963629635519955,0.3491602156256933,1
2525,CPEC_LANDSLIDE_0215,1,landslide,74_35,5,74.19747506577484,35.97415893585996,Gilgit-Baltistan,conventional_alphaearth_embeddings,Conventional + AlphaEarth Embeddings,0.9467019072905544,0.3226873891884655,1
2526,CPEC_ROCKFALL_0402,1,rockfall,67_25,3,67.92498692782308,25.879338293096488,Punjab-Sindh lowland corridor,conventional_alphaearth_embeddings,Conventional + AlphaEarth Embeddings,0.9853938964054431,0.3548426373798784,1
2527,CPEC_LANDSLIDE_0689,1,landslide,66_27,1,66.46522439325966,27.565926380046587,Balochistan,conventional_alphaearth_embeddings,Conventional + AlphaEarth Embeddings,0.9654916891367334,0.3491602156256933,1
2528,RMC_02_00140,0,non_landslide,75_37,5,75.79198341526919,37.84490002585029,raster-matched control,conventional_alphaearth_embeddings,Conventional + AlphaEarth Embeddings,0.07174570549710932,0.3226873891884655,0
2529,CPEC_LANDSLIDE_0100,1,landslide,74_36,2,74.97002324148644,36.807346426797366,Gilgit-Baltistan,conventional_alphaearth_embeddings,Conventional + AlphaEarth Embeddings,0.10973663327195611,0.36703707324492457,0
2530,CPEC_LANDSLIDE_0026,1,landslide,76_38,3,76.045759075125,38.52761856310519,"Kashgar (Xinjiang, China)",conventional_alphaearth_embeddings,Conventional + AlphaEarth Embeddings,0.7806675897133528,0.3548426373798784,1
2531,CPEC_LANDSLIDE_0003,1,landslide,73_35,4,73.20483458026726,35.29592966563084,KP-AJK,conventional_alphaearth_embeddings,Conventional + AlphaEarth Embeddings,0.9795091709342092,0.2712461075876357,1
2532,CPEC_ROCKFALL_0363,1,rockfall,66_27,1,66.90764748158045,27.86910957887248,Balochistan,conventional_alphaearth_embeddings,Conventional + AlphaEarth Embeddings,0.9815250817227041,0.3491602156256933,1
2533,CPEC_LANDSLIDE_0503,1,landslide,75_38,2,75.18562077742055,38.74770641380013,"Kashgar (Xinjiang, China)",conventional_alphaearth_embeddings,Conventional + AlphaEarth Embeddings,0.9581241039742622,0.36703707324492457,1
2534,RMC_02_00775,0,non_landslide,75_38,2,75.27994370332105,38.7791479213346,raster-matched control,conventional_alphaearth_embeddings,Conventional + AlphaEarth Embeddings,0.08585402406992937,0.36703707324492457,0
2535,CPEC_LANDSLIDE_0985,1,landslide,75_35,1,75.85486495902698,35.307157682083414,Gilgit-Baltistan,conventional_alphaearth_embeddings,Conventional + AlphaEarth Embeddings,0.7194599993716513,0.3491602156256933,1
2536,RMC_02_00470,0,non_landslide,74_36,2,74.72074243895665,36.29081458432353,raster-matched control,conventional_alphaearth_embeddings,Conventional + AlphaEarth Embeddings,0.09613029201583181,0.36703707324492457,0
2537,CPEC_LANDSLIDE_0846,1,landslide,73_34,2,73.4541161655591,34.39087930211608,KP-AJK,conventional_alphaearth_embeddings,Conventional + AlphaEarth Embeddings,0.9891995798618972,0.36703707324492457,1
2538,RMC_02_01101,0,non_landslide,68_31,1,68.04176830152801,31.06261963074791,raster-matched control,conventional_alphaearth_embeddings,Conventional + AlphaEarth Embeddings,0.13129745474990906,0.3491602156256933,0
2539,RMC_02_00045,0,non_landslide,66_28,3,66.87171264396233,28.11614549883588,raster-matched control,conventional_alphaearth_embeddings,Conventional + AlphaEarth Embeddings,0.22606553679251723,0.3548426373798784,0
2540,CPEC_ROCKFALL_0394,1,rockfall,66_25,2,66.91438072417115,25.147211868434365,Balochistan,conventional_alphaearth_embeddings,Conventional + AlphaEarth Embeddings,0.9734220499757194,0.36703707324492457,1
2541,CPEC_LANDSLIDE_0987,1,landslide,75_35,1,75.85486495902698,35.286949036109185,Gilgit-Baltistan,conventional_alphaearth_embeddings,Conventional + AlphaEarth Embeddings,0.9752066054328353,0.3491602156256933,1
2542,CPEC_LANDSLIDE_1010,1,landslide,74_35,5,74.68481021990594,35.55194895261443,Gilgit-Baltistan,conventional_alphaearth_embeddings,Conventional + AlphaEarth Embeddings,0.6277770877802042,0.3226873891884655,1
2543,RMC_02_00253,0,non_landslide,66_26,4,66.11712780530193,26.72151102024032,raster-matched control,conventional_alphaearth_embeddings,Conventional + AlphaEarth Embeddings,0.12573930589231552,0.2712461075876357,0
2544,RMC_02_00311,0,non_landslide,69_32,4,69.9349677628099,32.140597971691335,raster-matched control,conventional_alphaearth_embeddings,Conventional + AlphaEarth Embeddings,0.1652307326263514,0.2712461075876357,0
2545,CPEC_LANDSLIDE_0488,1,landslide,75_38,2,75.09129741283702,38.75669150242281,"Kashgar (Xinjiang, China)",conventional_alphaearth_embeddings,Conventional + AlphaEarth Embeddings,0.9769752781873479,0.36703707324492457,1
2546,RMC_02_01260,0,non_landslide,73_35,4,73.92124183609027,35.48457661682625,raster-matched control,conventional_alphaearth_embeddings,Conventional + AlphaEarth Embeddings,0.09597921869219928,0.2712461075876357,0
2547,CPEC_ROCKFALL_0351,1,rockfall,66_27,1,66.49666551478751,27.77703360121988,Balochistan,conventional_alphaearth_embeddings,Conventional + AlphaEarth Embeddings,0.9864134150775453,0.3491602156256933,1
2548,CPEC_LANDSLIDE_0754,1,landslide,72_32,2,72.48618355898866,32.62119586703502,Punjab-Sindh lowland corridor,conventional_alphaearth_embeddings,Conventional + AlphaEarth Embeddings,0.8142749622519774,0.36703707324492457,1
2549,RMC_02_01465,0,non_landslide,74_35,5,74.61519039307261,35.63953600333687,raster-matched control,conventional_alphaearth_embeddings,Conventional + AlphaEarth Embeddings,0.05263350096196579,0.3226873891884655,0
2550,CPEC_ROCKFALL_0499,1,rockfall,68_29,2,68.52461116468206,29.322134411744138,Balochistan,conventional_alphaearth_embeddings,Conventional + AlphaEarth Embeddings,0.9751364774604758,0.36703707324492457,1
2551,RMC_02_00628,0,non_landslide,74_36,2,74.35018738425735,36.257127761169045,raster-matched control,conventional_alphaearth_embeddings,Conventional + AlphaEarth Embeddings,0.18710556095490474,0.36703707324492457,0
2552,CPEC_LANDSLIDE_0017,1,landslide,74_39,3,74.59273424225334,39.288943181465285,"Kashgar (Xinjiang, China)",conventional_alphaearth_embeddings,Conventional + AlphaEarth Embeddings,0.8070270829039281,0.3548426373798784,1
2553,RMC_02_01237,0,non_landslide,66_26,4,66.13284832277402,26.714773655609424,raster-matched control,conventional_alphaearth_embeddings,Conventional + AlphaEarth Embeddings,0.10139687004064755,0.2712461075876357,0
2554,RMC_02_00904,0,non_landslide,66_28,3,66.20920512192419,28.441784789329205,raster-matched control,conventional_alphaearth_embeddings,Conventional + AlphaEarth Embeddings,0.04571201223469547,0.3548426373798784,0
2555,CPEC_LANDSLIDE_0356,1,landslide,75_37,5,75.35180701458145,37.871849784882286,"Kashgar (Xinjiang, China)",conventional_alphaearth_embeddings,Conventional + AlphaEarth Embeddings,0.9696741926506958,0.3226873891884655,1
2556,CPEC_LANDSLIDE_1063,1,landslide,74_36,2,74.80158961739464,36.30428848235182,Gilgit-Baltistan,conventional_alphaearth_embeddings,Conventional + AlphaEarth Embeddings,0.9812246645749627,0.36703707324492457,1
2557,CPEC_ROCKFALL_0831,1,rockfall,74_35,5,74.73421705957813,35.53174030664021,Gilgit-Baltistan,conventional_alphaearth_embeddings,Conventional + AlphaEarth Embeddings,0.988953366515137,0.3226873891884655,1
2558,CPEC_ROCKFALL_0714,1,rockfall,71_33,3,71.36328827260886,33.44090795458893,KP-AJK,conventional_alphaearth_embeddings,Conventional + AlphaEarth Embeddings,0.9851429948844594,0.3548426373798784,1
2559,CPEC_ROCKFALL_0360,1,rockfall,66_27,1,66.82005735958762,27.801737021055967,Balochistan,conventional_alphaearth_embeddings,Conventional + AlphaEarth Embeddings,0.9658789507344645,0.3491602156256933,1
2560,RMC_02_00486,0,non_landslide,74_35,5,74.30078004363078,35.99886211698468,raster-matched control,conventional_alphaearth_embeddings,Conventional + AlphaEarth Embeddings,0.2529652800682638,0.3226873891884655,0
2561,CPEC_LANDSLIDE_0148,1,landslide,74_36,2,74.84201582754518,36.32225420049615,Gilgit-Baltistan,conventional_alphaearth_embeddings,Conventional + AlphaEarth Embeddings,0.11735029359309188,0.36703707324492457,0
2562,CPEC_LANDSLIDE_1016,1,landslide,74_35,5,74.69603823635852,35.5474586378536,Gilgit-Baltistan,conventional_alphaearth_embeddings,Conventional + AlphaEarth Embeddings,0.9845942983615064,0.3226873891884655,1
2563,RMC_02_00607,0,non_landslide,75_38,2,75.36303786710211,38.82181789733028,raster-matched control,conventional_alphaearth_embeddings,Conventional + AlphaEarth Embeddings,0.42205025266562646,0.36703707324492457,1
2564,RMC_02_00073,0,non_landslide,65_27,5,65.92174423100595,27.680462586037912,raster-matched control,conventional_alphaearth_embeddings,Conventional + AlphaEarth Embeddings,0.30650745910877053,0.3226873891884655,0
2565,RMC_02_00194,0,non_landslide,66_27,1,66.28107034465374,27.202109697244264,raster-matched control,conventional_alphaearth_embeddings,Conventional + AlphaEarth Embeddings,0.1141022029071922,0.3491602156256933,0
2566,CPEC_ROCKFALL_0438,1,rockfall,70_29,4,70.03378053891765,29.54446519026896,Punjab-Sindh lowland corridor,conventional_alphaearth_embeddings,Conventional + AlphaEarth Embeddings,0.9595251812502227,0.2712461075876357,1
2567,RMC_02_00520,0,non_landslide,73_35,4,73.45411788834812,35.522755016401334,raster-matched control,conventional_alphaearth_embeddings,Conventional + AlphaEarth Embeddings,0.11005661984156453,0.2712461075876357,0
2568,CPEC_LANDSLIDE_0522,1,landslide,75_38,2,75.27769675507317,38.788132623950666,"Kashgar (Xinjiang, China)",conventional_alphaearth_embeddings,Conventional + AlphaEarth Embeddings,0.902618626602364,0.36703707324492457,1
2569,RMC_02_00738,0,non_landslide,74_39,3,74.09192174007299,39.40796862021826,raster-matched control,conventional_alphaearth_embeddings,Conventional + AlphaEarth Embeddings,0.06715469783923174,0.3548426373798784,0
2570,RMC_02_00089,0,non_landslide,72_34,1,72.06846656259377,34.55032872134195,raster-matched control,conventional_alphaearth_embeddings,Conventional + AlphaEarth Embeddings,0.2251422771513199,0.3491602156256933,0
2571,RMC_02_00620,0,non_landslide,76_37,1,76.90140279115678,37.06336572866631,raster-matched control,conventional_alphaearth_embeddings,Conventional + AlphaEarth Embeddings,0.11277724947924389,0.3491602156256933,0
2572,RMC_02_01068,0,non_landslide,66_26,4,66.02055891225909,26.27909074281145,raster-matched control,conventional_alphaearth_embeddings,Conventional + AlphaEarth Embeddings,0.5029898290814452,0.2712461075876357,1
2573,CPEC_ROCKFALL_0588,1,rockfall,67_29,1,67.43091407200022,29.602857118563826,Balochistan,conventional_alphaearth_embeddings,Conventional + AlphaEarth Embeddings,0.9791969585363303,0.3491602156256933,1
2574,RMC_02_00515,0,non_landslide,74_36,2,74.31425477289257,36.19424569128068,raster-matched control,conventional_alphaearth_embeddings,Conventional + AlphaEarth Embeddings,0.5155007323994237,0.36703707324492457,1
2575,CPEC_ROCKFALL_0450,1,rockfall,69_28,1,69.17588962814415,28.830304483751167,Balochistan,conventional_alphaearth_embeddings,Conventional + AlphaEarth Embeddings,0.9640004418068921,0.3491602156256933,1
2576,RMC_02_00845,0,non_landslide,71_33,3,71.28019490077888,33.31739099388791,raster-matched control,conventional_alphaearth_embeddings,Conventional + AlphaEarth Embeddings,0.05965364639375859,0.3548426373798784,0
2577,RMC_02_00777,0,non_landslide,73_35,4,73.96840338850656,35.62156969765448,raster-matched control,conventional_alphaearth_embeddings,Conventional + AlphaEarth Embeddings,0.07724440627552895,0.2712461075876357,0
2578,RMC_02_00191,0,non_landslide,66_27,1,66.28107034465374,27.1414734155662,raster-matched control,conventional_alphaearth_embeddings,Conventional + AlphaEarth Embeddings,0.12427985132445218,0.3491602156256933,0
2579,RMC_02_00553,0,non_landslide,74_35,5,74.00882757629194,35.12300471496815,raster-matched control,conventional_alphaearth_embeddings,Conventional + AlphaEarth Embeddings,0.06725637669969052,0.3226873891884655,0
2580,RMC_02_01019,0,non_landslide,74_35,5,74.19522799774673,35.17465784380502,raster-matched control,conventional_alphaearth_embeddings,Conventional + AlphaEarth Embeddings,0.2788361415190359,0.3226873891884655,0
2581,CPEC_LANDSLIDE_0771,1,landslide,72_34,1,72.80957540378876,34.036041876687065,KP-AJK,conventional_alphaearth_embeddings,Conventional + AlphaEarth Embeddings,0.8070584917141588,0.3491602156256933,1
2582,RMC_02_00300,0,non_landslide,67_29,1,67.47807546074301,29.5736620473198,raster-matched control,conventional_alphaearth_embeddings,Conventional + AlphaEarth Embeddings,0.8117474845129548,0.3491602156256933,1
2583,RMC_02_00909,0,non_landslide,75_39,4,75.760542380325,39.65725111156143,raster-matched control,conventional_alphaearth_embeddings,Conventional + AlphaEarth Embeddings,0.081464459368203,0.2712461075876357,0
2584,CPEC_LANDSLIDE_0710,1,landslide,67_26,5,67.17713771284652,26.82032455200096,Punjab-Sindh lowland corridor,conventional_alphaearth_embeddings,Conventional + AlphaEarth Embeddings,0.7817723002487821,0.3226873891884655,1
2585,CPEC_LANDSLIDE_0481,1,landslide,75_38,2,75.08231232421433,38.75893443025271,"Kashgar (Xinjiang, China)",conventional_alphaearth_embeddings,Conventional + AlphaEarth Embeddings,0.18438616167252322,0.36703707324492457,0
2586,RMC_02_00687,0,non_landslide,73_34,2,73.3058958664684,34.489692439663884,raster-matched control,conventional_alphaearth_embeddings,Conventional + AlphaEarth Embeddings,0.11439192341971882,0.36703707324492457,0
2587,RMC_02_00602,0,non_landslide,75_40,1,75.46634412477586,40.03454353089163,raster-matched control,conventional_alphaearth_embeddings,Conventional + AlphaEarth Embeddings,0.2890763011467542,0.3491602156256933,0
2588,CPEC_ROCKFALL_0237,1,rockfall,66_26,4,66.19123938813173,26.18925919361413,Balochistan,conventional_alphaearth_embeddings,Conventional + AlphaEarth Embeddings,0.7199640474251084,0.2712461075876357,1
2589,CPEC_LANDSLIDE_0286,1,landslide,73_35,4,73.37326820435906,35.51377012939483,KP-AJK,conventional_alphaearth_embeddings,Conventional + AlphaEarth Embeddings,0.5957782965242728,0.2712461075876357,1
2590,RMC_02_00522,0,non_landslide,74_36,2,74.29853425542048,36.05500682224215,raster-matched control,conventional_alphaearth_embeddings,Conventional + AlphaEarth Embeddings,0.13493591783998052,0.36703707324492457,0
2591,RMC_02_00349,0,non_landslide,65_26,3,65.27046565001929,26.27909074281145,raster-matched control,conventional_alphaearth_embeddings,Conventional + AlphaEarth Embeddings,0.11277523217340614,0.3548426373798784,0
2592,CPEC_LANDSLIDE_0571,1,landslide,75_39,4,75.58986058342069,39.03965713707239,"Kashgar (Xinjiang, China)",conventional_alphaearth_embeddings,Conventional + AlphaEarth Embeddings,0.9695732248890966,0.2712461075876357,1
2593,RMC_02_01085,0,non_landslide,66_26,4,66.83128845617695,26.54633953983701,raster-matched control,conventional_alphaearth_embeddings,Conventional + AlphaEarth Embeddings,0.13789078820808368,0.2712461075876357,0
2594,RMC_02_00820,0,non_landslide,67_25,3,67.17264826414237,25.771542607283926,raster-matched control,conventional_alphaearth_embeddings,Conventional + AlphaEarth Embeddings,0.06620302588826837,0.3548426373798784,0
2595,CPEC_ROCKFALL_0792,1,rockfall,76_35,2,76.13109735108584,35.20385368797823,Gilgit-Baltistan,conventional_alphaearth_embeddings,Conventional + AlphaEarth Embeddings,0.9831349960420286,0.36703707324492457,1
2596,RMC_02_00351,0,non_landslide,63_26,1,63.83765277184865,26.02531667504769,raster-matched control,conventional_alphaearth_embeddings,Conventional + AlphaEarth Embeddings,0.10035440004462574,0.3491602156256933,0
2597,CPEC_LANDSLIDE_0639,1,landslide,65_27,5,65.63652721708307,27.148211170662936,Balochistan,conventional_alphaearth_embeddings,Conventional + AlphaEarth Embeddings,0.7602760866795117,0.3226873891884655,1
2598,RMC_02_01371,0,non_landslide,69_31,2,69.1961034416216,31.01321229012133,raster-matched control,conventional_alphaearth_embeddings,Conventional + AlphaEarth Embeddings,0.16006395267633733,0.36703707324492457,0
2599,CPEC_LANDSLIDE_0038,1,landslide,75_37,5,75.75829866661356,37.83591834859362,"Kashgar (Xinjiang, China)",conventional_alphaearth_embeddings,Conventional + AlphaEarth Embeddings,0.8695942318207845,0.3226873891884655,1
2600,CPEC_ROCKFALL_0647,1,rockfall,68_30,4,68.1540598671407,30.040785433022744,Balochistan,conventional_alphaearth_embeddings,Conventional + AlphaEarth Embeddings,0.15486035146925006,0.2712461075876357,0
2601,RMC_02_01097,0,non_landslide,67_30,3,67.77227371629215,30.696556152469206,raster-matched control,conventional_alphaearth_embeddings,Conventional + AlphaEarth Embeddings,0.06949670904427198,0.3548426373798784,0
2602,CPEC_ROCKFALL_0829,1,rockfall,74_35,5,74.73421705957813,35.5339832344701,Gilgit-Baltistan,conventional_alphaearth_embeddings,Conventional + AlphaEarth Embeddings,0.9784227873987411,0.3226873891884655,1
2603,CPEC_LANDSLIDE_0259,1,landslide,74_35,5,74.0267940547521,35.423941538673155,Gilgit-Baltistan,conventional_alphaearth_embeddings,Conventional + AlphaEarth Embeddings,0.9817102959779124,0.3226873891884655,1
2604,CPEC_LANDSLIDE_0955,1,landslide,75_35,1,75.36303949013507,35.48232900786697,Gilgit-Baltistan,conventional_alphaearth_embeddings,Conventional + AlphaEarth Embeddings,0.9724494710821889,0.3491602156256933,1
2605,CPEC_LANDSLIDE_0381,1,landslide,75_38,2,75.02392485502051,38.53884657955778,"Kashgar (Xinjiang, China)",conventional_alphaearth_embeddings,Conventional + AlphaEarth Embeddings,0.9896499840620407,0.36703707324492457,1
2606,CPEC_LANDSLIDE_0448,1,landslide,74_38,1,74.97227062841739,38.6376647180032,"Kashgar (Xinjiang, China)",conventional_alphaearth_embeddings,Conventional + AlphaEarth Embeddings,0.9883548583860372,0.3491602156256933,1
2607,CPEC_ROCKFALL_0631,1,rockfall,67_30,3,67.19735081792177,30.274348687101185,Balochistan,conventional_alphaearth_embeddings,Conventional + AlphaEarth Embeddings,0.97104283797362,0.3548426373798784,1
2608,RMC_02_00692,0,non_landslide,73_34,2,73.38225266561857,34.148332631698466,raster-matched control,conventional_alphaearth_embeddings,Conventional + AlphaEarth Embeddings,0.3084248034255693,0.36703707324492457,0
2609,RMC_02_00051,0,non_landslide,64_26,2,64.01057846404166,26.66761210319315,raster-matched control,conventional_alphaearth_embeddings,Conventional + AlphaEarth Embeddings,0.45265501785602613,0.36703707324492457,1
2610,CPEC_ROCKFALL_0371,1,rockfall,66_27,1,66.98175774108873,27.947710153141564,Balochistan,conventional_alphaearth_embeddings,Conventional + AlphaEarth Embeddings,0.9895976553483732,0.3491602156256933,1
2611,RMC_02_00054,0,non_landslide,67_29,1,67.3208702860221,29.87459766749984,raster-matched control,conventional_alphaearth_embeddings,Conventional + AlphaEarth Embeddings,0.19076055577119602,0.3491602156256933,0
2612,RMC_02_01058,0,non_landslide,65_26,3,65.76229326807473,26.452016435004467,raster-matched control,conventional_alphaearth_embeddings,Conventional + AlphaEarth Embeddings,0.10547666635748967,0.3548426373798784,0
2613,CPEC_ROCKFALL_0629,1,rockfall,67_30,3,67.20184559178365,30.281086388792943,Balochistan,conventional_alphaearth_embeddings,Conventional + AlphaEarth Embeddings,0.12455920504035538,0.3548426373798784,0
2614,CPEC_LANDSLIDE_0166,1,landslide,74_36,2,74.69379084942759,36.28857015113842,Gilgit-Baltistan,conventional_alphaearth_embeddings,Conventional + AlphaEarth Embeddings,0.9800602170413651,0.36703707324492457,1
2615,CPEC_LANDSLIDE_0642,1,landslide,65_27,5,65.638774604014,27.15270148542376,Balochistan,conventional_alphaearth_embeddings,Conventional + AlphaEarth Embeddings,0.9425268551778417,0.3226873891884655,1
2616,CPEC_LANDSLIDE_0936,1,landslide,72_35,3,72.6815679898475,35.58788484800415,KP-AJK,conventional_alphaearth_embeddings,Conventional + AlphaEarth Embeddings,0.9379540838363088,0.3548426373798784,1
2617,RMC_02_00246,0,non_landslide,68_30,4,68.78063262271631,30.202482746203465,raster-matched control,conventional_alphaearth_embeddings,Conventional + AlphaEarth Embeddings,0.10296448089391329,0.2712461075876357,0
2618,RMC_02_01114,0,non_landslide,69_31,2,69.99784983269826,31.41520837976482,raster-matched control,conventional_alphaearth_embeddings,Conventional + AlphaEarth Embeddings,0.2887348546226764,0.36703707324492457,0
2619,CPEC_LANDSLIDE_0127,1,landslide,74_36,2,74.846506142306,36.59399627779421,Gilgit-Baltistan,conventional_alphaearth_embeddings,Conventional + AlphaEarth Embeddings,0.8618464232469533,0.36703707324492457,1
2620,RMC_02_00298,0,non_landslide,64_26,2,64.03303634614464,26.10167347419785,raster-matched control,conventional_alphaearth_embeddings,Conventional + AlphaEarth Embeddings,0.08013889493227148,0.36703707324492457,0
2621,CPEC_ROCKFALL_0086,1,rockfall,65_27,5,65.63652721708307,27.15045855759388,Balochistan,conventional_alphaearth_embeddings,Conventional + AlphaEarth Embeddings,0.991356241958074,0.3226873891884655,1
2622,CPEC_LANDSLIDE_0854,1,landslide,73_34,2,73.44288814910652,34.40210731856866,KP-AJK,conventional_alphaearth_embeddings,Conventional + AlphaEarth Embeddings,0.983730024610168,0.36703707324492457,1
2623,CPEC_LANDSLIDE_0943,1,landslide,72_35,3,72.39859789609687,35.491314096489674,KP-AJK,conventional_alphaearth_embeddings,Conventional + AlphaEarth Embeddings,0.6090967606832804,0.3548426373798784,1
2624,RMC_02_01450,0,non_landslide,66_29,5,66.90989104353741,29.93074237275731,raster-matched control,conventional_alphaearth_embeddings,Conventional + AlphaEarth Embeddings,0.14245945721844336,0.3226873891884655,0
2625,RMC_02_01455,0,non_landslide,66_30,2,66.82679687975636,30.078964394637037,raster-matched control,conventional_alphaearth_embeddings,Conventional + AlphaEarth Embeddings,0.16587542590910875,0.36703707324492457,0
2626,RMC_02_00698,0,non_landslide,73_34,2,73.47882155866141,34.00909376265994,raster-matched control,conventional_alphaearth_embeddings,Conventional + AlphaEarth Embeddings,0.230774283344288,0.36703707324492457,0
2627,RMC_02_00812,0,non_landslide,67_26,5,67.05811306541713,26.91689459453632,raster-matched control,conventional_alphaearth_embeddings,Conventional + AlphaEarth Embeddings,0.06083270398423112,0.3226873891884655,0
2628,RMC_02_01064,0,non_landslide,66_28,3,66.32598610885972,28.2576301560847,raster-matched control,conventional_alphaearth_embeddings,Conventional + AlphaEarth Embeddings,0.13938694548307792,0.3548426373798784,0
2629,CPEC_ROCKFALL_0104,1,rockfall,65_27,5,65.82517394625015,27.44914698255789,Balochistan,conventional_alphaearth_embeddings,Conventional + AlphaEarth Embeddings,0.7838765236138987,0.3226873891884655,1
2630,CPEC_LANDSLIDE_0077,1,landslide,75_36,3,75.14744195420096,36.87696637154482,Gilgit-Baltistan,conventional_alphaearth_embeddings,Conventional + AlphaEarth Embeddings,0.9633338674460409,0.3548426373798784,1
2631,RMC_02_01100,0,non_landslide,65_28,2,65.20084621550002,28.778653020874025,raster-matched control,conventional_alphaearth_embeddings,Conventional + AlphaEarth Embeddings,0.15186291057486417,0.36703707324492457,0
2632,RMC_02_00112,0,non_landslide,75_35,1,75.43490308983168,35.41720297051729,raster-matched control,conventional_alphaearth_embeddings,Conventional + AlphaEarth Embeddings,0.11766603412239371,0.3491602156256933,0
2633,CPEC_ROCKFALL_0507,1,rockfall,68_29,2,68.48194202670163,29.33560981512765,Balochistan,conventional_alphaearth_embeddings,Conventional + AlphaEarth Embeddings,0.9529541693168998,0.36703707324492457,1
2634,CPEC_LANDSLIDE_0909,1,landslide,76_35,2,76.10190361648894,35.18813089766378,Gilgit-Baltistan,conventional_alphaearth_embeddings,Conventional + AlphaEarth Embeddings,0.9126235918267985,0.36703707324492457,1
2635,RMC_02_00938,0,non_landslide,75_38,2,75.20358690417089,38.93635309605551,raster-matched control,conventional_alphaearth_embeddings,Conventional + AlphaEarth Embeddings,0.06480232331804318,0.36703707324492457,0
2636,RMC_02_01065,0,non_landslide,66_28,3,66.38213081411719,28.09593340494319,raster-matched control,conventional_alphaearth_embeddings,Conventional + AlphaEarth Embeddings,0.16099690443946424,0.3548426373798784,0
2637,CPEC_ROCKFALL_0605,1,rockfall,66_29,5,66.94806923262995,29.840910687403085,Balochistan,conventional_alphaearth_embeddings,Conventional + AlphaEarth Embeddings,0.8663509513823999,0.3226873891884655,1
2638,CPEC_LANDSLIDE_1073,1,landslide,74_36,2,74.78137651231937,36.20098448824663,Gilgit-Baltistan,conventional_alphaearth_embeddings,Conventional + AlphaEarth Embeddings,0.09334791873543262,0.36703707324492457,0
2639,CPEC_ROCKFALL_0723,1,rockfall,72_33,4,72.91737417175581,33.82942942937566,KP-AJK,conventional_alphaearth_embeddings,Conventional + AlphaEarth Embeddings,0.967459694256739,0.2712461075876357,1
2640,RMC_02_00948,0,non_landslide,75_36,3,75.21930742164298,36.84103269584673,raster-matched control,conventional_alphaearth_embeddings,Conventional + AlphaEarth Embeddings,0.18035094021254416,0.3548426373798784,0
2641,RMC_02_00794,0,non_landslide,66_25,2,66.87171264396233,25.04390722714712,raster-matched control,conventional_alphaearth_embeddings,Conventional + AlphaEarth Embeddings,0.1804860945571284,0.36703707324492457,0
2642,CPEC_ROCKFALL_0465,1,rockfall,69_28,1,69.17364670031426,28.863992992209944,Balochistan,conventional_alphaearth_embeddings,Conventional + AlphaEarth Embeddings,0.9604750618011823,0.3491602156256933,1
2643,CPEC_LANDSLIDE_0336,1,landslide,75_37,5,75.32036589305359,37.72587219369564,"Kashgar (Xinjiang, China)",conventional_alphaearth_embeddings,Conventional + AlphaEarth Embeddings,0.17853815148157304,0.3226873891884655,0
2644,RMC_02_00505,0,non_landslide,73_35,4,73.40471054772155,35.52949238103223,raster-matched control,conventional_alphaearth_embeddings,Conventional + AlphaEarth Embeddings,0.3403493180144011,0.2712461075876357,1
2645,CPEC_LANDSLIDE_0566,1,landslide,75_38,2,75.49778460576809,38.92736805434451,"Kashgar (Xinjiang, China)",conventional_alphaearth_embeddings,Conventional + AlphaEarth Embeddings,0.9608489298489685,0.36703707324492457,1
2646,CPEC_LANDSLIDE_0904,1,landslide,76_35,2,76.09740884262706,35.1858879698339,Gilgit-Baltistan,conventional_alphaearth_embeddings,Conventional + AlphaEarth Embeddings,0.3372373186618994,0.36703707324492457,0
2647,RMC_02_00406,0,non_landslide,73_35,4,73.49005049971291,35.64178179154717,raster-matched control,conventional_alphaearth_embeddings,Conventional + AlphaEarth Embeddings,0.49056246327959496,0.2712461075876357,1
2648,CPEC_LANDSLIDE_0187,1,landslide,74_36,2,74.3501858995522,36.24140623929612,Gilgit-Baltistan,conventional_alphaearth_embeddings,Conventional + AlphaEarth Embeddings,0.18525972208102173,0.36703707324492457,0
2649,RMC_02_00532,0,non_landslide,74_36,2,74.38836578383243,36.22793251443516,raster-matched control,conventional_alphaearth_embeddings,Conventional + AlphaEarth Embeddings,0.08384181682886929,0.36703707324492457,0
2650,CPEC_ROCKFALL_0941,1,rockfall,75_38,2,75.50452230745985,38.93635314296721,"Kashgar (Xinjiang, China)",conventional_alphaearth_embeddings,Conventional + AlphaEarth Embeddings,0.9697415438146811,0.36703707324492457,1
2651,CPEC_LANDSLIDE_0044,1,landslide,75_35,1,75.12947623605662,35.60360317921754,Gilgit-Baltistan,conventional_alphaearth_embeddings,Conventional + AlphaEarth Embeddings,0.9804000584773175,0.3491602156256933,1
2652,CPEC_ROCKFALL_0650,1,rockfall,69_30,5,69.0186840205049,30.822318697357044,Balochistan,conventional_alphaearth_embeddings,Conventional + AlphaEarth Embeddings,0.9861756513493652,0.3226873891884655,1
2653,CPEC_LANDSLIDE_0869,1,landslide,73_34,2,73.45636355249003,34.40210731856866,KP-AJK,conventional_alphaearth_embeddings,Conventional + AlphaEarth Embeddings,0.9052990411356242,0.36703707324492457,1
2654,CPEC_LANDSLIDE_0098,1,landslide,74_36,2,74.96778031365656,36.82306475801076,Gilgit-Baltistan,conventional_alphaearth_embeddings,Conventional + AlphaEarth Embeddings,0.6442228680655339,0.36703707324492457,1
2655,CPEC_LANDSLIDE_0383,1,landslide,75_38,2,75.02167746808956,38.54109396648872,"Kashgar (Xinjiang, China)",conventional_alphaearth_embeddings,Conventional + AlphaEarth Embeddings,0.9892811970012418,0.36703707324492457,1
2656,CPEC_ROCKFALL_0836,1,rockfall,74_36,2,74.50514857936156,36.243653626227065,Gilgit-Baltistan,conventional_alphaearth_embeddings,Conventional + AlphaEarth Embeddings,0.9807426910786166,0.36703707324492457,1
2657,CPEC_LANDSLIDE_0438,1,landslide,74_38,1,74.98799341873183,38.5905008061609,"Kashgar (Xinjiang, China)",conventional_alphaearth_embeddings,Conventional + AlphaEarth Embeddings,0.9665424143512102,0.3491602156256933,1
2658,CPEC_LANDSLIDE_1080,1,landslide,74_36,2,74.85998154568951,36.223440521151794,Gilgit-Baltistan,conventional_alphaearth_embeddings,Conventional + AlphaEarth Embeddings,0.8694993494090476,0.36703707324492457,1
2659,RMC_02_01506,0,non_landslide,74_38,1,74.97227071851012,38.68257902829175,raster-matched control,conventional_alphaearth_embeddings,Conventional + AlphaEarth Embeddings,0.09510474198003586,0.3491602156256933,0
2660,RMC_02_01057,0,non_landslide,68_28,5,68.53584170779375,28.913400313491955,raster-matched control,conventional_alphaearth_embeddings,Conventional + AlphaEarth Embeddings,0.11624844456115126,0.3226873891884655,0
2661,CPEC_LANDSLIDE_0558,1,landslide,75_38,2,75.42367434625982,38.81507897161664,"Kashgar (Xinjiang, China)",conventional_alphaearth_embeddings,Conventional + AlphaEarth Embeddings,0.9781856252083112,0.36703707324492457,1
2662,CPEC_LANDSLIDE_0252,1,landslide,74_35,5,74.28281334173569,35.42169415174223,Gilgit-Baltistan,conventional_alphaearth_embeddings,Conventional + AlphaEarth Embeddings,0.98493634240124,0.3226873891884655,1
2663,RMC_02_01146,0,non_landslide,73_35,4,73.38899003024946,35.51377186356014,raster-matched control,conventional_alphaearth_embeddings,Conventional + AlphaEarth Embeddings,0.206512655191476,0.2712461075876357,0
2664,CPEC_LANDSLIDE_0997,1,landslide,75_35,1,75.91549981515173,35.22181940612256,Gilgit-Baltistan,conventional_alphaearth_embeddings,Conventional + AlphaEarth Embeddings,0.9232903298207557,0.3491602156256933,1
2665,RMC_02_01457,0,non_landslide,64_27,4,64.92686005384357,27.554698446261177,raster-matched control,conventional_alphaearth_embeddings,Conventional + AlphaEarth Embeddings,0.16473634515543908,0.2712461075876357,0
2666,CPEC_LANDSLIDE_0001,1,landslide,73_35,4,73.18911624905387,35.311652455945286,KP-AJK,conventional_alphaearth_embeddings,Conventional + AlphaEarth Embeddings,0.9834857673720554,0.2712461075876357,1
2667,RMC_02_01431,0,non_landslide,65_28,2,65.73534380955114,28.282333826397988,raster-matched control,conventional_alphaearth_embeddings,Conventional + AlphaEarth Embeddings,0.1221653514564266,0.36703707324492457,0
2668,CPEC_LANDSLIDE_0470,1,landslide,75_38,2,75.05985629130917,38.729740695655785,"Kashgar (Xinjiang, China)",conventional_alphaearth_embeddings,Conventional + AlphaEarth Embeddings,0.9486188059821282,0.36703707324492457,1
2669,RMC_02_00619,0,non_landslide,74_36,2,74.47819731224438,36.257127761169045,raster-matched control,conventional_alphaearth_embeddings,Conventional + AlphaEarth Embeddings,0.40232118136940553,0.36703707324492457,1
2670,CPEC_LANDSLIDE_0009,1,landslide,73_34,2,73.46759156894261,34.40884502026041,KP-AJK,conventional_alphaearth_embeddings,Conventional + AlphaEarth Embeddings,0.8085261851511689,0.36703707324492457,1
2671,RMC_02_00152,0,non_landslide,75_35,1,75.31587631468584,35.35432090062892,raster-matched control,conventional_alphaearth_embeddings,Conventional + AlphaEarth Embeddings,0.1066217795676946,0.3491602156256933,0
2672,CPEC_ROCKFALL_0936,1,rockfall,75_38,2,75.50003199269902,38.92287773958369,"Kashgar (Xinjiang, China)",conventional_alphaearth_embeddings,Conventional + AlphaEarth Embeddings,0.964694503620375,0.36703707324492457,1
2673,RMC_02_00281,0,non_landslide,69_29,3,69.84064465797735,29.227810662933784,raster-matched control,conventional_alphaearth_embeddings,Conventional + AlphaEarth Embeddings,0.07284412741859037,0.3548426373798784,0
2674,CPEC_LANDSLIDE_0326,1,landslide,75_36,3,75.54270113067945,36.88594700106646,"Kashgar (Xinjiang, China)",conventional_alphaearth_embeddings,Conventional + AlphaEarth Embeddings,0.9254181691652732,0.3548426373798784,1
2675,CPEC_LANDSLIDE_0712,1,landslide,70_29,4,70.02929022415682,29.53099424598649,Punjab-Sindh lowland corridor,conventional_alphaearth_embeddings,Conventional + AlphaEarth Embeddings,0.9654530969645733,0.2712461075876357,1
2676,CPEC_ROCKFALL_0071,1,rockfall,63_26,1,63.96341899261753,26.07697011088626,Balochistan,conventional_alphaearth_embeddings,Conventional + AlphaEarth Embeddings,0.965564870275245,0.3491602156256933,1
2677,CPEC_LANDSLIDE_0244,1,landslide,74_35,5,74.60396225870592,35.64402938936809,Gilgit-Baltistan,conventional_alphaearth_embeddings,Conventional + AlphaEarth Embeddings,0.9914466209948893,0.3226873891884655,1
2678,CPEC_LANDSLIDE_0728,1,landslide,69_30,5,69.12199247371115,30.923379763632344,Balochistan,conventional_alphaearth_embeddings,Conventional + AlphaEarth Embeddings,0.969000693325221,0.3226873891884655,1
2679,CPEC_LANDSLIDE_0521,1,landslide,75_38,2,75.27769675507317,38.78588523701974,"Kashgar (Xinjiang, China)",conventional_alphaearth_embeddings,Conventional + AlphaEarth Embeddings,0.9626700488047153,0.36703707324492457,1
2680,RMC_02_00258,0,non_landslide,66_26,4,66.20022196908299,26.595746880463587,raster-matched control,conventional_alphaearth_embeddings,Conventional + AlphaEarth Embeddings,0.10908456848860962,0.2712461075876357,0
2681,CPEC_ROCKFALL_0439,1,rockfall,70_29,4,70.03378053891764,29.54671257719989,Punjab-Sindh lowland corridor,conventional_alphaearth_embeddings,Conventional + AlphaEarth Embeddings,0.9804340910933397,0.2712461075876357,1
2682,RMC_02_01233,0,non_landslide,65_25,1,65.88132004322055,25.95345145231813,raster-matched control,conventional_alphaearth_embeddings,Conventional + AlphaEarth Embeddings,0.1255697471144481,0.3491602156256933,0
2683,CPEC_LANDSLIDE_0479,1,landslide,75_38,2,75.07557908162362,38.74321609903932,"Kashgar (Xinjiang, China)",conventional_alphaearth_embeddings,Conventional + AlphaEarth Embeddings,0.9687498681929319,0.36703707324492457,1
2684,CPEC_ROCKFALL_0839,1,rockfall,74_35,5,74.20645569529648,35.96293091940737,Gilgit-Baltistan,conventional_alphaearth_embeddings,Conventional + AlphaEarth Embeddings,0.9620084505702224,0.3226873891884655,1
2685,CPEC_ROCKFALL_0382,1,rockfall,67_28,4,67.04239259721348,28.00385469450552,Balochistan,conventional_alphaearth_embeddings,Conventional + AlphaEarth Embeddings,0.9384662862900262,0.2712461075876357,1
2686,CPEC_LANDSLIDE_0271,1,landslide,73_35,4,73.65848568504063,35.52275521801752,KP-AJK,conventional_alphaearth_embeddings,Conventional + AlphaEarth Embeddings,0.9755132962522396,0.2712461075876357,1
2687,CPEC_ROCKFALL_0643,1,rockfall,67_30,3,67.22654901161974,30.46748573102908,Balochistan,conventional_alphaearth_embeddings,Conventional + AlphaEarth Embeddings,0.9701113499219686,0.3548426373798784,1
2688,RMC_02_01333,0,non_landslide,75_40,1,75.3877415374154,40.16255345887866,raster-matched control,conventional_alphaearth_embeddings,Conventional + AlphaEarth Embeddings,0.11322157217480892,0.3491602156256933,0
2689,CPEC_LANDSLIDE_0775,1,landslide,72_34,1,72.02804213945446,34.53685243420169,KP-AJK,conventional_alphaearth_embeddings,Conventional + AlphaEarth Embeddings,0.41733616416670427,0.3491602156256933,1
2690,CPEC_LANDSLIDE_0756,1,landslide,72_32,2,72.59398232695571,32.634671270418536,Punjab-Sindh lowland corridor,conventional_alphaearth_embeddings,Conventional + AlphaEarth Embeddings,0.9701470891000227,0.36703707324492457,1
2691,CPEC_ROCKFALL_0018,1,rockfall,76_37,1,76.19846990890237,37.77977380722969,"Kashgar (Xinjiang, China)",conventional_alphaearth_embeddings,Conventional + AlphaEarth Embeddings,0.8483476691029048,0.3491602156256933,1
2692,RMC_02_01139,0,non_landslide,73_35,4,73.99086127060954,35.43966085262028,raster-matched control,conventional_alphaearth_embeddings,Conventional + AlphaEarth Embeddings,0.05494387082052012,0.2712461075876357,0
2693,RMC_02_00392,0,non_landslide,74_38,1,74.92510916609385,38.27609136222767,raster-matched control,conventional_alphaearth_embeddings,Conventional + AlphaEarth Embeddings,0.09276225852222275,0.3491602156256933,0
2694,CPEC_LANDSLIDE_0108,1,landslide,74_36,2,74.95430491027305,36.78488593479116,Gilgit-Baltistan,conventional_alphaearth_embeddings,Conventional + AlphaEarth Embeddings,0.5497142916982369,0.36703707324492457,1
2695,CPEC_LANDSLIDE_0372,1,landslide,74_38,1,74.9857460318009,38.374907729327845,"Kashgar (Xinjiang, China)",conventional_alphaearth_embeddings,Conventional + AlphaEarth Embeddings,0.9704622443669406,0.3491602156256933,1
2696,RMC_02_00774,0,non_landslide,74_35,5,74.11662541038628,35.556441839555816,raster-matched control,conventional_alphaearth_embeddings,Conventional + AlphaEarth Embeddings,0.2134828564396366,0.3226873891884655,0
2697,RMC_02_00494,0,non_landslide,74_36,2,74.28955110257928,36.16505044454679,raster-matched control,conventional_alphaearth_embeddings,Conventional + AlphaEarth Embeddings,0.21474001290317868,0.36703707324492457,0
2698,CPEC_LANDSLIDE_0947,1,landslide,75_35,1,75.19684879387313,35.59911286445672,Gilgit-Baltistan,conventional_alphaearth_embeddings,Conventional + AlphaEarth Embeddings,0.8463360318196873,0.3491602156256933,1
2699,CPEC_ROCKFALL_0867,1,rockfall,73_35,4,73.5776377238406,35.536230621401025,KP-AJK,conventional_alphaearth_embeddings,Conventional + AlphaEarth Embeddings,0.9771510713952752,0.2712461075876357,1
2700,RMC_02_00284,0,non_landslide,69_29,3,69.81144941124347,29.045901817899583,raster-matched control,conventional_alphaearth_embeddings,Conventional + AlphaEarth Embeddings,0.08753548683488444,0.3548426373798784,0
2701,CPEC_ROCKFALL_0911,1,rockfall,75_38,2,75.419184031499,38.81732635854758,"Kashgar (Xinjiang, China)",conventional_alphaearth_embeddings,Conventional + AlphaEarth Embeddings,0.9682840613504848,0.36703707324492457,1
2702,CPEC_ROCKFALL_0908,1,rockfall,75_38,2,75.4101989428763,38.81732635854758,"Kashgar (Xinjiang, China)",conventional_alphaearth_embeddings,Conventional + AlphaEarth Embeddings,0.9726508947295701,0.36703707324492457,1
2703,CPEC_LANDSLIDE_0115,1,landslide,74_36,2,74.83976844061424,36.74671157067261,Gilgit-Baltistan,conventional_alphaearth_embeddings,Conventional + AlphaEarth Embeddings,0.9551431337739568,0.36703707324492457,1
2704,RMC_02_00310,0,non_landslide,69_32,4,69.9461967038614,32.13161481885014,raster-matched control,conventional_alphaearth_embeddings,Conventional + AlphaEarth Embeddings,0.1763117241958772,0.2712461075876357,0
2705,RMC_02_00260,0,non_landslide,68_30,4,68.72673370566915,30.220449051885858,raster-matched control,conventional_alphaearth_embeddings,Conventional + AlphaEarth Embeddings,0.09385395595238816,0.2712461075876357,0
2706,RMC_02_01358,0,non_landslide,65_26,3,65.37377190769303,26.72375680845062,raster-matched control,conventional_alphaearth_embeddings,Conventional + AlphaEarth Embeddings,0.08283792750309463,0.3548426373798784,0
2707,CPEC_LANDSLIDE_0468,1,landslide,75_38,2,75.05311858961741,38.7454590268692,"Kashgar (Xinjiang, China)",conventional_alphaearth_embeddings,Conventional + AlphaEarth Embeddings,0.9882097541834162,0.36703707324492457,1
2708,CPEC_LANDSLIDE_0427,1,landslide,75_38,2,75.01044945163699,38.556816756803165,"Kashgar (Xinjiang, China)",conventional_alphaearth_embeddings,Conventional + AlphaEarth Embeddings,0.9850305716085076,0.36703707324492457,1
2709,CPEC_LANDSLIDE_0014,1,landslide,74_39,3,74.8173124077091,39.24627404348486,"Kashgar (Xinjiang, China)",conventional_alphaearth_embeddings,Conventional + AlphaEarth Embeddings,0.7990405105029121,0.3548426373798784,1
2710,CPEC_LANDSLIDE_0136,1,landslide,74_36,2,74.83976844061424,36.524376333046746,Gilgit-Baltistan,conventional_alphaearth_embeddings,Conventional + AlphaEarth Embeddings,0.984472977654136,0.36703707324492457,1
2711,CPEC_LANDSLIDE_0211,1,landslide,74_35,5,74.29853613205015,35.90229160418156,Gilgit-Baltistan,conventional_alphaearth_embeddings,Conventional + AlphaEarth Embeddings,0.9240837977758808,0.3226873891884655,1
2712,CPEC_ROCKFALL_0404,1,rockfall,67_25,3,67.92498692782308,25.8770953652666,Punjab-Sindh lowland corridor,conventional_alphaearth_embeddings,Conventional + AlphaEarth Embeddings,0.9809447385897088,0.3548426373798784,1
2713,CPEC_LANDSLIDE_0458,1,landslide,75_38,2,75.00146436301429,38.70952759058053,"Kashgar (Xinjiang, China)",conventional_alphaearth_embeddings,Conventional + AlphaEarth Embeddings,0.9897871226201606,0.36703707324492457,1
2714,CPEC_ROCKFALL_0349,1,rockfall,66_27,1,66.49441812785658,27.77703360121988,Balochistan,conventional_alphaearth_embeddings,Conventional + AlphaEarth Embeddings,0.9784794821963443,0.3491602156256933,1
2715,CPEC_ROCKFALL_0474,1,rockfall,69_29,3,69.1444485066163,29.09755624628839,Balochistan,conventional_alphaearth_embeddings,Conventional + AlphaEarth Embeddings,0.08381422564132943,0.3548426373798784,0
2716,RMC_02_01398,0,non_landslide,74_39,3,74.8442607905231,39.650513746930535,raster-matched control,conventional_alphaearth_embeddings,Conventional + AlphaEarth Embeddings,0.11252540037672953,0.3548426373798784,0
2717,CPEC_LANDSLIDE_0007,1,landslide,73_35,4,73.23852308872604,35.286949036109185,KP-AJK,conventional_alphaearth_embeddings,Conventional + AlphaEarth Embeddings,0.08899914561983345,0.2712461075876357,0
2718,RMC_02_00202,0,non_landslide,66_27,1,66.46297918968796,27.52101162310669,raster-matched control,conventional_alphaearth_embeddings,Conventional + AlphaEarth Embeddings,0.14496750347845969,0.3491602156256933,0
2719,CPEC_LANDSLIDE_0205,1,landslide,74_36,2,74.27832302697487,36.11115143842392,Gilgit-Baltistan,conventional_alphaearth_embeddings,Conventional + AlphaEarth Embeddings,0.10917883939942467,0.36703707324492457,0
2720,RMC_02_00371,0,non_landslide,66_27,1,66.84027160901815,27.469358494269823,raster-matched control,conventional_alphaearth_embeddings,Conventional + AlphaEarth Embeddings,0.784229052395431,0.3491602156256933,1
2721,RMC_02_01426,0,non_landslide,65_28,2,65.74208117418203,28.331741167024564,raster-matched control,conventional_alphaearth_embeddings,Conventional + AlphaEarth Embeddings,0.5760198181087319,0.36703707324492457,1
2722,CPEC_LANDSLIDE_0246,1,landslide,74_35,5,74.61069996039767,35.62381628429282,Gilgit-Baltistan,conventional_alphaearth_embeddings,Conventional + AlphaEarth Embeddings,0.9709010172480806,0.3226873891884655,1
2723,RMC_02_01314,0,non_landslide,71_35,2,71.74731884852103,35.47110188756446,raster-matched control,conventional_alphaearth_embeddings,Conventional + AlphaEarth Embeddings,0.08340947961848641,0.36703707324492457,0
2724,RMC_02_00804,0,non_landslide,66_27,1,66.80209320944307,27.27172913176353,raster-matched control,conventional_alphaearth_embeddings,Conventional + AlphaEarth Embeddings,0.1820878009907949,0.3491602156256933,0
2725,RMC_02_00308,0,non_landslide,65_26,3,65.48156974178737,26.973039299793783,raster-matched control,conventional_alphaearth_embeddings,Conventional + AlphaEarth Embeddings,0.22322486758354051,0.3548426373798784,0
2726,RMC_02_00829,0,non_landslide,70_31,3,70.07196084363812,31.889069692137863,raster-matched control,conventional_alphaearth_embeddings,Conventional + AlphaEarth Embeddings,0.0712189060784827,0.3548426373798784,0
2727,CPEC_ROCKFALL_0621,1,rockfall,67_30,3,67.20857883437435,30.274348687101185,Balochistan,conventional_alphaearth_embeddings,Conventional + AlphaEarth Embeddings,0.40660909220974595,0.3548426373798784,1
2728,RMC_02_00405,0,non_landslide,76_38,3,76.55330561856047,38.049266752987485,raster-matched control,conventional_alphaearth_embeddings,Conventional + AlphaEarth Embeddings,0.09378967604806149,0.3548426373798784,0
2729,CPEC_ROCKFALL_0567,1,rockfall,67_29,1,67.2243016246888,29.47934001938337,Balochistan,conventional_alphaearth_embeddings,Conventional + AlphaEarth Embeddings,0.732452984244197,0.3491602156256933,1
2730,CPEC_ROCKFALL_0944,1,rockfall,75_38,2,75.50901262222067,38.93860052989815,"Kashgar (Xinjiang, China)",conventional_alphaearth_embeddings,Conventional + AlphaEarth Embeddings,0.9848392923287678,0.36703707324492457,1
2731,RMC_02_01092,0,non_landslide,67_30,3,67.64650957651543,30.5191388838556,raster-matched control,conventional_alphaearth_embeddings,Conventional + AlphaEarth Embeddings,0.06044108414590573,0.3548426373798784,0
2732,RMC_02_01439,0,non_landslide,66_29,5,66.64713382293246,29.299675885663348,raster-matched control,conventional_alphaearth_embeddings,Conventional + AlphaEarth Embeddings,0.07520078925767225,0.3226873891884655,0
2733,RMC_02_00426,0,non_landslide,74_36,2,74.94307547177624,36.79611693164075,raster-matched control,conventional_alphaearth_embeddings,Conventional + AlphaEarth Embeddings,0.4258329079493657,0.36703707324492457,1
2734,CPEC_ROCKFALL_0807,1,rockfall,75_35,1,75.47981888762375,35.40597582052882,Gilgit-Baltistan,conventional_alphaearth_embeddings,Conventional + AlphaEarth Embeddings,0.8549727043098682,0.3491602156256933,1
2735,CPEC_ROCKFALL_0896,1,rockfall,75_38,2,75.20133910863396,38.7679195188754,"Kashgar (Xinjiang, China)",conventional_alphaearth_embeddings,Conventional + AlphaEarth Embeddings,0.9769376592011135,0.36703707324492457,1
2736,RMC_02_00709,0,non_landslide,73_34,2,73.3261079603611,34.505412957135974,raster-matched control,conventional_alphaearth_embeddings,Conventional + AlphaEarth Embeddings,0.15356678194424342,0.36703707324492457,0
2737,RMC_02_00851,0,non_landslide,74_38,1,74.88243919009817,38.799360015227286,raster-matched control,conventional_alphaearth_embeddings,Conventional + AlphaEarth Embeddings,0.07805405037107145,0.3491602156256933,0
2738,CPEC_LANDSLIDE_0090,1,landslide,74_36,2,74.99922143518441,36.85226295170872,Gilgit-Baltistan,conventional_alphaearth_embeddings,Conventional + AlphaEarth Embeddings,0.7059046096859863,0.36703707324492457,1
2739,RMC_02_00422,0,non_landslide,74_36,2,74.98125387135131,36.85450742510852,raster-matched control,conventional_alphaearth_embeddings,Conventional + AlphaEarth Embeddings,0.12386163701892565,0.36703707324492457,0
2740,CPEC_LANDSLIDE_0342,1,landslide,75_37,5,75.2170618989484,37.9010435194792,"Kashgar (Xinjiang, China)",conventional_alphaearth_embeddings,Conventional + AlphaEarth Embeddings,0.9857951359826393,0.3226873891884655,1
2741,CPEC_ROCKFALL_0209,1,rockfall,65_26,3,65.68369112892536,26.28358255819768,Balochistan,conventional_alphaearth_embeddings,Conventional + AlphaEarth Embeddings,0.9278278803291472,0.3548426373798784,1
2742,CPEC_LANDSLIDE_0027,1,landslide,76_38,3,76.04126430126313,38.52537563527532,"Kashgar (Xinjiang, China)",conventional_alphaearth_embeddings,Conventional + AlphaEarth Embeddings,0.9727554291979493,0.3548426373798784,1
2743,RMC_02_01248,0,non_landslide,69_29,3,69.99784983269826,29.941971313808807,raster-matched control,conventional_alphaearth_embeddings,Conventional + AlphaEarth Embeddings,0.05736195311323106,0.3548426373798784,0
2744,RMC_02_00821,0,non_landslide,66_26,4,66.93010313743011,26.752952055184505,raster-matched control,conventional_alphaearth_embeddings,Conventional + AlphaEarth Embeddings,0.10129250714730575,0.2712461075876357,0
2745,RMC_02_00473,0,non_landslide,76_36,4,76.98898853135844,36.92861843604838,raster-matched control,conventional_alphaearth_embeddings,Conventional + AlphaEarth Embeddings,0.10739067128019693,0.2712461075876357,0
2746,RMC_02_01423,0,non_landslide,76_39,5,76.14457216428609,39.62805586482754,raster-matched control,conventional_alphaearth_embeddings,Conventional + AlphaEarth Embeddings,0.1251088813587734,0.3226873891884655,0
2747,RMC_02_00239,0,non_landslide,77_39,1,77.75929388749094,39.875092567960415,raster-matched control,conventional_alphaearth_embeddings,Conventional + AlphaEarth Embeddings,0.15141921850877846,0.3491602156256933,0
2748,RMC_02_01471,0,non_landslide,69_32,4,69.89005199860392,32.25737895862687,raster-matched control,conventional_alphaearth_embeddings,Conventional + AlphaEarth Embeddings,0.06493962976079216,0.2712461075876357,0
2749,CPEC_LANDSLIDE_0646,1,landslide,65_27,5,65.82966872011202,27.467112700702227,Balochistan,conventional_alphaearth_embeddings,Conventional + AlphaEarth Embeddings,0.9495654822055338,0.3226873891884655,1
2750,CPEC_LANDSLIDE_0048,1,landslide,74_35,5,74.79709930263384,35.711401947184605,Gilgit-Baltistan,conventional_alphaearth_embeddings,Conventional + AlphaEarth Embeddings,0.9207765436887695,0.3226873891884655,1
2751,RMC_02_00550,0,non_landslide,75_38,2,75.0171864827161,38.55456910030472,raster-matched control,conventional_alphaearth_embeddings,Conventional + AlphaEarth Embeddings,0.10747194644293992,0.36703707324492457,0
2752,CPEC_LANDSLIDE_0036,1,landslide,75_37,5,75.68194102017435,37.82693325997093,"Kashgar (Xinjiang, China)",conventional_alphaearth_embeddings,Conventional + AlphaEarth Embeddings,0.9845544750960596,0.3226873891884655,1
2753,CPEC_ROCKFALL_0619,1,rockfall,67_30,3,67.20633590654447,30.276591614931068,Balochistan,conventional_alphaearth_embeddings,Conventional + AlphaEarth Embeddings,0.9768491319868492,0.3548426373798784,1
2754,RMC_02_00251,0,non_landslide,67_29,1,67.73184952850677,29.870106091079244,raster-matched control,conventional_alphaearth_embeddings,Conventional + AlphaEarth Embeddings,0.183170344094776,0.3491602156256933,0
2755,CPEC_ROCKFALL_0649,1,rockfall,69_30,5,69.0186840205049,30.811090680904464,Balochistan,conventional_alphaearth_embeddings,Conventional + AlphaEarth Embeddings,0.9817948649255858,0.3226873891884655,1
2756,RMC_02_01031,0,non_landslide,65_27,5,65.60284230514351,27.11901553346321,raster-matched control,conventional_alphaearth_embeddings,Conventional + AlphaEarth Embeddings,0.0901668235671484,0.3226873891884655,0
2757,CPEC_ROCKFALL_0456,1,rockfall,69_28,1,69.1826273298359,28.85950267744913,Balochistan,conventional_alphaearth_embeddings,Conventional + AlphaEarth Embeddings,0.6404626568892039,0.3491602156256933,1
2758,CPEC_LANDSLIDE_0169,1,landslide,74_36,2,74.59048685532241,36.30204555452194,Gilgit-Baltistan,conventional_alphaearth_embeddings,Conventional + AlphaEarth Embeddings,0.9636065339276981,0.36703707324492457,1
2759,RMC_02_00133,0,non_landslide,73_36,1,73.98636969418894,36.06623576329365,raster-matched control,conventional_alphaearth_embeddings,Conventional + AlphaEarth Embeddings,0.6834303530345499,0.3491602156256933,1
2760,RMC_02_00803,0,non_landslide,69_31,2,69.86085675187005,31.992375949811613,raster-matched control,conventional_alphaearth_embeddings,Conventional + AlphaEarth Embeddings,0.07259451065491677,0.36703707324492457,0
2761,RMC_02_01134,0,non_landslide,73_35,4,73.96166602387565,35.46885609935416,raster-matched control,conventional_alphaearth_embeddings,Conventional + AlphaEarth Embeddings,0.08134169033692489,0.2712461075876357,0
2762,CPEC_LANDSLIDE_0953,1,landslide,75_35,1,75.32710359474535,35.59461809059485,Gilgit-Baltistan,conventional_alphaearth_embeddings,Conventional + AlphaEarth Embeddings,0.9693551751650938,0.3491602156256933,1
2763,CPEC_LANDSLIDE_0906,1,landslide,76_35,2,76.09965622955801,35.1858879698339,Gilgit-Baltistan,conventional_alphaearth_embeddings,Conventional + AlphaEarth Embeddings,0.730825785598293,0.36703707324492457,1
2764,RMC_02_00665,0,non_landslide,63_26,1,63.961171123415085,26.092690321356656,raster-matched control,conventional_alphaearth_embeddings,Conventional + AlphaEarth Embeddings,0.16881816420101825,0.3491602156256933,0
2765,CPEC_ROCKFALL_0890,1,rockfall,75_38,2,75.16540767234528,38.74770641380013,"Kashgar (Xinjiang, China)",conventional_alphaearth_embeddings,Conventional + AlphaEarth Embeddings,0.9795031598203058,0.36703707324492457,1
2766,RMC_02_00105,0,non_landslide,76_37,1,76.97775959030695,37.40247974842144,raster-matched control,conventional_alphaearth_embeddings,Conventional + AlphaEarth Embeddings,0.08761005376227526,0.3491602156256933,0
2767,RMC_02_00623,0,non_landslide,74_35,5,74.56578305244604,35.46885609935416,raster-matched control,conventional_alphaearth_embeddings,Conventional + AlphaEarth Embeddings,0.7238135583688472,0.3226873891884655,1
2768,CPEC_LANDSLIDE_0921,1,landslide,76_35,2,76.15804815785287,35.176902881211205,Gilgit-Baltistan,conventional_alphaearth_embeddings,Conventional + AlphaEarth Embeddings,0.9562260359156661,0.36703707324492457,1
2769,RMC_02_01082,0,non_landslide,66_26,4,66.79086426839157,26.627187915407774,raster-matched control,conventional_alphaearth_embeddings,Conventional + AlphaEarth Embeddings,0.08332808683060053,0.2712461075876357,0
2770,CPEC_LANDSLIDE_0193,1,landslide,74_36,2,74.3209921649553,36.20098448824663,Gilgit-Baltistan,conventional_alphaearth_embeddings,Conventional + AlphaEarth Embeddings,0.09275159491321232,0.36703707324492457,0
2771,CPEC_LANDSLIDE_0988,1,landslide,75_35,1,75.85486495902698,35.286949036109185,Gilgit-Baltistan,conventional_alphaearth_embeddings,Conventional + AlphaEarth Embeddings,0.9752066054328353,0.3491602156256933,1
2772,CPEC_LANDSLIDE_0141,1,landslide,74_36,2,74.91387870012251,36.470479178613736,Gilgit-Baltistan,conventional_alphaearth_embeddings,Conventional + AlphaEarth Embeddings,0.9751675029163515,0.36703707324492457,1
2773,RMC_02_00099,0,non_landslide,74_35,5,74.70053034506397,35.56317920418671,raster-matched control,conventional_alphaearth_embeddings,Conventional + AlphaEarth Embeddings,0.2959073272661152,0.3226873891884655,0
2774,CPEC_LANDSLIDE_0196,1,landslide,74_36,2,74.2962887451192,36.19648971438476,Gilgit-Baltistan,conventional_alphaearth_embeddings,Conventional + AlphaEarth Embeddings,0.24447675989191137,0.36703707324492457,0
2775,CPEC_LANDSLIDE_0672,1,landslide,66_25,2,66.05648981339765,25.495311592171618,Balochistan,conventional_alphaearth_embeddings,Conventional + AlphaEarth Embeddings,0.4986690352786908,0.36703707324492457,1
2776,RMC_02_01153,0,non_landslide,73_35,4,73.62704358054114,35.533983957452826,raster-matched control,conventional_alphaearth_embeddings,Conventional + AlphaEarth Embeddings,0.9664057484866126,0.2712461075876357,1
2777,CPEC_LANDSLIDE_0752,1,landslide,72_32,2,72.47270815560513,32.616705552274205,Punjab-Sindh lowland corridor,conventional_alphaearth_embeddings,Conventional + AlphaEarth Embeddings,0.9632836453572688,0.36703707324492457,1
2778,RMC_02_00026,0,non_landslide,74_38,1,74.96777914208953,38.64664641692697,raster-matched control,conventional_alphaearth_embeddings,Conventional + AlphaEarth Embeddings,0.08656063882868424,0.3491602156256933,0
2779,CPEC_ROCKFALL_0514,1,rockfall,67_29,1,67.89129841936429,29.67247706331128,Balochistan,conventional_alphaearth_embeddings,Conventional + AlphaEarth Embeddings,0.22062845359975986,0.3491602156256933,0
2780,CPEC_ROCKFALL_0852,1,rockfall,74_35,5,74.57925883886983,35.489066709558735,Gilgit-Baltistan,conventional_alphaearth_embeddings,Conventional + AlphaEarth Embeddings,0.9688022846524015,0.3226873891884655,1
2781,CPEC_LANDSLIDE_0295,1,landslide,73_35,4,73.2205573705817,35.444154643748426,KP-AJK,conventional_alphaearth_embeddings,Conventional + AlphaEarth Embeddings,0.9812663503543982,0.2712461075876357,1
2782,RMC_02_00412,0,non_landslide,75_36,3,75.08905170544566,36.84327848405703,raster-matched control,conventional_alphaearth_embeddings,Conventional + AlphaEarth Embeddings,0.07958027410820243,0.3548426373798784,0
2783,CPEC_ROCKFALL_0087,1,rockfall,65_27,5,65.64551230570576,27.15045855759388,Balochistan,conventional_alphaearth_embeddings,Conventional + AlphaEarth Embeddings,0.9863822766685046,0.3226873891884655,1
2784,CPEC_LANDSLIDE_0092,1,landslide,74_36,2,74.96553292672563,36.897179476620096,Gilgit-Baltistan,conventional_alphaearth_embeddings,Conventional + AlphaEarth Embeddings,0.5422801084404973,0.36703707324492457,1
2785,CPEC_LANDSLIDE_0051,1,landslide,74_35,5,74.73196967264718,35.79224990838462,Gilgit-Baltistan,conventional_alphaearth_embeddings,Conventional + AlphaEarth Embeddings,0.9904970527770507,0.3226873891884655,1
2786,RMC_02_00787,0,non_landslide,65_26,3,65.33783929632826,26.717019443819723,raster-matched control,conventional_alphaearth_embeddings,Conventional + AlphaEarth Embeddings,0.1304578005341337,0.3548426373798784,0
2787,RMC_02_00573,0,non_landslide,75_40,1,75.40570784309779,40.0884424479388,raster-matched control,conventional_alphaearth_embeddings,Conventional + AlphaEarth Embeddings,0.2600705351195762,0.3491602156256933,0
2788,CPEC_LANDSLIDE_0983,1,landslide,75_35,1,75.85037464426617,35.311652455945286,Gilgit-Baltistan,conventional_alphaearth_embeddings,Conventional + AlphaEarth Embeddings,0.9352923264527766,0.3491602156256933,1
2789,RMC_02_01400,0,non_landslide,75_36,3,75.08680591723535,36.49068973504012,raster-matched control,conventional_alphaearth_embeddings,Conventional + AlphaEarth Embeddings,0.4517880299968501,0.3548426373798784,1
2790,RMC_02_00216,0,non_landslide,78_39,2,78.03103426093709,39.955940943531175,raster-matched control,conventional_alphaearth_embeddings,Conventional + AlphaEarth Embeddings,0.07671309116967737,0.36703707324492457,0
2791,CPEC_LANDSLIDE_0864,1,landslide,73_34,2,73.40021901112611,34.44926677130991,KP-AJK,conventional_alphaearth_embeddings,Conventional + AlphaEarth Embeddings,0.93575919400433,0.36703707324492457,1
2792,CPEC_LANDSLIDE_0121,1,landslide,74_36,2,74.80383700432557,36.71751337697464,Gilgit-Baltistan,conventional_alphaearth_embeddings,Conventional + AlphaEarth Embeddings,0.7296987241126228,0.36703707324492457,1
2793,CPEC_LANDSLIDE_0716,1,landslide,67_29,1,67.21531653606611,29.43217610754107,Balochistan,conventional_alphaearth_embeddings,Conventional + AlphaEarth Embeddings,0.32145754711304475,0.3491602156256933,0
2794,CPEC_ROCKFALL_0355,1,rockfall,66_27,1,66.51014091817102,27.76580112566624,Balochistan,conventional_alphaearth_embeddings,Conventional + AlphaEarth Embeddings,0.8660561706264397,0.3491602156256933,1
2795,CPEC_ROCKFALL_0894,1,rockfall,75_38,2,75.19235847911231,38.74995380073106,"Kashgar (Xinjiang, China)",conventional_alphaearth_embeddings,Conventional + AlphaEarth Embeddings,0.9802888891269522,0.36703707324492457,1
2796,CPEC_LANDSLIDE_0399,1,landslide,75_38,2,75.01718715332875,38.54558428124953,"Kashgar (Xinjiang, China)",conventional_alphaearth_embeddings,Conventional + AlphaEarth Embeddings,0.9888930375599908,0.36703707324492457,1
2797,CPEC_ROCKFALL_0445,1,rockfall,69_28,1,69.1826273298359,28.83255187068211,Balochistan,conventional_alphaearth_embeddings,Conventional + AlphaEarth Embeddings,0.7742322339220737,0.3491602156256933,1
2798,CPEC_LANDSLIDE_0907,1,landslide,76_35,2,76.09965622955801,35.18813089766378,Gilgit-Baltistan,conventional_alphaearth_embeddings,Conventional + AlphaEarth Embeddings,0.24865536510359895,0.36703707324492457,0
2799,CPEC_LANDSLIDE_0156,1,landslide,74_36,2,74.74993984989257,36.29755078066006,Gilgit-Baltistan,conventional_alphaearth_embeddings,Conventional + AlphaEarth Embeddings,0.15100445784923713,0.36703707324492457,0
2800,CPEC_ROCKFALL_0539,1,rockfall,67_29,1,67.92723431475402,29.697180483147367,Balochistan,conventional_alphaearth_embeddings,Conventional + AlphaEarth Embeddings,0.9631755316849574,0.3491602156256933,1
2801,RMC_02_00724,0,non_landslide,67_29,1,67.13222407635699,29.40971950796799,raster-matched control,conventional_alphaearth_embeddings,Conventional + AlphaEarth Embeddings,0.7802386688958143,0.3491602156256933,1
2802,RMC_02_00277,0,non_landslide,67_26,5,67.53197437779018,26.092690321356656,raster-matched control,conventional_alphaearth_embeddings,Conventional + AlphaEarth Embeddings,0.06931557369670421,0.3226873891884655,0
2803,RMC_02_00679,0,non_landslide,73_33,5,73.47657577045112,33.97316115129516,raster-matched control,conventional_alphaearth_embeddings,Conventional + AlphaEarth Embeddings,0.11208314248182152,0.3226873891884655,0
2804,CPEC_LANDSLIDE_0515,1,landslide,75_38,2,75.20133910863396,38.77240983363623,"Kashgar (Xinjiang, China)",conventional_alphaearth_embeddings,Conventional + AlphaEarth Embeddings,0.9825548620891393,0.36703707324492457,1
2805,RMC_02_00240,0,non_landslide,66_27,1,66.7481942923959,27.938728230222274,raster-matched control,conventional_alphaearth_embeddings,Conventional + AlphaEarth Embeddings,0.5663342799585146,0.3491602156256933,1
2806,CPEC_ROCKFALL_0380,1,rockfall,67_27,2,67.00196638706294,27.954447854833333,Balochistan,conventional_alphaearth_embeddings,Conventional + AlphaEarth Embeddings,0.9672795145698814,0.36703707324492457,1
2807,RMC_02_00028,0,non_landslide,75_40,1,75.31138473826523,40.21420658771554,raster-matched control,conventional_alphaearth_embeddings,Conventional + AlphaEarth Embeddings,0.11968874854897844,0.3491602156256933,0
2808,CPEC_LANDSLIDE_0465,1,landslide,75_38,2,75.03515287147309,38.738725784278486,"Kashgar (Xinjiang, China)",conventional_alphaearth_embeddings,Conventional + AlphaEarth Embeddings,0.9647690598127175,0.36703707324492457,1
2809,RMC_02_00840,0,non_landslide,71_33,3,71.47557847507488,33.730616024582886,raster-matched control,conventional_alphaearth_embeddings,Conventional + AlphaEarth Embeddings,0.9232644956789386,0.3548426373798784,1
2810,CPEC_LANDSLIDE_0881,1,landslide,73_34,2,73.48555728708695,34.38638452825421,KP-AJK,conventional_alphaearth_embeddings,Conventional + AlphaEarth Embeddings,0.6690563842119486,0.36703707324492457,1
2811,CPEC_ROCKFALL_0703,1,rockfall,72_32,2,72.41881100117214,32.57178902736284,Punjab-Sindh lowland corridor,conventional_alphaearth_embeddings,Conventional + AlphaEarth Embeddings,0.9494904741267052,0.36703707324492457,1
2812,RMC_02_00781,0,non_landslide,65_25,1,65.8296669143837,25.87260307674737,raster-matched control,conventional_alphaearth_embeddings,Conventional + AlphaEarth Embeddings,0.3695991468678675,0.3491602156256933,1
2813,RMC_02_00279,0,non_landslide,68_28,5,68.97152462059171,28.796619326556417,raster-matched control,conventional_alphaearth_embeddings,Conventional + AlphaEarth Embeddings,0.0777148546991515,0.3226873891884655,0
2814,RMC_02_01434,0,non_landslide,65_28,2,65.90377792532355,28.02182239400333,raster-matched control,conventional_alphaearth_embeddings,Conventional + AlphaEarth Embeddings,0.07193840239014085,0.36703707324492457,0
2815,RMC_02_01479,0,non_landslide,75_38,2,75.5629130178187,38.996989377733584,raster-matched control,conventional_alphaearth_embeddings,Conventional + AlphaEarth Embeddings,0.09262683291881155,0.36703707324492457,0
2816,RMC_02_01171,0,non_landslide,73_35,4,73.21606433805646,35.33410880673623,raster-matched control,conventional_alphaearth_embeddings,Conventional + AlphaEarth Embeddings,0.2551819981643827,0.2712461075876357,0
2817,RMC_02_00927,0,non_landslide,75_39,4,75.65274454623065,39.75157421639398,raster-matched control,conventional_alphaearth_embeddings,Conventional + AlphaEarth Embeddings,0.08626021020298581,0.2712461075876357,0
2818,RMC_02_01412,0,non_landslide,65_28,2,65.72860644492025,28.167798627672752,raster-matched control,conventional_alphaearth_embeddings,Conventional + AlphaEarth Embeddings,0.14260865350290036,0.36703707324492457,0
2819,RMC_02_01104,0,non_landslide,67_31,5,67.99011517269113,31.0828317246406,raster-matched control,conventional_alphaearth_embeddings,Conventional + AlphaEarth Embeddings,0.08582096552947077,0.3226873891884655,0
2820,RMC_02_00953,0,non_landslide,75_36,3,75.23727372732537,36.818574813743744,raster-matched control,conventional_alphaearth_embeddings,Conventional + AlphaEarth Embeddings,0.08227633835607212,0.3548426373798784,0
2821,CPEC_ROCKFALL_0462,1,rockfall,69_28,1,69.18038440200601,28.863992992209948,Balochistan,conventional_alphaearth_embeddings,Conventional + AlphaEarth Embeddings,0.9098149573197294,0.3491602156256933,1
2822,RMC_02_00582,0,non_landslide,75_40,1,75.42142836056988,40.0861966597285,raster-matched control,conventional_alphaearth_embeddings,Conventional + AlphaEarth Embeddings,0.1647502263475479,0.3491602156256933,0
2823,RMC_02_00530,0,non_landslide,74_36,2,74.57027462886663,36.26161933758964,raster-matched control,conventional_alphaearth_embeddings,Conventional + AlphaEarth Embeddings,0.08300937938251374,0.36703707324492457,0
2824,CPEC_LANDSLIDE_0257,1,landslide,74_35,5,74.19298029191297,35.39923811883707,Gilgit-Baltistan,conventional_alphaearth_embeddings,Conventional + AlphaEarth Embeddings,0.986849857499604,0.3226873891884655,1
2825,CPEC_ROCKFALL_0502,1,rockfall,68_29,2,68.51338314822948,29.32887211343589,Balochistan,conventional_alphaearth_embeddings,Conventional + AlphaEarth Embeddings,0.958416192463151,0.36703707324492457,1
2826,RMC_02_01296,0,non_landslide,74_35,5,74.14357486890987,35.34084617136713,raster-matched control,conventional_alphaearth_embeddings,Conventional + AlphaEarth Embeddings,0.25398539993709535,0.3226873891884655,0
2827,CPEC_LANDSLIDE_0940,1,landslide,72_35,3,72.53559039866083,35.51601751632576,KP-AJK,conventional_alphaearth_embeddings,Conventional + AlphaEarth Embeddings,0.9745121985114424,0.3548426373798784,1
2828,RMC_02_00632,0,non_landslide,74_36,2,74.67133509833008,36.30653510179562,raster-matched control,conventional_alphaearth_embeddings,Conventional + AlphaEarth Embeddings,0.2166619147973642,0.36703707324492457,0
2829,CPEC_ROCKFALL_0271,1,rockfall,66_27,1,66.28556275271528,27.085328927607247,Balochistan,conventional_alphaearth_embeddings,Conventional + AlphaEarth Embeddings,0.9721519843490692,0.3491602156256933,1
2830,CPEC_ROCKFALL_0656,1,rockfall,69_30,5,69.18712210369777,30.99524709531073,Balochistan,conventional_alphaearth_embeddings,Conventional + AlphaEarth Embeddings,0.9891434925799851,0.3226873891884655,1
2831,RMC_02_01148,0,non_landslide,73_35,4,73.4967878643438,35.52724659282193,raster-matched control,conventional_alphaearth_embeddings,Conventional + AlphaEarth Embeddings,0.0735402857361519,0.2712461075876357,0
2832,CPEC_LANDSLIDE_0956,1,landslide,75_35,1,75.36752980489588,35.47559130617523,Gilgit-Baltistan,conventional_alphaearth_embeddings,Conventional + AlphaEarth Embeddings,0.9777200076255939,0.3491602156256933,1
2833,RMC_02_00626,0,non_landslide,75_38,2,75.47308148940675,38.82406368554057,raster-matched control,conventional_alphaearth_embeddings,Conventional + AlphaEarth Embeddings,0.07894115651388083,0.36703707324492457,0
2834,RMC_02_00369,0,non_landslide,75_39,4,75.08006855260446,39.60110640630396,raster-matched control,conventional_alphaearth_embeddings,Conventional + AlphaEarth Embeddings,0.06390304075454249,0.2712461075876357,0
2835,CPEC_LANDSLIDE_0308,1,landslide,72_34,1,72.89491813885066,34.94333962713275,KP-AJK,conventional_alphaearth_embeddings,Conventional + AlphaEarth Embeddings,0.14167553994850415,0.3491602156256933,0
2836,CPEC_ROCKFALL_0819,1,rockfall,75_35,1,75.83689924088264,35.32737078715868,Gilgit-Baltistan,conventional_alphaearth_embeddings,Conventional + AlphaEarth Embeddings,0.9786538397943166,0.3491602156256933,1
2837,RMC_02_01215,0,non_landslide,71_31,4,71.90003244682136,31.484827814284085,raster-matched control,conventional_alphaearth_embeddings,Conventional + AlphaEarth Embeddings,0.08160962354016617,0.2712461075876357,0
2838,CPEC_LANDSLIDE_0543,1,landslide,75_38,2,75.37875782134847,38.81283604378676,"Kashgar (Xinjiang, China)",conventional_alphaearth_embeddings,Conventional + AlphaEarth Embeddings,0.975836737173915,0.36703707324492457,1
2839,RMC_02_00345,0,non_landslide,68_30,4,68.51787540211136,30.220449051885858,raster-matched control,conventional_alphaearth_embeddings,Conventional + AlphaEarth Embeddings,0.9363651380072652,0.2712461075876357,1
2840,RMC_02_01096,0,non_landslide,68_30,4,68.05299724257951,30.451765237546635,raster-matched control,conventional_alphaearth_embeddings,Conventional + AlphaEarth Embeddings,0.21195696820006815,0.2712461075876357,0
2841,RMC_02_00629,0,non_landslide,74_36,2,74.6219277577035,36.30428931358532,raster-matched control,conventional_alphaearth_embeddings,Conventional + AlphaEarth Embeddings,0.07542294262452315,0.36703707324492457,0
2842,RMC_02_01363,0,non_landslide,67_29,1,67.32536186244269,29.537729435955026,raster-matched control,conventional_alphaearth_embeddings,Conventional + AlphaEarth Embeddings,0.12918419252155044,0.3491602156256933,0
2843,RMC_02_00508,0,non_landslide,73_35,4,73.41593948877305,35.51601765177044,raster-matched control,conventional_alphaearth_embeddings,Conventional + AlphaEarth Embeddings,0.12295790027534464,0.2712461075876357,0
2844,RMC_02_01250,0,non_landslide,70_29,4,70.01806192659096,29.9599376194912,raster-matched control,conventional_alphaearth_embeddings,Conventional + AlphaEarth Embeddings,0.061997722547387814,0.2712461075876357,0
2845,CPEC_LANDSLIDE_0945,1,landslide,75_35,1,75.16091735758447,35.59686547752579,Gilgit-Baltistan,conventional_alphaearth_embeddings,Conventional + AlphaEarth Embeddings,0.9575091877210546,0.3491602156256933,1
2846,RMC_02_00040,0,non_landslide,69_31,2,69.77776258808899,31.947460185605635,raster-matched control,conventional_alphaearth_embeddings,Conventional + AlphaEarth Embeddings,0.08623373125229519,0.36703707324492457,0
2847,RMC_02_01002,0,non_landslide,66_29,5,66.29454507391554,29.528746283113826,raster-matched control,conventional_alphaearth_embeddings,Conventional + AlphaEarth Embeddings,0.14988837350195325,0.3226873891884655,0
2848,CPEC_ROCKFALL_0058,1,rockfall,65_27,5,65.14694913512209,27.40872077240735,Balochistan,conventional_alphaearth_embeddings,Conventional + AlphaEarth Embeddings,0.7084065848624381,0.3226873891884655,1
2849,RMC_02_00668,0,non_landslide,66_27,1,66.373147661276,27.74559044413657,raster-matched control,conventional_alphaearth_embeddings,Conventional + AlphaEarth Embeddings,0.1662307511910433,0.3491602156256933,0
2850,RMC_02_00155,0,non_landslide,75_35,1,75.7538050156941,35.07584316255187,raster-matched control,conventional_alphaearth_embeddings,Conventional + AlphaEarth Embeddings,0.13506409231947397,0.3491602156256933,0
2851,RMC_02_01267,0,non_landslide,76_36,4,76.97775959030695,36.99599208235735,raster-matched control,conventional_alphaearth_embeddings,Conventional + AlphaEarth Embeddings,0.10554629569987631,0.2712461075876357,0
2852,CPEC_ROCKFALL_0211,1,rockfall,65_26,3,65.67920081416455,26.281335171266733,Balochistan,conventional_alphaearth_embeddings,Conventional + AlphaEarth Embeddings,0.9834362051022627,0.3548426373798784,1
2853,CPEC_LANDSLIDE_1058,1,landslide,74_36,2,74.81955533553898,36.31327357097451,Gilgit-Baltistan,conventional_alphaearth_embeddings,Conventional + AlphaEarth Embeddings,0.25487737611173517,0.36703707324492457,0
2854,CPEC_LANDSLIDE_0711,1,landslide,70_29,4,70.02929022415682,29.53099424598649,Punjab-Sindh lowland corridor,conventional_alphaearth_embeddings,Conventional + AlphaEarth Embeddings,0.9654530969645733,0.2712461075876357,1
2855,CPEC_ROCKFALL_0483,1,rockfall,68_29,2,68.70876757908832,29.407472687704985,Balochistan,conventional_alphaearth_embeddings,Conventional + AlphaEarth Embeddings,0.9399773658504267,0.36703707324492457,1
2856,CPEC_LANDSLIDE_0512,1,landslide,75_38,2,75.19684879387313,38.76567213194446,"Kashgar (Xinjiang, China)",conventional_alphaearth_embeddings,Conventional + AlphaEarth Embeddings,0.9813370076399419,0.36703707324492457,1
2857,RMC_02_00134,0,non_landslide,73_36,1,73.9010297421976,36.1493299270747,raster-matched control,conventional_alphaearth_embeddings,Conventional + AlphaEarth Embeddings,0.7344270782998377,0.3491602156256933,1
2858,RMC_02_00457,0,non_landslide,76_36,4,76.98000537851725,36.95107631815137,raster-matched control,conventional_alphaearth_embeddings,Conventional + AlphaEarth Embeddings,0.10012551362212252,0.2712461075876357,0
2859,RMC_02_00343,0,non_landslide,71_34,5,71.33409381782606,34.175282090222055,raster-matched control,conventional_alphaearth_embeddings,Conventional + AlphaEarth Embeddings,0.0783012469693583,0.3226873891884655,0
2860,RMC_02_00827,0,non_landslide,67_30,3,67.94295362027486,30.02955705401046,raster-matched control,conventional_alphaearth_embeddings,Conventional + AlphaEarth Embeddings,0.10083995954769713,0.3548426373798784,0
2861,RMC_02_00559,0,non_landslide,75_38,2,75.02841542376758,38.729740580708025,raster-matched control,conventional_alphaearth_embeddings,Conventional + AlphaEarth Embeddings,0.08776405691246726,0.36703707324492457,0
2862,CPEC_ROCKFALL_0519,1,rockfall,67_29,1,67.88231778984266,29.681457692832915,Balochistan,conventional_alphaearth_embeddings,Conventional + AlphaEarth Embeddings,0.9519560662489035,0.3491602156256933,1
2863,CPEC_LANDSLIDE_0585,1,landslide,75_38,2,75.00595913687617,38.71851267920322,"Kashgar (Xinjiang, China)",conventional_alphaearth_embeddings,Conventional + AlphaEarth Embeddings,0.9845395114688934,0.36703707324492457,1
2864,RMC_02_00012,0,non_landslide,75_40,1,75.3899873256257,40.51289641968528,raster-matched control,conventional_alphaearth_embeddings,Conventional + AlphaEarth Embeddings,0.13205012596615467,0.3491602156256933,0
2865,RMC_02_00870,0,non_landslide,75_38,2,75.14519641070312,38.74546109818012,raster-matched control,conventional_alphaearth_embeddings,Conventional + AlphaEarth Embeddings,0.15644385210779976,0.36703707324492457,0
2866,CPEC_ROCKFALL_0406,1,rockfall,67_25,3,67.89129841936429,25.908536486794453,Punjab-Sindh lowland corridor,conventional_alphaearth_embeddings,Conventional + AlphaEarth Embeddings,0.9823630680829941,0.3548426373798784,1
2867,RMC_02_00244,0,non_landslide,64_26,2,64.42155770652634,26.380151212274903,raster-matched control,conventional_alphaearth_embeddings,Conventional + AlphaEarth Embeddings,0.0984361659872446,0.36703707324492457,0
2868,RMC_02_01222,0,non_landslide,70_31,3,70.23814917120023,31.95868912665713,raster-matched control,conventional_alphaearth_embeddings,Conventional + AlphaEarth Embeddings,0.09361585676404947,0.3548426373798784,0
2869,CPEC_LANDSLIDE_0852,1,landslide,73_34,2,73.44288814910652,34.39761700380784,KP-AJK,conventional_alphaearth_embeddings,Conventional + AlphaEarth Embeddings,0.9854238843579276,0.36703707324492457,1
2870,CPEC_LANDSLIDE_0596,1,landslide,67_28,4,67.41070096692495,28.039790589895222,Balochistan,conventional_alphaearth_embeddings,Conventional + AlphaEarth Embeddings,0.9724955893149292,0.2712461075876357,1
2871,CPEC_ROCKFALL_0947,1,rockfall,75_38,2,75.50901262222067,38.9453382315899,"Kashgar (Xinjiang, China)",conventional_alphaearth_embeddings,Conventional + AlphaEarth Embeddings,0.9776670669748052,0.36703707324492457,1
2872,CPEC_LANDSLIDE_0876,1,landslide,73_34,2,73.48555728708695,34.375156511801634,KP-AJK,conventional_alphaearth_embeddings,Conventional + AlphaEarth Embeddings,0.2495047739616278,0.36703707324492457,0
2873,RMC_02_00495,0,non_landslide,74_36,2,74.55455411139454,36.24814460832785,raster-matched control,conventional_alphaearth_embeddings,Conventional + AlphaEarth Embeddings,0.1121636468344406,0.36703707324492457,0
2874,RMC_02_01469,0,non_landslide,69_30,5,69.12872979531264,30.43379893186425,raster-matched control,conventional_alphaearth_embeddings,Conventional + AlphaEarth Embeddings,0.09129751706833289,0.3226873891884655,0
2875,CPEC_LANDSLIDE_0574,1,landslide,75_38,2,75.03066255671226,38.74770641380013,"Kashgar (Xinjiang, China)",conventional_alphaearth_embeddings,Conventional + AlphaEarth Embeddings,0.6219753316130296,0.36703707324492457,1
2876,CPEC_ROCKFALL_0910,1,rockfall,75_38,2,75.41693664456807,38.817326358547575,"Kashgar (Xinjiang, China)",conventional_alphaearth_embeddings,Conventional + AlphaEarth Embeddings,0.963225810278423,0.36703707324492457,1
2877,RMC_02_00542,0,non_landslide,75_38,2,75.03515278839848,38.431050748738286,raster-matched control,conventional_alphaearth_embeddings,Conventional + AlphaEarth Embeddings,0.1433411925446318,0.36703707324492457,0
2878,RMC_02_00529,0,non_landslide,73_35,4,73.46534682939962,35.599111815551495,raster-matched control,conventional_alphaearth_embeddings,Conventional + AlphaEarth Embeddings,0.6565574830834645,0.2712461075876357,1
2879,CPEC_ROCKFALL_0793,1,rockfall,76_35,2,76.13334473801679,35.20385368797823,Gilgit-Baltistan,conventional_alphaearth_embeddings,Conventional + AlphaEarth Embeddings,0.9753217852625353,0.36703707324492457,1
2880,CPEC_LANDSLIDE_0511,1,landslide,75_38,2,75.19684879387313,38.76342920411458,"Kashgar (Xinjiang, China)",conventional_alphaearth_embeddings,Conventional + AlphaEarth Embeddings,0.9826587323440017,0.36703707324492457,1
2881,CPEC_ROCKFALL_0353,1,rockfall,66_27,1,66.49891290171844,27.774786214288937,Balochistan,conventional_alphaearth_embeddings,Conventional + AlphaEarth Embeddings,0.9763996209802995,0.3491602156256933,1
2882,RMC_02_00540,0,non_landslide,75_38,2,75.04189015302939,38.45350863084127,raster-matched control,conventional_alphaearth_embeddings,Conventional + AlphaEarth Embeddings,0.15576636478519576,0.36703707324492457,0
2883,CPEC_LANDSLIDE_1017,1,landslide,74_35,5,74.69828562328946,35.5474586378536,Gilgit-Baltistan,conventional_alphaearth_embeddings,Conventional + AlphaEarth Embeddings,0.9677642690905727,0.3226873891884655,1
2884,CPEC_LANDSLIDE_0647,1,landslide,65_27,5,65.83415903487284,27.46936008763316,Balochistan,conventional_alphaearth_embeddings,Conventional + AlphaEarth Embeddings,0.9803838234830676,0.3226873891884655,1
2885,CPEC_LANDSLIDE_0589,1,landslide,66_27,1,66.91213779634127,27.88482791008588,Balochistan,conventional_alphaearth_embeddings,Conventional + AlphaEarth Embeddings,0.9537343650708141,0.3491602156256933,1
2886,RMC_02_00962,0,non_landslide,75_36,3,75.23951951553568,36.814083237323146,raster-matched control,conventional_alphaearth_embeddings,Conventional + AlphaEarth Embeddings,0.17205277514288075,0.3548426373798784,0
2887,CPEC_LANDSLIDE_1037,1,landslide,75_35,1,75.51126000915161,35.170165179519444,Gilgit-Baltistan,conventional_alphaearth_embeddings,Conventional + AlphaEarth Embeddings,0.4834109224745001,0.3491602156256933,1
2888,RMC_02_00605,0,non_landslide,75_38,2,75.26197739763866,38.7769021331243,raster-matched control,conventional_alphaearth_embeddings,Conventional + AlphaEarth Embeddings,0.12692856326257965,0.36703707324492457,0
2889,RMC_02_01185,0,non_landslide,69_32,4,69.95517985670259,32.29331156999165,raster-matched control,conventional_alphaearth_embeddings,Conventional + AlphaEarth Embeddings,0.06369339820431055,0.2712461075876357,0
2890,RMC_02_00624,0,non_landslide,75_38,2,75.34057998499912,38.81957210911997,raster-matched control,conventional_alphaearth_embeddings,Conventional + AlphaEarth Embeddings,0.08955862079573591,0.36703707324492457,0
2891,CPEC_LANDSLIDE_1013,1,landslide,74_35,5,74.69379084942759,35.549706024784555,Gilgit-Baltistan,conventional_alphaearth_embeddings,Conventional + AlphaEarth Embeddings,0.9681284748284178,0.3226873891884655,1
2892,RMC_02_00785,0,non_landslide,64_26,2,64.03752792256525,26.804605184021376,raster-matched control,conventional_alphaearth_embeddings,Conventional + AlphaEarth Embeddings,0.10126843162792236,0.36703707324492457,0
2893,RMC_02_00247,0,non_landslide,66_26,4,66.57526860020289,26.595746880463587,raster-matched control,conventional_alphaearth_embeddings,Conventional + AlphaEarth Embeddings,0.0833745273038382,0.2712461075876357,0
2894,RMC_02_00224,0,non_landslide,66_27,1,66.43827551937467,27.48507901174192,raster-matched control,conventional_alphaearth_embeddings,Conventional + AlphaEarth Embeddings,0.14756785069904824,0.3491602156256933,0
2895,RMC_02_01475,0,non_landslide,70_32,5,70.44925326296833,32.9670480330813,raster-matched control,conventional_alphaearth_embeddings,Conventional + AlphaEarth Embeddings,0.11189776579624719,0.3226873891884655,0
2896,RMC_02_00232,0,non_landslide,66_27,1,66.60895542335737,27.655758915724626,raster-matched control,conventional_alphaearth_embeddings,Conventional + AlphaEarth Embeddings,0.049828622847532915,0.3491602156256933,0
2897,RMC_02_00898,0,non_landslide,77_37,2,77.26072890480461,37.44739551262741,raster-matched control,conventional_alphaearth_embeddings,Conventional + AlphaEarth Embeddings,0.09444612465775425,0.36703707324492457,0
2898,RMC_02_00825,0,non_landslide,68_29,2,68.60321535410272,29.08183442926436,raster-matched control,conventional_alphaearth_embeddings,Conventional + AlphaEarth Embeddings,0.16099568320795354,0.36703707324492457,0
2899,CPEC_ROCKFALL_0535,1,rockfall,67_29,1,67.92273954089214,29.69269016838654,Balochistan,conventional_alphaearth_embeddings,Conventional + AlphaEarth Embeddings,0.9847052395283661,0.3491602156256933,1
2900,RMC_02_00982,0,non_landslide,73_35,4,73.02741812839136,35.10728419749606,raster-matched control,conventional_alphaearth_embeddings,Conventional + AlphaEarth Embeddings,0.07368946293957943,0.2712461075876357,0
2901,RMC_02_00969,0,non_landslide,75_36,3,75.12049274038984,36.86573636616002,raster-matched control,conventional_alphaearth_embeddings,Conventional + AlphaEarth Embeddings,0.047898391389297225,0.3548426373798784,0
2902,RMC_02_00536,0,non_landslide,74_39,3,74.18399905669524,39.78301525133816,raster-matched control,conventional_alphaearth_embeddings,Conventional + AlphaEarth Embeddings,0.11726990399516568,0.3548426373798784,0
2903,CPEC_LANDSLIDE_1078,1,landslide,74_36,2,74.74095476126988,36.23466853760437,Gilgit-Baltistan,conventional_alphaearth_embeddings,Conventional + AlphaEarth Embeddings,0.08682495246393857,0.36703707324492457,0
2904,CPEC_ROCKFALL_0712,1,rockfall,71_33,3,71.36328827260886,33.44540272845079,KP-AJK,conventional_alphaearth_embeddings,Conventional + AlphaEarth Embeddings,0.9918141011816537,0.3548426373798784,1
2905,RMC_02_00474,0,non_landslide,74_36,2,74.72747980358756,36.29081458432353,raster-matched control,conventional_alphaearth_embeddings,Conventional + AlphaEarth Embeddings,0.2235448697446642,0.36703707324492457,0
2906,RMC_02_01485,0,non_landslide,73_35,4,73.95043708282417,35.491313981457154,raster-matched control,conventional_alphaearth_embeddings,Conventional + AlphaEarth Embeddings,0.21312721791523984,0.2712461075876357,0
2907,RMC_02_01144,0,non_landslide,73_35,4,73.46085525297903,35.556441839555816,raster-matched control,conventional_alphaearth_embeddings,Conventional + AlphaEarth Embeddings,0.08001467793398226,0.2712461075876357,0
2908,RMC_02_00541,0,non_landslide,74_39,3,74.32997529036466,39.80771892165145,raster-matched control,conventional_alphaearth_embeddings,Conventional + AlphaEarth Embeddings,0.18214503703141088,0.3548426373798784,0
2909,CPEC_ROCKFALL_0864,1,rockfall,73_35,4,73.84263764034584,35.489066709558735,Gilgit-Baltistan,conventional_alphaearth_embeddings,Conventional + AlphaEarth Embeddings,0.9769016752250796,0.2712461075876357,1
2910,CPEC_ROCKFALL_0950,1,rockfall,75_38,2,75.49778460576809,38.94758115941979,"Kashgar (Xinjiang, China)",conventional_alphaearth_embeddings,Conventional + AlphaEarth Embeddings,0.5713792205844107,0.36703707324492457,1
2911,CPEC_LANDSLIDE_0066,1,landslide,75_36,3,75.2799441420041,36.838787548325215,Gilgit-Baltistan,conventional_alphaearth_embeddings,Conventional + AlphaEarth Embeddings,0.8630927011898134,0.3548426373798784,1
2912,RMC_02_00627,0,non_landslide,75_38,2,75.48206464224795,38.88469996721864,raster-matched control,conventional_alphaearth_embeddings,Conventional + AlphaEarth Embeddings,0.09988762046866989,0.36703707324492457,0
2913,RMC_02_00107,0,non_landslide,76_37,1,76.20296265775386,37.39574238379053,raster-matched control,conventional_alphaearth_embeddings,Conventional + AlphaEarth Embeddings,0.10120453932653714,0.3491602156256933,0
2914,CPEC_ROCKFALL_0470,1,rockfall,69_29,3,69.16017129693074,29.077343141213124,Balochistan,conventional_alphaearth_embeddings,Conventional + AlphaEarth Embeddings,0.9847354872959772,0.3548426373798784,1
2915,CPEC_LANDSLIDE_0743,1,landslide,70_29,4,70.02929022415682,29.95769008489178,Punjab-Sindh lowland corridor,conventional_alphaearth_embeddings,Conventional + AlphaEarth Embeddings,0.9788107541501228,0.2712461075876357,1
2916,RMC_02_00137,0,non_landslide,74_35,5,74.8038366027377,35.22631097264189,raster-matched control,conventional_alphaearth_embeddings,Conventional + AlphaEarth Embeddings,0.6064695444375068,0.3226873891884655,1
2917,CPEC_LANDSLIDE_0886,1,landslide,73_34,2,73.48106697232612,34.39985993163772,KP-AJK,conventional_alphaearth_embeddings,Conventional + AlphaEarth Embeddings,0.9378875238211042,0.36703707324492457,1
2918,CPEC_LANDSLIDE_0636,1,landslide,64_26,2,64.0128258322897,26.119639248866683,Balochistan,conventional_alphaearth_embeddings,Conventional + AlphaEarth Embeddings,0.9831287536650127,0.36703707324492457,1
2919,RMC_02_01128,0,non_landslide,73_35,4,73.21606433805646,35.293684618950856,raster-matched control,conventional_alphaearth_embeddings,Conventional + AlphaEarth Embeddings,0.31168751956123314,0.2712461075876357,1
2920,RMC_02_00231,0,non_landslide,69_32,4,69.84289044618765,32.246150017575374,raster-matched control,conventional_alphaearth_embeddings,Conventional + AlphaEarth Embeddings,0.05984573619271404,0.2712461075876357,0
2921,RMC_02_01049,0,non_landslide,64_25,5,64.94033478310536,25.74234736055004,raster-matched control,conventional_alphaearth_embeddings,Conventional + AlphaEarth Embeddings,0.13120367358223348,0.3226873891884655,0
2922,CPEC_ROCKFALL_0440,1,rockfall,70_29,4,70.03378053891765,29.54895996413082,Punjab-Sindh lowland corridor,conventional_alphaearth_embeddings,Conventional + AlphaEarth Embeddings,0.9772080418311525,0.2712461075876357,1
2923,RMC_02_00809,0,non_landslide,67_26,5,67.01768887763176,26.800113607600775,raster-matched control,conventional_alphaearth_embeddings,Conventional + AlphaEarth Embeddings,0.10866173510472767,0.3226873891884655,0
2924,RMC_02_00128,0,non_landslide,76_35,2,76.54656825392958,35.15669153812263,raster-matched control,conventional_alphaearth_embeddings,Conventional + AlphaEarth Embeddings,0.3949635631916398,0.36703707324492457,1
2925,CPEC_LANDSLIDE_0043,1,landslide,75_35,1,75.12947623605662,35.60360317921754,Gilgit-Baltistan,conventional_alphaearth_embeddings,Conventional + AlphaEarth Embeddings,0.9804000584773175,0.3491602156256933,1
2926,CPEC_LANDSLIDE_0701,1,landslide,66_27,1,66.56403807260402,27.592877186813613,Balochistan,conventional_alphaearth_embeddings,Conventional + AlphaEarth Embeddings,0.3307336383616213,0.3491602156256933,0
2927,CPEC_LANDSLIDE_0307,1,landslide,72_35,3,72.98474672957234,35.10504000863387,KP-AJK,conventional_alphaearth_embeddings,Conventional + AlphaEarth Embeddings,0.929249937780685,0.3548426373798784,1
2928,CPEC_LANDSLIDE_0725,1,landslide,68_30,4,68.52461116468206,30.667360476648746,Balochistan,conventional_alphaearth_embeddings,Conventional + AlphaEarth Embeddings,0.9772277044978722,0.2712461075876357,1
2929,CPEC_ROCKFALL_0413,1,rockfall,69_29,3,69.89229772159287,29.52425654429473,Punjab-Sindh lowland corridor,conventional_alphaearth_embeddings,Conventional + AlphaEarth Embeddings,0.477275259340644,0.3548426373798784,1
2930,RMC_02_01283,0,non_landslide,73_35,4,73.73708720284577,35.502542922508646,raster-matched control,conventional_alphaearth_embeddings,Conventional + AlphaEarth Embeddings,0.06257669408669357,0.2712461075876357,0
2931,RMC_02_00576,0,non_landslide,77_36,5,77.43140880878731,36.43454502978265,raster-matched control,conventional_alphaearth_embeddings,Conventional + AlphaEarth Embeddings,0.04200313136185775,0.3226873891884655,0
2932,CPEC_ROCKFALL_0607,1,rockfall,66_29,5,66.94357891786912,29.836420372642262,Balochistan,conventional_alphaearth_embeddings,Conventional + AlphaEarth Embeddings,0.9840449471339864,0.3226873891884655,1
2933,CPEC_ROCKFALL_0541,1,rockfall,67_29,1,67.92498692782308,29.701670797908186,Balochistan,conventional_alphaearth_embeddings,Conventional + AlphaEarth Embeddings,0.9679046434927742,0.3491602156256933,1
2934,CPEC_ROCKFALL_0873,1,rockfall,75_37,5,75.19011109218138,37.923504011485406,"Kashgar (Xinjiang, China)",conventional_alphaearth_embeddings,Conventional + AlphaEarth Embeddings,0.9919411860067512,0.3226873891884655,1
2935,RMC_02_01036,0,non_landslide,67_25,3,67.1367156527776,25.616583220773308,raster-matched control,conventional_alphaearth_embeddings,Conventional + AlphaEarth Embeddings,0.226635544093864,0.3548426373798784,0
2936,CPEC_LANDSLIDE_0416,1,landslide,75_38,2,75.01044945163699,38.55456936987223,"Kashgar (Xinjiang, China)",conventional_alphaearth_embeddings,Conventional + AlphaEarth Embeddings,0.9900294165808259,0.36703707324492457,1
2937,CPEC_LANDSLIDE_0848,1,landslide,73_34,2,73.45187323772923,34.395369616876906,KP-AJK,conventional_alphaearth_embeddings,Conventional + AlphaEarth Embeddings,0.6620792622834247,0.36703707324492457,1
2938,CPEC_ROCKFALL_0448,1,rockfall,69_28,1,69.17813701507508,28.83479925761304,Balochistan,conventional_alphaearth_embeddings,Conventional + AlphaEarth Embeddings,0.9387708966034102,0.3491602156256933,1
2939,CPEC_LANDSLIDE_0942,1,landslide,72_35,3,72.39859789609687,35.491314096489674,KP-AJK,conventional_alphaearth_embeddings,Conventional + AlphaEarth Embeddings,0.6090967606832804,0.3548426373798784,1
2940,CPEC_ROCKFALL_0366,1,rockfall,66_27,1,66.90989040941034,27.8578815624199,Balochistan,conventional_alphaearth_embeddings,Conventional + AlphaEarth Embeddings,0.770550223454643,0.3491602156256933,1
2941,CPEC_LANDSLIDE_0619,1,landslide,63_27,3,63.264976617313145,27.29643168967948,Balochistan,conventional_alphaearth_embeddings,Conventional + AlphaEarth Embeddings,0.9739538797742522,0.3548426373798784,1
2942,RMC_02_00078,0,non_landslide,61_25,2,61.980385921931536,25.52899748057165,raster-matched control,conventional_alphaearth_embeddings,Conventional + AlphaEarth Embeddings,0.7568608972296891,0.36703707324492457,1
2943,RMC_02_00849,0,non_landslide,76_34,5,76.62741662950033,34.92986692888245,raster-matched control,conventional_alphaearth_embeddings,Conventional + AlphaEarth Embeddings,0.4498082104503534,0.3226873891884655,1
2944,CPEC_ROCKFALL_0283,1,rockfall,66_27,1,66.28780568054516,27.1931276955743,Balochistan,conventional_alphaearth_embeddings,Conventional + AlphaEarth Embeddings,0.9739267113547321,0.3491602156256933,1
2945,RMC_02_01422,0,non_landslide,65_26,3,65.20084621550002,26.647400009300465,raster-matched control,conventional_alphaearth_embeddings,Conventional + AlphaEarth Embeddings,0.09517590733946445,0.3548426373798784,0
2946,CPEC_LANDSLIDE_0915,1,landslide,76_35,2,76.13334473801679,35.19262567152566,Gilgit-Baltistan,conventional_alphaearth_embeddings,Conventional + AlphaEarth Embeddings,0.794352651524064,0.36703707324492457,1
2947,CPEC_ROCKFALL_0085,1,rockfall,65_27,5,65.638774604014,27.15045855759388,Balochistan,conventional_alphaearth_embeddings,Conventional + AlphaEarth Embeddings,0.9882409288555831,0.3226873891884655,1
2948,RMC_02_00589,0,non_landslide,75_38,2,75.14519641070312,38.756690039231614,raster-matched control,conventional_alphaearth_embeddings,Conventional + AlphaEarth Embeddings,0.1107679416921524,0.36703707324492457,0
2949,CPEC_ROCKFALL_0841,1,rockfall,74_35,5,74.48268808735536,35.868607554823825,Gilgit-Baltistan,conventional_alphaearth_embeddings,Conventional + AlphaEarth Embeddings,0.9849561492677978,0.3226873891884655,1
2950,CPEC_ROCKFALL_0668,1,rockfall,69_30,5,69.15568098216993,30.44727262595381,Balochistan,conventional_alphaearth_embeddings,Conventional + AlphaEarth Embeddings,0.9512626965721414,0.3226873891884655,1
2951,CPEC_ROCKFALL_0840,1,rockfall,74_35,5,74.47819777259453,35.870850482653715,Gilgit-Baltistan,conventional_alphaearth_embeddings,Conventional + AlphaEarth Embeddings,0.9836795851226825,0.3226873891884655,1
2952,RMC_02_00368,0,non_landslide,66_27,1,66.42929236653347,27.105540804201414,raster-matched control,conventional_alphaearth_embeddings,Conventional + AlphaEarth Embeddings,0.06365737288875643,0.3491602156256933,0
2953,CPEC_LANDSLIDE_0599,1,landslide,64_28,1,64.94482700257149,28.879711323423347,Balochistan,conventional_alphaearth_embeddings,Conventional + AlphaEarth Embeddings,0.9689297655187352,0.3491602156256933,1
2954,CPEC_LANDSLIDE_0575,1,landslide,74_38,1,74.97451801534832,38.77690014839705,"Kashgar (Xinjiang, China)",conventional_alphaearth_embeddings,Conventional + AlphaEarth Embeddings,0.6556375980437511,0.3491602156256933,1
2955,CPEC_ROCKFALL_0311,1,rockfall,66_27,1,66.56179514477414,27.59961488850537,Balochistan,conventional_alphaearth_embeddings,Conventional + AlphaEarth Embeddings,0.9478469483854297,0.3491602156256933,1
2956,CPEC_LANDSLIDE_0301,1,landslide,73_35,4,73.01618785110017,35.11851095291633,KP-AJK,conventional_alphaearth_embeddings,Conventional + AlphaEarth Embeddings,0.9807570631010051,0.2712461075876357,1
2957,RMC_02_00055,0,non_landslide,63_26,1,63.896043265316415,26.469982740686856,raster-matched control,conventional_alphaearth_embeddings,Conventional + AlphaEarth Embeddings,0.1444983728303446,0.3491602156256933,0
2958,RMC_02_00183,0,non_landslide,66_27,1,66.28556192107435,27.076345557467533,raster-matched control,conventional_alphaearth_embeddings,Conventional + AlphaEarth Embeddings,0.09448577294275397,0.3491602156256933,0
2959,RMC_02_01308,0,non_landslide,74_35,5,74.14132908069956,35.33860038315683,raster-matched control,conventional_alphaearth_embeddings,Conventional + AlphaEarth Embeddings,0.07799230498778793,0.3226873891884655,0
2960,RMC_02_00562,0,non_landslide,75_40,1,75.32935104394763,40.16030767066837,raster-matched control,conventional_alphaearth_embeddings,Conventional + AlphaEarth Embeddings,0.20730551046982906,0.3491602156256933,0
2961,RMC_02_00863,0,non_landslide,75_37,5,75.51575146540243,37.03866205835303,raster-matched control,conventional_alphaearth_embeddings,Conventional + AlphaEarth Embeddings,0.09119178061994486,0.3226873891884655,0
2962,RMC_02_01401,0,non_landslide,77_39,1,77.30115309258997,39.297924997913626,raster-matched control,conventional_alphaearth_embeddings,Conventional + AlphaEarth Embeddings,0.10353786228834744,0.3491602156256933,0
2963,RMC_02_01129,0,non_landslide,71_34,5,71.2577370186759,34.03828900939382,raster-matched control,conventional_alphaearth_embeddings,Conventional + AlphaEarth Embeddings,0.06459330754358306,0.3226873891884655,0
2964,CPEC_ROCKFALL_0645,1,rockfall,68_30,4,68.35617754059024,30.121633394222773,Balochistan,conventional_alphaearth_embeddings,Conventional + AlphaEarth Embeddings,0.204156987483882,0.2712461075876357,0
2965,RMC_02_00086,0,non_landslide,71_34,5,71.90676981145225,34.54134556850076,raster-matched control,conventional_alphaearth_embeddings,Conventional + AlphaEarth Embeddings,0.677995667545385,0.3226873891884655,1
2966,CPEC_LANDSLIDE_0059,1,landslide,75_36,3,75.3563017884433,36.81632705631902,Gilgit-Baltistan,conventional_alphaearth_embeddings,Conventional + AlphaEarth Embeddings,0.9810929421039517,0.3548426373798784,1
2967,CPEC_LANDSLIDE_0154,1,landslide,74_36,2,74.76341079417503,36.30204555452194,Gilgit-Baltistan,conventional_alphaearth_embeddings,Conventional + AlphaEarth Embeddings,0.9705819121169258,0.36703707324492457,1
2968,RMC_02_01386,0,non_landslide,71_35,2,71.91799875250375,35.93822583530661,raster-matched control,conventional_alphaearth_embeddings,Conventional + AlphaEarth Embeddings,0.5932414087809659,0.36703707324492457,1
2969,RMC_02_00662,0,non_landslide,67_29,1,67.61731432978154,29.50179682459024,raster-matched control,conventional_alphaearth_embeddings,Conventional + AlphaEarth Embeddings,0.16995792885096703,0.3491602156256933,0
2970,CPEC_LANDSLIDE_0440,1,landslide,74_38,1,74.98799341873183,38.5905008061609,"Kashgar (Xinjiang, China)",conventional_alphaearth_embeddings,Conventional + AlphaEarth Embeddings,0.9665424143512102,0.3491602156256933,1
2971,CPEC_LANDSLIDE_0990,1,landslide,75_35,1,75.86385004764968,35.24652282595866,Gilgit-Baltistan,conventional_alphaearth_embeddings,Conventional + AlphaEarth Embeddings,0.899019531769458,0.3491602156256933,1
2972,RMC_02_00423,0,non_landslide,74_36,2,74.8128197555789,36.74670959101418,raster-matched control,conventional_alphaearth_embeddings,Conventional + AlphaEarth Embeddings,0.9180069649322284,0.36703707324492457,1
2973,RMC_02_00437,0,non_landslide,74_36,2,74.94082968356594,36.78937956700986,raster-matched control,conventional_alphaearth_embeddings,Conventional + AlphaEarth Embeddings,0.11786684986255505,0.36703707324492457,0
2974,RMC_02_00722,0,non_landslide,76_36,4,76.61394190023854,36.13585519781291,raster-matched control,conventional_alphaearth_embeddings,Conventional + AlphaEarth Embeddings,0.6241151581945602,0.2712461075876357,1
2975,RMC_02_00325,0,non_landslide,63_25,4,63.13472106202512,25.888323594219464,raster-matched control,conventional_alphaearth_embeddings,Conventional + AlphaEarth Embeddings,0.12487185938640566,0.2712461075876357,0
2976,CPEC_LANDSLIDE_0911,1,landslide,76_35,2,76.10639393124976,35.18813089766378,Gilgit-Baltistan,conventional_alphaearth_embeddings,Conventional + AlphaEarth Embeddings,0.8581702425209238,0.36703707324492457,1
2977,CPEC_ROCKFALL_0288,1,rockfall,66_27,1,66.29454338223691,27.16392950187633,Balochistan,conventional_alphaearth_embeddings,Conventional + AlphaEarth Embeddings,0.9756319830238551,0.3491602156256933,1
2978,RMC_02_00504,0,non_landslide,74_36,2,74.54781674676364,36.25937354937934,raster-matched control,conventional_alphaearth_embeddings,Conventional + AlphaEarth Embeddings,0.10451167533544065,0.36703707324492457,0
2979,RMC_02_00157,0,non_landslide,74_36,2,74.28955110257928,36.02356578729797,raster-matched control,conventional_alphaearth_embeddings,Conventional + AlphaEarth Embeddings,0.3180724587256656,0.36703707324492457,0
2980,CPEC_ROCKFALL_0115,1,rockfall,65_27,5,65.8700904711615,27.482831031915623,Balochistan,conventional_alphaearth_embeddings,Conventional + AlphaEarth Embeddings,0.9521394394931598,0.3226873891884655,1
2981,RMC_02_00514,0,non_landslide,74_36,2,74.57027462886663,36.27060249043083,raster-matched control,conventional_alphaearth_embeddings,Conventional + AlphaEarth Embeddings,0.2578120168502185,0.36703707324492457,0
2982,RMC_02_00796,0,non_landslide,62_26,5,62.26560102463949,26.17353869692741,raster-matched control,conventional_alphaearth_embeddings,Conventional + AlphaEarth Embeddings,0.12722710012953065,0.3226873891884655,0
2983,RMC_02_00641,0,non_landslide,75_38,2,75.34057998499912,38.81508053269938,raster-matched control,conventional_alphaearth_embeddings,Conventional + AlphaEarth Embeddings,0.06622511667299057,0.36703707324492457,0
2984,CPEC_ROCKFALL_0461,1,rockfall,69_28,1,69.18038440200601,28.86174560527901,Balochistan,conventional_alphaearth_embeddings,Conventional + AlphaEarth Embeddings,0.7310220363778535,0.3491602156256933,1
2985,CPEC_ROCKFALL_0236,1,rockfall,66_26,4,66.19123938813173,26.182521491922376,Balochistan,conventional_alphaearth_embeddings,Conventional + AlphaEarth Embeddings,0.9701781720014176,0.2712461075876357,1
2986,RMC_02_01010,0,non_landslide,71_35,2,71.66871626116058,35.41495718230699,raster-matched control,conventional_alphaearth_embeddings,Conventional + AlphaEarth Embeddings,0.1528792407234245,0.36703707324492457,0
2987,CPEC_LANDSLIDE_0200,1,landslide,74_36,2,74.28056595480476,36.17628106841055,Gilgit-Baltistan,conventional_alphaearth_embeddings,Conventional + AlphaEarth Embeddings,0.6726575058710026,0.36703707324492457,1
2988,RMC_02_00596,0,non_landslide,75_38,2,75.22604478627389,38.75444425102131,raster-matched control,conventional_alphaearth_embeddings,Conventional + AlphaEarth Embeddings,0.37265883909676073,0.36703707324492457,1
2989,CPEC_ROCKFALL_0416,1,rockfall,70_29,4,70.0203095946352,29.508533753980288,Punjab-Sindh lowland corridor,conventional_alphaearth_embeddings,Conventional + AlphaEarth Embeddings,0.9511286196452237,0.2712461075876357,1
2990,RMC_02_00992,0,non_landslide,75_36,3,75.52024304182302,36.98027156488526,raster-matched control,conventional_alphaearth_embeddings,Conventional + AlphaEarth Embeddings,0.08331957009854118,0.3548426373798784,0
2991,RMC_02_01504,0,non_landslide,75_37,5,75.1990953277503,37.89430736647687,raster-matched control,conventional_alphaearth_embeddings,Conventional + AlphaEarth Embeddings,0.130483582440999,0.3226873891884655,0
2992,RMC_02_00516,0,non_landslide,73_35,4,73.3216163839405,35.50029713429834,raster-matched control,conventional_alphaearth_embeddings,Conventional + AlphaEarth Embeddings,0.0802531916597621,0.2712461075876357,0
2993,RMC_02_00293,0,non_landslide,67_29,1,67.55443225989318,29.48832209532845,raster-matched control,conventional_alphaearth_embeddings,Conventional + AlphaEarth Embeddings,0.31367803121477095,0.3491602156256933,0
2994,CPEC_ROCKFALL_0222,1,rockfall,65_26,3,65.70390423400063,26.30828597803377,Balochistan,conventional_alphaearth_embeddings,Conventional + AlphaEarth Embeddings,0.9838267811679402,0.3548426373798784,1
2995,CPEC_ROCKFALL_0672,1,rockfall,70_29,4,70.00907711908155,29.955447157061897,Punjab-Sindh lowland corridor,conventional_alphaearth_embeddings,Conventional + AlphaEarth Embeddings,0.9817271483143065,0.2712461075876357,1
2996,CPEC_LANDSLIDE_0573,1,landslide,75_38,2,75.36977719182681,38.95656624804248,"Kashgar (Xinjiang, China)",conventional_alphaearth_embeddings,Conventional + AlphaEarth Embeddings,0.9417446900296256,0.36703707324492457,1
2997,RMC_02_00871,0,non_landslide,75_39,4,75.61456614665558,39.76055736923517,raster-matched control,conventional_alphaearth_embeddings,Conventional + AlphaEarth Embeddings,0.07667466964041951,0.2712461075876357,0
2998,CPEC_ROCKFALL_0019,1,rockfall,76_37,1,76.18724189244979,37.757313315223485,"Kashgar (Xinjiang, China)",conventional_alphaearth_embeddings,Conventional + AlphaEarth Embeddings,0.9758416916054496,0.3491602156256933,1
2999,RMC_02_01175,0,non_landslide,64_26,2,64.05774001645793,26.11065662703905,raster-matched control,conventional_alphaearth_embeddings,Conventional + AlphaEarth Embeddings,0.0862251026908432,0.36703707324492457,0
3000,CPEC_ROCKFALL_0419,1,rockfall,70_29,4,70.01806220770425,29.50628636704935,Punjab-Sindh lowland corridor,conventional_alphaearth_embeddings,Conventional + AlphaEarth Embeddings,0.972769413838684,0.2712461075876357,1
3001,RMC_02_01313,0,non_landslide,74_35,5,74.57252041707693,35.47783925219536,raster-matched control,conventional_alphaearth_embeddings,Conventional + AlphaEarth Embeddings,0.04245716459984817,0.3226873891884655,0
3002,CPEC_LANDSLIDE_0180,1,landslide,74_36,2,74.45798466751926,36.25488164267964,Gilgit-Baltistan,conventional_alphaearth_embeddings,Conventional + AlphaEarth Embeddings,0.5163527898618269,0.36703707324492457,1
3003,CPEC_LANDSLIDE_1000,1,landslide,75_35,1,75.91999458901361,35.226309720883386,Gilgit-Baltistan,conventional_alphaearth_embeddings,Conventional + AlphaEarth Embeddings,0.9389695218705181,0.3491602156256933,1
3004,RMC_02_00783,0,non_landslide,67_28,4,67.20633508729685,28.86623876107568,raster-matched control,conventional_alphaearth_embeddings,Conventional + AlphaEarth Embeddings,0.09358399265303756,0.2712461075876357,0
3005,RMC_02_00233,0,non_landslide,69_32,4,69.85636517544944,32.25737895862687,raster-matched control,conventional_alphaearth_embeddings,Conventional + AlphaEarth Embeddings,0.060667569438820644,0.2712461075876357,0
3006,RMC_02_01107,0,non_landslide,65_28,2,65.19860042728972,28.780898809084324,raster-matched control,conventional_alphaearth_embeddings,Conventional + AlphaEarth Embeddings,0.181602941201438,0.36703707324492457,0
3007,CPEC_LANDSLIDE_0037,1,landslide,75_37,5,75.69316903662693,37.83142357473175,"Kashgar (Xinjiang, China)",conventional_alphaearth_embeddings,Conventional + AlphaEarth Embeddings,0.9692399382571917,0.3226873891884655,1
3008,RMC_02_00053,0,non_landslide,67_29,1,67.27595452181612,29.91053027886462,raster-matched control,conventional_alphaearth_embeddings,Conventional + AlphaEarth Embeddings,0.21323844059061295,0.3491602156256933,0
3009,RMC_02_00318,0,non_landslide,65_26,3,65.68593646892457,26.60697582151508,raster-matched control,conventional_alphaearth_embeddings,Conventional + AlphaEarth Embeddings,0.11924949379796523,0.3548426373798784,0
3010,CPEC_LANDSLIDE_0213,1,landslide,74_35,5,74.28955104342745,35.90229160418156,Gilgit-Baltistan,conventional_alphaearth_embeddings,Conventional + AlphaEarth Embeddings,0.9267951152313894,0.3226873891884655,1
3011,RMC_02_00653,0,non_landslide,77_36,5,77.4650956319418,36.43454502978265,raster-matched control,conventional_alphaearth_embeddings,Conventional + AlphaEarth Embeddings,0.026410610036141893,0.3226873891884655,0
3012,RMC_02_00555,0,non_landslide,74_39,3,74.30751740826167,39.78975261596906,raster-matched control,conventional_alphaearth_embeddings,Conventional + AlphaEarth Embeddings,0.09497701154442818,0.3548426373798784,0
3013,CPEC_LANDSLIDE_1069,1,landslide,74_36,2,74.78587128618125,36.27958506251573,Gilgit-Baltistan,conventional_alphaearth_embeddings,Conventional + AlphaEarth Embeddings,0.915904709528201,0.36703707324492457,1
3014,CPEC_LANDSLIDE_0637,1,landslide,64_26,2,64.01506876011959,26.050019304119232,Balochistan,conventional_alphaearth_embeddings,Conventional + AlphaEarth Embeddings,0.1188157184839919,0.36703707324492457,0
3015,RMC_02_00117,0,non_landslide,66_28,3,66.9345947138507,28.738228833088648,raster-matched control,conventional_alphaearth_embeddings,Conventional + AlphaEarth Embeddings,0.03994286902804431,0.3548426373798784,0
