sample_id,inventory_id,label,hazard_type,spatial_block_1deg,spatial_fold_5,longitude,latitude,cpec_admin_transfer_domain,feature_set,feature_set_name,stacked_score,threshold,prediction
0,RMC_01_00105,0,non_landslide,74_35,5,74.61519039307261,35.778774872375394,raster-matched control,conventional_alphaearth_embeddings,Conventional + AlphaEarth Embeddings,0.1210464652732878,0.3251687994310354,0
1,RMC_01_00678,0,non_landslide,73_34,2,73.34182847783319,34.597490273758225,raster-matched control,conventional_alphaearth_embeddings,Conventional + AlphaEarth Embeddings,0.1931100693331511,0.30586012648229505,0
2,RMC_01_00416,0,non_landslide,74_36,2,74.88468497830847,36.77815062595836,raster-matched control,conventional_alphaearth_embeddings,Conventional + AlphaEarth Embeddings,0.07745397603538505,0.30586012648229505,0
3,RMC_01_00728,0,non_landslide,76_36,4,76.1221142821831,36.699548038597904,raster-matched control,conventional_alphaearth_embeddings,Conventional + AlphaEarth Embeddings,0.06864975638079772,0.42499994627304916,0
4,CPEC_LANDSLIDE_0213,1,landslide,74_35,5,74.28955104342745,35.90229160418156,Gilgit-Baltistan,conventional_alphaearth_embeddings,Conventional + AlphaEarth Embeddings,0.8675736446950592,0.3251687994310354,1
5,CPEC_LANDSLIDE_0648,1,landslide,65_27,5,65.84313966439449,27.47160301546305,Balochistan,conventional_alphaearth_embeddings,Conventional + AlphaEarth Embeddings,0.42912562435623125,0.3251687994310354,1
6,RMC_01_01346,0,non_landslide,76_36,4,76.80483389811394,36.39861241841787,raster-matched control,conventional_alphaearth_embeddings,Conventional + AlphaEarth Embeddings,0.13449157653100693,0.42499994627304916,0
7,RMC_01_01317,0,non_landslide,74_35,5,74.49167204150618,35.46661031114386,raster-matched control,conventional_alphaearth_embeddings,Conventional + AlphaEarth Embeddings,0.9357916380336276,0.3251687994310354,1
8,CPEC_LANDSLIDE_0944,1,landslide,72_35,3,72.39635050916593,35.491314096489674,KP-AJK,conventional_alphaearth_embeddings,Conventional + AlphaEarth Embeddings,0.7608627945731196,0.3410028221468021,1
9,RMC_01_00167,0,non_landslide,63_26,1,63.95443375878418,26.422821188270586,raster-matched control,conventional_alphaearth_embeddings,Conventional + AlphaEarth Embeddings,0.1544825315212427,0.41913377540096863,0
10,CPEC_LANDSLIDE_0438,1,landslide,74_38,1,74.98799341873183,38.5905008061609,"Kashgar (Xinjiang, China)",conventional_alphaearth_embeddings,Conventional + AlphaEarth Embeddings,0.9652124148655119,0.41913377540096863,1
11,CPEC_LANDSLIDE_0709,1,landslide,67_25,3,67.88680810460349,25.89730847034188,Punjab-Sindh lowland corridor,conventional_alphaearth_embeddings,Conventional + AlphaEarth Embeddings,0.9598753644124519,0.3410028221468021,1
12,RMC_01_00012,0,non_landslide,75_38,2,75.03290700018819,38.52312806536054,raster-matched control,conventional_alphaearth_embeddings,Conventional + AlphaEarth Embeddings,0.17294642965433385,0.30586012648229505,0
13,RMC_01_01136,0,non_landslide,73_35,4,73.62928936875143,35.533983957452826,raster-matched control,conventional_alphaearth_embeddings,Conventional + AlphaEarth Embeddings,0.9291811081047712,0.42499994627304916,1
14,CPEC_LANDSLIDE_0772,1,landslide,72_34,1,72.8118227907197,34.03604187668707,KP-AJK,conventional_alphaearth_embeddings,Conventional + AlphaEarth Embeddings,0.6108539161246831,0.41913377540096863,1
15,RMC_01_00022,0,non_landslide,74_38,1,74.97676229493072,38.590501711669496,raster-matched control,conventional_alphaearth_embeddings,Conventional + AlphaEarth Embeddings,0.13018860287603773,0.41913377540096863,0
16,CPEC_ROCKFALL_0199,1,rockfall,65_26,3,65.55792664281397,26.42057506076164,Balochistan,conventional_alphaearth_embeddings,Conventional + AlphaEarth Embeddings,0.8477412969856878,0.3410028221468021,1
17,RMC_01_00642,0,non_landslide,75_38,2,75.34057998499912,38.81508053269938,raster-matched control,conventional_alphaearth_embeddings,Conventional + AlphaEarth Embeddings,0.05931214362964699,0.30586012648229505,0
18,CPEC_ROCKFALL_0372,1,rockfall,66_27,1,66.98624805584954,27.95444785483333,Balochistan,conventional_alphaearth_embeddings,Conventional + AlphaEarth Embeddings,0.8719471834658072,0.41913377540096863,1
19,RMC_01_00526,0,non_landslide,74_36,2,74.22666903269092,36.14034677423351,raster-matched control,conventional_alphaearth_embeddings,Conventional + AlphaEarth Embeddings,0.13037799788340523,0.30586012648229505,0
20,CPEC_LANDSLIDE_0364,1,landslide,74_38,1,74.94307689382047,38.287322066436055,"Kashgar (Xinjiang, China)",conventional_alphaearth_embeddings,Conventional + AlphaEarth Embeddings,0.982463263814605,0.41913377540096863,1
21,CPEC_LANDSLIDE_0378,1,landslide,75_38,2,75.03740025840402,38.43778997238355,"Kashgar (Xinjiang, China)",conventional_alphaearth_embeddings,Conventional + AlphaEarth Embeddings,0.9925925082205022,0.30586012648229505,1
22,RMC_01_00202,0,non_landslide,67_29,1,67.3118871331809,29.899301337813128,raster-matched control,conventional_alphaearth_embeddings,Conventional + AlphaEarth Embeddings,0.19235349881240055,0.41913377540096863,0
23,RMC_01_00259,0,non_landslide,64_25,5,64.41032876547484,25.67497371424108,raster-matched control,conventional_alphaearth_embeddings,Conventional + AlphaEarth Embeddings,0.12805222033093253,0.3251687994310354,0
24,RMC_01_01476,0,non_landslide,70_32,5,70.36166752276668,32.92886963350622,raster-matched control,conventional_alphaearth_embeddings,Conventional + AlphaEarth Embeddings,0.052223989659857445,0.3251687994310354,0
25,RMC_01_00216,0,non_landslide,78_39,2,78.03103426093709,39.955940943531175,raster-matched control,conventional_alphaearth_embeddings,Conventional + AlphaEarth Embeddings,0.08922504116957217,0.30586012648229505,0
26,RMC_01_00039,0,non_landslide,75_40,1,75.33384262036823,40.10416296541089,raster-matched control,conventional_alphaearth_embeddings,Conventional + AlphaEarth Embeddings,0.19828131291518075,0.41913377540096863,0
27,CPEC_ROCKFALL_0374,1,rockfall,66_27,1,66.98849544278048,27.95893816959414,Balochistan,conventional_alphaearth_embeddings,Conventional + AlphaEarth Embeddings,0.9696669441485765,0.41913377540096863,1
28,CPEC_ROCKFALL_0365,1,rockfall,66_27,1,66.90989040941034,27.85338678855804,Balochistan,conventional_alphaearth_embeddings,Conventional + AlphaEarth Embeddings,0.9835212163262418,0.41913377540096863,1
29,RMC_01_01291,0,non_landslide,74_36,2,74.92960074251444,36.48619815861952,raster-matched control,conventional_alphaearth_embeddings,Conventional + AlphaEarth Embeddings,0.7107701296683134,0.30586012648229505,1
30,CPEC_LANDSLIDE_0376,1,landslide,75_38,2,75.00146436301429,38.38388835884948,"Kashgar (Xinjiang, China)",conventional_alphaearth_embeddings,Conventional + AlphaEarth Embeddings,0.9782787837911441,0.30586012648229505,1
31,CPEC_LANDSLIDE_0880,1,landslide,73_34,2,73.48331435925707,34.38189421349339,KP-AJK,conventional_alphaearth_embeddings,Conventional + AlphaEarth Embeddings,0.46963092259865263,0.30586012648229505,1
32,RMC_01_00904,0,non_landslide,66_28,3,66.20920512192419,28.441784789329205,raster-matched control,conventional_alphaearth_embeddings,Conventional + AlphaEarth Embeddings,0.07267076991157126,0.3410028221468021,0
33,RMC_01_00329,0,non_landslide,67_29,1,67.8957920678586,29.721884069199525,raster-matched control,conventional_alphaearth_embeddings,Conventional + AlphaEarth Embeddings,0.12362929041141822,0.41913377540096863,0
34,CPEC_ROCKFALL_0013,1,rockfall,76_37,1,76.0210556552889,37.84714636504621,"Kashgar (Xinjiang, China)",conventional_alphaearth_embeddings,Conventional + AlphaEarth Embeddings,0.9577391656644887,0.41913377540096863,1
35,RMC_01_00065,0,non_landslide,66_27,1,66.46297918968796,27.52101162310669,raster-matched control,conventional_alphaearth_embeddings,Conventional + AlphaEarth Embeddings,0.15814706339899726,0.41913377540096863,0
36,RMC_01_00810,0,non_landslide,67_30,3,67.73184952850677,30.168795923048982,raster-matched control,conventional_alphaearth_embeddings,Conventional + AlphaEarth Embeddings,0.08919386710170722,0.3410028221468021,0
37,CPEC_ROCKFALL_0537,1,rockfall,67_29,1,67.92498692782308,29.694933096216428,Balochistan,conventional_alphaearth_embeddings,Conventional + AlphaEarth Embeddings,0.9851055182001495,0.41913377540096863,1
38,RMC_01_01223,0,non_landslide,70_31,3,70.23814917120023,31.95868912665713,raster-matched control,conventional_alphaearth_embeddings,Conventional + AlphaEarth Embeddings,0.08894995409102263,0.3410028221468021,0
39,CPEC_LANDSLIDE_0633,1,landslide,63_26,1,63.91625508077523,26.47447221519464,Balochistan,conventional_alphaearth_embeddings,Conventional + AlphaEarth Embeddings,0.24870104221181658,0.41913377540096863,0
40,RMC_01_00712,0,non_landslide,73_33,5,73.47882155866141,33.95744063382307,raster-matched control,conventional_alphaearth_embeddings,Conventional + AlphaEarth Embeddings,0.1316726212855446,0.3251687994310354,0
41,CPEC_LANDSLIDE_0857,1,landslide,73_34,2,73.44064522127664,34.4043547054996,KP-AJK,conventional_alphaearth_embeddings,Conventional + AlphaEarth Embeddings,0.8637414161461676,0.30586012648229505,1
42,RMC_01_00184,0,non_landslide,66_27,1,66.29679086212585,27.05837925178514,raster-matched control,conventional_alphaearth_embeddings,Conventional + AlphaEarth Embeddings,0.07648447979021711,0.41913377540096863,0
43,RMC_01_00142,0,non_landslide,75_38,2,75.73359292180142,38.93410730784522,raster-matched control,conventional_alphaearth_embeddings,Conventional + AlphaEarth Embeddings,0.1154990286947533,0.30586012648229505,0
44,CPEC_ROCKFALL_0477,1,rockfall,68_29,2,68.71550528078006,29.41196746156686,Balochistan,conventional_alphaearth_embeddings,Conventional + AlphaEarth Embeddings,0.9548772392611068,0.30586012648229505,1
45,CPEC_ROCKFALL_0791,1,rockfall,76_35,2,76.13334473801679,35.19711598628648,Gilgit-Baltistan,conventional_alphaearth_embeddings,Conventional + AlphaEarth Embeddings,0.9689700539742977,0.30586012648229505,1
46,RMC_01_00772,0,non_landslide,74_36,2,74.79485344989651,36.24814460832785,raster-matched control,conventional_alphaearth_embeddings,Conventional + AlphaEarth Embeddings,0.22272355890027698,0.30586012648229505,0
47,CPEC_LANDSLIDE_0698,1,landslide,66_27,1,66.55505744308238,27.608595518027013,Balochistan,conventional_alphaearth_embeddings,Conventional + AlphaEarth Embeddings,0.9565969470804225,0.41913377540096863,1
48,RMC_01_00164,0,non_landslide,76_38,3,76.18499635207147,38.130115128558245,raster-matched control,conventional_alphaearth_embeddings,Conventional + AlphaEarth Embeddings,0.09184053076958955,0.3410028221468021,0
49,CPEC_LANDSLIDE_0203,1,landslide,74_36,2,74.30302644681096,36.1448399468827,Gilgit-Baltistan,conventional_alphaearth_embeddings,Conventional + AlphaEarth Embeddings,0.8113063436619031,0.30586012648229505,1
50,RMC_01_00601,0,non_landslide,74_35,5,74.437773124459,35.42394033514819,raster-matched control,conventional_alphaearth_embeddings,Conventional + AlphaEarth Embeddings,0.8424809947929726,0.3251687994310354,1
51,RMC_01_00616,0,non_landslide,74_36,2,74.59722408739022,36.28407721969263,raster-matched control,conventional_alphaearth_embeddings,Conventional + AlphaEarth Embeddings,0.29254349543934044,0.30586012648229505,0
52,CPEC_LANDSLIDE_0171,1,landslide,74_36,2,74.60845257346674,36.26610965913221,Gilgit-Baltistan,conventional_alphaearth_embeddings,Conventional + AlphaEarth Embeddings,0.9410800266890242,0.30586012648229505,1
53,CPEC_LANDSLIDE_0011,1,landslide,74_39,3,74.03128436951292,39.27097746332094,"Kashgar (Xinjiang, China)",conventional_alphaearth_embeddings,Conventional + AlphaEarth Embeddings,0.6865676590210449,0.3410028221468021,1
54,CPEC_ROCKFALL_0947,1,rockfall,75_38,2,75.50901262222067,38.9453382315899,"Kashgar (Xinjiang, China)",conventional_alphaearth_embeddings,Conventional + AlphaEarth Embeddings,0.9781781670684176,0.30586012648229505,1
55,RMC_01_01488,0,non_landslide,74_35,5,74.52760465287096,35.84165694226376,raster-matched control,conventional_alphaearth_embeddings,Conventional + AlphaEarth Embeddings,0.27820861477141656,0.3251687994310354,0
56,CPEC_ROCKFALL_0446,1,rockfall,69_28,1,69.18487471676684,28.83704218544292,Balochistan,conventional_alphaearth_embeddings,Conventional + AlphaEarth Embeddings,0.821095009083715,0.41913377540096863,1
57,CPEC_LANDSLIDE_0198,1,landslide,74_36,2,74.29853613205015,36.191999399623946,Gilgit-Baltistan,conventional_alphaearth_embeddings,Conventional + AlphaEarth Embeddings,0.9814763589047034,0.30586012648229505,1
58,CPEC_ROCKFALL_0675,1,rockfall,70_29,4,70.00907711908155,29.955447157061897,Punjab-Sindh lowland corridor,conventional_alphaearth_embeddings,Conventional + AlphaEarth Embeddings,0.9851700399973693,0.42499994627304916,1
59,RMC_01_01017,0,non_landslide,71_35,2,71.88431192934927,35.67097703828105,raster-matched control,conventional_alphaearth_embeddings,Conventional + AlphaEarth Embeddings,0.19594656532310117,0.30586012648229505,0
60,RMC_01_00455,0,non_landslide,74_36,2,74.86222709620547,36.5266223464049,raster-matched control,conventional_alphaearth_embeddings,Conventional + AlphaEarth Embeddings,0.24894831146687857,0.30586012648229505,0
61,RMC_01_00933,0,non_landslide,75_40,1,75.05087330587058,40.26361392834211,raster-matched control,conventional_alphaearth_embeddings,Conventional + AlphaEarth Embeddings,0.2772775469209266,0.41913377540096863,0
62,RMC_01_01057,0,non_landslide,68_28,5,68.53584170779375,28.913400313491955,raster-matched control,conventional_alphaearth_embeddings,Conventional + AlphaEarth Embeddings,0.1317722999401872,0.3251687994310354,0
63,CPEC_LANDSLIDE_0301,1,landslide,73_35,4,73.01618785110017,35.11851095291633,KP-AJK,conventional_alphaearth_embeddings,Conventional + AlphaEarth Embeddings,0.9814546722028259,0.42499994627304916,1
64,RMC_01_00373,0,non_landslide,71_35,2,71.6125715559031,35.765300143113606,raster-matched control,conventional_alphaearth_embeddings,Conventional + AlphaEarth Embeddings,0.2888966314338125,0.30586012648229505,0
65,RMC_01_01139,0,non_landslide,73_35,4,73.76403666136936,35.51377186356014,raster-matched control,conventional_alphaearth_embeddings,Conventional + AlphaEarth Embeddings,0.03819177737089948,0.42499994627304916,0
66,RMC_01_00288,0,non_landslide,69_29,3,69.69916000072853,29.0099692065348,raster-matched control,conventional_alphaearth_embeddings,Conventional + AlphaEarth Embeddings,0.18869291424756712,0.3410028221468021,0
67,CPEC_ROCKFALL_0839,1,rockfall,74_35,5,74.20645569529648,35.96293091940737,Gilgit-Baltistan,conventional_alphaearth_embeddings,Conventional + AlphaEarth Embeddings,0.918854697981787,0.3251687994310354,1
68,RMC_01_01088,0,non_landslide,66_27,1,66.56403965915139,27.33910277807249,raster-matched control,conventional_alphaearth_embeddings,Conventional + AlphaEarth Embeddings,0.5040196620718488,0.41913377540096863,1
69,CPEC_LANDSLIDE_0968,1,landslide,75_35,1,75.78300208644966,35.30041998039165,Gilgit-Baltistan,conventional_alphaearth_embeddings,Conventional + AlphaEarth Embeddings,0.7699166957276737,0.41913377540096863,1
70,CPEC_LANDSLIDE_0145,1,landslide,74_36,2,74.88693235245654,36.340219918640486,Gilgit-Baltistan,conventional_alphaearth_embeddings,Conventional + AlphaEarth Embeddings,0.2026455077472288,0.30586012648229505,0
71,CPEC_LANDSLIDE_1059,1,landslide,74_36,2,74.8173124077091,36.306535869282754,Gilgit-Baltistan,conventional_alphaearth_embeddings,Conventional + AlphaEarth Embeddings,0.9753408883850263,0.30586012648229505,1
72,CPEC_ROCKFALL_0001,1,rockfall,73_35,4,73.22504768534253,35.28245426224732,KP-AJK,conventional_alphaearth_embeddings,Conventional + AlphaEarth Embeddings,0.9901564941339319,0.42499994627304916,1
73,CPEC_LANDSLIDE_0166,1,landslide,74_36,2,74.69379084942759,36.28857015113842,Gilgit-Baltistan,conventional_alphaearth_embeddings,Conventional + AlphaEarth Embeddings,0.9752788242378184,0.30586012648229505,1
74,RMC_01_00594,0,non_landslide,75_38,2,75.25973160942837,38.7813937095449,raster-matched control,conventional_alphaearth_embeddings,Conventional + AlphaEarth Embeddings,0.118072164744497,0.30586012648229505,0
75,RMC_01_00278,0,non_landslide,66_26,4,66.86497527933143,26.55307690446791,raster-matched control,conventional_alphaearth_embeddings,Conventional + AlphaEarth Embeddings,0.11437166901552485,0.42499994627304916,0
76,CPEC_LANDSLIDE_0170,1,landslide,74_36,2,74.62192797685024,36.28183244944666,Gilgit-Baltistan,conventional_alphaearth_embeddings,Conventional + AlphaEarth Embeddings,0.1445516978619242,0.30586012648229505,0
77,CPEC_LANDSLIDE_0884,1,landslide,73_34,2,73.48106697232612,34.39985993163772,KP-AJK,conventional_alphaearth_embeddings,Conventional + AlphaEarth Embeddings,0.8932140758414112,0.30586012648229505,1
78,CPEC_ROCKFALL_0948,1,rockfall,75_38,2,75.50676969439078,38.94758115941979,"Kashgar (Xinjiang, China)",conventional_alphaearth_embeddings,Conventional + AlphaEarth Embeddings,0.9856251441424771,0.30586012648229505,1
79,RMC_01_00799,0,non_landslide,67_29,1,67.3096413449706,29.629806752577277,raster-matched control,conventional_alphaearth_embeddings,Conventional + AlphaEarth Embeddings,0.3339048603445866,0.41913377540096863,0
80,RMC_01_01486,0,non_landslide,73_35,4,73.95043708282417,35.491313981457154,raster-matched control,conventional_alphaearth_embeddings,Conventional + AlphaEarth Embeddings,0.7924882111762511,0.42499994627304916,1
81,RMC_01_00533,0,non_landslide,74_36,2,74.56802884065634,36.28183143148233,raster-matched control,conventional_alphaearth_embeddings,Conventional + AlphaEarth Embeddings,0.07341186989036479,0.30586012648229505,0
82,RMC_01_00010,0,non_landslide,75_40,1,75.3899873256257,40.52637114894707,raster-matched control,conventional_alphaearth_embeddings,Conventional + AlphaEarth Embeddings,0.17584026767049915,0.41913377540096863,0
83,CPEC_LANDSLIDE_0060,1,landslide,75_36,3,75.34731669982061,36.82306475801076,Gilgit-Baltistan,conventional_alphaearth_embeddings,Conventional + AlphaEarth Embeddings,0.9119961156801742,0.3410028221468021,1
84,RMC_01_01238,0,non_landslide,66_26,4,66.13284832277402,26.714773655609424,raster-matched control,conventional_alphaearth_embeddings,Conventional + AlphaEarth Embeddings,0.10712632312559134,0.42499994627304916,0
85,RMC_01_00896,0,non_landslide,77_37,2,77.23602523449131,37.42942920694502,raster-matched control,conventional_alphaearth_embeddings,Conventional + AlphaEarth Embeddings,0.11479461667535323,0.30586012648229505,0
86,RMC_01_00504,0,non_landslide,74_36,2,74.28955110257928,36.16505044454679,raster-matched control,conventional_alphaearth_embeddings,Conventional + AlphaEarth Embeddings,0.15417471085576798,0.30586012648229505,0
87,CPEC_LANDSLIDE_0191,1,landslide,74_36,2,74.30751676157178,36.21895020639097,Gilgit-Baltistan,conventional_alphaearth_embeddings,Conventional + AlphaEarth Embeddings,0.9836826150592249,0.30586012648229505,1
88,RMC_01_00262,0,non_landslide,68_30,4,68.77389525808542,30.23841535756825,raster-matched control,conventional_alphaearth_embeddings,Conventional + AlphaEarth Embeddings,0.07074441399302422,0.42499994627304916,0
89,CPEC_ROCKFALL_0480,1,rockfall,68_29,2,68.71101496601925,29.409720074635924,Balochistan,conventional_alphaearth_embeddings,Conventional + AlphaEarth Embeddings,0.9691897835564356,0.30586012648229505,1
90,CPEC_ROCKFALL_0937,1,rockfall,75_38,2,75.50003199269902,38.92512512651464,"Kashgar (Xinjiang, China)",conventional_alphaearth_embeddings,Conventional + AlphaEarth Embeddings,0.9737133338838425,0.30586012648229505,1
91,CPEC_LANDSLIDE_0036,1,landslide,75_37,5,75.68194102017435,37.82693325997093,"Kashgar (Xinjiang, China)",conventional_alphaearth_embeddings,Conventional + AlphaEarth Embeddings,0.9811109330540134,0.3251687994310354,1
92,CPEC_LANDSLIDE_0062,1,landslide,75_36,3,75.3338412964371,36.82082183018088,Gilgit-Baltistan,conventional_alphaearth_embeddings,Conventional + AlphaEarth Embeddings,0.2995919887528405,0.3410028221468021,0
93,RMC_01_00651,0,non_landslide,75_39,4,75.43939466625227,39.87733835617071,raster-matched control,conventional_alphaearth_embeddings,Conventional + AlphaEarth Embeddings,0.08879185365839493,0.42499994627304916,0
94,CPEC_LANDSLIDE_0334,1,landslide,75_37,5,75.32710359474535,37.72362926586575,"Kashgar (Xinjiang, China)",conventional_alphaearth_embeddings,Conventional + AlphaEarth Embeddings,0.1253513844510892,0.3251687994310354,0
95,RMC_01_00393,0,non_landslide,74_38,1,74.92735495430415,38.28732030327916,raster-matched control,conventional_alphaearth_embeddings,Conventional + AlphaEarth Embeddings,0.13042868324966442,0.41913377540096863,0
96,RMC_01_01402,0,non_landslide,76_37,1,76.20296265775386,37.39574238379053,raster-matched control,conventional_alphaearth_embeddings,Conventional + AlphaEarth Embeddings,0.1310443195133889,0.41913377540096863,0
97,CPEC_LANDSLIDE_0468,1,landslide,75_38,2,75.05311858961741,38.7454590268692,"Kashgar (Xinjiang, China)",conventional_alphaearth_embeddings,Conventional + AlphaEarth Embeddings,0.9828886783888154,0.30586012648229505,1
98,RMC_01_00928,0,non_landslide,75_39,4,75.760542380325,39.65725111156143,raster-matched control,conventional_alphaearth_embeddings,Conventional + AlphaEarth Embeddings,0.08250166191046066,0.42499994627304916,0
99,RMC_01_01456,0,non_landslide,66_30,2,66.82679687975636,30.078964394637037,raster-matched control,conventional_alphaearth_embeddings,Conventional + AlphaEarth Embeddings,0.12066411972349954,0.30586012648229505,0
100,RMC_01_01469,0,non_landslide,76_39,5,76.86771596800232,39.88182993259131,raster-matched control,conventional_alphaearth_embeddings,Conventional + AlphaEarth Embeddings,0.10370328073935547,0.3251687994310354,0
101,CPEC_ROCKFALL_0288,1,rockfall,66_27,1,66.29454338223691,27.16392950187633,Balochistan,conventional_alphaearth_embeddings,Conventional + AlphaEarth Embeddings,0.9825334650314307,0.41913377540096863,1
102,CPEC_LANDSLIDE_0007,1,landslide,73_35,4,73.23852308872604,35.286949036109185,KP-AJK,conventional_alphaearth_embeddings,Conventional + AlphaEarth Embeddings,0.08277092198902855,0.42499994627304916,0
103,RMC_01_00013,0,non_landslide,74_38,1,74.92286337788354,38.280582938648266,raster-matched control,conventional_alphaearth_embeddings,Conventional + AlphaEarth Embeddings,0.1118135533587786,0.41913377540096863,0
104,RMC_01_00265,0,non_landslide,66_26,4,66.79760163302247,26.08370716851546,raster-matched control,conventional_alphaearth_embeddings,Conventional + AlphaEarth Embeddings,0.5886973406004282,0.42499994627304916,1
105,RMC_01_00491,0,non_landslide,74_36,2,74.28955110257928,36.17178780917769,raster-matched control,conventional_alphaearth_embeddings,Conventional + AlphaEarth Embeddings,0.27677792916208616,0.30586012648229505,0
106,RMC_01_00128,0,non_landslide,74_39,3,74.93184653072474,39.533732759995,raster-matched control,conventional_alphaearth_embeddings,Conventional + AlphaEarth Embeddings,0.11912381309154718,0.3410028221468021,0
107,CPEC_LANDSLIDE_1053,1,landslide,73_34,2,73.36428757483743,34.494183296221266,KP-AJK,conventional_alphaearth_embeddings,Conventional + AlphaEarth Embeddings,0.24783899029869763,0.30586012648229505,0
108,RMC_01_01467,0,non_landslide,69_30,5,69.1893660769907,30.999737560859543,raster-matched control,conventional_alphaearth_embeddings,Conventional + AlphaEarth Embeddings,0.10491973330505358,0.3251687994310354,0
109,RMC_01_00916,0,non_landslide,74_35,5,74.633156698755,35.52050922819103,raster-matched control,conventional_alphaearth_embeddings,Conventional + AlphaEarth Embeddings,0.026986068274594956,0.3251687994310354,0
110,RMC_01_01347,0,non_landslide,75_37,5,75.3832499609948,37.54621019388056,raster-matched control,conventional_alphaearth_embeddings,Conventional + AlphaEarth Embeddings,0.07254354325437637,0.3251687994310354,0
111,RMC_01_01140,0,non_landslide,73_35,4,73.6966630150604,35.52500080461163,raster-matched control,conventional_alphaearth_embeddings,Conventional + AlphaEarth Embeddings,0.042755593929378125,0.42499994627304916,0
112,CPEC_LANDSLIDE_0700,1,landslide,66_27,1,66.56179514477414,27.597367501574432,Balochistan,conventional_alphaearth_embeddings,Conventional + AlphaEarth Embeddings,0.9799178912265277,0.41913377540096863,1
113,RMC_01_00388,0,non_landslide,73_36,1,73.79996927273415,36.30653510179562,raster-matched control,conventional_alphaearth_embeddings,Conventional + AlphaEarth Embeddings,0.8360706982007226,0.41913377540096863,1
114,CPEC_ROCKFALL_0340,1,rockfall,66_27,1,66.15530795184307,27.64902172817756,Balochistan,conventional_alphaearth_embeddings,Conventional + AlphaEarth Embeddings,0.1664547373871224,0.41913377540096863,0
115,CPEC_LANDSLIDE_0304,1,landslide,72_35,3,72.96453808359811,35.07359888710602,KP-AJK,conventional_alphaearth_embeddings,Conventional + AlphaEarth Embeddings,0.9869970457711533,0.3410028221468021,1
116,CPEC_LANDSLIDE_1066,1,landslide,74_36,2,74.8083273190864,36.28407537727655,Gilgit-Baltistan,conventional_alphaearth_embeddings,Conventional + AlphaEarth Embeddings,0.06654721906155593,0.30586012648229505,0
117,CPEC_ROCKFALL_0416,1,rockfall,70_29,4,70.0203095946352,29.508533753980288,Punjab-Sindh lowland corridor,conventional_alphaearth_embeddings,Conventional + AlphaEarth Embeddings,0.9356955297960696,0.42499994627304916,1
118,RMC_01_01400,0,non_landslide,74_36,2,74.28955110257928,36.02356578729797,raster-matched control,conventional_alphaearth_embeddings,Conventional + AlphaEarth Embeddings,0.4281404925912374,0.30586012648229505,1
119,RMC_01_01428,0,non_landslide,65_26,3,65.40521294263722,26.732739961291813,raster-matched control,conventional_alphaearth_embeddings,Conventional + AlphaEarth Embeddings,0.12302826838208548,0.3410028221468021,0
120,RMC_01_00206,0,non_landslide,69_31,2,69.33983388708072,31.81271289298771,raster-matched control,conventional_alphaearth_embeddings,Conventional + AlphaEarth Embeddings,0.10120103489094144,0.30586012648229505,0
121,CPEC_ROCKFALL_0532,1,rockfall,67_29,1,67.92049661306226,29.69044278145561,Balochistan,conventional_alphaearth_embeddings,Conventional + AlphaEarth Embeddings,0.9855384949744145,0.41913377540096863,1
122,CPEC_ROCKFALL_0882,1,rockfall,75_38,2,75.03066255671226,38.53435626479696,"Kashgar (Xinjiang, China)",conventional_alphaearth_embeddings,Conventional + AlphaEarth Embeddings,0.9875727269850743,0.30586012648229505,1
123,CPEC_LANDSLIDE_0736,1,landslide,70_31,3,70.04501301447128,31.444403426222223,KP-AJK,conventional_alphaearth_embeddings,Conventional + AlphaEarth Embeddings,0.9892061445849074,0.3410028221468021,1
124,RMC_01_00245,0,non_landslide,66_27,1,66.71675325745171,27.525503199527293,raster-matched control,conventional_alphaearth_embeddings,Conventional + AlphaEarth Embeddings,0.13970313101210083,0.41913377540096863,0
125,RMC_01_00752,0,non_landslide,76_36,4,76.98449695493784,36.84103269584673,raster-matched control,conventional_alphaearth_embeddings,Conventional + AlphaEarth Embeddings,0.23450100954339825,0.42499994627304916,0
126,RMC_01_01105,0,non_landslide,67_30,3,67.41294760264435,30.013836536538367,raster-matched control,conventional_alphaearth_embeddings,Conventional + AlphaEarth Embeddings,0.04784176538642151,0.3410028221468021,0
127,CPEC_ROCKFALL_0529,1,rockfall,67_29,1,67.90926859660968,29.68370507976385,Balochistan,conventional_alphaearth_embeddings,Conventional + AlphaEarth Embeddings,0.9814467532110749,0.41913377540096863,1
128,CPEC_ROCKFALL_0232,1,rockfall,66_26,4,66.17102628305646,26.162308386847105,Balochistan,conventional_alphaearth_embeddings,Conventional + AlphaEarth Embeddings,0.9758227540120369,0.42499994627304916,1
129,CPEC_LANDSLIDE_0588,1,landslide,66_27,1,66.90989040941034,27.85338678855804,Balochistan,conventional_alphaearth_embeddings,Conventional + AlphaEarth Embeddings,0.9835212163262418,0.41913377540096863,1
130,RMC_01_00919,0,non_landslide,71_35,2,71.76977673062402,35.533983957452826,raster-matched control,conventional_alphaearth_embeddings,Conventional + AlphaEarth Embeddings,0.08548749682720301,0.30586012648229505,0
131,CPEC_ROCKFALL_0436,1,rockfall,70_29,4,70.03153761108777,29.539974875508133,Punjab-Sindh lowland corridor,conventional_alphaearth_embeddings,Conventional + AlphaEarth Embeddings,0.9614495660104874,0.42499994627304916,1
132,CPEC_LANDSLIDE_0556,1,landslide,75_38,2,75.41468925763712,38.81732635854758,"Kashgar (Xinjiang, China)",conventional_alphaearth_embeddings,Conventional + AlphaEarth Embeddings,0.9880421153108359,0.30586012648229505,1
133,CPEC_LANDSLIDE_0103,1,landslide,74_36,2,74.95879522503387,36.80509903986644,Gilgit-Baltistan,conventional_alphaearth_embeddings,Conventional + AlphaEarth Embeddings,0.9870779702491038,0.30586012648229505,1
134,CPEC_ROCKFALL_0034,1,rockfall,67_27,2,67.35455642556101,27.93199182192817,Balochistan,conventional_alphaearth_embeddings,Conventional + AlphaEarth Embeddings,0.5001821156708351,0.30586012648229505,1
135,CPEC_ROCKFALL_0566,1,rockfall,67_29,1,67.2243016246888,29.481582947213266,Balochistan,conventional_alphaearth_embeddings,Conventional + AlphaEarth Embeddings,0.9593944810823921,0.41913377540096863,1
136,RMC_01_00160,0,non_landslide,76_37,1,76.7082650050711,37.083577822559,raster-matched control,conventional_alphaearth_embeddings,Conventional + AlphaEarth Embeddings,0.15604073165419852,0.41913377540096863,0
137,RMC_01_01256,0,non_landslide,72_33,4,72.91063714145582,33.789006518050655,raster-matched control,conventional_alphaearth_embeddings,Conventional + AlphaEarth Embeddings,0.3051223548730105,0.42499994627304916,0
138,CPEC_ROCKFALL_0343,1,rockfall,66_27,1,66.35742562529262,27.73660739106933,Balochistan,conventional_alphaearth_embeddings,Conventional + AlphaEarth Embeddings,0.9755819665757088,0.41913377540096863,1
139,CPEC_LANDSLIDE_0572,1,landslide,75_38,2,75.47757150069282,38.98351259570845,"Kashgar (Xinjiang, China)",conventional_alphaearth_embeddings,Conventional + AlphaEarth Embeddings,0.5876109818481569,0.30586012648229505,1
140,RMC_01_00151,0,non_landslide,77_40,3,77.03390429556441,40.79137415776233,raster-matched control,conventional_alphaearth_embeddings,Conventional + AlphaEarth Embeddings,0.07985327035676705,0.3410028221468021,0
141,CPEC_LANDSLIDE_0566,1,landslide,75_38,2,75.49778460576809,38.92736805434451,"Kashgar (Xinjiang, China)",conventional_alphaearth_embeddings,Conventional + AlphaEarth Embeddings,0.9881544233020557,0.30586012648229505,1
142,CPEC_LANDSLIDE_0866,1,landslide,73_34,2,73.44962585079827,34.411087948090305,KP-AJK,conventional_alphaearth_embeddings,Conventional + AlphaEarth Embeddings,0.15114067272248466,0.30586012648229505,0
143,RMC_01_00337,0,non_landslide,66_26,4,66.14183147561522,26.699053138137334,raster-matched control,conventional_alphaearth_embeddings,Conventional + AlphaEarth Embeddings,0.32040934696720036,0.42499994627304916,0
144,CPEC_ROCKFALL_0517,1,rockfall,67_29,1,67.88007040291171,29.67921476500303,Balochistan,conventional_alphaearth_embeddings,Conventional + AlphaEarth Embeddings,0.549564551631123,0.41913377540096863,1
145,RMC_01_01285,0,non_landslide,73_35,4,73.72361247358398,35.495805557877745,raster-matched control,conventional_alphaearth_embeddings,Conventional + AlphaEarth Embeddings,0.938535216715484,0.42499994627304916,1
146,RMC_01_01360,0,non_landslide,67_29,1,67.36803183843837,29.721884069199525,raster-matched control,conventional_alphaearth_embeddings,Conventional + AlphaEarth Embeddings,0.154006783260157,0.41913377540096863,0
147,RMC_01_00815,0,non_landslide,67_25,3,67.15468195845999,25.877094653167973,raster-matched control,conventional_alphaearth_embeddings,Conventional + AlphaEarth Embeddings,0.0735396152904547,0.3410028221468021,0
148,CPEC_LANDSLIDE_0252,1,landslide,74_35,5,74.28281334173569,35.42169415174223,Gilgit-Baltistan,conventional_alphaearth_embeddings,Conventional + AlphaEarth Embeddings,0.9844829885045969,0.3251687994310354,1
149,RMC_01_01197,0,non_landslide,67_26,5,67.06485043004803,26.398117517957296,raster-matched control,conventional_alphaearth_embeddings,Conventional + AlphaEarth Embeddings,0.3323141030134685,0.3251687994310354,1
150,RMC_01_01333,0,non_landslide,75_37,5,75.25074845658717,37.82693372016791,raster-matched control,conventional_alphaearth_embeddings,Conventional + AlphaEarth Embeddings,0.09403802771255504,0.3251687994310354,0
151,CPEC_LANDSLIDE_0064,1,landslide,75_36,3,75.30913787660101,36.81183674155819,Gilgit-Baltistan,conventional_alphaearth_embeddings,Conventional + AlphaEarth Embeddings,0.9531485988154688,0.3410028221468021,1
152,CPEC_ROCKFALL_0909,1,rockfall,75_38,2,75.419184031499,38.80834126992489,"Kashgar (Xinjiang, China)",conventional_alphaearth_embeddings,Conventional + AlphaEarth Embeddings,0.9616014058332194,0.30586012648229505,1
153,RMC_01_00529,0,non_landslide,73_35,4,73.46534682939962,35.599111815551495,raster-matched control,conventional_alphaearth_embeddings,Conventional + AlphaEarth Embeddings,0.7332558374198209,0.42499994627304916,1
154,CPEC_ROCKFALL_0342,1,rockfall,66_27,1,66.35742562529262,27.73885477800027,Balochistan,conventional_alphaearth_embeddings,Conventional + AlphaEarth Embeddings,0.8771359173030531,0.41913377540096863,1
155,RMC_01_00942,0,non_landslide,76_37,1,76.72398552254319,37.05438257582512,raster-matched control,conventional_alphaearth_embeddings,Conventional + AlphaEarth Embeddings,0.11493742819996611,0.41913377540096863,0
156,CPEC_LANDSLIDE_0076,1,landslide,75_36,3,75.12947623605662,36.861243581230376,Gilgit-Baltistan,conventional_alphaearth_embeddings,Conventional + AlphaEarth Embeddings,0.9635353701808191,0.3410028221468021,1
157,RMC_01_00729,0,non_landslide,75_36,3,75.91101019041501,36.94433895352048,raster-matched control,conventional_alphaearth_embeddings,Conventional + AlphaEarth Embeddings,0.06149515430875017,0.3410028221468021,0
158,RMC_01_00145,0,non_landslide,76_35,2,76.09965640008012,35.15219996170203,raster-matched control,conventional_alphaearth_embeddings,Conventional + AlphaEarth Embeddings,0.07573825171171819,0.30586012648229505,0
159,RMC_01_01039,0,non_landslide,65_25,1,65.4299166129505,25.847899406434088,raster-matched control,conventional_alphaearth_embeddings,Conventional + AlphaEarth Embeddings,0.14884454921219042,0.41913377540096863,0
160,CPEC_LANDSLIDE_0693,1,landslide,66_27,1,66.4584866915679,27.550208048833188,Balochistan,conventional_alphaearth_embeddings,Conventional + AlphaEarth Embeddings,0.9873538448285051,0.41913377540096863,1
161,CPEC_LANDSLIDE_0260,1,landslide,74_35,5,74.02454666782116,35.42618446650303,Gilgit-Baltistan,conventional_alphaearth_embeddings,Conventional + AlphaEarth Embeddings,0.9600012520527519,0.3251687994310354,1
162,CPEC_LANDSLIDE_0712,1,landslide,70_29,4,70.02929022415682,29.53099424598649,Punjab-Sindh lowland corridor,conventional_alphaearth_embeddings,Conventional + AlphaEarth Embeddings,0.9697768416764142,0.42499994627304916,1
163,RMC_01_00822,0,non_landslide,71_34,5,71.19710073699783,34.357190935256256,raster-matched control,conventional_alphaearth_embeddings,Conventional + AlphaEarth Embeddings,0.09301353341021032,0.3251687994310354,0
164,RMC_01_00613,0,non_landslide,75_38,2,75.39672469025659,38.80385159164789,raster-matched control,conventional_alphaearth_embeddings,Conventional + AlphaEarth Embeddings,0.09888856320245452,0.30586012648229505,0
165,RMC_01_00955,0,non_landslide,75_36,3,75.31138473826523,36.83429533121584,raster-matched control,conventional_alphaearth_embeddings,Conventional + AlphaEarth Embeddings,0.1809309644305262,0.3410028221468021,0
166,RMC_01_00515,0,non_landslide,74_36,2,74.31425477289257,36.19424569128068,raster-matched control,conventional_alphaearth_embeddings,Conventional + AlphaEarth Embeddings,0.5253971922597118,0.30586012648229505,1
167,RMC_01_00420,0,non_landslide,74_36,2,74.93184653072474,36.79162535522016,raster-matched control,conventional_alphaearth_embeddings,Conventional + AlphaEarth Embeddings,0.11961449015432785,0.30586012648229505,0
168,RMC_01_01414,0,non_landslide,75_39,4,75.55617565318781,39.01720147162627,raster-matched control,conventional_alphaearth_embeddings,Conventional + AlphaEarth Embeddings,0.059336150419439,0.42499994627304916,0
169,CPEC_LANDSLIDE_0945,1,landslide,75_35,1,75.16091735758447,35.59686547752579,Gilgit-Baltistan,conventional_alphaearth_embeddings,Conventional + AlphaEarth Embeddings,0.9264557626663227,0.41913377540096863,1
170,RMC_01_00503,0,non_landslide,73_35,4,73.61356885127934,35.56767078060731,raster-matched control,conventional_alphaearth_embeddings,Conventional + AlphaEarth Embeddings,0.1815104427733926,0.42499994627304916,0
171,RMC_01_00205,0,non_landslide,69_31,2,69.33309652244982,31.79250079909502,raster-matched control,conventional_alphaearth_embeddings,Conventional + AlphaEarth Embeddings,0.11771358560411949,0.30586012648229505,0
172,RMC_01_01027,0,non_landslide,68_30,4,68.57851168378943,30.121634370632712,raster-matched control,conventional_alphaearth_embeddings,Conventional + AlphaEarth Embeddings,0.07449591333246786,0.42499994627304916,0
173,RMC_01_01454,0,non_landslide,66_30,2,66.79984742123277,30.040785995061952,raster-matched control,conventional_alphaearth_embeddings,Conventional + AlphaEarth Embeddings,0.17481091658949438,0.30586012648229505,0
174,CPEC_ROCKFALL_0668,1,rockfall,69_30,5,69.15568098216993,30.44727262595381,Balochistan,conventional_alphaearth_embeddings,Conventional + AlphaEarth Embeddings,0.9716209625885776,0.3251687994310354,1
175,RMC_01_00592,0,non_landslide,75_38,2,75.24176530374598,38.7769021331243,raster-matched control,conventional_alphaearth_embeddings,Conventional + AlphaEarth Embeddings,0.07585459126078344,0.30586012648229505,0
176,CPEC_LANDSLIDE_0697,1,landslide,66_27,1,66.55505744308238,27.608595518027013,Balochistan,conventional_alphaearth_embeddings,Conventional + AlphaEarth Embeddings,0.9565969470804225,0.41913377540096863,1
177,RMC_01_00974,0,non_landslide,74_36,2,74.97451650672042,36.84777006047763,raster-matched control,conventional_alphaearth_embeddings,Conventional + AlphaEarth Embeddings,0.20746525599644033,0.30586012648229505,0
178,CPEC_ROCKFALL_0511,1,rockfall,67_29,1,67.89354580629524,29.663491974688583,Balochistan,conventional_alphaearth_embeddings,Conventional + AlphaEarth Embeddings,0.9420893469501319,0.41913377540096863,1
179,RMC_01_00229,0,non_landslide,69_32,4,69.83390729334646,32.24165844115478,raster-matched control,conventional_alphaearth_embeddings,Conventional + AlphaEarth Embeddings,0.048619679275812615,0.42499994627304916,0
180,CPEC_LANDSLIDE_0666,1,landslide,66_26,4,66.16877889612553,26.16006545901723,Balochistan,conventional_alphaearth_embeddings,Conventional + AlphaEarth Embeddings,0.9792249982608751,0.42499994627304916,1
181,RMC_01_00465,0,non_landslide,74_36,2,74.8173113319995,36.320009831057405,raster-matched control,conventional_alphaearth_embeddings,Conventional + AlphaEarth Embeddings,0.1526154639524072,0.30586012648229505,0
182,CPEC_LANDSLIDE_0913,1,landslide,76_35,2,76.1086413181807,35.19711598628648,Gilgit-Baltistan,conventional_alphaearth_embeddings,Conventional + AlphaEarth Embeddings,0.9767156379602903,0.30586012648229505,1
183,CPEC_ROCKFALL_0059,1,rockfall,65_27,5,65.14694913512209,27.41096815933829,Balochistan,conventional_alphaearth_embeddings,Conventional + AlphaEarth Embeddings,0.9701198250699213,0.3251687994310354,1
184,RMC_01_01384,0,non_landslide,76_39,5,76.22991211627745,39.68195478187472,raster-matched control,conventional_alphaearth_embeddings,Conventional + AlphaEarth Embeddings,0.1367435546575225,0.3251687994310354,0
185,CPEC_ROCKFALL_0623,1,rockfall,67_30,3,67.20857883437435,30.272101300170256,Balochistan,conventional_alphaearth_embeddings,Conventional + AlphaEarth Embeddings,0.7910987428362086,0.3410028221468021,1
186,CPEC_LANDSLIDE_0188,1,landslide,74_36,2,74.33895788309962,36.2369159245353,Gilgit-Baltistan,conventional_alphaearth_embeddings,Conventional + AlphaEarth Embeddings,0.6699765180259679,0.30586012648229505,1
187,RMC_01_01305,0,non_landslide,74_35,5,74.6219277577035,35.5946202391309,raster-matched control,conventional_alphaearth_embeddings,Conventional + AlphaEarth Embeddings,0.03977444806385415,0.3251687994310354,0
188,RMC_01_00197,0,non_landslide,66_27,1,66.45399603684676,27.52101162310669,raster-matched control,conventional_alphaearth_embeddings,Conventional + AlphaEarth Embeddings,0.6745698479024169,0.41913377540096863,1
189,CPEC_ROCKFALL_0204,1,rockfall,65_26,3,65.69491914537794,26.299300889411075,Balochistan,conventional_alphaearth_embeddings,Conventional + AlphaEarth Embeddings,0.988782516633038,0.3410028221468021,1
190,RMC_01_00239,0,non_landslide,77_39,1,77.75929388749094,39.875092567960415,raster-matched control,conventional_alphaearth_embeddings,Conventional + AlphaEarth Embeddings,0.2918473791647784,0.41913377540096863,0
191,CPEC_LANDSLIDE_0092,1,landslide,74_36,2,74.96553292672563,36.897179476620096,Gilgit-Baltistan,conventional_alphaearth_embeddings,Conventional + AlphaEarth Embeddings,0.41493466057628164,0.30586012648229505,1
192,CPEC_LANDSLIDE_0089,1,landslide,75_36,3,75.00820206470605,36.870228669853056,Gilgit-Baltistan,conventional_alphaearth_embeddings,Conventional + AlphaEarth Embeddings,0.9389569784475673,0.3410028221468021,1
193,RMC_01_00188,0,non_landslide,66_29,5,66.20695933371388,29.5736620473198,raster-matched control,conventional_alphaearth_embeddings,Conventional + AlphaEarth Embeddings,0.1332558033985059,0.3251687994310354,0
194,RMC_01_00038,0,non_landslide,74_38,1,74.56578305244604,38.9610567663688,raster-matched control,conventional_alphaearth_embeddings,Conventional + AlphaEarth Embeddings,0.10349561113377861,0.41913377540096863,0
195,CPEC_LANDSLIDE_0216,1,landslide,74_35,5,74.2042127674666,35.96742123416819,Gilgit-Baltistan,conventional_alphaearth_embeddings,Conventional + AlphaEarth Embeddings,0.953007574210478,0.3251687994310354,1
196,RMC_01_00006,0,non_landslide,71_33,3,71.92698190534495,33.580148214492866,raster-matched control,conventional_alphaearth_embeddings,Conventional + AlphaEarth Embeddings,0.05989185422228072,0.3410028221468021,0
197,RMC_01_01099,0,non_landslide,67_30,3,67.77227371629215,30.696556152469206,raster-matched control,conventional_alphaearth_embeddings,Conventional + AlphaEarth Embeddings,0.08601526635988821,0.3410028221468021,0
198,CPEC_LANDSLIDE_0047,1,landslide,74_35,5,74.91163577229263,35.697926543801096,Gilgit-Baltistan,conventional_alphaearth_embeddings,Conventional + AlphaEarth Embeddings,0.392392865541452,0.3251687994310354,1
199,RMC_01_00321,0,non_landslide,62_26,5,62.98649904014541,26.117393991669942,raster-matched control,conventional_alphaearth_embeddings,Conventional + AlphaEarth Embeddings,0.1809444835435922,0.3251687994310354,0
200,CPEC_LANDSLIDE_0957,1,landslide,75_35,1,75.3720201196567,35.46885806358452,Gilgit-Baltistan,conventional_alphaearth_embeddings,Conventional + AlphaEarth Embeddings,0.9102092893877818,0.41913377540096863,1
201,RMC_01_01023,0,non_landslide,76_37,1,76.20296265775386,37.48781970041279,raster-matched control,conventional_alphaearth_embeddings,Conventional + AlphaEarth Embeddings,0.15756583643606561,0.41913377540096863,0
202,RMC_01_00918,0,non_landslide,75_39,4,75.65723612265126,39.74932842818368,raster-matched control,conventional_alphaearth_embeddings,Conventional + AlphaEarth Embeddings,0.06958095842773583,0.42499994627304916,0
203,CPEC_ROCKFALL_0067,1,rockfall,63_26,1,63.97015223520823,26.33298939786986,Balochistan,conventional_alphaearth_embeddings,Conventional + AlphaEarth Embeddings,0.9800587304424665,0.41913377540096863,1
204,RMC_01_00341,0,non_landslide,62_26,5,62.22293104864381,26.29481126028355,raster-matched control,conventional_alphaearth_embeddings,Conventional + AlphaEarth Embeddings,0.08116126405720064,0.3251687994310354,0
205,CPEC_LANDSLIDE_0948,1,landslide,75_35,1,75.2709590533814,35.58339007414227,Gilgit-Baltistan,conventional_alphaearth_embeddings,Conventional + AlphaEarth Embeddings,0.9700923430818799,0.41913377540096863,1
206,CPEC_ROCKFALL_0678,1,rockfall,70_29,4,70.02030959463521,29.955447157061897,Punjab-Sindh lowland corridor,conventional_alphaearth_embeddings,Conventional + AlphaEarth Embeddings,0.9775616155331658,0.42499994627304916,1
207,RMC_01_01142,0,non_landslide,73_35,4,73.78200296705175,35.51377186356014,raster-matched control,conventional_alphaearth_embeddings,Conventional + AlphaEarth Embeddings,0.037530440554582975,0.42499994627304916,0
208,RMC_01_01378,0,non_landslide,70_32,5,70.77489255346165,32.306786299253446,raster-matched control,conventional_alphaearth_embeddings,Conventional + AlphaEarth Embeddings,0.43948604919369755,0.3251687994310354,1
209,CPEC_ROCKFALL_0595,1,rockfall,67_29,1,67.1704044702558,29.93523405198663,Balochistan,conventional_alphaearth_embeddings,Conventional + AlphaEarth Embeddings,0.9711364125612829,0.41913377540096863,1
210,CPEC_ROCKFALL_0651,1,rockfall,69_30,5,69.13995819185547,30.95033057039937,Balochistan,conventional_alphaearth_embeddings,Conventional + AlphaEarth Embeddings,0.9864314026939409,0.3251687994310354,1
211,RMC_01_00400,0,non_landslide,73_33,5,73.48106734687171,33.96193221024367,raster-matched control,conventional_alphaearth_embeddings,Conventional + AlphaEarth Embeddings,0.29267128222959804,0.3251687994310354,0
212,RMC_01_00243,0,non_landslide,68_30,4,68.76715789345452,30.245152722199144,raster-matched control,conventional_alphaearth_embeddings,Conventional + AlphaEarth Embeddings,0.08234181769838306,0.42499994627304916,0
213,RMC_01_01143,0,non_landslide,73_35,4,73.27445483152422,35.47783925219536,raster-matched control,conventional_alphaearth_embeddings,Conventional + AlphaEarth Embeddings,0.0803436779487036,0.42499994627304916,0
214,CPEC_LANDSLIDE_0399,1,landslide,75_38,2,75.01718715332875,38.54558428124953,"Kashgar (Xinjiang, China)",conventional_alphaearth_embeddings,Conventional + AlphaEarth Embeddings,0.9919182853936148,0.30586012648229505,1
215,CPEC_ROCKFALL_0949,1,rockfall,75_38,2,75.50452230745985,38.94982854635072,"Kashgar (Xinjiang, China)",conventional_alphaearth_embeddings,Conventional + AlphaEarth Embeddings,0.9553394871031622,0.30586012648229505,1
216,CPEC_LANDSLIDE_0143,1,landslide,74_36,2,74.88019465076478,36.46374147692199,Gilgit-Baltistan,conventional_alphaearth_embeddings,Conventional + AlphaEarth Embeddings,0.9562025858085106,0.30586012648229505,1
217,RMC_01_00174,0,non_landslide,65_29,4,65.8184379733322,29.25700590966767,raster-matched control,conventional_alphaearth_embeddings,Conventional + AlphaEarth Embeddings,0.09505618343806478,0.42499994627304916,0
218,RMC_01_00467,0,non_landslide,74_36,2,74.8442607905231,36.573783898821176,raster-matched control,conventional_alphaearth_embeddings,Conventional + AlphaEarth Embeddings,0.11737246304266774,0.30586012648229505,0
219,CPEC_ROCKFALL_0794,1,rockfall,76_35,2,76.14008243970854,35.19936337321741,Gilgit-Baltistan,conventional_alphaearth_embeddings,Conventional + AlphaEarth Embeddings,0.9700801780982912,0.30586012648229505,1
220,RMC_01_01155,0,non_landslide,73_35,4,73.6989088032707,35.53173816924253,raster-matched control,conventional_alphaearth_embeddings,Conventional + AlphaEarth Embeddings,0.131076692873729,0.42499994627304916,0
221,RMC_01_00779,0,non_landslide,67_28,4,67.15917353488058,28.94708713664644,raster-matched control,conventional_alphaearth_embeddings,Conventional + AlphaEarth Embeddings,0.9570497641658264,0.42499994627304916,1
222,RMC_01_01254,0,non_landslide,70_29,4,70.17077552489127,29.96218340770149,raster-matched control,conventional_alphaearth_embeddings,Conventional + AlphaEarth Embeddings,0.09056783482108102,0.42499994627304916,0
223,RMC_01_01438,0,non_landslide,77_37,2,77.18212631744414,37.67197433365729,raster-matched control,conventional_alphaearth_embeddings,Conventional + AlphaEarth Embeddings,0.1097028065105642,0.30586012648229505,0
224,CPEC_ROCKFALL_0648,1,rockfall,68_30,4,68.83228467826876,30.725752404943623,Balochistan,conventional_alphaearth_embeddings,Conventional + AlphaEarth Embeddings,0.9712614290228342,0.42499994627304916,1
225,RMC_01_00005,0,non_landslide,72_34,1,72.91288292966611,34.88719695288677,raster-matched control,conventional_alphaearth_embeddings,Conventional + AlphaEarth Embeddings,0.07679148967889708,0.41913377540096863,0
226,CPEC_ROCKFALL_0057,1,rockfall,63_27,3,63.534471307680256,27.07634383898455,Balochistan,conventional_alphaearth_embeddings,Conventional + AlphaEarth Embeddings,0.9744173356151439,0.3410028221468021,1
227,CPEC_ROCKFALL_0894,1,rockfall,75_38,2,75.19235847911231,38.74995380073106,"Kashgar (Xinjiang, China)",conventional_alphaearth_embeddings,Conventional + AlphaEarth Embeddings,0.9810423536862232,0.30586012648229505,1
228,RMC_01_01196,0,non_landslide,63_27,3,63.64226919755265,27.39075590690936,raster-matched control,conventional_alphaearth_embeddings,Conventional + AlphaEarth Embeddings,0.08540707146366823,0.3410028221468021,0
229,RMC_01_00681,0,non_landslide,73_34,2,73.29915850183751,34.57503239165524,raster-matched control,conventional_alphaearth_embeddings,Conventional + AlphaEarth Embeddings,0.08438799133496591,0.30586012648229505,0
230,RMC_01_00876,0,non_landslide,74_36,2,74.57027462886663,36.26161933758964,raster-matched control,conventional_alphaearth_embeddings,Conventional + AlphaEarth Embeddings,0.06468412673387446,0.30586012648229505,0
231,RMC_01_00521,0,non_landslide,74_36,2,74.30078004363078,36.07072733971424,raster-matched control,conventional_alphaearth_embeddings,Conventional + AlphaEarth Embeddings,0.07277873234812475,0.30586012648229505,0
232,RMC_01_00029,0,non_landslide,74_38,1,74.9992201770337,38.633171687665175,raster-matched control,conventional_alphaearth_embeddings,Conventional + AlphaEarth Embeddings,0.17807236792188955,0.41913377540096863,0
233,CPEC_LANDSLIDE_0985,1,landslide,75_35,1,75.85486495902698,35.307157682083414,Gilgit-Baltistan,conventional_alphaearth_embeddings,Conventional + AlphaEarth Embeddings,0.5258401412303363,0.41913377540096863,1
234,RMC_01_00165,0,non_landslide,76_37,1,76.37588834994688,37.6652369690264,raster-matched control,conventional_alphaearth_embeddings,Conventional + AlphaEarth Embeddings,0.1596489450983124,0.41913377540096863,0
235,CPEC_LANDSLIDE_0923,1,landslide,76_35,2,76.153553383991,35.172412566450376,Gilgit-Baltistan,conventional_alphaearth_embeddings,Conventional + AlphaEarth Embeddings,0.9635184018756385,0.30586012648229505,1
236,CPEC_LANDSLIDE_0098,1,landslide,74_36,2,74.96778031365656,36.82306475801076,Gilgit-Baltistan,conventional_alphaearth_embeddings,Conventional + AlphaEarth Embeddings,0.8538746964010331,0.30586012648229505,1
237,CPEC_ROCKFALL_0955,1,rockfall,75_38,2,75.50901262222067,38.95431886111155,"Kashgar (Xinjiang, China)",conventional_alphaearth_embeddings,Conventional + AlphaEarth Embeddings,0.9636496831038126,0.30586012648229505,1
238,CPEC_LANDSLIDE_0291,1,landslide,73_35,4,73.25199849210955,35.46212036189276,KP-AJK,conventional_alphaearth_embeddings,Conventional + AlphaEarth Embeddings,0.9213447745814357,0.42499994627304916,1
239,RMC_01_00653,0,non_landslide,77_36,5,77.42017986773581,36.44128239441354,raster-matched control,conventional_alphaearth_embeddings,Conventional + AlphaEarth Embeddings,0.05311770672153071,0.3251687994310354,0
240,RMC_01_00910,0,non_landslide,77_37,2,77.26072890480461,37.44739551262741,raster-matched control,conventional_alphaearth_embeddings,Conventional + AlphaEarth Embeddings,0.1191941304405271,0.30586012648229505,0
241,CPEC_ROCKFALL_0592,1,rockfall,67_29,1,67.41968605554764,29.614085135016403,Balochistan,conventional_alphaearth_embeddings,Conventional + AlphaEarth Embeddings,0.9783016188777911,0.41913377540096863,1
242,CPEC_LANDSLIDE_0915,1,landslide,76_35,2,76.13334473801679,35.19262567152566,Gilgit-Baltistan,conventional_alphaearth_embeddings,Conventional + AlphaEarth Embeddings,0.9271128034261887,0.30586012648229505,1
243,RMC_01_00274,0,non_landslide,69_29,3,69.82043256408465,29.17615753409692,raster-matched control,conventional_alphaearth_embeddings,Conventional + AlphaEarth Embeddings,0.18016343725791015,0.3410028221468021,0
244,RMC_01_00922,0,non_landslide,75_38,2,75.53147198287452,38.95207361352761,raster-matched control,conventional_alphaearth_embeddings,Conventional + AlphaEarth Embeddings,0.11356874346223418,0.30586012648229505,0
245,CPEC_LANDSLIDE_0346,1,landslide,75_37,5,75.19684879387313,37.91676630979365,"Kashgar (Xinjiang, China)",conventional_alphaearth_embeddings,Conventional + AlphaEarth Embeddings,0.9885383782979339,0.3251687994310354,1
246,CPEC_LANDSLIDE_0363,1,landslide,74_38,1,74.94082950688954,38.28507467950512,"Kashgar (Xinjiang, China)",conventional_alphaearth_embeddings,Conventional + AlphaEarth Embeddings,0.9620005806902043,0.41913377540096863,1
247,CPEC_ROCKFALL_0358,1,rockfall,66_27,1,66.51687861986278,27.743345092761096,Balochistan,conventional_alphaearth_embeddings,Conventional + AlphaEarth Embeddings,0.616701779218434,0.41913377540096863,1
248,RMC_01_01224,0,non_landslide,71_31,4,71.90003244682136,31.484827814284085,raster-matched control,conventional_alphaearth_embeddings,Conventional + AlphaEarth Embeddings,0.07774306455507941,0.42499994627304916,0
249,CPEC_LANDSLIDE_0889,1,landslide,73_34,2,73.48555728708695,34.4110879480903,KP-AJK,conventional_alphaearth_embeddings,Conventional + AlphaEarth Embeddings,0.9545906547084475,0.30586012648229505,1
250,CPEC_LANDSLIDE_0440,1,landslide,74_38,1,74.98799341873183,38.5905008061609,"Kashgar (Xinjiang, China)",conventional_alphaearth_embeddings,Conventional + AlphaEarth Embeddings,0.9652124148655119,0.41913377540096863,1
251,RMC_01_01109,0,non_landslide,68_30,4,68.05299724257951,30.451765237546635,raster-matched control,conventional_alphaearth_embeddings,Conventional + AlphaEarth Embeddings,0.43890783368753233,0.42499994627304916,1
252,RMC_01_00236,0,non_landslide,69_32,4,69.84289044618765,32.21920055905179,raster-matched control,conventional_alphaearth_embeddings,Conventional + AlphaEarth Embeddings,0.03946284196244512,0.42499994627304916,0
253,CPEC_LANDSLIDE_0055,1,landslide,75_36,3,75.38774290997115,36.83878754832522,Gilgit-Baltistan,conventional_alphaearth_embeddings,Conventional + AlphaEarth Embeddings,0.9817495107987999,0.3410028221468021,1
254,RMC_01_00764,0,non_landslide,73_35,4,73.57539045170427,35.66423967365016,raster-matched control,conventional_alphaearth_embeddings,Conventional + AlphaEarth Embeddings,0.08927117196823466,0.42499994627304916,0
255,CPEC_ROCKFALL_0440,1,rockfall,70_29,4,70.03378053891765,29.54895996413082,Punjab-Sindh lowland corridor,conventional_alphaearth_embeddings,Conventional + AlphaEarth Embeddings,0.9801271923877259,0.42499994627304916,1
256,CPEC_LANDSLIDE_0104,1,landslide,74_36,2,74.96553292672563,36.80509903986644,Gilgit-Baltistan,conventional_alphaearth_embeddings,Conventional + AlphaEarth Embeddings,0.976511349544779,0.30586012648229505,1
257,RMC_01_00647,0,non_landslide,71_35,2,71.74956463673134,35.51152607534984,raster-matched control,conventional_alphaearth_embeddings,Conventional + AlphaEarth Embeddings,0.22314409865351462,0.30586012648229505,0
258,CPEC_LANDSLIDE_0268,1,landslide,73_35,4,73.83140962389326,35.48682378172885,Gilgit-Baltistan,conventional_alphaearth_embeddings,Conventional + AlphaEarth Embeddings,0.9517758009072257,0.42499994627304916,1
259,RMC_01_00593,0,non_landslide,75_38,2,75.26422318584896,38.774656344914,raster-matched control,conventional_alphaearth_embeddings,Conventional + AlphaEarth Embeddings,0.1780221356410262,0.30586012648229505,0
260,RMC_01_00432,0,non_landslide,74_36,2,74.91837180146295,36.82082060195404,raster-matched control,conventional_alphaearth_embeddings,Conventional + AlphaEarth Embeddings,0.07218468692401118,0.30586012648229505,0
261,RMC_01_01375,0,non_landslide,69_30,5,69.11525506605084,30.916643397078488,raster-matched control,conventional_alphaearth_embeddings,Conventional + AlphaEarth Embeddings,0.05439470901807277,0.3251687994310354,0
262,RMC_01_00383,0,non_landslide,71_35,2,71.6440125908473,35.7742832959548,raster-matched control,conventional_alphaearth_embeddings,Conventional + AlphaEarth Embeddings,0.1038350074189026,0.30586012648229505,0
263,CPEC_LANDSLIDE_0008,1,landslide,73_34,2,73.46983895587354,34.411087948090305,KP-AJK,conventional_alphaearth_embeddings,Conventional + AlphaEarth Embeddings,0.44074238223618994,0.30586012648229505,1
264,RMC_01_00676,0,non_landslide,72_32,2,72.34919008888112,32.54933142596572,raster-matched control,conventional_alphaearth_embeddings,Conventional + AlphaEarth Embeddings,0.305431055158903,0.30586012648229505,0
265,CPEC_LANDSLIDE_0185,1,landslide,74_36,2,74.33222018140788,36.263866731302336,Gilgit-Baltistan,conventional_alphaearth_embeddings,Conventional + AlphaEarth Embeddings,0.9691507179641106,0.30586012648229505,1
266,CPEC_ROCKFALL_0448,1,rockfall,69_28,1,69.17813701507508,28.83479925761304,Balochistan,conventional_alphaearth_embeddings,Conventional + AlphaEarth Embeddings,0.9549961495591186,0.41913377540096863,1
267,RMC_01_01103,0,non_landslide,67_30,3,67.8576136682835,30.67185248215592,raster-matched control,conventional_alphaearth_embeddings,Conventional + AlphaEarth Embeddings,0.08450573846108145,0.3410028221468021,0
268,RMC_01_01491,0,non_landslide,71_35,2,71.73833569567984,35.45987294651297,raster-matched control,conventional_alphaearth_embeddings,Conventional + AlphaEarth Embeddings,0.09959122065573606,0.30586012648229505,0
269,RMC_01_00150,0,non_landslide,75_34,4,75.54943828855691,34.8400354004705,raster-matched control,conventional_alphaearth_embeddings,Conventional + AlphaEarth Embeddings,0.33319653160898016,0.42499994627304916,0
270,CPEC_LANDSLIDE_0497,1,landslide,75_38,2,75.1115105179123,38.74770641380014,"Kashgar (Xinjiang, China)",conventional_alphaearth_embeddings,Conventional + AlphaEarth Embeddings,0.9863170968965419,0.30586012648229505,1
271,CPEC_LANDSLIDE_0362,1,landslide,75_38,2,75.20133910863396,38.100918265098855,"Kashgar (Xinjiang, China)",conventional_alphaearth_embeddings,Conventional + AlphaEarth Embeddings,0.08686166485351186,0.30586012648229505,0
272,RMC_01_00107,0,non_landslide,73_36,1,73.98636969418894,36.06623576329365,raster-matched control,conventional_alphaearth_embeddings,Conventional + AlphaEarth Embeddings,0.5623397176007088,0.41913377540096863,1
273,CPEC_ROCKFALL_0802,1,rockfall,75_35,1,75.1631647445154,35.59461809059485,Gilgit-Baltistan,conventional_alphaearth_embeddings,Conventional + AlphaEarth Embeddings,0.978005028325925,0.41913377540096863,1
274,CPEC_LANDSLIDE_0622,1,landslide,63_26,1,63.96790930737835,26.65862862960089,Balochistan,conventional_alphaearth_embeddings,Conventional + AlphaEarth Embeddings,0.9733550033209613,0.41913377540096863,1
275,CPEC_LANDSLIDE_0454,1,landslide,74_38,1,74.97227062841739,38.65114012138671,"Kashgar (Xinjiang, China)",conventional_alphaearth_embeddings,Conventional + AlphaEarth Embeddings,0.976241706518945,0.41913377540096863,1
276,RMC_01_00111,0,non_landslide,75_35,1,75.50452252435093,35.28470146610966,raster-matched control,conventional_alphaearth_embeddings,Conventional + AlphaEarth Embeddings,0.20704500635833786,0.41913377540096863,0
277,CPEC_ROCKFALL_0877,1,rockfall,74_38,1,74.93409180519778,38.28282729257419,"Kashgar (Xinjiang, China)",conventional_alphaearth_embeddings,Conventional + AlphaEarth Embeddings,0.9806935695766281,0.41913377540096863,1
278,CPEC_LANDSLIDE_1017,1,landslide,74_35,5,74.69828562328946,35.5474586378536,Gilgit-Baltistan,conventional_alphaearth_embeddings,Conventional + AlphaEarth Embeddings,0.9649573039874031,0.3251687994310354,1
279,CPEC_LANDSLIDE_0934,1,landslide,72_35,3,72.59847264171653,35.41720383698141,KP-AJK,conventional_alphaearth_embeddings,Conventional + AlphaEarth Embeddings,0.8147355874399514,0.3410028221468021,1
280,RMC_01_01379,0,non_landslide,75_38,2,75.53147198287452,38.976777283840896,raster-matched control,conventional_alphaearth_embeddings,Conventional + AlphaEarth Embeddings,0.10238500869533156,0.30586012648229505,0
281,RMC_01_00834,0,non_landslide,69_30,5,69.1961034416216,30.999737560859543,raster-matched control,conventional_alphaearth_embeddings,Conventional + AlphaEarth Embeddings,0.056168942860604636,0.3251687994310354,0
282,CPEC_ROCKFALL_0814,1,rockfall,75_35,1,75.81893352273832,35.33635587578137,Gilgit-Baltistan,conventional_alphaearth_embeddings,Conventional + AlphaEarth Embeddings,0.9347506349867287,0.41913377540096863,1
283,RMC_01_00228,0,non_landslide,76_38,3,76.51961879540599,38.62868011124458,raster-matched control,conventional_alphaearth_embeddings,Conventional + AlphaEarth Embeddings,0.11899226024371092,0.3410028221468021,0
284,CPEC_ROCKFALL_0901,1,rockfall,75_38,2,75.3720201196567,38.81507897161664,"Kashgar (Xinjiang, China)",conventional_alphaearth_embeddings,Conventional + AlphaEarth Embeddings,0.9784228271128231,0.30586012648229505,1
285,RMC_01_00832,0,non_landslide,68_29,2,68.9894909262741,29.27721800356036,raster-matched control,conventional_alphaearth_embeddings,Conventional + AlphaEarth Embeddings,0.33288166721191914,0.30586012648229505,1
286,CPEC_LANDSLIDE_0541,1,landslide,75_38,2,75.37651043441753,38.81507897161664,"Kashgar (Xinjiang, China)",conventional_alphaearth_embeddings,Conventional + AlphaEarth Embeddings,0.9872971594412526,0.30586012648229505,1
287,CPEC_LANDSLIDE_0882,1,landslide,73_34,2,73.48331435925707,34.39087930211608,KP-AJK,conventional_alphaearth_embeddings,Conventional + AlphaEarth Embeddings,0.2643512511573443,0.30586012648229505,0
288,RMC_01_00539,0,non_landslide,73_39,2,73.98187811776835,39.7268705460807,raster-matched control,conventional_alphaearth_embeddings,Conventional + AlphaEarth Embeddings,0.12198727425159309,0.30586012648229505,0
289,RMC_01_01024,0,non_landslide,63_27,3,63.38400355336829,27.123507109883807,raster-matched control,conventional_alphaearth_embeddings,Conventional + AlphaEarth Embeddings,0.100747233632248,0.3410028221468021,0
290,RMC_01_00293,0,non_landslide,67_29,1,67.55443225989318,29.48832209532845,raster-matched control,conventional_alphaearth_embeddings,Conventional + AlphaEarth Embeddings,0.3962957900532448,0.41913377540096863,0
291,CPEC_ROCKFALL_0485,1,rockfall,68_29,2,68.70427726432749,29.407472687704985,Balochistan,conventional_alphaearth_embeddings,Conventional + AlphaEarth Embeddings,0.6940705602288746,0.30586012648229505,1
292,CPEC_LANDSLIDE_0101,1,landslide,74_36,2,74.97227062841739,36.82755953187264,Gilgit-Baltistan,conventional_alphaearth_embeddings,Conventional + AlphaEarth Embeddings,0.9813863815775031,0.30586012648229505,1
293,CPEC_ROCKFALL_0084,1,rockfall,65_27,5,65.638774604014,27.148211170662936,Balochistan,conventional_alphaearth_embeddings,Conventional + AlphaEarth Embeddings,0.9606980415382647,0.3251687994310354,1
294,RMC_01_00134,0,non_landslide,73_36,1,73.9010297421976,36.1493299270747,raster-matched control,conventional_alphaearth_embeddings,Conventional + AlphaEarth Embeddings,0.8360071807883135,0.41913377540096863,1
295,CPEC_LANDSLIDE_0261,1,landslide,74_35,5,74.02005635306034,35.43067924036492,Gilgit-Baltistan,conventional_alphaearth_embeddings,Conventional + AlphaEarth Embeddings,0.9783200575699382,0.3251687994310354,1
296,RMC_01_00048,0,non_landslide,65_28,2,65.12673520456016,28.92013767812285,raster-matched control,conventional_alphaearth_embeddings,Conventional + AlphaEarth Embeddings,0.17102704444276579,0.30586012648229505,0
297,CPEC_LANDSLIDE_0280,1,landslide,73_35,4,73.53496412675912,35.52500260494845,KP-AJK,conventional_alphaearth_embeddings,Conventional + AlphaEarth Embeddings,0.9690714184956237,0.42499994627304916,1
298,CPEC_ROCKFALL_0414,1,rockfall,70_29,4,70.0203095946352,29.510781140911217,Punjab-Sindh lowland corridor,conventional_alphaearth_embeddings,Conventional + AlphaEarth Embeddings,0.9700235223929271,0.42499994627304916,1
299,RMC_01_01180,0,non_landslide,67_29,1,67.78125686913334,29.66573936394205,raster-matched control,conventional_alphaearth_embeddings,Conventional + AlphaEarth Embeddings,0.2534366734806042,0.41913377540096863,0
300,CPEC_LANDSLIDE_0014,1,landslide,74_39,3,74.8173124077091,39.24627404348486,"Kashgar (Xinjiang, China)",conventional_alphaearth_embeddings,Conventional + AlphaEarth Embeddings,0.7072352592502315,0.3410028221468021,1
301,RMC_01_00569,0,non_landslide,77_36,5,77.46958720836238,36.40534978304876,raster-matched control,conventional_alphaearth_embeddings,Conventional + AlphaEarth Embeddings,0.1051127628813795,0.3251687994310354,0
302,CPEC_LANDSLIDE_0627,1,landslide,63_26,1,63.93646818585051,26.65413831484008,Balochistan,conventional_alphaearth_embeddings,Conventional + AlphaEarth Embeddings,0.9757996456418729,0.41913377540096863,1
303,CPEC_LANDSLIDE_0182,1,landslide,74_36,2,74.35468067341408,36.2616193443714,Gilgit-Baltistan,conventional_alphaearth_embeddings,Conventional + AlphaEarth Embeddings,0.6582531899306423,0.30586012648229505,1
304,RMC_01_01191,0,non_landslide,68_29,2,68.56503695452763,29.059376547161374,raster-matched control,conventional_alphaearth_embeddings,Conventional + AlphaEarth Embeddings,0.09784670531500785,0.30586012648229505,0
305,CPEC_ROCKFALL_0068,1,rockfall,64_26,2,64.0128258322897,26.12188663579762,Balochistan,conventional_alphaearth_embeddings,Conventional + AlphaEarth Embeddings,0.9715990110179067,0.30586012648229505,1
306,CPEC_ROCKFALL_0375,1,rockfall,66_27,1,66.99073837061036,27.96343294345602,Balochistan,conventional_alphaearth_embeddings,Conventional + AlphaEarth Embeddings,0.42927319441051864,0.41913377540096863,1
307,RMC_01_01048,0,non_landslide,68_29,2,68.88618466860036,29.003231841903904,raster-matched control,conventional_alphaearth_embeddings,Conventional + AlphaEarth Embeddings,0.41460836289539227,0.30586012648229505,1
308,RMC_01_01373,0,non_landslide,74_35,5,74.6241735459138,35.61034075660299,raster-matched control,conventional_alphaearth_embeddings,Conventional + AlphaEarth Embeddings,0.04660159307735625,0.3251687994310354,0
309,RMC_01_00450,0,non_landslide,74_36,2,74.8330318494716,36.58501283987267,raster-matched control,conventional_alphaearth_embeddings,Conventional + AlphaEarth Embeddings,0.053792591035329795,0.30586012648229505,0
310,RMC_01_01055,0,non_landslide,65_26,3,65.02567473509671,26.09044453314636,raster-matched control,conventional_alphaearth_embeddings,Conventional + AlphaEarth Embeddings,0.13063057544127324,0.3410028221468021,0
311,CPEC_LANDSLIDE_1069,1,landslide,74_36,2,74.78587128618125,36.27958506251573,Gilgit-Baltistan,conventional_alphaearth_embeddings,Conventional + AlphaEarth Embeddings,0.8531583462160264,0.30586012648229505,1
312,RMC_01_00207,0,non_landslide,69_31,2,69.43415699191327,31.88457811571727,raster-matched control,conventional_alphaearth_embeddings,Conventional + AlphaEarth Embeddings,0.09851386066597313,0.30586012648229505,0
313,RMC_01_00092,0,non_landslide,71_34,5,71.31388172393336,34.2718509832649,raster-matched control,conventional_alphaearth_embeddings,Conventional + AlphaEarth Embeddings,0.11678003131036858,0.3251687994310354,0
314,RMC_01_01112,0,non_landslide,67_28,4,67.20633508729685,28.86623876107568,raster-matched control,conventional_alphaearth_embeddings,Conventional + AlphaEarth Embeddings,0.1171714013162206,0.42499994627304916,0
315,CPEC_ROCKFALL_0935,1,rockfall,75_38,2,75.50003199269902,38.92287773958369,"Kashgar (Xinjiang, China)",conventional_alphaearth_embeddings,Conventional + AlphaEarth Embeddings,0.9690065148996044,0.30586012648229505,1
316,CPEC_LANDSLIDE_1007,1,landslide,75_35,1,75.96491111392497,35.19936337321741,Gilgit-Baltistan,conventional_alphaearth_embeddings,Conventional + AlphaEarth Embeddings,0.7829594805626165,0.41913377540096863,1
317,RMC_01_00816,0,non_landslide,67_26,5,67.07832515930983,26.69231577350644,raster-matched control,conventional_alphaearth_embeddings,Conventional + AlphaEarth Embeddings,0.2613668565402783,0.3251687994310354,0
318,CPEC_LANDSLIDE_0180,1,landslide,74_36,2,74.45798466751926,36.25488164267964,Gilgit-Baltistan,conventional_alphaearth_embeddings,Conventional + AlphaEarth Embeddings,0.6126596595792266,0.30586012648229505,1
319,CPEC_LANDSLIDE_0505,1,landslide,75_38,2,75.18562077742055,38.75893443025271,"Kashgar (Xinjiang, China)",conventional_alphaearth_embeddings,Conventional + AlphaEarth Embeddings,0.934649529482121,0.30586012648229505,1
320,RMC_01_00699,0,non_landslide,73_33,5,73.4990336525541,33.970915363084856,raster-matched control,conventional_alphaearth_embeddings,Conventional + AlphaEarth Embeddings,0.32326954478410314,0.3251687994310354,0
321,CPEC_ROCKFALL_0856,1,rockfall,74_35,5,74.20870308222742,35.40372843359789,Gilgit-Baltistan,conventional_alphaearth_embeddings,Conventional + AlphaEarth Embeddings,0.9702703947860915,0.3251687994310354,1
322,CPEC_LANDSLIDE_0027,1,landslide,76_38,3,76.04126430126313,38.52537563527532,"Kashgar (Xinjiang, China)",conventional_alphaearth_embeddings,Conventional + AlphaEarth Embeddings,0.9765197880103966,0.3410028221468021,1
323,RMC_01_00016,0,non_landslide,75_40,1,75.3899873256257,40.54209166641916,raster-matched control,conventional_alphaearth_embeddings,Conventional + AlphaEarth Embeddings,0.13407161279529503,0.41913377540096863,0
324,RMC_01_01482,0,non_landslide,75_39,4,75.7448218628529,39.30241657433422,raster-matched control,conventional_alphaearth_embeddings,Conventional + AlphaEarth Embeddings,0.09371694500720178,0.42499994627304916,0
325,CPEC_ROCKFALL_0422,1,rockfall,70_29,4,70.01806220770425,29.499553124458647,Punjab-Sindh lowland corridor,conventional_alphaearth_embeddings,Conventional + AlphaEarth Embeddings,0.2695359659188576,0.42499994627304916,0
326,RMC_01_00212,0,non_landslide,69_32,4,69.95517985670259,32.29331156999165,raster-matched control,conventional_alphaearth_embeddings,Conventional + AlphaEarth Embeddings,0.04660475425492993,0.42499994627304916,0
327,RMC_01_00839,0,non_landslide,72_32,2,72.47720001686815,32.5762808844893,raster-matched control,conventional_alphaearth_embeddings,Conventional + AlphaEarth Embeddings,0.1161564613026368,0.30586012648229505,0
328,CPEC_LANDSLIDE_0360,1,landslide,75_37,5,75.48655658931551,37.83142357473175,"Kashgar (Xinjiang, China)",conventional_alphaearth_embeddings,Conventional + AlphaEarth Embeddings,0.9304222103825075,0.3251687994310354,1
329,RMC_01_00397,0,non_landslide,74_38,1,74.96553335387922,38.66236693439906,raster-matched control,conventional_alphaearth_embeddings,Conventional + AlphaEarth Embeddings,0.10629452538664566,0.41913377540096863,0
330,RMC_01_00957,0,non_landslide,75_36,3,75.21706163343269,36.84327848405703,raster-matched control,conventional_alphaearth_embeddings,Conventional + AlphaEarth Embeddings,0.16874343278441772,0.3410028221468021,0
331,CPEC_LANDSLIDE_0121,1,landslide,74_36,2,74.80383700432557,36.71751337697464,Gilgit-Baltistan,conventional_alphaearth_embeddings,Conventional + AlphaEarth Embeddings,0.643355005984066,0.30586012648229505,1
332,RMC_01_00830,0,non_landslide,66_26,4,66.5662854473617,26.34646438912042,raster-matched control,conventional_alphaearth_embeddings,Conventional + AlphaEarth Embeddings,0.09546080793524456,0.42499994627304916,0
333,RMC_01_01426,0,non_landslide,65_28,2,65.636529128298,28.2621217325053,raster-matched control,conventional_alphaearth_embeddings,Conventional + AlphaEarth Embeddings,0.1140642431536666,0.30586012648229505,0
334,CPEC_ROCKFALL_0214,1,rockfall,65_26,3,65.67246311247278,26.270107154814166,Balochistan,conventional_alphaearth_embeddings,Conventional + AlphaEarth Embeddings,0.9458244155384172,0.3410028221468021,1
335,CPEC_ROCKFALL_0052,1,rockfall,63_27,3,63.40870682156886,27.217831115410384,Balochistan,conventional_alphaearth_embeddings,Conventional + AlphaEarth Embeddings,0.9852191129010438,0.3410028221468021,1
336,CPEC_LANDSLIDE_0584,1,landslide,74_38,1,74.956552297204,38.68033385598361,"Kashgar (Xinjiang, China)",conventional_alphaearth_embeddings,Conventional + AlphaEarth Embeddings,0.873593400812985,0.41913377540096863,1
337,RMC_01_00392,0,non_landslide,74_38,1,74.92510916609385,38.27609136222767,raster-matched control,conventional_alphaearth_embeddings,Conventional + AlphaEarth Embeddings,0.09900388122342668,0.41913377540096863,0
338,CPEC_ROCKFALL_0441,1,rockfall,70_29,4,70.03602792584859,29.54895996413082,Punjab-Sindh lowland corridor,conventional_alphaearth_embeddings,Conventional + AlphaEarth Embeddings,0.9666589790196136,0.42499994627304916,1
339,RMC_01_00140,0,non_landslide,75_35,1,75.65274454623065,35.72263016711793,raster-matched control,conventional_alphaearth_embeddings,Conventional + AlphaEarth Embeddings,0.08254351404165478,0.41913377540096863,0
340,RMC_01_00232,0,non_landslide,66_27,1,66.60895542335737,27.655758915724626,raster-matched control,conventional_alphaearth_embeddings,Conventional + AlphaEarth Embeddings,0.07602696563548982,0.41913377540096863,0
341,CPEC_LANDSLIDE_0214,1,landslide,74_35,5,74.20196538053567,35.976406322790886,Gilgit-Baltistan,conventional_alphaearth_embeddings,Conventional + AlphaEarth Embeddings,0.9585230898411334,0.3251687994310354,1
342,RMC_01_00662,0,non_landslide,67_29,1,67.61731432978154,29.50179682459024,raster-matched control,conventional_alphaearth_embeddings,Conventional + AlphaEarth Embeddings,0.15890503851811516,0.41913377540096863,0
343,RMC_01_00306,0,non_landslide,66_29,5,66.02505048867968,29.598365717633087,raster-matched control,conventional_alphaearth_embeddings,Conventional + AlphaEarth Embeddings,0.9474551549980496,0.3251687994310354,1
344,CPEC_LANDSLIDE_0951,1,landslide,75_35,1,75.30015724707937,35.58563746107321,Gilgit-Baltistan,conventional_alphaearth_embeddings,Conventional + AlphaEarth Embeddings,0.9573921095256405,0.41913377540096863,1
345,RMC_01_00154,0,non_landslide,77_40,3,77.2719578458561,40.6633642297753,raster-matched control,conventional_alphaearth_embeddings,Conventional + AlphaEarth Embeddings,0.10103931513004963,0.3410028221468021,0
346,RMC_01_01065,0,non_landslide,66_28,3,66.33272347349062,28.266613308925898,raster-matched control,conventional_alphaearth_embeddings,Conventional + AlphaEarth Embeddings,0.16616933940993817,0.3410028221468021,0
347,CPEC_ROCKFALL_0546,1,rockfall,67_29,1,67.70040876236733,29.58938171518032,Balochistan,conventional_alphaearth_embeddings,Conventional + AlphaEarth Embeddings,0.9553867586417062,0.41913377540096863,1
348,RMC_01_00774,0,non_landslide,74_35,5,74.11662541038628,35.556441839555816,raster-matched control,conventional_alphaearth_embeddings,Conventional + AlphaEarth Embeddings,0.20352399996566858,0.3251687994310354,0
349,CPEC_LANDSLIDE_0233,1,landslide,74_35,5,74.57701145193889,35.78326481976193,Gilgit-Baltistan,conventional_alphaearth_embeddings,Conventional + AlphaEarth Embeddings,0.9841363520541099,0.3251687994310354,1
350,RMC_01_00879,0,non_landslide,75_38,2,75.27994370332105,38.7791479213346,raster-matched control,conventional_alphaearth_embeddings,Conventional + AlphaEarth Embeddings,0.09634201825344871,0.30586012648229505,0
351,CPEC_LANDSLIDE_0416,1,landslide,75_38,2,75.01044945163699,38.55456936987223,"Kashgar (Xinjiang, China)",conventional_alphaearth_embeddings,Conventional + AlphaEarth Embeddings,0.9902953529618534,0.30586012648229505,1
352,CPEC_ROCKFALL_0522,1,rockfall,67_29,1,67.89354580629524,29.688195394524666,Balochistan,conventional_alphaearth_embeddings,Conventional + AlphaEarth Embeddings,0.2297636683676394,0.41913377540096863,0
353,CPEC_ROCKFALL_0359,1,rockfall,66_27,1,66.51912600679371,27.750082794452847,Balochistan,conventional_alphaearth_embeddings,Conventional + AlphaEarth Embeddings,0.9759436639065246,0.41913377540096863,1
354,RMC_01_00144,0,non_landslide,66_29,5,66.0138215476282,29.08183442926436,raster-matched control,conventional_alphaearth_embeddings,Conventional + AlphaEarth Embeddings,0.07608876677564921,0.3251687994310354,0
355,RMC_01_00050,0,non_landslide,67_29,1,67.24226769866164,29.91053027886462,raster-matched control,conventional_alphaearth_embeddings,Conventional + AlphaEarth Embeddings,0.33724708498015427,0.41913377540096863,0
356,RMC_01_00742,0,non_landslide,73_36,1,73.82467294304743,36.37166295989428,raster-matched control,conventional_alphaearth_embeddings,Conventional + AlphaEarth Embeddings,0.5333957740914018,0.41913377540096863,1
357,CPEC_LANDSLIDE_0093,1,landslide,74_36,2,74.95430491027305,36.88594700106646,Gilgit-Baltistan,conventional_alphaearth_embeddings,Conventional + AlphaEarth Embeddings,0.6499795263744544,0.30586012648229505,1
358,RMC_01_00523,0,non_landslide,74_36,2,74.30976319647198,36.1493299270747,raster-matched control,conventional_alphaearth_embeddings,Conventional + AlphaEarth Embeddings,0.0929493241884415,0.30586012648229505,0
359,RMC_01_01391,0,non_landslide,65_29,4,65.89928634890295,29.007723418324503,raster-matched control,conventional_alphaearth_embeddings,Conventional + AlphaEarth Embeddings,0.1563037379074002,0.42499994627304916,0
360,RMC_01_01084,0,non_landslide,68_29,2,68.21693978193132,29.98688707801478,raster-matched control,conventional_alphaearth_embeddings,Conventional + AlphaEarth Embeddings,0.16335815644912463,0.30586012648229505,0
361,RMC_01_00693,0,non_landslide,73_33,5,73.44513473550693,33.955194845612766,raster-matched control,conventional_alphaearth_embeddings,Conventional + AlphaEarth Embeddings,0.1979739572172161,0.3251687994310354,0
362,CPEC_LANDSLIDE_0520,1,landslide,75_38,2,75.25075040740718,38.77465722056716,"Kashgar (Xinjiang, China)",conventional_alphaearth_embeddings,Conventional + AlphaEarth Embeddings,0.9765109084895107,0.30586012648229505,1
363,CPEC_LANDSLIDE_0539,1,landslide,75_38,2,75.37651043441753,38.81283604378677,"Kashgar (Xinjiang, China)",conventional_alphaearth_embeddings,Conventional + AlphaEarth Embeddings,0.981079302875843,0.30586012648229505,1
364,CPEC_LANDSLIDE_0298,1,landslide,73_35,4,73.21157228195901,35.410466135289646,KP-AJK,conventional_alphaearth_embeddings,Conventional + AlphaEarth Embeddings,0.8801943106400286,0.42499994627304916,1
365,RMC_01_00187,0,non_landslide,66_29,5,66.22043406297568,29.589382564791894,raster-matched control,conventional_alphaearth_embeddings,Conventional + AlphaEarth Embeddings,0.0828197230997857,0.3251687994310354,0
366,RMC_01_00002,0,non_landslide,75_37,5,75.28892685616225,37.878586849004776,raster-matched control,conventional_alphaearth_embeddings,Conventional + AlphaEarth Embeddings,0.37705081607899,0.3251687994310354,1
367,CPEC_ROCKFALL_0488,1,rockfall,68_29,2,68.67283614279965,29.398492058183344,Balochistan,conventional_alphaearth_embeddings,Conventional + AlphaEarth Embeddings,0.9319094023677279,0.30586012648229505,1
368,RMC_01_00796,0,non_landslide,62_26,5,62.95281221699092,26.09044453314636,raster-matched control,conventional_alphaearth_embeddings,Conventional + AlphaEarth Embeddings,0.0803503571305592,0.3251687994310354,0
369,RMC_01_01232,0,non_landslide,68_29,2,68.56503695452763,29.08632600568496,raster-matched control,conventional_alphaearth_embeddings,Conventional + AlphaEarth Embeddings,0.10967559034376459,0.30586012648229505,0
370,CPEC_LANDSLIDE_0292,1,landslide,73_35,4,73.2452607904178,35.45538266020101,KP-AJK,conventional_alphaearth_embeddings,Conventional + AlphaEarth Embeddings,0.9435507450520758,0.42499994627304916,1
371,RMC_01_01505,0,non_landslide,75_40,1,75.32036789110643,40.18276555277135,raster-matched control,conventional_alphaearth_embeddings,Conventional + AlphaEarth Embeddings,0.09816723356556896,0.41913377540096863,0
372,CPEC_LANDSLIDE_0938,1,landslide,72_35,3,72.55580350373612,35.5182649032567,KP-AJK,conventional_alphaearth_embeddings,Conventional + AlphaEarth Embeddings,0.9769039613871103,0.3410028221468021,1
373,CPEC_ROCKFALL_0895,1,rockfall,75_38,2,75.19460586604325,38.75219672856095,"Kashgar (Xinjiang, China)",conventional_alphaearth_embeddings,Conventional + AlphaEarth Embeddings,0.9778140309280798,0.30586012648229505,1
374,CPEC_LANDSLIDE_0220,1,landslide,74_35,5,74.33895788309962,35.891063587728986,Gilgit-Baltistan,conventional_alphaearth_embeddings,Conventional + AlphaEarth Embeddings,0.600845175353321,0.3251687994310354,1
375,RMC_01_01496,0,non_landslide,74_35,5,74.22442324448062,35.4059740294658,raster-matched control,conventional_alphaearth_embeddings,Conventional + AlphaEarth Embeddings,0.05567464944831863,0.3251687994310354,0
376,RMC_01_00803,0,non_landslide,67_26,5,67.01993466584206,26.842783583596457,raster-matched control,conventional_alphaearth_embeddings,Conventional + AlphaEarth Embeddings,0.1503486728563505,0.3251687994310354,0
377,RMC_01_00721,0,non_landslide,74_39,3,74.8442607905231,39.650513746930535,raster-matched control,conventional_alphaearth_embeddings,Conventional + AlphaEarth Embeddings,0.13371058292065877,0.3410028221468021,0
378,CPEC_LANDSLIDE_0006,1,landslide,73_35,4,73.20932489502808,35.293686737800954,KP-AJK,conventional_alphaearth_embeddings,Conventional + AlphaEarth Embeddings,0.9813036073233822,0.42499994627304916,1
379,CPEC_ROCKFALL_0294,1,rockfall,66_27,1,66.44950606204627,27.53898003238061,Balochistan,conventional_alphaearth_embeddings,Conventional + AlphaEarth Embeddings,0.9860911994872339,0.41913377540096863,1
380,RMC_01_00595,0,non_landslide,75_38,2,75.26422318584896,38.7656731920728,raster-matched control,conventional_alphaearth_embeddings,Conventional + AlphaEarth Embeddings,0.09867602273062971,0.30586012648229505,0
381,CPEC_ROCKFALL_0470,1,rockfall,69_29,3,69.16017129693074,29.077343141213124,Balochistan,conventional_alphaearth_embeddings,Conventional + AlphaEarth Embeddings,0.9860557353509489,0.3410028221468021,1
382,RMC_01_00631,0,non_landslide,74_36,2,74.35018738425735,36.257127761169045,raster-matched control,conventional_alphaearth_embeddings,Conventional + AlphaEarth Embeddings,0.2069717143330738,0.30586012648229505,0
383,CPEC_LANDSLIDE_0549,1,landslide,75_38,2,75.38324813610927,38.81058865685582,"Kashgar (Xinjiang, China)",conventional_alphaearth_embeddings,Conventional + AlphaEarth Embeddings,0.9582255254625749,0.30586012648229505,1
384,CPEC_LANDSLIDE_0999,1,landslide,75_35,1,75.91549981515173,35.226309720883386,Gilgit-Baltistan,conventional_alphaearth_embeddings,Conventional + AlphaEarth Embeddings,0.6849337885235229,0.41913377540096863,1
385,CPEC_ROCKFALL_0903,1,rockfall,75_38,2,75.39223322473197,38.81283604378676,"Kashgar (Xinjiang, China)",conventional_alphaearth_embeddings,Conventional + AlphaEarth Embeddings,0.9899918252093791,0.30586012648229505,1
386,RMC_01_00952,0,non_landslide,75_36,3,75.29566422079314,36.83204954300554,raster-matched control,conventional_alphaearth_embeddings,Conventional + AlphaEarth Embeddings,0.04579098800747027,0.3410028221468021,0
387,RMC_01_00835,0,non_landslide,69_31,2,69.5621669199003,31.99911331444251,raster-matched control,conventional_alphaearth_embeddings,Conventional + AlphaEarth Embeddings,0.085405716911205,0.30586012648229505,0
388,RMC_01_01411,0,non_landslide,65_27,5,65.78475115017771,27.424442730063845,raster-matched control,conventional_alphaearth_embeddings,Conventional + AlphaEarth Embeddings,0.2976311583116488,0.3251687994310354,0
389,CPEC_ROCKFALL_0319,1,rockfall,66_28,3,66.35742562529262,28.156569987383925,Balochistan,conventional_alphaearth_embeddings,Conventional + AlphaEarth Embeddings,0.9318080416936976,0.3410028221468021,1
390,RMC_01_01403,0,non_landslide,65_27,5,65.13571835740136,27.406476424381456,raster-matched control,conventional_alphaearth_embeddings,Conventional + AlphaEarth Embeddings,0.15369166261277367,0.3251687994310354,0
391,CPEC_ROCKFALL_0093,1,rockfall,65_27,5,65.72860765383672,27.28071335846608,Balochistan,conventional_alphaearth_embeddings,Conventional + AlphaEarth Embeddings,0.9756834450039894,0.3251687994310354,1
392,RMC_01_00718,0,non_landslide,73_33,5,73.48555892329232,33.908033293196496,raster-matched control,conventional_alphaearth_embeddings,Conventional + AlphaEarth Embeddings,0.4276782160740302,0.3251687994310354,1
393,CPEC_LANDSLIDE_0442,1,landslide,74_38,1,74.97227062841739,38.6376647180032,"Kashgar (Xinjiang, China)",conventional_alphaearth_embeddings,Conventional + AlphaEarth Embeddings,0.9862803151460825,0.41913377540096863,1
394,RMC_01_01168,0,non_landslide,73_35,4,73.24750537300064,35.46885609935416,raster-matched control,conventional_alphaearth_embeddings,Conventional + AlphaEarth Embeddings,0.07682822111253786,0.42499994627304916,0
395,CPEC_ROCKFALL_0036,1,rockfall,67_27,2,67.32760561879398,27.93872952361993,Balochistan,conventional_alphaearth_embeddings,Conventional + AlphaEarth Embeddings,0.9638120012891466,0.30586012648229505,1
396,RMC_01_00445,0,non_landslide,74_36,2,74.89366813114967,36.30653510179562,raster-matched control,conventional_alphaearth_embeddings,Conventional + AlphaEarth Embeddings,0.565943381314516,0.30586012648229505,1
397,CPEC_LANDSLIDE_0873,1,landslide,73_34,2,73.4922949887787,34.37066619704081,KP-AJK,conventional_alphaearth_embeddings,Conventional + AlphaEarth Embeddings,0.2820164025653845,0.30586012648229505,0
398,CPEC_LANDSLIDE_0928,1,landslide,72_35,3,72.58948755309383,35.24652282595866,KP-AJK,conventional_alphaearth_embeddings,Conventional + AlphaEarth Embeddings,0.8813524092347365,0.3410028221468021,1
399,RMC_01_01423,0,non_landslide,65_28,2,65.75331011523353,28.03529712326512,raster-matched control,conventional_alphaearth_embeddings,Conventional + AlphaEarth Embeddings,0.11598768951780006,0.30586012648229505,0
400,CPEC_ROCKFALL_0843,1,rockfall,74_36,2,74.3120070763326,36.29530785283018,Gilgit-Baltistan,conventional_alphaearth_embeddings,Conventional + AlphaEarth Embeddings,0.9673157215810021,0.30586012648229505,1
401,RMC_01_00867,0,non_landslide,75_38,2,75.16091692817523,38.752198462811016,raster-matched control,conventional_alphaearth_embeddings,Conventional + AlphaEarth Embeddings,0.07793245334594892,0.30586012648229505,0
402,RMC_01_00089,0,non_landslide,72_34,1,72.06846656259377,34.55032872134195,raster-matched control,conventional_alphaearth_embeddings,Conventional + AlphaEarth Embeddings,0.25807766572305474,0.41913377540096863,0
403,RMC_01_00767,0,non_landslide,74_36,2,74.86222709620547,36.19649147949097,raster-matched control,conventional_alphaearth_embeddings,Conventional + AlphaEarth Embeddings,0.14503286147573652,0.30586012648229505,0
404,CPEC_LANDSLIDE_0169,1,landslide,74_36,2,74.59048685532241,36.30204555452194,Gilgit-Baltistan,conventional_alphaearth_embeddings,Conventional + AlphaEarth Embeddings,0.977032494129878,0.30586012648229505,1
405,RMC_01_01089,0,non_landslide,66_27,1,66.5393359888381,27.352577507334285,raster-matched control,conventional_alphaearth_embeddings,Conventional + AlphaEarth Embeddings,0.14635032330352174,0.41913377540096863,0
406,CPEC_LANDSLIDE_0274,1,landslide,73_35,4,73.59111312722412,35.53623062140103,KP-AJK,conventional_alphaearth_embeddings,Conventional + AlphaEarth Embeddings,0.9735973708726814,0.42499994627304916,1
407,CPEC_ROCKFALL_0282,1,rockfall,66_27,1,66.28780568054516,27.188632921712426,Balochistan,conventional_alphaearth_embeddings,Conventional + AlphaEarth Embeddings,0.9789496813199503,0.41913377540096863,1
408,RMC_01_00606,0,non_landslide,75_38,2,75.26422318584896,38.7769021331243,raster-matched control,conventional_alphaearth_embeddings,Conventional + AlphaEarth Embeddings,0.07993167302432407,0.30586012648229505,0
409,CPEC_LANDSLIDE_0875,1,landslide,73_34,2,73.48780467401788,34.37740389873258,KP-AJK,conventional_alphaearth_embeddings,Conventional + AlphaEarth Embeddings,0.6158264325236723,0.30586012648229505,1
410,CPEC_LANDSLIDE_0287,1,landslide,73_35,4,73.34182708283122,35.507032427703066,KP-AJK,conventional_alphaearth_embeddings,Conventional + AlphaEarth Embeddings,0.9807160011727213,0.42499994627304916,1
411,CPEC_LANDSLIDE_1030,1,landslide,75_35,1,75.59659828511245,35.01969727357197,Gilgit-Baltistan,conventional_alphaearth_embeddings,Conventional + AlphaEarth Embeddings,0.7678652937586763,0.41913377540096863,1
412,CPEC_ROCKFALL_0291,1,rockfall,66_27,1,66.45399637680708,27.554698363594007,Balochistan,conventional_alphaearth_embeddings,Conventional + AlphaEarth Embeddings,0.9806008261205944,0.41913377540096863,1
413,CPEC_LANDSLIDE_0595,1,landslide,67_28,4,67.41070096692495,28.07123171142308,Balochistan,conventional_alphaearth_embeddings,Conventional + AlphaEarth Embeddings,0.9713368934369981,0.42499994627304916,1
414,CPEC_LANDSLIDE_0535,1,landslide,75_38,2,75.36752980489588,38.80834126992488,"Kashgar (Xinjiang, China)",conventional_alphaearth_embeddings,Conventional + AlphaEarth Embeddings,0.9525656029704513,0.30586012648229505,1
415,RMC_01_01216,0,non_landslide,68_29,2,68.49990909642896,29.115521252418844,raster-matched control,conventional_alphaearth_embeddings,Conventional + AlphaEarth Embeddings,0.16652984639656335,0.30586012648229505,0
416,CPEC_ROCKFALL_0631,1,rockfall,67_30,3,67.19735081792177,30.274348687101185,Balochistan,conventional_alphaearth_embeddings,Conventional + AlphaEarth Embeddings,0.9586392857917992,0.3410028221468021,1
417,RMC_01_00914,0,non_landslide,77_37,2,77.22704208165013,37.42044605410382,raster-matched control,conventional_alphaearth_embeddings,Conventional + AlphaEarth Embeddings,0.10333367472582355,0.30586012648229505,0
418,CPEC_LANDSLIDE_0257,1,landslide,74_35,5,74.19298029191297,35.39923811883707,Gilgit-Baltistan,conventional_alphaearth_embeddings,Conventional + AlphaEarth Embeddings,0.9848900274885771,0.3251687994310354,1
419,CPEC_ROCKFALL_0201,1,rockfall,65_26,3,65.7016568470697,26.303795663272943,Balochistan,conventional_alphaearth_embeddings,Conventional + AlphaEarth Embeddings,0.9807864485568176,0.3410028221468021,1
420,RMC_01_00385,0,non_landslide,76_35,2,76.53758510108838,35.165674690963826,raster-matched control,conventional_alphaearth_embeddings,Conventional + AlphaEarth Embeddings,0.9383506415746099,0.30586012648229505,1
421,CPEC_LANDSLIDE_0456,1,landslide,74_38,1,74.98799341873183,38.69605218719702,"Kashgar (Xinjiang, China)",conventional_alphaearth_embeddings,Conventional + AlphaEarth Embeddings,0.9869672193134302,0.41913377540096863,1
422,RMC_01_00925,0,non_landslide,75_39,4,75.65049875802036,39.75382000460428,raster-matched control,conventional_alphaearth_embeddings,Conventional + AlphaEarth Embeddings,0.06436124926098193,0.42499994627304916,0
423,CPEC_ROCKFALL_0946,1,rockfall,75_38,2,75.51350739608255,38.94084345772803,"Kashgar (Xinjiang, China)",conventional_alphaearth_embeddings,Conventional + AlphaEarth Embeddings,0.7458009983803043,0.30586012648229505,1
424,CPEC_ROCKFALL_0218,1,rockfall,65_26,3,65.67021572554187,26.267859767883227,Balochistan,conventional_alphaearth_embeddings,Conventional + AlphaEarth Embeddings,0.137663534849453,0.3410028221468021,0
425,CPEC_ROCKFALL_0593,1,rockfall,67_29,1,67.19959820485273,29.93523405198663,Balochistan,conventional_alphaearth_embeddings,Conventional + AlphaEarth Embeddings,0.9744111511008332,0.41913377540096863,1
426,RMC_01_00680,0,non_landslide,73_34,2,73.40695633593185,34.22918100726922,raster-matched control,conventional_alphaearth_embeddings,Conventional + AlphaEarth Embeddings,0.19572508004351077,0.30586012648229505,0
427,RMC_01_01204,0,non_landslide,67_29,1,67.4937959782151,29.378278473023805,raster-matched control,conventional_alphaearth_embeddings,Conventional + AlphaEarth Embeddings,0.33274343518560473,0.41913377540096863,0
428,RMC_01_00291,0,non_landslide,65_26,3,65.25699092075749,26.618204762566577,raster-matched control,conventional_alphaearth_embeddings,Conventional + AlphaEarth Embeddings,0.12703250054092452,0.3410028221468021,0
429,CPEC_LANDSLIDE_0547,1,landslide,75_38,2,75.38324813610927,38.81283604378676,"Kashgar (Xinjiang, China)",conventional_alphaearth_embeddings,Conventional + AlphaEarth Embeddings,0.9838296797667673,0.30586012648229505,1
430,CPEC_LANDSLIDE_0393,1,landslide,75_38,2,75.01943008115863,38.54334135341965,"Kashgar (Xinjiang, China)",conventional_alphaearth_embeddings,Conventional + AlphaEarth Embeddings,0.9905930487907267,0.30586012648229505,1
431,RMC_01_00283,0,non_landslide,68_28,5,68.97152462059171,28.796619326556417,raster-matched control,conventional_alphaearth_embeddings,Conventional + AlphaEarth Embeddings,0.11017338353274035,0.3251687994310354,0
432,CPEC_ROCKFALL_0664,1,rockfall,68_30,4,68.35842492752117,30.665113089717806,Balochistan,conventional_alphaearth_embeddings,Conventional + AlphaEarth Embeddings,0.9317750922040412,0.42499994627304916,1
433,CPEC_LANDSLIDE_0632,1,landslide,63_26,1,63.918502467706176,26.476719602125577,Balochistan,conventional_alphaearth_embeddings,Conventional + AlphaEarth Embeddings,0.28347756040193467,0.41913377540096863,0
434,CPEC_LANDSLIDE_0589,1,landslide,66_27,1,66.91213779634127,27.88482791008588,Balochistan,conventional_alphaearth_embeddings,Conventional + AlphaEarth Embeddings,0.9585496147292359,0.41913377540096863,1
435,RMC_01_00395,0,non_landslide,75_37,5,75.15417956354432,37.94820628352405,raster-matched control,conventional_alphaearth_embeddings,Conventional + AlphaEarth Embeddings,0.07212094179742672,0.3251687994310354,0
436,CPEC_LANDSLIDE_1074,1,landslide,74_36,2,74.79709930263384,36.18526169793218,Gilgit-Baltistan,conventional_alphaearth_embeddings,Conventional + AlphaEarth Embeddings,0.25321045331169867,0.30586012648229505,0
437,CPEC_LANDSLIDE_0082,1,landslide,75_36,3,75.09578772759784,36.86573835509224,Gilgit-Baltistan,conventional_alphaearth_embeddings,Conventional + AlphaEarth Embeddings,0.948563082163779,0.3410028221468021,1
438,RMC_01_00147,0,non_landslide,76_35,2,76.06147800050503,35.66873125007076,raster-matched control,conventional_alphaearth_embeddings,Conventional + AlphaEarth Embeddings,0.49736600762061456,0.30586012648229505,1
439,RMC_01_01472,0,non_landslide,69_30,5,69.85861096365974,30.31028058029781,raster-matched control,conventional_alphaearth_embeddings,Conventional + AlphaEarth Embeddings,0.047941064432486795,0.3251687994310354,0
440,CPEC_ROCKFALL_0627,1,rockfall,67_30,3,67.19510789009189,30.27883900186201,Balochistan,conventional_alphaearth_embeddings,Conventional + AlphaEarth Embeddings,0.07995054707034768,0.3410028221468021,0
441,RMC_01_00915,0,non_landslide,77_37,2,77.36178937426804,37.61807541661012,raster-matched control,conventional_alphaearth_embeddings,Conventional + AlphaEarth Embeddings,0.12088818823368702,0.30586012648229505,0
442,CPEC_LANDSLIDE_1004,1,landslide,75_35,1,75.92673229070537,35.2240667930535,Gilgit-Baltistan,conventional_alphaearth_embeddings,Conventional + AlphaEarth Embeddings,0.9553025255404168,0.41913377540096863,1
443,RMC_01_01226,0,non_landslide,67_26,5,67.11201198246431,26.676595256034343,raster-matched control,conventional_alphaearth_embeddings,Conventional + AlphaEarth Embeddings,0.1549581903752374,0.3251687994310354,0
444,RMC_01_01129,0,non_landslide,71_34,5,71.2577370186759,34.03828900939382,raster-matched control,conventional_alphaearth_embeddings,Conventional + AlphaEarth Embeddings,0.06681437570587005,0.3251687994310354,0
445,RMC_01_00086,0,non_landslide,71_33,3,71.93371926997584,33.719387083531394,raster-matched control,conventional_alphaearth_embeddings,Conventional + AlphaEarth Embeddings,0.30786768202520354,0.3410028221468021,0
446,RMC_01_00951,0,non_landslide,75_36,3,75.23053636269448,36.845524272267326,raster-matched control,conventional_alphaearth_embeddings,Conventional + AlphaEarth Embeddings,0.022987288406098906,0.3410028221468021,0
447,RMC_01_00626,0,non_landslide,75_38,2,75.3877415374154,38.81957210911997,raster-matched control,conventional_alphaearth_embeddings,Conventional + AlphaEarth Embeddings,0.13082235537301573,0.30586012648229505,0
448,RMC_01_00452,0,non_landslide,74_36,2,74.79709923810681,36.56480074597998,raster-matched control,conventional_alphaearth_embeddings,Conventional + AlphaEarth Embeddings,0.28097796097164124,0.30586012648229505,0
449,CPEC_ROCKFALL_0024,1,rockfall,75_37,5,75.7133821417022,37.840408663354445,"Kashgar (Xinjiang, China)",conventional_alphaearth_embeddings,Conventional + AlphaEarth Embeddings,0.184323955425262,0.3251687994310354,0
450,CPEC_LANDSLIDE_0479,1,landslide,75_38,2,75.07557908162362,38.74321609903932,"Kashgar (Xinjiang, China)",conventional_alphaearth_embeddings,Conventional + AlphaEarth Embeddings,0.9766102630390936,0.30586012648229505,1
451,CPEC_LANDSLIDE_0753,1,landslide,72_32,2,72.47270815560513,32.616705552274205,Punjab-Sindh lowland corridor,conventional_alphaearth_embeddings,Conventional + AlphaEarth Embeddings,0.960040335892068,0.30586012648229505,1
452,RMC_01_01189,0,non_landslide,73_33,5,73.38000687740826,33.649767649012134,raster-matched control,conventional_alphaearth_embeddings,Conventional + AlphaEarth Embeddings,0.29854884716165153,0.3251687994310354,0
453,RMC_01_00401,0,non_landslide,74_36,2,74.27383058510719,36.10441416286872,raster-matched control,conventional_alphaearth_embeddings,Conventional + AlphaEarth Embeddings,0.0976985083961957,0.30586012648229505,0
454,CPEC_ROCKFALL_0917,1,rockfall,75_38,2,75.48206627455471,38.83529207669192,"Kashgar (Xinjiang, China)",conventional_alphaearth_embeddings,Conventional + AlphaEarth Embeddings,0.9739172360560151,0.30586012648229505,1
455,CPEC_ROCKFALL_0874,1,rockfall,75_37,5,75.1878681643515,37.923504011485406,"Kashgar (Xinjiang, China)",conventional_alphaearth_embeddings,Conventional + AlphaEarth Embeddings,0.988846907633545,0.3251687994310354,1
456,CPEC_ROCKFALL_0582,1,rockfall,67_29,1,67.21981130992799,29.45687952737717,Balochistan,conventional_alphaearth_embeddings,Conventional + AlphaEarth Embeddings,0.9193414484545024,0.41913377540096863,1
457,RMC_01_01188,0,non_landslide,70_29,4,70.1056476667926,29.950954466650003,raster-matched control,conventional_alphaearth_embeddings,Conventional + AlphaEarth Embeddings,0.08168902822346064,0.42499994627304916,0
458,RMC_01_00514,0,non_landslide,74_36,2,74.57027462886663,36.27060249043083,raster-matched control,conventional_alphaearth_embeddings,Conventional + AlphaEarth Embeddings,0.09564934640175644,0.30586012648229505,0
459,RMC_01_01070,0,non_landslide,63_25,4,63.86011065395164,25.83891625359289,raster-matched control,conventional_alphaearth_embeddings,Conventional + AlphaEarth Embeddings,0.48416662414830514,0.42499994627304916,1
460,RMC_01_00223,0,non_landslide,66_27,1,66.32823189707003,27.725378350243886,raster-matched control,conventional_alphaearth_embeddings,Conventional + AlphaEarth Embeddings,0.1152911234448214,0.41913377540096863,0
461,RMC_01_01293,0,non_landslide,73_35,4,73.63153515696173,35.48457661682625,raster-matched control,conventional_alphaearth_embeddings,Conventional + AlphaEarth Embeddings,0.06487816381922852,0.42499994627304916,0
462,CPEC_LANDSLIDE_0411,1,landslide,75_38,2,75.01493976639782,38.55007905511141,"Kashgar (Xinjiang, China)",conventional_alphaearth_embeddings,Conventional + AlphaEarth Embeddings,0.9852179597272852,0.30586012648229505,1
463,RMC_01_00811,0,non_landslide,71_34,5,71.36778064098054,34.31676674747088,raster-matched control,conventional_alphaearth_embeddings,Conventional + AlphaEarth Embeddings,0.0720100433211772,0.3251687994310354,0
464,CPEC_LANDSLIDE_0206,1,landslide,74_36,2,74.29853613205015,36.0842006316569,Gilgit-Baltistan,conventional_alphaearth_embeddings,Conventional + AlphaEarth Embeddings,0.8719512055029216,0.30586012648229505,1
465,RMC_01_00390,0,non_landslide,74_38,1,74.9857454477719,38.12113197571705,raster-matched control,conventional_alphaearth_embeddings,Conventional + AlphaEarth Embeddings,0.12351985169527778,0.41913377540096863,0
466,CPEC_LANDSLIDE_0139,1,landslide,74_36,2,74.86671924738127,36.48170719506632,Gilgit-Baltistan,conventional_alphaearth_embeddings,Conventional + AlphaEarth Embeddings,0.9572776571163232,0.30586012648229505,1
467,CPEC_LANDSLIDE_0518,1,landslide,75_38,2,75.23502761709274,38.77465722056717,"Kashgar (Xinjiang, China)",conventional_alphaearth_embeddings,Conventional + AlphaEarth Embeddings,0.9701564240080532,0.30586012648229505,1
468,CPEC_LANDSLIDE_0339,1,landslide,75_37,5,75.2417653187845,37.871849784882286,"Kashgar (Xinjiang, China)",conventional_alphaearth_embeddings,Conventional + AlphaEarth Embeddings,0.9854630851319564,0.3251687994310354,1
469,RMC_01_01412,0,non_landslide,65_28,2,65.72860644492025,28.167798627672752,raster-matched control,conventional_alphaearth_embeddings,Conventional + AlphaEarth Embeddings,0.09735737605444895,0.30586012648229505,0
470,CPEC_ROCKFALL_0873,1,rockfall,75_37,5,75.19011109218138,37.923504011485406,"Kashgar (Xinjiang, China)",conventional_alphaearth_embeddings,Conventional + AlphaEarth Embeddings,0.9888625705334493,0.3251687994310354,1
471,RMC_01_00163,0,non_landslide,78_41,1,78.70701651223703,41.07209768404968,raster-matched control,conventional_alphaearth_embeddings,Conventional + AlphaEarth Embeddings,0.0919340444870674,0.41913377540096863,0
472,RMC_01_01083,0,non_landslide,67_27,2,67.09404567678192,27.653513127514323,raster-matched control,conventional_alphaearth_embeddings,Conventional + AlphaEarth Embeddings,0.32409398364012026,0.30586012648229505,1
473,RMC_01_00824,0,non_landslide,67_27,2,67.08057094752012,27.067362404626337,raster-matched control,conventional_alphaearth_embeddings,Conventional + AlphaEarth Embeddings,0.10192399402142299,0.30586012648229505,0
474,CPEC_LANDSLIDE_1019,1,landslide,74_35,5,74.70052855111935,35.54521125092267,Gilgit-Baltistan,conventional_alphaearth_embeddings,Conventional + AlphaEarth Embeddings,0.9640704776702226,0.3251687994310354,1
475,CPEC_ROCKFALL_0377,1,rockfall,66_27,1,66.98400066891861,27.94097245144981,Balochistan,conventional_alphaearth_embeddings,Conventional + AlphaEarth Embeddings,0.9730221401266095,0.41913377540096863,1
476,CPEC_LANDSLIDE_0084,1,landslide,75_36,3,75.06210367824012,36.84327786308605,Gilgit-Baltistan,conventional_alphaearth_embeddings,Conventional + AlphaEarth Embeddings,0.9691516812755429,0.3410028221468021,1
477,RMC_01_00685,0,non_landslide,73_34,2,73.41369370056275,34.41108985230343,raster-matched control,conventional_alphaearth_embeddings,Conventional + AlphaEarth Embeddings,0.11559875459637749,0.30586012648229505,0
478,RMC_01_00572,0,non_landslide,75_39,4,75.49553937150974,39.99861091952685,raster-matched control,conventional_alphaearth_embeddings,Conventional + AlphaEarth Embeddings,0.11084778372304856,0.42499994627304916,0
479,CPEC_LANDSLIDE_1018,1,landslide,74_35,5,74.70052855111935,35.5474586378536,Gilgit-Baltistan,conventional_alphaearth_embeddings,Conventional + AlphaEarth Embeddings,0.976142276043978,0.3251687994310354,1
480,CPEC_ROCKFALL_0410,1,rockfall,67_26,5,67.15019136518053,26.867488463843248,Balochistan,conventional_alphaearth_embeddings,Conventional + AlphaEarth Embeddings,0.7017039541398614,0.3251687994310354,1
481,CPEC_ROCKFALL_0338,1,rockfall,66_26,4,66.46073407849886,26.29481057465025,Balochistan,conventional_alphaearth_embeddings,Conventional + AlphaEarth Embeddings,0.9742143222414262,0.42499994627304916,1
482,CPEC_ROCKFALL_0893,1,rockfall,75_38,2,75.19011109218138,38.74995380073106,"Kashgar (Xinjiang, China)",conventional_alphaearth_embeddings,Conventional + AlphaEarth Embeddings,0.9709028919498914,0.30586012648229505,1
483,RMC_01_00874,0,non_landslide,74_36,2,74.40633208951482,36.24365303190725,raster-matched control,conventional_alphaearth_embeddings,Conventional + AlphaEarth Embeddings,0.06465678003558328,0.30586012648229505,0
484,RMC_01_00535,0,non_landslide,74_39,3,74.17052432743344,39.60110640630396,raster-matched control,conventional_alphaearth_embeddings,Conventional + AlphaEarth Embeddings,0.07657128491049185,0.3410028221468021,0
485,RMC_01_00275,0,non_landslide,65_26,3,65.91500686637504,26.395871729746997,raster-matched control,conventional_alphaearth_embeddings,Conventional + AlphaEarth Embeddings,0.4419068897956415,0.3410028221468021,1
486,CPEC_ROCKFALL_0235,1,rockfall,66_26,4,66.18674907337092,26.18925919361413,Balochistan,conventional_alphaearth_embeddings,Conventional + AlphaEarth Embeddings,0.2582863042245138,0.42499994627304916,0
487,CPEC_LANDSLIDE_0524,1,landslide,75_38,2,75.30240017490925,38.7836378500888,"Kashgar (Xinjiang, China)",conventional_alphaearth_embeddings,Conventional + AlphaEarth Embeddings,0.9849077764805789,0.30586012648229505,1
488,CPEC_ROCKFALL_0328,1,rockfall,66_25,2,66.8537458680464,25.06187359247352,Balochistan,conventional_alphaearth_embeddings,Conventional + AlphaEarth Embeddings,0.9776089406823809,0.30586012648229505,1
489,CPEC_ROCKFALL_0305,1,rockfall,66_27,1,66.5438294266298,27.63779371172497,Balochistan,conventional_alphaearth_embeddings,Conventional + AlphaEarth Embeddings,0.9828337534874835,0.41913377540096863,1
490,RMC_01_00456,0,non_landslide,76_37,1,76.96428486104516,37.03866205835303,raster-matched control,conventional_alphaearth_embeddings,Conventional + AlphaEarth Embeddings,0.10936124827915127,0.41913377540096863,0
491,CPEC_ROCKFALL_0469,1,rockfall,69_29,3,69.16466161169157,29.077343141213124,Balochistan,conventional_alphaearth_embeddings,Conventional + AlphaEarth Embeddings,0.27327892444670104,0.3410028221468021,0
492,RMC_01_01258,0,non_landslide,73_32,3,73.92348762430058,32.890691233931136,raster-matched control,conventional_alphaearth_embeddings,Conventional + AlphaEarth Embeddings,0.07151412437566648,0.3410028221468021,0
493,CPEC_ROCKFALL_0800,1,rockfall,72_35,3,72.56254120542786,35.52275521801752,KP-AJK,conventional_alphaearth_embeddings,Conventional + AlphaEarth Embeddings,0.9147508936732067,0.3410028221468021,1
494,RMC_01_01292,0,non_landslide,73_35,4,73.8718344954637,35.491313981457154,raster-matched control,conventional_alphaearth_embeddings,Conventional + AlphaEarth Embeddings,0.8786614062481197,0.42499994627304916,1
495,CPEC_ROCKFALL_0816,1,rockfall,75_35,1,75.83240892612183,35.3318611019195,Gilgit-Baltistan,conventional_alphaearth_embeddings,Conventional + AlphaEarth Embeddings,0.5045458514122589,0.41913377540096863,1
496,RMC_01_00994,0,non_landslide,75_36,3,75.52473461824363,36.97802577667496,raster-matched control,conventional_alphaearth_embeddings,Conventional + AlphaEarth Embeddings,0.11504923992064507,0.3410028221468021,0
497,CPEC_LANDSLIDE_0529,1,landslide,75_38,2,75.32261327998452,38.80160802733418,"Kashgar (Xinjiang, China)",conventional_alphaearth_embeddings,Conventional + AlphaEarth Embeddings,0.0650375025417805,0.30586012648229505,0
498,RMC_01_00370,0,non_landslide,75_35,1,75.97164647209308,35.12974207959904,raster-matched control,conventional_alphaearth_embeddings,Conventional + AlphaEarth Embeddings,0.06853657439561273,0.41913377540096863,0
499,CPEC_ROCKFALL_0579,1,rockfall,67_29,1,67.21981130992799,29.461374301239044,Balochistan,conventional_alphaearth_embeddings,Conventional + AlphaEarth Embeddings,0.8962622063008667,0.41913377540096863,1
500,CPEC_ROCKFALL_0395,1,rockfall,67_26,5,67.83740126493129,26.200487210066708,Punjab-Sindh lowland corridor,conventional_alphaearth_embeddings,Conventional + AlphaEarth Embeddings,0.9639562617880377,0.3251687994310354,1
501,CPEC_LANDSLIDE_0069,1,landslide,75_36,3,75.26197842385976,36.8410304761551,Gilgit-Baltistan,conventional_alphaearth_embeddings,Conventional + AlphaEarth Embeddings,0.9519293699203066,0.3410028221468021,1
502,CPEC_LANDSLIDE_1027,1,landslide,74_35,5,74.87120956214208,35.259998229342166,Gilgit-Baltistan,conventional_alphaearth_embeddings,Conventional + AlphaEarth Embeddings,0.9815839005025745,0.3251687994310354,1
503,CPEC_LANDSLIDE_0149,1,landslide,74_36,2,74.79036160094206,36.30204555452194,Gilgit-Baltistan,conventional_alphaearth_embeddings,Conventional + AlphaEarth Embeddings,0.9852337154873114,0.30586012648229505,1
504,CPEC_ROCKFALL_0496,1,rockfall,68_29,2,68.55156197144908,29.313149323121447,Balochistan,conventional_alphaearth_embeddings,Conventional + AlphaEarth Embeddings,0.9766810689394189,0.30586012648229505,1
505,CPEC_ROCKFALL_0366,1,rockfall,66_27,1,66.90989040941034,27.8578815624199,Balochistan,conventional_alphaearth_embeddings,Conventional + AlphaEarth Embeddings,0.8597321122223608,0.41913377540096863,1
506,RMC_01_00161,0,non_landslide,78_38,5,78.20171416491979,38.43778811336918,raster-matched control,conventional_alphaearth_embeddings,Conventional + AlphaEarth Embeddings,0.12659789717091013,0.3251687994310354,0
507,RMC_01_00483,0,non_landslide,73_35,4,73.74157877926638,35.65525652080896,raster-matched control,conventional_alphaearth_embeddings,Conventional + AlphaEarth Embeddings,0.052915024713486025,0.42499994627304916,0
508,RMC_01_00081,0,non_landslide,72_34,1,72.79610194273057,34.03828900939382,raster-matched control,conventional_alphaearth_embeddings,Conventional + AlphaEarth Embeddings,0.11758273626221662,0.41913377540096863,0
509,CPEC_LANDSLIDE_0160,1,landslide,74_36,2,74.68031990514513,36.33123928911885,Gilgit-Baltistan,conventional_alphaearth_embeddings,Conventional + AlphaEarth Embeddings,0.061397180080659065,0.30586012648229505,0
510,CPEC_ROCKFALL_0114,1,rockfall,65_27,5,65.86784754333162,27.478340717154804,Balochistan,conventional_alphaearth_embeddings,Conventional + AlphaEarth Embeddings,0.9870602813453356,0.3251687994310354,1
511,RMC_01_00655,0,non_landslide,65_29,4,65.98013472447371,29.477093154276957,raster-matched control,conventional_alphaearth_embeddings,Conventional + AlphaEarth Embeddings,0.09236894436492772,0.42499994627304916,0
512,RMC_01_01507,0,non_landslide,75_37,5,75.1811290220679,37.92350261321076,raster-matched control,conventional_alphaearth_embeddings,Conventional + AlphaEarth Embeddings,0.10893515821898556,0.3251687994310354,0
513,CPEC_ROCKFALL_0914,1,rockfall,75_38,2,75.48206627455471,38.821816673308405,"Kashgar (Xinjiang, China)",conventional_alphaearth_embeddings,Conventional + AlphaEarth Embeddings,0.9626863956643746,0.30586012648229505,1
514,RMC_01_00505,0,non_landslide,73_35,4,73.40471054772155,35.52949238103223,raster-matched control,conventional_alphaearth_embeddings,Conventional + AlphaEarth Embeddings,0.2516341046780513,0.42499994627304916,0
515,RMC_01_00735,0,non_landslide,75_35,1,75.63253245233797,35.75182541385181,raster-matched control,conventional_alphaearth_embeddings,Conventional + AlphaEarth Embeddings,0.40078837406955864,0.41913377540096863,0
516,RMC_01_00066,0,non_landslide,67_29,1,67.24226769866164,29.906038702444025,raster-matched control,conventional_alphaearth_embeddings,Conventional + AlphaEarth Embeddings,0.3110213067808843,0.41913377540096863,0
517,RMC_01_00413,0,non_landslide,74_36,2,74.83976921410249,36.76916747311717,raster-matched control,conventional_alphaearth_embeddings,Conventional + AlphaEarth Embeddings,0.17999975890295486,0.30586012648229505,0
518,RMC_01_00581,0,non_landslide,75_39,4,75.52698040645393,39.96941567279296,raster-matched control,conventional_alphaearth_embeddings,Conventional + AlphaEarth Embeddings,0.06967373987511863,0.42499994627304916,0
519,RMC_01_00939,0,non_landslide,72_35,3,72.47944580507844,35.309405136422946,raster-matched control,conventional_alphaearth_embeddings,Conventional + AlphaEarth Embeddings,0.09178254472326702,0.3410028221468021,0
520,CPEC_LANDSLIDE_0737,1,landslide,69_31,2,69.54644538478655,31.96991740357293,KP-AJK,conventional_alphaearth_embeddings,Conventional + AlphaEarth Embeddings,0.7379256934932534,0.30586012648229505,1
521,CPEC_ROCKFALL_0898,1,rockfall,75_38,2,75.33159836860722,38.79262293871148,"Kashgar (Xinjiang, China)",conventional_alphaearth_embeddings,Conventional + AlphaEarth Embeddings,0.8711480773566473,0.30586012648229505,1
522,RMC_01_01353,0,non_landslide,76_36,4,76.98225116672755,36.98925471772645,raster-matched control,conventional_alphaearth_embeddings,Conventional + AlphaEarth Embeddings,0.16425426133784193,0.42499994627304916,0
523,CPEC_LANDSLIDE_0727,1,landslide,69_30,5,69.1197450867802,30.921136835802454,Balochistan,conventional_alphaearth_embeddings,Conventional + AlphaEarth Embeddings,0.982819490368597,0.3251687994310354,1
524,CPEC_ROCKFALL_0939,1,rockfall,75_38,2,75.50452230745985,38.9318628282064,"Kashgar (Xinjiang, China)",conventional_alphaearth_embeddings,Conventional + AlphaEarth Embeddings,0.9800257336349452,0.30586012648229505,1
525,RMC_01_00494,0,non_landslide,74_36,2,74.59497829917991,36.27958564327203,raster-matched control,conventional_alphaearth_embeddings,Conventional + AlphaEarth Embeddings,0.08881561132624191,0.30586012648229505,0
526,CPEC_ROCKFALL_0656,1,rockfall,69_30,5,69.18712210369777,30.99524709531073,Balochistan,conventional_alphaearth_embeddings,Conventional + AlphaEarth Embeddings,0.986733354606358,0.3251687994310354,1
527,RMC_01_01005,0,non_landslide,70_31,3,70.03602823227335,31.43542047365751,raster-matched control,conventional_alphaearth_embeddings,Conventional + AlphaEarth Embeddings,0.04391845329095188,0.3410028221468021,0
528,RMC_01_01362,0,non_landslide,68_30,4,68.8098278694502,30.379900014817075,raster-matched control,conventional_alphaearth_embeddings,Conventional + AlphaEarth Embeddings,0.17669687036668916,0.42499994627304916,0
529,CPEC_ROCKFALL_0606,1,rockfall,66_29,5,66.945821845699,29.836420372642262,Balochistan,conventional_alphaearth_embeddings,Conventional + AlphaEarth Embeddings,0.810279619031155,0.3251687994310354,1
530,CPEC_ROCKFALL_0620,1,rockfall,67_30,3,67.20633590654447,30.276591614931068,Balochistan,conventional_alphaearth_embeddings,Conventional + AlphaEarth Embeddings,0.9605078057846471,0.3410028221468021,1
531,CPEC_LANDSLIDE_0177,1,landslide,74_36,2,74.48268808735536,36.245901013158,Gilgit-Baltistan,conventional_alphaearth_embeddings,Conventional + AlphaEarth Embeddings,0.9838562774650612,0.30586012648229505,1
532,RMC_01_00755,0,non_landslide,76_36,4,76.97551380209666,36.888194248263005,raster-matched control,conventional_alphaearth_embeddings,Conventional + AlphaEarth Embeddings,0.07710845656124886,0.42499994627304916,0
533,CPEC_ROCKFALL_0360,1,rockfall,66_27,1,66.82005735958762,27.801737021055967,Balochistan,conventional_alphaearth_embeddings,Conventional + AlphaEarth Embeddings,0.9614402768911566,0.41913377540096863,1
534,RMC_01_00584,0,non_landslide,75_38,2,75.04413594123969,38.72749479249772,raster-matched control,conventional_alphaearth_embeddings,Conventional + AlphaEarth Embeddings,0.2751962393132403,0.30586012648229505,0
535,RMC_01_01110,0,non_landslide,68_30,4,68.37639074486253,30.77965031625026,raster-matched control,conventional_alphaearth_embeddings,Conventional + AlphaEarth Embeddings,0.11182286123299046,0.42499994627304916,0
536,CPEC_ROCKFALL_0652,1,rockfall,69_30,5,69.13995819185547,30.95033057039937,Balochistan,conventional_alphaearth_embeddings,Conventional + AlphaEarth Embeddings,0.9864314026939409,0.3251687994310354,1
537,CPEC_LANDSLIDE_0318,1,landslide,75_36,3,75.46410055641036,36.838787548325215,"Kashgar (Xinjiang, China)",conventional_alphaearth_embeddings,Conventional + AlphaEarth Embeddings,0.10838375905072974,0.3410028221468021,0
538,CPEC_LANDSLIDE_1035,1,landslide,75_35,1,75.60558337373514,35.1387240579916,Gilgit-Baltistan,conventional_alphaearth_embeddings,Conventional + AlphaEarth Embeddings,0.09262322416995657,0.41913377540096863,0
539,CPEC_LANDSLIDE_0357,1,landslide,75_37,5,75.36079210320413,37.86960239795135,"Kashgar (Xinjiang, China)",conventional_alphaearth_embeddings,Conventional + AlphaEarth Embeddings,0.7002935231190756,0.3251687994310354,1
540,CPEC_ROCKFALL_0860,1,rockfall,74_35,5,74.18624704932226,35.39923811883707,Gilgit-Baltistan,conventional_alphaearth_embeddings,Conventional + AlphaEarth Embeddings,0.9878852144818837,0.3251687994310354,1
541,RMC_01_01228,0,non_landslide,68_29,2,68.35842443918014,29.59387414121249,raster-matched control,conventional_alphaearth_embeddings,Conventional + AlphaEarth Embeddings,0.2599948458899268,0.30586012648229505,0
542,RMC_01_00301,0,non_landslide,67_28,4,67.15692774667028,28.140849169149163,raster-matched control,conventional_alphaearth_embeddings,Conventional + AlphaEarth Embeddings,0.30272160446735946,0.42499994627304916,0
543,RMC_01_01286,0,non_landslide,73_35,4,73.48555892329232,35.560933415976415,raster-matched control,conventional_alphaearth_embeddings,Conventional + AlphaEarth Embeddings,0.0760474951077089,0.42499994627304916,0
544,RMC_01_01319,0,non_landslide,74_35,5,74.50290098255766,35.47783925219536,raster-matched control,conventional_alphaearth_embeddings,Conventional + AlphaEarth Embeddings,0.04845069872836756,0.3251687994310354,0
545,CPEC_LANDSLIDE_0343,1,landslide,75_37,5,75.21481451201747,37.905538293341074,"Kashgar (Xinjiang, China)",conventional_alphaearth_embeddings,Conventional + AlphaEarth Embeddings,0.9913473163725579,0.3251687994310354,1
546,RMC_01_01115,0,non_landslide,70_31,3,70.19098761878396,31.558938825223944,raster-matched control,conventional_alphaearth_embeddings,Conventional + AlphaEarth Embeddings,0.09682785154893782,0.3410028221468021,0
547,CPEC_ROCKFALL_0911,1,rockfall,75_38,2,75.419184031499,38.81732635854758,"Kashgar (Xinjiang, China)",conventional_alphaearth_embeddings,Conventional + AlphaEarth Embeddings,0.9854518006119217,0.30586012648229505,1
548,CPEC_ROCKFALL_0378,1,rockfall,66_27,1,66.98400066891861,27.94097245144981,Balochistan,conventional_alphaearth_embeddings,Conventional + AlphaEarth Embeddings,0.9730221401266095,0.41913377540096863,1
549,CPEC_LANDSLIDE_0643,1,landslide,65_27,5,65.64102199094494,27.148211170662936,Balochistan,conventional_alphaearth_embeddings,Conventional + AlphaEarth Embeddings,0.9774730924363669,0.3251687994310354,1
550,RMC_01_01033,0,non_landslide,65_26,3,65.15143887487345,26.51939008131343,raster-matched control,conventional_alphaearth_embeddings,Conventional + AlphaEarth Embeddings,0.13763034697079107,0.3410028221468021,0
551,RMC_01_00427,0,non_landslide,74_36,2,74.84201500231279,36.76916747311717,raster-matched control,conventional_alphaearth_embeddings,Conventional + AlphaEarth Embeddings,0.1151301755808097,0.30586012648229505,0
552,CPEC_LANDSLIDE_0309,1,landslide,72_35,3,72.88593305022796,35.02868236219467,KP-AJK,conventional_alphaearth_embeddings,Conventional + AlphaEarth Embeddings,0.9721018007561175,0.3410028221468021,1
553,CPEC_LANDSLIDE_0276,1,landslide,73_35,4,73.57090002214885,35.53847354923092,KP-AJK,conventional_alphaearth_embeddings,Conventional + AlphaEarth Embeddings,0.979314888845622,0.42499994627304916,1
554,RMC_01_00864,0,non_landslide,74_38,1,74.96777914208953,38.64664641692697,raster-matched control,conventional_alphaearth_embeddings,Conventional + AlphaEarth Embeddings,0.06913783660923638,0.41913377540096863,0
555,CPEC_ROCKFALL_0936,1,rockfall,75_38,2,75.50003199269902,38.92287773958369,"Kashgar (Xinjiang, China)",conventional_alphaearth_embeddings,Conventional + AlphaEarth Embeddings,0.9690065148996044,0.30586012648229505,1
556,RMC_01_00771,0,non_landslide,74_35,5,74.55455411139454,35.92699689425512,raster-matched control,conventional_alphaearth_embeddings,Conventional + AlphaEarth Embeddings,0.09678896120654391,0.3251687994310354,0
557,RMC_01_00077,0,non_landslide,69_26,2,69.44314014475447,26.40260909437789,raster-matched control,conventional_alphaearth_embeddings,Conventional + AlphaEarth Embeddings,0.7962334256410101,0.30586012648229505,1
558,CPEC_ROCKFALL_0061,1,rockfall,64_26,2,64.03528186519486,26.800111446925683,Balochistan,conventional_alphaearth_embeddings,Conventional + AlphaEarth Embeddings,0.9874183238017189,0.30586012648229505,1
559,RMC_01_00034,0,non_landslide,74_38,1,74.86222709620547,38.83978420301267,raster-matched control,conventional_alphaearth_embeddings,Conventional + AlphaEarth Embeddings,0.16729544704378319,0.41913377540096863,0
560,CPEC_ROCKFALL_0347,1,rockfall,66_27,1,66.4921752000267,27.77703360121988,Balochistan,conventional_alphaearth_embeddings,Conventional + AlphaEarth Embeddings,0.9825487736486849,0.41913377540096863,1
561,CPEC_ROCKFALL_0079,1,rockfall,64_26,2,64.03079155043405,26.04777637628935,Balochistan,conventional_alphaearth_embeddings,Conventional + AlphaEarth Embeddings,0.9314950957619008,0.30586012648229505,1
562,RMC_01_01203,0,non_landslide,66_26,4,66.1732725105594,26.22294603755399,raster-matched control,conventional_alphaearth_embeddings,Conventional + AlphaEarth Embeddings,0.23336611783400263,0.42499994627304916,0
563,CPEC_ROCKFALL_0930,1,rockfall,75_38,2,75.49553721883716,38.89143661805585,"Kashgar (Xinjiang, China)",conventional_alphaearth_embeddings,Conventional + AlphaEarth Embeddings,0.9760691437370028,0.30586012648229505,1
564,RMC_01_01263,0,non_landslide,73_35,4,73.54619520497037,35.53173816924253,raster-matched control,conventional_alphaearth_embeddings,Conventional + AlphaEarth Embeddings,0.11083069239430762,0.42499994627304916,0
565,RMC_01_00673,0,non_landslide,71_33,3,71.22180440731111,33.34658624062179,raster-matched control,conventional_alphaearth_embeddings,Conventional + AlphaEarth Embeddings,0.1169357222987162,0.3410028221468021,0
566,CPEC_LANDSLIDE_0025,1,landslide,75_38,2,75.19909618080408,38.95880917587236,"Kashgar (Xinjiang, China)",conventional_alphaearth_embeddings,Conventional + AlphaEarth Embeddings,0.9325775437044981,0.30586012648229505,1
567,RMC_01_00893,0,non_landslide,77_37,2,77.19784683491623,37.39798817200084,raster-matched control,conventional_alphaearth_embeddings,Conventional + AlphaEarth Embeddings,0.11495800671313373,0.30586012648229505,0
568,CPEC_LANDSLIDE_0406,1,landslide,75_38,2,75.01718715332875,38.54783166818048,"Kashgar (Xinjiang, China)",conventional_alphaearth_embeddings,Conventional + AlphaEarth Embeddings,0.9880583201281515,0.30586012648229505,1
569,RMC_01_00069,0,non_landslide,70_31,3,70.00458719732916,31.35906367450735,raster-matched control,conventional_alphaearth_embeddings,Conventional + AlphaEarth Embeddings,0.4525524938131464,0.3410028221468021,1
570,RMC_01_01044,0,non_landslide,68_26,1,68.8277941751326,26.923631959167214,raster-matched control,conventional_alphaearth_embeddings,Conventional + AlphaEarth Embeddings,0.13880192124256233,0.41913377540096863,0
571,CPEC_ROCKFALL_0101,1,rockfall,65_27,5,65.82517394625015,27.46486531377129,Balochistan,conventional_alphaearth_embeddings,Conventional + AlphaEarth Embeddings,0.9846956917444014,0.3251687994310354,1
572,RMC_01_00513,0,non_landslide,74_36,2,74.40408630130452,36.23916145548665,raster-matched control,conventional_alphaearth_embeddings,Conventional + AlphaEarth Embeddings,0.07628224211023006,0.30586012648229505,0
573,CPEC_LANDSLIDE_0344,1,landslide,75_37,5,75.20358649556489,37.90778122117095,"Kashgar (Xinjiang, China)",conventional_alphaearth_embeddings,Conventional + AlphaEarth Embeddings,0.9821907338537637,0.3251687994310354,1
574,RMC_01_00621,0,non_landslide,75_38,2,75.45286939551406,38.80609737985819,raster-matched control,conventional_alphaearth_embeddings,Conventional + AlphaEarth Embeddings,0.10785032167296706,0.30586012648229505,0
575,RMC_01_00872,0,non_landslide,74_36,2,74.6219277577035,36.30428931358532,raster-matched control,conventional_alphaearth_embeddings,Conventional + AlphaEarth Embeddings,0.075037104783839,0.30586012648229505,0
576,RMC_01_01076,0,non_landslide,64_25,5,64.63715337471503,25.50878538667897,raster-matched control,conventional_alphaearth_embeddings,Conventional + AlphaEarth Embeddings,0.13488868816897792,0.3251687994310354,0
577,RMC_01_00852,0,non_landslide,67_29,1,67.13222407635699,29.40971950796799,raster-matched control,conventional_alphaearth_embeddings,Conventional + AlphaEarth Embeddings,0.7702832837887813,0.41913377540096863,1
578,RMC_01_01132,0,non_landslide,73_35,4,73.19136066774317,35.25999779579637,raster-matched control,conventional_alphaearth_embeddings,Conventional + AlphaEarth Embeddings,0.08168153321098343,0.42499994627304916,0
579,CPEC_LANDSLIDE_0585,1,landslide,75_38,2,75.00595913687617,38.71851267920322,"Kashgar (Xinjiang, China)",conventional_alphaearth_embeddings,Conventional + AlphaEarth Embeddings,0.9865908628064116,0.30586012648229505,1
580,RMC_01_00632,0,non_landslide,74_35,5,74.33446686678526,35.983141599512585,raster-matched control,conventional_alphaearth_embeddings,Conventional + AlphaEarth Embeddings,0.05728935325948589,0.3251687994310354,0
581,RMC_01_00179,0,non_landslide,65_28,2,65.55118917630664,28.30479170850098,raster-matched control,conventional_alphaearth_embeddings,Conventional + AlphaEarth Embeddings,0.1029154976751472,0.30586012648229505,0
582,RMC_01_00305,0,non_landslide,67_29,1,67.47807546074301,29.5736620473198,raster-matched control,conventional_alphaearth_embeddings,Conventional + AlphaEarth Embeddings,0.5014470313735508,0.41913377540096863,1
583,RMC_01_01320,0,non_landslide,73_35,4,73.20708118521526,35.42843191156879,raster-matched control,conventional_alphaearth_embeddings,Conventional + AlphaEarth Embeddings,0.1254748399628139,0.42499994627304916,0
584,CPEC_LANDSLIDE_0230,1,landslide,74_35,5,74.50963889412238,35.85513215144033,Gilgit-Baltistan,conventional_alphaearth_embeddings,Conventional + AlphaEarth Embeddings,0.9825983317025511,0.3251687994310354,1
585,CPEC_ROCKFALL_0834,1,rockfall,74_35,5,74.75892047941421,35.507032427703066,Gilgit-Baltistan,conventional_alphaearth_embeddings,Conventional + AlphaEarth Embeddings,0.9682586163241284,0.3251687994310354,1
586,RMC_01_00447,0,non_landslide,74_36,2,74.86896446083637,36.59399599271386,raster-matched control,conventional_alphaearth_embeddings,Conventional + AlphaEarth Embeddings,0.7291062715312697,0.30586012648229505,1
587,RMC_01_00991,0,non_landslide,75_36,3,75.52698040645393,36.93760158888958,raster-matched control,conventional_alphaearth_embeddings,Conventional + AlphaEarth Embeddings,0.6273148371128054,0.3410028221468021,1
588,RMC_01_01227,0,non_landslide,70_31,3,70.1348429135265,31.0828317246406,raster-matched control,conventional_alphaearth_embeddings,Conventional + AlphaEarth Embeddings,0.08262228767145506,0.3410028221468021,0
589,CPEC_LANDSLIDE_0293,1,landslide,73_35,4,73.24076601655592,35.455382660201,KP-AJK,conventional_alphaearth_embeddings,Conventional + AlphaEarth Embeddings,0.5938312820007211,0.42499994627304916,1
590,CPEC_ROCKFALL_0507,1,rockfall,68_29,2,68.48194202670163,29.33560981512765,Balochistan,conventional_alphaearth_embeddings,Conventional + AlphaEarth Embeddings,0.9732305303448898,0.30586012648229505,1
591,CPEC_ROCKFALL_0650,1,rockfall,69_30,5,69.0186840205049,30.822318697357044,Balochistan,conventional_alphaearth_embeddings,Conventional + AlphaEarth Embeddings,0.9863524199391456,0.3251687994310354,1
592,RMC_01_00330,0,non_landslide,67_29,1,67.55443225989318,29.66349357573176,raster-matched control,conventional_alphaearth_embeddings,Conventional + AlphaEarth Embeddings,0.12072979392950897,0.41913377540096863,0
593,RMC_01_01211,0,non_landslide,66_26,4,66.46971655431885,26.256632860708468,raster-matched control,conventional_alphaearth_embeddings,Conventional + AlphaEarth Embeddings,0.10546516749710864,0.42499994627304916,0
594,RMC_01_00924,0,non_landslide,77_37,2,77.37750989174013,37.638287510502806,raster-matched control,conventional_alphaearth_embeddings,Conventional + AlphaEarth Embeddings,0.12098773665692932,0.30586012648229505,0
595,RMC_01_00256,0,non_landslide,67_29,1,67.26247979255433,29.571416259109505,raster-matched control,conventional_alphaearth_embeddings,Conventional + AlphaEarth Embeddings,0.10106300828582054,0.41913377540096863,0
596,CPEC_ROCKFALL_0331,1,rockfall,66_25,2,66.8537458680464,25.059626205542585,Balochistan,conventional_alphaearth_embeddings,Conventional + AlphaEarth Embeddings,0.9818612479859449,0.30586012648229505,1
597,RMC_01_01237,0,non_landslide,67_28,4,67.24002191045133,28.31377486134217,raster-matched control,conventional_alphaearth_embeddings,Conventional + AlphaEarth Embeddings,0.060261156287762144,0.42499994627304916,0
598,RMC_01_01410,0,non_landslide,65_26,3,65.47483237715647,26.91689459453632,raster-matched control,conventional_alphaearth_embeddings,Conventional + AlphaEarth Embeddings,0.18394741235528986,0.3410028221468021,0
599,RMC_01_00878,0,non_landslide,77_37,2,77.20233841133683,37.40247974842144,raster-matched control,conventional_alphaearth_embeddings,Conventional + AlphaEarth Embeddings,0.11339315581497704,0.30586012648229505,0
600,RMC_01_00169,0,non_landslide,63_26,1,63.961171123415085,26.34646438912042,raster-matched control,conventional_alphaearth_embeddings,Conventional + AlphaEarth Embeddings,0.08591809106465023,0.41913377540096863,0
601,RMC_01_01097,0,non_landslide,67_30,3,67.35455710917658,30.04303178327225,raster-matched control,conventional_alphaearth_embeddings,Conventional + AlphaEarth Embeddings,0.09916810804253115,0.3410028221468021,0
602,RMC_01_00756,0,non_landslide,77_37,2,77.04962481303652,37.18239250381215,raster-matched control,conventional_alphaearth_embeddings,Conventional + AlphaEarth Embeddings,0.10100796737985634,0.30586012648229505,0
603,RMC_01_00875,0,non_landslide,74_36,2,74.4422647008796,36.245898820117546,raster-matched control,conventional_alphaearth_embeddings,Conventional + AlphaEarth Embeddings,0.25380573790971556,0.30586012648229505,0
604,CPEC_ROCKFALL_0224,1,rockfall,65_26,3,65.70390423400063,26.306038591102823,Balochistan,conventional_alphaearth_embeddings,Conventional + AlphaEarth Embeddings,0.9547793360065366,0.3410028221468021,1
605,RMC_01_00987,0,non_landslide,72_35,3,72.9443239646103,35.03766476297679,raster-matched control,conventional_alphaearth_embeddings,Conventional + AlphaEarth Embeddings,0.05820903847116447,0.3410028221468021,0
606,RMC_01_01114,0,non_landslide,70_31,3,70.02030771480125,31.41745416797512,raster-matched control,conventional_alphaearth_embeddings,Conventional + AlphaEarth Embeddings,0.08445890733475035,0.3410028221468021,0
607,CPEC_ROCKFALL_0229,1,rockfall,65_26,3,65.77352417874808,26.281335171266733,Balochistan,conventional_alphaearth_embeddings,Conventional + AlphaEarth Embeddings,0.9824277678142085,0.3410028221468021,1
608,CPEC_LANDSLIDE_0581,1,landslide,74_38,1,74.8936700541483,38.81957374547851,"Kashgar (Xinjiang, China)",conventional_alphaearth_embeddings,Conventional + AlphaEarth Embeddings,0.2797073533367686,0.41913377540096863,0
609,RMC_01_00477,0,non_landslide,74_36,2,74.88693076651876,36.46374027651653,raster-matched control,conventional_alphaearth_embeddings,Conventional + AlphaEarth Embeddings,0.096635405798615,0.30586012648229505,0
610,CPEC_LANDSLIDE_0950,1,landslide,75_35,1,75.29566247321749,35.58563746107322,Gilgit-Baltistan,conventional_alphaearth_embeddings,Conventional + AlphaEarth Embeddings,0.9709463772988397,0.41913377540096863,1
611,CPEC_LANDSLIDE_0338,1,landslide,75_37,5,75.25075040740718,37.88756811609569,"Kashgar (Xinjiang, China)",conventional_alphaearth_embeddings,Conventional + AlphaEarth Embeddings,0.972259545240766,0.3251687994310354,1
612,CPEC_LANDSLIDE_0946,1,landslide,75_35,1,75.16989798710611,35.59461809059485,Gilgit-Baltistan,conventional_alphaearth_embeddings,Conventional + AlphaEarth Embeddings,0.9722187728777965,0.41913377540096863,1
613,RMC_01_01386,0,non_landslide,77_37,2,77.16191422355145,37.56417649956295,raster-matched control,conventional_alphaearth_embeddings,Conventional + AlphaEarth Embeddings,0.12904301348062627,0.30586012648229505,0
614,CPEC_ROCKFALL_0460,1,rockfall,69_28,1,69.18038440200601,28.85950267744912,Balochistan,conventional_alphaearth_embeddings,Conventional + AlphaEarth Embeddings,0.948981457227798,0.41913377540096863,1
615,CPEC_ROCKFALL_0641,1,rockfall,67_30,3,67.47358320998065,30.359686963062035,Balochistan,conventional_alphaearth_embeddings,Conventional + AlphaEarth Embeddings,0.9609256613023743,0.3410028221468021,1
616,RMC_01_01343,0,non_landslide,74_38,1,74.97002493029981,38.67359587545055,raster-matched control,conventional_alphaearth_embeddings,Conventional + AlphaEarth Embeddings,0.06864482021877776,0.41913377540096863,0
617,RMC_01_01141,0,non_landslide,73_35,4,73.42716842982455,35.52050922819103,raster-matched control,conventional_alphaearth_embeddings,Conventional + AlphaEarth Embeddings,0.06805658759218775,0.42499994627304916,0
618,CPEC_LANDSLIDE_0156,1,landslide,74_36,2,74.74993984989257,36.29755078066006,Gilgit-Baltistan,conventional_alphaearth_embeddings,Conventional + AlphaEarth Embeddings,0.19545436525930082,0.30586012648229505,0
619,CPEC_ROCKFALL_0356,1,rockfall,66_27,1,66.51238830510198,27.76355819783636,Balochistan,conventional_alphaearth_embeddings,Conventional + AlphaEarth Embeddings,0.9894098907613806,0.41913377540096863,1
620,CPEC_LANDSLIDE_0481,1,landslide,75_38,2,75.08231232421433,38.75893443025271,"Kashgar (Xinjiang, China)",conventional_alphaearth_embeddings,Conventional + AlphaEarth Embeddings,0.13716925641819747,0.30586012648229505,0
621,CPEC_LANDSLIDE_0314,1,landslide,72_34,1,72.94881529328366,34.77041568828013,KP-AJK,conventional_alphaearth_embeddings,Conventional + AlphaEarth Embeddings,0.9877046122475033,0.41913377540096863,1
622,RMC_01_00555,0,non_landslide,74_39,3,74.35692474888825,39.80996470986175,raster-matched control,conventional_alphaearth_embeddings,Conventional + AlphaEarth Embeddings,0.07339529032098373,0.3410028221468021,0
623,CPEC_ROCKFALL_0234,1,rockfall,66_26,4,66.18674907337092,26.184768878853315,Balochistan,conventional_alphaearth_embeddings,Conventional + AlphaEarth Embeddings,0.980548981588075,0.42499994627304916,1
624,CPEC_LANDSLIDE_0538,1,landslide,75_38,2,75.37651043441753,38.81058865685583,"Kashgar (Xinjiang, China)",conventional_alphaearth_embeddings,Conventional + AlphaEarth Embeddings,0.9742116028831483,0.30586012648229505,1
625,RMC_01_00773,0,non_landslide,74_35,5,74.39959472488393,35.75407120206211,raster-matched control,conventional_alphaearth_embeddings,Conventional + AlphaEarth Embeddings,0.15971635298987255,0.3251687994310354,0
626,CPEC_ROCKFALL_0309,1,rockfall,66_27,1,66.55505744308238,27.61084290495795,Balochistan,conventional_alphaearth_embeddings,Conventional + AlphaEarth Embeddings,0.9783397036815521,0.41913377540096863,1
627,CPEC_LANDSLIDE_1064,1,landslide,74_36,2,74.80158961739464,36.30428848235182,Gilgit-Baltistan,conventional_alphaearth_embeddings,Conventional + AlphaEarth Embeddings,0.9724043841040335,0.30586012648229505,1
628,CPEC_ROCKFALL_0667,1,rockfall,69_30,5,69.15568098216993,30.44502969812393,Balochistan,conventional_alphaearth_embeddings,Conventional + AlphaEarth Embeddings,0.892554352574697,0.3251687994310354,1
629,RMC_01_00162,0,non_landslide,78_38,5,78.2264178352331,38.28732030327916,raster-matched control,conventional_alphaearth_embeddings,Conventional + AlphaEarth Embeddings,0.11451397938372522,0.3251687994310354,0
630,CPEC_ROCKFALL_0899,1,rockfall,75_38,2,75.33608868336803,38.80609834209501,"Kashgar (Xinjiang, China)",conventional_alphaearth_embeddings,Conventional + AlphaEarth Embeddings,0.9587150975041582,0.30586012648229505,1
631,CPEC_LANDSLIDE_0303,1,landslide,72_35,3,72.93309696207027,35.04215776557818,KP-AJK,conventional_alphaearth_embeddings,Conventional + AlphaEarth Embeddings,0.6071863520996349,0.3410028221468021,1
632,RMC_01_00113,0,non_landslide,67_28,4,67.00421414836997,28.58326944657803,raster-matched control,conventional_alphaearth_embeddings,Conventional + AlphaEarth Embeddings,0.07195225940657286,0.42499994627304916,0
633,RMC_01_01306,0,non_landslide,74_35,5,74.6219277577035,35.60135760376179,raster-matched control,conventional_alphaearth_embeddings,Conventional + AlphaEarth Embeddings,0.03371542528517552,0.3251687994310354,0
634,RMC_01_00443,0,non_landslide,74_36,2,74.84875236694369,36.30653510179562,raster-matched control,conventional_alphaearth_embeddings,Conventional + AlphaEarth Embeddings,0.09710946449180909,0.30586012648229505,0
635,CPEC_ROCKFALL_0320,1,rockfall,66_29,5,66.75044187394121,29.616332521947346,Balochistan,conventional_alphaearth_embeddings,Conventional + AlphaEarth Embeddings,0.9842011150551038,0.3251687994310354,1
636,CPEC_ROCKFALL_0817,1,rockfall,75_35,1,75.83465185395171,35.33186110191951,Gilgit-Baltistan,conventional_alphaearth_embeddings,Conventional + AlphaEarth Embeddings,0.42447815784027787,0.41913377540096863,1
637,RMC_01_00422,0,non_landslide,74_36,2,74.96553335387922,36.81632902553344,raster-matched control,conventional_alphaearth_embeddings,Conventional + AlphaEarth Embeddings,0.11230926004566505,0.30586012648229505,0
638,CPEC_ROCKFALL_0483,1,rockfall,68_29,2,68.70876757908832,29.407472687704985,Balochistan,conventional_alphaearth_embeddings,Conventional + AlphaEarth Embeddings,0.9551791423012322,0.30586012648229505,1
639,CPEC_LANDSLIDE_0592,1,landslide,67_27,2,67.00196638706294,27.952204927003446,Balochistan,conventional_alphaearth_embeddings,Conventional + AlphaEarth Embeddings,0.9634666585196746,0.30586012648229505,1
640,CPEC_LANDSLIDE_0333,1,landslide,75_37,5,75.32486066691546,37.72362926586575,"Kashgar (Xinjiang, China)",conventional_alphaearth_embeddings,Conventional + AlphaEarth Embeddings,0.09135459606552312,0.3251687994310354,0
641,RMC_01_00322,0,non_landslide,65_25,1,65.37601769590333,25.57840482119823,raster-matched control,conventional_alphaearth_embeddings,Conventional + AlphaEarth Embeddings,0.1681901628904316,0.41913377540096863,0
642,CPEC_LANDSLIDE_0854,1,landslide,73_34,2,73.44288814910652,34.40210731856866,KP-AJK,conventional_alphaearth_embeddings,Conventional + AlphaEarth Embeddings,0.9862601183344787,0.30586012648229505,1
643,CPEC_ROCKFALL_0290,1,rockfall,66_27,1,66.46297700632873,27.55918867835483,Balochistan,conventional_alphaearth_embeddings,Conventional + AlphaEarth Embeddings,0.9827878840488312,0.41913377540096863,1
644,RMC_01_00986,0,non_landslide,73_34,2,73.01169761091927,34.85126434152199,raster-matched control,conventional_alphaearth_embeddings,Conventional + AlphaEarth Embeddings,0.08701416320046967,0.30586012648229505,0
645,RMC_01_01250,0,non_landslide,70_29,4,70.06522347900723,29.97116656054269,raster-matched control,conventional_alphaearth_embeddings,Conventional + AlphaEarth Embeddings,0.14869822483389722,0.42499994627304916,0
646,CPEC_LANDSLIDE_0248,1,landslide,74_35,5,74.63091306547294,35.52724553277834,Gilgit-Baltistan,conventional_alphaearth_embeddings,Conventional + AlphaEarth Embeddings,0.9659075261764386,0.3251687994310354,1
647,RMC_01_00157,0,non_landslide,74_35,5,74.30078004363078,35.99886211698468,raster-matched control,conventional_alphaearth_embeddings,Conventional + AlphaEarth Embeddings,0.2955429651259678,0.3251687994310354,0
648,RMC_01_00131,0,non_landslide,74_39,3,74.88019340188787,39.57191115957008,raster-matched control,conventional_alphaearth_embeddings,Conventional + AlphaEarth Embeddings,0.6350671631366694,0.3410028221468021,1
649,CPEC_ROCKFALL_0452,1,rockfall,69_28,1,69.17139931338332,28.83704218544292,Balochistan,conventional_alphaearth_embeddings,Conventional + AlphaEarth Embeddings,0.9477308767856258,0.41913377540096863,1
650,RMC_01_00627,0,non_landslide,74_35,5,74.59497829917991,35.49805134608805,raster-matched control,conventional_alphaearth_embeddings,Conventional + AlphaEarth Embeddings,0.5882018158817883,0.3251687994310354,1
651,CPEC_LANDSLIDE_0939,1,landslide,72_35,3,72.5468184151134,35.5182649032567,KP-AJK,conventional_alphaearth_embeddings,Conventional + AlphaEarth Embeddings,0.7335317870742212,0.3410028221468021,1
652,RMC_01_00889,0,non_landslide,74_36,2,74.60845302844172,36.288568796113225,raster-matched control,conventional_alphaearth_embeddings,Conventional + AlphaEarth Embeddings,0.11042171783335379,0.30586012648229505,0
653,RMC_01_00310,0,non_landslide,65_26,3,65.2524993443369,26.61146739793568,raster-matched control,conventional_alphaearth_embeddings,Conventional + AlphaEarth Embeddings,0.18857138185105574,0.3410028221468021,0
654,CPEC_LANDSLIDE_0691,1,landslide,66_27,1,66.46522439325966,27.561436065285765,Balochistan,conventional_alphaearth_embeddings,Conventional + AlphaEarth Embeddings,0.9797478560984525,0.41913377540096863,1
655,RMC_01_01445,0,non_landslide,65_25,1,65.2547451325472,25.61433743256301,raster-matched control,conventional_alphaearth_embeddings,Conventional + AlphaEarth Embeddings,0.2553988822685537,0.41913377540096863,0
656,CPEC_LANDSLIDE_0977,1,landslide,75_35,1,75.8054581193548,35.34309357747314,Gilgit-Baltistan,conventional_alphaearth_embeddings,Conventional + AlphaEarth Embeddings,0.33733398535385617,0.41913377540096863,0
657,CPEC_ROCKFALL_0661,1,rockfall,69_31,2,69.55767340123913,31.98114542002551,KP-AJK,conventional_alphaearth_embeddings,Conventional + AlphaEarth Embeddings,0.9692460587979426,0.30586012648229505,1
658,CPEC_LANDSLIDE_0250,1,landslide,74_35,5,74.61294288822755,35.507032427703066,Gilgit-Baltistan,conventional_alphaearth_embeddings,Conventional + AlphaEarth Embeddings,0.9770123685963078,0.3251687994310354,1
659,CPEC_LANDSLIDE_0056,1,landslide,75_36,3,75.38324813610927,36.83204984663346,Gilgit-Baltistan,conventional_alphaearth_embeddings,Conventional + AlphaEarth Embeddings,0.9835412898645824,0.3410028221468021,1
660,CPEC_LANDSLIDE_0963,1,landslide,75_35,1,75.50003199269902,35.36554961037828,Gilgit-Baltistan,conventional_alphaearth_embeddings,Conventional + AlphaEarth Embeddings,0.9813102042553831,0.41913377540096863,1
661,CPEC_LANDSLIDE_0282,1,landslide,73_35,4,73.48106697232612,35.53174030664021,KP-AJK,conventional_alphaearth_embeddings,Conventional + AlphaEarth Embeddings,0.9676700603340535,0.42499994627304916,1
662,RMC_01_01463,0,non_landslide,74_35,5,74.6241735459138,35.68220597933255,raster-matched control,conventional_alphaearth_embeddings,Conventional + AlphaEarth Embeddings,0.04830097793443105,0.3251687994310354,0
663,RMC_01_00279,0,non_landslide,65_26,3,65.96890578342222,26.49693219921044,raster-matched control,conventional_alphaearth_embeddings,Conventional + AlphaEarth Embeddings,0.0867160695035203,0.3410028221468021,0
664,RMC_01_00433,0,non_landslide,74_36,2,74.97002493029981,36.79611693164075,raster-matched control,conventional_alphaearth_embeddings,Conventional + AlphaEarth Embeddings,0.5572517701586456,0.30586012648229505,1
665,CPEC_LANDSLIDE_0863,1,landslide,73_34,2,73.40246639805703,34.43130105316557,KP-AJK,conventional_alphaearth_embeddings,Conventional + AlphaEarth Embeddings,0.5747346189254934,0.30586012648229505,1
666,CPEC_LANDSLIDE_0531,1,landslide,75_38,2,75.32710359474535,38.81058865685583,"Kashgar (Xinjiang, China)",conventional_alphaearth_embeddings,Conventional + AlphaEarth Embeddings,0.11972160262061322,0.30586012648229505,0
667,RMC_01_00552,0,non_landslide,75_40,1,75.3832499609948,40.54209166641916,raster-matched control,conventional_alphaearth_embeddings,Conventional + AlphaEarth Embeddings,0.10143244264083032,0.41913377540096863,0
668,RMC_01_01128,0,non_landslide,73_35,4,73.21606433805646,35.293684618950856,raster-matched control,conventional_alphaearth_embeddings,Conventional + AlphaEarth Embeddings,0.531391164549439,0.42499994627304916,1
669,CPEC_ROCKFALL_0717,1,rockfall,72_34,1,72.79385707257536,34.013585843781925,KP-AJK,conventional_alphaearth_embeddings,Conventional + AlphaEarth Embeddings,0.9903199586596636,0.41913377540096863,1
670,CPEC_LANDSLIDE_0849,1,landslide,73_34,2,73.44962585079827,34.39761700380784,KP-AJK,conventional_alphaearth_embeddings,Conventional + AlphaEarth Embeddings,0.2636786932722382,0.30586012648229505,0
671,CPEC_LANDSLIDE_0867,1,landslide,73_34,2,73.45861093942096,34.40210731856866,KP-AJK,conventional_alphaearth_embeddings,Conventional + AlphaEarth Embeddings,0.38842013932623487,0.30586012648229505,1
672,RMC_01_00189,0,non_landslide,67_29,1,67.32536186244269,29.82519032687327,raster-matched control,conventional_alphaearth_embeddings,Conventional + AlphaEarth Embeddings,0.10702988449450063,0.41913377540096863,0
673,CPEC_LANDSLIDE_0215,1,landslide,74_35,5,74.19747506577484,35.97415893585996,Gilgit-Baltistan,conventional_alphaearth_embeddings,Conventional + AlphaEarth Embeddings,0.8825410018275403,0.3251687994310354,1
674,CPEC_ROCKFALL_0428,1,rockfall,70_29,4,70.02479990939601,29.519761770432865,Punjab-Sindh lowland corridor,conventional_alphaearth_embeddings,Conventional + AlphaEarth Embeddings,0.9757350352501075,0.42499994627304916,1
675,RMC_01_01408,0,non_landslide,65_26,3,65.36254296664154,26.71028207918883,raster-matched control,conventional_alphaearth_embeddings,Conventional + AlphaEarth Embeddings,0.13628661101681167,0.3410028221468021,0
676,CPEC_ROCKFALL_0404,1,rockfall,67_25,3,67.92498692782308,25.8770953652666,Punjab-Sindh lowland corridor,conventional_alphaearth_embeddings,Conventional + AlphaEarth Embeddings,0.9800908144722111,0.3410028221468021,1
677,RMC_01_01233,0,non_landslide,67_26,5,67.21082666371746,26.9438440530599,raster-matched control,conventional_alphaearth_embeddings,Conventional + AlphaEarth Embeddings,0.320657893375236,0.3251687994310354,0
678,CPEC_ROCKFALL_0335,1,rockfall,66_26,4,66.56179514477414,26.065742094433684,Balochistan,conventional_alphaearth_embeddings,Conventional + AlphaEarth Embeddings,0.9649732905847525,0.42499994627304916,1
679,CPEC_ROCKFALL_0723,1,rockfall,72_33,4,72.91737417175581,33.82942942937566,KP-AJK,conventional_alphaearth_embeddings,Conventional + AlphaEarth Embeddings,0.9537516018607064,0.42499994627304916,1
680,CPEC_LANDSLIDE_0630,1,landslide,63_26,1,63.934220798919576,26.65638124266997,Balochistan,conventional_alphaearth_embeddings,Conventional + AlphaEarth Embeddings,0.7993734402974558,0.41913377540096863,1
681,CPEC_ROCKFALL_0945,1,rockfall,75_38,2,75.51350739608255,38.94084345772803,"Kashgar (Xinjiang, China)",conventional_alphaearth_embeddings,Conventional + AlphaEarth Embeddings,0.7458009983803043,0.30586012648229505,1
682,CPEC_ROCKFALL_0865,1,rockfall,73_35,4,73.8336570108242,35.48682378172885,Gilgit-Baltistan,conventional_alphaearth_embeddings,Conventional + AlphaEarth Embeddings,0.9546653160641962,0.42499994627304916,1
683,CPEC_ROCKFALL_0108,1,rockfall,65_27,5,65.81394592979757,27.44914698255789,Balochistan,conventional_alphaearth_embeddings,Conventional + AlphaEarth Embeddings,0.9311599444968549,0.3251687994310354,1
684,CPEC_ROCKFALL_0932,1,rockfall,75_38,2,75.49553721883716,38.8981743197476,"Kashgar (Xinjiang, China)",conventional_alphaearth_embeddings,Conventional + AlphaEarth Embeddings,0.9631711581874414,0.30586012648229505,1
685,CPEC_LANDSLIDE_0705,1,landslide,66_25,2,66.85599325497734,25.06861129416528,Balochistan,conventional_alphaearth_embeddings,Conventional + AlphaEarth Embeddings,0.9762677987701489,0.30586012648229505,1
686,CPEC_LANDSLIDE_0374,1,landslide,74_38,1,74.98349864486997,38.37715065715772,"Kashgar (Xinjiang, China)",conventional_alphaearth_embeddings,Conventional + AlphaEarth Embeddings,0.9582234281771076,0.41913377540096863,1
687,CPEC_ROCKFALL_0510,1,rockfall,68_29,2,68.40783176719336,29.360313234963748,Balochistan,conventional_alphaearth_embeddings,Conventional + AlphaEarth Embeddings,0.1609048009834769,0.30586012648229505,0
688,CPEC_ROCKFALL_0598,1,rockfall,66_29,5,66.89641500602683,29.95769008489178,Balochistan,conventional_alphaearth_embeddings,Conventional + AlphaEarth Embeddings,0.9627430285617374,0.3251687994310354,1
689,RMC_01_00530,0,non_landslide,73_35,4,73.75954508494877,35.52050922819103,raster-matched control,conventional_alphaearth_embeddings,Conventional + AlphaEarth Embeddings,0.14642064116405146,0.42499994627304916,0
690,CPEC_ROCKFALL_0104,1,rockfall,65_27,5,65.82517394625015,27.44914698255789,Balochistan,conventional_alphaearth_embeddings,Conventional + AlphaEarth Embeddings,0.6970447663724104,0.3251687994310354,1
691,RMC_01_00877,0,non_landslide,75_38,2,75.22379899806359,38.774656344914,raster-matched control,conventional_alphaearth_embeddings,Conventional + AlphaEarth Embeddings,0.0884597212805448,0.30586012648229505,0
692,RMC_01_00620,0,non_landslide,73_35,4,73.35530320709498,35.50029713429834,raster-matched control,conventional_alphaearth_embeddings,Conventional + AlphaEarth Embeddings,0.06636544516416726,0.42499994627304916,0
693,RMC_01_00421,0,non_landslide,74_36,2,74.86896446083637,36.782642202378966,raster-matched control,conventional_alphaearth_embeddings,Conventional + AlphaEarth Embeddings,0.09336280365627428,0.30586012648229505,0
694,CPEC_LANDSLIDE_0861,1,landslide,73_34,2,73.44064522127664,34.411087948090305,KP-AJK,conventional_alphaearth_embeddings,Conventional + AlphaEarth Embeddings,0.17970740596050275,0.30586012648229505,0
695,RMC_01_01081,0,non_landslide,66_26,4,66.79984742123277,26.55307690446791,raster-matched control,conventional_alphaearth_embeddings,Conventional + AlphaEarth Embeddings,0.08450997861141885,0.42499994627304916,0
696,CPEC_ROCKFALL_0080,1,rockfall,65_28,2,65.96216644881412,28.15432260045299,Balochistan,conventional_alphaearth_embeddings,Conventional + AlphaEarth Embeddings,0.9833533012423398,0.30586012648229505,1
697,RMC_01_01303,0,non_landslide,74_35,5,74.61743618128291,35.666485461860454,raster-matched control,conventional_alphaearth_embeddings,Conventional + AlphaEarth Embeddings,0.06814066667822577,0.3251687994310354,0
698,RMC_01_00672,0,non_landslide,71_33,3,71.2397707129935,33.382518851986575,raster-matched control,conventional_alphaearth_embeddings,Conventional + AlphaEarth Embeddings,0.06275390228815657,0.3410028221468021,0
699,RMC_01_00410,0,non_landslide,74_36,2,74.81057396736861,36.76243010848627,raster-matched control,conventional_alphaearth_embeddings,Conventional + AlphaEarth Embeddings,0.15577688748533813,0.30586012648229505,0
700,RMC_01_00619,0,non_landslide,75_38,2,75.36303786710211,38.82181789733028,raster-matched control,conventional_alphaearth_embeddings,Conventional + AlphaEarth Embeddings,0.3314907004144614,0.30586012648229505,1
701,RMC_01_00724,0,non_landslide,72_36,5,72.05274604512168,36.08195628076574,raster-matched control,conventional_alphaearth_embeddings,Conventional + AlphaEarth Embeddings,0.8528226854034687,0.3251687994310354,1
702,RMC_01_00487,0,non_landslide,74_36,2,74.60845302844172,36.30878089000591,raster-matched control,conventional_alphaearth_embeddings,Conventional + AlphaEarth Embeddings,0.19850012370233436,0.30586012648229505,0
703,RMC_01_00747,0,non_landslide,73_34,2,73.59335675738666,34.265113618634004,raster-matched control,conventional_alphaearth_embeddings,Conventional + AlphaEarth Embeddings,0.1345155366815375,0.30586012648229505,0
704,RMC_01_00271,0,non_landslide,66_26,4,66.7594232334474,26.16455554408622,raster-matched control,conventional_alphaearth_embeddings,Conventional + AlphaEarth Embeddings,0.21995458258060832,0.42499994627304916,0
705,RMC_01_00585,0,non_landslide,75_40,1,75.51125988898183,40.00085670773715,raster-matched control,conventional_alphaearth_embeddings,Conventional + AlphaEarth Embeddings,0.1930888155178587,0.41913377540096863,0
706,RMC_01_00976,0,non_landslide,75_36,3,75.00146596524401,36.79611693164075,raster-matched control,conventional_alphaearth_embeddings,Conventional + AlphaEarth Embeddings,0.07998135452181288,0.3410028221468021,0
707,RMC_01_01484,0,non_landslide,68_30,4,68.16304086488415,30.79761662193265,raster-matched control,conventional_alphaearth_embeddings,Conventional + AlphaEarth Embeddings,0.10619832132093539,0.42499994627304916,0
708,RMC_01_00617,0,non_landslide,75_38,2,75.44164045446257,38.80385159164789,raster-matched control,conventional_alphaearth_embeddings,Conventional + AlphaEarth Embeddings,0.11351961554482803,0.30586012648229505,0
709,RMC_01_00130,0,non_landslide,74_39,3,74.94307547177624,39.55169906567739,raster-matched control,conventional_alphaearth_embeddings,Conventional + AlphaEarth Embeddings,0.05161921816069835,0.3410028221468021,0
710,RMC_01_01279,0,non_landslide,74_35,5,74.8195571202098,35.43067769977908,raster-matched control,conventional_alphaearth_embeddings,Conventional + AlphaEarth Embeddings,0.4249514149514863,0.3251687994310354,1
711,CPEC_ROCKFALL_0586,1,rockfall,67_29,1,67.48481122643322,29.53323717381637,Balochistan,conventional_alphaearth_embeddings,Conventional + AlphaEarth Embeddings,0.974705375267384,0.41913377540096863,1
712,CPEC_ROCKFALL_0326,1,rockfall,66_25,2,66.85149848111547,25.059626205542585,Balochistan,conventional_alphaearth_embeddings,Conventional + AlphaEarth Embeddings,0.9812702297500826,0.30586012648229505,1
713,RMC_01_01449,0,non_landslide,66_27,1,66.53709020062782,27.62880945720104,raster-matched control,conventional_alphaearth_embeddings,Conventional + AlphaEarth Embeddings,0.48985894958114246,0.41913377540096863,1
714,RMC_01_01124,0,non_landslide,69_32,4,69.9349677628099,32.140597971691335,raster-matched control,conventional_alphaearth_embeddings,Conventional + AlphaEarth Embeddings,0.130226407671029,0.42499994627304916,0
715,CPEC_LANDSLIDE_0208,1,landslide,74_35,5,74.35468067341408,35.985386952312524,Gilgit-Baltistan,conventional_alphaearth_embeddings,Conventional + AlphaEarth Embeddings,0.9025497018891245,0.3251687994310354,1
716,RMC_01_00357,0,non_landslide,67_29,1,67.43091390832673,29.61408623510518,raster-matched control,conventional_alphaearth_embeddings,Conventional + AlphaEarth Embeddings,0.1676211650403602,0.41913377540096863,0
717,RMC_01_00580,0,non_landslide,75_39,4,75.50676831256123,39.98289040205476,raster-matched control,conventional_alphaearth_embeddings,Conventional + AlphaEarth Embeddings,0.09233266428564679,0.42499994627304916,0
718,CPEC_ROCKFALL_0085,1,rockfall,65_27,5,65.638774604014,27.15045855759388,Balochistan,conventional_alphaearth_embeddings,Conventional + AlphaEarth Embeddings,0.9887234471031868,0.3251687994310354,1
719,RMC_01_00313,0,non_landslide,65_26,3,65.25923670896779,26.622696338987176,raster-matched control,conventional_alphaearth_embeddings,Conventional + AlphaEarth Embeddings,0.1598779988221859,0.3410028221468021,0
720,CPEC_ROCKFALL_0434,1,rockfall,70_29,4,70.03153761108777,29.5377274885772,Punjab-Sindh lowland corridor,conventional_alphaearth_embeddings,Conventional + AlphaEarth Embeddings,0.9264356764194697,0.42499994627304916,1
721,RMC_01_00861,0,non_landslide,75_38,2,75.04189015302939,38.44452547800008,raster-matched control,conventional_alphaearth_embeddings,Conventional + AlphaEarth Embeddings,0.07862321321947946,0.30586012648229505,0
722,CPEC_ROCKFALL_0370,1,rockfall,66_27,1,66.98175774108873,27.945467225311685,Balochistan,conventional_alphaearth_embeddings,Conventional + AlphaEarth Embeddings,0.5477467126216455,0.41913377540096863,1
723,CPEC_LANDSLIDE_0846,1,landslide,73_34,2,73.4541161655591,34.39087930211608,KP-AJK,conventional_alphaearth_embeddings,Conventional + AlphaEarth Embeddings,0.9888364638606965,0.30586012648229505,1
724,CPEC_LANDSLIDE_0874,1,landslide,73_34,2,73.49005206094881,34.375156511801634,KP-AJK,conventional_alphaearth_embeddings,Conventional + AlphaEarth Embeddings,0.2531725165433703,0.30586012648229505,0
725,CPEC_ROCKFALL_0009,1,rockfall,75_37,5,75.6752033184826,37.81345785658741,"Kashgar (Xinjiang, China)",conventional_alphaearth_embeddings,Conventional + AlphaEarth Embeddings,0.680604276493206,0.3251687994310354,1
726,RMC_01_01209,0,non_landslide,66_26,4,66.52810704778662,26.14883502661413,raster-matched control,conventional_alphaearth_embeddings,Conventional + AlphaEarth Embeddings,0.5165219598385291,0.42499994627304916,1
727,RMC_01_00361,0,non_landslide,67_29,1,67.15243617024969,29.93074237275731,raster-matched control,conventional_alphaearth_embeddings,Conventional + AlphaEarth Embeddings,0.11770467250692565,0.41913377540096863,0
728,RMC_01_00326,0,non_landslide,63_25,4,63.13472106202512,25.888323594219464,raster-matched control,conventional_alphaearth_embeddings,Conventional + AlphaEarth Embeddings,0.1571687334588754,0.42499994627304916,0
729,RMC_01_00492,0,non_landslide,74_36,2,74.57027462886663,36.272848278641135,raster-matched control,conventional_alphaearth_embeddings,Conventional + AlphaEarth Embeddings,0.07334124910546996,0.30586012648229505,0
730,RMC_01_00700,0,non_landslide,73_34,2,73.41144791235246,34.30553780641938,raster-matched control,conventional_alphaearth_embeddings,Conventional + AlphaEarth Embeddings,0.16740974935027572,0.30586012648229505,0
731,CPEC_LANDSLIDE_0969,1,landslide,75_35,1,75.79872041766305,35.32961817408962,Gilgit-Baltistan,conventional_alphaearth_embeddings,Conventional + AlphaEarth Embeddings,0.37475464684712084,0.41913377540096863,0
732,CPEC_ROCKFALL_0314,1,rockfall,66_27,1,66.593236266302,27.90953132992197,Balochistan,conventional_alphaearth_embeddings,Conventional + AlphaEarth Embeddings,0.9535789692262755,0.41913377540096863,1
733,CPEC_LANDSLIDE_0935,1,landslide,72_35,3,72.6815679898475,35.59461809059485,KP-AJK,conventional_alphaearth_embeddings,Conventional + AlphaEarth Embeddings,0.9474173712649107,0.3410028221468021,1
734,CPEC_ROCKFALL_0388,1,rockfall,66_27,1,66.93459382924642,27.67821546277446,Balochistan,conventional_alphaearth_embeddings,Conventional + AlphaEarth Embeddings,0.9664225073005659,0.41913377540096863,1
735,CPEC_LANDSLIDE_0071,1,landslide,75_36,3,75.20133910863396,36.86349096816131,Gilgit-Baltistan,conventional_alphaearth_embeddings,Conventional + AlphaEarth Embeddings,0.06392554570075304,0.3410028221468021,0
736,CPEC_LANDSLIDE_0745,1,landslide,70_29,4,70.08992508028159,29.96218485875365,Punjab-Sindh lowland corridor,conventional_alphaearth_embeddings,Conventional + AlphaEarth Embeddings,0.9842750945720561,0.42499994627304916,1
737,RMC_01_01077,0,non_landslide,69_29,3,69.9619172213335,29.629806752577277,raster-matched control,conventional_alphaearth_embeddings,Conventional + AlphaEarth Embeddings,0.14441069199409676,0.3410028221468021,0
738,RMC_01_00257,0,non_landslide,65_29,4,65.96216841879132,29.04814760610988,raster-matched control,conventional_alphaearth_embeddings,Conventional + AlphaEarth Embeddings,0.07924143470961559,0.42499994627304916,0
739,CPEC_LANDSLIDE_0984,1,landslide,75_35,1,75.85261757209607,35.30940506901435,Gilgit-Baltistan,conventional_alphaearth_embeddings,Conventional + AlphaEarth Embeddings,0.7082459950392702,0.41913377540096863,1
740,RMC_01_00246,0,non_landslide,66_27,1,66.80209320944307,27.27172913176353,raster-matched control,conventional_alphaearth_embeddings,Conventional + AlphaEarth Embeddings,0.16470161880749545,0.41913377540096863,0
741,RMC_01_00534,0,non_landslide,74_36,2,74.47145994761348,36.257127761169045,raster-matched control,conventional_alphaearth_embeddings,Conventional + AlphaEarth Embeddings,0.10919499247772539,0.30586012648229505,0
742,RMC_01_00591,0,non_landslide,75_38,2,75.22379899806359,38.75444425102131,raster-matched control,conventional_alphaearth_embeddings,Conventional + AlphaEarth Embeddings,0.12891129280056426,0.30586012648229505,0
743,RMC_01_00479,0,non_landslide,74_36,2,74.31425477289257,36.153821503495294,raster-matched control,conventional_alphaearth_embeddings,Conventional + AlphaEarth Embeddings,0.055230062991563404,0.30586012648229505,0
744,RMC_01_00990,0,non_landslide,75_36,3,75.53371777108482,36.86349057794972,raster-matched control,conventional_alphaearth_embeddings,Conventional + AlphaEarth Embeddings,0.16160886691221524,0.3410028221468021,0
745,RMC_01_00946,0,non_landslide,75_36,3,75.30464737363434,36.82082060195404,raster-matched control,conventional_alphaearth_embeddings,Conventional + AlphaEarth Embeddings,0.3725703123376074,0.3410028221468021,1
746,RMC_01_01489,0,non_landslide,71_34,5,71.12074393784766,34.110154232123385,raster-matched control,conventional_alphaearth_embeddings,Conventional + AlphaEarth Embeddings,0.02689205777117591,0.3251687994310354,0
747,RMC_01_00624,0,non_landslide,75_38,2,75.34507156141972,38.82181789733028,raster-matched control,conventional_alphaearth_embeddings,Conventional + AlphaEarth Embeddings,0.0892323009480934,0.30586012648229505,0
748,CPEC_LANDSLIDE_0478,1,landslide,75_38,2,75.07333169469268,38.74321609903932,"Kashgar (Xinjiang, China)",conventional_alphaearth_embeddings,Conventional + AlphaEarth Embeddings,0.8234120845103575,0.30586012648229505,1
749,CPEC_ROCKFALL_0205,1,rockfall,65_26,3,65.69491914537794,26.29705796158119,Balochistan,conventional_alphaearth_embeddings,Conventional + AlphaEarth Embeddings,0.9794128030785597,0.3410028221468021,1
750,RMC_01_00806,0,non_landslide,68_29,2,68.58524904842032,29.43666896649157,raster-matched control,conventional_alphaearth_embeddings,Conventional + AlphaEarth Embeddings,0.1491243227745095,0.30586012648229505,0
751,RMC_01_00068,0,non_landslide,66_29,5,66.30801980317733,29.645527270049364,raster-matched control,conventional_alphaearth_embeddings,Conventional + AlphaEarth Embeddings,0.206819603234924,0.3251687994310354,0
752,RMC_01_01446,0,non_landslide,65_25,1,65.2412704032854,25.594125338670324,raster-matched control,conventional_alphaearth_embeddings,Conventional + AlphaEarth Embeddings,0.18149215590448498,0.41913377540096863,0
753,RMC_01_00198,0,non_landslide,66_27,1,66.44950446042616,27.610843151518647,raster-matched control,conventional_alphaearth_embeddings,Conventional + AlphaEarth Embeddings,0.5493792684810374,0.41913377540096863,1
754,RMC_01_01095,0,non_landslide,65_28,2,65.20084621550002,28.778653020874025,raster-matched control,conventional_alphaearth_embeddings,Conventional + AlphaEarth Embeddings,0.09971476329333459,0.30586012648229505,0
755,RMC_01_01419,0,non_landslide,76_39,5,76.14457216428609,39.62805586482754,raster-matched control,conventional_alphaearth_embeddings,Conventional + AlphaEarth Embeddings,0.13341887639117253,0.3251687994310354,0
756,RMC_01_00263,0,non_landslide,68_30,4,68.78063262271631,30.202482746203465,raster-matched control,conventional_alphaearth_embeddings,Conventional + AlphaEarth Embeddings,0.1268611417976506,0.42499994627304916,0
757,RMC_01_00563,0,non_landslide,75_40,1,75.41469099593898,40.0929340243594,raster-matched control,conventional_alphaearth_embeddings,Conventional + AlphaEarth Embeddings,0.0667282539016234,0.41913377540096863,0
758,CPEC_ROCKFALL_0297,1,rockfall,66_27,1,66.48094718357412,27.574911468669274,Balochistan,conventional_alphaearth_embeddings,Conventional + AlphaEarth Embeddings,0.9167370531400553,0.41913377540096863,1
759,CPEC_LANDSLIDE_0004,1,landslide,73_35,4,73.20708196719819,35.291439350870014,KP-AJK,conventional_alphaearth_embeddings,Conventional + AlphaEarth Embeddings,0.6050532679807129,0.42499994627304916,1
760,CPEC_LANDSLIDE_0991,1,landslide,75_35,1,75.86609297547956,35.24427543902772,Gilgit-Baltistan,conventional_alphaearth_embeddings,Conventional + AlphaEarth Embeddings,0.9224517521475863,0.41913377540096863,1
761,RMC_01_00898,0,non_landslide,75_39,4,75.5741419588702,39.19237295202958,raster-matched control,conventional_alphaearth_embeddings,Conventional + AlphaEarth Embeddings,0.08168014784441165,0.42499994627304916,0
762,CPEC_LANDSLIDE_0533,1,landslide,75_38,2,75.35405440151237,38.80609834209501,"Kashgar (Xinjiang, China)",conventional_alphaearth_embeddings,Conventional + AlphaEarth Embeddings,0.1735999511492884,0.30586012648229505,0
763,CPEC_LANDSLIDE_0927,1,landslide,76_35,2,76.13558766584667,35.2016063010473,Gilgit-Baltistan,conventional_alphaearth_embeddings,Conventional + AlphaEarth Embeddings,0.9768392339710129,0.30586012648229505,1
764,CPEC_LANDSLIDE_0148,1,landslide,74_36,2,74.84201582754518,36.32225420049615,Gilgit-Baltistan,conventional_alphaearth_embeddings,Conventional + AlphaEarth Embeddings,0.08593195062033385,0.30586012648229505,0
765,RMC_01_00677,0,non_landslide,73_33,5,73.48331313508201,33.98663588055695,raster-matched control,conventional_alphaearth_embeddings,Conventional + AlphaEarth Embeddings,0.06805774656644523,0.3251687994310354,0
766,RMC_01_00602,0,non_landslide,75_38,2,75.31363052647554,38.7813937095449,raster-matched control,conventional_alphaearth_embeddings,Conventional + AlphaEarth Embeddings,0.07699855406435975,0.30586012648229505,0
767,CPEC_ROCKFALL_0392,1,rockfall,66_29,5,66.64488603380404,29.31764409698332,Balochistan,conventional_alphaearth_embeddings,Conventional + AlphaEarth Embeddings,0.9880792368159674,0.3251687994310354,1
768,RMC_01_00739,0,non_landslide,76_34,5,76.78462180422125,34.941095869933946,raster-matched control,conventional_alphaearth_embeddings,Conventional + AlphaEarth Embeddings,0.36970260639737607,0.3251687994310354,1
769,CPEC_LANDSLIDE_1006,1,landslide,75_35,1,75.95143571054146,35.203853687978224,Gilgit-Baltistan,conventional_alphaearth_embeddings,Conventional + AlphaEarth Embeddings,0.8538552531612832,0.41913377540096863,1
770,CPEC_ROCKFALL_0798,1,rockfall,72_35,3,72.56029381849693,35.52500260494845,KP-AJK,conventional_alphaearth_embeddings,Conventional + AlphaEarth Embeddings,0.9799284016191144,0.3410028221468021,1
771,CPEC_LANDSLIDE_0516,1,landslide,75_38,2,75.20358649556489,38.77240983363622,"Kashgar (Xinjiang, China)",conventional_alphaearth_embeddings,Conventional + AlphaEarth Embeddings,0.9771689407436008,0.30586012648229505,1
772,RMC_01_00040,0,non_landslide,69_31,2,69.77776258808899,31.947460185605635,raster-matched control,conventional_alphaearth_embeddings,Conventional + AlphaEarth Embeddings,0.08805574381430914,0.30586012648229505,0
773,CPEC_LANDSLIDE_0100,1,landslide,74_36,2,74.97002324148644,36.807346426797366,Gilgit-Baltistan,conventional_alphaearth_embeddings,Conventional + AlphaEarth Embeddings,0.09927216608583793,0.30586012648229505,0
774,CPEC_LANDSLIDE_0144,1,landslide,74_36,2,74.88243757859466,36.371661040168334,Gilgit-Baltistan,conventional_alphaearth_embeddings,Conventional + AlphaEarth Embeddings,0.9635169396519997,0.30586012648229505,1
775,CPEC_LANDSLIDE_0542,1,landslide,75_38,2,75.37875782134847,38.81507897161664,"Kashgar (Xinjiang, China)",conventional_alphaearth_embeddings,Conventional + AlphaEarth Embeddings,0.9843913004918832,0.30586012648229505,1
776,RMC_01_00625,0,non_landslide,75_38,2,75.50452252435093,38.88694575542894,raster-matched control,conventional_alphaearth_embeddings,Conventional + AlphaEarth Embeddings,0.17948829924683254,0.30586012648229505,0
777,RMC_01_00561,0,non_landslide,75_38,2,75.02392384734699,38.729740580708025,raster-matched control,conventional_alphaearth_embeddings,Conventional + AlphaEarth Embeddings,0.0819101633059547,0.30586012648229505,0
778,CPEC_ROCKFALL_0275,1,rockfall,66_27,1,66.28780568054516,27.087576314538182,Balochistan,conventional_alphaearth_embeddings,Conventional + AlphaEarth Embeddings,0.978243051268259,0.41913377540096863,1
779,CPEC_ROCKFALL_0065,1,rockfall,63_26,1,63.96566192044742,26.33972709956161,Balochistan,conventional_alphaearth_embeddings,Conventional + AlphaEarth Embeddings,0.9871171899147424,0.41913377540096863,1
780,CPEC_ROCKFALL_0680,1,rockfall,70_29,4,70.09891016890428,29.95769008489178,Punjab-Sindh lowland corridor,conventional_alphaearth_embeddings,Conventional + AlphaEarth Embeddings,0.9866319989265115,0.42499994627304916,1
781,RMC_01_00903,0,non_landslide,77_37,2,77.20458419954713,37.40023396021113,raster-matched control,conventional_alphaearth_embeddings,Conventional + AlphaEarth Embeddings,0.13523803398004328,0.30586012648229505,0
782,CPEC_ROCKFALL_0854,1,rockfall,74_35,5,74.21319339698825,35.40372843359789,Gilgit-Baltistan,conventional_alphaearth_embeddings,Conventional + AlphaEarth Embeddings,0.9832687995260957,0.3251687994310354,1
783,RMC_01_01350,0,non_landslide,74_39,3,74.460231006562,39.62356428840695,raster-matched control,conventional_alphaearth_embeddings,Conventional + AlphaEarth Embeddings,0.19348527529008508,0.3410028221468021,0
784,CPEC_LANDSLIDE_0937,1,landslide,72_35,3,72.68381091767738,35.610340880909305,KP-AJK,conventional_alphaearth_embeddings,Conventional + AlphaEarth Embeddings,0.6576489089430869,0.3410028221468021,1
785,CPEC_LANDSLIDE_0154,1,landslide,74_36,2,74.76341079417503,36.30204555452194,Gilgit-Baltistan,conventional_alphaearth_embeddings,Conventional + AlphaEarth Embeddings,0.9728129140775661,0.30586012648229505,1
786,RMC_01_00372,0,non_landslide,74_36,2,74.10988804575538,36.07746470434514,raster-matched control,conventional_alphaearth_embeddings,Conventional + AlphaEarth Embeddings,0.08614184941242656,0.30586012648229505,0
787,CPEC_ROCKFALL_0049,1,rockfall,63_27,3,63.597353550735946,27.460374999010465,Balochistan,conventional_alphaearth_embeddings,Conventional + AlphaEarth Embeddings,0.5395963049505733,0.3410028221468021,1
788,RMC_01_00249,0,non_landslide,67_30,3,67.57239856557555,30.18002486410048,raster-matched control,conventional_alphaearth_embeddings,Conventional + AlphaEarth Embeddings,0.0990207927282333,0.3410028221468021,0
789,CPEC_ROCKFALL_0025,1,rockfall,67_28,4,67.43091407200022,28.11614377723338,Balochistan,conventional_alphaearth_embeddings,Conventional + AlphaEarth Embeddings,0.9776487553011746,0.42499994627304916,1
790,RMC_01_00242,0,non_landslide,66_27,1,66.72573641029291,27.5075368938449,raster-matched control,conventional_alphaearth_embeddings,Conventional + AlphaEarth Embeddings,0.1401319885850251,0.41913377540096863,0
791,CPEC_LANDSLIDE_0477,1,landslide,75_38,2,75.06884137993187,38.7454590268692,"Kashgar (Xinjiang, China)",conventional_alphaearth_embeddings,Conventional + AlphaEarth Embeddings,0.9855840541398865,0.30586012648229505,1
792,RMC_01_00084,0,non_landslide,71_33,3,71.94943978744793,33.719387083531394,raster-matched control,conventional_alphaearth_embeddings,Conventional + AlphaEarth Embeddings,0.3134876903227218,0.3410028221468021,0
793,RMC_01_01032,0,non_landslide,65_26,3,65.51301077673156,26.982022452634983,raster-matched control,conventional_alphaearth_embeddings,Conventional + AlphaEarth Embeddings,0.05651567664410346,0.3410028221468021,0
794,CPEC_LANDSLIDE_1009,1,landslide,74_35,5,74.68930053466677,35.55419633954536,Gilgit-Baltistan,conventional_alphaearth_embeddings,Conventional + AlphaEarth Embeddings,0.9503693881189493,0.3251687994310354,1
795,CPEC_ROCKFALL_0014,1,rockfall,75_37,5,75.91999458901361,37.82244294521011,"Kashgar (Xinjiang, China)",conventional_alphaearth_embeddings,Conventional + AlphaEarth Embeddings,0.9761621093520049,0.3251687994310354,1
796,CPEC_ROCKFALL_0351,1,rockfall,66_27,1,66.49666551478751,27.77703360121988,Balochistan,conventional_alphaearth_embeddings,Conventional + AlphaEarth Embeddings,0.9889444502455709,0.41913377540096863,1
797,CPEC_ROCKFALL_0380,1,rockfall,67_27,2,67.00196638706294,27.954447854833333,Balochistan,conventional_alphaearth_embeddings,Conventional + AlphaEarth Embeddings,0.9521805148143825,0.30586012648229505,1
798,RMC_01_00064,0,non_landslide,67_29,1,67.24900506329253,29.908284490654324,raster-matched control,conventional_alphaearth_embeddings,Conventional + AlphaEarth Embeddings,0.17339092161211875,0.41913377540096863,0
799,RMC_01_00499,0,non_landslide,74_36,2,74.4490020655105,36.26161933758964,raster-matched control,conventional_alphaearth_embeddings,Conventional + AlphaEarth Embeddings,0.33855196726179854,0.30586012648229505,1
800,CPEC_LANDSLIDE_0714,1,landslide,67_29,1,67.92723431475402,29.701670797908186,Balochistan,conventional_alphaearth_embeddings,Conventional + AlphaEarth Embeddings,0.8400158779008825,0.41913377540096863,1
801,RMC_01_00300,0,non_landslide,75_39,4,75.92673070788712,39.592123253462766,raster-matched control,conventional_alphaearth_embeddings,Conventional + AlphaEarth Embeddings,0.0763053408408097,0.42499994627304916,0
802,RMC_01_01149,0,non_landslide,73_35,4,73.62255200412054,35.540721322083726,raster-matched control,conventional_alphaearth_embeddings,Conventional + AlphaEarth Embeddings,0.42142987151529704,0.42499994627304916,0
803,RMC_01_00582,0,non_landslide,75_40,1,75.50003094793034,40.009839860578346,raster-matched control,conventional_alphaearth_embeddings,Conventional + AlphaEarth Embeddings,0.08800712584587475,0.41913377540096863,0
804,CPEC_ROCKFALL_0345,1,rockfall,66_27,1,66.35967301222354,27.73660739106933,Balochistan,conventional_alphaearth_embeddings,Conventional + AlphaEarth Embeddings,0.9749459166815798,0.41913377540096863,1
805,CPEC_LANDSLIDE_0299,1,landslide,73_35,4,73.20708196719819,35.345336505303024,KP-AJK,conventional_alphaearth_embeddings,Conventional + AlphaEarth Embeddings,0.9878364416425096,0.42499994627304916,1
806,RMC_01_00871,0,non_landslide,75_37,5,75.3720210199433,37.48108233578189,raster-matched control,conventional_alphaearth_embeddings,Conventional + AlphaEarth Embeddings,0.0917400653708412,0.3251687994310354,0
807,RMC_01_01304,0,non_landslide,74_35,5,74.6376482751756,35.61034075660299,raster-matched control,conventional_alphaearth_embeddings,Conventional + AlphaEarth Embeddings,0.14567141770785805,0.3251687994310354,0
808,CPEC_LANDSLIDE_0231,1,landslide,74_35,5,74.57925883886983,35.78775959362381,Gilgit-Baltistan,conventional_alphaearth_embeddings,Conventional + AlphaEarth Embeddings,0.9363216097197424,0.3251687994310354,1
809,CPEC_ROCKFALL_0399,1,rockfall,67_25,3,67.88680810460349,25.868110276643904,Punjab-Sindh lowland corridor,conventional_alphaearth_embeddings,Conventional + AlphaEarth Embeddings,0.34883894910406615,0.3410028221468021,1
810,RMC_01_00177,0,non_landslide,65_29,4,65.96665999521191,29.3895074140753,raster-matched control,conventional_alphaearth_embeddings,Conventional + AlphaEarth Embeddings,0.08780052859169112,0.42499994627304916,0
811,RMC_01_00468,0,non_landslide,74_36,2,74.81057396736861,36.5311139228255,raster-matched control,conventional_alphaearth_embeddings,Conventional + AlphaEarth Embeddings,0.3143402325207892,0.30586012648229505,1
812,RMC_01_00841,0,non_landslide,72_32,2,72.84101770693655,32.708782388896935,raster-matched control,conventional_alphaearth_embeddings,Conventional + AlphaEarth Embeddings,0.123596979440259,0.30586012648229505,0
813,CPEC_LANDSLIDE_0864,1,landslide,73_34,2,73.40021901112611,34.44926677130991,KP-AJK,conventional_alphaearth_embeddings,Conventional + AlphaEarth Embeddings,0.9654196759291521,0.30586012648229505,1
814,RMC_01_00098,0,non_landslide,66_28,3,66.82904266796666,28.46873424785279,raster-matched control,conventional_alphaearth_embeddings,Conventional + AlphaEarth Embeddings,0.04695700887796173,0.3410028221468021,0
815,RMC_01_01480,0,non_landslide,71_35,2,71.79223461272701,35.572162357027906,raster-matched control,conventional_alphaearth_embeddings,Conventional + AlphaEarth Embeddings,0.13357552707673173,0.30586012648229505,0
816,CPEC_ROCKFALL_0600,1,rockfall,66_29,5,66.90090977988869,29.96442778658354,Balochistan,conventional_alphaearth_embeddings,Conventional + AlphaEarth Embeddings,0.9755571131619015,0.3251687994310354,1
817,RMC_01_01501,0,non_landslide,74_35,5,74.52535886466066,35.47110188756446,raster-matched control,conventional_alphaearth_embeddings,Conventional + AlphaEarth Embeddings,0.05485645744027953,0.3251687994310354,0
818,RMC_01_01200,0,non_landslide,67_29,1,67.42642233190614,29.582645200161,raster-matched control,conventional_alphaearth_embeddings,Conventional + AlphaEarth Embeddings,0.13218286565753495,0.41913377540096863,0
819,RMC_01_00132,0,non_landslide,77_40,3,77.6492502651863,40.87446832154338,raster-matched control,conventional_alphaearth_embeddings,Conventional + AlphaEarth Embeddings,0.09989403154137223,0.3410028221468021,0
820,CPEC_ROCKFALL_0029,1,rockfall,67_28,4,67.40845803909507,28.09144035739729,Balochistan,conventional_alphaearth_embeddings,Conventional + AlphaEarth Embeddings,0.9651260771153983,0.42499994627304916,1
821,RMC_01_00791,0,non_landslide,66_25,2,66.86048370291084,25.05064459177801,raster-matched control,conventional_alphaearth_embeddings,Conventional + AlphaEarth Embeddings,0.23217485733390442,0.30586012648229505,0
822,CPEC_ROCKFALL_0927,1,rockfall,75_38,2,75.49329429100727,38.88694630329503,"Kashgar (Xinjiang, China)",conventional_alphaearth_embeddings,Conventional + AlphaEarth Embeddings,0.9707875828539859,0.30586012648229505,1
823,RMC_01_00156,0,non_landslide,75_35,1,75.92448491967681,35.17690363201532,raster-matched control,conventional_alphaearth_embeddings,Conventional + AlphaEarth Embeddings,0.12439779530720636,0.41913377540096863,0
824,RMC_01_00193,0,non_landslide,66_27,1,66.27433298002285,27.161685509458884,raster-matched control,conventional_alphaearth_embeddings,Conventional + AlphaEarth Embeddings,0.21729840264762237,0.41913377540096863,0
825,RMC_01_00566,0,non_landslide,75_38,2,75.08905170544566,38.7724105567037,raster-matched control,conventional_alphaearth_embeddings,Conventional + AlphaEarth Embeddings,0.08503187296482168,0.30586012648229505,0
826,RMC_01_00021,0,non_landslide,74_38,1,74.9969743888234,38.590501711669496,raster-matched control,conventional_alphaearth_embeddings,Conventional + AlphaEarth Embeddings,0.7946619788565041,0.41913377540096863,1
827,RMC_01_00836,0,non_landslide,71_34,5,71.99435555165391,34.752449660268844,raster-matched control,conventional_alphaearth_embeddings,Conventional + AlphaEarth Embeddings,0.10755189873869526,0.3251687994310354,0
828,RMC_01_00884,0,non_landslide,75_38,2,75.29117264437255,38.7836394977552,raster-matched control,conventional_alphaearth_embeddings,Conventional + AlphaEarth Embeddings,0.07830640269812862,0.30586012648229505,0
829,CPEC_LANDSLIDE_0756,1,landslide,72_32,2,72.59398232695571,32.634671270418536,Punjab-Sindh lowland corridor,conventional_alphaearth_embeddings,Conventional + AlphaEarth Embeddings,0.9691834116613075,0.30586012648229505,1
830,RMC_01_01245,0,non_landslide,66_29,5,66.82679687975636,29.91726764349552,raster-matched control,conventional_alphaearth_embeddings,Conventional + AlphaEarth Embeddings,0.10252461374356557,0.3251687994310354,0
831,RMC_01_00343,0,non_landslide,66_29,5,66.05199994720327,29.589382564791894,raster-matched control,conventional_alphaearth_embeddings,Conventional + AlphaEarth Embeddings,0.12808795881797894,0.3251687994310354,0
832,RMC_01_00757,0,non_landslide,74_36,2,74.81057396736861,36.53335971103579,raster-matched control,conventional_alphaearth_embeddings,Conventional + AlphaEarth Embeddings,0.19366667416450795,0.30586012648229505,0
833,RMC_01_00972,0,non_landslide,74_36,2,74.9969743888234,36.86573636616002,raster-matched control,conventional_alphaearth_embeddings,Conventional + AlphaEarth Embeddings,0.1696380526687612,0.30586012648229505,0
834,RMC_01_00640,0,non_landslide,74_35,5,74.6196819694932,35.55195026313522,raster-matched control,conventional_alphaearth_embeddings,Conventional + AlphaEarth Embeddings,0.028092311387751867,0.3251687994310354,0
835,RMC_01_01457,0,non_landslide,67_30,3,67.25125085150283,30.413586837971557,raster-matched control,conventional_alphaearth_embeddings,Conventional + AlphaEarth Embeddings,0.06119480627473534,0.3410028221468021,0
836,CPEC_LANDSLIDE_0537,1,landslide,75_38,2,75.3720201196567,38.81957374547852,"Kashgar (Xinjiang, China)",conventional_alphaearth_embeddings,Conventional + AlphaEarth Embeddings,0.363147405762129,0.30586012648229505,1
837,CPEC_ROCKFALL_0553,1,rockfall,67_29,1,67.69591844760652,29.59162910211125,Balochistan,conventional_alphaearth_embeddings,Conventional + AlphaEarth Embeddings,0.6854377941965427,0.41913377540096863,1
838,CPEC_ROCKFALL_0519,1,rockfall,67_29,1,67.88231778984266,29.681457692832915,Balochistan,conventional_alphaearth_embeddings,Conventional + AlphaEarth Embeddings,0.9707035889779584,0.41913377540096863,1
839,CPEC_LANDSLIDE_0427,1,landslide,75_38,2,75.01044945163699,38.556816756803165,"Kashgar (Xinjiang, China)",conventional_alphaearth_embeddings,Conventional + AlphaEarth Embeddings,0.9886269181113635,0.30586012648229505,1
840,CPEC_ROCKFALL_0926,1,rockfall,75_38,2,75.49104690407633,38.88694630329503,"Kashgar (Xinjiang, China)",conventional_alphaearth_embeddings,Conventional + AlphaEarth Embeddings,0.9794058558297041,0.30586012648229505,1
841,CPEC_ROCKFALL_0451,1,rockfall,69_28,1,69.17139931338332,28.83479925761304,Balochistan,conventional_alphaearth_embeddings,Conventional + AlphaEarth Embeddings,0.9485098936557118,0.41913377540096863,1
842,RMC_01_00294,0,non_landslide,69_32,4,69.92823039817901,32.12712324242954,raster-matched control,conventional_alphaearth_embeddings,Conventional + AlphaEarth Embeddings,0.09258212169990528,0.42499994627304916,0
843,RMC_01_00870,0,non_landslide,75_38,2,75.14519641070312,38.74546109818012,raster-matched control,conventional_alphaearth_embeddings,Conventional + AlphaEarth Embeddings,0.14835587879862278,0.30586012648229505,0
844,CPEC_LANDSLIDE_0030,1,landslide,75_38,2,75.9985951632827,38.44677060190517,"Kashgar (Xinjiang, China)",conventional_alphaearth_embeddings,Conventional + AlphaEarth Embeddings,0.9872956278585332,0.30586012648229505,1
845,RMC_01_00560,0,non_landslide,77_36,5,77.41119671489461,36.43679081799294,raster-matched control,conventional_alphaearth_embeddings,Conventional + AlphaEarth Embeddings,0.055070663872651346,0.3251687994310354,0
846,CPEC_LANDSLIDE_0689,1,landslide,66_27,1,66.46522439325966,27.565926380046587,Balochistan,conventional_alphaearth_embeddings,Conventional + AlphaEarth Embeddings,0.9789209649666131,0.41913377540096863,1
847,RMC_01_00143,0,non_landslide,67_30,3,67.6757048232493,30.123880158843008,raster-matched control,conventional_alphaearth_embeddings,Conventional + AlphaEarth Embeddings,0.18155643780255812,0.3410028221468021,0
848,RMC_01_01177,0,non_landslide,65_25,1,65.65674122219067,25.699677384554363,raster-matched control,conventional_alphaearth_embeddings,Conventional + AlphaEarth Embeddings,0.41917960412254934,0.41913377540096863,1
849,RMC_01_01219,0,non_landslide,70_29,4,70.01581613838066,29.647773058259663,raster-matched control,conventional_alphaearth_embeddings,Conventional + AlphaEarth Embeddings,0.07466479803648314,0.42499994627304916,0
850,RMC_01_00091,0,non_landslide,75_36,3,75.06659382334267,36.5311139228255,raster-matched control,conventional_alphaearth_embeddings,Conventional + AlphaEarth Embeddings,0.5521778399520432,0.3410028221468021,1
851,RMC_01_01004,0,non_landslide,69_31,2,69.99111246806737,31.388258921241235,raster-matched control,conventional_alphaearth_embeddings,Conventional + AlphaEarth Embeddings,0.1268163762144695,0.30586012648229505,0
852,RMC_01_01413,0,non_landslide,76_39,5,76.35792204426448,39.78975261596906,raster-matched control,conventional_alphaearth_embeddings,Conventional + AlphaEarth Embeddings,0.09310596906677927,0.3251687994310354,0
853,CPEC_ROCKFALL_0367,1,rockfall,66_27,1,66.90989040941034,27.8578815624199,Balochistan,conventional_alphaearth_embeddings,Conventional + AlphaEarth Embeddings,0.8597321122223608,0.41913377540096863,1
854,CPEC_LANDSLIDE_0559,1,landslide,75_38,2,75.42592173319076,38.81507897161664,"Kashgar (Xinjiang, China)",conventional_alphaearth_embeddings,Conventional + AlphaEarth Embeddings,0.9820734369672576,0.30586012648229505,1
855,CPEC_LANDSLIDE_0019,1,landslide,74_39,3,74.55006064517187,39.430425998790064,"Kashgar (Xinjiang, China)",conventional_alphaearth_embeddings,Conventional + AlphaEarth Embeddings,0.8140419178665603,0.3410028221468021,1
856,RMC_01_01146,0,non_landslide,73_35,4,73.38899003024946,35.51377186356014,raster-matched control,conventional_alphaearth_embeddings,Conventional + AlphaEarth Embeddings,0.20467750821044517,0.42499994627304916,0
857,CPEC_LANDSLIDE_0162,1,landslide,74_36,2,74.76790556803691,36.25937195744046,Gilgit-Baltistan,conventional_alphaearth_embeddings,Conventional + AlphaEarth Embeddings,0.37270112421159884,0.30586012648229505,1
858,RMC_01_01312,0,non_landslide,73_35,4,73.3171248075199,35.502542922508646,raster-matched control,conventional_alphaearth_embeddings,Conventional + AlphaEarth Embeddings,0.1058402634612995,0.42499994627304916,0
859,RMC_01_01300,0,non_landslide,74_35,5,74.11887119859657,35.538475533873424,raster-matched control,conventional_alphaearth_embeddings,Conventional + AlphaEarth Embeddings,0.13823705739478323,0.3251687994310354,0
860,RMC_01_01340,0,non_landslide,71_35,2,71.83715037693298,35.839411154053465,raster-matched control,conventional_alphaearth_embeddings,Conventional + AlphaEarth Embeddings,0.17332314668801777,0.30586012648229505,0
861,RMC_01_01217,0,non_landslide,70_31,3,70.44700747475802,31.237791111151218,raster-matched control,conventional_alphaearth_embeddings,Conventional + AlphaEarth Embeddings,0.06338895910821433,0.3410028221468021,0
862,CPEC_ROCKFALL_0526,1,rockfall,67_29,1,67.90926859660968,29.676967378072103,Balochistan,conventional_alphaearth_embeddings,Conventional + AlphaEarth Embeddings,0.9716283295763013,0.41913377540096863,1
863,CPEC_ROCKFALL_0590,1,rockfall,67_29,1,67.42866668506929,29.60510450549476,Balochistan,conventional_alphaearth_embeddings,Conventional + AlphaEarth Embeddings,0.9682151387278254,0.41913377540096863,1
864,RMC_01_00981,0,non_landslide,72_35,3,72.91737450608672,35.04215633939739,raster-matched control,conventional_alphaearth_embeddings,Conventional + AlphaEarth Embeddings,0.03597329671938085,0.3410028221468021,0
865,RMC_01_00182,0,non_landslide,66_26,4,66.28556192107435,26.99998875831737,raster-matched control,conventional_alphaearth_embeddings,Conventional + AlphaEarth Embeddings,0.055340640854194205,0.42499994627304916,0
866,CPEC_ROCKFALL_0920,1,rockfall,75_38,2,75.47981888762375,38.84427716531461,"Kashgar (Xinjiang, China)",conventional_alphaearth_embeddings,Conventional + AlphaEarth Embeddings,0.35894489637573196,0.30586012648229505,1
867,RMC_01_00638,0,non_landslide,75_38,2,75.46634412477586,38.81957210911997,raster-matched control,conventional_alphaearth_embeddings,Conventional + AlphaEarth Embeddings,0.311405327334477,0.30586012648229505,1
868,RMC_01_00953,0,non_landslide,75_36,3,75.25299424479746,36.82306639016434,raster-matched control,conventional_alphaearth_embeddings,Conventional + AlphaEarth Embeddings,0.09346161551675967,0.3410028221468021,0
869,RMC_01_01166,0,non_landslide,73_35,4,73.3126332310993,35.50478871071894,raster-matched control,conventional_alphaearth_embeddings,Conventional + AlphaEarth Embeddings,0.04983995688074131,0.42499994627304916,0
870,RMC_01_00537,0,non_landslide,74_38,1,74.97002493029981,38.36816867884992,raster-matched control,conventional_alphaearth_embeddings,Conventional + AlphaEarth Embeddings,0.10430169240240648,0.41913377540096863,0
871,CPEC_ROCKFALL_0950,1,rockfall,75_38,2,75.49778460576809,38.94758115941979,"Kashgar (Xinjiang, China)",conventional_alphaearth_embeddings,Conventional + AlphaEarth Embeddings,0.8821962726509773,0.30586012648229505,1
872,RMC_01_00609,0,non_landslide,75_38,2,75.38549574920509,38.799360015227286,raster-matched control,conventional_alphaearth_embeddings,Conventional + AlphaEarth Embeddings,0.09645758168059144,0.30586012648229505,0
873,CPEC_LANDSLIDE_0258,1,landslide,74_35,5,74.18624704932226,35.39699073190613,Gilgit-Baltistan,conventional_alphaearth_embeddings,Conventional + AlphaEarth Embeddings,0.8511266052999934,0.3251687994310354,1
874,CPEC_LANDSLIDE_1078,1,landslide,74_36,2,74.74095476126988,36.23466853760437,Gilgit-Baltistan,conventional_alphaearth_embeddings,Conventional + AlphaEarth Embeddings,0.09483618983976731,0.30586012648229505,0
875,RMC_01_00230,0,non_landslide,69_32,4,69.84738202260824,32.25064159399598,raster-matched control,conventional_alphaearth_embeddings,Conventional + AlphaEarth Embeddings,0.05864628085029579,0.42499994627304916,0
876,CPEC_LANDSLIDE_0142,1,landslide,74_36,2,74.90714099843076,36.47721688030551,Gilgit-Baltistan,conventional_alphaearth_embeddings,Conventional + AlphaEarth Embeddings,0.39304070324530815,0.30586012648229505,1
877,RMC_01_00152,0,non_landslide,73_38,5,73.91899604787997,38.842029991222965,raster-matched control,conventional_alphaearth_embeddings,Conventional + AlphaEarth Embeddings,0.9439918518877501,0.3251687994310354,1
878,RMC_01_01318,0,non_landslide,74_35,5,74.17726169206435,35.394745088414304,raster-matched control,conventional_alphaearth_embeddings,Conventional + AlphaEarth Embeddings,0.14170848598243746,0.3251687994310354,0
879,CPEC_LANDSLIDE_0059,1,landslide,75_36,3,75.3563017884433,36.81632705631902,Gilgit-Baltistan,conventional_alphaearth_embeddings,Conventional + AlphaEarth Embeddings,0.9770813721729582,0.3410028221468021,1
880,RMC_01_00963,0,non_landslide,75_36,3,75.16990008101641,36.85226163689823,raster-matched control,conventional_alphaearth_embeddings,Conventional + AlphaEarth Embeddings,0.2666249729003028,0.3410028221468021,0
881,CPEC_ROCKFALL_0915,1,rockfall,75_38,2,75.48206627455471,38.821816673308405,"Kashgar (Xinjiang, China)",conventional_alphaearth_embeddings,Conventional + AlphaEarth Embeddings,0.9626863956643746,0.30586012648229505,1
882,CPEC_ROCKFALL_0227,1,rockfall,65_26,3,65.692671758447,26.29256764682037,Balochistan,conventional_alphaearth_embeddings,Conventional + AlphaEarth Embeddings,0.9808992168145728,0.3410028221468021,1
883,CPEC_ROCKFALL_0534,1,rockfall,67_29,1,67.92273954089214,29.69044278145561,Balochistan,conventional_alphaearth_embeddings,Conventional + AlphaEarth Embeddings,0.9767698335243646,0.41913377540096863,1
884,RMC_01_01404,0,non_landslide,68_30,4,68.32473761602566,30.698801940679505,raster-matched control,conventional_alphaearth_embeddings,Conventional + AlphaEarth Embeddings,0.09397039845717974,0.42499994627304916,0
885,CPEC_LANDSLIDE_0029,1,landslide,76_38,3,76.00084255021365,38.451260916666,"Kashgar (Xinjiang, China)",conventional_alphaearth_embeddings,Conventional + AlphaEarth Embeddings,0.7568967232424441,0.3410028221468021,1
886,CPEC_LANDSLIDE_1061,1,landslide,74_36,2,74.81281763384722,36.304288482351815,Gilgit-Baltistan,conventional_alphaearth_embeddings,Conventional + AlphaEarth Embeddings,0.963022253492092,0.30586012648229505,1
887,CPEC_ROCKFALL_0050,1,rockfall,63_27,3,63.264976617313145,27.291941374918657,Balochistan,conventional_alphaearth_embeddings,Conventional + AlphaEarth Embeddings,0.24524737922689527,0.3410028221468021,0
888,RMC_01_00808,0,non_landslide,67_26,5,67.01768887763176,26.800113607600775,raster-matched control,conventional_alphaearth_embeddings,Conventional + AlphaEarth Embeddings,0.10813692492318391,0.3251687994310354,0
889,RMC_01_00540,0,non_landslide,74_35,5,74.06048070512881,35.149954173491736,raster-matched control,conventional_alphaearth_embeddings,Conventional + AlphaEarth Embeddings,0.12053364477110137,0.3251687994310354,0
890,CPEC_ROCKFALL_0225,1,rockfall,65_26,3,65.70390423400063,26.303795663272943,Balochistan,conventional_alphaearth_embeddings,Conventional + AlphaEarth Embeddings,0.978299239001067,0.3410028221468021,1
891,RMC_01_00319,0,non_landslide,65_25,1,65.41868767189901,25.58963376224973,raster-matched control,conventional_alphaearth_embeddings,Conventional + AlphaEarth Embeddings,0.1352297630471584,0.41913377540096863,0
892,CPEC_LANDSLIDE_0305,1,landslide,72_35,3,72.97351871311976,35.07584181493589,KP-AJK,conventional_alphaearth_embeddings,Conventional + AlphaEarth Embeddings,0.9818913071467218,0.3410028221468021,1
893,RMC_01_00003,0,non_landslide,74_39,3,74.4400189126693,39.60335219451426,raster-matched control,conventional_alphaearth_embeddings,Conventional + AlphaEarth Embeddings,0.1819650614438204,0.3410028221468021,0
894,CPEC_ROCKFALL_0271,1,rockfall,66_27,1,66.28556275271528,27.085328927607247,Balochistan,conventional_alphaearth_embeddings,Conventional + AlphaEarth Embeddings,0.9767784268998913,0.41913377540096863,1
895,RMC_01_00125,0,non_landslide,67_30,3,67.59036487125795,30.445027872915738,raster-matched control,conventional_alphaearth_embeddings,Conventional + AlphaEarth Embeddings,0.04765530938407735,0.3410028221468021,0
896,CPEC_LANDSLIDE_0707,1,landslide,66_25,2,66.85823618280722,25.07085868109621,Balochistan,conventional_alphaearth_embeddings,Conventional + AlphaEarth Embeddings,0.9218967318739945,0.30586012648229505,1
897,RMC_01_00331,0,non_landslide,67_29,1,67.54544910705198,29.61184044689488,raster-matched control,conventional_alphaearth_embeddings,Conventional + AlphaEarth Embeddings,0.1049754831955652,0.41913377540096863,0
898,CPEC_LANDSLIDE_0217,1,landslide,74_35,5,74.2042127674666,35.96742123416819,Gilgit-Baltistan,conventional_alphaearth_embeddings,Conventional + AlphaEarth Embeddings,0.953007574210478,0.3251687994310354,1
899,CPEC_ROCKFALL_0458,1,rockfall,69_28,1,69.1826273298359,28.863992992209944,Balochistan,conventional_alphaearth_embeddings,Conventional + AlphaEarth Embeddings,0.9819693862198853,0.41913377540096863,1
900,RMC_01_00025,0,non_landslide,74_38,1,74.97451650672042,38.64664641692697,raster-matched control,conventional_alphaearth_embeddings,Conventional + AlphaEarth Embeddings,0.1467798385927122,0.41913377540096863,0
901,CPEC_LANDSLIDE_0380,1,landslide,75_38,2,75.03740025840402,38.49842482850829,"Kashgar (Xinjiang, China)",conventional_alphaearth_embeddings,Conventional + AlphaEarth Embeddings,0.9919426447897084,0.30586012648229505,1
902,CPEC_LANDSLIDE_0229,1,landslide,74_35,5,74.50963889412238,35.85064183667951,Gilgit-Baltistan,conventional_alphaearth_embeddings,Conventional + AlphaEarth Embeddings,0.9815883639956079,0.3251687994310354,1
903,CPEC_LANDSLIDE_0196,1,landslide,74_36,2,74.2962887451192,36.19648971438476,Gilgit-Baltistan,conventional_alphaearth_embeddings,Conventional + AlphaEarth Embeddings,0.15438492687172042,0.30586012648229505,0
904,CPEC_ROCKFALL_0908,1,rockfall,75_38,2,75.4101989428763,38.81732635854758,"Kashgar (Xinjiang, China)",conventional_alphaearth_embeddings,Conventional + AlphaEarth Embeddings,0.9822952940041847,0.30586012648229505,1
905,RMC_01_00031,0,non_landslide,75_39,4,75.52248883003332,39.92899148500759,raster-matched control,conventional_alphaearth_embeddings,Conventional + AlphaEarth Embeddings,0.0804142461793523,0.42499994627304916,0
906,CPEC_ROCKFALL_0929,1,rockfall,75_38,2,75.49329429100727,38.889193690225966,"Kashgar (Xinjiang, China)",conventional_alphaearth_embeddings,Conventional + AlphaEarth Embeddings,0.9694865721074418,0.30586012648229505,1
907,CPEC_LANDSLIDE_0646,1,landslide,65_27,5,65.82966872011202,27.467112700702227,Balochistan,conventional_alphaearth_embeddings,Conventional + AlphaEarth Embeddings,0.9740384493736354,0.3251687994310354,1
908,RMC_01_00840,0,non_landslide,71_33,3,71.52498581570146,33.676717107535715,raster-matched control,conventional_alphaearth_embeddings,Conventional + AlphaEarth Embeddings,0.4163456917375118,0.3410028221468021,1
909,RMC_01_00453,0,non_landslide,74_36,2,74.87121024904667,36.58276705166237,raster-matched control,conventional_alphaearth_embeddings,Conventional + AlphaEarth Embeddings,0.08742292159778493,0.30586012648229505,0
910,RMC_01_00272,0,non_landslide,69_28,1,69.26572287614086,28.709033586354764,raster-matched control,conventional_alphaearth_embeddings,Conventional + AlphaEarth Embeddings,0.13911097046124196,0.41913377540096863,0
911,CPEC_ROCKFALL_0437,1,rockfall,70_29,4,70.03153761108777,29.544465190268944,Punjab-Sindh lowland corridor,conventional_alphaearth_embeddings,Conventional + AlphaEarth Embeddings,0.9758320334768787,0.42499994627304916,1
912,CPEC_ROCKFALL_0332,1,rockfall,66_25,2,66.86048356973815,25.07759192368692,Balochistan,conventional_alphaearth_embeddings,Conventional + AlphaEarth Embeddings,0.9790731302585122,0.30586012648229505,1
913,RMC_01_00527,0,non_landslide,73_35,4,73.90776710682849,35.53173816924253,raster-matched control,conventional_alphaearth_embeddings,Conventional + AlphaEarth Embeddings,0.13428196629341907,0.42499994627304916,0
914,RMC_01_00970,0,non_landslide,75_36,3,75.0261696355573,36.856753213318825,raster-matched control,conventional_alphaearth_embeddings,Conventional + AlphaEarth Embeddings,0.09135342971606614,0.3410028221468021,0
915,CPEC_ROCKFALL_0539,1,rockfall,67_29,1,67.92723431475402,29.697180483147367,Balochistan,conventional_alphaearth_embeddings,Conventional + AlphaEarth Embeddings,0.9410136082520398,0.41913377540096863,1
916,RMC_01_01421,0,non_landslide,66_27,1,66.13958568740492,27.56143581089207,raster-matched control,conventional_alphaearth_embeddings,Conventional + AlphaEarth Embeddings,0.6050080997860665,0.41913377540096863,1
917,RMC_01_00666,0,non_landslide,65_25,1,65.44114555400199,25.544717998043748,raster-matched control,conventional_alphaearth_embeddings,Conventional + AlphaEarth Embeddings,0.1962103775505409,0.41913377540096863,0
918,CPEC_LANDSLIDE_0953,1,landslide,75_35,1,75.32710359474535,35.59461809059485,Gilgit-Baltistan,conventional_alphaearth_embeddings,Conventional + AlphaEarth Embeddings,0.9776681916782847,0.41913377540096863,1
919,RMC_01_01066,0,non_landslide,67_29,1,67.47358388432241,29.899301337813128,raster-matched control,conventional_alphaearth_embeddings,Conventional + AlphaEarth Embeddings,0.20203254578074667,0.41913377540096863,0
920,RMC_01_00782,0,non_landslide,67_28,4,67.07383358288922,28.11614549883588,raster-matched control,conventional_alphaearth_embeddings,Conventional + AlphaEarth Embeddings,0.08853330005645008,0.42499994627304916,0
921,RMC_01_00166,0,non_landslide,66_27,1,66.9256115610095,27.860125642861817,raster-matched control,conventional_alphaearth_embeddings,Conventional + AlphaEarth Embeddings,0.7463875118933292,0.41913377540096863,1
922,RMC_01_00634,0,non_landslide,77_37,2,77.13047318860727,37.364301348846354,raster-matched control,conventional_alphaearth_embeddings,Conventional + AlphaEarth Embeddings,0.07632997903223646,0.30586012648229505,0
923,CPEC_LANDSLIDE_0048,1,landslide,74_35,5,74.79709930263384,35.711401947184605,Gilgit-Baltistan,conventional_alphaearth_embeddings,Conventional + AlphaEarth Embeddings,0.8882485882529951,0.3251687994310354,1
924,RMC_01_00851,0,non_landslide,74_35,5,74.8038366027377,35.22631097264189,raster-matched control,conventional_alphaearth_embeddings,Conventional + AlphaEarth Embeddings,0.33818009064139887,0.3251687994310354,1
925,RMC_01_00015,0,non_landslide,75_38,2,75.0149406945058,38.36367710242932,raster-matched control,conventional_alphaearth_embeddings,Conventional + AlphaEarth Embeddings,0.4130811631640078,0.30586012648229505,1
926,CPEC_ROCKFALL_0616,1,rockfall,67_30,3,67.20408851961353,30.274348687101185,Balochistan,conventional_alphaearth_embeddings,Conventional + AlphaEarth Embeddings,0.15919119070128204,0.3410028221468021,0
927,RMC_01_00457,0,non_landslide,76_36,4,76.98000537851725,36.95107631815137,raster-matched control,conventional_alphaearth_embeddings,Conventional + AlphaEarth Embeddings,0.12202725551596144,0.42499994627304916,0
928,RMC_01_00507,0,non_landslide,75_38,2,75.27096055047986,38.7836394977552,raster-matched control,conventional_alphaearth_embeddings,Conventional + AlphaEarth Embeddings,0.13908166673239145,0.30586012648229505,0
929,CPEC_LANDSLIDE_0340,1,landslide,75_37,5,75.2417653187845,37.86960239795135,"Kashgar (Xinjiang, China)",conventional_alphaearth_embeddings,Conventional + AlphaEarth Embeddings,0.9811566612016045,0.3251687994310354,1
930,RMC_01_00541,0,non_landslide,74_39,3,74.32997529036466,39.80771892165145,raster-matched control,conventional_alphaearth_embeddings,Conventional + AlphaEarth Embeddings,0.1698258792006879,0.3410028221468021,0
931,CPEC_LANDSLIDE_0551,1,landslide,75_38,2,75.38324813610927,38.81058865685582,"Kashgar (Xinjiang, China)",conventional_alphaearth_embeddings,Conventional + AlphaEarth Embeddings,0.9582255254625749,0.30586012648229505,1
932,CPEC_LANDSLIDE_0962,1,landslide,75_35,1,75.49778460576809,35.36779699730923,Gilgit-Baltistan,conventional_alphaearth_embeddings,Conventional + AlphaEarth Embeddings,0.15036311181963963,0.41913377540096863,0
933,CPEC_ROCKFALL_0476,1,rockfall,69_29,3,69.1444485066163,29.099799174118274,Balochistan,conventional_alphaearth_embeddings,Conventional + AlphaEarth Embeddings,0.9854459960916516,0.3410028221468021,1
934,CPEC_LANDSLIDE_0909,1,landslide,76_35,2,76.10190361648894,35.18813089766378,Gilgit-Baltistan,conventional_alphaearth_embeddings,Conventional + AlphaEarth Embeddings,0.9694275145190522,0.30586012648229505,1
935,CPEC_LANDSLIDE_0034,1,landslide,75_38,2,75.9065191856301,38.25363355797728,"Kashgar (Xinjiang, China)",conventional_alphaearth_embeddings,Conventional + AlphaEarth Embeddings,0.2469892992050399,0.30586012648229505,0
936,RMC_01_01504,0,non_landslide,75_37,5,75.1990953277503,37.89430736647687,raster-matched control,conventional_alphaearth_embeddings,Conventional + AlphaEarth Embeddings,0.12443115812546351,0.3251687994310354,0
937,CPEC_ROCKFALL_0502,1,rockfall,68_29,2,68.51338314822948,29.32887211343589,Balochistan,conventional_alphaearth_embeddings,Conventional + AlphaEarth Embeddings,0.9662392761241936,0.30586012648229505,1
938,CPEC_LANDSLIDE_0624,1,landslide,63_26,1,63.96566192044742,26.65862862960089,Balochistan,conventional_alphaearth_embeddings,Conventional + AlphaEarth Embeddings,0.9587478922957453,0.41913377540096863,1
939,RMC_01_01442,0,non_landslide,74_35,5,74.76116662674204,35.781020660585696,raster-matched control,conventional_alphaearth_embeddings,Conventional + AlphaEarth Embeddings,0.7008349312858991,0.3251687994310354,1
940,CPEC_LANDSLIDE_0488,1,landslide,75_38,2,75.09129741283702,38.75669150242281,"Kashgar (Xinjiang, China)",conventional_alphaearth_embeddings,Conventional + AlphaEarth Embeddings,0.9767670359126243,0.30586012648229505,1
941,CPEC_ROCKFALL_0292,1,rockfall,66_27,1,66.44950606204627,27.5412229602105,Balochistan,conventional_alphaearth_embeddings,Conventional + AlphaEarth Embeddings,0.9626859803664417,0.41913377540096863,1
942,RMC_01_00342,0,non_landslide,71_34,5,71.28468647719949,34.29880044178849,raster-matched control,conventional_alphaearth_embeddings,Conventional + AlphaEarth Embeddings,0.06145984820324105,0.3251687994310354,0
943,CPEC_LANDSLIDE_0050,1,landslide,74_35,5,74.73196967264718,35.79674022314545,Gilgit-Baltistan,conventional_alphaearth_embeddings,Conventional + AlphaEarth Embeddings,0.9328834448027499,0.3251687994310354,1
944,RMC_01_00865,0,non_landslide,75_40,1,75.47981885403765,40.01657722520924,raster-matched control,conventional_alphaearth_embeddings,Conventional + AlphaEarth Embeddings,0.07946724657310593,0.41913377540096863,0
945,CPEC_ROCKFALL_0857,1,rockfall,74_35,5,74.20645569529648,35.40372843359789,Gilgit-Baltistan,conventional_alphaearth_embeddings,Conventional + AlphaEarth Embeddings,0.9851127949653431,0.3251687994310354,1
946,RMC_01_00461,0,non_landslide,74_36,2,74.30976319647198,36.07521891613484,raster-matched control,conventional_alphaearth_embeddings,Conventional + AlphaEarth Embeddings,0.08363657567697498,0.30586012648229505,0
947,CPEC_LANDSLIDE_0330,1,landslide,75_37,5,75.45736285471861,37.1666741669872,"Kashgar (Xinjiang, China)",conventional_alphaearth_embeddings,Conventional + AlphaEarth Embeddings,0.9920667049429792,0.3251687994310354,1
948,RMC_01_00564,0,non_landslide,75_40,1,75.42591993699048,40.0817050833079,raster-matched control,conventional_alphaearth_embeddings,Conventional + AlphaEarth Embeddings,0.11266734141330813,0.41913377540096863,0
949,RMC_01_00489,0,non_landslide,74_36,2,74.49167204150618,36.23466987906605,raster-matched control,conventional_alphaearth_embeddings,Conventional + AlphaEarth Embeddings,0.22544746175822564,0.30586012648229505,0
950,RMC_01_01369,0,non_landslide,65_28,2,65.89928634890295,28.00610187653124,raster-matched control,conventional_alphaearth_embeddings,Conventional + AlphaEarth Embeddings,0.07056483958447526,0.30586012648229505,0
951,CPEC_ROCKFALL_0194,1,rockfall,63_26,1,63.12124641305742,26.124129563627505,Balochistan,conventional_alphaearth_embeddings,Conventional + AlphaEarth Embeddings,0.40921429720589664,0.41913377540096863,0
952,RMC_01_01371,0,non_landslide,74_35,5,74.633156698755,35.704663861435534,raster-matched control,conventional_alphaearth_embeddings,Conventional + AlphaEarth Embeddings,0.04297620778799716,0.3251687994310354,0
953,RMC_01_01202,0,non_landslide,63_26,1,63.489555599252334,26.14883502661413,raster-matched control,conventional_alphaearth_embeddings,Conventional + AlphaEarth Embeddings,0.1557616112692814,0.41913377540096863,0
954,CPEC_ROCKFALL_0048,1,rockfall,63_27,3,63.597353550735946,27.460374999010465,Balochistan,conventional_alphaearth_embeddings,Conventional + AlphaEarth Embeddings,0.5395963049505733,0.3410028221468021,1
955,RMC_01_01335,0,non_landslide,75_37,5,75.22829057448418,37.81795056732671,raster-matched control,conventional_alphaearth_embeddings,Conventional + AlphaEarth Embeddings,0.07828004844694365,0.3251687994310354,0
956,CPEC_LANDSLIDE_0307,1,landslide,72_35,3,72.98474672957234,35.10504000863387,KP-AJK,conventional_alphaearth_embeddings,Conventional + AlphaEarth Embeddings,0.6979368748575754,0.3410028221468021,1
957,CPEC_LANDSLIDE_0316,1,landslide,72_34,1,72.96453808359811,34.71876146167701,KP-AJK,conventional_alphaearth_embeddings,Conventional + AlphaEarth Embeddings,0.9790182880908583,0.41913377540096863,1
958,CPEC_ROCKFALL_0002,1,rockfall,75_38,2,75.17663568879786,38.74321609903931,"Kashgar (Xinjiang, China)",conventional_alphaearth_embeddings,Conventional + AlphaEarth Embeddings,0.9741239455928417,0.30586012648229505,1
959,CPEC_ROCKFALL_0851,1,rockfall,74_35,5,74.58374915363065,35.489066709558735,Gilgit-Baltistan,conventional_alphaearth_embeddings,Conventional + AlphaEarth Embeddings,0.9810571658666247,0.3251687994310354,1
960,CPEC_ROCKFALL_0368,1,rockfall,66_27,1,66.91213779634127,27.89156561177764,Balochistan,conventional_alphaearth_embeddings,Conventional + AlphaEarth Embeddings,0.9629769693278014,0.41913377540096863,1
961,RMC_01_00328,0,non_landslide,68_28,5,68.25736396971669,28.32724959060397,raster-matched control,conventional_alphaearth_embeddings,Conventional + AlphaEarth Embeddings,0.08220613205245844,0.3251687994310354,0
962,RMC_01_00340,0,non_landslide,68_30,4,68.87944730396947,30.355196344503785,raster-matched control,conventional_alphaearth_embeddings,Conventional + AlphaEarth Embeddings,0.303098272560092,0.42499994627304916,0
963,RMC_01_00740,0,non_landslide,72_36,5,72.80733088378207,36.57153811061088,raster-matched control,conventional_alphaearth_embeddings,Conventional + AlphaEarth Embeddings,0.9434211529638348,0.3251687994310354,1
964,CPEC_ROCKFALL_0638,1,rockfall,68_29,2,68.07320744683962,29.95319977013096,Balochistan,conventional_alphaearth_embeddings,Conventional + AlphaEarth Embeddings,0.9710355760617971,0.30586012648229505,1
965,CPEC_LANDSLIDE_0192,1,landslide,74_36,2,74.30976414850272,36.21445989163015,Gilgit-Baltistan,conventional_alphaearth_embeddings,Conventional + AlphaEarth Embeddings,0.9801887614605933,0.30586012648229505,1
966,RMC_01_00706,0,non_landslide,73_33,5,73.47657577045112,33.97316115129516,raster-matched control,conventional_alphaearth_embeddings,Conventional + AlphaEarth Embeddings,0.19579611813260966,0.3251687994310354,0
967,RMC_01_00798,0,non_landslide,67_28,4,67.11201198246431,28.924629254543447,raster-matched control,conventional_alphaearth_embeddings,Conventional + AlphaEarth Embeddings,0.8310679094268276,0.42499994627304916,1
968,RMC_01_00320,0,non_landslide,67_29,1,67.74532425776857,29.634298328997872,raster-matched control,conventional_alphaearth_embeddings,Conventional + AlphaEarth Embeddings,0.16237184030777932,0.41913377540096863,0
969,CPEC_LANDSLIDE_0695,1,landslide,66_27,1,66.55281005615144,27.61758060664971,Balochistan,conventional_alphaearth_embeddings,Conventional + AlphaEarth Embeddings,0.9763943027719665,0.41913377540096863,1
970,CPEC_LANDSLIDE_0776,1,landslide,72_34,1,72.0302895263854,34.53460950637181,KP-AJK,conventional_alphaearth_embeddings,Conventional + AlphaEarth Embeddings,0.9773618924023347,0.41913377540096863,1
971,CPEC_ROCKFALL_0465,1,rockfall,69_28,1,69.17364670031426,28.863992992209944,Balochistan,conventional_alphaearth_embeddings,Conventional + AlphaEarth Embeddings,0.9768752518330914,0.41913377540096863,1
972,RMC_01_01301,0,non_landslide,74_35,5,74.12560856322747,35.31614250105385,raster-matched control,conventional_alphaearth_embeddings,Conventional + AlphaEarth Embeddings,0.07067975574125265,0.3251687994310354,0
973,CPEC_ROCKFALL_0030,1,rockfall,67_28,4,67.41070096692495,28.08245972787565,Balochistan,conventional_alphaearth_embeddings,Conventional + AlphaEarth Embeddings,0.9741937969956412,0.42499994627304916,1
974,RMC_01_01102,0,non_landslide,68_30,4,68.01481884300442,30.653886176473527,raster-matched control,conventional_alphaearth_embeddings,Conventional + AlphaEarth Embeddings,0.08604823662321488,0.42499994627304916,0
975,RMC_01_00968,0,non_landslide,75_36,3,75.13621325786193,36.87471951900121,raster-matched control,conventional_alphaearth_embeddings,Conventional + AlphaEarth Embeddings,0.06008987814030658,0.3410028221468021,0
976,RMC_01_00127,0,non_landslide,76_35,2,76.54656825392958,35.15669153812263,raster-matched control,conventional_alphaearth_embeddings,Conventional + AlphaEarth Embeddings,0.6978300350751334,0.30586012648229505,1
977,RMC_01_00913,0,non_landslide,77_37,2,77.36628095068865,37.63604172229251,raster-matched control,conventional_alphaearth_embeddings,Conventional + AlphaEarth Embeddings,0.10286000914048395,0.30586012648229505,0
978,CPEC_ROCKFALL_0581,1,rockfall,67_29,1,67.21981130992799,29.459126914308104,Balochistan,conventional_alphaearth_embeddings,Conventional + AlphaEarth Embeddings,0.9732605428399065,0.41913377540096863,1
979,RMC_01_01008,0,non_landslide,74_35,5,74.6196819694932,35.7765290841651,raster-matched control,conventional_alphaearth_embeddings,Conventional + AlphaEarth Embeddings,0.08330880027246794,0.3251687994310354,0
980,RMC_01_01351,0,non_landslide,77_36,5,77.57064767782583,36.26161933758964,raster-matched control,conventional_alphaearth_embeddings,Conventional + AlphaEarth Embeddings,0.4873610444826161,0.3251687994310354,1
981,RMC_01_01272,0,non_landslide,77_37,2,77.08780321261159,37.514769158936375,raster-matched control,conventional_alphaearth_embeddings,Conventional + AlphaEarth Embeddings,0.1217584828390594,0.30586012648229505,0
982,CPEC_LANDSLIDE_0553,1,landslide,75_38,2,75.40346124118454,38.81732635854758,"Kashgar (Xinjiang, China)",conventional_alphaearth_embeddings,Conventional + AlphaEarth Embeddings,0.983908402873036,0.30586012648229505,1
983,RMC_01_01067,0,non_landslide,64_25,5,64.291301990329,25.888323594219464,raster-matched control,conventional_alphaearth_embeddings,Conventional + AlphaEarth Embeddings,0.3876141752559969,0.3251687994310354,1
984,RMC_01_01121,0,non_landslide,71_33,3,71.74058148389014,33.50828299176331,raster-matched control,conventional_alphaearth_embeddings,Conventional + AlphaEarth Embeddings,0.1826162292813314,0.3410028221468021,0
985,CPEC_ROCKFALL_0672,1,rockfall,70_29,4,70.00907711908155,29.955447157061897,Punjab-Sindh lowland corridor,conventional_alphaearth_embeddings,Conventional + AlphaEarth Embeddings,0.9851700399973693,0.42499994627304916,1
986,CPEC_LANDSLIDE_0735,1,landslide,70_31,3,70.02929022415682,31.439913111461408,KP-AJK,conventional_alphaearth_embeddings,Conventional + AlphaEarth Embeddings,0.9028751594696314,0.3410028221468021,1
987,CPEC_LANDSLIDE_1021,1,landslide,74_35,5,74.72747935788637,35.53623062140103,Gilgit-Baltistan,conventional_alphaearth_embeddings,Conventional + AlphaEarth Embeddings,0.9730443981945873,0.3251687994310354,1
988,RMC_01_00339,0,non_landslide,74_35,5,74.6511230044374,35.81470748374018,raster-matched control,conventional_alphaearth_embeddings,Conventional + AlphaEarth Embeddings,0.9566066089257886,0.3251687994310354,1
989,RMC_01_01356,0,non_landslide,67_27,2,67.16141932309088,27.444654823956537,raster-matched control,conventional_alphaearth_embeddings,Conventional + AlphaEarth Embeddings,0.18867114036853538,0.30586012648229505,0
990,CPEC_ROCKFALL_0580,1,rockfall,67_29,1,67.21981130992799,29.459126914308104,Balochistan,conventional_alphaearth_embeddings,Conventional + AlphaEarth Embeddings,0.9732605428399065,0.41913377540096863,1
991,CPEC_LANDSLIDE_0877,1,landslide,73_34,2,73.48331435925707,34.38189421349339,KP-AJK,conventional_alphaearth_embeddings,Conventional + AlphaEarth Embeddings,0.46963092259865263,0.30586012648229505,1
992,CPEC_LANDSLIDE_0493,1,landslide,75_38,2,75.10028250145972,38.74770641380013,"Kashgar (Xinjiang, China)",conventional_alphaearth_embeddings,Conventional + AlphaEarth Embeddings,0.9837487911631093,0.30586012648229505,1
993,RMC_01_00995,0,non_landslide,75_36,3,75.53596355929511,36.86124478973942,raster-matched control,conventional_alphaearth_embeddings,Conventional + AlphaEarth Embeddings,0.19724472145177427,0.3410028221468021,0
994,RMC_01_00172,0,non_landslide,65_29,4,65.96665999521191,29.3917532022856,raster-matched control,conventional_alphaearth_embeddings,Conventional + AlphaEarth Embeddings,0.08976471084381847,0.42499994627304916,0
995,CPEC_LANDSLIDE_0063,1,landslide,75_36,3,75.32261327998452,36.82082183018088,Gilgit-Baltistan,conventional_alphaearth_embeddings,Conventional + AlphaEarth Embeddings,0.9621779185140908,0.3410028221468021,1
996,CPEC_ROCKFALL_0879,1,rockfall,74_38,1,74.9385821199586,38.28282729257419,"Kashgar (Xinjiang, China)",conventional_alphaearth_embeddings,Conventional + AlphaEarth Embeddings,0.9793426341414136,0.41913377540096863,1
997,CPEC_LANDSLIDE_0741,1,landslide,69_30,5,69.16017129693074,30.44952001288476,Balochistan,conventional_alphaearth_embeddings,Conventional + AlphaEarth Embeddings,0.17525096377324112,0.3251687994310354,0
998,RMC_01_00711,0,non_landslide,73_33,5,73.47432998224082,33.959686422033364,raster-matched control,conventional_alphaearth_embeddings,Conventional + AlphaEarth Embeddings,0.08960097490776046,0.3251687994310354,0
999,CPEC_LANDSLIDE_0099,1,landslide,74_36,2,74.96104261196481,36.8118367415582,Gilgit-Baltistan,conventional_alphaearth_embeddings,Conventional + AlphaEarth Embeddings,0.9795673305671515,0.30586012648229505,1
1000,RMC_01_00183,0,non_landslide,66_27,1,66.28780770928465,27.067362404626337,raster-matched control,conventional_alphaearth_embeddings,Conventional + AlphaEarth Embeddings,0.10027032888071045,0.41913377540096863,0
1001,CPEC_LANDSLIDE_0312,1,landslide,72_35,3,72.90614615530323,35.042157765578175,KP-AJK,conventional_alphaearth_embeddings,Conventional + AlphaEarth Embeddings,0.9850413934489757,0.3410028221468021,1
1002,RMC_01_00409,0,non_landslide,75_36,3,75.04413594123969,36.87471951900121,raster-matched control,conventional_alphaearth_embeddings,Conventional + AlphaEarth Embeddings,0.08295734150407633,0.3410028221468021,0
1003,RMC_01_01452,0,non_landslide,67_29,1,67.17713984056297,29.91053027886462,raster-matched control,conventional_alphaearth_embeddings,Conventional + AlphaEarth Embeddings,0.36678224856153613,0.41913377540096863,0
1004,RMC_01_00714,0,non_landslide,73_33,5,73.46085525297903,33.997864821608445,raster-matched control,conventional_alphaearth_embeddings,Conventional + AlphaEarth Embeddings,0.8093668494642776,0.3251687994310354,1
1005,CPEC_ROCKFALL_0411,1,rockfall,67_26,5,67.15243429301042,26.867488463843248,Balochistan,conventional_alphaearth_embeddings,Conventional + AlphaEarth Embeddings,0.08025233713438291,0.3251687994310354,0
1006,CPEC_LANDSLIDE_0284,1,landslide,73_35,4,73.40021901112611,35.51377012939483,KP-AJK,conventional_alphaearth_embeddings,Conventional + AlphaEarth Embeddings,0.9609885023392666,0.42499994627304916,1
1007,CPEC_ROCKFALL_0272,1,rockfall,66_27,1,66.28331536578433,27.087576314538182,Balochistan,conventional_alphaearth_embeddings,Conventional + AlphaEarth Embeddings,0.9830989220059985,0.41913377540096863,1
1008,CPEC_ROCKFALL_0364,1,rockfall,66_27,1,66.90540009464952,27.846649086866268,Balochistan,conventional_alphaearth_embeddings,Conventional + AlphaEarth Embeddings,0.37510055093048894,0.41913377540096863,0
1009,RMC_01_00749,0,non_landslide,72_34,1,72.32673220677813,34.73448335458645,raster-matched control,conventional_alphaearth_embeddings,Conventional + AlphaEarth Embeddings,0.5061074008661983,0.41913377540096863,1
1010,CPEC_LANDSLIDE_0065,1,landslide,75_36,3,75.31138526353195,36.82306475801076,Gilgit-Baltistan,conventional_alphaearth_embeddings,Conventional + AlphaEarth Embeddings,0.9729269839946825,0.3410028221468021,1
1011,RMC_01_00831,0,non_landslide,65_26,3,65.93297317205743,26.337481236279224,raster-matched control,conventional_alphaearth_embeddings,Conventional + AlphaEarth Embeddings,0.21123720059350315,0.3410028221468021,0
1012,CPEC_LANDSLIDE_0001,1,landslide,73_35,4,73.18911624905387,35.311652455945286,KP-AJK,conventional_alphaearth_embeddings,Conventional + AlphaEarth Embeddings,0.9865443738147825,0.42499994627304916,1
1013,RMC_01_01372,0,non_landslide,69_31,2,69.3555544045528,31.4511409911296,raster-matched control,conventional_alphaearth_embeddings,Conventional + AlphaEarth Embeddings,0.08039133625001044,0.30586012648229505,0
1014,CPEC_LANDSLIDE_1054,1,landslide,73_34,2,73.36204018790649,34.54134720806356,KP-AJK,conventional_alphaearth_embeddings,Conventional + AlphaEarth Embeddings,0.9594497329578959,0.30586012648229505,1
1015,RMC_01_00727,0,non_landslide,73_36,1,73.77301981421056,36.31776404284711,raster-matched control,conventional_alphaearth_embeddings,Conventional + AlphaEarth Embeddings,0.5241944473462842,0.41913377540096863,1
1016,CPEC_LANDSLIDE_0664,1,landslide,63_26,1,63.12798411474918,26.13760496701101,Balochistan,conventional_alphaearth_embeddings,Conventional + AlphaEarth Embeddings,0.803966893011481,0.41913377540096863,1
1017,RMC_01_01275,0,non_landslide,73_35,4,73.28119219615512,35.48682240503655,raster-matched control,conventional_alphaearth_embeddings,Conventional + AlphaEarth Embeddings,0.2805429139270492,0.42499994627304916,0
1018,RMC_01_00522,0,non_landslide,74_36,2,74.29179689078958,36.17403359738799,raster-matched control,conventional_alphaearth_embeddings,Conventional + AlphaEarth Embeddings,0.10144031424817823,0.30586012648229505,0
1019,CPEC_ROCKFALL_0304,1,rockfall,66_27,1,66.5438294266298,27.640036639554857,Balochistan,conventional_alphaearth_embeddings,Conventional + AlphaEarth Embeddings,0.9857819834631655,0.41913377540096863,1
1020,CPEC_LANDSLIDE_0507,1,landslide,75_38,2,75.18337339048962,38.76567213194446,"Kashgar (Xinjiang, China)",conventional_alphaearth_embeddings,Conventional + AlphaEarth Embeddings,0.6369034337348036,0.30586012648229505,1
1021,CPEC_LANDSLIDE_0872,1,landslide,73_34,2,73.49005206094881,34.37066619704081,KP-AJK,conventional_alphaearth_embeddings,Conventional + AlphaEarth Embeddings,0.3624931918162733,0.30586012648229505,1
1022,CPEC_LANDSLIDE_0528,1,landslide,75_38,2,75.32261327998452,38.79936064040324,"Kashgar (Xinjiang, China)",conventional_alphaearth_embeddings,Conventional + AlphaEarth Embeddings,0.12386654071151573,0.30586012648229505,0
1023,CPEC_ROCKFALL_0077,1,rockfall,63_26,1,63.95668129092578,26.07697011088626,Balochistan,conventional_alphaearth_embeddings,Conventional + AlphaEarth Embeddings,0.9844155418182841,0.41913377540096863,1
1024,RMC_01_00599,0,non_landslide,75_39,4,75.52698040645393,39.96492409637237,raster-matched control,conventional_alphaearth_embeddings,Conventional + AlphaEarth Embeddings,0.09335833040178218,0.42499994627304916,0
1025,RMC_01_00270,0,non_landslide,67_26,5,67.58811908304764,26.11065662703905,raster-matched control,conventional_alphaearth_embeddings,Conventional + AlphaEarth Embeddings,0.14080428474048376,0.3251687994310354,0
1026,RMC_01_00472,0,non_landslide,74_36,2,74.75667505032143,36.29979773716472,raster-matched control,conventional_alphaearth_embeddings,Conventional + AlphaEarth Embeddings,0.2228224906157204,0.30586012648229505,0
1027,CPEC_ROCKFALL_0394,1,rockfall,66_25,2,66.91438072417115,25.147211868434365,Balochistan,conventional_alphaearth_embeddings,Conventional + AlphaEarth Embeddings,0.9786704714969193,0.30586012648229505,1
1028,RMC_01_00028,0,non_landslide,75_38,2,75.00146596524401,38.58151855882831,raster-matched control,conventional_alphaearth_embeddings,Conventional + AlphaEarth Embeddings,0.1424448537161733,0.30586012648229505,0
1029,CPEC_LANDSLIDE_0242,1,landslide,74_35,5,74.60845257346674,35.74733338347327,Gilgit-Baltistan,conventional_alphaearth_embeddings,Conventional + AlphaEarth Embeddings,0.9784743421514863,0.3251687994310354,1
1030,RMC_01_01296,0,non_landslide,74_35,5,74.14806644533046,35.33410880673623,raster-matched control,conventional_alphaearth_embeddings,Conventional + AlphaEarth Embeddings,0.22780291288796498,0.3251687994310354,0
1031,RMC_01_01328,0,non_landslide,74_38,1,74.96553335387922,38.65338378155786,raster-matched control,conventional_alphaearth_embeddings,Conventional + AlphaEarth Embeddings,0.08596665374027827,0.41913377540096863,0
1032,CPEC_LANDSLIDE_0336,1,landslide,75_37,5,75.32036589305359,37.72587219369564,"Kashgar (Xinjiang, China)",conventional_alphaearth_embeddings,Conventional + AlphaEarth Embeddings,0.3162659995720337,0.3251687994310354,0
1033,CPEC_LANDSLIDE_0600,1,landslide,64_28,1,64.94482700257149,28.879711323423347,Balochistan,conventional_alphaearth_embeddings,Conventional + AlphaEarth Embeddings,0.9807584284992711,0.41913377540096863,1
1034,RMC_01_00892,0,non_landslide,77_37,2,77.15742264713086,37.37777607810815,raster-matched control,conventional_alphaearth_embeddings,Conventional + AlphaEarth Embeddings,0.1150325553862751,0.30586012648229505,0
1035,CPEC_ROCKFALL_0222,1,rockfall,65_26,3,65.70390423400063,26.30828597803377,Balochistan,conventional_alphaearth_embeddings,Conventional + AlphaEarth Embeddings,0.9847596108969798,0.3410028221468021,1
1036,RMC_01_01138,0,non_landslide,73_35,4,73.41593948877305,35.51601765177044,raster-matched control,conventional_alphaearth_embeddings,Conventional + AlphaEarth Embeddings,0.07069672170828023,0.42499994627304916,0
1037,RMC_01_01432,0,non_landslide,63_26,1,63.96341691162538,26.813588336862573,raster-matched control,conventional_alphaearth_embeddings,Conventional + AlphaEarth Embeddings,0.20738672362562774,0.41913377540096863,0
1038,RMC_01_00883,0,non_landslide,75_38,2,75.47308148940675,38.81957210911997,raster-matched control,conventional_alphaearth_embeddings,Conventional + AlphaEarth Embeddings,0.2405744053252514,0.30586012648229505,0
1039,CPEC_ROCKFALL_0398,1,rockfall,67_25,3,67.88680810460349,25.86361996188309,Punjab-Sindh lowland corridor,conventional_alphaearth_embeddings,Conventional + AlphaEarth Embeddings,0.979197916562477,0.3410028221468021,1
1040,RMC_01_00738,0,non_landslide,76_34,5,76.17825898744057,34.98376584592962,raster-matched control,conventional_alphaearth_embeddings,Conventional + AlphaEarth Embeddings,0.5143332901485315,0.3251687994310354,1
1041,CPEC_ROCKFALL_0671,1,rockfall,70_29,4,70.00458680432074,29.94421914060932,Punjab-Sindh lowland corridor,conventional_alphaearth_embeddings,Conventional + AlphaEarth Embeddings,0.06101485204257843,0.42499994627304916,0
1042,CPEC_ROCKFALL_0349,1,rockfall,66_27,1,66.49441812785658,27.77703360121988,Balochistan,conventional_alphaearth_embeddings,Conventional + AlphaEarth Embeddings,0.9822116628019004,0.41913377540096863,1
1043,CPEC_ROCKFALL_0324,1,rockfall,66_25,2,66.85149848111547,25.0573832777127,Balochistan,conventional_alphaearth_embeddings,Conventional + AlphaEarth Embeddings,0.9791874936365212,0.30586012648229505,1
1044,CPEC_LANDSLIDE_0852,1,landslide,73_34,2,73.44288814910652,34.39761700380784,KP-AJK,conventional_alphaearth_embeddings,Conventional + AlphaEarth Embeddings,0.9720741457433347,0.30586012648229505,1
1045,CPEC_LANDSLIDE_0896,1,landslide,76_35,2,76.08618082617448,35.181393195972014,Gilgit-Baltistan,conventional_alphaearth_embeddings,Conventional + AlphaEarth Embeddings,0.9845346230639781,0.30586012648229505,1
1046,CPEC_ROCKFALL_0962,1,rockfall,75_38,2,75.48206627455471,38.97902228094764,"Kashgar (Xinjiang, China)",conventional_alphaearth_embeddings,Conventional + AlphaEarth Embeddings,0.12408026129976896,0.30586012648229505,0
1047,CPEC_LANDSLIDE_0638,1,landslide,64_26,2,64.01506876011959,26.050019304119232,Balochistan,conventional_alphaearth_embeddings,Conventional + AlphaEarth Embeddings,0.18677345961709776,0.30586012648229505,0
1048,CPEC_ROCKFALL_0666,1,rockfall,69_30,5,69.15568098216993,30.442782311193,Balochistan,conventional_alphaearth_embeddings,Conventional + AlphaEarth Embeddings,0.96650991087051,0.3251687994310354,1
1049,CPEC_ROCKFALL_0670,1,rockfall,69_30,5,69.8563662853042,30.31477043815067,Balochistan,conventional_alphaearth_embeddings,Conventional + AlphaEarth Embeddings,0.9254200928438171,0.3251687994310354,1
1050,CPEC_LANDSLIDE_0225,1,landslide,74_35,5,74.4894257890471,35.91352407973519,Gilgit-Baltistan,conventional_alphaearth_embeddings,Conventional + AlphaEarth Embeddings,0.3025885982195961,0.3251687994310354,0
1051,CPEC_ROCKFALL_0604,1,rockfall,66_29,5,66.95031661956088,29.843158074334024,Balochistan,conventional_alphaearth_embeddings,Conventional + AlphaEarth Embeddings,0.9772035561880846,0.3251687994310354,1
1052,RMC_01_00290,0,non_landslide,65_26,3,65.4433913422123,26.869733042120043,raster-matched control,conventional_alphaearth_embeddings,Conventional + AlphaEarth Embeddings,0.09807696926684308,0.3410028221468021,0
1053,RMC_01_00382,0,non_landslide,73_35,4,73.80895242557534,35.35656668883922,raster-matched control,conventional_alphaearth_embeddings,Conventional + AlphaEarth Embeddings,0.583472565629707,0.42499994627304916,1
1054,CPEC_LANDSLIDE_0961,1,landslide,75_35,1,75.47083379900107,35.410466135289646,Gilgit-Baltistan,conventional_alphaearth_embeddings,Conventional + AlphaEarth Embeddings,0.8741363546355905,0.41913377540096863,1
1055,RMC_01_00800,0,non_landslide,67_29,1,67.46684651969152,29.286201156401557,raster-matched control,conventional_alphaearth_embeddings,Conventional + AlphaEarth Embeddings,0.802027031537803,0.41913377540096863,1
1056,CPEC_ROCKFALL_0115,1,rockfall,65_27,5,65.8700904711615,27.482831031915623,Balochistan,conventional_alphaearth_embeddings,Conventional + AlphaEarth Embeddings,0.9677751123061906,0.3251687994310354,1
1057,CPEC_LANDSLIDE_0113,1,landslide,74_36,2,74.83976844061424,36.80285611203655,Gilgit-Baltistan,conventional_alphaearth_embeddings,Conventional + AlphaEarth Embeddings,0.11250982648251417,0.30586012648229505,0
1058,CPEC_LANDSLIDE_0774,1,landslide,72_33,4,72.91512678482488,33.83616713106742,KP-AJK,conventional_alphaearth_embeddings,Conventional + AlphaEarth Embeddings,0.9140304110907616,0.42499994627304916,1
1059,CPEC_ROCKFALL_0213,1,rockfall,65_26,3,65.67021572554187,26.270107154814166,Balochistan,conventional_alphaearth_embeddings,Conventional + AlphaEarth Embeddings,0.9869142808383925,0.3410028221468021,1
1060,CPEC_LANDSLIDE_0972,1,landslide,75_35,1,75.800967804594,35.33635587578137,Gilgit-Baltistan,conventional_alphaearth_embeddings,Conventional + AlphaEarth Embeddings,0.4601327151702436,0.41913377540096863,1
1061,RMC_01_00351,0,non_landslide,63_26,1,63.83765277184865,26.02531667504769,raster-matched control,conventional_alphaearth_embeddings,Conventional + AlphaEarth Embeddings,0.10757683376515562,0.41913377540096863,0
1062,CPEC_LANDSLIDE_0130,1,landslide,74_36,2,74.82180272246991,36.585011189171496,Gilgit-Baltistan,conventional_alphaearth_embeddings,Conventional + AlphaEarth Embeddings,0.8373202078990253,0.30586012648229505,1
1063,CPEC_LANDSLIDE_0181,1,landslide,74_36,2,74.4355286346141,36.25937195744046,Gilgit-Baltistan,conventional_alphaearth_embeddings,Conventional + AlphaEarth Embeddings,0.08849626887237803,0.30586012648229505,0
1064,CPEC_ROCKFALL_0910,1,rockfall,75_38,2,75.41693664456807,38.817326358547575,"Kashgar (Xinjiang, China)",conventional_alphaearth_embeddings,Conventional + AlphaEarth Embeddings,0.9860016938288849,0.30586012648229505,1
1065,RMC_01_00760,0,non_landslide,74_36,2,74.77239556779352,36.32225561926771,raster-matched control,conventional_alphaearth_embeddings,Conventional + AlphaEarth Embeddings,0.10150880185326025,0.30586012648229505,0
1066,RMC_01_00141,0,non_landslide,75_35,1,75.78973762705888,35.67996019112225,raster-matched control,conventional_alphaearth_embeddings,Conventional + AlphaEarth Embeddings,0.07653249464871861,0.41913377540096863,0
1067,RMC_01_01151,0,non_landslide,73_35,4,73.44738052371723,35.538475533873424,raster-matched control,conventional_alphaearth_embeddings,Conventional + AlphaEarth Embeddings,0.42274124557946785,0.42499994627304916,0
1068,CPEC_LANDSLIDE_1022,1,landslide,74_35,5,74.7297267448173,35.53623062140103,Gilgit-Baltistan,conventional_alphaearth_embeddings,Conventional + AlphaEarth Embeddings,0.9795108031986547,0.3251687994310354,1
1069,CPEC_ROCKFALL_0528,1,rockfall,67_29,1,67.90702120967875,29.68370507976385,Balochistan,conventional_alphaearth_embeddings,Conventional + AlphaEarth Embeddings,0.9651732642894216,0.41913377540096863,1
1070,CPEC_ROCKFALL_0628,1,rockfall,67_30,3,67.19959820485273,30.27883900186201,Balochistan,conventional_alphaearth_embeddings,Conventional + AlphaEarth Embeddings,0.8971107816119243,0.3410028221468021,1
1071,CPEC_ROCKFALL_0643,1,rockfall,67_30,3,67.22654901161974,30.46748573102908,Balochistan,conventional_alphaearth_embeddings,Conventional + AlphaEarth Embeddings,0.9144363859907446,0.3410028221468021,1
1072,CPEC_ROCKFALL_0504,1,rockfall,68_29,2,68.5111402203996,29.33111504126578,Balochistan,conventional_alphaearth_embeddings,Conventional + AlphaEarth Embeddings,0.9707883634636282,0.30586012648229505,1
1073,RMC_01_00462,0,non_landslide,74_36,2,74.90489707220115,36.51539340535341,raster-matched control,conventional_alphaearth_embeddings,Conventional + AlphaEarth Embeddings,0.07562395128011527,0.30586012648229505,0
1074,CPEC_ROCKFALL_0924,1,rockfall,75_38,2,75.49104690407633,38.88694630329503,"Kashgar (Xinjiang, China)",conventional_alphaearth_embeddings,Conventional + AlphaEarth Embeddings,0.9794058558297041,0.30586012648229505,1
1075,CPEC_LANDSLIDE_0141,1,landslide,74_36,2,74.91387870012251,36.470479178613736,Gilgit-Baltistan,conventional_alphaearth_embeddings,Conventional + AlphaEarth Embeddings,0.9796707719760543,0.30586012648229505,1
1076,RMC_01_00451,0,non_landslide,74_36,2,74.8330318494716,36.56704653419028,raster-matched control,conventional_alphaearth_embeddings,Conventional + AlphaEarth Embeddings,0.08452230840609819,0.30586012648229505,0
1077,RMC_01_00689,0,non_landslide,73_34,2,73.38225266561857,34.148332631698466,raster-matched control,conventional_alphaearth_embeddings,Conventional + AlphaEarth Embeddings,0.3672452217686762,0.30586012648229505,1
1078,RMC_01_01175,0,non_landslide,70_32,5,70.1146308196338,32.12712324242954,raster-matched control,conventional_alphaearth_embeddings,Conventional + AlphaEarth Embeddings,0.10096252269490583,0.3251687994310354,0
1079,CPEC_LANDSLIDE_1077,1,landslide,74_36,2,74.80158961739464,36.191999399623946,Gilgit-Baltistan,conventional_alphaearth_embeddings,Conventional + AlphaEarth Embeddings,0.9261879153088992,0.30586012648229505,1
1080,RMC_01_00790,0,non_landslide,65_26,3,65.27944880286049,26.602484245094484,raster-matched control,conventional_alphaearth_embeddings,Conventional + AlphaEarth Embeddings,0.06436197968237246,0.3410028221468021,0
1081,RMC_01_01130,0,non_landslide,73_35,4,73.21606433805646,35.298176195371454,raster-matched control,conventional_alphaearth_embeddings,Conventional + AlphaEarth Embeddings,0.0681371103433414,0.42499994627304916,0
1082,RMC_01_00734,0,non_landslide,71_35,2,71.89104929398016,35.956192140989,raster-matched control,conventional_alphaearth_embeddings,Conventional + AlphaEarth Embeddings,0.08098076929106557,0.30586012648229505,0
1083,RMC_01_00912,0,non_landslide,77_37,2,77.22255050522952,37.42718341873472,raster-matched control,conventional_alphaearth_embeddings,Conventional + AlphaEarth Embeddings,0.12093843890948835,0.30586012648229505,0
1084,CPEC_LANDSLIDE_0193,1,landslide,74_36,2,74.3209921649553,36.20098448824663,Gilgit-Baltistan,conventional_alphaearth_embeddings,Conventional + AlphaEarth Embeddings,0.05686197652444457,0.30586012648229505,0
1085,CPEC_LANDSLIDE_0355,1,landslide,75_37,5,75.32261327998452,37.87858748657405,"Kashgar (Xinjiang, China)",conventional_alphaearth_embeddings,Conventional + AlphaEarth Embeddings,0.9345773444392785,0.3251687994310354,1
1086,RMC_01_00235,0,non_landslide,69_32,4,69.84289044618765,32.23267528831359,raster-matched control,conventional_alphaearth_embeddings,Conventional + AlphaEarth Embeddings,0.07040695747388175,0.42499994627304916,0
1087,CPEC_ROCKFALL_0704,1,rockfall,72_32,2,72.60521034340829,32.666112391946385,Punjab-Sindh lowland corridor,conventional_alphaearth_embeddings,Conventional + AlphaEarth Embeddings,0.9730182489696853,0.30586012648229505,1
1088,RMC_01_01171,0,non_landslide,73_35,4,73.1419533271166,35.23080254906249,raster-matched control,conventional_alphaearth_embeddings,Conventional + AlphaEarth Embeddings,0.0824901041170451,0.42499994627304916,0
1089,CPEC_LANDSLIDE_0763,1,landslide,72_34,1,72.79610000040525,34.01807615854274,KP-AJK,conventional_alphaearth_embeddings,Conventional + AlphaEarth Embeddings,0.9753698382404611,0.41913377540096863,1
1090,CPEC_LANDSLIDE_0696,1,landslide,66_27,1,66.55505744308238,27.613090291888884,Balochistan,conventional_alphaearth_embeddings,Conventional + AlphaEarth Embeddings,0.9856880340877323,0.41913377540096863,1
1091,RMC_01_00185,0,non_landslide,66_26,4,66.29454507391554,26.986514029055577,raster-matched control,conventional_alphaearth_embeddings,Conventional + AlphaEarth Embeddings,0.046312648199984915,0.42499994627304916,0
1092,CPEC_LANDSLIDE_0329,1,landslide,75_37,5,75.46410055641036,37.15544169143357,"Kashgar (Xinjiang, China)",conventional_alphaearth_embeddings,Conventional + AlphaEarth Embeddings,0.9866837104537999,0.3251687994310354,1
1093,CPEC_LANDSLIDE_0021,1,landslide,74_39,3,74.45124696582751,39.37203407049518,"Kashgar (Xinjiang, China)",conventional_alphaearth_embeddings,Conventional + AlphaEarth Embeddings,0.9245407619383967,0.3410028221468021,1
1094,RMC_01_01182,0,non_landslide,70_30,1,70.45599062759922,30.66511511752502,raster-matched control,conventional_alphaearth_embeddings,Conventional + AlphaEarth Embeddings,0.12675874013714875,0.41913377540096863,0
1095,RMC_01_00133,0,non_landslide,76_35,2,76.5038982779339,35.2083446669595,raster-matched control,conventional_alphaearth_embeddings,Conventional + AlphaEarth Embeddings,0.5985397106666211,0.30586012648229505,1
1096,RMC_01_00318,0,non_landslide,65_26,3,65.68593646892457,26.60697582151508,raster-matched control,conventional_alphaearth_embeddings,Conventional + AlphaEarth Embeddings,0.15010505278827027,0.3410028221468021,0
1097,CPEC_LANDSLIDE_0904,1,landslide,76_35,2,76.09740884262706,35.1858879698339,Gilgit-Baltistan,conventional_alphaearth_embeddings,Conventional + AlphaEarth Embeddings,0.8303152558441055,0.30586012648229505,1
1098,CPEC_ROCKFALL_0684,1,rockfall,70_32,5,70.08094445075994,32.37865198343494,KP-AJK,conventional_alphaearth_embeddings,Conventional + AlphaEarth Embeddings,0.8850172538074089,0.3251687994310354,1
1099,CPEC_ROCKFALL_0614,1,rockfall,67_30,3,67.20184559178365,30.276591614931068,Balochistan,conventional_alphaearth_embeddings,Conventional + AlphaEarth Embeddings,0.967388083259451,0.3410028221468021,1
1100,CPEC_LANDSLIDE_1082,1,landslide,74_36,2,74.84425875537507,36.223440521151794,Gilgit-Baltistan,conventional_alphaearth_embeddings,Conventional + AlphaEarth Embeddings,0.975135675343896,0.30586012648229505,1
1101,RMC_01_01270,0,non_landslide,74_39,3,74.74095453284934,39.65949689977173,raster-matched control,conventional_alphaearth_embeddings,Conventional + AlphaEarth Embeddings,0.15342558029157957,0.3410028221468021,0
1102,CPEC_ROCKFALL_0432,1,rockfall,70_29,4,70.02929022415682,29.53548456074731,Punjab-Sindh lowland corridor,conventional_alphaearth_embeddings,Conventional + AlphaEarth Embeddings,0.7974694682766317,0.42499994627304916,1
1103,RMC_01_00927,0,non_landslide,66_28,3,66.11712780530193,28.331741167024564,raster-matched control,conventional_alphaearth_embeddings,Conventional + AlphaEarth Embeddings,0.06201294654055622,0.3410028221468021,0
1104,CPEC_LANDSLIDE_0970,1,landslide,75_35,1,75.79872041766305,35.3318611019195,Gilgit-Baltistan,conventional_alphaearth_embeddings,Conventional + AlphaEarth Embeddings,0.9726765632109152,0.41913377540096863,1
1105,CPEC_LANDSLIDE_0126,1,landslide,74_36,2,74.85324384399776,36.60522429424677,Gilgit-Baltistan,conventional_alphaearth_embeddings,Conventional + AlphaEarth Embeddings,0.7527292249197076,0.30586012648229505,1
1106,RMC_01_00550,0,non_landslide,74_35,5,74.00882757629194,35.12300471496815,raster-matched control,conventional_alphaearth_embeddings,Conventional + AlphaEarth Embeddings,0.050174200134556736,0.3251687994310354,0
1107,CPEC_ROCKFALL_0833,1,rockfall,74_35,5,74.7544301646534,35.507032427703066,Gilgit-Baltistan,conventional_alphaearth_embeddings,Conventional + AlphaEarth Embeddings,0.9692176355788712,0.3251687994310354,1
1108,CPEC_LANDSLIDE_0499,1,landslide,75_38,2,75.14968934113189,38.75219672856095,"Kashgar (Xinjiang, China)",conventional_alphaearth_embeddings,Conventional + AlphaEarth Embeddings,0.7795507215583994,0.30586012648229505,1
1109,RMC_01_01220,0,non_landslide,70_32,5,70.06971505542784,32.102419572116254,raster-matched control,conventional_alphaearth_embeddings,Conventional + AlphaEarth Embeddings,0.098311929997848,0.3251687994310354,0
1110,RMC_01_00036,0,non_landslide,76_36,4,76.15355531712729,36.64340333334044,raster-matched control,conventional_alphaearth_embeddings,Conventional + AlphaEarth Embeddings,0.12013619862119072,0.42499994627304916,0
1111,RMC_01_01042,0,non_landslide,69_26,2,69.04338984332128,26.636171068248967,raster-matched control,conventional_alphaearth_embeddings,Conventional + AlphaEarth Embeddings,0.1282038352727937,0.30586012648229505,0
1112,CPEC_LANDSLIDE_0174,1,landslide,74_36,2,74.49616349073887,36.24814394098788,Gilgit-Baltistan,conventional_alphaearth_embeddings,Conventional + AlphaEarth Embeddings,0.7680140373825259,0.30586012648229505,1
1113,RMC_01_01331,0,non_landslide,75_37,5,75.26422318584896,37.91676524857986,raster-matched control,conventional_alphaearth_embeddings,Conventional + AlphaEarth Embeddings,0.19726280251201123,0.3251687994310354,0
1114,RMC_01_01368,0,non_landslide,67_29,1,67.08057094752012,29.908284490654324,raster-matched control,conventional_alphaearth_embeddings,Conventional + AlphaEarth Embeddings,0.26362673007001186,0.41913377540096863,0
1115,CPEC_LANDSLIDE_0571,1,landslide,75_39,4,75.58986058342069,39.03965713707239,"Kashgar (Xinjiang, China)",conventional_alphaearth_embeddings,Conventional + AlphaEarth Embeddings,0.9188913770940338,0.42499994627304916,1
1116,CPEC_LANDSLIDE_0597,1,landslide,67_28,4,67.39947295047237,28.0128397831282,Balochistan,conventional_alphaearth_embeddings,Conventional + AlphaEarth Embeddings,0.8926607736393037,0.42499994627304916,1
1117,RMC_01_01236,0,non_landslide,68_29,2,68.64363954188809,29.33111692060753,raster-matched control,conventional_alphaearth_embeddings,Conventional + AlphaEarth Embeddings,0.4099551733307298,0.30586012648229505,1
1118,CPEC_ROCKFALL_0195,1,rockfall,63_26,1,63.14370244596258,26.180274104991447,Balochistan,conventional_alphaearth_embeddings,Conventional + AlphaEarth Embeddings,0.35174526048717575,0.41913377540096863,0
1119,RMC_01_00650,0,non_landslide,75_38,2,75.50227673614063,38.98800622489239,raster-matched control,conventional_alphaearth_embeddings,Conventional + AlphaEarth Embeddings,0.12070578385949875,0.30586012648229505,0
1120,CPEC_LANDSLIDE_0708,1,landslide,66_25,2,66.9166281111021,25.149459255365304,Balochistan,conventional_alphaearth_embeddings,Conventional + AlphaEarth Embeddings,0.930479193909805,0.30586012648229505,1
1121,CPEC_ROCKFALL_0686,1,rockfall,70_32,5,70.39086089217655,32.93335969538255,KP-AJK,conventional_alphaearth_embeddings,Conventional + AlphaEarth Embeddings,0.9916850757739293,0.3251687994310354,1
1122,RMC_01_00603,0,non_landslide,75_38,2,75.28892685616225,38.7813937095449,raster-matched control,conventional_alphaearth_embeddings,Conventional + AlphaEarth Embeddings,0.10375555604518642,0.30586012648229505,0
1123,RMC_01_01506,0,non_landslide,75_37,5,75.15193377533402,37.921256825000455,raster-matched control,conventional_alphaearth_embeddings,Conventional + AlphaEarth Embeddings,0.0508945683679664,0.3251687994310354,0
1124,CPEC_LANDSLIDE_0067,1,landslide,75_36,3,75.25973103692883,36.82980245970252,Gilgit-Baltistan,conventional_alphaearth_embeddings,Conventional + AlphaEarth Embeddings,0.8841946391294481,0.3410028221468021,1
1125,CPEC_ROCKFALL_0673,1,rockfall,70_29,4,70.0113245060125,29.955447157061897,Punjab-Sindh lowland corridor,conventional_alphaearth_embeddings,Conventional + AlphaEarth Embeddings,0.9702365031606854,0.42499994627304916,1
1126,CPEC_LANDSLIDE_0883,1,landslide,73_34,2,73.48106697232612,34.39985993163772,KP-AJK,conventional_alphaearth_embeddings,Conventional + AlphaEarth Embeddings,0.8932140758414112,0.30586012648229505,1
1127,CPEC_LANDSLIDE_0431,1,landslide,75_38,2,75.00820206470605,38.556816756803165,"Kashgar (Xinjiang, China)",conventional_alphaearth_embeddings,Conventional + AlphaEarth Embeddings,0.9868626722489968,0.30586012648229505,1
1128,CPEC_ROCKFALL_0321,1,rockfall,66_29,5,66.75493218870204,29.616332521947346,Balochistan,conventional_alphaearth_embeddings,Conventional + AlphaEarth Embeddings,0.9779319255442465,0.3251687994310354,1
1129,CPEC_LANDSLIDE_0262,1,landslide,73_35,4,73.88531123742732,35.48008608003709,Gilgit-Baltistan,conventional_alphaearth_embeddings,Conventional + AlphaEarth Embeddings,0.9709561394957266,0.42499994627304916,1
1130,RMC_01_01126,0,non_landslide,74_35,5,74.79036187347592,35.700172285014936,raster-matched control,conventional_alphaearth_embeddings,Conventional + AlphaEarth Embeddings,0.3540421164119539,0.3251687994310354,1
1131,CPEC_LANDSLIDE_0511,1,landslide,75_38,2,75.19684879387313,38.76342920411458,"Kashgar (Xinjiang, China)",conventional_alphaearth_embeddings,Conventional + AlphaEarth Embeddings,0.9819576139988395,0.30586012648229505,1
1132,CPEC_ROCKFALL_0587,1,rockfall,67_29,1,67.43316145893115,29.60285711856382,Balochistan,conventional_alphaearth_embeddings,Conventional + AlphaEarth Embeddings,0.981402510690392,0.41913377540096863,1
1133,CPEC_LANDSLIDE_0058,1,landslide,75_36,3,75.36303949013507,36.82306475801076,Gilgit-Baltistan,conventional_alphaearth_embeddings,Conventional + AlphaEarth Embeddings,0.5674069370640523,0.3410028221468021,1
1134,CPEC_LANDSLIDE_0227,1,landslide,74_35,5,74.52985199919765,35.96742123416819,Gilgit-Baltistan,conventional_alphaearth_embeddings,Conventional + AlphaEarth Embeddings,0.8177577447020488,0.3251687994310354,1
1135,CPEC_LANDSLIDE_0959,1,landslide,75_35,1,75.419184031499,35.47334837834533,Gilgit-Baltistan,conventional_alphaearth_embeddings,Conventional + AlphaEarth Embeddings,0.2989684247150729,0.41913377540096863,0
1136,CPEC_ROCKFALL_0105,1,rockfall,65_27,5,65.82517394625015,27.451394369488835,Balochistan,conventional_alphaearth_embeddings,Conventional + AlphaEarth Embeddings,0.9540835435144932,0.3251687994310354,1
1137,CPEC_ROCKFALL_0818,1,rockfall,75_35,1,75.83465185395171,35.32961817408962,Gilgit-Baltistan,conventional_alphaearth_embeddings,Conventional + AlphaEarth Embeddings,0.46452730713352947,0.41913377540096863,1
1138,CPEC_LANDSLIDE_0096,1,landslide,74_36,2,74.9767609431782,36.82755953187264,Gilgit-Baltistan,conventional_alphaearth_embeddings,Conventional + AlphaEarth Embeddings,0.7678605569933222,0.30586012648229505,1
1139,CPEC_ROCKFALL_0572,1,rockfall,67_29,1,67.22205423775787,29.47035493076068,Balochistan,conventional_alphaearth_embeddings,Conventional + AlphaEarth Embeddings,0.946945984039785,0.41913377540096863,1
1140,CPEC_ROCKFALL_0617,1,rockfall,67_30,3,67.20408851961353,30.27883900186201,Balochistan,conventional_alphaearth_embeddings,Conventional + AlphaEarth Embeddings,0.24002465894280486,0.3410028221468021,0
1141,CPEC_LANDSLIDE_0335,1,landslide,75_37,5,75.31812296522371,37.728119580626576,"Kashgar (Xinjiang, China)",conventional_alphaearth_embeddings,Conventional + AlphaEarth Embeddings,0.20741902075166924,0.3251687994310354,0
1142,RMC_01_01427,0,non_landslide,75_39,4,75.59659984097318,39.38326494990498,raster-matched control,conventional_alphaearth_embeddings,Conventional + AlphaEarth Embeddings,0.07474590231280433,0.42499994627304916,0
1143,CPEC_LANDSLIDE_0768,1,landslide,72_34,1,72.80733247595887,34.03379894885719,KP-AJK,conventional_alphaearth_embeddings,Conventional + AlphaEarth Embeddings,0.9933104931250143,0.41913377540096863,1
1144,RMC_01_01007,0,non_landslide,66_26,4,66.43602973116437,26.72151102024032,raster-matched control,conventional_alphaearth_embeddings,Conventional + AlphaEarth Embeddings,0.08279938584214923,0.42499994627304916,0
1145,CPEC_LANDSLIDE_0080,1,landslide,75_36,3,75.11375344574219,36.86573835509224,Gilgit-Baltistan,conventional_alphaearth_embeddings,Conventional + AlphaEarth Embeddings,0.9851494333012939,0.3410028221468021,1
1146,RMC_01_01329,0,non_landslide,75_37,5,75.42591993699048,37.31264822000948,raster-matched control,conventional_alphaearth_embeddings,Conventional + AlphaEarth Embeddings,0.054188301013012266,0.3251687994310354,0
1147,CPEC_LANDSLIDE_0965,1,landslide,75_35,1,75.6415148100238,35.24652282595866,Gilgit-Baltistan,conventional_alphaearth_embeddings,Conventional + AlphaEarth Embeddings,0.9602845411128327,0.41913377540096863,1
1148,CPEC_LANDSLIDE_0743,1,landslide,70_29,4,70.02929022415682,29.95769008489178,Punjab-Sindh lowland corridor,conventional_alphaearth_embeddings,Conventional + AlphaEarth Embeddings,0.984524431141314,0.42499994627304916,1
1149,CPEC_ROCKFALL_0878,1,rockfall,74_38,1,74.93409180519778,38.28058436474429,"Kashgar (Xinjiang, China)",conventional_alphaearth_embeddings,Conventional + AlphaEarth Embeddings,0.9548064039889925,0.41913377540096863,1
1150,RMC_01_01003,0,non_landslide,69_30,5,69.32411336960863,30.48096048428052,raster-matched control,conventional_alphaearth_embeddings,Conventional + AlphaEarth Embeddings,0.10447245354171443,0.3251687994310354,0
1151,RMC_01_00203,0,non_landslide,69_31,2,69.33534231066012,31.808221316567117,raster-matched control,conventional_alphaearth_embeddings,Conventional + AlphaEarth Embeddings,0.16938362622306524,0.30586012648229505,0
1152,CPEC_LANDSLIDE_0710,1,landslide,67_26,5,67.17713771284652,26.82032455200096,Punjab-Sindh lowland corridor,conventional_alphaearth_embeddings,Conventional + AlphaEarth Embeddings,0.7242647084791877,0.3251687994310354,1
1153,CPEC_LANDSLIDE_0955,1,landslide,75_35,1,75.36303949013507,35.48232900786697,Gilgit-Baltistan,conventional_alphaearth_embeddings,Conventional + AlphaEarth Embeddings,0.9782249096861814,0.41913377540096863,1
1154,RMC_01_00096,0,non_landslide,74_35,5,74.30302583184107,35.99661632877438,raster-matched control,conventional_alphaearth_embeddings,Conventional + AlphaEarth Embeddings,0.32285367333727233,0.3251687994310354,0
1155,CPEC_LANDSLIDE_0701,1,landslide,66_27,1,66.56403807260402,27.592877186813613,Balochistan,conventional_alphaearth_embeddings,Conventional + AlphaEarth Embeddings,0.4507773255036566,0.41913377540096863,1
1156,RMC_01_00722,0,non_landslide,76_37,1,76.82280020379633,37.2856987614859,raster-matched control,conventional_alphaearth_embeddings,Conventional + AlphaEarth Embeddings,0.1114872363790356,0.41913377540096863,0
1157,RMC_01_01091,0,non_landslide,67_29,1,67.36803183843837,29.92175921991612,raster-matched control,conventional_alphaearth_embeddings,Conventional + AlphaEarth Embeddings,0.3335471241914043,0.41913377540096863,0
1158,CPEC_ROCKFALL_0501,1,rockfall,68_29,2,68.5178734629903,29.32662472650496,Balochistan,conventional_alphaearth_embeddings,Conventional + AlphaEarth Embeddings,0.9768429751319047,0.30586012648229505,1
1159,CPEC_LANDSLIDE_0498,1,landslide,75_38,2,75.12273853436487,38.7454590268692,"Kashgar (Xinjiang, China)",conventional_alphaearth_embeddings,Conventional + AlphaEarth Embeddings,0.5279177379639034,0.30586012648229505,1
1160,CPEC_ROCKFALL_0700,1,rockfall,72_32,2,72.45474243746081,32.58751181767729,Punjab-Sindh lowland corridor,conventional_alphaearth_embeddings,Conventional + AlphaEarth Embeddings,0.9791416565716778,0.30586012648229505,1
1161,CPEC_LANDSLIDE_0300,1,landslide,73_35,4,73.20932489502808,35.307157682083414,KP-AJK,conventional_alphaearth_embeddings,Conventional + AlphaEarth Embeddings,0.9538783229606632,0.42499994627304916,1
1162,CPEC_ROCKFALL_0805,1,rockfall,75_35,1,75.25075040740718,35.58788484800415,Gilgit-Baltistan,conventional_alphaearth_embeddings,Conventional + AlphaEarth Embeddings,0.9787014184726915,0.41913377540096863,1
1163,RMC_01_00777,0,non_landslide,73_35,4,73.6921714386398,35.661993885439855,raster-matched control,conventional_alphaearth_embeddings,Conventional + AlphaEarth Embeddings,0.0750298121879508,0.42499994627304916,0
1164,RMC_01_01162,0,non_landslide,73_35,4,73.3058958664684,35.50029713429834,raster-matched control,conventional_alphaearth_embeddings,Conventional + AlphaEarth Embeddings,0.10897485622730946,0.42499994627304916,0
1165,CPEC_ROCKFALL_0087,1,rockfall,65_27,5,65.64551230570576,27.15045855759388,Balochistan,conventional_alphaearth_embeddings,Conventional + AlphaEarth Embeddings,0.9830409164984873,0.3251687994310354,1
1166,CPEC_LANDSLIDE_0178,1,landslide,74_36,2,74.48044515952547,36.245901013158,Gilgit-Baltistan,conventional_alphaearth_embeddings,Conventional + AlphaEarth Embeddings,0.9817170395457271,0.30586012648229505,1
1167,CPEC_ROCKFALL_0198,1,rockfall,65_26,3,65.53322322297788,26.42282244769257,Balochistan,conventional_alphaearth_embeddings,Conventional + AlphaEarth Embeddings,0.9736841107537806,0.3410028221468021,1
1168,RMC_01_00225,0,non_landslide,66_27,1,66.3753934494863,27.73660729129538,raster-matched control,conventional_alphaearth_embeddings,Conventional + AlphaEarth Embeddings,0.09167017488149201,0.41913377540096863,0
1169,RMC_01_00641,0,non_landslide,75_38,2,75.21930742164298,38.7701647684934,raster-matched control,conventional_alphaearth_embeddings,Conventional + AlphaEarth Embeddings,0.06654723127456696,0.30586012648229505,0
1170,CPEC_ROCKFALL_0536,1,rockfall,67_29,1,67.92498692782308,29.694933096216428,Balochistan,conventional_alphaearth_embeddings,Conventional + AlphaEarth Embeddings,0.9851055182001495,0.41913377540096863,1
1171,CPEC_ROCKFALL_0103,1,rockfall,65_27,5,65.82517394625015,27.44689959562696,Balochistan,conventional_alphaearth_embeddings,Conventional + AlphaEarth Embeddings,0.9234220005580224,0.3251687994310354,1
1172,CPEC_ROCKFALL_0824,1,rockfall,75_35,1,75.99185746159095,35.19936337321741,Gilgit-Baltistan,conventional_alphaearth_embeddings,Conventional + AlphaEarth Embeddings,0.9830259040112909,0.41913377540096863,1
1173,CPEC_LANDSLIDE_0591,1,landslide,66_27,1,66.9256131997248,27.92974443499724,Balochistan,conventional_alphaearth_embeddings,Conventional + AlphaEarth Embeddings,0.9730387160723212,0.41913377540096863,1
1174,CPEC_ROCKFALL_0051,1,rockfall,63_27,3,63.40870682156886,27.224568817102146,Balochistan,conventional_alphaearth_embeddings,Conventional + AlphaEarth Embeddings,0.9802451127967413,0.3410028221468021,1
1175,RMC_01_00053,0,non_landslide,64_26,2,64.04651107540644,26.69231577350644,raster-matched control,conventional_alphaearth_embeddings,Conventional + AlphaEarth Embeddings,0.1466201529503461,0.30586012648229505,0
1176,CPEC_LANDSLIDE_0086,1,landslide,75_36,3,75.05311858961741,36.86573835509224,Gilgit-Baltistan,conventional_alphaearth_embeddings,Conventional + AlphaEarth Embeddings,0.9478634897428964,0.3410028221468021,1
1177,RMC_01_00136,0,non_landslide,75_35,1,75.53596355929511,35.42843191156879,raster-matched control,conventional_alphaearth_embeddings,Conventional + AlphaEarth Embeddings,0.10168509407430631,0.41913377540096863,0
1178,RMC_01_00905,0,non_landslide,77_37,2,77.40445935026372,37.89206157826657,raster-matched control,conventional_alphaearth_embeddings,Conventional + AlphaEarth Embeddings,0.12211189293332575,0.30586012648229505,0
1179,RMC_01_00059,0,non_landslide,65_25,1,65.65898701040098,25.697431596344067,raster-matched control,conventional_alphaearth_embeddings,Conventional + AlphaEarth Embeddings,0.3204006457448893,0.41913377540096863,0
1180,CPEC_LANDSLIDE_0441,1,landslide,74_38,1,74.98799341873183,38.59274819309183,"Kashgar (Xinjiang, China)",conventional_alphaearth_embeddings,Conventional + AlphaEarth Embeddings,0.9888343156736626,0.41913377540096863,1
1181,RMC_01_00327,0,non_landslide,67_29,1,67.6757048232493,29.589382564791894,raster-matched control,conventional_alphaearth_embeddings,Conventional + AlphaEarth Embeddings,0.22487217140806973,0.41913377540096863,0
1182,RMC_01_00417,0,non_landslide,74_36,2,74.85548973157458,36.76692168490687,raster-matched control,conventional_alphaearth_embeddings,Conventional + AlphaEarth Embeddings,0.15600082594336395,0.30586012648229505,0
1183,RMC_01_00938,0,non_landslide,75_38,2,75.20358690417089,38.93635309605551,raster-matched control,conventional_alphaearth_embeddings,Conventional + AlphaEarth Embeddings,0.0751868352074621,0.30586012648229505,0
1184,RMC_01_00241,0,non_landslide,68_30,4,68.79410735197811,30.20023695799317,raster-matched control,conventional_alphaearth_embeddings,Conventional + AlphaEarth Embeddings,0.09856203494214184,0.42499994627304916,0
1185,CPEC_LANDSLIDE_0286,1,landslide,73_35,4,73.37326820435906,35.51377012939483,KP-AJK,conventional_alphaearth_embeddings,Conventional + AlphaEarth Embeddings,0.4213343717190565,0.42499994627304916,0
1186,CPEC_LANDSLIDE_0619,1,landslide,63_27,3,63.264976617313145,27.29643168967948,Balochistan,conventional_alphaearth_embeddings,Conventional + AlphaEarth Embeddings,0.9692392720076709,0.3410028221468021,1
1187,CPEC_LANDSLIDE_0907,1,landslide,76_35,2,76.09965622955801,35.18813089766378,Gilgit-Baltistan,conventional_alphaearth_embeddings,Conventional + AlphaEarth Embeddings,0.8530487427821983,0.30586012648229505,1
1188,CPEC_ROCKFALL_0336,1,rockfall,66_26,4,66.55281005615144,26.076970110886265,Balochistan,conventional_alphaearth_embeddings,Conventional + AlphaEarth Embeddings,0.9807213180043876,0.42499994627304916,1
1189,CPEC_ROCKFALL_0701,1,rockfall,72_32,2,72.44575734883811,32.56729871260202,Punjab-Sindh lowland corridor,conventional_alphaearth_embeddings,Conventional + AlphaEarth Embeddings,0.9810077889464462,0.30586012648229505,1
1190,CPEC_LANDSLIDE_0765,1,landslide,72_34,1,72.80733247595887,34.03155156192625,KP-AJK,conventional_alphaearth_embeddings,Conventional + AlphaEarth Embeddings,0.9835317061703126,0.41913377540096863,1
1191,CPEC_ROCKFALL_0415,1,rockfall,70_29,4,70.02255252246509,29.513024068741107,Punjab-Sindh lowland corridor,conventional_alphaearth_embeddings,Conventional + AlphaEarth Embeddings,0.9059224713494242,0.42499994627304916,1
1192,RMC_01_00765,0,non_landslide,73_35,4,73.8785718600946,35.661993885439855,raster-matched control,conventional_alphaearth_embeddings,Conventional + AlphaEarth Embeddings,0.05113858004089576,0.42499994627304916,0
1193,CPEC_LANDSLIDE_0012,1,landslide,74_38,1,74.8083273190864,38.9453382315899,"Kashgar (Xinjiang, China)",conventional_alphaearth_embeddings,Conventional + AlphaEarth Embeddings,0.31355482503910714,0.41913377540096863,0
1194,RMC_01_01313,0,non_landslide,74_35,5,74.15704959817165,35.4014824530452,raster-matched control,conventional_alphaearth_embeddings,Conventional + AlphaEarth Embeddings,0.04869982408581006,0.3251687994310354,0
1195,CPEC_ROCKFALL_0919,1,rockfall,75_38,2,75.47981888762375,38.84202977838366,"Kashgar (Xinjiang, China)",conventional_alphaearth_embeddings,Conventional + AlphaEarth Embeddings,0.2644901994272416,0.30586012648229505,0
1196,RMC_01_00684,0,non_landslide,73_34,2,73.38449845382887,34.15057841990876,raster-matched control,conventional_alphaearth_embeddings,Conventional + AlphaEarth Embeddings,0.14888391786917995,0.30586012648229505,0
1197,RMC_01_00076,0,non_landslide,66_27,1,66.57526860020289,27.92974507738108,raster-matched control,conventional_alphaearth_embeddings,Conventional + AlphaEarth Embeddings,0.11761261344430551,0.41913377540096863,0
1198,RMC_01_00101,0,non_landslide,74_39,3,74.59946987560052,39.66174268798203,raster-matched control,conventional_alphaearth_embeddings,Conventional + AlphaEarth Embeddings,0.09882215732224847,0.3410028221468021,0
1199,RMC_01_00630,0,non_landslide,75_38,2,75.31587631468584,38.774656344914,raster-matched control,conventional_alphaearth_embeddings,Conventional + AlphaEarth Embeddings,0.07262173603909129,0.30586012648229505,0
1200,RMC_01_01010,0,non_landslide,72_35,3,72.02355079838779,35.309405136422946,raster-matched control,conventional_alphaearth_embeddings,Conventional + AlphaEarth Embeddings,0.0846209051436178,0.3410028221468021,0
1201,CPEC_LANDSLIDE_0279,1,landslide,73_35,4,73.54170182845088,35.52050783108658,KP-AJK,conventional_alphaearth_embeddings,Conventional + AlphaEarth Embeddings,0.9760586691365127,0.42499994627304916,1
1202,RMC_01_00770,0,non_landslide,73_35,4,73.71687510895309,35.630552850495675,raster-matched control,conventional_alphaearth_embeddings,Conventional + AlphaEarth Embeddings,0.05439196278149986,0.42499994627304916,0
1203,CPEC_ROCKFALL_0677,1,rockfall,70_29,4,70.00458680432074,29.95769008489178,Punjab-Sindh lowland corridor,conventional_alphaearth_embeddings,Conventional + AlphaEarth Embeddings,0.8574334414240992,0.42499994627304916,1
1204,RMC_01_01098,0,non_landslide,67_30,3,67.18836878161446,30.287822698194823,raster-matched control,conventional_alphaearth_embeddings,Conventional + AlphaEarth Embeddings,0.10425921912081862,0.3410028221468021,0
1205,CPEC_ROCKFALL_0516,1,rockfall,67_29,1,67.88007040291171,29.67921476500303,Balochistan,conventional_alphaearth_embeddings,Conventional + AlphaEarth Embeddings,0.549564551631123,0.41913377540096863,1
1206,CPEC_LANDSLIDE_1081,1,landslide,74_36,2,74.85099645706681,36.223440521151794,Gilgit-Baltistan,conventional_alphaearth_embeddings,Conventional + AlphaEarth Embeddings,0.915429714799011,0.30586012648229505,1
1207,CPEC_LANDSLIDE_0046,1,landslide,74_35,5,74.95205752334212,35.6350443007454,Gilgit-Baltistan,conventional_alphaearth_embeddings,Conventional + AlphaEarth Embeddings,0.9385479333841775,0.3251687994310354,1
1208,RMC_01_00792,0,non_landslide,63_26,1,63.9319758766812,26.06798665104337,raster-matched control,conventional_alphaearth_embeddings,Conventional + AlphaEarth Embeddings,0.13257727254237134,0.41913377540096863,0
1209,RMC_01_00030,0,non_landslide,75_37,5,75.369775231733,37.337351890322765,raster-matched control,conventional_alphaearth_embeddings,Conventional + AlphaEarth Embeddings,0.07455354248354708,0.3251687994310354,0
1210,CPEC_LANDSLIDE_0147,1,landslide,74_36,2,74.85773415875857,36.33572960387967,Gilgit-Baltistan,conventional_alphaearth_embeddings,Conventional + AlphaEarth Embeddings,0.2697891709947416,0.30586012648229505,0
1211,RMC_01_00181,0,non_landslide,66_27,1,66.29454507391554,27.01346348757917,raster-matched control,conventional_alphaearth_embeddings,Conventional + AlphaEarth Embeddings,0.10864208803022994,0.41913377540096863,0
1212,RMC_01_00001,0,non_landslide,74_38,1,74.83976921410249,38.89817469648044,raster-matched control,conventional_alphaearth_embeddings,Conventional + AlphaEarth Embeddings,0.11833828347987331,0.41913377540096863,0
1213,RMC_01_01367,0,non_landslide,65_27,5,65.92399001921623,27.98364399442825,raster-matched control,conventional_alphaearth_embeddings,Conventional + AlphaEarth Embeddings,0.08166502795857686,0.3251687994310354,0
1214,RMC_01_00909,0,non_landslide,75_39,4,75.98961277777548,39.47758805473752,raster-matched control,conventional_alphaearth_embeddings,Conventional + AlphaEarth Embeddings,0.0741080642658207,0.42499994627304916,0
1215,CPEC_LANDSLIDE_0022,1,landslide,75_39,4,75.07333169469268,39.1002964522982,"Kashgar (Xinjiang, China)",conventional_alphaearth_embeddings,Conventional + AlphaEarth Embeddings,0.8984007872886876,0.42499994627304916,1
1216,CPEC_LANDSLIDE_0995,1,landslide,75_35,1,75.8930437822466,35.2240667930535,Gilgit-Baltistan,conventional_alphaearth_embeddings,Conventional + AlphaEarth Embeddings,0.9085433520501004,0.41913377540096863,1
1217,CPEC_ROCKFALL_0064,1,rockfall,63_26,1,63.99036534028351,26.398119027856485,Balochistan,conventional_alphaearth_embeddings,Conventional + AlphaEarth Embeddings,0.9866910210362189,0.41913377540096863,1
1218,RMC_01_01259,0,non_landslide,73_35,4,73.5147541700262,35.52949238103223,raster-matched control,conventional_alphaearth_embeddings,Conventional + AlphaEarth Embeddings,0.06702334486262976,0.42499994627304916,0
1219,RMC_01_01271,0,non_landslide,74_36,2,74.33446686678526,36.245898820117546,raster-matched control,conventional_alphaearth_embeddings,Conventional + AlphaEarth Embeddings,0.20673368432897396,0.30586012648229505,0
1220,CPEC_LANDSLIDE_0308,1,landslide,72_34,1,72.89491813885066,34.94333962713275,KP-AJK,conventional_alphaearth_embeddings,Conventional + AlphaEarth Embeddings,0.08496874396412876,0.41913377540096863,0
1221,RMC_01_00701,0,non_landslide,73_34,2,73.55966993423218,34.30778359462968,raster-matched control,conventional_alphaearth_embeddings,Conventional + AlphaEarth Embeddings,0.5498530315604666,0.30586012648229505,1
1222,CPEC_ROCKFALL_0714,1,rockfall,71_33,3,71.36328827260886,33.44090795458893,KP-AJK,conventional_alphaearth_embeddings,Conventional + AlphaEarth Embeddings,0.9750554105679601,0.3410028221468021,1
1223,CPEC_ROCKFALL_0859,1,rockfall,74_35,5,74.1907373640831,35.39923811883706,Gilgit-Baltistan,conventional_alphaearth_embeddings,Conventional + AlphaEarth Embeddings,0.9888066621467348,0.3251687994310354,1
1224,RMC_01_00046,0,non_landslide,65_28,2,65.10652311066747,28.92013767812285,raster-matched control,conventional_alphaearth_embeddings,Conventional + AlphaEarth Embeddings,0.2365550113154466,0.30586012648229505,0
1225,RMC_01_00135,0,non_landslide,75_35,1,75.34282577320943,35.59686602734119,raster-matched control,conventional_alphaearth_embeddings,Conventional + AlphaEarth Embeddings,0.8602311270102798,0.41913377540096863,1
1226,CPEC_ROCKFALL_0287,1,rockfall,66_27,1,66.29230045440703,27.18189967912172,Balochistan,conventional_alphaearth_embeddings,Conventional + AlphaEarth Embeddings,0.9824563741419811,0.41913377540096863,1
1227,RMC_01_00660,0,non_landslide,66_25,2,66.05649152362386,25.504293810258368,raster-matched control,conventional_alphaearth_embeddings,Conventional + AlphaEarth Embeddings,0.26151492824253825,0.30586012648229505,0
1228,CPEC_LANDSLIDE_0694,1,landslide,66_27,1,66.47645240971224,27.568173766977523,Balochistan,conventional_alphaearth_embeddings,Conventional + AlphaEarth Embeddings,0.9809100246852279,0.41913377540096863,1
1229,CPEC_LANDSLIDE_0671,1,landslide,66_25,2,66.05648981339765,25.495311592171618,Balochistan,conventional_alphaearth_embeddings,Conventional + AlphaEarth Embeddings,0.5197501664194153,0.30586012648229505,1
1230,RMC_01_00671,0,non_landslide,72_32,2,72.72648250821132,32.71551975352783,raster-matched control,conventional_alphaearth_embeddings,Conventional + AlphaEarth Embeddings,0.44234465761380365,0.30586012648229505,1
1231,RMC_01_00045,0,non_landslide,68_30,4,68.59647798947182,30.193499593362272,raster-matched control,conventional_alphaearth_embeddings,Conventional + AlphaEarth Embeddings,0.1462330115912061,0.42499994627304916,0
1232,CPEC_ROCKFALL_0005,1,rockfall,76_38,3,76.00308547804353,38.406348850855686,"Kashgar (Xinjiang, China)",conventional_alphaearth_embeddings,Conventional + AlphaEarth Embeddings,0.07701434305983174,0.3410028221468021,0
1233,CPEC_ROCKFALL_0401,1,rockfall,67_25,3,67.9294772425839,25.881585680027424,Punjab-Sindh lowland corridor,conventional_alphaearth_embeddings,Conventional + AlphaEarth Embeddings,0.9836888391772934,0.3410028221468021,1
1234,RMC_01_00121,0,non_landslide,69_31,2,69.85411938723914,31.91601915066145,raster-matched control,conventional_alphaearth_embeddings,Conventional + AlphaEarth Embeddings,0.13091414899866471,0.30586012648229505,0
1235,CPEC_ROCKFALL_0875,1,rockfall,74_38,1,74.9767609431782,38.13235938662671,"Kashgar (Xinjiang, China)",conventional_alphaearth_embeddings,Conventional + AlphaEarth Embeddings,0.9756626537499442,0.41913377540096863,1
1236,CPEC_LANDSLIDE_0703,1,landslide,66_25,2,66.85599325497734,25.064120979404453,Balochistan,conventional_alphaearth_embeddings,Conventional + AlphaEarth Embeddings,0.35303146753082454,0.30586012648229505,1
1237,RMC_01_01012,0,non_landslide,75_38,2,75.23727372732537,38.97003991921,raster-matched control,conventional_alphaearth_embeddings,Conventional + AlphaEarth Embeddings,0.7953013949365568,0.30586012648229505,1
1238,CPEC_LANDSLIDE_0037,1,landslide,75_37,5,75.69316903662693,37.83142357473175,"Kashgar (Xinjiang, China)",conventional_alphaearth_embeddings,Conventional + AlphaEarth Embeddings,0.9409616699248556,0.3251687994310354,1
1239,RMC_01_00664,0,non_landslide,66_25,2,66.86722106754173,25.09331456777369,raster-matched control,conventional_alphaearth_embeddings,Conventional + AlphaEarth Embeddings,0.22513339888977968,0.30586012648229505,0
1240,CPEC_ROCKFALL_0473,1,rockfall,69_29,3,69.1444485066163,29.09755624628839,Balochistan,conventional_alphaearth_embeddings,Conventional + AlphaEarth Embeddings,0.1220714864015695,0.3410028221468021,0
1241,CPEC_LANDSLIDE_0467,1,landslide,75_38,2,75.05087120268648,38.7454590268692,"Kashgar (Xinjiang, China)",conventional_alphaearth_embeddings,Conventional + AlphaEarth Embeddings,0.7058702694170782,0.30586012648229505,1
1242,CPEC_ROCKFALL_0603,1,rockfall,66_29,5,66.95031661956088,29.843158074334024,Balochistan,conventional_alphaearth_embeddings,Conventional + AlphaEarth Embeddings,0.9772035561880846,0.3251687994310354,1
1243,CPEC_ROCKFALL_0844,1,rockfall,74_36,2,74.30976414850272,36.29530785283018,Gilgit-Baltistan,conventional_alphaearth_embeddings,Conventional + AlphaEarth Embeddings,0.8459856223974835,0.30586012648229505,1
1244,RMC_01_00636,0,non_landslide,75_38,2,75.34057998499912,38.799360015227286,raster-matched control,conventional_alphaearth_embeddings,Conventional + AlphaEarth Embeddings,0.13173595338130922,0.30586012648229505,0
1245,RMC_01_00414,0,non_landslide,75_36,3,75.03964436481908,36.86124478973942,raster-matched control,conventional_alphaearth_embeddings,Conventional + AlphaEarth Embeddings,0.1520237628865685,0.3410028221468021,0
1246,CPEC_LANDSLIDE_0108,1,landslide,74_36,2,74.95430491027305,36.78488593479116,Gilgit-Baltistan,conventional_alphaearth_embeddings,Conventional + AlphaEarth Embeddings,0.482653097543509,0.30586012648229505,1
1247,CPEC_LANDSLIDE_0266,1,landslide,73_35,4,73.84263764034584,35.489066709558735,Gilgit-Baltistan,conventional_alphaearth_embeddings,Conventional + AlphaEarth Embeddings,0.971746345012184,0.42499994627304916,1
1248,CPEC_LANDSLIDE_0078,1,landslide,75_36,3,75.12947623605662,36.870228669853056,Gilgit-Baltistan,conventional_alphaearth_embeddings,Conventional + AlphaEarth Embeddings,0.9563709112090473,0.3410028221468021,1
1249,CPEC_ROCKFALL_0849,1,rockfall,74_35,5,74.6151902751585,35.7495807704042,Gilgit-Baltistan,conventional_alphaearth_embeddings,Conventional + AlphaEarth Embeddings,0.9794579001471565,0.3251687994310354,1
1250,CPEC_LANDSLIDE_0483,1,landslide,75_38,2,75.08455971114526,38.75444411549189,"Kashgar (Xinjiang, China)",conventional_alphaearth_embeddings,Conventional + AlphaEarth Embeddings,0.9533676105653132,0.30586012648229505,1
1251,RMC_01_00637,0,non_landslide,75_38,2,75.48880200687884,38.82406368554057,raster-matched control,conventional_alphaearth_embeddings,Conventional + AlphaEarth Embeddings,0.18220369803730985,0.30586012648229505,0
1252,RMC_01_01332,0,non_landslide,75_37,5,75.30240158542404,37.76405165027954,raster-matched control,conventional_alphaearth_embeddings,Conventional + AlphaEarth Embeddings,0.13498554629485113,0.3251687994310354,0
1253,RMC_01_00371,0,non_landslide,76_37,1,76.97775959030695,37.40247974842144,raster-matched control,conventional_alphaearth_embeddings,Conventional + AlphaEarth Embeddings,0.11165767876242301,0.41913377540096863,0
1254,RMC_01_00853,0,non_landslide,75_35,1,75.565158806029,35.367795629890715,raster-matched control,conventional_alphaearth_embeddings,Conventional + AlphaEarth Embeddings,0.06842868903712498,0.41913377540096863,0
1255,RMC_01_01287,0,non_landslide,73_35,4,73.46085525297903,35.556441839555816,raster-matched control,conventional_alphaearth_embeddings,Conventional + AlphaEarth Embeddings,0.07450377623420458,0.42499994627304916,0
1256,RMC_01_01156,0,non_landslide,73_35,4,73.3126332310993,35.51152607534984,raster-matched control,conventional_alphaearth_embeddings,Conventional + AlphaEarth Embeddings,0.7814420109689977,0.42499994627304916,1
1257,CPEC_ROCKFALL_0870,1,rockfall,75_37,5,75.20807681032571,37.90778122117096,"Kashgar (Xinjiang, China)",conventional_alphaearth_embeddings,Conventional + AlphaEarth Embeddings,0.9852491258089779,0.3251687994310354,1
1258,CPEC_ROCKFALL_0655,1,rockfall,69_30,5,69.18712210369777,30.9929997083798,Balochistan,conventional_alphaearth_embeddings,Conventional + AlphaEarth Embeddings,0.9791212388467434,0.3251687994310354,1
1259,RMC_01_00908,0,non_landslide,77_37,2,77.2472541755428,37.43616657157592,raster-matched control,conventional_alphaearth_embeddings,Conventional + AlphaEarth Embeddings,0.11402622961348591,0.30586012648229505,0
1260,RMC_01_00900,0,non_landslide,77_37,2,77.20458419954713,37.40247974842144,raster-matched control,conventional_alphaearth_embeddings,Conventional + AlphaEarth Embeddings,0.12002662135232493,0.30586012648229505,0
1261,RMC_01_00459,0,non_landslide,74_36,2,74.88243919009817,36.47496921756802,raster-matched control,conventional_alphaearth_embeddings,Conventional + AlphaEarth Embeddings,0.1976224118439408,0.30586012648229505,0
1262,CPEC_ROCKFALL_0565,1,rockfall,67_29,1,67.55892594504255,29.656754272996825,Balochistan,conventional_alphaearth_embeddings,Conventional + AlphaEarth Embeddings,0.9528040970266555,0.41913377540096863,1
1263,CPEC_LANDSLIDE_0122,1,landslide,74_36,2,74.91387870012251,36.79611841034479,Gilgit-Baltistan,conventional_alphaearth_embeddings,Conventional + AlphaEarth Embeddings,0.9724633523342731,0.30586012648229505,1
1264,CPEC_LANDSLIDE_0895,1,landslide,76_35,2,76.10190361648894,35.19711598628648,Gilgit-Baltistan,conventional_alphaearth_embeddings,Conventional + AlphaEarth Embeddings,0.14095451795411473,0.30586012648229505,0
1265,CPEC_ROCKFALL_0687,1,rockfall,70_32,5,70.39310827910748,32.93335969538256,KP-AJK,conventional_alphaearth_embeddings,Conventional + AlphaEarth Embeddings,0.9916368639466262,0.3251687994310354,1
1266,CPEC_ROCKFALL_0315,1,rockfall,66_27,1,66.593236266302,27.911778716852904,Balochistan,conventional_alphaearth_embeddings,Conventional + AlphaEarth Embeddings,0.9535298166130445,0.41913377540096863,1
1267,RMC_01_00323,0,non_landslide,62_26,5,62.97751588730421,26.108410838828743,raster-matched control,conventional_alphaearth_embeddings,Conventional + AlphaEarth Embeddings,0.12996232178133274,0.3251687994310354,0
1268,CPEC_LANDSLIDE_0246,1,landslide,74_35,5,74.61069996039767,35.62381628429282,Gilgit-Baltistan,conventional_alphaearth_embeddings,Conventional + AlphaEarth Embeddings,0.9694237481928747,0.3251687994310354,1
1269,RMC_01_00008,0,non_landslide,72_34,1,72.78038142525848,34.89842589393827,raster-matched control,conventional_alphaearth_embeddings,Conventional + AlphaEarth Embeddings,0.1089283411207791,0.41913377540096863,0
1270,RMC_01_00842,0,non_landslide,72_32,2,72.70851620252893,32.7626813059441,raster-matched control,conventional_alphaearth_embeddings,Conventional + AlphaEarth Embeddings,0.276750252145372,0.30586012648229505,0
1271,RMC_01_01425,0,non_landslide,65_28,2,65.74208117418203,28.331741167024564,raster-matched control,conventional_alphaearth_embeddings,Conventional + AlphaEarth Embeddings,0.3856531698304002,0.30586012648229505,1
1272,CPEC_LANDSLIDE_1001,1,landslide,75_35,1,75.91999458901361,35.226309720883386,Gilgit-Baltistan,conventional_alphaearth_embeddings,Conventional + AlphaEarth Embeddings,0.8917557480023705,0.41913377540096863,1
1273,RMC_01_00366,0,non_landslide,72_33,4,72.65237149727146,33.78451494163006,raster-matched control,conventional_alphaearth_embeddings,Conventional + AlphaEarth Embeddings,0.05622722580713997,0.42499994627304916,0
1274,CPEC_LANDSLIDE_0088,1,landslide,75_36,3,75.0261677828504,36.88370407323657,Gilgit-Baltistan,conventional_alphaearth_embeddings,Conventional + AlphaEarth Embeddings,0.5282434853457697,0.3410028221468021,1
1275,CPEC_ROCKFALL_0830,1,rockfall,74_35,5,74.73421705957813,35.53174030664021,Gilgit-Baltistan,conventional_alphaearth_embeddings,Conventional + AlphaEarth Embeddings,0.9735230285492033,0.3251687994310354,1
1276,RMC_01_00480,0,non_landslide,74_36,2,74.67133509833008,36.3402219249501,raster-matched control,conventional_alphaearth_embeddings,Conventional + AlphaEarth Embeddings,0.07034047425688164,0.30586012648229505,0
1277,RMC_01_00733,0,non_landslide,76_36,4,76.08169009439773,36.59175020450356,raster-matched control,conventional_alphaearth_embeddings,Conventional + AlphaEarth Embeddings,0.15859788258868018,0.42499994627304916,0
1278,CPEC_ROCKFALL_0426,1,rockfall,70_29,4,70.02255252246509,29.515271455672043,Punjab-Sindh lowland corridor,conventional_alphaearth_embeddings,Conventional + AlphaEarth Embeddings,0.9474178816051687,0.42499994627304916,1
1279,CPEC_LANDSLIDE_0716,1,landslide,67_29,1,67.21531653606611,29.43217610754107,Balochistan,conventional_alphaearth_embeddings,Conventional + AlphaEarth Embeddings,0.306645830537113,0.41913377540096863,0
1280,RMC_01_01352,0,non_landslide,76_36,4,76.61394190023854,36.13585519781291,raster-matched control,conventional_alphaearth_embeddings,Conventional + AlphaEarth Embeddings,0.6215018484943229,0.42499994627304916,1
1281,CPEC_ROCKFALL_0417,1,rockfall,70_29,4,70.0203095946352,29.508533753980288,Punjab-Sindh lowland corridor,conventional_alphaearth_embeddings,Conventional + AlphaEarth Embeddings,0.9356955297960696,0.42499994627304916,1
1282,CPEC_ROCKFALL_0868,1,rockfall,73_35,4,73.43166013265395,35.525002604948455,KP-AJK,conventional_alphaearth_embeddings,Conventional + AlphaEarth Embeddings,0.9797697027056521,0.42499994627304916,1
1283,CPEC_LANDSLIDE_0739,1,landslide,69_31,2,69.54644538478655,31.972164790503868,KP-AJK,conventional_alphaearth_embeddings,Conventional + AlphaEarth Embeddings,0.23179543024274113,0.30586012648229505,0
1284,RMC_01_00945,0,non_landslide,75_36,3,75.22604478627389,36.85001584868792,raster-matched control,conventional_alphaearth_embeddings,Conventional + AlphaEarth Embeddings,0.17627692864152653,0.3410028221468021,0
1285,CPEC_ROCKFALL_0887,1,rockfall,74_38,1,74.97451801534832,38.6376647180032,"Kashgar (Xinjiang, China)",conventional_alphaearth_embeddings,Conventional + AlphaEarth Embeddings,0.6035526491241757,0.41913377540096863,1
1286,CPEC_ROCKFALL_0208,1,rockfall,65_26,3,65.692671758447,26.294810574650256,Balochistan,conventional_alphaearth_embeddings,Conventional + AlphaEarth Embeddings,0.9806421005187043,0.3410028221468021,1
1287,RMC_01_00551,0,non_landslide,74_35,5,74.04700597586701,35.185886784856514,raster-matched control,conventional_alphaearth_embeddings,Conventional + AlphaEarth Embeddings,0.0989117659611744,0.3251687994310354,0
1288,RMC_01_00669,0,non_landslide,69_31,2,69.53072588495611,31.95644333844683,raster-matched control,conventional_alphaearth_embeddings,Conventional + AlphaEarth Embeddings,0.08830289312619638,0.30586012648229505,0
1289,CPEC_ROCKFALL_0906,1,rockfall,75_38,2,75.40121831335466,38.81507897161664,"Kashgar (Xinjiang, China)",conventional_alphaearth_embeddings,Conventional + AlphaEarth Embeddings,0.9805951502137016,0.30586012648229505,1
1290,CPEC_LANDSLIDE_0974,1,landslide,75_35,1,75.80321073242386,35.338598803611255,Gilgit-Baltistan,conventional_alphaearth_embeddings,Conventional + AlphaEarth Embeddings,0.132587686019811,0.41913377540096863,0
1291,RMC_01_00543,0,non_landslide,74_35,5,74.04251439944642,35.15219996170203,raster-matched control,conventional_alphaearth_embeddings,Conventional + AlphaEarth Embeddings,0.15380078669888247,0.3251687994310354,0
1292,CPEC_LANDSLIDE_0530,1,landslide,75_38,2,75.33608868336803,38.80385095516407,"Kashgar (Xinjiang, China)",conventional_alphaearth_embeddings,Conventional + AlphaEarth Embeddings,0.9174201877680603,0.30586012648229505,1
1293,CPEC_LANDSLIDE_0759,1,landslide,72_32,2,72.60296295647734,32.62568618179583,Punjab-Sindh lowland corridor,conventional_alphaearth_embeddings,Conventional + AlphaEarth Embeddings,0.9699492938572557,0.30586012648229505,1
1294,CPEC_ROCKFALL_0810,1,rockfall,75_35,1,75.79872041766305,35.32737078715868,Gilgit-Baltistan,conventional_alphaearth_embeddings,Conventional + AlphaEarth Embeddings,0.9506937865044982,0.41913377540096863,1
1295,RMC_01_01374,0,non_landslide,69_30,5,69.1938576534113,30.999737560859543,raster-matched control,conventional_alphaearth_embeddings,Conventional + AlphaEarth Embeddings,0.09171252606428099,0.3251687994310354,0
1296,CPEC_ROCKFALL_0022,1,rockfall,76_37,1,76.2007172958333,37.65849963587912,"Kashgar (Xinjiang, China)",conventional_alphaearth_embeddings,Conventional + AlphaEarth Embeddings,0.9544711191735255,0.41913377540096863,1
1297,CPEC_LANDSLIDE_0994,1,landslide,75_35,1,75.89079639531565,35.226309720883386,Gilgit-Baltistan,conventional_alphaearth_embeddings,Conventional + AlphaEarth Embeddings,0.9799257727079261,0.41913377540096863,1
1298,CPEC_ROCKFALL_0019,1,rockfall,76_37,1,76.18724189244979,37.757313315223485,"Kashgar (Xinjiang, China)",conventional_alphaearth_embeddings,Conventional + AlphaEarth Embeddings,0.9627431199385845,0.41913377540096863,1
1299,CPEC_LANDSLIDE_0319,1,landslide,75_36,3,75.50901262222067,36.838787548325215,"Kashgar (Xinjiang, China)",conventional_alphaearth_embeddings,Conventional + AlphaEarth Embeddings,0.951308616864495,0.3410028221468021,1
1300,CPEC_LANDSLIDE_0210,1,landslide,74_35,5,74.2962887451192,35.90229160418156,Gilgit-Baltistan,conventional_alphaearth_embeddings,Conventional + AlphaEarth Embeddings,0.9677481410785583,0.3251687994310354,1
1301,RMC_01_00574,0,non_landslide,75_38,2,75.17214586922671,38.74770688639042,raster-matched control,conventional_alphaearth_embeddings,Conventional + AlphaEarth Embeddings,0.12230975480869379,0.30586012648229505,0
1302,CPEC_ROCKFALL_0027,1,rockfall,67_28,4,67.4129483538559,28.10267283295092,Balochistan,conventional_alphaearth_embeddings,Conventional + AlphaEarth Embeddings,0.9470686275106378,0.42499994627304916,1
1303,CPEC_ROCKFALL_0951,1,rockfall,75_38,2,75.49553721883716,38.9453382315899,"Kashgar (Xinjiang, China)",conventional_alphaearth_embeddings,Conventional + AlphaEarth Embeddings,0.8538159905196812,0.30586012648229505,1
1304,CPEC_LANDSLIDE_0205,1,landslide,74_36,2,74.27832302697487,36.11115143842392,Gilgit-Baltistan,conventional_alphaearth_embeddings,Conventional + AlphaEarth Embeddings,0.09830810427927567,0.30586012648229505,0
1305,CPEC_LANDSLIDE_0296,1,landslide,73_35,4,73.21381966888997,35.437416942056664,KP-AJK,conventional_alphaearth_embeddings,Conventional + AlphaEarth Embeddings,0.9810864831474099,0.42499994627304916,1
1306,RMC_01_01274,0,non_landslide,75_38,2,75.66397348728215,38.7656731920728,raster-matched control,conventional_alphaearth_embeddings,Conventional + AlphaEarth Embeddings,0.14709131744176765,0.30586012648229505,0
1307,CPEC_LANDSLIDE_0989,1,landslide,75_35,1,75.86385004764968,35.2487702128896,Gilgit-Baltistan,conventional_alphaearth_embeddings,Conventional + AlphaEarth Embeddings,0.5221708998612408,0.41913377540096863,1
1308,CPEC_LANDSLIDE_0222,1,landslide,74_35,5,74.38162702108005,35.87085048265372,Gilgit-Baltistan,conventional_alphaearth_embeddings,Conventional + AlphaEarth Embeddings,0.30886672045583186,0.3251687994310354,0
1309,CPEC_ROCKFALL_0872,1,rockfall,75_37,5,75.2170618989484,37.905538293341074,"Kashgar (Xinjiang, China)",conventional_alphaearth_embeddings,Conventional + AlphaEarth Embeddings,0.9816042070823399,0.3251687994310354,1
1310,CPEC_ROCKFALL_0499,1,rockfall,68_29,2,68.52461116468206,29.322134411744138,Balochistan,conventional_alphaearth_embeddings,Conventional + AlphaEarth Embeddings,0.9793747410566841,0.30586012648229505,1
1311,CPEC_ROCKFALL_0026,1,rockfall,67_28,4,67.43540438676104,28.11839116416432,Balochistan,conventional_alphaearth_embeddings,Conventional + AlphaEarth Embeddings,0.9799002303374196,0.42499994627304916,1
1312,CPEC_ROCKFALL_0280,1,rockfall,66_27,1,66.28780568054516,27.184142606951607,Balochistan,conventional_alphaearth_embeddings,Conventional + AlphaEarth Embeddings,0.989918819051531,0.41913377540096863,1
1313,RMC_01_00528,0,non_landslide,73_35,4,73.72810405000459,35.5878828745,raster-matched control,conventional_alphaearth_embeddings,Conventional + AlphaEarth Embeddings,0.13741254786958168,0.42499994627304916,0
1314,RMC_01_00070,0,non_landslide,78_39,2,78.03103426093709,39.95144936711058,raster-matched control,conventional_alphaearth_embeddings,Conventional + AlphaEarth Embeddings,0.10240333316469583,0.30586012648229505,0
1315,RMC_01_00264,0,non_landslide,66_27,1,66.9435778666919,27.64228418646283,raster-matched control,conventional_alphaearth_embeddings,Conventional + AlphaEarth Embeddings,0.30399384438039373,0.41913377540096863,0
1316,RMC_01_00920,0,non_landslide,77_37,2,77.22479629343982,37.43616657157592,raster-matched control,conventional_alphaearth_embeddings,Conventional + AlphaEarth Embeddings,0.11817706579266984,0.30586012648229505,0
1317,RMC_01_00709,0,non_landslide,73_33,5,73.56640729886307,33.86536331720082,raster-matched control,conventional_alphaearth_embeddings,Conventional + AlphaEarth Embeddings,0.6535741418285976,0.3251687994310354,1
1318,CPEC_LANDSLIDE_0283,1,landslide,73_35,4,73.45636355249003,35.52724553277834,KP-AJK,conventional_alphaearth_embeddings,Conventional + AlphaEarth Embeddings,0.9270014630162059,0.42499994627304916,1
1319,RMC_01_00437,0,non_landslide,74_36,2,74.88243919009817,36.78488799058926,raster-matched control,conventional_alphaearth_embeddings,Conventional + AlphaEarth Embeddings,0.057682439229572405,0.30586012648229505,0
1320,CPEC_LANDSLIDE_0954,1,landslide,75_35,1,75.34731669982061,35.52724553277834,Gilgit-Baltistan,conventional_alphaearth_embeddings,Conventional + AlphaEarth Embeddings,0.983740639645657,0.41913377540096863,1
1321,CPEC_ROCKFALL_0393,1,rockfall,66_29,5,66.64264310597416,29.3198870248132,Balochistan,conventional_alphaearth_embeddings,Conventional + AlphaEarth Embeddings,0.989685461758528,0.3251687994310354,1
1322,CPEC_LANDSLIDE_1072,1,landslide,74_36,2,74.78137651231937,36.20322741607652,Gilgit-Baltistan,conventional_alphaearth_embeddings,Conventional + AlphaEarth Embeddings,0.9837779095148949,0.30586012648229505,1
1323,RMC_01_01111,0,non_landslide,75_39,4,75.89753546115323,39.57191115957008,raster-matched control,conventional_alphaearth_embeddings,Conventional + AlphaEarth Embeddings,0.08743126382835191,0.42499994627304916,0
1324,RMC_01_00317,0,non_landslide,69_27,4,69.1826287123598,27.73660729129538,raster-matched control,conventional_alphaearth_embeddings,Conventional + AlphaEarth Embeddings,0.08242365315281523,0.42499994627304916,0
1325,RMC_01_00119,0,non_landslide,73_35,4,73.04089285765315,35.448644005461475,raster-matched control,conventional_alphaearth_embeddings,Conventional + AlphaEarth Embeddings,0.20161019831805238,0.42499994627304916,0
1326,RMC_01_00688,0,non_landslide,73_33,5,73.46085525297903,33.97989851592605,raster-matched control,conventional_alphaearth_embeddings,Conventional + AlphaEarth Embeddings,0.07365034815465307,0.3251687994310354,0
1327,RMC_01_00255,0,non_landslide,69_28,1,69.65649002473285,28.704542009934165,raster-matched control,conventional_alphaearth_embeddings,Conventional + AlphaEarth Embeddings,0.19323336558540774,0.41913377540096863,0
1328,RMC_01_00932,0,non_landslide,78_40,4,78.81256855812107,40.95531669711414,raster-matched control,conventional_alphaearth_embeddings,Conventional + AlphaEarth Embeddings,0.08843137361108402,0.42499994627304916,0
1329,RMC_01_01398,0,non_landslide,74_36,2,74.67133509833008,36.30653510179562,raster-matched control,conventional_alphaearth_embeddings,Conventional + AlphaEarth Embeddings,0.24826811008103766,0.30586012648229505,0
1330,CPEC_ROCKFALL_0612,1,rockfall,67_30,3,67.26921814960016,30.08121164317328,Balochistan,conventional_alphaearth_embeddings,Conventional + AlphaEarth Embeddings,0.054862659247917715,0.3410028221468021,0
1331,CPEC_ROCKFALL_0086,1,rockfall,65_27,5,65.63652721708307,27.15045855759388,Balochistan,conventional_alphaearth_embeddings,Conventional + AlphaEarth Embeddings,0.9865146086362675,0.3251687994310354,1
1332,RMC_01_00707,0,non_landslide,73_34,2,73.44738052371723,34.37066566451804,raster-matched control,conventional_alphaearth_embeddings,Conventional + AlphaEarth Embeddings,0.09615593571438967,0.30586012648229505,0
1333,CPEC_LANDSLIDE_0847,1,landslide,73_34,2,73.4541161655591,34.39761700380784,KP-AJK,conventional_alphaearth_embeddings,Conventional + AlphaEarth Embeddings,0.21554172975593325,0.30586012648229505,0
1334,CPEC_LANDSLIDE_0072,1,landslide,75_36,3,75.19235847911231,36.87022866985306,Gilgit-Baltistan,conventional_alphaearth_embeddings,Conventional + AlphaEarth Embeddings,0.32465517523023935,0.3410028221468021,0
1335,CPEC_LANDSLIDE_0472,1,landslide,75_38,2,75.06659399300092,38.75219672856095,"Kashgar (Xinjiang, China)",conventional_alphaearth_embeddings,Conventional + AlphaEarth Embeddings,0.8215359503254682,0.30586012648229505,1
1336,CPEC_ROCKFALL_0453,1,rockfall,69_28,1,69.17139931338332,28.83928957237386,Balochistan,conventional_alphaearth_embeddings,Conventional + AlphaEarth Embeddings,0.8187300250008704,0.41913377540096863,1
1337,RMC_01_00786,0,non_landslide,65_29,4,65.98013472447371,29.48158473069755,raster-matched control,conventional_alphaearth_embeddings,Conventional + AlphaEarth Embeddings,0.08535188507966823,0.42499994627304916,0
1338,RMC_01_01344,0,non_landslide,75_38,2,75.5539298649775,38.985760436682085,raster-matched control,conventional_alphaearth_embeddings,Conventional + AlphaEarth Embeddings,0.18905750684442849,0.30586012648229505,0
1339,CPEC_LANDSLIDE_0165,1,landslide,74_36,2,74.74095476126988,36.2616193443714,Gilgit-Baltistan,conventional_alphaearth_embeddings,Conventional + AlphaEarth Embeddings,0.7167586089706673,0.30586012648229505,1
1340,CPEC_LANDSLIDE_0574,1,landslide,75_38,2,75.03066255671226,38.74770641380013,"Kashgar (Xinjiang, China)",conventional_alphaearth_embeddings,Conventional + AlphaEarth Embeddings,0.5660918950901361,0.30586012648229505,1
1341,CPEC_ROCKFALL_0804,1,rockfall,75_35,1,75.25075040740718,35.58563746107321,Gilgit-Baltistan,conventional_alphaearth_embeddings,Conventional + AlphaEarth Embeddings,0.9816081443679388,0.41913377540096863,1
1342,RMC_01_00579,0,non_landslide,75_40,1,75.46634412477586,40.04577247194312,raster-matched control,conventional_alphaearth_embeddings,Conventional + AlphaEarth Embeddings,0.10250808194768554,0.41913377540096863,0
1343,RMC_01_00099,0,non_landslide,73_36,1,73.82691873125773,36.36492559526339,raster-matched control,conventional_alphaearth_embeddings,Conventional + AlphaEarth Embeddings,0.2188122093587089,0.41913377540096863,0
1344,CPEC_ROCKFALL_0826,1,rockfall,74_35,5,74.70277593805028,35.54521125092267,Gilgit-Baltistan,conventional_alphaearth_embeddings,Conventional + AlphaEarth Embeddings,0.9680180116209968,0.3251687994310354,1
1345,CPEC_ROCKFALL_0831,1,rockfall,74_35,5,74.73421705957813,35.53174030664021,Gilgit-Baltistan,conventional_alphaearth_embeddings,Conventional + AlphaEarth Embeddings,0.9735230285492033,0.3251687994310354,1
1346,CPEC_ROCKFALL_0334,1,rockfall,66_25,2,66.87395897312167,25.100052415693124,Balochistan,conventional_alphaearth_embeddings,Conventional + AlphaEarth Embeddings,0.14881791484925513,0.30586012648229505,0
1347,RMC_01_00940,0,non_landslide,76_37,1,76.83627493305812,37.0790862461384,raster-matched control,conventional_alphaearth_embeddings,Conventional + AlphaEarth Embeddings,0.41509574039962505,0.41913377540096863,0
1348,RMC_01_01492,0,non_landslide,73_35,4,73.97289496492715,35.45987294651297,raster-matched control,conventional_alphaearth_embeddings,Conventional + AlphaEarth Embeddings,0.09588723687342406,0.42499994627304916,0
1349,RMC_01_00837,0,non_landslide,71_34,5,71.99435555165391,34.75694123668944,raster-matched control,conventional_alphaearth_embeddings,Conventional + AlphaEarth Embeddings,0.09390383524701658,0.3251687994310354,0
1350,CPEC_LANDSLIDE_0634,1,landslide,63_26,1,63.9768899369,26.400361955686364,Balochistan,conventional_alphaearth_embeddings,Conventional + AlphaEarth Embeddings,0.9624611563801255,0.41913377540096863,1
1351,CPEC_ROCKFALL_0869,1,rockfall,73_35,4,73.2991579448508,35.493561483420606,KP-AJK,conventional_alphaearth_embeddings,Conventional + AlphaEarth Embeddings,0.9819440777738337,0.42499994627304916,1
1352,RMC_01_00862,0,non_landslide,75_38,2,75.04638172944998,38.48270387757516,raster-matched control,conventional_alphaearth_embeddings,Conventional + AlphaEarth Embeddings,0.15319642283601753,0.30586012648229505,0
1353,RMC_01_01479,0,non_landslide,71_35,2,71.7967261891476,35.572162357027906,raster-matched control,conventional_alphaearth_embeddings,Conventional + AlphaEarth Embeddings,0.21965290432178253,0.30586012648229505,0
1354,RMC_01_00311,0,non_landslide,65_25,1,65.53322287062424,25.715397902026456,raster-matched control,conventional_alphaearth_embeddings,Conventional + AlphaEarth Embeddings,0.10386431893197857,0.41913377540096863,0
1355,RMC_01_01231,0,non_landslide,67_25,3,67.20858087550715,25.8276873125414,raster-matched control,conventional_alphaearth_embeddings,Conventional + AlphaEarth Embeddings,0.1354092577202071,0.3410028221468021,0
1356,CPEC_LANDSLIDE_0131,1,landslide,74_36,2,74.80158961739464,36.585011189171496,Gilgit-Baltistan,conventional_alphaearth_embeddings,Conventional + AlphaEarth Embeddings,0.924742346367959,0.30586012648229505,1
1357,CPEC_ROCKFALL_0842,1,rockfall,74_35,5,74.50963889412238,35.857379538371255,Gilgit-Baltistan,conventional_alphaearth_embeddings,Conventional + AlphaEarth Embeddings,0.9858657738070188,0.3251687994310354,1
1358,CPEC_LANDSLIDE_1056,1,landslide,73_34,2,73.35979280097555,34.54134720806356,KP-AJK,conventional_alphaearth_embeddings,Conventional + AlphaEarth Embeddings,0.9703788021788587,0.30586012648229505,1
1359,RMC_01_00210,0,non_landslide,69_31,2,69.3825038630764,31.635295624374105,raster-matched control,conventional_alphaearth_embeddings,Conventional + AlphaEarth Embeddings,0.07648814815522824,0.30586012648229505,0
1360,CPEC_ROCKFALL_0444,1,rockfall,69_28,1,69.18038440200601,28.828061555921288,Balochistan,conventional_alphaearth_embeddings,Conventional + AlphaEarth Embeddings,0.3735214182932539,0.41913377540096863,0
1361,CPEC_LANDSLIDE_0752,1,landslide,72_32,2,72.47270815560513,32.616705552274205,Punjab-Sindh lowland corridor,conventional_alphaearth_embeddings,Conventional + AlphaEarth Embeddings,0.960040335892068,0.30586012648229505,1
1362,RMC_01_00590,0,non_landslide,75_38,2,75.39447890204629,38.79711422701699,raster-matched control,conventional_alphaearth_embeddings,Conventional + AlphaEarth Embeddings,0.10570155848782527,0.30586012648229505,0
1363,CPEC_LANDSLIDE_0418,1,landslide,75_38,2,75.01044945163699,38.55456936987223,"Kashgar (Xinjiang, China)",conventional_alphaearth_embeddings,Conventional + AlphaEarth Embeddings,0.9902953529618534,0.30586012648229505,1
1364,CPEC_ROCKFALL_0355,1,rockfall,66_27,1,66.51014091817102,27.76580112566624,Balochistan,conventional_alphaearth_embeddings,Conventional + AlphaEarth Embeddings,0.8356688135492734,0.41913377540096863,1
1365,RMC_01_00083,0,non_landslide,71_34,5,71.90676981145225,34.54134556850076,raster-matched control,conventional_alphaearth_embeddings,Conventional + AlphaEarth Embeddings,0.5376780486212454,0.3251687994310354,1
1366,RMC_01_00947,0,non_landslide,75_36,3,75.31587631468584,36.80734587269225,raster-matched control,conventional_alphaearth_embeddings,Conventional + AlphaEarth Embeddings,0.09157195568715408,0.3410028221468021,0
1367,RMC_01_01330,0,non_landslide,75_40,1,75.3720210199433,40.16929082350956,raster-matched control,conventional_alphaearth_embeddings,Conventional + AlphaEarth Embeddings,0.1723370583422962,0.41913377540096863,0
1368,CPEC_LANDSLIDE_0459,1,landslide,75_38,2,75.00371174994524,38.71177497751146,"Kashgar (Xinjiang, China)",conventional_alphaearth_embeddings,Conventional + AlphaEarth Embeddings,0.9848862605589594,0.30586012648229505,1
1369,CPEC_ROCKFALL_0439,1,rockfall,70_29,4,70.03378053891764,29.54671257719989,Punjab-Sindh lowland corridor,conventional_alphaearth_embeddings,Conventional + AlphaEarth Embeddings,0.9792270257215213,0.42499994627304916,1
1370,RMC_01_00917,0,non_landslide,75_38,2,75.48431043045825,38.87122523795685,raster-matched control,conventional_alphaearth_embeddings,Conventional + AlphaEarth Embeddings,0.10088341715650698,0.30586012648229505,0
1371,RMC_01_00524,0,non_landslide,73_35,4,73.84713082515042,35.48457661682625,raster-matched control,conventional_alphaearth_embeddings,Conventional + AlphaEarth Embeddings,0.0771516136476274,0.42499994627304916,0
1372,CPEC_ROCKFALL_0624,1,rockfall,67_30,3,67.21307360823623,30.272101300170256,Balochistan,conventional_alphaearth_embeddings,Conventional + AlphaEarth Embeddings,0.5898174587003143,0.3410028221468021,1
1373,CPEC_LANDSLIDE_0320,1,landslide,75_36,3,75.55617653406297,36.908407493072666,"Kashgar (Xinjiang, China)",conventional_alphaearth_embeddings,Conventional + AlphaEarth Embeddings,0.1739402186054863,0.3410028221468021,0
1374,RMC_01_00802,0,non_landslide,67_25,3,67.15019038203938,25.57615903298793,raster-matched control,conventional_alphaearth_embeddings,Conventional + AlphaEarth Embeddings,0.8101986797334593,0.3410028221468021,1
1375,RMC_01_00380,0,non_landslide,77_37,2,77.50551981972717,37.17790092739155,raster-matched control,conventional_alphaearth_embeddings,Conventional + AlphaEarth Embeddings,0.13205704883209346,0.30586012648229505,0
1376,CPEC_LANDSLIDE_0465,1,landslide,75_38,2,75.03515287147309,38.738725784278486,"Kashgar (Xinjiang, China)",conventional_alphaearth_embeddings,Conventional + AlphaEarth Embeddings,0.9287429292447824,0.30586012648229505,1
1377,CPEC_LANDSLIDE_0862,1,landslide,73_34,2,73.4383978343457,34.411087948090305,KP-AJK,conventional_alphaearth_embeddings,Conventional + AlphaEarth Embeddings,0.2686734098538953,0.30586012648229505,0
1378,RMC_01_00525,0,non_landslide,73_35,4,73.46983840582021,35.554196051345514,raster-matched control,conventional_alphaearth_embeddings,Conventional + AlphaEarth Embeddings,0.197581404540883,0.42499994627304916,0
1379,RMC_01_01481,0,non_landslide,77_37,2,77.49653666688597,37.77977216775163,raster-matched control,conventional_alphaearth_embeddings,Conventional + AlphaEarth Embeddings,0.11131406508206697,0.30586012648229505,0
1380,RMC_01_00737,0,non_landslide,76_34,5,76.62741662950033,34.92986692888245,raster-matched control,conventional_alphaearth_embeddings,Conventional + AlphaEarth Embeddings,0.3060519166954404,0.3251687994310354,0
1381,RMC_01_00215,0,non_landslide,78_39,2,78.0040848024135,39.94695779068998,raster-matched control,conventional_alphaearth_embeddings,Conventional + AlphaEarth Embeddings,0.13510203889399794,0.30586012648229505,0
1382,RMC_01_01145,0,non_landslide,73_35,4,73.3238621721508,35.50029713429834,raster-matched control,conventional_alphaearth_embeddings,Conventional + AlphaEarth Embeddings,0.06125720434664554,0.42499994627304916,0
1383,RMC_01_01122,0,non_landslide,71_33,3,71.8169382830403,33.75531969489617,raster-matched control,conventional_alphaearth_embeddings,Conventional + AlphaEarth Embeddings,0.07429989426560597,0.3410028221468021,0
1384,CPEC_ROCKFALL_0420,1,rockfall,70_29,4,70.01806220770425,29.50179605228853,Punjab-Sindh lowland corridor,conventional_alphaearth_embeddings,Conventional + AlphaEarth Embeddings,0.9681706795796423,0.42499994627304916,1
1385,RMC_01_00122,0,non_landslide,66_28,3,66.9323489256404,28.82356878508,raster-matched control,conventional_alphaearth_embeddings,Conventional + AlphaEarth Embeddings,0.08043452129942898,0.3410028221468021,0
1386,CPEC_LANDSLIDE_1062,1,landslide,74_36,2,74.8083273190864,36.30204555452194,Gilgit-Baltistan,conventional_alphaearth_embeddings,Conventional + AlphaEarth Embeddings,0.9166232250283258,0.30586012648229505,1
1387,CPEC_ROCKFALL_0885,1,rockfall,74_38,1,74.98349864486997,38.61745161292792,"Kashgar (Xinjiang, China)",conventional_alphaearth_embeddings,Conventional + AlphaEarth Embeddings,0.9896303365457462,0.41913377540096863,1
1388,CPEC_ROCKFALL_0953,1,rockfall,75_38,2,75.49329429100727,38.9453382315899,"Kashgar (Xinjiang, China)",conventional_alphaearth_embeddings,Conventional + AlphaEarth Embeddings,0.8241723653323137,0.30586012648229505,1
1389,CPEC_LANDSLIDE_0157,1,landslide,74_36,2,74.71176102667297,36.29530785283018,Gilgit-Baltistan,conventional_alphaearth_embeddings,Conventional + AlphaEarth Embeddings,0.8084952488225663,0.30586012648229505,1
1390,CPEC_ROCKFALL_0495,1,rockfall,68_29,2,68.55156197144908,29.315396710052383,Balochistan,conventional_alphaearth_embeddings,Conventional + AlphaEarth Embeddings,0.954067884581508,0.30586012648229505,1
1391,CPEC_LANDSLIDE_0850,1,landslide,73_34,2,73.44737846386734,34.39985993163772,KP-AJK,conventional_alphaearth_embeddings,Conventional + AlphaEarth Embeddings,0.9023669965399556,0.30586012648229505,1
1392,RMC_01_00376,0,non_landslide,71_35,2,71.6260462851649,35.76080856669301,raster-matched control,conventional_alphaearth_embeddings,Conventional + AlphaEarth Embeddings,0.14688466275080772,0.30586012648229505,0
1393,RMC_01_01315,0,non_landslide,73_35,4,73.35081163067439,35.49805134608805,raster-matched control,conventional_alphaearth_embeddings,Conventional + AlphaEarth Embeddings,0.06584019721335989,0.42499994627304916,0
1394,CPEC_ROCKFALL_0445,1,rockfall,69_28,1,69.1826273298359,28.83255187068211,Balochistan,conventional_alphaearth_embeddings,Conventional + AlphaEarth Embeddings,0.9615851045346371,0.41913377540096863,1
1395,RMC_01_00485,0,non_landslide,74_36,2,74.31874634931316,36.26161933758964,raster-matched control,conventional_alphaearth_embeddings,Conventional + AlphaEarth Embeddings,0.28432648427873886,0.30586012648229505,0
1396,RMC_01_01440,0,non_landslide,66_29,5,66.65162539935305,29.31539640313544,raster-matched control,conventional_alphaearth_embeddings,Conventional + AlphaEarth Embeddings,0.05988503045141524,0.3251687994310354,0
1397,RMC_01_01295,0,non_landslide,74_36,2,74.26933900868659,36.095431010027525,raster-matched control,conventional_alphaearth_embeddings,Conventional + AlphaEarth Embeddings,0.09378253175370652,0.30586012648229505,0
1398,CPEC_LANDSLIDE_0636,1,landslide,64_26,2,64.0128258322897,26.119639248866683,Balochistan,conventional_alphaearth_embeddings,Conventional + AlphaEarth Embeddings,0.9863916301263248,0.30586012648229505,1
1399,CPEC_LANDSLIDE_0051,1,landslide,74_35,5,74.73196967264718,35.79224990838462,Gilgit-Baltistan,conventional_alphaearth_embeddings,Conventional + AlphaEarth Embeddings,0.9828972809689196,0.3251687994310354,1
1400,RMC_01_01325,0,non_landslide,75_37,5,75.47083570119645,37.24976615012111,raster-matched control,conventional_alphaearth_embeddings,Conventional + AlphaEarth Embeddings,0.9619648195573459,0.3251687994310354,1
1401,RMC_01_00983,0,non_landslide,70_33,2,70.4964148153846,33.40497673408956,raster-matched control,conventional_alphaearth_embeddings,Conventional + AlphaEarth Embeddings,0.047253371341016925,0.30586012648229505,0
1402,CPEC_ROCKFALL_0412,1,rockfall,67_26,5,67.18163248670838,26.822571938931887,Punjab-Sindh lowland corridor,conventional_alphaearth_embeddings,Conventional + AlphaEarth Embeddings,0.9593261412242953,0.3251687994310354,1
1403,CPEC_ROCKFALL_0819,1,rockfall,75_35,1,75.83689924088264,35.32737078715868,Gilgit-Baltistan,conventional_alphaearth_embeddings,Conventional + AlphaEarth Embeddings,0.9731748791641203,0.41913377540096863,1
1404,CPEC_LANDSLIDE_0590,1,landslide,66_27,1,66.91213779634127,27.88707529701681,Balochistan,conventional_alphaearth_embeddings,Conventional + AlphaEarth Embeddings,0.9829417645398277,0.41913377540096863,1
1405,CPEC_LANDSLIDE_0189,1,landslide,74_36,2,74.29853613205015,36.21895020639097,Gilgit-Baltistan,conventional_alphaearth_embeddings,Conventional + AlphaEarth Embeddings,0.9474468246247975,0.30586012648229505,1
1406,CPEC_LANDSLIDE_0987,1,landslide,75_35,1,75.85486495902698,35.286949036109185,Gilgit-Baltistan,conventional_alphaearth_embeddings,Conventional + AlphaEarth Embeddings,0.9722045209719133,0.41913377540096863,1
1407,RMC_01_01225,0,non_landslide,65_25,1,65.7982258794395,25.984892487262314,raster-matched control,conventional_alphaearth_embeddings,Conventional + AlphaEarth Embeddings,0.21758958051646,0.41913377540096863,0
1408,RMC_01_00675,0,non_landslide,72_32,2,72.72199093179071,32.666112412901256,raster-matched control,conventional_alphaearth_embeddings,Conventional + AlphaEarth Embeddings,0.14306524627376047,0.30586012648229505,0
1409,CPEC_ROCKFALL_0237,1,rockfall,66_26,4,66.19123938813173,26.18925919361413,Balochistan,conventional_alphaearth_embeddings,Conventional + AlphaEarth Embeddings,0.8174796881378353,0.42499994627304916,1
1410,RMC_01_01430,0,non_landslide,65_26,3,65.38949242516512,26.91240301811572,raster-matched control,conventional_alphaearth_embeddings,Conventional + AlphaEarth Embeddings,0.12238717600658135,0.3410028221468021,0
1411,CPEC_LANDSLIDE_0475,1,landslide,75_38,2,75.08905002590608,38.74770641380013,"Kashgar (Xinjiang, China)",conventional_alphaearth_embeddings,Conventional + AlphaEarth Embeddings,0.9478805538003147,0.30586012648229505,1
1412,CPEC_LANDSLIDE_0755,1,landslide,72_32,2,72.48618355898866,32.62344325396595,Punjab-Sindh lowland corridor,conventional_alphaearth_embeddings,Conventional + AlphaEarth Embeddings,0.9820111207515876,0.30586012648229505,1
1413,CPEC_LANDSLIDE_0599,1,landslide,64_28,1,64.94482700257149,28.879711323423347,Balochistan,conventional_alphaearth_embeddings,Conventional + AlphaEarth Embeddings,0.9807584284992711,0.41913377540096863,1
1414,CPEC_ROCKFALL_0960,1,rockfall,75_38,2,75.54045374374851,38.98800736957033,"Kashgar (Xinjiang, China)",conventional_alphaearth_embeddings,Conventional + AlphaEarth Embeddings,0.9541087786927527,0.30586012648229505,1
1415,CPEC_ROCKFALL_0720,1,rockfall,72_34,1,72.81856049241145,34.03379894885719,KP-AJK,conventional_alphaearth_embeddings,Conventional + AlphaEarth Embeddings,0.9833930665442635,0.41913377540096863,1
1416,CPEC_ROCKFALL_0626,1,rockfall,67_30,3,67.20633590654447,30.272101300170256,Balochistan,conventional_alphaearth_embeddings,Conventional + AlphaEarth Embeddings,0.49272349164684204,0.3410028221468021,1
1417,RMC_01_01461,0,non_landslide,68_30,4,68.83902311618408,30.727997187413383,raster-matched control,conventional_alphaearth_embeddings,Conventional + AlphaEarth Embeddings,0.09061343440055702,0.42499994627304916,0
1418,RMC_01_00880,0,non_landslide,74_36,2,74.28730531436898,36.17852517380858,raster-matched control,conventional_alphaearth_embeddings,Conventional + AlphaEarth Embeddings,0.06076849168598947,0.30586012648229505,0
1419,RMC_01_01239,0,non_landslide,67_29,1,67.4937959782151,29.93523394917791,raster-matched control,conventional_alphaearth_embeddings,Conventional + AlphaEarth Embeddings,0.11525225306798828,0.41913377540096863,0
1420,CPEC_ROCKFALL_0639,1,rockfall,68_29,2,68.07994514853138,29.955447157061897,Balochistan,conventional_alphaearth_embeddings,Conventional + AlphaEarth Embeddings,0.979730284664828,0.30586012648229505,1
1421,RMC_01_00061,0,non_landslide,66_27,1,66.29005349749494,27.06960819283664,raster-matched control,conventional_alphaearth_embeddings,Conventional + AlphaEarth Embeddings,0.060725229850491474,0.41913377540096863,0
1422,CPEC_ROCKFALL_0584,1,rockfall,67_29,1,67.49154892812498,29.47035493076068,Balochistan,conventional_alphaearth_embeddings,Conventional + AlphaEarth Embeddings,0.9787449899099792,0.41913377540096863,1
1423,CPEC_LANDSLIDE_0066,1,landslide,75_36,3,75.2799441420041,36.838787548325215,Gilgit-Baltistan,conventional_alphaearth_embeddings,Conventional + AlphaEarth Embeddings,0.7937625531097112,0.3410028221468021,1
1424,RMC_01_01014,0,non_landslide,74_35,5,74.74095453284934,35.50029713429834,raster-matched control,conventional_alphaearth_embeddings,Conventional + AlphaEarth Embeddings,0.14700472382972743,0.3251687994310354,0
1425,RMC_01_00208,0,non_landslide,65_27,5,65.91276107816475,27.71190362098209,raster-matched control,conventional_alphaearth_embeddings,Conventional + AlphaEarth Embeddings,0.04392074554106574,0.3251687994310354,0
1426,CPEC_ROCKFALL_0442,1,rockfall,70_29,4,70.03602792584859,29.551202891960703,Punjab-Sindh lowland corridor,conventional_alphaearth_embeddings,Conventional + AlphaEarth Embeddings,0.9779209772211184,0.42499994627304916,1
1427,RMC_01_01164,0,non_landslide,74_35,5,74.62641933412411,35.522755016401334,raster-matched control,conventional_alphaearth_embeddings,Conventional + AlphaEarth Embeddings,0.024270127317312238,0.3251687994310354,0
1428,RMC_01_00429,0,non_landslide,74_36,2,74.99248281240281,36.86798215437032,raster-matched control,conventional_alphaearth_embeddings,Conventional + AlphaEarth Embeddings,0.922378370814049,0.30586012648229505,1
1429,RMC_01_00353,0,non_landslide,65_29,4,65.71962329207905,29.2008612044102,raster-matched control,conventional_alphaearth_embeddings,Conventional + AlphaEarth Embeddings,0.07726074825505683,0.42499994627304916,0
1430,RMC_01_00375,0,non_landslide,75_35,1,75.5831251117114,35.51152607534984,raster-matched control,conventional_alphaearth_embeddings,Conventional + AlphaEarth Embeddings,0.07673813488342733,0.41913377540096863,0
1431,CPEC_LANDSLIDE_0091,1,landslide,74_36,2,74.9812557170401,36.88145668630564,Gilgit-Baltistan,conventional_alphaearth_embeddings,Conventional + AlphaEarth Embeddings,0.2417722556191605,0.30586012648229505,0
1432,RMC_01_00173,0,non_landslide,63_26,1,63.96566269983568,26.08595295672576,raster-matched control,conventional_alphaearth_embeddings,Conventional + AlphaEarth Embeddings,0.15878441477844982,0.41913377540096863,0
1433,RMC_01_00080,0,non_landslide,72_33,4,72.85224664798805,33.49705405071181,raster-matched control,conventional_alphaearth_embeddings,Conventional + AlphaEarth Embeddings,0.0833456977257712,0.42499994627304916,0
1434,CPEC_LANDSLIDE_0020,1,landslide,74_39,3,74.44900403799763,39.37428145742613,"Kashgar (Xinjiang, China)",conventional_alphaearth_embeddings,Conventional + AlphaEarth Embeddings,0.126961164312593,0.3410028221468021,0
1435,CPEC_LANDSLIDE_0209,1,landslide,74_35,5,74.38162702108005,35.96742123416819,Gilgit-Baltistan,conventional_alphaearth_embeddings,Conventional + AlphaEarth Embeddings,0.41287769132608887,0.3251687994310354,1
1436,RMC_01_00663,0,non_landslide,67_29,1,67.40171866159285,29.62756096436697,raster-matched control,conventional_alphaearth_embeddings,Conventional + AlphaEarth Embeddings,0.893369877570377,0.41913377540096863,1
1437,RMC_01_00519,0,non_landslide,74_36,2,74.29179689078958,36.021319999087666,raster-matched control,conventional_alphaearth_embeddings,Conventional + AlphaEarth Embeddings,0.052514278083426666,0.30586012648229505,0
1438,RMC_01_01049,0,non_landslide,68_26,1,68.85923521007678,26.83380043075526,raster-matched control,conventional_alphaearth_embeddings,Conventional + AlphaEarth Embeddings,0.13386208654795284,0.41913377540096863,0
1439,CPEC_ROCKFALL_0447,1,rockfall,69_28,1,69.18712210369777,28.83704218544293,Balochistan,conventional_alphaearth_embeddings,Conventional + AlphaEarth Embeddings,0.964727794962787,0.41913377540096863,1
1440,CPEC_LANDSLIDE_0352,1,landslide,75_37,5,75.30913787660101,37.86735947012148,"Kashgar (Xinjiang, China)",conventional_alphaearth_embeddings,Conventional + AlphaEarth Embeddings,0.9770160646844149,0.3251687994310354,1
1441,CPEC_LANDSLIDE_0749,1,landslide,70_32,5,70.38412319048479,32.93335969538256,KP-AJK,conventional_alphaearth_embeddings,Conventional + AlphaEarth Embeddings,0.9890681492032044,0.3251687994310354,1
1442,RMC_01_00506,0,non_landslide,73_35,4,73.45411788834812,35.522755016401334,raster-matched control,conventional_alphaearth_embeddings,Conventional + AlphaEarth Embeddings,0.10190920811942909,0.42499994627304916,0
1443,CPEC_LANDSLIDE_0990,1,landslide,75_35,1,75.86385004764968,35.24652282595866,Gilgit-Baltistan,conventional_alphaearth_embeddings,Conventional + AlphaEarth Embeddings,0.9201345017566024,0.41913377540096863,1
1444,RMC_01_00665,0,non_landslide,63_26,1,63.961171123415085,26.092690321356656,raster-matched control,conventional_alphaearth_embeddings,Conventional + AlphaEarth Embeddings,0.28884308748974746,0.41913377540096863,0
1445,CPEC_ROCKFALL_0576,1,rockfall,67_29,1,67.21981130992799,29.46586461599985,Balochistan,conventional_alphaearth_embeddings,Conventional + AlphaEarth Embeddings,0.9704799144578613,0.41913377540096863,1
1446,CPEC_ROCKFALL_0006,1,rockfall,76_38,3,76.00308547804353,38.404101463924746,"Kashgar (Xinjiang, China)",conventional_alphaearth_embeddings,Conventional + AlphaEarth Embeddings,0.11282155481699303,0.3410028221468021,0
1447,RMC_01_00858,0,non_landslide,73_35,4,73.75954508494877,35.5833912980794,raster-matched control,conventional_alphaearth_embeddings,Conventional + AlphaEarth Embeddings,0.05151274370335834,0.42499994627304916,0
1448,RMC_01_00795,0,non_landslide,63_26,1,63.95218797057389,26.06798665104337,raster-matched control,conventional_alphaearth_embeddings,Conventional + AlphaEarth Embeddings,0.14580738132507606,0.41913377540096863,0
1449,CPEC_LANDSLIDE_0887,1,landslide,73_34,2,73.47881958539519,34.40210731856866,KP-AJK,conventional_alphaearth_embeddings,Conventional + AlphaEarth Embeddings,0.9493850667769237,0.30586012648229505,1
1450,CPEC_LANDSLIDE_0176,1,landslide,74_36,2,74.48493547428629,36.24814394098788,Gilgit-Baltistan,conventional_alphaearth_embeddings,Conventional + AlphaEarth Embeddings,0.6758805066737786,0.30586012648229505,1
1451,RMC_01_00090,0,non_landslide,72_34,1,72.28181644257215,34.61096500302002,raster-matched control,conventional_alphaearth_embeddings,Conventional + AlphaEarth Embeddings,0.19565813157036616,0.41913377540096863,0
1452,RMC_01_01316,0,non_landslide,73_35,4,73.74831614389727,35.52500080461163,raster-matched control,conventional_alphaearth_embeddings,Conventional + AlphaEarth Embeddings,0.1734554527210122,0.42499994627304916,0
1453,CPEC_LANDSLIDE_0358,1,landslide,75_37,5,75.51575032391243,37.83142357473175,"Kashgar (Xinjiang, China)",conventional_alphaearth_embeddings,Conventional + AlphaEarth Embeddings,0.9802500040158658,0.3251687994310354,1
1454,RMC_01_00261,0,non_landslide,66_27,1,66.99073941910817,27.44914640037713,raster-matched control,conventional_alphaearth_embeddings,Conventional + AlphaEarth Embeddings,0.6883574161752035,0.41913377540096863,1
1455,CPEC_LANDSLIDE_0310,1,landslide,72_35,3,72.89716106668054,35.03317267695548,KP-AJK,conventional_alphaearth_embeddings,Conventional + AlphaEarth Embeddings,0.9874421734471354,0.3410028221468021,1
1456,CPEC_ROCKFALL_0812,1,rockfall,75_35,1,75.81219582104656,35.338598803611255,Gilgit-Baltistan,conventional_alphaearth_embeddings,Conventional + AlphaEarth Embeddings,0.576769411937943,0.41913377540096863,1
1457,CPEC_LANDSLIDE_0719,1,landslide,66_29,5,66.8829396026433,29.99137859335056,Balochistan,conventional_alphaearth_embeddings,Conventional + AlphaEarth Embeddings,0.9910218047211505,0.3251687994310354,1
1458,CPEC_ROCKFALL_0092,1,rockfall,65_27,5,65.72636026690579,27.278465971535148,Balochistan,conventional_alphaearth_embeddings,Conventional + AlphaEarth Embeddings,0.9840473877027425,0.3251687994310354,1
1459,CPEC_ROCKFALL_0922,1,rockfall,75_38,2,75.49104690407633,38.8846989163641,"Kashgar (Xinjiang, China)",conventional_alphaearth_embeddings,Conventional + AlphaEarth Embeddings,0.20677059774279286,0.30586012648229505,0
1460,RMC_01_00612,0,non_landslide,74_35,5,74.56578305244604,35.46885609935416,raster-matched control,conventional_alphaearth_embeddings,Conventional + AlphaEarth Embeddings,0.8251083642673205,0.3251687994310354,1
1461,RMC_01_00481,0,non_landslide,74_35,5,74.36815368993975,35.839411154053465,raster-matched control,conventional_alphaearth_embeddings,Conventional + AlphaEarth Embeddings,0.49933619325079526,0.3251687994310354,1
1462,CPEC_LANDSLIDE_0052,1,landslide,74_35,5,74.6398936949946,35.81920071515166,Gilgit-Baltistan,conventional_alphaearth_embeddings,Conventional + AlphaEarth Embeddings,0.818857215492623,0.3251687994310354,1
1463,RMC_01_00761,0,non_landslide,74_36,2,74.8173113319995,36.56480074597998,raster-matched control,conventional_alphaearth_embeddings,Conventional + AlphaEarth Embeddings,0.17250044220913688,0.30586012648229505,0
1464,RMC_01_00694,0,non_landslide,73_34,2,73.39797318309066,34.249393101161914,raster-matched control,conventional_alphaearth_embeddings,Conventional + AlphaEarth Embeddings,0.20929736542162938,0.30586012648229505,0
1465,CPEC_ROCKFALL_0646,1,rockfall,68_30,4,68.15855018190152,30.04303281995368,Balochistan,conventional_alphaearth_embeddings,Conventional + AlphaEarth Embeddings,0.7665957557839878,0.42499994627304916,1
1466,CPEC_LANDSLIDE_0891,1,landslide,73_34,2,73.48555728708695,34.4110879480903,KP-AJK,conventional_alphaearth_embeddings,Conventional + AlphaEarth Embeddings,0.9545906547084475,0.30586012648229505,1
1467,RMC_01_01082,0,non_landslide,66_26,4,66.77065217449889,26.658628950351957,raster-matched control,conventional_alphaearth_embeddings,Conventional + AlphaEarth Embeddings,0.6533498401414991,0.42499994627304916,1
1468,RMC_01_00496,0,non_landslide,74_36,2,74.39510314846332,36.24140724369695,raster-matched control,conventional_alphaearth_embeddings,Conventional + AlphaEarth Embeddings,0.18436528170768876,0.30586012648229505,0
1469,CPEC_LANDSLIDE_0277,1,landslide,73_35,4,73.5686526352179,35.52949291970927,KP-AJK,conventional_alphaearth_embeddings,Conventional + AlphaEarth Embeddings,0.9854584531992809,0.42499994627304916,1
1470,CPEC_ROCKFALL_0339,1,rockfall,66_26,4,66.46297700632873,26.297057961581192,Balochistan,conventional_alphaearth_embeddings,Conventional + AlphaEarth Embeddings,0.8611571014802125,0.42499994627304916,1
1471,RMC_01_00007,0,non_landslide,72_34,1,72.9420781764,34.768170177740934,raster-matched control,conventional_alphaearth_embeddings,Conventional + AlphaEarth Embeddings,0.11259157873387418,0.41913377540096863,0
1472,RMC_01_00604,0,non_landslide,75_38,2,75.22829057448418,38.7791479213346,raster-matched control,conventional_alphaearth_embeddings,Conventional + AlphaEarth Embeddings,0.09914432705231582,0.30586012648229505,0
1473,RMC_01_01244,0,non_landslide,68_30,4,68.30677131034327,30.59774147121605,raster-matched control,conventional_alphaearth_embeddings,Conventional + AlphaEarth Embeddings,0.04689598883189736,0.42499994627304916,0
1474,RMC_01_01283,0,non_landslide,73_35,4,73.68543407400891,35.54970447492492,raster-matched control,conventional_alphaearth_embeddings,Conventional + AlphaEarth Embeddings,0.10612518390651145,0.42499994627304916,0
1475,RMC_01_00948,0,non_landslide,75_36,3,75.18337481027821,36.86573636616002,raster-matched control,conventional_alphaearth_embeddings,Conventional + AlphaEarth Embeddings,0.025927142176815018,0.3410028221468021,0
1476,CPEC_ROCKFALL_0196,1,rockfall,65_26,3,65.31987307397472,26.456506497050302,Balochistan,conventional_alphaearth_embeddings,Conventional + AlphaEarth Embeddings,0.8512145469705031,0.3410028221468021,1
1477,RMC_01_00623,0,non_landslide,76_37,1,76.91263173220828,37.03866205835303,raster-matched control,conventional_alphaearth_embeddings,Conventional + AlphaEarth Embeddings,0.1030930475950163,0.41913377540096863,0
1478,CPEC_LANDSLIDE_0045,1,landslide,74_35,5,74.9857460318009,35.62830659905364,Gilgit-Baltistan,conventional_alphaearth_embeddings,Conventional + AlphaEarth Embeddings,0.968869438950959,0.3251687994310354,1
1479,CPEC_LANDSLIDE_1034,1,landslide,75_35,1,75.55617653406297,35.181393195972014,Gilgit-Baltistan,conventional_alphaearth_embeddings,Conventional + AlphaEarth Embeddings,0.6486651239067576,0.41913377540096863,1
1480,CPEC_LANDSLIDE_0436,1,landslide,74_38,1,74.99248373349266,38.583763104469135,"Kashgar (Xinjiang, China)",conventional_alphaearth_embeddings,Conventional + AlphaEarth Embeddings,0.9841460320079499,0.41913377540096863,1
1481,CPEC_LANDSLIDE_0750,1,landslide,70_32,5,70.75917372098907,32.30454172392667,KP-AJK,conventional_alphaearth_embeddings,Conventional + AlphaEarth Embeddings,0.10078651183694838,0.3251687994310354,0
1482,RMC_01_00118,0,non_landslide,67_28,4,67.09853725320251,28.650643092886995,raster-matched control,conventional_alphaearth_embeddings,Conventional + AlphaEarth Embeddings,0.2867835715837564,0.42499994627304916,0
1483,CPEC_LANDSLIDE_0273,1,landslide,73_35,4,73.60907884536844,35.563181428168065,Gilgit-Baltistan,conventional_alphaearth_embeddings,Conventional + AlphaEarth Embeddings,0.9408262487501573,0.42499994627304916,1
1484,CPEC_ROCKFALL_0091,1,rockfall,65_27,5,65.64102199094494,27.148211170662936,Balochistan,conventional_alphaearth_embeddings,Conventional + AlphaEarth Embeddings,0.9774730924363669,0.3251687994310354,1
1485,CPEC_ROCKFALL_0712,1,rockfall,71_33,3,71.36328827260886,33.44540272845079,KP-AJK,conventional_alphaearth_embeddings,Conventional + AlphaEarth Embeddings,0.9917800878594779,0.3410028221468021,1
1486,RMC_01_01072,0,non_landslide,62_25,3,62.21843947222321,25.93773093484604,raster-matched control,conventional_alphaearth_embeddings,Conventional + AlphaEarth Embeddings,0.14862192128735002,0.3410028221468021,0
1487,RMC_01_01355,0,non_landslide,76_37,1,76.73746025180498,37.15768883349886,raster-matched control,conventional_alphaearth_embeddings,Conventional + AlphaEarth Embeddings,0.09838715984682964,0.41913377540096863,0
1488,RMC_01_00536,0,non_landslide,74_39,3,74.18399905669524,39.78301525133816,raster-matched control,conventional_alphaearth_embeddings,Conventional + AlphaEarth Embeddings,0.13880774541329477,0.3410028221468021,0
1489,CPEC_LANDSLIDE_0090,1,landslide,74_36,2,74.99922143518441,36.85226295170872,Gilgit-Baltistan,conventional_alphaearth_embeddings,Conventional + AlphaEarth Embeddings,0.7520312178105751,0.30586012648229505,1
1490,RMC_01_00348,0,non_landslide,65_26,3,65.33783929632826,26.23417497860548,raster-matched control,conventional_alphaearth_embeddings,Conventional + AlphaEarth Embeddings,0.19851182053726554,0.3410028221468021,0
1491,RMC_01_00817,0,non_landslide,63_27,3,63.729854937754304,27.45363797679773,raster-matched control,conventional_alphaearth_embeddings,Conventional + AlphaEarth Embeddings,0.0787801863897713,0.3410028221468021,0
1492,CPEC_LANDSLIDE_0480,1,landslide,75_38,2,75.07557908162362,38.7454590268692,"Kashgar (Xinjiang, China)",conventional_alphaearth_embeddings,Conventional + AlphaEarth Embeddings,0.9800896267913575,0.30586012648229505,1
1493,RMC_01_00500,0,non_landslide,73_35,4,73.60458569843814,35.53622974566313,raster-matched control,conventional_alphaearth_embeddings,Conventional + AlphaEarth Embeddings,0.12950252244064991,0.42499994627304916,0
1494,CPEC_LANDSLIDE_0775,1,landslide,72_34,1,72.02804213945446,34.53685243420169,KP-AJK,conventional_alphaearth_embeddings,Conventional + AlphaEarth Embeddings,0.4115306058071764,0.41913377540096863,0
1495,CPEC_ROCKFALL_0658,1,rockfall,70_31,3,70.0203095946352,31.42643770807789,KP-AJK,conventional_alphaearth_embeddings,Conventional + AlphaEarth Embeddings,0.6329513022672238,0.3410028221468021,1
1496,RMC_01_01471,0,non_landslide,69_29,3,69.96640879775408,29.980149713383888,raster-matched control,conventional_alphaearth_embeddings,Conventional + AlphaEarth Embeddings,0.05507353706045873,0.3410028221468021,0
1497,RMC_01_01073,0,non_landslide,66_25,2,66.1822556634006,25.78501733654572,raster-matched control,conventional_alphaearth_embeddings,Conventional + AlphaEarth Embeddings,0.586803140689655,0.30586012648229505,1
1498,CPEC_LANDSLIDE_0762,1,landslide,72_34,1,72.79385707257536,34.02032354547369,KP-AJK,conventional_alphaearth_embeddings,Conventional + AlphaEarth Embeddings,0.9887960561729413,0.41913377540096863,1
1499,CPEC_LANDSLIDE_0558,1,landslide,75_38,2,75.42367434625982,38.81507897161664,"Kashgar (Xinjiang, China)",conventional_alphaearth_embeddings,Conventional + AlphaEarth Embeddings,0.9847964963356421,0.30586012648229505,1
1500,RMC_01_01148,0,non_landslide,73_35,4,73.6876798622192,35.52500080461163,raster-matched control,conventional_alphaearth_embeddings,Conventional + AlphaEarth Embeddings,0.06545718786788843,0.42499994627304916,0
1501,RMC_01_00545,0,non_landslide,75_38,2,75.04189015302939,38.45350863084127,raster-matched control,conventional_alphaearth_embeddings,Conventional + AlphaEarth Embeddings,0.2332926762311844,0.30586012648229505,0
1502,CPEC_LANDSLIDE_0466,1,landslide,75_38,2,75.04189057316484,38.74096871210836,"Kashgar (Xinjiang, China)",conventional_alphaearth_embeddings,Conventional + AlphaEarth Embeddings,0.9751206714497153,0.30586012648229505,1
1503,RMC_01_00763,0,non_landslide,73_35,4,73.28343798436542,35.61258654481328,raster-matched control,conventional_alphaearth_embeddings,Conventional + AlphaEarth Embeddings,0.09456141094740098,0.42499994627304916,0
1504,CPEC_ROCKFALL_0106,1,rockfall,65_27,5,65.82293101842026,27.455884684249643,Balochistan,conventional_alphaearth_embeddings,Conventional + AlphaEarth Embeddings,0.9814018252223556,0.3251687994310354,1
1505,CPEC_ROCKFALL_0322,1,rockfall,66_29,5,66.75942250346286,29.616332521947346,Balochistan,conventional_alphaearth_embeddings,Conventional + AlphaEarth Embeddings,0.8295640394260589,0.3251687994310354,1
1506,CPEC_LANDSLIDE_0097,1,landslide,74_36,2,74.96104261196481,36.83204984663346,Gilgit-Baltistan,conventional_alphaearth_embeddings,Conventional + AlphaEarth Embeddings,0.9436205026392772,0.30586012648229505,1
1507,CPEC_ROCKFALL_0803,1,rockfall,75_35,1,75.19460586604325,35.590127775834034,Gilgit-Baltistan,conventional_alphaearth_embeddings,Conventional + AlphaEarth Embeddings,0.9585934851239197,0.41913377540096863,1
1508,CPEC_LANDSLIDE_0397,1,landslide,75_38,2,75.01943008115863,38.54334135341965,"Kashgar (Xinjiang, China)",conventional_alphaearth_embeddings,Conventional + AlphaEarth Embeddings,0.9905930487907267,0.30586012648229505,1
1509,RMC_01_00887,0,non_landslide,76_37,1,76.90140279115678,37.06336572866631,raster-matched control,conventional_alphaearth_embeddings,Conventional + AlphaEarth Embeddings,0.11000567031187923,0.41913377540096863,0
1510,CPEC_LANDSLIDE_0615,1,landslide,65_27,5,65.32885816259741,27.918516418544662,Balochistan,conventional_alphaearth_embeddings,Conventional + AlphaEarth Embeddings,0.9743573529066837,0.3251687994310354,1
1511,RMC_01_00248,0,non_landslide,69_31,2,69.86085675187005,31.992375949811613,raster-matched control,conventional_alphaearth_embeddings,Conventional + AlphaEarth Embeddings,0.06125404105111311,0.30586012648229505,0
1512,CPEC_LANDSLIDE_0593,1,landslide,67_28,4,67.05137768583617,28.0128397831282,Balochistan,conventional_alphaearth_embeddings,Conventional + AlphaEarth Embeddings,0.9834438954158488,0.42499994627304916,1
1513,RMC_01_01294,0,non_landslide,73_35,4,73.81793557841654,35.53622974566313,raster-matched control,conventional_alphaearth_embeddings,Conventional + AlphaEarth Embeddings,0.253918536317693,0.42499994627304916,0
1514,CPEC_LANDSLIDE_0900,1,landslide,76_35,2,76.09516591479718,35.181393195972014,Gilgit-Baltistan,conventional_alphaearth_embeddings,Conventional + AlphaEarth Embeddings,0.9774858296817405,0.30586012648229505,1
1515,CPEC_LANDSLIDE_0321,1,landslide,75_36,3,75.55617653406297,36.91065042090255,"Kashgar (Xinjiang, China)",conventional_alphaearth_embeddings,Conventional + AlphaEarth Embeddings,0.7268943143234877,0.3410028221468021,1
1516,CPEC_ROCKFALL_0588,1,rockfall,67_29,1,67.43091407200022,29.602857118563826,Balochistan,conventional_alphaearth_embeddings,Conventional + AlphaEarth Embeddings,0.9844016250181453,0.41913377540096863,1
1517,RMC_01_00436,0,non_landslide,74_36,2,74.96328756566892,36.80060850806135,raster-matched control,conventional_alphaearth_embeddings,Conventional + AlphaEarth Embeddings,0.27501825824469717,0.30586012648229505,0
1518,RMC_01_00466,0,non_landslide,76_36,4,76.98449695493784,36.82531217837464,raster-matched control,conventional_alphaearth_embeddings,Conventional + AlphaEarth Embeddings,0.644152005290225,0.42499994627304916,1
1519,RMC_01_00935,0,non_landslide,75_39,4,75.0171864827161,39.09804984719703,raster-matched control,conventional_alphaearth_embeddings,Conventional + AlphaEarth Embeddings,0.426535236503669,0.42499994627304916,1
1520,CPEC_ROCKFALL_0820,1,rockfall,75_35,1,75.85486495902698,35.30266736732259,Gilgit-Baltistan,conventional_alphaearth_embeddings,Conventional + AlphaEarth Embeddings,0.2756726715745677,0.41913377540096863,0
1521,RMC_01_00486,0,non_landslide,74_36,2,74.47819731224438,36.257127761169045,raster-matched control,conventional_alphaearth_embeddings,Conventional + AlphaEarth Embeddings,0.18019758430931151,0.30586012648229505,0
1522,CPEC_ROCKFALL_0625,1,rockfall,67_30,3,67.20633590654447,30.274348687101185,Balochistan,conventional_alphaearth_embeddings,Conventional + AlphaEarth Embeddings,0.9490452494977262,0.3410028221468021,1
1523,CPEC_ROCKFALL_0231,1,rockfall,66_26,4,66.17102628305646,26.162308386847105,Balochistan,conventional_alphaearth_embeddings,Conventional + AlphaEarth Embeddings,0.9758227540120369,0.42499994627304916,1
1524,CPEC_LANDSLIDE_0232,1,landslide,74_35,5,74.57925883886983,35.78326481976193,Gilgit-Baltistan,conventional_alphaearth_embeddings,Conventional + AlphaEarth Embeddings,0.9746655660374534,0.3251687994310354,1
1525,CPEC_LANDSLIDE_0204,1,landslide,74_36,2,74.30077905988003,36.11339882535486,Gilgit-Baltistan,conventional_alphaearth_embeddings,Conventional + AlphaEarth Embeddings,0.9850972088460225,0.30586012648229505,1
1526,RMC_01_01261,0,non_landslide,73_35,4,73.96615760029626,35.47334767577476,raster-matched control,conventional_alphaearth_embeddings,Conventional + AlphaEarth Embeddings,0.04901625260390527,0.42499994627304916,0
1527,CPEC_ROCKFALL_0815,1,rockfall,75_35,1,75.83240892612183,35.3318611019195,Gilgit-Baltistan,conventional_alphaearth_embeddings,Conventional + AlphaEarth Embeddings,0.5045458514122589,0.41913377540096863,1
1528,CPEC_ROCKFALL_0063,1,rockfall,63_26,1,63.98362763859175,26.402609342617307,Balochistan,conventional_alphaearth_embeddings,Conventional + AlphaEarth Embeddings,0.9771403296436759,0.41913377540096863,1
1529,CPEC_LANDSLIDE_0757,1,landslide,72_32,2,72.60072002864746,32.627933568726775,Punjab-Sindh lowland corridor,conventional_alphaearth_embeddings,Conventional + AlphaEarth Embeddings,0.9899466040997069,0.30586012648229505,1
1530,RMC_01_01043,0,non_landslide,68_26,1,68.85249784544588,26.82257148970377,raster-matched control,conventional_alphaearth_embeddings,Conventional + AlphaEarth Embeddings,0.1356367898253382,0.41913377540096863,0
1531,CPEC_LANDSLIDE_1071,1,landslide,74_36,2,74.7836238992503,36.205474803007455,Gilgit-Baltistan,conventional_alphaearth_embeddings,Conventional + AlphaEarth Embeddings,0.9723401111634224,0.30586012648229505,1
1532,CPEC_LANDSLIDE_0665,1,landslide,65_26,3,65.67246311247278,26.272354541745106,Balochistan,conventional_alphaearth_embeddings,Conventional + AlphaEarth Embeddings,0.1707959262885157,0.3410028221468021,0
1533,RMC_01_00346,0,non_landslide,68_30,4,68.51787540211136,30.220449051885858,raster-matched control,conventional_alphaearth_embeddings,Conventional + AlphaEarth Embeddings,0.9394413673236458,0.42499994627304916,1
1534,RMC_01_00941,0,non_landslide,74_36,2,74.20421115058792,36.01458263445677,raster-matched control,conventional_alphaearth_embeddings,Conventional + AlphaEarth Embeddings,0.16809403252100794,0.30586012648229505,0
1535,RMC_01_01387,0,non_landslide,74_35,5,74.64887721622709,35.82144484837107,raster-matched control,conventional_alphaearth_embeddings,Conventional + AlphaEarth Embeddings,0.17046455542263375,0.3251687994310354,0
1536,RMC_01_00052,0,non_landslide,67_29,1,67.3208702860221,29.87459766749984,raster-matched control,conventional_alphaearth_embeddings,Conventional + AlphaEarth Embeddings,0.2047776825195421,0.41913377540096863,0
1537,CPEC_LANDSLIDE_0140,1,landslide,74_36,2,74.88693235245654,36.470479178613736,Gilgit-Baltistan,conventional_alphaearth_embeddings,Conventional + AlphaEarth Embeddings,0.9253234605816576,0.30586012648229505,1
1538,CPEC_LANDSLIDE_0960,1,landslide,75_35,1,75.473081185932,35.410466135289646,Gilgit-Baltistan,conventional_alphaearth_embeddings,Conventional + AlphaEarth Embeddings,0.3855311439545891,0.41913377540096863,0
1539,CPEC_ROCKFALL_0344,1,rockfall,66_27,1,66.35742562529262,27.73660739106933,Balochistan,conventional_alphaearth_embeddings,Conventional + AlphaEarth Embeddings,0.9755819665757088,0.41913377540096863,1
1540,RMC_01_01020,0,non_landslide,74_35,5,74.19522799774673,35.17465784380502,raster-matched control,conventional_alphaearth_embeddings,Conventional + AlphaEarth Embeddings,0.21657837856316298,0.3251687994310354,0
1541,CPEC_ROCKFALL_0622,1,rockfall,67_30,3,67.20857883437435,30.274348687101185,Balochistan,conventional_alphaearth_embeddings,Conventional + AlphaEarth Embeddings,0.5332018096888669,0.3410028221468021,1
1542,RMC_01_01290,0,non_landslide,74_36,2,74.28281373794839,36.086447857186336,raster-matched control,conventional_alphaearth_embeddings,Conventional + AlphaEarth Embeddings,0.904435161959811,0.30586012648229505,1
1543,CPEC_ROCKFALL_0558,1,rockfall,67_29,1,67.68918074591475,29.59387202994113,Balochistan,conventional_alphaearth_embeddings,Conventional + AlphaEarth Embeddings,0.9677785244908629,0.41913377540096863,1
1544,RMC_01_00899,0,non_landslide,77_37,2,77.37301831531954,37.63379593408221,raster-matched control,conventional_alphaearth_embeddings,Conventional + AlphaEarth Embeddings,0.10015624083539339,0.30586012648229505,0
1545,CPEC_LANDSLIDE_0561,1,landslide,75_38,2,75.43041204795159,38.81507897161664,"Kashgar (Xinjiang, China)",conventional_alphaearth_embeddings,Conventional + AlphaEarth Embeddings,0.9826328772078314,0.30586012648229505,1
1546,RMC_01_01302,0,non_landslide,74_35,5,74.11213383396567,35.309405136422946,raster-matched control,conventional_alphaearth_embeddings,Conventional + AlphaEarth Embeddings,0.40675804541785554,0.3251687994310354,1
1547,RMC_01_00469,0,non_landslide,74_36,2,74.80832817915831,36.54234286387699,raster-matched control,conventional_alphaearth_embeddings,Conventional + AlphaEarth Embeddings,0.19388501385399287,0.30586012648229505,0
1548,RMC_01_00017,0,non_landslide,74_38,1,74.97227071851012,38.5927474998798,raster-matched control,conventional_alphaearth_embeddings,Conventional + AlphaEarth Embeddings,0.167121943272077,0.41913377540096863,0
1549,RMC_01_00381,0,non_landslide,66_28,3,66.741456927765,28.273350673556795,raster-matched control,conventional_alphaearth_embeddings,Conventional + AlphaEarth Embeddings,0.1336454395946048,0.3410028221468021,0
1550,RMC_01_01190,0,non_landslide,71_34,5,71.2465080776244,34.05400952686591,raster-matched control,conventional_alphaearth_embeddings,Conventional + AlphaEarth Embeddings,0.02265724583378131,0.3251687994310354,0
1551,CPEC_ROCKFALL_0028,1,rockfall,67_28,4,67.40845803909507,28.09368774432823,Balochistan,conventional_alphaearth_embeddings,Conventional + AlphaEarth Embeddings,0.21425618487547254,0.42499994627304916,0
1552,RMC_01_00254,0,non_landslide,66_26,4,66.11712780530193,26.72151102024032,raster-matched control,conventional_alphaearth_embeddings,Conventional + AlphaEarth Embeddings,0.11547436924251119,0.42499994627304916,0
1553,CPEC_ROCKFALL_0855,1,rockfall,74_35,5,74.21319339698825,35.40372843359789,Gilgit-Baltistan,conventional_alphaearth_embeddings,Conventional + AlphaEarth Embeddings,0.9832687995260957,0.3251687994310354,1
1554,CPEC_LANDSLIDE_0587,1,landslide,66_27,1,66.90540009464952,27.85563417548897,Balochistan,conventional_alphaearth_embeddings,Conventional + AlphaEarth Embeddings,0.7931395874518522,0.41913377540096863,1
1555,CPEC_LANDSLIDE_0598,1,landslide,64_28,1,64.94482700257149,28.881958710354287,Balochistan,conventional_alphaearth_embeddings,Conventional + AlphaEarth Embeddings,0.9857412114310984,0.41913377540096863,1
1556,RMC_01_00741,0,non_landslide,73_36,1,73.874080283674,36.41208714767966,raster-matched control,conventional_alphaearth_embeddings,Conventional + AlphaEarth Embeddings,0.6311460679148342,0.41913377540096863,1
1557,RMC_01_01201,0,non_landslide,64_26,2,64.118376298136,26.169047120506814,raster-matched control,conventional_alphaearth_embeddings,Conventional + AlphaEarth Embeddings,0.07950530939033658,0.30586012648229505,0
1558,RMC_01_00605,0,non_landslide,75_38,2,75.22155320985328,38.761181615652205,raster-matched control,conventional_alphaearth_embeddings,Conventional + AlphaEarth Embeddings,0.07885917246292408,0.30586012648229505,0
1559,CPEC_ROCKFALL_0864,1,rockfall,73_35,4,73.84263764034584,35.489066709558735,Gilgit-Baltistan,conventional_alphaearth_embeddings,Conventional + AlphaEarth Embeddings,0.971746345012184,0.42499994627304916,1
1560,RMC_01_00103,0,non_landslide,69_31,2,69.5464464024282,31.60160880121962,raster-matched control,conventional_alphaearth_embeddings,Conventional + AlphaEarth Embeddings,0.10850216209526373,0.30586012648229505,0
1561,CPEC_ROCKFALL_0589,1,rockfall,67_29,1,67.43091407200022,29.602857118563826,Balochistan,conventional_alphaearth_embeddings,Conventional + AlphaEarth Embeddings,0.9844016250181453,0.41913377540096863,1
1562,RMC_01_01364,0,non_landslide,65_27,5,65.84314164364548,27.5187658348964,raster-matched control,conventional_alphaearth_embeddings,Conventional + AlphaEarth Embeddings,0.16255387628393703,0.3251687994310354,0
1563,RMC_01_00542,0,non_landslide,75_38,2,75.03515278839848,38.428804960527984,raster-matched control,conventional_alphaearth_embeddings,Conventional + AlphaEarth Embeddings,0.09739986958970381,0.30586012648229505,0
1564,CPEC_ROCKFALL_0571,1,rockfall,67_29,1,67.22205423775787,29.47260231769162,Balochistan,conventional_alphaearth_embeddings,Conventional + AlphaEarth Embeddings,0.9795575852526602,0.41913377540096863,1
1565,CPEC_LANDSLIDE_0667,1,landslide,66_26,4,66.16877889612553,26.16006545901723,Balochistan,conventional_alphaearth_embeddings,Conventional + AlphaEarth Embeddings,0.9792249982608751,0.42499994627304916,1
1566,CPEC_LANDSLIDE_0010,1,landslide,74_36,2,74.8936700541483,36.52212894611581,Gilgit-Baltistan,conventional_alphaearth_embeddings,Conventional + AlphaEarth Embeddings,0.13685039620478268,0.30586012648229505,0
1567,RMC_01_00597,0,non_landslide,75_38,2,75.22604478627389,38.75444425102131,raster-matched control,conventional_alphaearth_embeddings,Conventional + AlphaEarth Embeddings,0.1700395259732127,0.30586012648229505,0
1568,RMC_01_00227,0,non_landslide,66_27,1,66.33047768528033,27.725378350243886,raster-matched control,conventional_alphaearth_embeddings,Conventional + AlphaEarth Embeddings,0.12438615732376825,0.41913377540096863,0
1569,CPEC_LANDSLIDE_0848,1,landslide,73_34,2,73.45187323772923,34.395369616876906,KP-AJK,conventional_alphaearth_embeddings,Conventional + AlphaEarth Embeddings,0.41608500229178674,0.30586012648229505,1
1570,RMC_01_00705,0,non_landslide,73_34,2,73.4878047115026,34.00909376265994,raster-matched control,conventional_alphaearth_embeddings,Conventional + AlphaEarth Embeddings,0.14649461966247496,0.30586012648229505,0
1571,RMC_01_01058,0,non_landslide,65_26,3,65.87009110216907,26.17353869692741,raster-matched control,conventional_alphaearth_embeddings,Conventional + AlphaEarth Embeddings,0.11099659366782177,0.3410028221468021,0
1572,RMC_01_01284,0,non_landslide,73_35,4,73.53047468749828,35.51377186356014,raster-matched control,conventional_alphaearth_embeddings,Conventional + AlphaEarth Embeddings,0.06293859196918627,0.42499994627304916,0
1573,CPEC_ROCKFALL_0599,1,rockfall,66_29,5,66.90090977988869,29.96218485875366,Balochistan,conventional_alphaearth_embeddings,Conventional + AlphaEarth Embeddings,0.7024138607608229,0.3251687994310354,1
1574,RMC_01_00442,0,non_landslide,74_36,2,74.78137872063472,36.72874328533179,raster-matched control,conventional_alphaearth_embeddings,Conventional + AlphaEarth Embeddings,0.1148311094059329,0.30586012648229505,0
1575,RMC_01_00211,0,non_landslide,69_31,2,69.35330861634252,31.58588828374753,raster-matched control,conventional_alphaearth_embeddings,Conventional + AlphaEarth Embeddings,0.1273005139569426,0.30586012648229505,0
1576,RMC_01_01478,0,non_landslide,71_35,2,71.71587781357685,35.44415242904088,raster-matched control,conventional_alphaearth_embeddings,Conventional + AlphaEarth Embeddings,0.08245349560120359,0.30586012648229505,0
1577,CPEC_ROCKFALL_0892,1,rockfall,75_38,2,75.18337339048962,38.7454590268692,"Kashgar (Xinjiang, China)",conventional_alphaearth_embeddings,Conventional + AlphaEarth Embeddings,0.9806210414203996,0.30586012648229505,1
1578,CPEC_ROCKFALL_0016,1,rockfall,76_37,1,76.14457275446937,37.82693325997093,"Kashgar (Xinjiang, China)",conventional_alphaearth_embeddings,Conventional + AlphaEarth Embeddings,0.9826778155128343,0.41913377540096863,1
1579,RMC_01_00683,0,non_landslide,73_34,2,73.39123581845976,34.15731578453966,raster-matched control,conventional_alphaearth_embeddings,Conventional + AlphaEarth Embeddings,0.18497781978641042,0.30586012648229505,0
1580,CPEC_ROCKFALL_0289,1,rockfall,66_27,1,66.46747178019059,27.565926380046587,Balochistan,conventional_alphaearth_embeddings,Conventional + AlphaEarth Embeddings,0.5049444866489076,0.41913377540096863,1
1581,RMC_01_00838,0,non_landslide,71_33,3,71.53172318033235,33.654259225432725,raster-matched control,conventional_alphaearth_embeddings,Conventional + AlphaEarth Embeddings,0.040803796165417884,0.3410028221468021,0
1582,CPEC_LANDSLIDE_0324,1,landslide,75_36,3,75.55617653406297,36.91289780783348,"Kashgar (Xinjiang, China)",conventional_alphaearth_embeddings,Conventional + AlphaEarth Embeddings,0.2851247665442587,0.3410028221468021,0
1583,RMC_01_01422,0,non_landslide,65_26,3,65.20084621550002,26.647400009300465,raster-matched control,conventional_alphaearth_embeddings,Conventional + AlphaEarth Embeddings,0.1437602632407678,0.3410028221468021,0
1584,RMC_01_01483,0,non_landslide,68_30,4,68.13159982993996,30.81558292761504,raster-matched control,conventional_alphaearth_embeddings,Conventional + AlphaEarth Embeddings,0.11635492517052426,0.42499994627304916,0
1585,CPEC_LANDSLIDE_0865,1,landslide,73_34,2,73.39797162419516,34.45151415824084,KP-AJK,conventional_alphaearth_embeddings,Conventional + AlphaEarth Embeddings,0.9840586710995275,0.30586012648229505,1
1586,RMC_01_01314,0,non_landslide,71_35,2,71.74731884852103,35.46885609935416,raster-matched control,conventional_alphaearth_embeddings,Conventional + AlphaEarth Embeddings,0.06073061282572036,0.30586012648229505,0
1587,RMC_01_00403,0,non_landslide,74_35,5,74.50963834718857,35.781020660585696,raster-matched control,conventional_alphaearth_embeddings,Conventional + AlphaEarth Embeddings,0.1927511353231557,0.3251687994310354,0
1588,RMC_01_00804,0,non_landslide,67_25,3,67.16141932309088,25.59187955046002,raster-matched control,conventional_alphaearth_embeddings,Conventional + AlphaEarth Embeddings,0.1044627224782041,0.3410028221468021,0
1589,CPEC_ROCKFALL_0822,1,rockfall,75_35,1,75.85486495902698,35.280211334417444,Gilgit-Baltistan,conventional_alphaearth_embeddings,Conventional + AlphaEarth Embeddings,0.9559170106831076,0.41913377540096863,1
1590,CPEC_LANDSLIDE_0876,1,landslide,73_34,2,73.48555728708695,34.375156511801634,KP-AJK,conventional_alphaearth_embeddings,Conventional + AlphaEarth Embeddings,0.3237427768231275,0.30586012648229505,1
1591,CPEC_LANDSLIDE_0513,1,landslide,75_38,2,75.19684879387313,38.77240983363622,"Kashgar (Xinjiang, China)",conventional_alphaearth_embeddings,Conventional + AlphaEarth Embeddings,0.9807332845316846,0.30586012648229505,1
1592,CPEC_ROCKFALL_0037,1,rockfall,66_27,1,66.90540009464952,27.70291888261055,Balochistan,conventional_alphaearth_embeddings,Conventional + AlphaEarth Embeddings,0.9851900778199356,0.41913377540096863,1
1593,RMC_01_01385,0,non_landslide,75_38,2,75.51799725361273,38.94982782531731,raster-matched control,conventional_alphaearth_embeddings,Conventional + AlphaEarth Embeddings,0.10606268212416528,0.30586012648229505,0
1594,CPEC_LANDSLIDE_0190,1,landslide,74_36,2,74.3120070763326,36.23017822284355,Gilgit-Baltistan,conventional_alphaearth_embeddings,Conventional + AlphaEarth Embeddings,0.25475952956313463,0.30586012648229505,0
1595,CPEC_ROCKFALL_0530,1,rockfall,67_29,1,67.91375891137051,29.681457692832915,Balochistan,conventional_alphaearth_embeddings,Conventional + AlphaEarth Embeddings,0.9748778539875812,0.41913377540096863,1
1596,CPEC_LANDSLIDE_0851,1,landslide,73_34,2,73.44737846386734,34.40210731856866,KP-AJK,conventional_alphaearth_embeddings,Conventional + AlphaEarth Embeddings,0.1254430430249675,0.30586012648229505,0
1597,CPEC_LANDSLIDE_0510,1,landslide,75_38,2,75.19684879387313,38.76118181718363,"Kashgar (Xinjiang, China)",conventional_alphaearth_embeddings,Conventional + AlphaEarth Embeddings,0.9746154680864186,0.30586012648229505,1
1598,CPEC_ROCKFALL_0419,1,rockfall,70_29,4,70.01806220770425,29.50628636704935,Punjab-Sindh lowland corridor,conventional_alphaearth_embeddings,Conventional + AlphaEarth Embeddings,0.9621023600400678,0.42499994627304916,1
1599,CPEC_ROCKFALL_0035,1,rockfall,67_27,2,67.32985300572493,27.943219838380752,Balochistan,conventional_alphaearth_embeddings,Conventional + AlphaEarth Embeddings,0.9501409346930746,0.30586012648229505,1
1600,RMC_01_00531,0,non_landslide,74_36,2,74.49391782971648,36.25263618474845,raster-matched control,conventional_alphaearth_embeddings,Conventional + AlphaEarth Embeddings,0.11701494002742731,0.30586012648229505,0
1601,CPEC_LANDSLIDE_0200,1,landslide,74_36,2,74.28056595480476,36.17628106841055,Gilgit-Baltistan,conventional_alphaearth_embeddings,Conventional + AlphaEarth Embeddings,0.813145901788035,0.30586012648229505,1
1602,RMC_01_01498,0,non_landslide,74_35,5,74.25137270300421,35.41720297051729,raster-matched control,conventional_alphaearth_embeddings,Conventional + AlphaEarth Embeddings,0.04536821036173533,0.3251687994310354,0
1603,RMC_01_00643,0,non_landslide,74_36,2,74.66908931011977,36.311026678216216,raster-matched control,conventional_alphaearth_embeddings,Conventional + AlphaEarth Embeddings,0.05999374185372698,0.30586012648229505,0
1604,RMC_01_00687,0,non_landslide,73_33,5,73.42267685340394,33.928245387089184,raster-matched control,conventional_alphaearth_embeddings,Conventional + AlphaEarth Embeddings,0.10305865176943195,0.3251687994310354,0
1605,RMC_01_00158,0,non_landslide,76_37,1,76.74868919285647,37.13073937497528,raster-matched control,conventional_alphaearth_embeddings,Conventional + AlphaEarth Embeddings,0.1636864022373388,0.41913377540096863,0
1606,CPEC_ROCKFALL_0300,1,rockfall,66_27,1,66.5348443380071,27.63779371172497,Balochistan,conventional_alphaearth_embeddings,Conventional + AlphaEarth Embeddings,0.9848448938251014,0.41913377540096863,1
1607,RMC_01_01392,0,non_landslide,75_39,4,75.760542380325,39.63254744124814,raster-matched control,conventional_alphaearth_embeddings,Conventional + AlphaEarth Embeddings,0.08280293878207916,0.42499994627304916,0
1608,CPEC_LANDSLIDE_1008,1,landslide,75_35,1,75.98736714683012,35.19936337321741,Gilgit-Baltistan,conventional_alphaearth_embeddings,Conventional + AlphaEarth Embeddings,0.9563028179744528,0.41913377540096863,1
1609,CPEC_ROCKFALL_0492,1,rockfall,68_29,2,68.55829967314084,29.313149323121447,Balochistan,conventional_alphaearth_embeddings,Conventional + AlphaEarth Embeddings,0.9777151719393975,0.30586012648229505,1
1610,RMC_01_00931,0,non_landslide,74_39,3,74.32997529036466,39.66623426440263,raster-matched control,conventional_alphaearth_embeddings,Conventional + AlphaEarth Embeddings,0.07346572671588941,0.3410028221468021,0
1611,CPEC_LANDSLIDE_1003,1,landslide,75_35,1,75.92448490377443,35.2240667930535,Gilgit-Baltistan,conventional_alphaearth_embeddings,Conventional + AlphaEarth Embeddings,0.9677459167229655,0.41913377540096863,1
1612,RMC_01_01264,0,non_landslide,73_35,4,73.53945784033948,35.52949238103223,raster-matched control,conventional_alphaearth_embeddings,Conventional + AlphaEarth Embeddings,0.07651532695441471,0.42499994627304916,0
1613,CPEC_LANDSLIDE_0153,1,landslide,74_36,2,74.76790556803691,36.29755078066006,Gilgit-Baltistan,conventional_alphaearth_embeddings,Conventional + AlphaEarth Embeddings,0.8749887662692166,0.30586012648229505,1
1614,RMC_01_00607,0,non_landslide,74_35,5,74.60396145202111,35.502542922508646,raster-matched control,conventional_alphaearth_embeddings,Conventional + AlphaEarth Embeddings,0.24302213324107025,0.3251687994310354,0
1615,CPEC_LANDSLIDE_0554,1,landslide,75_38,2,75.40570862811549,38.81732635854758,"Kashgar (Xinjiang, China)",conventional_alphaearth_embeddings,Conventional + AlphaEarth Embeddings,0.9844615838743953,0.30586012648229505,1
1616,RMC_01_00296,0,non_landslide,65_27,5,65.50851920031096,27.008971911158568,raster-matched control,conventional_alphaearth_embeddings,Conventional + AlphaEarth Embeddings,0.12422006546538558,0.3251687994310354,0
1617,RMC_01_00454,0,non_landslide,74_36,2,74.83976921410249,36.53785128745639,raster-matched control,conventional_alphaearth_embeddings,Conventional + AlphaEarth Embeddings,0.07132359386835158,0.30586012648229505,0
1618,RMC_01_00715,0,non_landslide,73_33,5,73.49229628792321,33.96417799845396,raster-matched control,conventional_alphaearth_embeddings,Conventional + AlphaEarth Embeddings,0.11698905427886382,0.3251687994310354,0
1619,CPEC_ROCKFALL_0427,1,rockfall,70_29,4,70.02479990939601,29.517518842602986,Punjab-Sindh lowland corridor,conventional_alphaearth_embeddings,Conventional + AlphaEarth Embeddings,0.9801523462055582,0.42499994627304916,1
1620,CPEC_ROCKFALL_0023,1,rockfall,76_37,1,76.18948927938072,37.65849963587912,"Kashgar (Xinjiang, China)",conventional_alphaearth_embeddings,Conventional + AlphaEarth Embeddings,0.9836043441892706,0.41913377540096863,1
1621,CPEC_LANDSLIDE_0256,1,landslide,74_35,5,74.21544078391918,35.40372843359789,Gilgit-Baltistan,conventional_alphaearth_embeddings,Conventional + AlphaEarth Embeddings,0.9854557913102358,0.3251687994310354,1
1622,RMC_01_00095,0,non_landslide,75_38,2,75.47532727761705,38.80834316806848,raster-matched control,conventional_alphaearth_embeddings,Conventional + AlphaEarth Embeddings,0.07510453120353243,0.30586012648229505,0
1623,CPEC_LANDSLIDE_0639,1,landslide,65_27,5,65.63652721708307,27.148211170662936,Balochistan,conventional_alphaearth_embeddings,Conventional + AlphaEarth Embeddings,0.8313212906290487,0.3251687994310354,1
1624,CPEC_ROCKFALL_0846,1,rockfall,74_36,2,74.3052738337419,36.30204555452194,Gilgit-Baltistan,conventional_alphaearth_embeddings,Conventional + AlphaEarth Embeddings,0.8103541974228906,0.30586012648229505,1
1625,CPEC_LANDSLIDE_0522,1,landslide,75_38,2,75.27769675507317,38.788132623950666,"Kashgar (Xinjiang, China)",conventional_alphaearth_embeddings,Conventional + AlphaEarth Embeddings,0.8420681537872793,0.30586012648229505,1
1626,CPEC_LANDSLIDE_0035,1,landslide,75_37,5,75.6752033184826,37.81570524351836,"Kashgar (Xinjiang, China)",conventional_alphaearth_embeddings,Conventional + AlphaEarth Embeddings,0.9650354483465114,0.3251687994310354,1
1627,CPEC_LANDSLIDE_0567,1,landslide,75_38,2,75.50452230745985,38.92063035265276,"Kashgar (Xinjiang, China)",conventional_alphaearth_embeddings,Conventional + AlphaEarth Embeddings,0.134611318737335,0.30586012648229505,0
1628,RMC_01_00690,0,non_landslide,73_33,5,73.46534682939962,33.94172011635098,raster-matched control,conventional_alphaearth_embeddings,Conventional + AlphaEarth Embeddings,0.10224028820081335,0.3251687994310354,0
1629,RMC_01_00532,0,non_landslide,74_36,2,74.40633208951482,36.22119514980426,raster-matched control,conventional_alphaearth_embeddings,Conventional + AlphaEarth Embeddings,0.07571506941298839,0.30586012648229505,0
1630,RMC_01_01108,0,non_landslide,67_31,5,67.99011517269113,31.0828317246406,raster-matched control,conventional_alphaearth_embeddings,Conventional + AlphaEarth Embeddings,0.09026684272548427,0.3251687994310354,0
1631,RMC_01_01229,0,non_landslide,70_32,5,70.02929086764246,32.13386060706044,raster-matched control,conventional_alphaearth_embeddings,Conventional + AlphaEarth Embeddings,0.057306659184127036,0.3251687994310354,0
1632,RMC_01_01289,0,non_landslide,73_35,4,73.95268287103445,35.49355976966745,raster-matched control,conventional_alphaearth_embeddings,Conventional + AlphaEarth Embeddings,0.4813877681337092,0.42499994627304916,1
1633,RMC_01_00692,0,non_landslide,73_34,2,73.3148790193096,34.55257450955225,raster-matched control,conventional_alphaearth_embeddings,Conventional + AlphaEarth Embeddings,0.1948303324668789,0.30586012648229505,0
1634,CPEC_LANDSLIDE_0371,1,landslide,74_38,1,74.9857460318009,38.374907729327845,"Kashgar (Xinjiang, China)",conventional_alphaearth_embeddings,Conventional + AlphaEarth Embeddings,0.942536225558169,0.41913377540096863,1
1635,RMC_01_01047,0,non_landslide,68_29,2,68.4415186029612,29.46811000143576,raster-matched control,conventional_alphaearth_embeddings,Conventional + AlphaEarth Embeddings,0.3869860728583208,0.30586012648229505,1
1636,CPEC_LANDSLIDE_1020,1,landslide,74_35,5,74.72298904312555,35.540720936161854,Gilgit-Baltistan,conventional_alphaearth_embeddings,Conventional + AlphaEarth Embeddings,0.9744493688365025,0.3251687994310354,1
1637,CPEC_LANDSLIDE_0570,1,landslide,75_38,2,75.51575032391243,38.9610565628033,"Kashgar (Xinjiang, China)",conventional_alphaearth_embeddings,Conventional + AlphaEarth Embeddings,0.9858932004605057,0.30586012648229505,1
1638,RMC_01_00556,0,non_landslide,75_40,1,75.31812210289614,40.17602818814046,raster-matched control,conventional_alphaearth_embeddings,Conventional + AlphaEarth Embeddings,0.08425054688459084,0.41913377540096863,0
1639,RMC_01_00844,0,non_landslide,71_32,1,71.78100567167552,32.713273965317526,raster-matched control,conventional_alphaearth_embeddings,Conventional + AlphaEarth Embeddings,0.32193738352863766,0.41913377540096863,0
1640,CPEC_LANDSLIDE_0212,1,landslide,74_35,5,74.29404135818827,35.90229160418156,Gilgit-Baltistan,conventional_alphaearth_embeddings,Conventional + AlphaEarth Embeddings,0.9705801068110577,0.3251687994310354,1
1641,CPEC_LANDSLIDE_0734,1,landslide,70_31,3,70.02255252246509,31.43092802283872,KP-AJK,conventional_alphaearth_embeddings,Conventional + AlphaEarth Embeddings,0.9914530915977979,0.3410028221468021,1
1642,RMC_01_00032,0,non_landslide,74_38,1,74.94532125998653,38.729740580708025,raster-matched control,conventional_alphaearth_embeddings,Conventional + AlphaEarth Embeddings,0.13962299353662375,0.41913377540096863,0
1643,CPEC_LANDSLIDE_1029,1,landslide,74_35,5,74.94307689382047,35.194868599355544,Gilgit-Baltistan,conventional_alphaearth_embeddings,Conventional + AlphaEarth Embeddings,0.8788651548766081,0.3251687994310354,1
1644,RMC_01_01035,0,non_landslide,65_25,1,65.27271143822958,25.868111500326776,raster-matched control,conventional_alphaearth_embeddings,Conventional + AlphaEarth Embeddings,0.16310471715213523,0.41913377540096863,0
1645,CPEC_LANDSLIDE_0270,1,landslide,73_35,4,73.66971370149321,35.5182649032567,KP-AJK,conventional_alphaearth_embeddings,Conventional + AlphaEarth Embeddings,0.8469025607669891,0.42499994627304916,1
1646,CPEC_LANDSLIDE_0519,1,landslide,75_38,2,75.23278023016181,38.77465722056715,"Kashgar (Xinjiang, China)",conventional_alphaearth_embeddings,Conventional + AlphaEarth Embeddings,0.9796128474770975,0.30586012648229505,1
1647,CPEC_LANDSLIDE_0642,1,landslide,65_27,5,65.638774604014,27.15270148542376,Balochistan,conventional_alphaearth_embeddings,Conventional + AlphaEarth Embeddings,0.9799405990667317,0.3251687994310354,1
1648,RMC_01_01053,0,non_landslide,65_26,3,65.39398400158572,26.30828598954534,raster-matched control,conventional_alphaearth_embeddings,Conventional + AlphaEarth Embeddings,0.12100028577585324,0.3410028221468021,0
1649,RMC_01_00823,0,non_landslide,68_27,3,68.95131252669903,27.105540804201414,raster-matched control,conventional_alphaearth_embeddings,Conventional + AlphaEarth Embeddings,0.12946669722958773,0.3410028221468021,0
1650,RMC_01_00297,0,non_landslide,65_26,3,65.48156974178737,26.973039299793783,raster-matched control,conventional_alphaearth_embeddings,Conventional + AlphaEarth Embeddings,0.1492521043378133,0.3410028221468021,0
1651,RMC_01_00104,0,non_landslide,66_26,4,66.49217443642183,26.87422461854064,raster-matched control,conventional_alphaearth_embeddings,Conventional + AlphaEarth Embeddings,0.12367480219036757,0.42499994627304916,0
1652,RMC_01_01208,0,non_landslide,66_26,4,66.54607335346901,26.081461380305164,raster-matched control,conventional_alphaearth_embeddings,Conventional + AlphaEarth Embeddings,0.09806537688794359,0.42499994627304916,0
1653,CPEC_LANDSLIDE_0517,1,landslide,75_38,2,75.25299333523708,38.7679195188754,"Kashgar (Xinjiang, China)",conventional_alphaearth_embeddings,Conventional + AlphaEarth Embeddings,0.9818874019341983,0.30586012648229505,1
1654,CPEC_ROCKFALL_0828,1,rockfall,74_35,5,74.73196967264718,35.5339832344701,Gilgit-Baltistan,conventional_alphaearth_embeddings,Conventional + AlphaEarth Embeddings,0.9757322880186811,0.3251687994310354,1
1655,CPEC_ROCKFALL_0219,1,rockfall,65_26,3,65.66796833861092,26.267859767883227,Balochistan,conventional_alphaearth_embeddings,Conventional + AlphaEarth Embeddings,0.9771659335060102,0.3410028221468021,1
1656,RMC_01_00501,0,non_landslide,74_35,5,74.39285736025303,35.94945477635811,raster-matched control,conventional_alphaearth_embeddings,Conventional + AlphaEarth Embeddings,0.4385110115001922,0.3251687994310354,1
1657,RMC_01_00866,0,non_landslide,75_38,2,75.2103242688018,38.7701647684934,raster-matched control,conventional_alphaearth_embeddings,Conventional + AlphaEarth Embeddings,0.1153155512948853,0.30586012648229505,0
1658,RMC_01_00072,0,non_landslide,65_27,5,65.92174423100595,27.680462586037912,raster-matched control,conventional_alphaearth_embeddings,Conventional + AlphaEarth Embeddings,0.3811132105798326,0.3251687994310354,1
1659,CPEC_ROCKFALL_0438,1,rockfall,70_29,4,70.03378053891765,29.54446519026896,Punjab-Sindh lowland corridor,conventional_alphaearth_embeddings,Conventional + AlphaEarth Embeddings,0.9558687254461712,0.42499994627304916,1
1660,RMC_01_00078,0,non_landslide,70_31,3,70.44700747475802,31.18838377052464,raster-matched control,conventional_alphaearth_embeddings,Conventional + AlphaEarth Embeddings,0.0565028050168069,0.3410028221468021,0
1661,CPEC_LANDSLIDE_0491,1,landslide,75_38,2,75.09129741283702,38.75444411549189,"Kashgar (Xinjiang, China)",conventional_alphaearth_embeddings,Conventional + AlphaEarth Embeddings,0.9468891426586227,0.30586012648229505,1
1662,CPEC_ROCKFALL_0888,1,rockfall,75_38,2,75.06659399300092,38.7454590268692,"Kashgar (Xinjiang, China)",conventional_alphaearth_embeddings,Conventional + AlphaEarth Embeddings,0.9819531045107751,0.30586012648229505,1
1663,CPEC_ROCKFALL_0836,1,rockfall,74_36,2,74.50514857936156,36.243653626227065,Gilgit-Baltistan,conventional_alphaearth_embeddings,Conventional + AlphaEarth Embeddings,0.9821571794220291,0.30586012648229505,1
1664,RMC_01_00857,0,non_landslide,66_27,1,66.63141330546036,27.954448747694364,raster-matched control,conventional_alphaearth_embeddings,Conventional + AlphaEarth Embeddings,0.17057454305999495,0.41913377540096863,0
1665,CPEC_LANDSLIDE_0328,1,landslide,75_37,5,75.46634348424024,37.155441691433566,"Kashgar (Xinjiang, China)",conventional_alphaearth_embeddings,Conventional + AlphaEarth Embeddings,0.9872747233020852,0.3251687994310354,1
1666,RMC_01_00833,0,non_landslide,68_29,2,68.18549874698714,29.93523394917791,raster-matched control,conventional_alphaearth_embeddings,Conventional + AlphaEarth Embeddings,0.08720788767291844,0.30586012648229505,0
1667,CPEC_ROCKFALL_0654,1,rockfall,69_30,5,69.18487471676684,30.99299970837979,Balochistan,conventional_alphaearth_embeddings,Conventional + AlphaEarth Embeddings,0.9914509728820685,0.3251687994310354,1
1668,RMC_01_01174,0,non_landslide,71_35,2,71.78998882451671,35.81919906016078,raster-matched control,conventional_alphaearth_embeddings,Conventional + AlphaEarth Embeddings,0.17396302077385883,0.30586012648229505,0
1669,RMC_01_00954,0,non_landslide,75_36,3,75.17214586922671,36.86349057794972,raster-matched control,conventional_alphaearth_embeddings,Conventional + AlphaEarth Embeddings,0.08295754780322592,0.3410028221468021,0
1670,RMC_01_00389,0,non_landslide,77_36,5,77.54145243109195,36.288568796113225,raster-matched control,conventional_alphaearth_embeddings,Conventional + AlphaEarth Embeddings,0.10869149252324155,0.3251687994310354,0
1671,RMC_01_01154,0,non_landslide,73_35,4,73.77077402600025,35.51152607534984,raster-matched control,conventional_alphaearth_embeddings,Conventional + AlphaEarth Embeddings,0.026968771877076303,0.42499994627304916,0
1672,RMC_01_00562,0,non_landslide,77_36,5,77.45162090267999,36.42780766515176,raster-matched control,conventional_alphaearth_embeddings,Conventional + AlphaEarth Embeddings,0.10776019146507557,0.3251687994310354,0
1673,RMC_01_01399,0,non_landslide,77_40,3,77.2539915401737,40.82056940449621,raster-matched control,conventional_alphaearth_embeddings,Conventional + AlphaEarth Embeddings,0.07632026477958385,0.3410028221468021,0
1674,RMC_01_01311,0,non_landslide,71_35,2,71.73608990746955,35.46211873472326,raster-matched control,conventional_alphaearth_embeddings,Conventional + AlphaEarth Embeddings,0.07904967204706906,0.30586012648229505,0
1675,RMC_01_01327,0,non_landslide,75_37,5,75.45511518372436,37.19811302128424,raster-matched control,conventional_alphaearth_embeddings,Conventional + AlphaEarth Embeddings,0.14504691988650528,0.3251687994310354,0
1676,CPEC_LANDSLIDE_0485,1,landslide,75_38,2,75.08455971114526,38.75444411549189,"Kashgar (Xinjiang, China)",conventional_alphaearth_embeddings,Conventional + AlphaEarth Embeddings,0.9533676105653132,0.30586012648229505,1
1677,CPEC_ROCKFALL_0540,1,rockfall,67_29,1,67.92723431475402,29.6994278700783,Balochistan,conventional_alphaearth_embeddings,Conventional + AlphaEarth Embeddings,0.9663839066567751,0.41913377540096863,1
1678,RMC_01_00610,0,non_landslide,75_38,2,75.44837781909347,38.81957210911997,raster-matched control,conventional_alphaearth_embeddings,Conventional + AlphaEarth Embeddings,0.09490919084860003,0.30586012648229505,0
1679,RMC_01_01119,0,non_landslide,71_33,3,71.35430591171874,33.436417769033746,raster-matched control,conventional_alphaearth_embeddings,Conventional + AlphaEarth Embeddings,0.0544774249804353,0.3410028221468021,0
1680,CPEC_LANDSLIDE_0718,1,landslide,66_29,5,66.91213779634127,29.97790318996705,Balochistan,conventional_alphaearth_embeddings,Conventional + AlphaEarth Embeddings,0.22983454036012024,0.3251687994310354,0
1681,RMC_01_01418,0,non_landslide,65_28,2,65.70165698639666,28.39911481333353,raster-matched control,conventional_alphaearth_embeddings,Conventional + AlphaEarth Embeddings,0.07505456368555137,0.30586012648229505,0
1682,CPEC_ROCKFALL_0081,1,rockfall,65_28,2,65.95093843236154,28.147584898761227,Balochistan,conventional_alphaearth_embeddings,Conventional + AlphaEarth Embeddings,0.9349096568640036,0.30586012648229505,1
1683,CPEC_ROCKFALL_0285,1,rockfall,66_27,1,66.2900530674761,27.19537062340418,Balochistan,conventional_alphaearth_embeddings,Conventional + AlphaEarth Embeddings,0.9904738202622758,0.41913377540096863,1
1684,CPEC_ROCKFALL_0710,1,rockfall,71_33,3,71.23303347173665,33.411714219992014,KP-AJK,conventional_alphaearth_embeddings,Conventional + AlphaEarth Embeddings,0.6594201703381986,0.3410028221468021,1
1685,RMC_01_00845,0,non_landslide,72_32,2,72.72199093179071,32.67284977753215,raster-matched control,conventional_alphaearth_embeddings,Conventional + AlphaEarth Embeddings,0.1241436785151885,0.30586012648229505,0
1686,CPEC_ROCKFALL_0943,1,rockfall,75_38,2,75.50676969439078,38.93860052989815,"Kashgar (Xinjiang, China)",conventional_alphaearth_embeddings,Conventional + AlphaEarth Embeddings,0.9813710729208664,0.30586012648229505,1
1687,CPEC_ROCKFALL_0295,1,rockfall,66_27,1,66.47420948188235,27.565926380046594,Balochistan,conventional_alphaearth_embeddings,Conventional + AlphaEarth Embeddings,0.8671629268765209,0.41913377540096863,1
1688,CPEC_ROCKFALL_0450,1,rockfall,69_28,1,69.17588962814415,28.830304483751167,Balochistan,conventional_alphaearth_embeddings,Conventional + AlphaEarth Embeddings,0.9767496682592416,0.41913377540096863,1
1689,CPEC_LANDSLIDE_0161,1,landslide,74_36,2,74.66459711483067,36.33572960387966,Gilgit-Baltistan,conventional_alphaearth_embeddings,Conventional + AlphaEarth Embeddings,0.08417134109860282,0.30586012648229505,0
1690,RMC_01_00567,0,non_landslide,75_38,2,75.11375537575894,38.73423215712862,raster-matched control,conventional_alphaearth_embeddings,Conventional + AlphaEarth Embeddings,0.10770124224677798,0.30586012648229505,0
1691,RMC_01_01262,0,non_landslide,73_35,4,73.6944172268501,35.52500080461163,raster-matched control,conventional_alphaearth_embeddings,Conventional + AlphaEarth Embeddings,0.06008477289735189,0.42499994627304916,0
1692,CPEC_LANDSLIDE_0049,1,landslide,74_35,5,74.74320214820084,35.78551220669287,Gilgit-Baltistan,conventional_alphaearth_embeddings,Conventional + AlphaEarth Embeddings,0.9545985673556184,0.3251687994310354,1
1693,CPEC_ROCKFALL_0640,1,rockfall,67_30,3,67.49379631505592,30.3260029137043,Balochistan,conventional_alphaearth_embeddings,Conventional + AlphaEarth Embeddings,0.5106213368815431,0.3410028221468021,1
1694,RMC_01_00873,0,non_landslide,74_36,2,74.55230832318423,36.25263618474845,raster-matched control,conventional_alphaearth_embeddings,Conventional + AlphaEarth Embeddings,0.10579328730165384,0.30586012648229505,0
1695,CPEC_ROCKFALL_0807,1,rockfall,75_35,1,75.47981888762375,35.40597582052882,Gilgit-Baltistan,conventional_alphaearth_embeddings,Conventional + AlphaEarth Embeddings,0.7162100067777074,0.41913377540096863,1
1696,RMC_01_00448,0,non_landslide,74_36,2,74.88693076651876,36.40534978304876,raster-matched control,conventional_alphaearth_embeddings,Conventional + AlphaEarth Embeddings,0.5793128446068502,0.30586012648229505,1
1697,RMC_01_00557,0,non_landslide,75_38,2,75.01943227092639,38.714020063235935,raster-matched control,conventional_alphaearth_embeddings,Conventional + AlphaEarth Embeddings,0.09126484773733881,0.30586012648229505,0
1698,CPEC_ROCKFALL_0520,1,rockfall,67_29,1,67.88231778984266,29.681457692832915,Balochistan,conventional_alphaearth_embeddings,Conventional + AlphaEarth Embeddings,0.9707035889779584,0.41913377540096863,1
1699,RMC_01_00801,0,non_landslide,71_34,5,71.38574694666293,34.32350411210177,raster-matched control,conventional_alphaearth_embeddings,Conventional + AlphaEarth Embeddings,0.051877646537899634,0.3251687994310354,0
1700,RMC_01_00117,0,non_landslide,76_37,1,76.62067926486944,37.78201795596193,raster-matched control,conventional_alphaearth_embeddings,Conventional + AlphaEarth Embeddings,0.2351682535870101,0.41913377540096863,0
1701,CPEC_LANDSLIDE_0514,1,landslide,75_38,2,75.19909618080408,38.77240983363622,"Kashgar (Xinjiang, China)",conventional_alphaearth_embeddings,Conventional + AlphaEarth Embeddings,0.9874104152838032,0.30586012648229505,1
1702,CPEC_LANDSLIDE_0724,1,landslide,67_30,3,67.2243016246888,30.46523834409816,Balochistan,conventional_alphaearth_embeddings,Conventional + AlphaEarth Embeddings,0.9891278005430316,0.3410028221468021,1
1703,RMC_01_01405,0,non_landslide,65_27,5,65.14245572203225,27.413213789012357,raster-matched control,conventional_alphaearth_embeddings,Conventional + AlphaEarth Embeddings,0.11464724327821676,0.3251687994310354,0
1704,RMC_01_00057,0,non_landslide,63_26,1,63.91176378278851,26.45875379963536,raster-matched control,conventional_alphaearth_embeddings,Conventional + AlphaEarth Embeddings,0.25475662620422473,0.41913377540096863,0
1705,CPEC_ROCKFALL_0112,1,rockfall,65_27,5,65.83191164794191,27.46936008763316,Balochistan,conventional_alphaearth_embeddings,Conventional + AlphaEarth Embeddings,0.1883891011297762,0.3251687994310354,0
1706,CPEC_LANDSLIDE_0136,1,landslide,74_36,2,74.83976844061424,36.524376333046746,Gilgit-Baltistan,conventional_alphaearth_embeddings,Conventional + AlphaEarth Embeddings,0.9777767979686277,0.30586012648229505,1
1707,RMC_01_00820,0,non_landslide,67_25,3,67.17264826414237,25.771542607283926,raster-matched control,conventional_alphaearth_embeddings,Conventional + AlphaEarth Embeddings,0.07011805105476214,0.3410028221468021,0
1708,CPEC_ROCKFALL_0233,1,rockfall,66_26,4,66.18674907337092,26.182521491922376,Balochistan,conventional_alphaearth_embeddings,Conventional + AlphaEarth Embeddings,0.9272055607743359,0.42499994627304916,1
1709,CPEC_ROCKFALL_0455,1,rockfall,69_28,1,69.1826273298359,28.85725529051819,Balochistan,conventional_alphaearth_embeddings,Conventional + AlphaEarth Embeddings,0.7726044501303413,0.41913377540096863,1
1710,CPEC_ROCKFALL_0209,1,rockfall,65_26,3,65.68369112892536,26.28358255819768,Balochistan,conventional_alphaearth_embeddings,Conventional + AlphaEarth Embeddings,0.954938519448373,0.3410028221468021,1
1711,CPEC_LANDSLIDE_0290,1,landslide,73_35,4,73.2991579448508,35.49805179818143,KP-AJK,conventional_alphaearth_embeddings,Conventional + AlphaEarth Embeddings,0.9833293207520922,0.42499994627304916,1
1712,CPEC_ROCKFALL_0912,1,rockfall,75_38,2,75.42592173319076,38.81507897161664,"Kashgar (Xinjiang, China)",conventional_alphaearth_embeddings,Conventional + AlphaEarth Embeddings,0.9820734369672576,0.30586012648229505,1
1713,CPEC_LANDSLIDE_0137,1,landslide,74_36,2,74.88019465076478,36.53111403473851,Gilgit-Baltistan,conventional_alphaearth_embeddings,Conventional + AlphaEarth Embeddings,0.8609230384888373,0.30586012648229505,1
1714,RMC_01_01071,0,non_landslide,67_26,5,67.84863051544231,26.153326603034724,raster-matched control,conventional_alphaearth_embeddings,Conventional + AlphaEarth Embeddings,0.15736832522477728,0.3251687994310354,0
1715,RMC_01_00682,0,non_landslide,73_34,2,73.53047468749828,34.372911452728346,raster-matched control,conventional_alphaearth_embeddings,Conventional + AlphaEarth Embeddings,0.5155687321595128,0.30586012648229505,1
1716,CPEC_LANDSLIDE_0902,1,landslide,76_35,2,76.09740884262706,35.1858879698339,Gilgit-Baltistan,conventional_alphaearth_embeddings,Conventional + AlphaEarth Embeddings,0.8303152558441055,0.30586012648229505,1
1717,RMC_01_01016,0,non_landslide,68_30,4,68.87046415112827,30.903168667816693,raster-matched control,conventional_alphaearth_embeddings,Conventional + AlphaEarth Embeddings,0.08059465532572223,0.42499994627304916,0
1718,CPEC_ROCKFALL_0596,1,rockfall,67_29,1,67.16590969639394,29.93523405198663,Balochistan,conventional_alphaearth_embeddings,Conventional + AlphaEarth Embeddings,0.979971706059345,0.41913377540096863,1
1719,RMC_01_01186,0,non_landslide,70_31,3,70.04051980869394,31.448895202919303,raster-matched control,conventional_alphaearth_embeddings,Conventional + AlphaEarth Embeddings,0.12059646656486842,0.3410028221468021,0
1720,CPEC_ROCKFALL_0665,1,rockfall,68_30,4,68.36067231445212,30.662870161887927,Balochistan,conventional_alphaearth_embeddings,Conventional + AlphaEarth Embeddings,0.9854660433904611,0.42499994627304916,1
1721,CPEC_ROCKFALL_0707,1,rockfall,72_32,2,72.57601660881137,32.63916158517935,Punjab-Sindh lowland corridor,conventional_alphaearth_embeddings,Conventional + AlphaEarth Embeddings,0.9879268205269625,0.30586012648229505,1
1722,RMC_01_00923,0,non_landslide,75_39,4,75.58761668813199,39.12499930572061,raster-matched control,conventional_alphaearth_embeddings,Conventional + AlphaEarth Embeddings,0.08820710218306982,0.42499994627304916,0
1723,RMC_01_00446,0,non_landslide,74_36,2,74.84201500231279,36.61869966302715,raster-matched control,conventional_alphaearth_embeddings,Conventional + AlphaEarth Embeddings,0.9389923855912075,0.30586012648229505,1
1724,RMC_01_00043,0,non_landslide,68_30,4,68.65037690651899,30.20023695799317,raster-matched control,conventional_alphaearth_embeddings,Conventional + AlphaEarth Embeddings,0.06040007890945748,0.42499994627304916,0
1725,RMC_01_00736,0,non_landslide,71_36,4,71.98537239881271,36.01907421087737,raster-matched control,conventional_alphaearth_embeddings,Conventional + AlphaEarth Embeddings,0.29509723999505466,0.42499994627304916,0
1726,CPEC_LANDSLIDE_1037,1,landslide,75_35,1,75.51126000915161,35.170165179519444,Gilgit-Baltistan,conventional_alphaearth_embeddings,Conventional + AlphaEarth Embeddings,0.9203280819251746,0.41913377540096863,1
1727,RMC_01_01187,0,non_landslide,69_30,5,69.88106884576273,30.18676222873137,raster-matched control,conventional_alphaearth_embeddings,Conventional + AlphaEarth Embeddings,0.08166434071149882,0.3251687994310354,0
1728,CPEC_ROCKFALL_0676,1,rockfall,70_29,4,70.0113245060125,29.955447157061897,Punjab-Sindh lowland corridor,conventional_alphaearth_embeddings,Conventional + AlphaEarth Embeddings,0.9702365031606854,0.42499994627304916,1
1729,CPEC_ROCKFALL_0531,1,rockfall,67_29,1,67.91151152443956,29.68819539452467,Balochistan,conventional_alphaearth_embeddings,Conventional + AlphaEarth Embeddings,0.9867490080824524,0.41913377540096863,1
1730,RMC_01_00115,0,non_landslide,78_40,4,78.68680441834434,40.94408775606264,raster-matched control,conventional_alphaearth_embeddings,Conventional + AlphaEarth Embeddings,0.09274692463023414,0.42499994627304916,0
1731,RMC_01_00849,0,non_landslide,76_37,1,76.00084171882698,37.065611516876615,raster-matched control,conventional_alphaearth_embeddings,Conventional + AlphaEarth Embeddings,0.5503659329924137,0.41913377540096863,1
1732,RMC_01_01015,0,non_landslide,72_36,5,72.73097408463191,36.46823185293713,raster-matched control,conventional_alphaearth_embeddings,Conventional + AlphaEarth Embeddings,0.2168504435414442,0.3251687994310354,0
1733,RMC_01_01243,0,non_landslide,68_30,4,68.83453153976349,30.730242975623685,raster-matched control,conventional_alphaearth_embeddings,Conventional + AlphaEarth Embeddings,0.075365449027983,0.42499994627304916,0
1734,RMC_01_00407,0,non_landslide,75_38,2,75.9379596489386,38.48270387757516,raster-matched control,conventional_alphaearth_embeddings,Conventional + AlphaEarth Embeddings,0.10174639153214403,0.30586012648229505,0
1735,CPEC_LANDSLIDE_0858,1,landslide,73_34,2,73.44288814910652,34.4043547054996,KP-AJK,conventional_alphaearth_embeddings,Conventional + AlphaEarth Embeddings,0.826078191821379,0.30586012648229505,1
1736,CPEC_ROCKFALL_0449,1,rockfall,69_28,1,69.17588962814415,28.83704218544292,Balochistan,conventional_alphaearth_embeddings,Conventional + AlphaEarth Embeddings,0.9273053757255744,0.41913377540096863,1
1737,CPEC_LANDSLIDE_0383,1,landslide,75_38,2,75.02167746808956,38.54109396648872,"Kashgar (Xinjiang, China)",conventional_alphaearth_embeddings,Conventional + AlphaEarth Embeddings,0.9931307234931989,0.30586012648229505,1
1738,RMC_01_01123,0,non_landslide,75_37,5,75.3899873256257,37.28794454969619,raster-matched control,conventional_alphaearth_embeddings,Conventional + AlphaEarth Embeddings,0.2026927762950587,0.3251687994310354,0
1739,CPEC_ROCKFALL_0474,1,rockfall,69_29,3,69.1444485066163,29.09755624628839,Balochistan,conventional_alphaearth_embeddings,Conventional + AlphaEarth Embeddings,0.1220714864015695,0.3410028221468021,0
1740,RMC_01_00978,0,non_landslide,75_36,3,75.03739857660878,36.86349057794972,raster-matched control,conventional_alphaearth_embeddings,Conventional + AlphaEarth Embeddings,0.5348157949539005,0.3410028221468021,1
1741,CPEC_ROCKFALL_0207,1,rockfall,65_26,3,65.692671758447,26.294810574650256,Balochistan,conventional_alphaearth_embeddings,Conventional + AlphaEarth Embeddings,0.9806421005187043,0.3410028221468021,1
1742,CPEC_ROCKFALL_0357,1,rockfall,66_27,1,66.51238830510198,27.76355819783636,Balochistan,conventional_alphaearth_embeddings,Conventional + AlphaEarth Embeddings,0.9894098907613806,0.41913377540096863,1
1743,CPEC_LANDSLIDE_0120,1,landslide,74_36,2,74.82405010940086,36.72874139342722,Gilgit-Baltistan,conventional_alphaearth_embeddings,Conventional + AlphaEarth Embeddings,0.9742030835041948,0.30586012648229505,1
1744,RMC_01_00944,0,non_landslide,75_36,3,75.36528365531241,36.83429533121584,raster-matched control,conventional_alphaearth_embeddings,Conventional + AlphaEarth Embeddings,0.06631059608774934,0.3410028221468021,0
1745,CPEC_ROCKFALL_0813,1,rockfall,75_35,1,75.81444320797749,35.338598803611255,Gilgit-Baltistan,conventional_alphaearth_embeddings,Conventional + AlphaEarth Embeddings,0.5103251785947396,0.41913377540096863,1
1746,RMC_01_00885,0,non_landslide,74_35,5,74.56129147602543,35.47334767577476,raster-matched control,conventional_alphaearth_embeddings,Conventional + AlphaEarth Embeddings,0.021542525341178502,0.3251687994310354,0
1747,CPEC_ROCKFALL_0862,1,rockfall,73_35,4,73.86958844711286,35.48232900786698,Gilgit-Baltistan,conventional_alphaearth_embeddings,Conventional + AlphaEarth Embeddings,0.9750951525002456,0.42499994627304916,1
1748,CPEC_LANDSLIDE_1060,1,landslide,74_36,2,74.81506502077815,36.30428848235182,Gilgit-Baltistan,conventional_alphaearth_embeddings,Conventional + AlphaEarth Embeddings,0.986190110352648,0.30586012648229505,1
1749,CPEC_ROCKFALL_0283,1,rockfall,66_27,1,66.28780568054516,27.1931276955743,Balochistan,conventional_alphaearth_embeddings,Conventional + AlphaEarth Embeddings,0.9762827140342566,0.41913377540096863,1
1750,CPEC_LANDSLIDE_0940,1,landslide,72_35,3,72.53559039866083,35.51601751632576,KP-AJK,conventional_alphaearth_embeddings,Conventional + AlphaEarth Embeddings,0.9664124875932439,0.3410028221468021,1
1751,CPEC_ROCKFALL_0310,1,rockfall,66_27,1,66.56179514477414,27.60185781633525,Balochistan,conventional_alphaearth_embeddings,Conventional + AlphaEarth Embeddings,0.9660426105231924,0.41913377540096863,1
1752,CPEC_ROCKFALL_0387,1,rockfall,66_27,1,66.93459382924642,27.6804628497054,Balochistan,conventional_alphaearth_embeddings,Conventional + AlphaEarth Embeddings,0.9859249514652848,0.41913377540096863,1
1753,RMC_01_01460,0,non_landslide,69_30,5,69.02093196121828,30.82681186866653,raster-matched control,conventional_alphaearth_embeddings,Conventional + AlphaEarth Embeddings,0.08696265370179516,0.3251687994310354,0
1754,RMC_01_01116,0,non_landslide,70_32,5,70.73671415388657,32.25737895862687,raster-matched control,conventional_alphaearth_embeddings,Conventional + AlphaEarth Embeddings,0.043807893462018806,0.3251687994310354,0
1755,CPEC_ROCKFALL_0472,1,rockfall,69_29,3,69.14669589354723,29.09530885935745,Balochistan,conventional_alphaearth_embeddings,Conventional + AlphaEarth Embeddings,0.9837350718068111,0.3410028221468021,1
1756,RMC_01_01028,0,non_landslide,65_26,3,65.27046565001929,26.27909074281145,raster-matched control,conventional_alphaearth_embeddings,Conventional + AlphaEarth Embeddings,0.12357066810361148,0.3410028221468021,0
1757,RMC_01_00014,0,non_landslide,75_38,2,75.0082033298749,38.36367710242932,raster-matched control,conventional_alphaearth_embeddings,Conventional + AlphaEarth Embeddings,0.2376027650452972,0.30586012648229505,0
1758,CPEC_ROCKFALL_0706,1,rockfall,72_32,2,72.57825953664126,32.63916158517935,Punjab-Sindh lowland corridor,conventional_alphaearth_embeddings,Conventional + AlphaEarth Embeddings,0.9902445869504598,0.30586012648229505,1
1759,RMC_01_00725,0,non_landslide,76_37,1,76.20296265775386,37.33061452569187,raster-matched control,conventional_alphaearth_embeddings,Conventional + AlphaEarth Embeddings,0.3952571736043549,0.41913377540096863,0
1760,CPEC_LANDSLIDE_1023,1,landslide,74_35,5,74.73646444650906,35.52275521801752,Gilgit-Baltistan,conventional_alphaearth_embeddings,Conventional + AlphaEarth Embeddings,0.9746596984220997,0.3251687994310354,1
1761,RMC_01_00600,0,non_landslide,75_38,2,75.26197739763866,38.7769021331243,raster-matched control,conventional_alphaearth_embeddings,Conventional + AlphaEarth Embeddings,0.07507390805783136,0.30586012648229505,0
1762,RMC_01_00358,0,non_landslide,67_29,1,67.40621023801344,29.65900199931116,raster-matched control,conventional_alphaearth_embeddings,Conventional + AlphaEarth Embeddings,0.14091062409780536,0.41913377540096863,0
1763,RMC_01_00588,0,non_landslide,75_38,2,75.11375537575894,38.75444425102131,raster-matched control,conventional_alphaearth_embeddings,Conventional + AlphaEarth Embeddings,0.07528680381767235,0.30586012648229505,0
1764,RMC_01_01218,0,non_landslide,68_29,2,68.46622227327448,29.324379555976638,raster-matched control,conventional_alphaearth_embeddings,Conventional + AlphaEarth Embeddings,0.10574571924925334,0.30586012648229505,0
1765,RMC_01_00746,0,non_landslide,73_34,2,73.49454207613351,34.33697884136357,raster-matched control,conventional_alphaearth_embeddings,Conventional + AlphaEarth Embeddings,0.14914975818332515,0.30586012648229505,0
1766,CPEC_ROCKFALL_0082,1,rockfall,65_26,3,65.42991476977166,26.880963867226765,Balochistan,conventional_alphaearth_embeddings,Conventional + AlphaEarth Embeddings,0.9734934382945658,0.3410028221468021,1
1767,RMC_01_00399,0,non_landslide,73_33,5,73.52149153465709,33.75531969489617,raster-matched control,conventional_alphaearth_embeddings,Conventional + AlphaEarth Embeddings,0.7045304484564645,0.3251687994310354,1
1768,CPEC_LANDSLIDE_0150,1,landslide,74_36,2,74.78811421401113,36.299798167591,Gilgit-Baltistan,conventional_alphaearth_embeddings,Conventional + AlphaEarth Embeddings,0.7889247806981413,0.30586012648229505,1
1769,RMC_01_01383,0,non_landslide,74_35,5,74.6286651223344,35.54745868671462,raster-matched control,conventional_alphaearth_embeddings,Conventional + AlphaEarth Embeddings,0.05103363310098393,0.3251687994310354,0
1770,CPEC_ROCKFALL_0896,1,rockfall,75_38,2,75.20133910863396,38.7679195188754,"Kashgar (Xinjiang, China)",conventional_alphaearth_embeddings,Conventional + AlphaEarth Embeddings,0.9652901103483146,0.30586012648229505,1
1771,RMC_01_00934,0,non_landslide,75_40,1,75.10028064649715,40.13335821214478,raster-matched control,conventional_alphaearth_embeddings,Conventional + AlphaEarth Embeddings,0.13395724878981946,0.41913377540096863,0
1772,CPEC_LANDSLIDE_0013,1,landslide,74_38,1,74.80383700432557,38.93860052989815,"Kashgar (Xinjiang, China)",conventional_alphaearth_embeddings,Conventional + AlphaEarth Embeddings,0.31724638159343577,0.41913377540096863,0
1773,RMC_01_00350,0,non_landslide,63_26,1,63.81294910153536,26.02531667504769,raster-matched control,conventional_alphaearth_embeddings,Conventional + AlphaEarth Embeddings,0.11489584469752649,0.41913377540096863,0
1774,RMC_01_01184,0,non_landslide,70_29,4,70.01806192659096,29.9599376194912,raster-matched control,conventional_alphaearth_embeddings,Conventional + AlphaEarth Embeddings,0.06282862624042515,0.42499994627304916,0
1775,CPEC_ROCKFALL_0554,1,rockfall,67_29,1,67.69367106067557,29.58938171518032,Balochistan,conventional_alphaearth_embeddings,Conventional + AlphaEarth Embeddings,0.9638113022091943,0.41913377540096863,1
1776,RMC_01_00102,0,non_landslide,75_38,2,75.47757306582736,38.80609737985819,raster-matched control,conventional_alphaearth_embeddings,Conventional + AlphaEarth Embeddings,0.08113848796409139,0.30586012648229505,0
1777,CPEC_ROCKFALL_0883,1,rockfall,75_38,2,75.00371174994524,38.5657973863248,"Kashgar (Xinjiang, China)",conventional_alphaearth_embeddings,Conventional + AlphaEarth Embeddings,0.9882646796096223,0.30586012648229505,1
1778,CPEC_LANDSLIDE_1014,1,landslide,74_35,5,74.69603823635852,35.54970602478455,Gilgit-Baltistan,conventional_alphaearth_embeddings,Conventional + AlphaEarth Embeddings,0.9480426054282243,0.3251687994310354,1
1779,RMC_01_00985,0,non_landslide,72_35,3,72.97801078776479,35.08033473897247,raster-matched control,conventional_alphaearth_embeddings,Conventional + AlphaEarth Embeddings,0.05538814215067678,0.3410028221468021,0
1780,CPEC_ROCKFALL_0407,1,rockfall,67_26,5,67.15468167994136,26.934861021659763,Balochistan,conventional_alphaearth_embeddings,Conventional + AlphaEarth Embeddings,0.9692459241670995,0.3251687994310354,1
1781,CPEC_LANDSLIDE_1079,1,landslide,74_36,2,74.86447186045034,36.22119313422085,Gilgit-Baltistan,conventional_alphaearth_embeddings,Conventional + AlphaEarth Embeddings,0.526708530185472,0.30586012648229505,1
1782,CPEC_LANDSLIDE_0031,1,landslide,75_38,2,76.00084255021365,38.44677060190517,"Kashgar (Xinjiang, China)",conventional_alphaearth_embeddings,Conventional + AlphaEarth Embeddings,0.2909965497667636,0.30586012648229505,0
1783,CPEC_ROCKFALL_0071,1,rockfall,63_26,1,63.96341899261753,26.07697011088626,Balochistan,conventional_alphaearth_embeddings,Conventional + AlphaEarth Embeddings,0.9816891335633262,0.41913377540096863,1
1784,CPEC_ROCKFALL_0312,1,rockfall,66_27,1,66.59547919413187,27.90953132992197,Balochistan,conventional_alphaearth_embeddings,Conventional + AlphaEarth Embeddings,0.971362418459986,0.41913377540096863,1
1785,RMC_01_01181,0,non_landslide,65_25,1,65.94644790131923,25.919764629163648,raster-matched control,conventional_alphaearth_embeddings,Conventional + AlphaEarth Embeddings,0.20375035051277532,0.41913377540096863,0
1786,RMC_01_01170,0,non_landslide,73_35,4,73.1329701742754,35.2083446669595,raster-matched control,conventional_alphaearth_embeddings,Conventional + AlphaEarth Embeddings,0.10353564567095203,0.42499994627304916,0
1787,CPEC_ROCKFALL_0021,1,rockfall,76_37,1,76.21419269921681,37.66074702281006,"Kashgar (Xinjiang, China)",conventional_alphaearth_embeddings,Conventional + AlphaEarth Embeddings,0.9741049328144473,0.41913377540096863,1
1788,RMC_01_01406,0,non_landslide,65_28,2,65.77127642091592,28.100424981363787,raster-matched control,conventional_alphaearth_embeddings,Conventional + AlphaEarth Embeddings,0.1611383363586976,0.30586012648229505,0
1789,RMC_01_00571,0,non_landslide,75_39,4,75.52698040645393,39.96716988458267,raster-matched control,conventional_alphaearth_embeddings,Conventional + AlphaEarth Embeddings,0.08972710044889641,0.42499994627304916,0
1790,CPEC_ROCKFALL_0267,1,rockfall,66_26,4,66.34170729407921,26.557567563325605,Balochistan,conventional_alphaearth_embeddings,Conventional + AlphaEarth Embeddings,0.9713777582595438,0.42499994627304916,1
1791,RMC_01_01165,0,non_landslide,73_35,4,73.34407426604349,35.50029713429834,raster-matched control,conventional_alphaearth_embeddings,Conventional + AlphaEarth Embeddings,0.04858352805655596,0.42499994627304916,0
1792,CPEC_ROCKFALL_0635,1,rockfall,68_29,2,68.0979108666757,29.930743737225804,Balochistan,conventional_alphaearth_embeddings,Conventional + AlphaEarth Embeddings,0.9716310848077202,0.30586012648229505,1
1793,RMC_01_01093,0,non_landslide,67_30,3,67.3006581921294,30.094684912109123,raster-matched control,conventional_alphaearth_embeddings,Conventional + AlphaEarth Embeddings,0.1156040249724789,0.3410028221468021,0
1794,CPEC_ROCKFALL_0660,1,rockfall,70_31,3,70.20221862211051,31.74533923811718,KP-AJK,conventional_alphaearth_embeddings,Conventional + AlphaEarth Embeddings,0.9926077882564938,0.3410028221468021,1
1795,CPEC_LANDSLIDE_0331,1,landslide,75_37,5,75.42592173319076,37.30366666955116,"Kashgar (Xinjiang, China)",conventional_alphaearth_embeddings,Conventional + AlphaEarth Embeddings,0.9790712155820901,0.3251687994310354,1
1796,CPEC_LANDSLIDE_0197,1,landslide,74_36,2,74.29853613205015,36.19648971438476,Gilgit-Baltistan,conventional_alphaearth_embeddings,Conventional + AlphaEarth Embeddings,0.25979344059186854,0.30586012648229505,0
1797,RMC_01_01470,0,non_landslide,76_39,5,76.887928061895,39.86610941511922,raster-matched control,conventional_alphaearth_embeddings,Conventional + AlphaEarth Embeddings,0.10922987912259448,0.3251687994310354,0
1798,CPEC_ROCKFALL_0513,1,rockfall,67_29,1,67.89129841936429,29.67022967638034,Balochistan,conventional_alphaearth_embeddings,Conventional + AlphaEarth Embeddings,0.9831110374138733,0.41913377540096863,1
1799,CPEC_ROCKFALL_0577,1,rockfall,67_29,1,67.21981130992799,29.463617229068923,Balochistan,conventional_alphaearth_embeddings,Conventional + AlphaEarth Embeddings,0.9746554827727818,0.41913377540096863,1
1800,RMC_01_01359,0,non_landslide,65_29,4,65.91725265458534,29.37154110839291,raster-matched control,conventional_alphaearth_embeddings,Conventional + AlphaEarth Embeddings,0.0731175962943741,0.42499994627304916,0
1801,RMC_01_00497,0,non_landslide,74_36,2,74.437773124459,36.24140724369695,raster-matched control,conventional_alphaearth_embeddings,Conventional + AlphaEarth Embeddings,0.05563018709116729,0.30586012648229505,0
1802,RMC_01_00547,0,non_landslide,74_35,5,74.02679388197433,35.13423365601964,raster-matched control,conventional_alphaearth_embeddings,Conventional + AlphaEarth Embeddings,0.46867041955379674,0.3251687994310354,1
1803,CPEC_LANDSLIDE_0899,1,landslide,76_35,2,76.09516591479718,35.181393195972014,Gilgit-Baltistan,conventional_alphaearth_embeddings,Conventional + AlphaEarth Embeddings,0.9774858296817405,0.30586012648229505,1
1804,RMC_01_00615,0,non_landslide,74_36,2,74.54781674676364,36.25937354937934,raster-matched control,conventional_alphaearth_embeddings,Conventional + AlphaEarth Embeddings,0.09864028950394556,0.30586012648229505,0
1805,CPEC_LANDSLIDE_0207,1,landslide,74_36,2,74.27383271221406,36.04602180843728,Gilgit-Baltistan,conventional_alphaearth_embeddings,Conventional + AlphaEarth Embeddings,0.13135260195116033,0.30586012648229505,0
1806,CPEC_ROCKFALL_0286,1,rockfall,66_27,1,66.29230045440703,27.188632921712426,Balochistan,conventional_alphaearth_embeddings,Conventional + AlphaEarth Embeddings,0.9819730813334971,0.41913377540096863,1
1807,CPEC_LANDSLIDE_0463,1,landslide,75_38,2,75.03066255671226,38.74096871210836,"Kashgar (Xinjiang, China)",conventional_alphaearth_embeddings,Conventional + AlphaEarth Embeddings,0.9245271014784129,0.30586012648229505,1
1808,RMC_01_00139,0,non_landslide,75_38,2,75.69990609864693,38.65113799334757,raster-matched control,conventional_alphaearth_embeddings,Conventional + AlphaEarth Embeddings,0.1544767811163504,0.30586012648229505,0
1809,RMC_01_00723,0,non_landslide,77_40,3,77.70090339402316,40.85425622765069,raster-matched control,conventional_alphaearth_embeddings,Conventional + AlphaEarth Embeddings,0.07996757054966429,0.3410028221468021,0
1810,CPEC_LANDSLIDE_0669,1,landslide,66_25,2,66.05648981339765,25.49306420524068,Balochistan,conventional_alphaearth_embeddings,Conventional + AlphaEarth Embeddings,0.6106854418889358,0.30586012648229505,1
1811,RMC_01_00170,0,non_landslide,63_26,1,63.94994218236359,26.30828598954534,raster-matched control,conventional_alphaearth_embeddings,Conventional + AlphaEarth Embeddings,0.07139882683894958,0.41913377540096863,0
1812,RMC_01_00359,0,non_landslide,66_29,5,66.88294158501382,29.984641289804483,raster-matched control,conventional_alphaearth_embeddings,Conventional + AlphaEarth Embeddings,0.1234886840076494,0.3251687994310354,0
1813,RMC_01_00498,0,non_landslide,74_36,2,74.47819731224438,36.23242409085576,raster-matched control,conventional_alphaearth_embeddings,Conventional + AlphaEarth Embeddings,0.06661490954838176,0.30586012648229505,0
1814,RMC_01_01087,0,non_landslide,69_31,2,69.14220452457442,31.58588828374753,raster-matched control,conventional_alphaearth_embeddings,Conventional + AlphaEarth Embeddings,0.11241109164830053,0.30586012648229505,0
1815,RMC_01_00415,0,non_landslide,74_36,2,74.94082968356594,36.78937956700986,raster-matched control,conventional_alphaearth_embeddings,Conventional + AlphaEarth Embeddings,0.12466391282969037,0.30586012648229505,0
1816,CPEC_LANDSLIDE_0187,1,landslide,74_36,2,74.3501858995522,36.24140623929612,Gilgit-Baltistan,conventional_alphaearth_embeddings,Conventional + AlphaEarth Embeddings,0.12573295817852262,0.30586012648229505,0
1817,RMC_01_01153,0,non_landslide,73_35,4,73.62704358054114,35.533983957452826,raster-matched control,conventional_alphaearth_embeddings,Conventional + AlphaEarth Embeddings,0.9639723620929058,0.42499994627304916,1
1818,RMC_01_00847,0,non_landslide,74_39,3,74.42429839519721,39.62131850019665,raster-matched control,conventional_alphaearth_embeddings,Conventional + AlphaEarth Embeddings,0.08333514410315647,0.3410028221468021,0
1819,RMC_01_00404,0,non_landslide,75_38,2,75.1901121749091,38.9610567663688,raster-matched control,conventional_alphaearth_embeddings,Conventional + AlphaEarth Embeddings,0.44089466138766636,0.30586012648229505,1
1820,CPEC_LANDSLIDE_0888,1,landslide,73_34,2,73.47881958539519,34.40210731856866,KP-AJK,conventional_alphaearth_embeddings,Conventional + AlphaEarth Embeddings,0.9493850667769237,0.30586012648229505,1
1821,RMC_01_00219,0,non_landslide,74_35,5,74.52086728824005,35.46661031114386,raster-matched control,conventional_alphaearth_embeddings,Conventional + AlphaEarth Embeddings,0.12305351351450239,0.3251687994310354,0
1822,RMC_01_00518,0,non_landslide,73_35,4,73.6899256504295,35.533983957452826,raster-matched control,conventional_alphaearth_embeddings,Conventional + AlphaEarth Embeddings,0.19351002874660825,0.42499994627304916,0
1823,CPEC_LANDSLIDE_0943,1,landslide,72_35,3,72.39859789609687,35.491314096489674,KP-AJK,conventional_alphaearth_embeddings,Conventional + AlphaEarth Embeddings,0.49164831960641225,0.3410028221468021,1
1824,CPEC_LANDSLIDE_0919,1,landslide,76_35,2,76.17601387599721,35.194868599355544,Gilgit-Baltistan,conventional_alphaearth_embeddings,Conventional + AlphaEarth Embeddings,0.9743628956028245,0.30586012648229505,1
1825,CPEC_ROCKFALL_0107,1,rockfall,65_27,5,65.82068363148933,27.45363729731872,Balochistan,conventional_alphaearth_embeddings,Conventional + AlphaEarth Embeddings,0.9759476086800174,0.3251687994310354,1
1826,CPEC_LANDSLIDE_0111,1,landslide,74_36,2,74.87569987690291,36.79836133817467,Gilgit-Baltistan,conventional_alphaearth_embeddings,Conventional + AlphaEarth Embeddings,0.15062649801860561,0.30586012648229505,0
1827,RMC_01_00000,0,non_landslide,74_35,5,74.68480982759188,35.43516927619968,raster-matched control,conventional_alphaearth_embeddings,Conventional + AlphaEarth Embeddings,0.09517812245947956,0.3251687994310354,0
1828,RMC_01_00703,0,non_landslide,73_34,2,73.33958268962289,34.586261332706734,raster-matched control,conventional_alphaearth_embeddings,Conventional + AlphaEarth Embeddings,0.5050787088263964,0.30586012648229505,1
1829,RMC_01_01068,0,non_landslide,64_25,5,64.55855078735456,25.74908472518094,raster-matched control,conventional_alphaearth_embeddings,Conventional + AlphaEarth Embeddings,0.1391585185836125,0.3251687994310354,0
1830,CPEC_LANDSLIDE_0110,1,landslide,74_36,2,74.89591298197819,36.78264300696128,Gilgit-Baltistan,conventional_alphaearth_embeddings,Conventional + AlphaEarth Embeddings,0.21687360985072346,0.30586012648229505,0
1831,RMC_01_01127,0,non_landslide,73_35,4,73.15991963279899,35.219573608011,raster-matched control,conventional_alphaearth_embeddings,Conventional + AlphaEarth Embeddings,0.2289125056608497,0.42499994627304916,0
1832,RMC_01_00071,0,non_landslide,78_40,4,78.1837478592374,40.06373877762552,raster-matched control,conventional_alphaearth_embeddings,Conventional + AlphaEarth Embeddings,0.10258877676425252,0.42499994627304916,0
1833,CPEC_LANDSLIDE_0115,1,landslide,74_36,2,74.83976844061424,36.74671157067261,Gilgit-Baltistan,conventional_alphaearth_embeddings,Conventional + AlphaEarth Embeddings,0.969099308429382,0.30586012648229505,1
1834,CPEC_LANDSLIDE_0725,1,landslide,68_30,4,68.52461116468206,30.667360476648746,Balochistan,conventional_alphaearth_embeddings,Conventional + AlphaEarth Embeddings,0.971679222696845,0.42499994627304916,1
1835,CPEC_ROCKFALL_0560,1,rockfall,67_29,1,67.68693335898382,29.596119416872064,Balochistan,conventional_alphaearth_embeddings,Conventional + AlphaEarth Embeddings,0.9377063309210494,0.41913377540096863,1
1836,CPEC_ROCKFALL_0431,1,rockfall,70_29,4,70.02704729632694,29.52874685905556,Punjab-Sindh lowland corridor,conventional_alphaearth_embeddings,Conventional + AlphaEarth Embeddings,0.9718614677644475,0.42499994627304916,1
1837,CPEC_LANDSLIDE_0489,1,landslide,75_38,2,75.09354479976795,38.75444411549189,"Kashgar (Xinjiang, China)",conventional_alphaearth_embeddings,Conventional + AlphaEarth Embeddings,0.5528268252486483,0.30586012648229505,1
1838,RMC_01_01242,0,non_landslide,64_28,1,64.76291751449176,28.77640723266373,raster-matched control,conventional_alphaearth_embeddings,Conventional + AlphaEarth Embeddings,0.18097982412839456,0.41913377540096863,0
1839,CPEC_LANDSLIDE_0183,1,landslide,74_36,2,74.34120527003057,36.275094747754906,Gilgit-Baltistan,conventional_alphaearth_embeddings,Conventional + AlphaEarth Embeddings,0.9198053031316824,0.30586012648229505,1
1840,CPEC_LANDSLIDE_0952,1,landslide,75_35,1,75.30240017490925,35.58563746107321,Gilgit-Baltistan,conventional_alphaearth_embeddings,Conventional + AlphaEarth Embeddings,0.9731387991003755,0.41913377540096863,1
1841,RMC_01_00180,0,non_landslide,65_27,5,65.89254898427205,27.397493271540263,raster-matched control,conventional_alphaearth_embeddings,Conventional + AlphaEarth Embeddings,0.12930070242029257,0.3251687994310354,0
1842,RMC_01_01173,0,non_landslide,72_35,3,72.9398323881897,35.07135158613127,raster-matched control,conventional_alphaearth_embeddings,Conventional + AlphaEarth Embeddings,0.05108814748053059,0.3410028221468021,0
1843,RMC_01_01281,0,non_landslide,74_35,5,74.6398940633859,35.507034498929244,raster-matched control,conventional_alphaearth_embeddings,Conventional + AlphaEarth Embeddings,0.9469533420697943,0.3251687994310354,1
1844,RMC_01_00484,0,non_landslide,74_35,5,74.41082366593542,35.85962324794615,raster-matched control,conventional_alphaearth_embeddings,Conventional + AlphaEarth Embeddings,0.05876267083075976,0.3251687994310354,0
1845,RMC_01_00268,0,non_landslide,68_28,5,68.84800626902528,28.798865114766716,raster-matched control,conventional_alphaearth_embeddings,Conventional + AlphaEarth Embeddings,0.14160764226326616,0.3251687994310354,0
1846,CPEC_LANDSLIDE_0234,1,landslide,74_36,2,74.3120070763326,36.29306046589924,Gilgit-Baltistan,conventional_alphaearth_embeddings,Conventional + AlphaEarth Embeddings,0.9472973067671604,0.30586012648229505,1
1847,RMC_01_01462,0,non_landslide,74_35,5,74.6286651223344,35.67996019112225,raster-matched control,conventional_alphaearth_embeddings,Conventional + AlphaEarth Embeddings,0.04908518937053746,0.3251687994310354,0
1848,RMC_01_01019,0,non_landslide,74_35,5,74.17052432743344,35.17241205559472,raster-matched control,conventional_alphaearth_embeddings,Conventional + AlphaEarth Embeddings,0.7584244124317967,0.3251687994310354,1
1849,RMC_01_00476,0,non_landslide,76_36,4,76.98225116672755,36.962305259202864,raster-matched control,conventional_alphaearth_embeddings,Conventional + AlphaEarth Embeddings,0.10262955866068589,0.42499994627304916,0
1850,CPEC_ROCKFALL_0484,1,rockfall,68_29,2,68.70652019215738,29.407472687704985,Balochistan,conventional_alphaearth_embeddings,Conventional + AlphaEarth Embeddings,0.9504561627747945,0.30586012648229505,1
1851,RMC_01_00966,0,non_landslide,75_36,3,75.03739857660878,36.85450742510852,raster-matched control,conventional_alphaearth_embeddings,Conventional + AlphaEarth Embeddings,0.15539713458949594,0.3410028221468021,0
1852,RMC_01_01269,0,non_landslide,75_37,5,75.9604175310416,37.24302878549022,raster-matched control,conventional_alphaearth_embeddings,Conventional + AlphaEarth Embeddings,0.7477141169706116,0.3251687994310354,1
1853,CPEC_ROCKFALL_0889,1,rockfall,75_38,2,75.13845686557826,38.74995380073106,"Kashgar (Xinjiang, China)",conventional_alphaearth_embeddings,Conventional + AlphaEarth Embeddings,0.9854874506810921,0.30586012648229505,1
1854,CPEC_ROCKFALL_0913,1,rockfall,75_38,2,75.45736285471861,38.81507897161664,"Kashgar (Xinjiang, China)",conventional_alphaearth_embeddings,Conventional + AlphaEarth Embeddings,0.9640962804550964,0.30586012648229505,1
1855,RMC_01_00488,0,non_landslide,74_36,2,74.49167204150618,36.230178302645456,raster-matched control,conventional_alphaearth_embeddings,Conventional + AlphaEarth Embeddings,0.3125214876259787,0.30586012648229505,1
1856,CPEC_ROCKFALL_0099,1,rockfall,65_27,5,65.73534535552848,27.282956286295967,Balochistan,conventional_alphaearth_embeddings,Conventional + AlphaEarth Embeddings,0.8778241610316289,0.3251687994310354,1
1857,RMC_01_00079,0,non_landslide,68_29,2,68.34045813349775,29.800486656559983,raster-matched control,conventional_alphaearth_embeddings,Conventional + AlphaEarth Embeddings,0.03142797045198041,0.30586012648229505,0
1858,RMC_01_00060,0,non_landslide,66_27,1,66.90989104353741,27.05837925178514,raster-matched control,conventional_alphaearth_embeddings,Conventional + AlphaEarth Embeddings,0.14037266247089708,0.41913377540096863,0
1859,RMC_01_01059,0,non_landslide,68_29,2,68.4257980854891,29.46811000143576,raster-matched control,conventional_alphaearth_embeddings,Conventional + AlphaEarth Embeddings,0.2147590619992129,0.30586012648229505,0
1860,CPEC_LANDSLIDE_1075,1,landslide,74_36,2,74.8173124077091,36.1830187701023,Gilgit-Baltistan,conventional_alphaearth_embeddings,Conventional + AlphaEarth Embeddings,0.5160487553576054,0.30586012648229505,1
1861,RMC_01_01341,0,non_landslide,75_40,1,75.31812210289614,40.20746922308464,raster-matched control,conventional_alphaearth_embeddings,Conventional + AlphaEarth Embeddings,0.31124580442963495,0.41913377540096863,0
1862,RMC_01_00434,0,non_landslide,74_36,2,74.9857454477719,36.83429533121584,raster-matched control,conventional_alphaearth_embeddings,Conventional + AlphaEarth Embeddings,0.30947964380605936,0.30586012648229505,1
1863,CPEC_LANDSLIDE_0294,1,landslide,73_35,4,73.22280029841158,35.444154643748426,KP-AJK,conventional_alphaearth_embeddings,Conventional + AlphaEarth Embeddings,0.9723379002804906,0.42499994627304916,1
1864,RMC_01_00051,0,non_landslide,63_26,1,63.976891640887175,26.66536631498285,raster-matched control,conventional_alphaearth_embeddings,Conventional + AlphaEarth Embeddings,0.17188764266391157,0.41913377540096863,0
1865,RMC_01_00628,0,non_landslide,74_36,2,74.51862150002975,36.257127761169045,raster-matched control,conventional_alphaearth_embeddings,Conventional + AlphaEarth Embeddings,0.06451413580393396,0.30586012648229505,0
1866,CPEC_LANDSLIDE_0106,1,landslide,74_36,2,74.95430491027305,36.7961184103448,Gilgit-Baltistan,conventional_alphaearth_embeddings,Conventional + AlphaEarth Embeddings,0.985343679283467,0.30586012648229505,1
1867,CPEC_ROCKFALL_0270,1,rockfall,66_27,1,66.2900530674761,27.085328927607247,Balochistan,conventional_alphaearth_embeddings,Conventional + AlphaEarth Embeddings,0.9818287962578697,0.41913377540096863,1
1868,RMC_01_00929,0,non_landslide,71_35,2,71.76753094241373,35.572162357027906,raster-matched control,conventional_alphaearth_embeddings,Conventional + AlphaEarth Embeddings,0.08844023868442576,0.30586012648229505,0
1869,RMC_01_00418,0,non_landslide,74_36,2,74.86222709620547,36.79162535522016,raster-matched control,conventional_alphaearth_embeddings,Conventional + AlphaEarth Embeddings,0.8199159088515016,0.30586012648229505,1
1870,RMC_01_00754,0,non_landslide,74_36,2,74.87794761367756,36.38064611273548,raster-matched control,conventional_alphaearth_embeddings,Conventional + AlphaEarth Embeddings,0.3640280365332224,0.30586012648229505,1
1871,RMC_01_00097,0,non_landslide,73_36,1,73.84039346051952,36.3492050777913,raster-matched control,conventional_alphaearth_embeddings,Conventional + AlphaEarth Embeddings,0.10805359214746775,0.41913377540096863,0
1872,RMC_01_00444,0,non_landslide,74_36,2,74.78362450884502,36.57602968703147,raster-matched control,conventional_alphaearth_embeddings,Conventional + AlphaEarth Embeddings,0.08504059474112319,0.30586012648229505,0
1873,RMC_01_00511,0,non_landslide,74_36,2,74.32099213752346,36.23466987906605,raster-matched control,conventional_alphaearth_embeddings,Conventional + AlphaEarth Embeddings,0.0794865553152345,0.30586012648229505,0
1874,RMC_01_01018,0,non_landslide,72_35,3,72.95555290566179,35.2105904551698,raster-matched control,conventional_alphaearth_embeddings,Conventional + AlphaEarth Embeddings,0.07576093851230811,0.3410028221468021,0
1875,CPEC_LANDSLIDE_0914,1,landslide,76_35,2,76.12660703632503,35.192625671525654,Gilgit-Baltistan,conventional_alphaearth_embeddings,Conventional + AlphaEarth Embeddings,0.9731446594955907,0.30586012648229505,1
1876,RMC_01_00992,0,non_landslide,74_35,5,74.06048070512881,35.18139520843592,raster-matched control,conventional_alphaearth_embeddings,Conventional + AlphaEarth Embeddings,0.10692149469186037,0.3251687994310354,0
1877,CPEC_LANDSLIDE_0506,1,landslide,75_38,2,75.18337339048962,38.76342920411458,"Kashgar (Xinjiang, China)",conventional_alphaearth_embeddings,Conventional + AlphaEarth Embeddings,0.8939818374199249,0.30586012648229505,1
1878,RMC_01_00405,0,non_landslide,78_41,1,78.57676079603971,41.13273396572775,raster-matched control,conventional_alphaearth_embeddings,Conventional + AlphaEarth Embeddings,0.07710300373485791,0.41913377540096863,0
1879,CPEC_LANDSLIDE_0853,1,landslide,73_34,2,73.44288814910652,34.40210731856866,KP-AJK,conventional_alphaearth_embeddings,Conventional + AlphaEarth Embeddings,0.9862601183344787,0.30586012648229505,1
1880,RMC_01_00891,0,non_landslide,77_37,2,77.24949996375311,37.43841235978621,raster-matched control,conventional_alphaearth_embeddings,Conventional + AlphaEarth Embeddings,0.11272563316138033,0.30586012648229505,0
1881,RMC_01_00218,0,non_landslide,66_27,1,66.568531235572,27.94097401843257,raster-matched control,conventional_alphaearth_embeddings,Conventional + AlphaEarth Embeddings,0.1773595275673281,0.41913377540096863,0
1882,RMC_01_00088,0,non_landslide,71_33,3,71.95842294028913,33.74409075384468,raster-matched control,conventional_alphaearth_embeddings,Conventional + AlphaEarth Embeddings,0.39966014669960687,0.3410028221468021,1
1883,CPEC_LANDSLIDE_0982,1,landslide,75_35,1,75.85037464426617,35.313895383775176,Gilgit-Baltistan,conventional_alphaearth_embeddings,Conventional + AlphaEarth Embeddings,0.657602559492119,0.41913377540096863,1
1884,CPEC_ROCKFALL_0602,1,rockfall,66_29,5,66.90315270771858,29.96442778658354,Balochistan,conventional_alphaearth_embeddings,Conventional + AlphaEarth Embeddings,0.13609542898982974,0.3251687994310354,0
1885,RMC_01_00508,0,non_landslide,74_36,2,74.30078004363078,36.00110790519498,raster-matched control,conventional_alphaearth_embeddings,Conventional + AlphaEarth Embeddings,0.08302317610190244,0.30586012648229505,0
1886,RMC_01_00231,0,non_landslide,69_32,4,69.84289044618765,32.246150017575374,raster-matched control,conventional_alphaearth_embeddings,Conventional + AlphaEarth Embeddings,0.05253841101462763,0.42499994627304916,0
1887,CPEC_ROCKFALL_0083,1,rockfall,65_26,3,65.4995347145191,26.96405475625668,Balochistan,conventional_alphaearth_embeddings,Conventional + AlphaEarth Embeddings,0.9878653941874231,0.3410028221468021,1
1888,RMC_01_00168,0,non_landslide,64_26,2,64.03752792256525,26.804605184021376,raster-matched control,conventional_alphaearth_embeddings,Conventional + AlphaEarth Embeddings,0.09524566762619778,0.30586012648229505,0
1889,RMC_01_00639,0,non_landslide,76_37,1,76.90814015578769,37.058874152245714,raster-matched control,conventional_alphaearth_embeddings,Conventional + AlphaEarth Embeddings,0.07965597926297514,0.41913377540096863,0
1890,CPEC_LANDSLIDE_0155,1,landslide,74_36,2,74.74993984989257,36.304288482351815,Gilgit-Baltistan,conventional_alphaearth_embeddings,Conventional + AlphaEarth Embeddings,0.9740504855819617,0.30586012648229505,1
1891,RMC_01_01255,0,non_landslide,72_33,4,72.9600444820824,33.86536331720082,raster-matched control,conventional_alphaearth_embeddings,Conventional + AlphaEarth Embeddings,0.07545135203346351,0.42499994627304916,0
1892,RMC_01_00658,0,non_landslide,63_25,4,63.86460223037224,25.418953858267017,raster-matched control,conventional_alphaearth_embeddings,Conventional + AlphaEarth Embeddings,0.08452109411599747,0.42499994627304916,0
1893,RMC_01_01487,0,non_landslide,74_35,5,74.60845302844172,35.653010732598666,raster-matched control,conventional_alphaearth_embeddings,Conventional + AlphaEarth Embeddings,0.06328705623105381,0.3251687994310354,0
1894,RMC_01_01500,0,non_landslide,74_35,5,74.57252041707693,35.480085040405655,raster-matched control,conventional_alphaearth_embeddings,Conventional + AlphaEarth Embeddings,0.029058702512440502,0.3251687994310354,0
1895,RMC_01_00850,0,non_landslide,78_40,4,78.10739106008725,40.85874780407129,raster-matched control,conventional_alphaearth_embeddings,Conventional + AlphaEarth Embeddings,0.09596402330678364,0.42499994627304916,0
1896,CPEC_LANDSLIDE_0295,1,landslide,73_35,4,73.2205573705817,35.444154643748426,KP-AJK,conventional_alphaearth_embeddings,Conventional + AlphaEarth Embeddings,0.9836731589068403,0.42499994627304916,1
1897,RMC_01_00901,0,non_landslide,75_38,2,75.49778515972004,38.91164942574223,raster-matched control,conventional_alphaearth_embeddings,Conventional + AlphaEarth Embeddings,0.10485333080566589,0.30586012648229505,0
1898,CPEC_ROCKFALL_0629,1,rockfall,67_30,3,67.20184559178365,30.281086388792943,Balochistan,conventional_alphaearth_embeddings,Conventional + AlphaEarth Embeddings,0.18523908347510185,0.3410028221468021,0
1899,RMC_01_00325,0,non_landslide,66_25,2,66.99073941910817,25.29992708312118,raster-matched control,conventional_alphaearth_embeddings,Conventional + AlphaEarth Embeddings,0.08720993356812753,0.30586012648229505,0
1900,CPEC_LANDSLIDE_0163,1,landslide,74_36,2,74.81506502077815,36.24365362622706,Gilgit-Baltistan,conventional_alphaearth_embeddings,Conventional + AlphaEarth Embeddings,0.911172052387609,0.30586012648229505,1
1901,RMC_01_00308,0,non_landslide,67_29,1,67.97664044342935,29.775782986246696,raster-matched control,conventional_alphaearth_embeddings,Conventional + AlphaEarth Embeddings,0.14491633344896085,0.41913377540096863,0
1902,CPEC_LANDSLIDE_1080,1,landslide,74_36,2,74.85998154568951,36.223440521151794,Gilgit-Baltistan,conventional_alphaearth_embeddings,Conventional + AlphaEarth Embeddings,0.8664419243265487,0.30586012648229505,1
1903,RMC_01_00964,0,non_landslide,75_36,3,75.16990008101641,36.86573636616002,raster-matched control,conventional_alphaearth_embeddings,Conventional + AlphaEarth Embeddings,0.09082026679651213,0.3410028221468021,0
1904,CPEC_LANDSLIDE_0264,1,landslide,73_35,4,73.8718358340438,35.48008608003709,Gilgit-Baltistan,conventional_alphaearth_embeddings,Conventional + AlphaEarth Embeddings,0.9651792441789082,0.42499994627304916,1
1905,RMC_01_01310,0,non_landslide,74_35,5,74.60845302844172,35.65525652080896,raster-matched control,conventional_alphaearth_embeddings,Conventional + AlphaEarth Embeddings,0.03707667389844751,0.3251687994310354,0
1906,CPEC_ROCKFALL_0679,1,rockfall,70_29,4,70.02255252246509,29.955447157061897,Punjab-Sindh lowland corridor,conventional_alphaearth_embeddings,Conventional + AlphaEarth Embeddings,0.9853923566705041,0.42499994627304916,1
1907,CPEC_LANDSLIDE_0228,1,landslide,74_35,5,74.51861952364402,35.84390413498774,Gilgit-Baltistan,conventional_alphaearth_embeddings,Conventional + AlphaEarth Embeddings,0.9459074516618131,0.3251687994310354,1
1908,CPEC_ROCKFALL_0634,1,rockfall,68_29,2,68.0979108666757,29.92849635029487,Balochistan,conventional_alphaearth_embeddings,Conventional + AlphaEarth Embeddings,0.9513291486764299,0.30586012648229505,1
1909,CPEC_LANDSLIDE_0437,1,landslide,74_38,1,74.99248373349266,38.58601049140008,"Kashgar (Xinjiang, China)",conventional_alphaearth_embeddings,Conventional + AlphaEarth Embeddings,0.9849436852560682,0.41913377540096863,1
1910,RMC_01_01309,0,non_landslide,74_35,5,74.14132908069956,35.33860038315683,raster-matched control,conventional_alphaearth_embeddings,Conventional + AlphaEarth Embeddings,0.13365857114533186,0.3251687994310354,0
1911,RMC_01_00287,0,non_landslide,67_27,2,67.25125085150283,27.17965181514128,raster-matched control,conventional_alphaearth_embeddings,Conventional + AlphaEarth Embeddings,0.10833751722304141,0.30586012648229505,0
1912,CPEC_LANDSLIDE_0897,1,landslide,76_35,2,76.09291852786625,35.181393195972014,Gilgit-Baltistan,conventional_alphaearth_embeddings,Conventional + AlphaEarth Embeddings,0.9778663125786211,0.30586012648229505,1
1913,CPEC_LANDSLIDE_0988,1,landslide,75_35,1,75.85486495902698,35.286949036109185,Gilgit-Baltistan,conventional_alphaearth_embeddings,Conventional + AlphaEarth Embeddings,0.9722045209719133,0.41913377540096863,1
1914,CPEC_LANDSLIDE_0402,1,landslide,75_38,2,75.01718715332875,38.54558428124953,"Kashgar (Xinjiang, China)",conventional_alphaearth_embeddings,Conventional + AlphaEarth Embeddings,0.9919182853936148,0.30586012648229505,1
1915,RMC_01_00614,0,non_landslide,75_38,2,75.30913895005494,38.7769021331243,raster-matched control,conventional_alphaearth_embeddings,Conventional + AlphaEarth Embeddings,0.060444727567205335,0.30586012648229505,0
1916,RMC_01_00379,0,non_landslide,71_35,2,71.6238004969546,35.79449538984749,raster-matched control,conventional_alphaearth_embeddings,Conventional + AlphaEarth Embeddings,0.09006649453199846,0.30586012648229505,0
1917,RMC_01_00191,0,non_landslide,66_26,4,66.29454507391554,26.982022452634983,raster-matched control,conventional_alphaearth_embeddings,Conventional + AlphaEarth Embeddings,0.08845259005192965,0.42499994627304916,0
1918,CPEC_LANDSLIDE_0016,1,landslide,74_39,3,74.58599654056158,39.29792381098692,"Kashgar (Xinjiang, China)",conventional_alphaearth_embeddings,Conventional + AlphaEarth Embeddings,0.11667470612706154,0.3410028221468021,0
1919,RMC_01_01361,0,non_landslide,65_27,5,65.76903063270562,27.386264330488768,raster-matched control,conventional_alphaearth_embeddings,Conventional + AlphaEarth Embeddings,0.13319357812072655,0.3251687994310354,0
1920,CPEC_LANDSLIDE_0534,1,landslide,75_38,2,75.35854471627319,38.80834126992488,"Kashgar (Xinjiang, China)",conventional_alphaearth_embeddings,Conventional + AlphaEarth Embeddings,0.8629227715374543,0.30586012648229505,1
1921,CPEC_LANDSLIDE_0239,1,landslide,74_36,2,74.51188628105331,36.26835704606315,Gilgit-Baltistan,conventional_alphaearth_embeddings,Conventional + AlphaEarth Embeddings,0.9797380115497001,0.30586012648229505,1
1922,RMC_01_01213,0,non_landslide,68_29,2,68.6211816597851,29.328871132397232,raster-matched control,conventional_alphaearth_embeddings,Conventional + AlphaEarth Embeddings,0.7131670319452698,0.30586012648229505,1
1923,CPEC_ROCKFALL_0608,1,rockfall,66_29,5,66.94357891786912,29.8319255987804,Balochistan,conventional_alphaearth_embeddings,Conventional + AlphaEarth Embeddings,0.8778110409142498,0.3251687994310354,1
1924,RMC_01_01125,0,non_landslide,74_35,5,74.75667505032143,35.518263439980736,raster-matched control,conventional_alphaearth_embeddings,Conventional + AlphaEarth Embeddings,0.09619482367871382,0.3251687994310354,0
1925,CPEC_LANDSLIDE_0133,1,landslide,74_36,2,74.81281763384722,36.553570067643655,Gilgit-Baltistan,conventional_alphaearth_embeddings,Conventional + AlphaEarth Embeddings,0.5675096947399009,0.30586012648229505,1
1926,CPEC_LANDSLIDE_0508,1,landslide,75_38,2,75.18337339048962,38.7679195188754,"Kashgar (Xinjiang, China)",conventional_alphaearth_embeddings,Conventional + AlphaEarth Embeddings,0.21954120180099665,0.30586012648229505,0
1927,CPEC_LANDSLIDE_0859,1,landslide,73_34,2,73.44513553603745,34.4043547054996,KP-AJK,conventional_alphaearth_embeddings,Conventional + AlphaEarth Embeddings,0.167085999031445,0.30586012648229505,0
1928,RMC_01_01354,0,non_landslide,72_36,5,72.88144189472193,36.1493299270747,raster-matched control,conventional_alphaearth_embeddings,Conventional + AlphaEarth Embeddings,0.08547701124156726,0.3251687994310354,0
1929,RMC_01_01080,0,non_landslide,66_26,4,66.81107636228427,26.50591535205164,raster-matched control,conventional_alphaearth_embeddings,Conventional + AlphaEarth Embeddings,0.13693552877359877,0.42499994627304916,0
1930,RMC_01_00314,0,non_landslide,65_25,1,65.50627341210065,25.65027004392779,raster-matched control,conventional_alphaearth_embeddings,Conventional + AlphaEarth Embeddings,0.11620038627538586,0.41913377540096863,0
1931,RMC_01_00950,0,non_landslide,75_36,3,75.20358690417089,36.856753213318825,raster-matched control,conventional_alphaearth_embeddings,Conventional + AlphaEarth Embeddings,0.03236415654794913,0.3410028221468021,0
1932,CPEC_ROCKFALL_0871,1,rockfall,75_37,5,75.19684879387313,37.92125662455447,"Kashgar (Xinjiang, China)",conventional_alphaearth_embeddings,Conventional + AlphaEarth Embeddings,0.9908925990828743,0.3251687994310354,1
1933,CPEC_LANDSLIDE_0532,1,landslide,75_38,2,75.33608868336803,38.82631144717027,"Kashgar (Xinjiang, China)",conventional_alphaearth_embeddings,Conventional + AlphaEarth Embeddings,0.7598182989973976,0.30586012648229505,1
1934,RMC_01_00789,0,non_landslide,66_29,5,66.57751438841319,29.870106091079244,raster-matched control,conventional_alphaearth_embeddings,Conventional + AlphaEarth Embeddings,0.1611830367237609,0.3251687994310354,0
1935,CPEC_ROCKFALL_0053,1,rockfall,63_27,3,63.534471307680256,27.07634383898455,Balochistan,conventional_alphaearth_embeddings,Conventional + AlphaEarth Embeddings,0.9744173356151439,0.3410028221468021,1
1936,CPEC_LANDSLIDE_0699,1,landslide,66_27,1,66.55730037091226,27.6041052032662,Balochistan,conventional_alphaearth_embeddings,Conventional + AlphaEarth Embeddings,0.1932077466474464,0.41913377540096863,0
1937,RMC_01_00819,0,non_landslide,67_25,3,67.15468195845999,25.89955253527096,raster-matched control,conventional_alphaearth_embeddings,Conventional + AlphaEarth Embeddings,0.08681490354567468,0.3410028221468021,0
1938,CPEC_ROCKFALL_0890,1,rockfall,75_38,2,75.16540767234528,38.74770641380013,"Kashgar (Xinjiang, China)",conventional_alphaearth_embeddings,Conventional + AlphaEarth Embeddings,0.9792397380925439,0.30586012648229505,1
1939,RMC_01_01199,0,non_landslide,63_26,1,63.114508968132434,26.117393991669942,raster-matched control,conventional_alphaearth_embeddings,Conventional + AlphaEarth Embeddings,0.16721575431123378,0.41913377540096863,0
1940,RMC_01_00926,0,non_landslide,71_35,2,71.74956463673134,35.518263439980736,raster-matched control,conventional_alphaearth_embeddings,Conventional + AlphaEarth Embeddings,0.10553856124598324,0.30586012648229505,0
1941,RMC_01_00788,0,non_landslide,65_28,2,65.95992263058102,28.120637075256475,raster-matched control,conventional_alphaearth_embeddings,Conventional + AlphaEarth Embeddings,0.08646555401873146,0.30586012648229505,0
1942,CPEC_ROCKFALL_0793,1,rockfall,76_35,2,76.13334473801679,35.20385368797823,Gilgit-Baltistan,conventional_alphaearth_embeddings,Conventional + AlphaEarth Embeddings,0.9781879654651651,0.30586012648229505,1
1943,CPEC_ROCKFALL_0383,1,rockfall,67_28,4,67.07832403350214,28.02406779958078,Balochistan,conventional_alphaearth_embeddings,Conventional + AlphaEarth Embeddings,0.9707857860785835,0.42499994627304916,1
1944,CPEC_ROCKFALL_0863,1,rockfall,73_35,4,73.86734106018193,35.48457639479791,Gilgit-Baltistan,conventional_alphaearth_embeddings,Conventional + AlphaEarth Embeddings,0.9790861496452992,0.42499994627304916,1
1945,CPEC_LANDSLIDE_0167,1,landslide,74_36,2,74.61968058991931,36.2773376755848,Gilgit-Baltistan,conventional_alphaearth_embeddings,Conventional + AlphaEarth Embeddings,0.13666031034066983,0.30586012648229505,0
1946,CPEC_ROCKFALL_0279,1,rockfall,66_27,1,66.2900530674761,27.179652292190784,Balochistan,conventional_alphaearth_embeddings,Conventional + AlphaEarth Embeddings,0.951896790730617,0.41913377540096863,1
1947,RMC_01_01206,0,non_landslide,66_26,4,66.33721504991122,26.580026362991497,raster-matched control,conventional_alphaearth_embeddings,Conventional + AlphaEarth Embeddings,0.06006256706952807,0.42499994627304916,0
1948,RMC_01_00988,0,non_landslide,75_36,3,75.43490308983168,36.83429533121584,raster-matched control,conventional_alphaearth_embeddings,Conventional + AlphaEarth Embeddings,0.1493021575276912,0.3410028221468021,0
1949,RMC_01_00238,0,non_landslide,77_39,1,77.78399755780421,39.88632150901191,raster-matched control,conventional_alphaearth_embeddings,Conventional + AlphaEarth Embeddings,0.31442121282646124,0.41913377540096863,0
1950,CPEC_ROCKFALL_0921,1,rockfall,75_38,2,75.47981888762375,38.84652009314448,"Kashgar (Xinjiang, China)",conventional_alphaearth_embeddings,Conventional + AlphaEarth Embeddings,0.97433542608961,0.30586012648229505,1
1951,RMC_01_01388,0,non_landslide,74_35,5,74.6376482751756,35.53173816924253,raster-matched control,conventional_alphaearth_embeddings,Conventional + AlphaEarth Embeddings,0.785466802307907,0.3251687994310354,1
1952,RMC_01_01157,0,non_landslide,73_35,4,73.33958268962289,35.495805557877745,raster-matched control,conventional_alphaearth_embeddings,Conventional + AlphaEarth Embeddings,0.1745330608103241,0.42499994627304916,0
1953,CPEC_LANDSLIDE_0356,1,landslide,75_37,5,75.35180701458145,37.871849784882286,"Kashgar (Xinjiang, China)",conventional_alphaearth_embeddings,Conventional + AlphaEarth Embeddings,0.9341338973046518,0.3251687994310354,1
1954,CPEC_LANDSLIDE_0129,1,landslide,74_36,2,74.82180272246991,36.57603055964986,Gilgit-Baltistan,conventional_alphaearth_embeddings,Conventional + AlphaEarth Embeddings,0.9737404919151553,0.30586012648229505,1
1955,CPEC_ROCKFALL_0088,1,rockfall,65_27,5,65.65000262046658,27.15270148542376,Balochistan,conventional_alphaearth_embeddings,Conventional + AlphaEarth Embeddings,0.9789395415593746,0.3251687994310354,1
1956,CPEC_LANDSLIDE_0552,1,landslide,75_38,2,75.38324813610927,38.80834126992488,"Kashgar (Xinjiang, China)",conventional_alphaearth_embeddings,Conventional + AlphaEarth Embeddings,0.5854421495860201,0.30586012648229505,1
1957,CPEC_ROCKFALL_0456,1,rockfall,69_28,1,69.1826273298359,28.85950267744913,Balochistan,conventional_alphaearth_embeddings,Conventional + AlphaEarth Embeddings,0.9046639235240768,0.41913377540096863,1
1958,RMC_01_00082,0,non_landslide,72_34,1,72.77588984883789,34.02032270371144,raster-matched control,conventional_alphaearth_embeddings,Conventional + AlphaEarth Embeddings,0.1373592725340035,0.41913377540096863,0
1959,RMC_01_00661,0,non_landslide,66_25,2,66.05199994720327,25.48857329278628,raster-matched control,conventional_alphaearth_embeddings,Conventional + AlphaEarth Embeddings,0.17066004217681557,0.30586012648229505,0
1960,RMC_01_01437,0,non_landslide,66_28,3,66.11488201709163,28.163307051252158,raster-matched control,conventional_alphaearth_embeddings,Conventional + AlphaEarth Embeddings,0.06411594974028792,0.3410028221468021,0
1961,RMC_01_01159,0,non_landslide,73_35,4,73.29242113720662,35.491313981457154,raster-matched control,conventional_alphaearth_embeddings,Conventional + AlphaEarth Embeddings,0.1604058637234632,0.42499994627304916,0
1962,CPEC_ROCKFALL_0538,1,rockfall,67_29,1,67.92498692782308,29.697180483147367,Balochistan,conventional_alphaearth_embeddings,Conventional + AlphaEarth Embeddings,0.9798104783734307,0.41913377540096863,1
1963,CPEC_LANDSLIDE_0911,1,landslide,76_35,2,76.10639393124976,35.18813089766378,Gilgit-Baltistan,conventional_alphaearth_embeddings,Conventional + AlphaEarth Embeddings,0.9670482337224499,0.30586012648229505,1
1964,RMC_01_00855,0,non_landslide,74_36,2,74.57925778170782,36.27958564327203,raster-matched control,conventional_alphaearth_embeddings,Conventional + AlphaEarth Embeddings,0.24209451589426462,0.30586012648229505,0
1965,RMC_01_01061,0,non_landslide,68_29,2,68.14058298278115,29.870106091079244,raster-matched control,conventional_alphaearth_embeddings,Conventional + AlphaEarth Embeddings,0.09188400905703652,0.30586012648229505,0
1966,RMC_01_00192,0,non_landslide,66_29,5,66.2047135455036,29.589382564791894,raster-matched control,conventional_alphaearth_embeddings,Conventional + AlphaEarth Embeddings,0.0756009648423123,0.3251687994310354,0
1967,CPEC_ROCKFALL_0959,1,rockfall,75_38,2,75.52024509777429,38.96554687756412,"Kashgar (Xinjiang, China)",conventional_alphaearth_embeddings,Conventional + AlphaEarth Embeddings,0.9861132554331763,0.30586012648229505,1
1968,RMC_01_00635,0,non_landslide,75_38,2,75.34057998499912,38.81957210911997,raster-matched control,conventional_alphaearth_embeddings,Conventional + AlphaEarth Embeddings,0.05670063287219445,0.30586012648229505,0
1969,RMC_01_00608,0,non_landslide,74_35,5,74.41531524235602,35.4059740294658,raster-matched control,conventional_alphaearth_embeddings,Conventional + AlphaEarth Embeddings,0.5681604507839583,0.3251687994310354,1
1970,CPEC_LANDSLIDE_0583,1,landslide,74_38,1,74.82180272246991,38.87347089991152,"Kashgar (Xinjiang, China)",conventional_alphaearth_embeddings,Conventional + AlphaEarth Embeddings,0.6757907382133781,0.41913377540096863,1
1971,CPEC_LANDSLIDE_0381,1,landslide,75_38,2,75.02392485502051,38.53884657955778,"Kashgar (Xinjiang, China)",conventional_alphaearth_embeddings,Conventional + AlphaEarth Embeddings,0.989728315757857,0.30586012648229505,1
1972,RMC_01_01464,0,non_landslide,74_35,5,74.6219277577035,35.68220597933255,raster-matched control,conventional_alphaearth_embeddings,Conventional + AlphaEarth Embeddings,0.047337755662789145,0.3251687994310354,0
1973,RMC_01_00697,0,non_landslide,73_33,5,73.47657577045112,33.95744063382307,raster-matched control,conventional_alphaearth_embeddings,Conventional + AlphaEarth Embeddings,0.1810714801026375,0.3251687994310354,0
1974,RMC_01_00710,0,non_landslide,73_33,5,73.48106734687171,33.99337324518785,raster-matched control,conventional_alphaearth_embeddings,Conventional + AlphaEarth Embeddings,0.1485037316891442,0.3251687994310354,0
1975,RMC_01_01054,0,non_landslide,65_25,1,65.41868767189901,25.854636771064985,raster-matched control,conventional_alphaearth_embeddings,Conventional + AlphaEarth Embeddings,0.1470032467303676,0.41913377540096863,0
1976,CPEC_LANDSLIDE_0869,1,landslide,73_34,2,73.45636355249003,34.40210731856866,KP-AJK,conventional_alphaearth_embeddings,Conventional + AlphaEarth Embeddings,0.9808280977770146,0.30586012648229505,1
1977,RMC_01_00996,0,non_landslide,68_30,4,68.49766330821866,30.05650651253404,raster-matched control,conventional_alphaearth_embeddings,Conventional + AlphaEarth Embeddings,0.0766843763112774,0.42499994627304916,0
1978,CPEC_LANDSLIDE_1063,1,landslide,74_36,2,74.80158961739464,36.30428848235182,Gilgit-Baltistan,conventional_alphaearth_embeddings,Conventional + AlphaEarth Embeddings,0.9724043841040335,0.30586012648229505,1
1979,CPEC_LANDSLIDE_0124,1,landslide,74_36,2,74.85324384399776,36.62992771408286,Gilgit-Baltistan,conventional_alphaearth_embeddings,Conventional + AlphaEarth Embeddings,0.8316478933265999,0.30586012648229505,1
1980,RMC_01_01393,0,non_landslide,73_35,4,73.84937661336072,35.495805557877745,raster-matched control,conventional_alphaearth_embeddings,Conventional + AlphaEarth Embeddings,0.31997814934141466,0.42499994627304916,0
1981,RMC_01_01022,0,non_landslide,74_35,5,74.35917053709855,35.75631699027241,raster-matched control,conventional_alphaearth_embeddings,Conventional + AlphaEarth Embeddings,0.3352675292328872,0.3251687994310354,1
1982,CPEC_LANDSLIDE_0085,1,landslide,75_36,3,75.01943008115863,36.856753266469546,Gilgit-Baltistan,conventional_alphaearth_embeddings,Conventional + AlphaEarth Embeddings,0.9831481049599592,0.3410028221468021,1
1983,RMC_01_01409,0,non_landslide,65_28,2,65.70165698639666,28.295808555659782,raster-matched control,conventional_alphaearth_embeddings,Conventional + AlphaEarth Embeddings,0.07591076524881855,0.30586012648229505,0
1984,RMC_01_00244,0,non_landslide,66_27,1,66.72798219850321,27.45363797679773,raster-matched control,conventional_alphaearth_embeddings,Conventional + AlphaEarth Embeddings,0.1683191170283367,0.41913377540096863,0
1985,RMC_01_00251,0,non_landslide,67_29,1,67.73184952850677,29.870106091079244,raster-matched control,conventional_alphaearth_embeddings,Conventional + AlphaEarth Embeddings,0.12402765563967454,0.41913377540096863,0
1986,RMC_01_01382,0,non_landslide,71_35,2,71.91799875250375,35.93822583530661,raster-matched control,conventional_alphaearth_embeddings,Conventional + AlphaEarth Embeddings,0.8147909004502615,0.30586012648229505,1
1987,RMC_01_01436,0,non_landslide,66_29,5,66.7594232334474,29.59387414121249,raster-matched control,conventional_alphaearth_embeddings,Conventional + AlphaEarth Embeddings,0.2330249824932667,0.3251687994310354,0
1988,RMC_01_00821,0,non_landslide,66_26,4,66.93010313743011,26.752952055184505,raster-matched control,conventional_alphaearth_embeddings,Conventional + AlphaEarth Embeddings,0.08067926857561479,0.42499994627304916,0
1989,RMC_01_00391,0,non_landslide,74_38,1,74.96328756566892,38.354693949588125,raster-matched control,conventional_alphaearth_embeddings,Conventional + AlphaEarth Embeddings,0.11152274592335776,0.41913377540096863,0
1990,CPEC_LANDSLIDE_0668,1,landslide,66_25,2,66.07670291847292,25.50204929386338,Balochistan,conventional_alphaearth_embeddings,Conventional + AlphaEarth Embeddings,0.9888504434568666,0.30586012648229505,1
1991,RMC_01_01395,0,non_landslide,74_39,3,74.87794761367756,39.59661482988336,raster-matched control,conventional_alphaearth_embeddings,Conventional + AlphaEarth Embeddings,0.11435063146818625,0.3410028221468021,0
1992,RMC_01_00657,0,non_landslide,65_26,3,65.24800776791629,26.5710432101503,raster-matched control,conventional_alphaearth_embeddings,Conventional + AlphaEarth Embeddings,0.21094344137965876,0.3410028221468021,0
1993,RMC_01_00159,0,non_landslide,76_38,3,76.42978726699404,38.01333414162271,raster-matched control,conventional_alphaearth_embeddings,Conventional + AlphaEarth Embeddings,0.09685231510561983,0.3410028221468021,0
1994,RMC_01_01235,0,non_landslide,65_26,3,65.24800776791629,26.11963977988024,raster-matched control,conventional_alphaearth_embeddings,Conventional + AlphaEarth Embeddings,0.1838910038900352,0.3410028221468021,0
1995,CPEC_LANDSLIDE_0275,1,landslide,73_35,4,73.58212803860143,35.53623062140103,KP-AJK,conventional_alphaearth_embeddings,Conventional + AlphaEarth Embeddings,0.963112141715975,0.42499994627304916,1
1996,RMC_01_01150,0,non_landslide,73_35,4,73.43390579445544,35.52050922819103,raster-matched control,conventional_alphaearth_embeddings,Conventional + AlphaEarth Embeddings,0.698634480632544,0.42499994627304916,1
1997,CPEC_ROCKFALL_0900,1,rockfall,75_38,2,75.36977719182681,38.81732635854758,"Kashgar (Xinjiang, China)",conventional_alphaearth_embeddings,Conventional + AlphaEarth Embeddings,0.9858197689902554,0.30586012648229505,1
1998,RMC_01_00335,0,non_landslide,74_35,5,74.68930140401247,35.54296711029402,raster-matched control,conventional_alphaearth_embeddings,Conventional + AlphaEarth Embeddings,0.05483581976482987,0.3251687994310354,0
1999,RMC_01_00044,0,non_landslide,66_27,1,66.24289194507867,27.458129553218328,raster-matched control,conventional_alphaearth_embeddings,Conventional + AlphaEarth Embeddings,0.1216430284350752,0.41913377540096863,0
2000,CPEC_ROCKFALL_0403,1,rockfall,67_25,3,67.92498692782308,25.879338293096488,Punjab-Sindh lowland corridor,conventional_alphaearth_embeddings,Conventional + AlphaEarth Embeddings,0.9818497885690944,0.3410028221468021,1
2001,CPEC_LANDSLIDE_0455,1,landslide,74_38,1,74.9857460318009,38.69156187243619,"Kashgar (Xinjiang, China)",conventional_alphaearth_embeddings,Conventional + AlphaEarth Embeddings,0.9699127865759121,0.41913377540096863,1
2002,CPEC_ROCKFALL_0525,1,rockfall,67_29,1,67.90253089491793,29.681457692832915,Balochistan,conventional_alphaearth_embeddings,Conventional + AlphaEarth Embeddings,0.8388756688492565,0.41913377540096863,1
2003,RMC_01_01415,0,non_landslide,75_39,4,75.7358387100117,39.67521741724382,raster-matched control,conventional_alphaearth_embeddings,Conventional + AlphaEarth Embeddings,0.06548831510902445,0.42499994627304916,0
2004,CPEC_LANDSLIDE_0564,1,landslide,75_38,2,75.44388745133509,38.81507897161664,"Kashgar (Xinjiang, China)",conventional_alphaearth_embeddings,Conventional + AlphaEarth Embeddings,0.9899793054549996,0.30586012648229505,1
2005,RMC_01_01288,0,non_landslide,77_38,4,77.35954358605775,38.48494966578546,raster-matched control,conventional_alphaearth_embeddings,Conventional + AlphaEarth Embeddings,0.07474903527628524,0.42499994627304916,0
2006,CPEC_ROCKFALL_0317,1,rockfall,66_28,3,66.3439502219091,28.1520796726231,Balochistan,conventional_alphaearth_embeddings,Conventional + AlphaEarth Embeddings,0.9857569447177875,0.3410028221468021,1
2007,CPEC_LANDSLIDE_0259,1,landslide,74_35,5,74.0267940547521,35.423941538673155,Gilgit-Baltistan,conventional_alphaearth_embeddings,Conventional + AlphaEarth Embeddings,0.971914989229277,0.3251687994310354,1
2008,RMC_01_00856,0,non_landslide,74_36,2,74.28955110257928,36.1605588681262,raster-matched control,conventional_alphaearth_embeddings,Conventional + AlphaEarth Embeddings,0.1371150529001426,0.30586012648229505,0
2009,CPEC_ROCKFALL_0397,1,rockfall,67_25,3,67.88680810460349,25.86137257495216,Punjab-Sindh lowland corridor,conventional_alphaearth_embeddings,Conventional + AlphaEarth Embeddings,0.9571137520835654,0.3410028221468021,1
2010,RMC_01_01265,0,non_landslide,73_35,4,73.55742414602187,35.522755016401334,raster-matched control,conventional_alphaearth_embeddings,Conventional + AlphaEarth Embeddings,0.21692889590145167,0.42499994627304916,0
2011,RMC_01_00035,0,non_landslide,74_38,1,74.87345603725697,38.83529262659207,raster-matched control,conventional_alphaearth_embeddings,Conventional + AlphaEarth Embeddings,0.1844434308064183,0.41913377540096863,0
2012,RMC_01_00478,0,non_landslide,74_36,2,74.88917655472906,36.47496921756802,raster-matched control,conventional_alphaearth_embeddings,Conventional + AlphaEarth Embeddings,0.1585601096199807,0.30586012648229505,0
2013,RMC_01_01448,0,non_landslide,68_30,4,68.4392728147509,30.48320627249082,raster-matched control,conventional_alphaearth_embeddings,Conventional + AlphaEarth Embeddings,0.1005707812017203,0.42499994627304916,0
2014,RMC_01_01252,0,non_landslide,69_31,2,69.386995439497,31.637541412584405,raster-matched control,conventional_alphaearth_embeddings,Conventional + AlphaEarth Embeddings,0.32825307136014115,0.30586012648229505,1
2015,RMC_01_01137,0,non_landslide,73_35,4,73.7078919561119,35.53173816924253,raster-matched control,conventional_alphaearth_embeddings,Conventional + AlphaEarth Embeddings,0.11975178971648069,0.42499994627304916,0
2016,RMC_01_00226,0,non_landslide,66_27,1,66.43602973116437,27.516520046686097,raster-matched control,conventional_alphaearth_embeddings,Conventional + AlphaEarth Embeddings,0.09827738157234442,0.41913377540096863,0
2017,RMC_01_00199,0,non_landslide,67_29,1,67.25574242792342,29.901547126023427,raster-matched control,conventional_alphaearth_embeddings,Conventional + AlphaEarth Embeddings,0.17884945947354355,0.41913377540096863,0
2018,CPEC_LANDSLIDE_0512,1,landslide,75_38,2,75.19684879387313,38.76567213194446,"Kashgar (Xinjiang, China)",conventional_alphaearth_embeddings,Conventional + AlphaEarth Embeddings,0.9796151904893016,0.30586012648229505,1
2019,RMC_01_00517,0,non_landslide,74_36,2,74.29628846721018,36.06623576329365,raster-matched control,conventional_alphaearth_embeddings,Conventional + AlphaEarth Embeddings,0.06911289309812085,0.30586012648229505,0
2020,RMC_01_01497,0,non_landslide,73_35,4,73.23852222015944,35.45987294651297,raster-matched control,conventional_alphaearth_embeddings,Conventional + AlphaEarth Embeddings,0.08336724152456539,0.42499994627304916,0
2021,RMC_01_00441,0,non_landslide,74_36,2,74.8128197555789,36.71976013249059,raster-matched control,conventional_alphaearth_embeddings,Conventional + AlphaEarth Embeddings,0.13588791994800353,0.30586012648229505,0
2022,RMC_01_01389,0,non_landslide,75_40,1,75.3832499609948,40.11314611825209,raster-matched control,conventional_alphaearth_embeddings,Conventional + AlphaEarth Embeddings,0.12410945832200833,0.41913377540096863,0
2023,CPEC_LANDSLIDE_0018,1,landslide,74_39,3,74.55455541903373,39.42368829709831,"Kashgar (Xinjiang, China)",conventional_alphaearth_embeddings,Conventional + AlphaEarth Embeddings,0.23981841150599217,0.3410028221468021,0
2024,RMC_01_01134,0,non_landslide,73_35,4,73.97064917671685,35.45313558188207,raster-matched control,conventional_alphaearth_embeddings,Conventional + AlphaEarth Embeddings,0.09508594546681162,0.42499994627304916,0
2025,RMC_01_00260,0,non_landslide,68_30,4,68.70876739998675,30.19574538157257,raster-matched control,conventional_alphaearth_embeddings,Conventional + AlphaEarth Embeddings,0.07621395243531058,0.42499994627304916,0
2026,CPEC_LANDSLIDE_0525,1,landslide,75_38,2,75.32486066691546,38.79711325347232,"Kashgar (Xinjiang, China)",conventional_alphaearth_embeddings,Conventional + AlphaEarth Embeddings,0.43292002510029254,0.30586012648229505,1
2027,RMC_01_00538,0,non_landslide,75_38,2,75.03515278839848,38.424313384107386,raster-matched control,conventional_alphaearth_embeddings,Conventional + AlphaEarth Embeddings,0.1339301037017734,0.30586012648229505,0
2028,RMC_01_01429,0,non_landslide,65_29,4,65.94644790131923,29.33111692060753,raster-matched control,conventional_alphaearth_embeddings,Conventional + AlphaEarth Embeddings,0.1205293015455786,0.42499994627304916,0
2029,RMC_01_00364,0,non_landslide,71_34,5,71.90452402324195,34.55032872134195,raster-matched control,conventional_alphaearth_embeddings,Conventional + AlphaEarth Embeddings,0.020480630334493242,0.3251687994310354,0
2030,RMC_01_00570,0,non_landslide,75_38,2,75.09803485828685,38.74321530996982,raster-matched control,conventional_alphaearth_embeddings,Conventional + AlphaEarth Embeddings,0.10822607363180853,0.30586012648229505,0
2031,RMC_01_00762,0,non_landslide,73_35,4,73.3148790193096,35.62381548586478,raster-matched control,conventional_alphaearth_embeddings,Conventional + AlphaEarth Embeddings,0.6917107191646267,0.42499994627304916,1
2032,CPEC_LANDSLIDE_0578,1,landslide,74_38,1,74.91163577229263,38.81507897161664,"Kashgar (Xinjiang, China)",conventional_alphaearth_embeddings,Conventional + AlphaEarth Embeddings,0.15818199824713408,0.41913377540096863,0
2033,RMC_01_01025,0,non_landslide,64_28,1,64.6865607153416,28.394623236912928,raster-matched control,conventional_alphaearth_embeddings,Conventional + AlphaEarth Embeddings,0.18146669182588504,0.41913377540096863,0
2034,RMC_01_00730,0,non_landslide,75_38,2,75.67071085191304,38.73647794533892,raster-matched control,conventional_alphaearth_embeddings,Conventional + AlphaEarth Embeddings,0.15019281131326961,0.30586012648229505,0
2035,RMC_01_00778,0,non_landslide,74_36,2,74.31874634931316,36.44801975904444,raster-matched control,conventional_alphaearth_embeddings,Conventional + AlphaEarth Embeddings,0.7295367160281128,0.30586012648229505,1
2036,RMC_01_01011,0,non_landslide,73_35,4,73.98412390597865,35.31614250105385,raster-matched control,conventional_alphaearth_embeddings,Conventional + AlphaEarth Embeddings,0.07965217755500996,0.42499994627304916,0
2037,RMC_01_00356,0,non_landslide,67_29,1,67.37027762664867,29.742096163092214,raster-matched control,conventional_alphaearth_embeddings,Conventional + AlphaEarth Embeddings,0.11306796719442912,0.41913377540096863,0
2038,CPEC_ROCKFALL_0850,1,rockfall,74_35,5,74.61294288822755,35.74733338347328,Gilgit-Baltistan,conventional_alphaearth_embeddings,Conventional + AlphaEarth Embeddings,0.9773826915834871,0.3251687994310354,1
2039,RMC_01_01477,0,non_landslide,75_38,2,75.5629130178187,38.996989377733584,raster-matched control,conventional_alphaearth_embeddings,Conventional + AlphaEarth Embeddings,0.10390344048221332,0.30586012648229505,0
2040,CPEC_ROCKFALL_0562,1,rockfall,67_29,1,67.68468597205288,29.596119416872064,Balochistan,conventional_alphaearth_embeddings,Conventional + AlphaEarth Embeddings,0.9651050012241502,0.41913377540096863,1
2041,CPEC_ROCKFALL_0311,1,rockfall,66_27,1,66.56179514477414,27.59961488850537,Balochistan,conventional_alphaearth_embeddings,Conventional + AlphaEarth Embeddings,0.9520542333115449,0.41913377540096863,1
2042,RMC_01_00384,0,non_landslide,76_35,2,76.53983088929868,35.16118311454323,raster-matched control,conventional_alphaearth_embeddings,Conventional + AlphaEarth Embeddings,0.9521614171506898,0.30586012648229505,1
2043,RMC_01_00828,0,non_landslide,69_28,1,69.62504898978867,28.95382450127733,raster-matched control,conventional_alphaearth_embeddings,Conventional + AlphaEarth Embeddings,0.23402313574103467,0.41913377540096863,0
2044,RMC_01_00882,0,non_landslide,77_37,2,77.13945634144847,37.364301348846354,raster-matched control,conventional_alphaearth_embeddings,Conventional + AlphaEarth Embeddings,0.1101168080198617,0.30586012648229505,0
2045,CPEC_ROCKFALL_0073,1,rockfall,63_26,1,63.961171605686594,26.07697011088626,Balochistan,conventional_alphaearth_embeddings,Conventional + AlphaEarth Embeddings,0.9877896244271658,0.41913377540096863,1
2046,CPEC_LANDSLIDE_1016,1,landslide,74_35,5,74.69603823635852,35.5474586378536,Gilgit-Baltistan,conventional_alphaearth_embeddings,Conventional + AlphaEarth Embeddings,0.9742645519841269,0.3251687994310354,1
2047,RMC_01_01490,0,non_landslide,66_27,1,66.60895542335737,27.786014631921955,raster-matched control,conventional_alphaearth_embeddings,Conventional + AlphaEarth Embeddings,0.07192229727160573,0.41913377540096863,0
2048,CPEC_ROCKFALL_0841,1,rockfall,74_35,5,74.48268808735536,35.868607554823825,Gilgit-Baltistan,conventional_alphaearth_embeddings,Conventional + AlphaEarth Embeddings,0.9803204384999172,0.3251687994310354,1
2049,RMC_01_00648,0,non_landslide,77_37,2,77.36852673889894,37.638287510502806,raster-matched control,conventional_alphaearth_embeddings,Conventional + AlphaEarth Embeddings,0.09583358181317354,0.30586012648229505,0
2050,CPEC_LANDSLIDE_0240,1,landslide,74_36,2,74.54557033041104,36.26835704606316,Gilgit-Baltistan,conventional_alphaearth_embeddings,Conventional + AlphaEarth Embeddings,0.1514246455244972,0.30586012648229505,0
2051,CPEC_LANDSLIDE_0094,1,landslide,74_36,2,74.96553292672563,36.838787548325215,Gilgit-Baltistan,conventional_alphaearth_embeddings,Conventional + AlphaEarth Embeddings,0.26735434071240904,0.30586012648229505,0
2052,RMC_01_00110,0,non_landslide,76_38,3,76.1198684939728,38.42655917231769,raster-matched control,conventional_alphaearth_embeddings,Conventional + AlphaEarth Embeddings,0.13416394954480726,0.3410028221468021,0
2053,RMC_01_00654,0,non_landslide,74_35,5,74.8038366027377,35.464364522933565,raster-matched control,conventional_alphaearth_embeddings,Conventional + AlphaEarth Embeddings,0.3510167834175993,0.3251687994310354,1
2054,CPEC_LANDSLIDE_0249,1,landslide,74_35,5,74.61294288822755,35.509279814634006,Gilgit-Baltistan,conventional_alphaearth_embeddings,Conventional + AlphaEarth Embeddings,0.7667129598525259,0.3251687994310354,1
2055,RMC_01_00354,0,non_landslide,67_29,1,67.40845602622375,29.65451042289056,raster-matched control,conventional_alphaearth_embeddings,Conventional + AlphaEarth Embeddings,0.17282950551618337,0.41913377540096863,0
2056,RMC_01_00233,0,non_landslide,68_30,4,68.36965338023164,30.67185248215592,raster-matched control,conventional_alphaearth_embeddings,Conventional + AlphaEarth Embeddings,0.060572238110989954,0.42499994627304916,0
2057,RMC_01_01474,0,non_landslide,70_32,5,70.44251589833743,32.949081727398905,raster-matched control,conventional_alphaearth_embeddings,Conventional + AlphaEarth Embeddings,0.13781185768303064,0.3251687994310354,0
2058,CPEC_ROCKFALL_0918,1,rockfall,75_38,2,75.48206627455471,38.83978239145274,"Kashgar (Xinjiang, China)",conventional_alphaearth_embeddings,Conventional + AlphaEarth Embeddings,0.5422603764591555,0.30586012648229505,1
2059,RMC_01_00797,0,non_landslide,62_26,5,62.66759711428297,26.151080814824425,raster-matched control,conventional_alphaearth_embeddings,Conventional + AlphaEarth Embeddings,0.10967593503583517,0.3251687994310354,0
2060,RMC_01_00295,0,non_landslide,67_25,3,67.93846204385426,25.416708070056718,raster-matched control,conventional_alphaearth_embeddings,Conventional + AlphaEarth Embeddings,0.22010344618468014,0.3410028221468021,0
2061,CPEC_ROCKFALL_0015,1,rockfall,76_37,1,76.06596772109923,37.84489897811525,"Kashgar (Xinjiang, China)",conventional_alphaearth_embeddings,Conventional + AlphaEarth Embeddings,0.9873150845726066,0.41913377540096863,1
2062,CPEC_LANDSLIDE_0457,1,landslide,74_38,1,74.99922143518441,38.702789888888766,"Kashgar (Xinjiang, China)",conventional_alphaearth_embeddings,Conventional + AlphaEarth Embeddings,0.9797232183551183,0.41913377540096863,1
2063,RMC_01_01052,0,non_landslide,65_26,3,65.86784531395877,26.198242367240702,raster-matched control,conventional_alphaearth_embeddings,Conventional + AlphaEarth Embeddings,0.16030861715851882,0.3410028221468021,0
2064,RMC_01_00286,0,non_landslide,67_27,2,67.26921715718522,27.352577507334285,raster-matched control,conventional_alphaearth_embeddings,Conventional + AlphaEarth Embeddings,0.16002685553216503,0.30586012648229505,0
2065,CPEC_ROCKFALL_0007,1,rockfall,75_38,2,75.92448490377443,38.433295198521655,"Kashgar (Xinjiang, China)",conventional_alphaearth_embeddings,Conventional + AlphaEarth Embeddings,0.9871920733020214,0.30586012648229505,1
2066,RMC_01_01380,0,non_landslide,71_35,2,71.75405621315193,35.48457661682625,raster-matched control,conventional_alphaearth_embeddings,Conventional + AlphaEarth Embeddings,0.19615276838021375,0.30586012648229505,0
2067,RMC_01_00304,0,non_landslide,65_27,5,65.60284230514351,27.1369818391456,raster-matched control,conventional_alphaearth_embeddings,Conventional + AlphaEarth Embeddings,0.1191819382027726,0.3251687994310354,0
2068,RMC_01_00428,0,non_landslide,75_36,3,75.10701801112805,36.87022794258061,raster-matched control,conventional_alphaearth_embeddings,Conventional + AlphaEarth Embeddings,0.035804438362535815,0.3410028221468021,0
2069,CPEC_LANDSLIDE_0771,1,landslide,72_34,1,72.80957540378876,34.036041876687065,KP-AJK,conventional_alphaearth_embeddings,Conventional + AlphaEarth Embeddings,0.9330671112508817,0.41913377540096863,1
2070,CPEC_ROCKFALL_0837,1,rockfall,74_36,2,74.50739150719146,36.245901013158,Gilgit-Baltistan,conventional_alphaearth_embeddings,Conventional + AlphaEarth Embeddings,0.9856162612747924,0.30586012648229505,1
2071,RMC_01_00009,0,non_landslide,72_34,1,72.79610194273057,34.88944274109707,raster-matched control,conventional_alphaearth_embeddings,Conventional + AlphaEarth Embeddings,0.07943311031842713,0.41913377540096863,0
2072,RMC_01_01417,0,non_landslide,65_28,2,65.66347858682158,28.25538436787441,raster-matched control,conventional_alphaearth_embeddings,Conventional + AlphaEarth Embeddings,0.070871129170889,0.30586012648229505,0
2073,RMC_01_01278,0,non_landslide,75_39,4,75.55617565318781,39.92449990858699,raster-matched control,conventional_alphaearth_embeddings,Conventional + AlphaEarth Embeddings,0.07918153001874276,0.42499994627304916,0
2074,CPEC_ROCKFALL_0722,1,rockfall,72_33,4,72.90839354223418,33.83841451799835,KP-AJK,conventional_alphaearth_embeddings,Conventional + AlphaEarth Embeddings,0.7909336455572332,0.42499994627304916,1
2075,RMC_01_00336,0,non_landslide,66_26,4,66.44276709579526,26.714773655609424,raster-matched control,conventional_alphaearth_embeddings,Conventional + AlphaEarth Embeddings,0.09126399578699444,0.42499994627304916,0
2076,CPEC_ROCKFALL_0535,1,rockfall,67_29,1,67.92273954089214,29.69269016838654,Balochistan,conventional_alphaearth_embeddings,Conventional + AlphaEarth Embeddings,0.9840816718747744,0.41913377540096863,1
2077,CPEC_ROCKFALL_0454,1,rockfall,69_28,1,69.17364670031426,28.83928957237386,Balochistan,conventional_alphaearth_embeddings,Conventional + AlphaEarth Embeddings,0.3609232254986511,0.41913377540096863,0
2078,RMC_01_00713,0,non_landslide,73_34,2,73.33059953678169,34.50990453355657,raster-matched control,conventional_alphaearth_embeddings,Conventional + AlphaEarth Embeddings,0.1783451921746211,0.30586012648229505,0
2079,RMC_01_00289,0,non_landslide,69_27,4,69.23203605298637,27.752327808767472,raster-matched control,conventional_alphaearth_embeddings,Conventional + AlphaEarth Embeddings,0.08446886297276435,0.42499994627304916,0
2080,RMC_01_00769,0,non_landslide,73_35,4,73.79547769631354,35.711401226066435,raster-matched control,conventional_alphaearth_embeddings,Conventional + AlphaEarth Embeddings,0.05688146074268374,0.42499994627304916,0
2081,CPEC_ROCKFALL_0060,1,rockfall,65_27,5,65.1514394498829,27.41096815933829,Balochistan,conventional_alphaearth_embeddings,Conventional + AlphaEarth Embeddings,0.9447897101138095,0.3251687994310354,1
2082,RMC_01_01493,0,non_landslide,74_35,5,74.54332517034305,35.47559346398506,raster-matched control,conventional_alphaearth_embeddings,Conventional + AlphaEarth Embeddings,0.01915747383820818,0.3251687994310354,0
2083,CPEC_ROCKFALL_0096,1,rockfall,65_27,5,65.73309796859755,27.282956286295967,Balochistan,conventional_alphaearth_embeddings,Conventional + AlphaEarth Embeddings,0.9770888560001473,0.3251687994310354,1
2084,RMC_01_01485,0,non_landslide,74_35,5,74.30976319647198,35.989878964143486,raster-matched control,conventional_alphaearth_embeddings,Conventional + AlphaEarth Embeddings,0.6103304114544386,0.3251687994310354,1
2085,CPEC_LANDSLIDE_0692,1,landslide,66_27,1,66.4584866915679,27.556945750524942,Balochistan,conventional_alphaearth_embeddings,Conventional + AlphaEarth Embeddings,0.23265288151845503,0.41913377540096863,0
2086,RMC_01_00018,0,non_landslide,74_39,3,74.39061157204273,39.81221049807205,raster-matched control,conventional_alphaearth_embeddings,Conventional + AlphaEarth Embeddings,0.09089361565463826,0.3410028221468021,0
2087,RMC_01_00785,0,non_landslide,69_31,2,69.35780019276311,31.563430401644545,raster-matched control,conventional_alphaearth_embeddings,Conventional + AlphaEarth Embeddings,0.09015721053993037,0.30586012648229505,0
2088,RMC_01_00776,0,non_landslide,73_33,5,73.46983840582021,33.997864821608445,raster-matched control,conventional_alphaearth_embeddings,Conventional + AlphaEarth Embeddings,0.9759356645541166,0.3251687994310354,1
2089,CPEC_ROCKFALL_0609,1,rockfall,67_30,3,67.26921814960016,30.0722265545506,Balochistan,conventional_alphaearth_embeddings,Conventional + AlphaEarth Embeddings,0.9531902081363427,0.3410028221468021,1
2090,CPEC_ROCKFALL_0524,1,rockfall,67_29,1,67.90028350798698,29.681457692832915,Balochistan,conventional_alphaearth_embeddings,Conventional + AlphaEarth Embeddings,0.9574600667728024,0.41913377540096863,1
2091,RMC_01_00784,0,non_landslide,69_31,2,69.386995439497,31.597117224799025,raster-matched control,conventional_alphaearth_embeddings,Conventional + AlphaEarth Embeddings,0.08871098377406332,0.30586012648229505,0
2092,CPEC_ROCKFALL_0698,1,rockfall,72_32,2,72.45474243746081,32.59424506026799,Punjab-Sindh lowland corridor,conventional_alphaearth_embeddings,Conventional + AlphaEarth Embeddings,0.987309294716338,0.30586012648229505,1
2093,RMC_01_00575,0,non_landslide,75_38,2,75.14519641070312,38.756690039231614,raster-matched control,conventional_alphaearth_embeddings,Conventional + AlphaEarth Embeddings,0.09987675867565292,0.30586012648229505,0
2094,RMC_01_01495,0,non_landslide,73_35,4,73.75505350852816,35.51601765177044,raster-matched control,conventional_alphaearth_embeddings,Conventional + AlphaEarth Embeddings,0.03036369958623685,0.42499994627304916,0
2095,RMC_01_00396,0,non_landslide,75_37,5,75.45062360730377,37.16891777455036,raster-matched control,conventional_alphaearth_embeddings,Conventional + AlphaEarth Embeddings,0.062976430302351,0.3251687994310354,0
2096,RMC_01_00743,0,non_landslide,75_35,1,75.59884562918349,35.67996019112225,raster-matched control,conventional_alphaearth_embeddings,Conventional + AlphaEarth Embeddings,0.08465298520113516,0.41913377540096863,0
2097,CPEC_LANDSLIDE_0933,1,landslide,72_35,3,72.60072002864746,35.410466135289646,KP-AJK,conventional_alphaearth_embeddings,Conventional + AlphaEarth Embeddings,0.9760711049237031,0.3410028221468021,1
2098,RMC_01_01247,0,non_landslide,70_29,4,70.03827402048364,29.9554460430706,raster-matched control,conventional_alphaearth_embeddings,Conventional + AlphaEarth Embeddings,0.07798125707871863,0.42499994627304916,0
2099,CPEC_LANDSLIDE_0617,1,landslide,63_27,3,63.264976617313145,27.298679076610416,Balochistan,conventional_alphaearth_embeddings,Conventional + AlphaEarth Embeddings,0.6101988185716166,0.3410028221468021,1
2100,CPEC_LANDSLIDE_0278,1,landslide,73_35,4,73.56640524828697,35.52724553277834,KP-AJK,conventional_alphaearth_embeddings,Conventional + AlphaEarth Embeddings,0.9843050015451941,0.42499994627304916,1
2101,RMC_01_00073,0,non_landslide,78_39,2,78.04900056661948,39.94471200247968,raster-matched control,conventional_alphaearth_embeddings,Conventional + AlphaEarth Embeddings,0.16121907102744126,0.30586012648229505,0
2102,CPEC_ROCKFALL_0944,1,rockfall,75_38,2,75.50901262222067,38.93860052989815,"Kashgar (Xinjiang, China)",conventional_alphaearth_embeddings,Conventional + AlphaEarth Embeddings,0.9814684953042516,0.30586012648229505,1
2103,RMC_01_00138,0,non_landslide,75_35,1,75.43490308983168,35.41720297051729,raster-matched control,conventional_alphaearth_embeddings,Conventional + AlphaEarth Embeddings,0.15532441691826954,0.41913377540096863,0
2104,RMC_01_01503,0,non_landslide,75_37,5,75.43714887804197,37.2812071850653,raster-matched control,conventional_alphaearth_embeddings,Conventional + AlphaEarth Embeddings,0.03469223062068766,0.3251687994310354,0
2105,RMC_01_00902,0,non_landslide,77_37,2,77.37526410352984,37.63604172229251,raster-matched control,conventional_alphaearth_embeddings,Conventional + AlphaEarth Embeddings,0.12338449838104995,0.30586012648229505,0
2106,CPEC_ROCKFALL_0619,1,rockfall,67_30,3,67.20633590654447,30.276591614931068,Balochistan,conventional_alphaearth_embeddings,Conventional + AlphaEarth Embeddings,0.9605078057846471,0.3410028221468021,1
2107,CPEC_ROCKFALL_0954,1,rockfall,75_38,2,75.50901262222067,38.952071474180606,"Kashgar (Xinjiang, China)",conventional_alphaearth_embeddings,Conventional + AlphaEarth Embeddings,0.9593305153732429,0.30586012648229505,1
2108,CPEC_ROCKFALL_0618,1,rockfall,67_30,3,67.20408851961353,30.27883900186201,Balochistan,conventional_alphaearth_embeddings,Conventional + AlphaEarth Embeddings,0.24002465894280486,0.3410028221468021,0
2109,CPEC_LANDSLIDE_0077,1,landslide,75_36,3,75.14744195420096,36.87696637154482,Gilgit-Baltistan,conventional_alphaearth_embeddings,Conventional + AlphaEarth Embeddings,0.9365526164969011,0.3410028221468021,1
2110,CPEC_ROCKFALL_0058,1,rockfall,65_27,5,65.14694913512209,27.40872077240735,Balochistan,conventional_alphaearth_embeddings,Conventional + AlphaEarth Embeddings,0.8085254688787996,0.3251687994310354,1
2111,CPEC_ROCKFALL_0705,1,rockfall,72_32,2,72.57601660881137,32.6414089721103,Punjab-Sindh lowland corridor,conventional_alphaearth_embeddings,Conventional + AlphaEarth Embeddings,0.5871350702823122,0.30586012648229505,1
2112,RMC_01_01246,0,non_landslide,70_29,4,70.01132456196007,29.9487086784397,raster-matched control,conventional_alphaearth_embeddings,Conventional + AlphaEarth Embeddings,0.05600800990382702,0.42499994627304916,0
2113,RMC_01_01009,0,non_landslide,70_30,1,70.17077552489127,30.66736090573532,raster-matched control,conventional_alphaearth_embeddings,Conventional + AlphaEarth Embeddings,0.11910281407447515,0.41913377540096863,0
2114,CPEC_LANDSLIDE_1068,1,landslide,74_36,2,74.792608987873,36.28632276420748,Gilgit-Baltistan,conventional_alphaearth_embeddings,Conventional + AlphaEarth Embeddings,0.09368358076643703,0.30586012648229505,0
2115,RMC_01_00490,0,non_landslide,73_35,4,73.40920212414215,35.533983957452826,raster-matched control,conventional_alphaearth_embeddings,Conventional + AlphaEarth Embeddings,0.17724957041681963,0.42499994627304916,0
2116,CPEC_ROCKFALL_0515,1,rockfall,67_29,1,67.88231778984266,29.676967378072103,Balochistan,conventional_alphaearth_embeddings,Conventional + AlphaEarth Embeddings,0.5952127941979178,0.41913377540096863,1
2117,CPEC_LANDSLIDE_0053,1,landslide,74_35,5,74.62641829161107,35.8124630134599,Gilgit-Baltistan,conventional_alphaearth_embeddings,Conventional + AlphaEarth Embeddings,0.974490918058747,0.3251687994310354,1
2118,CPEC_ROCKFALL_0702,1,rockfall,72_32,2,72.44800473576905,32.56505132567108,Punjab-Sindh lowland corridor,conventional_alphaearth_embeddings,Conventional + AlphaEarth Embeddings,0.1872653415532516,0.30586012648229505,0
2119,RMC_01_00148,0,non_landslide,74_35,5,74.6219277577035,35.7720375077445,raster-matched control,conventional_alphaearth_embeddings,Conventional + AlphaEarth Embeddings,0.11316676040347413,0.3251687994310354,0
2120,RMC_01_01030,0,non_landslide,63_27,3,63.54345451629951,27.08083713388813,raster-matched control,conventional_alphaearth_embeddings,Conventional + AlphaEarth Embeddings,0.08706388388632537,0.3410028221468021,0
2121,CPEC_LANDSLIDE_0342,1,landslide,75_37,5,75.2170618989484,37.9010435194792,"Kashgar (Xinjiang, China)",conventional_alphaearth_embeddings,Conventional + AlphaEarth Embeddings,0.988026599490355,0.3251687994310354,1
2122,RMC_01_01424,0,non_landslide,68_30,4,68.4145691444376,30.47646890785992,raster-matched control,conventional_alphaearth_embeddings,Conventional + AlphaEarth Embeddings,0.135066703220347,0.42499994627304916,0
2123,RMC_01_01416,0,non_landslide,76_39,5,76.33546416216149,39.78526103954847,raster-matched control,conventional_alphaearth_embeddings,Conventional + AlphaEarth Embeddings,0.16602597190851412,0.3251687994310354,0
2124,CPEC_ROCKFALL_0825,1,rockfall,75_35,1,75.99635223545282,35.194868599355544,Gilgit-Baltistan,conventional_alphaearth_embeddings,Conventional + AlphaEarth Embeddings,0.9458659391384918,0.41913377540096863,1
2125,CPEC_LANDSLIDE_1073,1,landslide,74_36,2,74.78137651231937,36.20098448824663,Gilgit-Baltistan,conventional_alphaearth_embeddings,Conventional + AlphaEarth Embeddings,0.10891150774133639,0.30586012648229505,0
2126,CPEC_LANDSLIDE_0647,1,landslide,65_27,5,65.83415903487284,27.46936008763316,Balochistan,conventional_alphaearth_embeddings,Conventional + AlphaEarth Embeddings,0.9597524137981165,0.3251687994310354,1
2127,CPEC_LANDSLIDE_1070,1,landslide,74_36,2,74.7836238992503,36.2077221899384,Gilgit-Baltistan,conventional_alphaearth_embeddings,Conventional + AlphaEarth Embeddings,0.6336519077262557,0.30586012648229505,1
2128,CPEC_LANDSLIDE_0947,1,landslide,75_35,1,75.19684879387313,35.59911286445672,Gilgit-Baltistan,conventional_alphaearth_embeddings,Conventional + AlphaEarth Embeddings,0.7393048559424242,0.41913377540096863,1
2129,RMC_01_01212,0,non_landslide,74_35,5,74.75442926211113,35.720384378907625,raster-matched control,conventional_alphaearth_embeddings,Conventional + AlphaEarth Embeddings,0.24671915122905655,0.3251687994310354,0
2130,RMC_01_00266,0,non_landslide,63_25,4,63.5591750337716,25.69294001992347,raster-matched control,conventional_alphaearth_embeddings,Conventional + AlphaEarth Embeddings,0.08433491060769538,0.42499994627304916,0
2131,CPEC_LANDSLIDE_0349,1,landslide,75_37,5,75.27769675507317,37.8853251882658,"Kashgar (Xinjiang, China)",conventional_alphaearth_embeddings,Conventional + AlphaEarth Embeddings,0.9191911287113314,0.3251687994310354,1
2132,CPEC_LANDSLIDE_0254,1,landslide,74_35,5,74.26035730883054,35.41495645005046,Gilgit-Baltistan,conventional_alphaearth_embeddings,Conventional + AlphaEarth Embeddings,0.9784787171377654,0.3251687994310354,1
2133,RMC_01_00980,0,non_landslide,72_35,3,72.99822288165747,35.10952998570635,raster-matched control,conventional_alphaearth_embeddings,Conventional + AlphaEarth Embeddings,0.02092246498151135,0.3410028221468021,0
2134,RMC_01_00578,0,non_landslide,75_39,4,75.55842144139811,39.92449990858699,raster-matched control,conventional_alphaearth_embeddings,Conventional + AlphaEarth Embeddings,0.08699389089299066,0.42499994627304916,0
2135,RMC_01_00998,0,non_landslide,76_35,2,76.47470303120002,35.105038409285754,raster-matched control,conventional_alphaearth_embeddings,Conventional + AlphaEarth Embeddings,0.36225456114454857,0.30586012648229505,1
2136,RMC_01_01063,0,non_landslide,66_28,3,66.30801980317733,28.19699387440664,raster-matched control,conventional_alphaearth_embeddings,Conventional + AlphaEarth Embeddings,0.09217050136255618,0.3410028221468021,0
2137,CPEC_ROCKFALL_0829,1,rockfall,74_35,5,74.73421705957813,35.5339832344701,Gilgit-Baltistan,conventional_alphaearth_embeddings,Conventional + AlphaEarth Embeddings,0.9764519328667827,0.3251687994310354,1
2138,CPEC_LANDSLIDE_0218,1,landslide,74_35,5,74.20645569529648,35.95619321771562,Gilgit-Baltistan,conventional_alphaearth_embeddings,Conventional + AlphaEarth Embeddings,0.9137161400280466,0.3251687994310354,1
2139,CPEC_LANDSLIDE_0515,1,landslide,75_38,2,75.20133910863396,38.77240983363623,"Kashgar (Xinjiang, China)",conventional_alphaearth_embeddings,Conventional + AlphaEarth Embeddings,0.9805855616089937,0.30586012648229505,1
2140,CPEC_ROCKFALL_0413,1,rockfall,69_29,3,69.89229772159287,29.52425654429473,Punjab-Sindh lowland corridor,conventional_alphaearth_embeddings,Conventional + AlphaEarth Embeddings,0.6530193721897082,0.3410028221468021,1
2141,RMC_01_00911,0,non_landslide,77_37,2,77.52124033719926,37.86735790795328,raster-matched control,conventional_alphaearth_embeddings,Conventional + AlphaEarth Embeddings,0.1125501327829218,0.30586012648229505,0
2142,RMC_01_01249,0,non_landslide,69_29,3,69.99784983269826,29.941971313808807,raster-matched control,conventional_alphaearth_embeddings,Conventional + AlphaEarth Embeddings,0.07986437532583425,0.3410028221468021,0
2143,RMC_01_01455,0,non_landslide,66_29,5,66.914382619958,29.7667998334055,raster-matched control,conventional_alphaearth_embeddings,Conventional + AlphaEarth Embeddings,0.19891580969198056,0.3251687994310354,0
2144,CPEC_LANDSLIDE_0375,1,landslide,74_38,1,74.98349864486997,38.372660342396905,"Kashgar (Xinjiang, China)",conventional_alphaearth_embeddings,Conventional + AlphaEarth Embeddings,0.9691161419993215,0.41913377540096863,1
2145,CPEC_ROCKFALL_0400,1,rockfall,67_25,3,67.88456517677359,25.87035766357484,Punjab-Sindh lowland corridor,conventional_alphaearth_embeddings,Conventional + AlphaEarth Embeddings,0.9199529632607315,0.3410028221468021,1
2146,CPEC_LANDSLIDE_0315,1,landslide,72_34,1,72.97351871311976,34.70079574353268,KP-AJK,conventional_alphaearth_embeddings,Conventional + AlphaEarth Embeddings,0.2414196914987436,0.41913377540096863,0
2147,CPEC_ROCKFALL_0363,1,rockfall,66_27,1,66.90764748158045,27.86910957887248,Balochistan,conventional_alphaearth_embeddings,Conventional + AlphaEarth Embeddings,0.9841021254860205,0.41913377540096863,1
2148,CPEC_ROCKFALL_0466,1,rockfall,69_28,1,69.17813701507508,28.83928957237386,Balochistan,conventional_alphaearth_embeddings,Conventional + AlphaEarth Embeddings,0.2552435626933289,0.41913377540096863,0
2149,RMC_01_00818,0,non_landslide,67_26,5,67.03790097152445,26.618204762566577,raster-matched control,conventional_alphaearth_embeddings,Conventional + AlphaEarth Embeddings,0.15208973335587958,0.3251687994310354,0
2150,CPEC_ROCKFALL_0266,1,rockfall,66_27,1,66.11263435476158,27.15270148542376,Balochistan,conventional_alphaearth_embeddings,Conventional + AlphaEarth Embeddings,0.19092667610132866,0.41913377540096863,0
2151,RMC_01_01267,0,non_landslide,76_36,4,76.5061440661442,36.42331608873116,raster-matched control,conventional_alphaearth_embeddings,Conventional + AlphaEarth Embeddings,0.37158095387469464,0.42499994627304916,0
2152,CPEC_ROCKFALL_0956,1,rockfall,75_38,2,75.50901262222067,38.95431886111155,"Kashgar (Xinjiang, China)",conventional_alphaearth_embeddings,Conventional + AlphaEarth Embeddings,0.9636496831038126,0.30586012648229505,1
2153,CPEC_LANDSLIDE_0628,1,landslide,63_26,1,63.93646818585051,26.65638124266996,Balochistan,conventional_alphaearth_embeddings,Conventional + AlphaEarth Embeddings,0.9530484041714694,0.41913377540096863,1
2154,RMC_01_00412,0,non_landslide,74_36,2,74.9857454477719,36.80510008448195,raster-matched control,conventional_alphaearth_embeddings,Conventional + AlphaEarth Embeddings,0.11849559784493519,0.30586012648229505,0
2155,CPEC_LANDSLIDE_0435,1,landslide,74_38,1,74.99922143518441,38.574782474947504,"Kashgar (Xinjiang, China)",conventional_alphaearth_embeddings,Conventional + AlphaEarth Embeddings,0.9882556584708758,0.41913377540096863,1
2156,RMC_01_00813,0,non_landslide,68_29,2,68.15854928846355,29.829681903293867,raster-matched control,conventional_alphaearth_embeddings,Conventional + AlphaEarth Embeddings,0.8144453225824688,0.30586012648229505,1
2157,RMC_01_00695,0,non_landslide,73_34,2,73.33958268962289,34.57503239165524,raster-matched control,conventional_alphaearth_embeddings,Conventional + AlphaEarth Embeddings,0.7965291343936098,0.30586012648229505,1
2158,CPEC_ROCKFALL_0203,1,rockfall,65_26,3,65.69716653230887,26.299300889411075,Balochistan,conventional_alphaearth_embeddings,Conventional + AlphaEarth Embeddings,0.7260013809808015,0.3410028221468021,1
2159,RMC_01_00848,0,non_landslide,74_39,3,74.09192174007299,39.40796862021826,raster-matched control,conventional_alphaearth_embeddings,Conventional + AlphaEarth Embeddings,0.07711693201858522,0.3410028221468021,0
2160,RMC_01_01468,0,non_landslide,76_39,5,76.52186458361629,39.83915995659564,raster-matched control,conventional_alphaearth_embeddings,Conventional + AlphaEarth Embeddings,0.10322911789644246,0.3251687994310354,0
2161,RMC_01_00194,0,non_landslide,66_27,1,66.28107034465374,27.202109697244264,raster-matched control,conventional_alphaearth_embeddings,Conventional + AlphaEarth Embeddings,0.11139943761890297,0.41913377540096863,0
2162,RMC_01_00787,0,non_landslide,65_28,2,65.71288592744816,28.426064271857115,raster-matched control,conventional_alphaearth_embeddings,Conventional + AlphaEarth Embeddings,0.0970224836310928,0.30586012648229505,0
2163,CPEC_LANDSLIDE_0711,1,landslide,70_29,4,70.02929022415682,29.53099424598649,Punjab-Sindh lowland corridor,conventional_alphaearth_embeddings,Conventional + AlphaEarth Embeddings,0.9697768416764142,0.42499994627304916,1
2164,RMC_01_00794,0,non_landslide,66_25,2,66.85150055006964,25.04390722714712,raster-matched control,conventional_alphaearth_embeddings,Conventional + AlphaEarth Embeddings,0.2717757085954725,0.30586012648229505,0
2165,RMC_01_00240,0,non_landslide,66_27,1,66.7481942923959,27.938728230222274,raster-matched control,conventional_alphaearth_embeddings,Conventional + AlphaEarth Embeddings,0.3358960513300611,0.41913377540096863,0
2166,CPEC_ROCKFALL_0613,1,rockfall,67_30,3,67.26697076266923,30.087949344865045,Balochistan,conventional_alphaearth_embeddings,Conventional + AlphaEarth Embeddings,0.9529660461924825,0.3410028221468021,1
2167,RMC_01_00252,0,non_landslide,67_27,2,67.27146294539553,27.99487293547974,raster-matched control,conventional_alphaearth_embeddings,Conventional + AlphaEarth Embeddings,0.11779676459684431,0.30586012648229505,0
2168,CPEC_ROCKFALL_0657,1,rockfall,69_31,2,69.19835012015035,31.00422772483237,Balochistan,conventional_alphaearth_embeddings,Conventional + AlphaEarth Embeddings,0.965740079842347,0.30586012648229505,1
2169,RMC_01_00890,0,non_landslide,75_38,2,75.32710525573734,38.7836394977552,raster-matched control,conventional_alphaearth_embeddings,Conventional + AlphaEarth Embeddings,0.05634894460361257,0.30586012648229505,0
2170,CPEC_ROCKFALL_0938,1,rockfall,75_38,2,75.50452230745985,38.92961544127546,"Kashgar (Xinjiang, China)",conventional_alphaearth_embeddings,Conventional + AlphaEarth Embeddings,0.9497286330681103,0.30586012648229505,1
2171,CPEC_LANDSLIDE_0173,1,landslide,74_36,2,74.50514857936156,36.241406239296126,Gilgit-Baltistan,conventional_alphaearth_embeddings,Conventional + AlphaEarth Embeddings,0.9811179464733956,0.30586012648229505,1
2172,CPEC_ROCKFALL_0362,1,rockfall,66_27,1,66.90315270771858,27.860124490249788,Balochistan,conventional_alphaearth_embeddings,Conventional + AlphaEarth Embeddings,0.9720042768417875,0.41913377540096863,1
2173,CPEC_ROCKFALL_0597,1,rockfall,66_29,5,66.593236266302,29.888074599245392,Balochistan,conventional_alphaearth_embeddings,Conventional + AlphaEarth Embeddings,0.6881646859158418,0.3251687994310354,1
2174,RMC_01_00221,0,non_landslide,73_35,4,73.84263924872982,35.48233082861596,raster-matched control,conventional_alphaearth_embeddings,Conventional + AlphaEarth Embeddings,0.047667727022308135,0.42499994627304916,0
2175,RMC_01_01439,0,non_landslide,68_30,4,68.33821234528745,30.620199353319045,raster-matched control,conventional_alphaearth_embeddings,Conventional + AlphaEarth Embeddings,0.10631726764999366,0.42499994627304916,0
2176,CPEC_LANDSLIDE_0579,1,landslide,74_38,1,74.91163577229263,38.81507897161664,"Kashgar (Xinjiang, China)",conventional_alphaearth_embeddings,Conventional + AlphaEarth Embeddings,0.15818199824713408,0.41913377540096863,0
2177,CPEC_ROCKFALL_0348,1,rockfall,66_27,1,66.49441812785658,27.77703360121988,Balochistan,conventional_alphaearth_embeddings,Conventional + AlphaEarth Embeddings,0.9822116628019004,0.41913377540096863,1
2178,RMC_01_01298,0,non_landslide,74_35,5,74.53434201750186,35.87309797720795,raster-matched control,conventional_alphaearth_embeddings,Conventional + AlphaEarth Embeddings,0.14590184301378606,0.3251687994310354,0
2179,RMC_01_00846,0,non_landslide,71_33,3,71.28019490077888,33.31739099388791,raster-matched control,conventional_alphaearth_embeddings,Conventional + AlphaEarth Embeddings,0.06625373623847089,0.3410028221468021,0
2180,CPEC_LANDSLIDE_0856,1,landslide,73_34,2,73.4383978343457,34.40210731856866,KP-AJK,conventional_alphaearth_embeddings,Conventional + AlphaEarth Embeddings,0.9230367496822516,0.30586012648229505,1
2181,RMC_01_00656,0,non_landslide,65_26,3,65.30190668496347,26.674349467824044,raster-matched control,conventional_alphaearth_embeddings,Conventional + AlphaEarth Embeddings,0.16244195538535505,0.3410028221468021,0
2182,RMC_01_01453,0,non_landslide,66_29,5,66.90989104353741,29.93074237275731,raster-matched control,conventional_alphaearth_embeddings,Conventional + AlphaEarth Embeddings,0.13592824043134358,0.3251687994310354,0
2183,RMC_01_00280,0,non_landslide,67_26,5,67.53197437779018,26.092690321356656,raster-matched control,conventional_alphaearth_embeddings,Conventional + AlphaEarth Embeddings,0.07736460607797901,0.3251687994310354,0
2184,RMC_01_00213,0,non_landslide,77_39,1,77.97488955567962,39.94471200247968,raster-matched control,conventional_alphaearth_embeddings,Conventional + AlphaEarth Embeddings,0.14408073598945587,0.41913377540096863,0
2185,CPEC_LANDSLIDE_0931,1,landslide,72_35,3,72.6097006581691,35.325127859328795,KP-AJK,conventional_alphaearth_embeddings,Conventional + AlphaEarth Embeddings,0.8453838370766653,0.3410028221468021,1
2186,RMC_01_01086,0,non_landslide,66_26,4,66.79086426839157,26.627187915407774,raster-matched control,conventional_alphaearth_embeddings,Conventional + AlphaEarth Embeddings,0.08194828823456154,0.42499994627304916,0
2187,RMC_01_00474,0,non_landslide,74_36,2,74.72747980358756,36.29081458432353,raster-matched control,conventional_alphaearth_embeddings,Conventional + AlphaEarth Embeddings,0.1905093597647547,0.30586012648229505,0
2188,RMC_01_01308,0,non_landslide,74_35,5,74.60620724023141,35.63279863870598,raster-matched control,conventional_alphaearth_embeddings,Conventional + AlphaEarth Embeddings,0.2013539552238428,0.3251687994310354,0
2189,RMC_01_00362,0,non_landslide,74_39,3,74.23340639732182,39.794244192389655,raster-matched control,conventional_alphaearth_embeddings,Conventional + AlphaEarth Embeddings,0.12878248243784432,0.3410028221468021,0
2190,RMC_01_01163,0,non_landslide,74_35,5,74.37713684278094,35.41720297051729,raster-matched control,conventional_alphaearth_embeddings,Conventional + AlphaEarth Embeddings,0.9433995402563878,0.3251687994310354,1
2191,CPEC_LANDSLIDE_0135,1,landslide,74_36,2,74.86222893262045,36.53336142166944,Gilgit-Baltistan,conventional_alphaearth_embeddings,Conventional + AlphaEarth Embeddings,0.18421940319174682,0.30586012648229505,0
2192,RMC_01_00979,0,non_landslide,72_35,3,72.96229027029268,35.05113949223858,raster-matched control,conventional_alphaearth_embeddings,Conventional + AlphaEarth Embeddings,0.02818367730271609,0.3410028221468021,0
2193,RMC_01_01207,0,non_landslide,68_25,4,68.18999032340773,25.782771548335425,raster-matched control,conventional_alphaearth_embeddings,Conventional + AlphaEarth Embeddings,0.21486186024275486,0.42499994627304916,0
2194,CPEC_ROCKFALL_0111,1,rockfall,65_27,5,65.81394592979757,27.45139436948883,Balochistan,conventional_alphaearth_embeddings,Conventional + AlphaEarth Embeddings,0.981793491116336,0.3251687994310354,1
2195,RMC_01_00860,0,non_landslide,73_35,4,73.81344400199593,35.437415064409976,raster-matched control,conventional_alphaearth_embeddings,Conventional + AlphaEarth Embeddings,0.07811322029044046,0.42499994627304916,0
2196,RMC_01_00292,0,non_landslide,65_27,5,65.51750235315215,27.008971911158568,raster-matched control,conventional_alphaearth_embeddings,Conventional + AlphaEarth Embeddings,0.18298086208244674,0.3251687994310354,0
2197,RMC_01_01475,0,non_landslide,70_32,5,70.40882907518295,32.933361209926815,raster-matched control,conventional_alphaearth_embeddings,Conventional + AlphaEarth Embeddings,0.07879148344441458,0.3251687994310354,0
2198,CPEC_ROCKFALL_0318,1,rockfall,66_28,3,66.35742562529262,28.158817374314857,Balochistan,conventional_alphaearth_embeddings,Conventional + AlphaEarth Embeddings,0.9690589732076428,0.3410028221468021,1
2199,CPEC_ROCKFALL_0827,1,rockfall,74_35,5,74.71625134143379,35.540720936161854,Gilgit-Baltistan,conventional_alphaearth_embeddings,Conventional + AlphaEarth Embeddings,0.9626402833997904,0.3251687994310354,1
2200,RMC_01_00510,0,non_landslide,74_36,2,74.30302583184107,36.18750832664978,raster-matched control,conventional_alphaearth_embeddings,Conventional + AlphaEarth Embeddings,0.10518789673327779,0.30586012648229505,0
2201,CPEC_LANDSLIDE_0462,1,landslide,75_38,2,75.02841516978133,38.736478397347554,"Kashgar (Xinjiang, China)",conventional_alphaearth_embeddings,Conventional + AlphaEarth Embeddings,0.9757069465710544,0.30586012648229505,1
2202,CPEC_ROCKFALL_0471,1,rockfall,69_29,3,69.1669089986225,29.0728528264523,Balochistan,conventional_alphaearth_embeddings,Conventional + AlphaEarth Embeddings,0.9695535751070822,0.3410028221468021,1
2203,CPEC_ROCKFALL_0409,1,rockfall,67_26,5,67.16366676856406,26.950579352873167,Balochistan,conventional_alphaearth_embeddings,Conventional + AlphaEarth Embeddings,0.9695115603418779,0.3251687994310354,1
2204,CPEC_LANDSLIDE_0726,1,landslide,69_30,5,69.1197450867802,30.921136835802454,Balochistan,conventional_alphaearth_embeddings,Conventional + AlphaEarth Embeddings,0.982819490368597,0.3251687994310354,1
2205,RMC_01_01060,0,non_landslide,65_26,3,65.76004747986443,26.548585328047317,raster-matched control,conventional_alphaearth_embeddings,Conventional + AlphaEarth Embeddings,0.10099536270359084,0.3410028221468021,0
2206,CPEC_LANDSLIDE_0981,1,landslide,75_35,1,75.84812725733522,35.31389538377517,Gilgit-Baltistan,conventional_alphaearth_embeddings,Conventional + AlphaEarth Embeddings,0.8728974375243593,0.41913377540096863,1
2207,CPEC_ROCKFALL_0382,1,rockfall,67_28,4,67.04239259721348,28.00385469450552,Balochistan,conventional_alphaearth_embeddings,Conventional + AlphaEarth Embeddings,0.8429350122727223,0.42499994627304916,1
2208,RMC_01_01144,0,non_landslide,74_35,5,74.32099213752346,35.9584379291993,raster-matched control,conventional_alphaearth_embeddings,Conventional + AlphaEarth Embeddings,0.3552380841073016,0.3251687994310354,1
2209,RMC_01_00659,0,non_landslide,63_25,4,63.88256853605463,25.46162383426269,raster-matched control,conventional_alphaearth_embeddings,Conventional + AlphaEarth Embeddings,0.21940058401857948,0.42499994627304916,0
2210,CPEC_LANDSLIDE_0526,1,landslide,75_38,2,75.32486066691546,38.79936064040324,"Kashgar (Xinjiang, China)",conventional_alphaearth_embeddings,Conventional + AlphaEarth Embeddings,0.9523400140611725,0.30586012648229505,1
2211,RMC_01_01046,0,non_landslide,64_25,5,64.95830108878775,25.74683893697064,raster-matched control,conventional_alphaearth_embeddings,Conventional + AlphaEarth Embeddings,0.120302729732872,0.3251687994310354,0
2212,CPEC_LANDSLIDE_0253,1,landslide,74_35,5,74.26035730883054,35.41495645005046,Gilgit-Baltistan,conventional_alphaearth_embeddings,Conventional + AlphaEarth Embeddings,0.9784787171377654,0.3251687994310354,1
2213,RMC_01_00234,0,non_landslide,74_35,5,74.13234592785837,35.32063407747444,raster-matched control,conventional_alphaearth_embeddings,Conventional + AlphaEarth Embeddings,0.09983072366296082,0.3251687994310354,0
2214,RMC_01_00863,0,non_landslide,75_37,5,75.51575146540243,37.03866205835303,raster-matched control,conventional_alphaearth_embeddings,Conventional + AlphaEarth Embeddings,0.1014515748893318,0.3251687994310354,0
2215,CPEC_LANDSLIDE_1000,1,landslide,75_35,1,75.91999458901361,35.226309720883386,Gilgit-Baltistan,conventional_alphaearth_embeddings,Conventional + AlphaEarth Embeddings,0.8917557480023705,0.41913377540096863,1
2216,CPEC_LANDSLIDE_0925,1,landslide,76_35,2,76.1378350527776,35.2016063010473,Gilgit-Baltistan,conventional_alphaearth_embeddings,Conventional + AlphaEarth Embeddings,0.9708894734612263,0.30586012648229505,1
2217,RMC_01_01381,0,non_landslide,66_27,1,66.59323490588528,27.92974507738108,raster-matched control,conventional_alphaearth_embeddings,Conventional + AlphaEarth Embeddings,0.36385593772800806,0.41913377540096863,0
2218,RMC_01_00195,0,non_landslide,76_38,3,76.301777339007,38.75444425102131,raster-matched control,conventional_alphaearth_embeddings,Conventional + AlphaEarth Embeddings,0.11962185030396522,0.3410028221468021,0
2219,CPEC_LANDSLIDE_0152,1,landslide,74_36,2,74.78587128618125,36.29755078066006,Gilgit-Baltistan,conventional_alphaearth_embeddings,Conventional + AlphaEarth Embeddings,0.9726616820036483,0.30586012648229505,1
2220,RMC_01_00576,0,non_landslide,75_38,2,75.06210224692207,38.74096952175952,raster-matched control,conventional_alphaearth_embeddings,Conventional + AlphaEarth Embeddings,0.3568024619897124,0.30586012648229505,1
2221,CPEC_LANDSLIDE_0009,1,landslide,73_34,2,73.46759156894261,34.40884502026041,KP-AJK,conventional_alphaearth_embeddings,Conventional + AlphaEarth Embeddings,0.9080276866685603,0.30586012648229505,1
2222,CPEC_LANDSLIDE_0474,1,landslide,75_38,2,75.07557908162362,38.75219672856095,"Kashgar (Xinjiang, China)",conventional_alphaearth_embeddings,Conventional + AlphaEarth Embeddings,0.8430541903363442,0.30586012648229505,1
2223,CPEC_LANDSLIDE_0921,1,landslide,76_35,2,76.15804815785287,35.176902881211205,Gilgit-Baltistan,conventional_alphaearth_embeddings,Conventional + AlphaEarth Embeddings,0.8749249029540117,0.30586012648229505,1
2224,CPEC_ROCKFALL_0443,1,rockfall,69_28,1,69.17813701507508,28.832551870682103,Balochistan,conventional_alphaearth_embeddings,Conventional + AlphaEarth Embeddings,0.8858671578568664,0.41913377540096863,1
2225,RMC_01_00312,0,non_landslide,67_28,4,67.34557395633539,28.04877185252691,raster-matched control,conventional_alphaearth_embeddings,Conventional + AlphaEarth Embeddings,0.15610585738890967,0.42499994627304916,0
2226,RMC_01_00309,0,non_landslide,65_26,3,65.27271143822958,26.061249286412476,raster-matched control,conventional_alphaearth_embeddings,Conventional + AlphaEarth Embeddings,0.5064890513647715,0.3410028221468021,1
2227,RMC_01_00717,0,non_landslide,73_33,5,73.49005049971291,33.95070326919217,raster-matched control,conventional_alphaearth_embeddings,Conventional + AlphaEarth Embeddings,0.09478130788854881,0.3251687994310354,0
2228,CPEC_LANDSLIDE_0501,1,landslide,75_38,2,75.1788830757288,38.738725784278486,"Kashgar (Xinjiang, China)",conventional_alphaearth_embeddings,Conventional + AlphaEarth Embeddings,0.9757679895206203,0.30586012648229505,1
2229,RMC_01_00618,0,non_landslide,73_35,4,73.3216163839405,35.49355976966745,raster-matched control,conventional_alphaearth_embeddings,Conventional + AlphaEarth Embeddings,0.06694845938992625,0.42499994627304916,0
2230,RMC_01_00971,0,non_landslide,74_36,2,74.95879598924833,36.82082060195404,raster-matched control,conventional_alphaearth_embeddings,Conventional + AlphaEarth Embeddings,0.08097806547996153,0.30586012648229505,0
2231,CPEC_LANDSLIDE_0971,1,landslide,75_35,1,75.800967804594,35.33410848885044,Gilgit-Baltistan,conventional_alphaearth_embeddings,Conventional + AlphaEarth Embeddings,0.7662865710127346,0.41913377540096863,1
2232,RMC_01_00463,0,non_landslide,74_36,2,74.87794761367756,36.61645387481685,raster-matched control,conventional_alphaearth_embeddings,Conventional + AlphaEarth Embeddings,0.7592762298982768,0.30586012648229505,1
2233,CPEC_ROCKFALL_0390,1,rockfall,66_29,5,66.53259695107617,29.322134411744138,Balochistan,conventional_alphaearth_embeddings,Conventional + AlphaEarth Embeddings,0.5712501499269049,0.3251687994310354,1
2234,CPEC_LANDSLIDE_0127,1,landslide,74_36,2,74.846506142306,36.59399627779421,Gilgit-Baltistan,conventional_alphaearth_embeddings,Conventional + AlphaEarth Embeddings,0.9113346105101336,0.30586012648229505,1
2235,RMC_01_01241,0,non_landslide,67_29,1,67.35231132096628,29.37154110839291,raster-matched control,conventional_alphaearth_embeddings,Conventional + AlphaEarth Embeddings,0.5340129871199693,0.41913377540096863,1
2236,CPEC_ROCKFALL_0797,1,rockfall,76_35,2,76.0839378983446,35.18364058290297,Gilgit-Baltistan,conventional_alphaearth_embeddings,Conventional + AlphaEarth Embeddings,0.9789845869654831,0.30586012648229505,1
2237,CPEC_LANDSLIDE_0038,1,landslide,75_37,5,75.75829866661356,37.83591834859362,"Kashgar (Xinjiang, China)",conventional_alphaearth_embeddings,Conventional + AlphaEarth Embeddings,0.8404204004129523,0.3251687994310354,1
2238,RMC_01_01297,0,non_landslide,74_35,5,74.48718046508557,35.855131671525555,raster-matched control,conventional_alphaearth_embeddings,Conventional + AlphaEarth Embeddings,0.8338497204955393,0.3251687994310354,1
2239,RMC_01_00155,0,non_landslide,75_34,4,75.86834021441933,34.977028481298724,raster-matched control,conventional_alphaearth_embeddings,Conventional + AlphaEarth Embeddings,0.09464227547630175,0.42499994627304916,0
2240,CPEC_LANDSLIDE_0267,1,landslide,73_35,4,73.83589993865408,35.48457639479791,Gilgit-Baltistan,conventional_alphaearth_embeddings,Conventional + AlphaEarth Embeddings,0.942023141984261,0.42499994627304916,1
2241,CPEC_ROCKFALL_0323,1,rockfall,66_25,2,66.85149848111547,25.052888503850827,Balochistan,conventional_alphaearth_embeddings,Conventional + AlphaEarth Embeddings,0.98836930690977,0.30586012648229505,1
2242,RMC_01_00146,0,non_landslide,75_35,1,75.08680591723535,35.572162357027906,raster-matched control,conventional_alphaearth_embeddings,Conventional + AlphaEarth Embeddings,0.2792026091361374,0.41913377540096863,0
2243,RMC_01_00907,0,non_landslide,75_38,2,75.49553937150974,38.91389521395253,raster-matched control,conventional_alphaearth_embeddings,Conventional + AlphaEarth Embeddings,0.07752930659574499,0.30586012648229505,0
2244,RMC_01_00067,0,non_landslide,66_29,5,66.26534982718165,29.61184044689488,raster-matched control,conventional_alphaearth_embeddings,Conventional + AlphaEarth Embeddings,0.17121503108408498,0.3251687994310354,0
2245,RMC_01_00378,0,non_landslide,66_28,3,66.95256101953309,28.895434007809563,raster-matched control,conventional_alphaearth_embeddings,Conventional + AlphaEarth Embeddings,0.11501131155745031,0.3410028221468021,0
2246,RMC_01_01001,0,non_landslide,67_30,3,67.8643510329144,30.932363914550574,raster-matched control,conventional_alphaearth_embeddings,Conventional + AlphaEarth Embeddings,0.15027601513009256,0.3410028221468021,0
2247,CPEC_ROCKFALL_0008,1,rockfall,75_38,2,75.87058774934144,38.40859177868556,"Kashgar (Xinjiang, China)",conventional_alphaearth_embeddings,Conventional + AlphaEarth Embeddings,0.7830222080983791,0.30586012648229505,1
2248,RMC_01_01337,0,non_landslide,75_37,5,75.35630050247121,37.4608702418892,raster-matched control,conventional_alphaearth_embeddings,Conventional + AlphaEarth Embeddings,0.10918396164697779,0.3251687994310354,0
2249,CPEC_ROCKFALL_0799,1,rockfall,72_35,3,72.56029381849693,35.52275521801752,KP-AJK,conventional_alphaearth_embeddings,Conventional + AlphaEarth Embeddings,0.9790516209126721,0.3410028221468021,1
2250,CPEC_ROCKFALL_0636,1,rockfall,68_29,2,68.09566793884582,29.93298666505569,Balochistan,conventional_alphaearth_embeddings,Conventional + AlphaEarth Embeddings,0.9824408188377441,0.30586012648229505,1
2251,CPEC_LANDSLIDE_0023,1,landslide,75_38,2,75.25075040740718,38.90042170667854,"Kashgar (Xinjiang, China)",conventional_alphaearth_embeddings,Conventional + AlphaEarth Embeddings,0.08519007191887717,0.30586012648229505,0
2252,RMC_01_00826,0,non_landslide,68_29,2,68.60321535410272,29.08183442926436,raster-matched control,conventional_alphaearth_embeddings,Conventional + AlphaEarth Embeddings,0.11599558987345523,0.30586012648229505,0
2253,RMC_01_01447,0,non_landslide,65_26,3,65.67919910429367,26.87647040675094,raster-matched control,conventional_alphaearth_embeddings,Conventional + AlphaEarth Embeddings,0.06508653645168141,0.3410028221468021,0
2254,RMC_01_00222,0,non_landslide,65_27,5,65.77127642091592,27.527748987737592,raster-matched control,conventional_alphaearth_embeddings,Conventional + AlphaEarth Embeddings,0.13986083698595358,0.3251687994310354,0
2255,CPEC_LANDSLIDE_0644,1,landslide,65_27,5,65.65000262046658,27.15270148542376,Balochistan,conventional_alphaearth_embeddings,Conventional + AlphaEarth Embeddings,0.9789395415593746,0.3251687994310354,1
2256,RMC_01_00324,0,non_landslide,63_25,4,63.12798369739423,25.926501993794545,raster-matched control,conventional_alphaearth_embeddings,Conventional + AlphaEarth Embeddings,0.21403327055614044,0.42499994627304916,0
2257,RMC_01_01394,0,non_landslide,72_35,3,72.53783629854621,35.2060988787492,raster-matched control,conventional_alphaearth_embeddings,Conventional + AlphaEarth Embeddings,0.07561120743368598,0.3410028221468021,0
2258,CPEC_LANDSLIDE_0337,1,landslide,75_37,5,75.32036589305359,37.72362926586575,"Kashgar (Xinjiang, China)",conventional_alphaearth_embeddings,Conventional + AlphaEarth Embeddings,0.834000775230107,0.3251687994310354,1
2259,CPEC_ROCKFALL_0570,1,rockfall,67_29,1,67.22205423775787,29.47260231769162,Balochistan,conventional_alphaearth_embeddings,Conventional + AlphaEarth Embeddings,0.9795575852526602,0.41913377540096863,1
2260,RMC_01_01179,0,non_landslide,63_26,1,63.1773910380208,26.117393991669942,raster-matched control,conventional_alphaearth_embeddings,Conventional + AlphaEarth Embeddings,0.11964469471005096,0.41913377540096863,0
2261,CPEC_LANDSLIDE_0521,1,landslide,75_38,2,75.27769675507317,38.78588523701974,"Kashgar (Xinjiang, China)",conventional_alphaearth_embeddings,Conventional + AlphaEarth Embeddings,0.9539995365999571,0.30586012648229505,1
2262,RMC_01_00750,0,non_landslide,74_36,2,74.87121024904667,36.37615453631488,raster-matched control,conventional_alphaearth_embeddings,Conventional + AlphaEarth Embeddings,0.2561343619790304,0.30586012648229505,0
2263,CPEC_LANDSLIDE_0317,1,landslide,75_36,3,75.45286808085673,36.838787548325215,"Kashgar (Xinjiang, China)",conventional_alphaearth_embeddings,Conventional + AlphaEarth Embeddings,0.9730711913747103,0.3410028221468021,1
2264,RMC_01_01397,0,non_landslide,74_35,5,74.27383058510719,35.91127637678303,raster-matched control,conventional_alphaearth_embeddings,Conventional + AlphaEarth Embeddings,0.10006846642492238,0.3251687994310354,0
2265,CPEC_LANDSLIDE_0132,1,landslide,74_36,2,74.79036160094206,36.542342051191085,Gilgit-Baltistan,conventional_alphaearth_embeddings,Conventional + AlphaEarth Embeddings,0.12762461233203,0.30586012648229505,0
2266,RMC_01_00881,0,non_landslide,74_35,5,74.33446686678526,35.97640423488169,raster-matched control,conventional_alphaearth_embeddings,Conventional + AlphaEarth Embeddings,0.06303411944595298,0.3251687994310354,0
2267,RMC_01_00094,0,non_landslide,74_36,2,74.95430441282772,36.50191867609161,raster-matched control,conventional_alphaearth_embeddings,Conventional + AlphaEarth Embeddings,0.9431619085991907,0.30586012648229505,1
2268,CPEC_ROCKFALL_0601,1,rockfall,66_29,5,66.90090977988869,29.96442778658354,Balochistan,conventional_alphaearth_embeddings,Conventional + AlphaEarth Embeddings,0.9755571131619015,0.3251687994310354,1
2269,CPEC_LANDSLIDE_0109,1,landslide,74_36,2,74.92735410350603,36.7961184103448,Gilgit-Baltistan,conventional_alphaearth_embeddings,Conventional + AlphaEarth Embeddings,0.35280350211471645,0.30586012648229505,1
2270,RMC_01_00565,0,non_landslide,77_36,5,77.42242565594611,36.42780766515176,raster-matched control,conventional_alphaearth_embeddings,Conventional + AlphaEarth Embeddings,0.06519401629533367,0.3251687994310354,0
2271,CPEC_ROCKFALL_0941,1,rockfall,75_38,2,75.50452230745985,38.93635314296721,"Kashgar (Xinjiang, China)",conventional_alphaearth_embeddings,Conventional + AlphaEarth Embeddings,0.9796286300930612,0.30586012648229505,1
2272,RMC_01_00807,0,non_landslide,68_29,2,68.87944730396947,29.34908322628992,raster-matched control,conventional_alphaearth_embeddings,Conventional + AlphaEarth Embeddings,0.17468873339252086,0.30586012648229505,0
2273,CPEC_LANDSLIDE_0095,1,landslide,74_36,2,74.97451801534832,36.83429723356439,Gilgit-Baltistan,conventional_alphaearth_embeddings,Conventional + AlphaEarth Embeddings,0.9809614280838832,0.30586012648229505,1
2274,RMC_01_00114,0,non_landslide,76_37,1,76.75991813390797,37.44065814799652,raster-matched control,conventional_alphaearth_embeddings,Conventional + AlphaEarth Embeddings,0.14889992320715528,0.41913377540096863,0
2275,CPEC_LANDSLIDE_0175,1,landslide,74_36,2,74.48717840211617,36.245901013158,Gilgit-Baltistan,conventional_alphaearth_embeddings,Conventional + AlphaEarth Embeddings,0.9794544705672839,0.30586012648229505,1
2276,CPEC_ROCKFALL_0907,1,rockfall,75_38,2,75.40121831335466,38.81507897161664,"Kashgar (Xinjiang, China)",conventional_alphaearth_embeddings,Conventional + AlphaEarth Embeddings,0.9805951502137016,0.30586012648229505,1
2277,RMC_01_01396,0,non_landslide,76_37,1,76.97775959030695,37.55968492314235,raster-matched control,conventional_alphaearth_embeddings,Conventional + AlphaEarth Embeddings,0.12516011879988578,0.41913377540096863,0
2278,CPEC_LANDSLIDE_0247,1,landslide,74_35,5,74.628665678542,35.53174030664021,Gilgit-Baltistan,conventional_alphaearth_embeddings,Conventional + AlphaEarth Embeddings,0.9752671020959902,0.3251687994310354,1
2279,RMC_01_01214,0,non_landslide,65_26,3,65.55343496451694,26.240912343236374,raster-matched control,conventional_alphaearth_embeddings,Conventional + AlphaEarth Embeddings,0.12648009637962074,0.3410028221468021,0
2280,RMC_01_00670,0,non_landslide,72_32,2,72.33571535961933,32.600984554802594,raster-matched control,conventional_alphaearth_embeddings,Conventional + AlphaEarth Embeddings,0.1508972170567703,0.30586012648229505,0
2281,RMC_01_01370,0,non_landslide,69_31,2,69.1961034416216,31.01321229012133,raster-matched control,conventional_alphaearth_embeddings,Conventional + AlphaEarth Embeddings,0.41300134794518173,0.30586012648229505,1
2282,RMC_01_00814,0,non_landslide,68_29,2,68.6369021772572,29.11327546420855,raster-matched control,conventional_alphaearth_embeddings,Conventional + AlphaEarth Embeddings,0.29655033114582563,0.30586012648229505,0
2283,CPEC_ROCKFALL_0886,1,rockfall,74_38,1,74.9767609431782,38.63092701631144,"Kashgar (Xinjiang, China)",conventional_alphaearth_embeddings,Conventional + AlphaEarth Embeddings,0.9898520758089361,0.41913377540096863,1
2284,CPEC_LANDSLIDE_0068,1,landslide,75_36,3,75.2260469875711,36.83654016139428,Gilgit-Baltistan,conventional_alphaearth_embeddings,Conventional + AlphaEarth Embeddings,0.9654589339686691,0.3410028221468021,1
2285,CPEC_LANDSLIDE_0906,1,landslide,76_35,2,76.09965622955801,35.1858879698339,Gilgit-Baltistan,conventional_alphaearth_embeddings,Conventional + AlphaEarth Embeddings,0.9514999603734222,0.30586012648229505,1
2286,CPEC_LANDSLIDE_0263,1,landslide,73_35,4,73.88306385049637,35.48008608003709,Gilgit-Baltistan,conventional_alphaearth_embeddings,Conventional + AlphaEarth Embeddings,0.9686184318836217,0.42499994627304916,1
2287,RMC_01_01041,0,non_landslide,67_28,4,67.46460073148121,28.69106728067237,raster-matched control,conventional_alphaearth_embeddings,Conventional + AlphaEarth Embeddings,0.10598383605478351,0.42499994627304916,0
2288,CPEC_LANDSLIDE_1065,1,landslide,74_36,2,74.82180272246991,36.30653586928275,Gilgit-Baltistan,conventional_alphaearth_embeddings,Conventional + AlphaEarth Embeddings,0.9791274856948395,0.30586012648229505,1
2289,RMC_01_01193,0,non_landslide,63_27,3,63.5569292455613,27.359314871965186,raster-matched control,conventional_alphaearth_embeddings,Conventional + AlphaEarth Embeddings,0.13057070382919286,0.3410028221468021,0
2290,CPEC_ROCKFALL_0659,1,rockfall,70_31,3,70.14607408074657,31.61508443724497,KP-AJK,conventional_alphaearth_embeddings,Conventional + AlphaEarth Embeddings,0.9725978688679304,0.3410028221468021,1
2291,CPEC_LANDSLIDE_0134,1,landslide,74_36,2,74.83303073892249,36.53785173643027,Gilgit-Baltistan,conventional_alphaearth_embeddings,Conventional + AlphaEarth Embeddings,0.8871433040003619,0.30586012648229505,1
2292,RMC_01_00299,0,non_landslide,64_26,2,64.03303634614464,26.10167347419785,raster-matched control,conventional_alphaearth_embeddings,Conventional + AlphaEarth Embeddings,0.06863505226621154,0.30586012648229505,0
2293,CPEC_LANDSLIDE_0586,1,landslide,66_27,1,66.88518698957425,27.83766845734464,Balochistan,conventional_alphaearth_embeddings,Conventional + AlphaEarth Embeddings,0.981372969737022,0.41913377540096863,1
2294,RMC_01_01021,0,non_landslide,76_37,1,76.26584472764223,37.32836873748157,raster-matched control,conventional_alphaearth_embeddings,Conventional + AlphaEarth Embeddings,0.5859000706087184,0.41913377540096863,1
2295,CPEC_LANDSLIDE_1076,1,landslide,74_36,2,74.79485191570288,36.189752012693006,Gilgit-Baltistan,conventional_alphaearth_embeddings,Conventional + AlphaEarth Embeddings,0.9579620370695578,0.30586012648229505,1
2296,CPEC_ROCKFALL_0020,1,rockfall,76_37,1,76.19846990890237,37.69218814433791,"Kashgar (Xinjiang, China)",conventional_alphaearth_embeddings,Conventional + AlphaEarth Embeddings,0.9871077910784734,0.41913377540096863,1
2297,CPEC_ROCKFALL_0852,1,rockfall,74_35,5,74.57925883886983,35.489066709558735,Gilgit-Baltistan,conventional_alphaearth_embeddings,Conventional + AlphaEarth Embeddings,0.9799930679360003,0.3251687994310354,1
2298,RMC_01_00868,0,non_landslide,75_39,4,75.50901410077154,39.99861091952685,raster-matched control,conventional_alphaearth_embeddings,Conventional + AlphaEarth Embeddings,0.11108012691052678,0.42499994627304916,0
2299,CPEC_LANDSLIDE_0172,1,landslide,74_36,2,74.57701145193889,36.2750947477549,Gilgit-Baltistan,conventional_alphaearth_embeddings,Conventional + AlphaEarth Embeddings,0.9852711865001518,0.30586012648229505,1
2300,RMC_01_00276,0,non_landslide,66_25,2,66.90539946711681,25.625566373614504,raster-matched control,conventional_alphaearth_embeddings,Conventional + AlphaEarth Embeddings,0.8906130698482941,0.30586012648229505,1
2301,CPEC_ROCKFALL_0840,1,rockfall,74_35,5,74.47819777259453,35.870850482653715,Gilgit-Baltistan,conventional_alphaearth_embeddings,Conventional + AlphaEarth Embeddings,0.9834090116013953,0.3251687994310354,1
2302,CPEC_ROCKFALL_0281,1,rockfall,66_27,1,66.28780568054516,27.188632921712426,Balochistan,conventional_alphaearth_embeddings,Conventional + AlphaEarth Embeddings,0.9789496813199503,0.41913377540096863,1
2303,CPEC_ROCKFALL_0031,1,rockfall,67_28,4,67.39722556354144,28.010592396197268,Balochistan,conventional_alphaearth_embeddings,Conventional + AlphaEarth Embeddings,0.9500616738796269,0.42499994627304916,1
2304,RMC_01_00408,0,non_landslide,76_38,3,76.08618167081832,38.25812505654528,raster-matched control,conventional_alphaearth_embeddings,Conventional + AlphaEarth Embeddings,0.07896956276528791,0.3410028221468021,0
2305,RMC_01_00652,0,non_landslide,75_38,2,75.0171864827161,38.72300321607713,raster-matched control,conventional_alphaearth_embeddings,Conventional + AlphaEarth Embeddings,0.09587062266313658,0.30586012648229505,0
2306,CPEC_LANDSLIDE_0241,1,landslide,74_36,2,74.55904573379458,36.25937195744046,Gilgit-Baltistan,conventional_alphaearth_embeddings,Conventional + AlphaEarth Embeddings,0.3703111746351519,0.30586012648229505,1
2307,CPEC_LANDSLIDE_0527,1,landslide,75_38,2,75.32486066691546,38.80160802733418,"Kashgar (Xinjiang, China)",conventional_alphaearth_embeddings,Conventional + AlphaEarth Embeddings,0.2761601973586979,0.30586012648229505,0
2308,RMC_01_01183,0,non_landslide,68_30,4,68.40783177980671,30.68757299962801,raster-matched control,conventional_alphaearth_embeddings,Conventional + AlphaEarth Embeddings,0.06881532691434845,0.42499994627304916,0
2309,CPEC_LANDSLIDE_0114,1,landslide,74_36,2,74.87794726383386,36.76692021664684,Gilgit-Baltistan,conventional_alphaearth_embeddings,Conventional + AlphaEarth Embeddings,0.12898106350574642,0.30586012648229505,0
2310,CPEC_ROCKFALL_0298,1,rockfall,66_27,1,66.48768488526586,27.58164917036104,Balochistan,conventional_alphaearth_embeddings,Conventional + AlphaEarth Embeddings,0.9478011927092684,0.41913377540096863,1
2311,RMC_01_00200,0,non_landslide,67_29,1,67.28718346286762,29.87684345571014,raster-matched control,conventional_alphaearth_embeddings,Conventional + AlphaEarth Embeddings,0.11069704369891074,0.41913377540096863,0
2312,RMC_01_01006,0,non_landslide,70_32,5,70.09441872574112,32.94234436276801,raster-matched control,conventional_alphaearth_embeddings,Conventional + AlphaEarth Embeddings,0.1344633219970786,0.3251687994310354,0
2313,CPEC_ROCKFALL_0463,1,rockfall,69_28,1,69.18038440200601,28.872978080832645,Balochistan,conventional_alphaearth_embeddings,Conventional + AlphaEarth Embeddings,0.4557554527715633,0.41913377540096863,1
2314,RMC_01_01056,0,non_landslide,62_26,5,62.34644940021025,26.258878648918767,raster-matched control,conventional_alphaearth_embeddings,Conventional + AlphaEarth Embeddings,0.10396690044188305,0.3251687994310354,0
2315,RMC_01_00349,0,non_landslide,66_26,4,66.20022196908299,26.595746880463587,raster-matched control,conventional_alphaearth_embeddings,Conventional + AlphaEarth Embeddings,0.12857798176407317,0.42499994627304916,0
2316,RMC_01_00033,0,non_landslide,74_38,1,74.51637571181946,38.985760436682085,raster-matched control,conventional_alphaearth_embeddings,Conventional + AlphaEarth Embeddings,0.07685173558980872,0.41913377540096863,0
2317,RMC_01_00732,0,non_landslide,71_35,2,71.89778665861105,35.92250531783452,raster-matched control,conventional_alphaearth_embeddings,Conventional + AlphaEarth Embeddings,0.1771347911865104,0.30586012648229505,0
2318,CPEC_ROCKFALL_0902,1,rockfall,75_38,2,75.38100520827939,38.81507897161664,"Kashgar (Xinjiang, China)",conventional_alphaearth_embeddings,Conventional + AlphaEarth Embeddings,0.9789523966868918,0.30586012648229505,1
2319,CPEC_LANDSLIDE_0288,1,landslide,73_35,4,73.33508938113947,35.50478949987318,KP-AJK,conventional_alphaearth_embeddings,Conventional + AlphaEarth Embeddings,0.9820384516613156,0.42499994627304916,1
2320,RMC_01_00984,0,non_landslide,72_35,3,72.91737450608672,35.00622372803261,raster-matched control,conventional_alphaearth_embeddings,Conventional + AlphaEarth Embeddings,0.025234847970385575,0.3410028221468021,0
2321,RMC_01_00042,0,non_landslide,64_26,2,64.42155770652634,26.380151212274903,raster-matched control,conventional_alphaearth_embeddings,Conventional + AlphaEarth Embeddings,0.0996133038814215,0.30586012648229505,0
2322,RMC_01_00406,0,non_landslide,73_35,4,73.42716842982455,35.61258654481328,raster-matched control,conventional_alphaearth_embeddings,Conventional + AlphaEarth Embeddings,0.24723333698418523,0.42499994627304916,0
2323,RMC_01_01192,0,non_landslide,67_28,4,67.18612299340417,28.82356878508,raster-matched control,conventional_alphaearth_embeddings,Conventional + AlphaEarth Embeddings,0.16315068069723412,0.42499994627304916,0
2324,CPEC_LANDSLIDE_1067,1,landslide,74_36,2,74.80383700432557,36.28183244944666,Gilgit-Baltistan,conventional_alphaearth_embeddings,Conventional + AlphaEarth Embeddings,0.07418905644767894,0.30586012648229505,0
2325,RMC_01_01075,0,non_landslide,67_26,5,67.8665968211247,26.050020345360977,raster-matched control,conventional_alphaearth_embeddings,Conventional + AlphaEarth Embeddings,0.15804395000503021,0.3251687994310354,0
2326,CPEC_ROCKFALL_0916,1,rockfall,75_38,2,75.4843092023846,38.82855437500015,"Kashgar (Xinjiang, China)",conventional_alphaearth_embeddings,Conventional + AlphaEarth Embeddings,0.9818448785141148,0.30586012648229505,1
2327,CPEC_ROCKFALL_0308,1,rockfall,66_27,1,66.55281005615144,27.613090291888884,Balochistan,conventional_alphaearth_embeddings,Conventional + AlphaEarth Embeddings,0.9049460618253701,0.41913377540096863,1
2328,RMC_01_00439,0,non_landslide,74_36,2,74.84875236694369,36.79611693164075,raster-matched control,conventional_alphaearth_embeddings,Conventional + AlphaEarth Embeddings,0.21165243303959447,0.30586012648229505,0
2329,RMC_01_00333,0,non_landslide,71_35,2,71.74956463673134,35.48906819324685,raster-matched control,conventional_alphaearth_embeddings,Conventional + AlphaEarth Embeddings,0.10802424691442054,0.30586012648229505,0
2330,RMC_01_01038,0,non_landslide,65_26,3,65.76229326807473,26.452016435004467,raster-matched control,conventional_alphaearth_embeddings,Conventional + AlphaEarth Embeddings,0.10782953064463749,0.3410028221468021,0
2331,RMC_01_00332,0,non_landslide,74_35,5,74.65786036906829,35.5811455098691,raster-matched control,conventional_alphaearth_embeddings,Conventional + AlphaEarth Embeddings,0.6051389278965378,0.3251687994310354,1
2332,CPEC_ROCKFALL_0462,1,rockfall,69_28,1,69.18038440200601,28.863992992209948,Balochistan,conventional_alphaearth_embeddings,Conventional + AlphaEarth Embeddings,0.9770942466747172,0.41913377540096863,1
2333,RMC_01_01096,0,non_landslide,67_30,3,67.40845602622375,30.543842554168883,raster-matched control,conventional_alphaearth_embeddings,Conventional + AlphaEarth Embeddings,0.06821563039519156,0.3410028221468021,0
2334,RMC_01_00674,0,non_landslide,72_32,2,72.62766782695817,32.64590031900857,raster-matched control,conventional_alphaearth_embeddings,Conventional + AlphaEarth Embeddings,0.1277935658091616,0.30586012648229505,0
2335,RMC_01_00894,0,non_landslide,75_38,2,75.48206464224795,38.86448787332596,raster-matched control,conventional_alphaearth_embeddings,Conventional + AlphaEarth Embeddings,0.08098586005433102,0.30586012648229505,0
2336,RMC_01_01161,0,non_landslide,74_35,5,74.19522799774673,35.40372824125549,raster-matched control,conventional_alphaearth_embeddings,Conventional + AlphaEarth Embeddings,0.06621827403115406,0.3251687994310354,0
2337,CPEC_LANDSLIDE_0997,1,landslide,75_35,1,75.91549981515173,35.22181940612256,Gilgit-Baltistan,conventional_alphaearth_embeddings,Conventional + AlphaEarth Embeddings,0.9502196148957627,0.41913377540096863,1
2338,CPEC_LANDSLIDE_0433,1,landslide,74_38,1,74.99697404825348,38.56804477325574,"Kashgar (Xinjiang, China)",conventional_alphaearth_embeddings,Conventional + AlphaEarth Embeddings,0.975919790727526,0.41913377540096863,1
2339,CPEC_ROCKFALL_0644,1,rockfall,68_30,4,68.38312834735727,30.126128168084648,Balochistan,conventional_alphaearth_embeddings,Conventional + AlphaEarth Embeddings,0.8525912166849109,0.42499994627304916,1
2340,CPEC_LANDSLIDE_0244,1,landslide,74_35,5,74.60396225870592,35.64402938936809,Gilgit-Baltistan,conventional_alphaearth_embeddings,Conventional + AlphaEarth Embeddings,0.9841961104879478,0.3251687994310354,1
2341,CPEC_ROCKFALL_0430,1,rockfall,70_29,4,70.02704729632694,29.524256544294733,Punjab-Sindh lowland corridor,conventional_alphaearth_embeddings,Conventional + AlphaEarth Embeddings,0.9602582331157767,0.42499994627304916,1
2342,CPEC_ROCKFALL_0459,1,rockfall,69_28,1,69.1826273298359,28.866240379140887,Balochistan,conventional_alphaearth_embeddings,Conventional + AlphaEarth Embeddings,0.47762019734847755,0.41913377540096863,1
2343,RMC_01_00958,0,non_landslide,75_36,3,75.30015579721375,36.83204954300554,raster-matched control,conventional_alphaearth_embeddings,Conventional + AlphaEarth Embeddings,0.04772883253677723,0.3410028221468021,0
2344,CPEC_ROCKFALL_0904,1,rockfall,75_38,2,75.3967235394928,38.81283604378676,"Kashgar (Xinjiang, China)",conventional_alphaearth_embeddings,Conventional + AlphaEarth Embeddings,0.9706160164422881,0.30586012648229505,1
2345,RMC_01_00338,0,non_landslide,74_35,5,74.64663142801679,35.781020660585696,raster-matched control,conventional_alphaearth_embeddings,Conventional + AlphaEarth Embeddings,0.9273392847824045,0.3251687994310354,1
2346,RMC_01_00093,0,non_landslide,67_30,3,67.66672167040811,30.117142794212118,raster-matched control,conventional_alphaearth_embeddings,Conventional + AlphaEarth Embeddings,0.07026751059298142,0.3410028221468021,0
2347,RMC_01_00345,0,non_landslide,63_26,1,63.47832665820084,26.227437613974583,raster-matched control,conventional_alphaearth_embeddings,Conventional + AlphaEarth Embeddings,0.117746404943344,0.41913377540096863,0
2348,RMC_01_00829,0,non_landslide,69_31,2,69.78674574093019,31.927248091712947,raster-matched control,conventional_alphaearth_embeddings,Conventional + AlphaEarth Embeddings,0.10094636973960555,0.30586012648229505,0
2349,RMC_01_00965,0,non_landslide,74_36,2,74.96777914208953,36.83429533121584,raster-matched control,conventional_alphaearth_embeddings,Conventional + AlphaEarth Embeddings,0.21427121959306777,0.30586012648229505,0
2350,CPEC_LANDSLIDE_0616,1,landslide,65_27,5,65.31762568704377,27.914026103783844,Balochistan,conventional_alphaearth_embeddings,Conventional + AlphaEarth Embeddings,0.9851421330124992,0.3251687994310354,1
2351,RMC_01_00577,0,non_landslide,77_36,5,77.4561124791006,36.416578724100255,raster-matched control,conventional_alphaearth_embeddings,Conventional + AlphaEarth Embeddings,0.3630703053756317,0.3251687994310354,1
2352,RMC_01_00748,0,non_landslide,73_34,2,73.57763623991457,34.28981728894729,raster-matched control,conventional_alphaearth_embeddings,Conventional + AlphaEarth Embeddings,0.20169459266770462,0.30586012648229505,0
2353,RMC_01_01069,0,non_landslide,62_25,3,62.53734139808565,25.454886469631795,raster-matched control,conventional_alphaearth_embeddings,Conventional + AlphaEarth Embeddings,0.08315859361931498,0.3410028221468021,0
2354,RMC_01_00780,0,non_landslide,67_27,2,67.39048972054135,27.911778771698685,raster-matched control,conventional_alphaearth_embeddings,Conventional + AlphaEarth Embeddings,0.27293699688362083,0.30586012648229505,0
2355,RMC_01_00250,0,non_landslide,77_37,2,77.14619370607936,37.56417649956295,raster-matched control,conventional_alphaearth_embeddings,Conventional + AlphaEarth Embeddings,0.13597492594886573,0.30586012648229505,0
2356,CPEC_ROCKFALL_0296,1,rockfall,66_27,1,66.48094718357412,27.577154396499164,Balochistan,conventional_alphaearth_embeddings,Conventional + AlphaEarth Embeddings,0.978014805992371,0.41913377540096863,1
2357,RMC_01_00438,0,non_landslide,74_36,2,74.87121024904667,36.77815062595836,raster-matched control,conventional_alphaearth_embeddings,Conventional + AlphaEarth Embeddings,0.15622913628568458,0.30586012648229505,0
2358,RMC_01_00087,0,non_landslide,71_33,3,71.96516030492002,33.741844965634385,raster-matched control,conventional_alphaearth_embeddings,Conventional + AlphaEarth Embeddings,0.07508288169732119,0.3410028221468021,0
2359,CPEC_ROCKFALL_0369,1,rockfall,66_27,1,66.91213779634127,27.925254120236417,Balochistan,conventional_alphaearth_embeddings,Conventional + AlphaEarth Embeddings,0.9407137763643239,0.41913377540096863,1
2360,RMC_01_01443,0,non_landslide,62_26,5,62.308271000635166,26.483457469948647,raster-matched control,conventional_alphaearth_embeddings,Conventional + AlphaEarth Embeddings,0.12767072831117365,0.3251687994310354,0
2361,CPEC_LANDSLIDE_0359,1,landslide,75_37,5,75.50452230745985,37.82918064690187,"Kashgar (Xinjiang, China)",conventional_alphaearth_embeddings,Conventional + AlphaEarth Embeddings,0.9798765949608595,0.3251687994310354,1
2362,CPEC_ROCKFALL_0897,1,rockfall,75_38,2,75.32935098167628,38.788132623950666,"Kashgar (Xinjiang, China)",conventional_alphaearth_embeddings,Conventional + AlphaEarth Embeddings,0.980387883128718,0.30586012648229505,1
2363,RMC_01_00967,0,non_landslide,75_36,3,75.06210224692207,36.85899900152912,raster-matched control,conventional_alphaearth_embeddings,Conventional + AlphaEarth Embeddings,0.04747730280517965,0.3410028221468021,0
2364,RMC_01_00573,0,non_landslide,75_40,1,75.43265730162138,40.0817050833079,raster-matched control,conventional_alphaearth_embeddings,Conventional + AlphaEarth Embeddings,0.12331816828623816,0.41913377540096863,0
2365,RMC_01_01431,0,non_landslide,65_26,3,65.33334771990765,26.800113607600775,raster-matched control,conventional_alphaearth_embeddings,Conventional + AlphaEarth Embeddings,0.46296009573941416,0.3410028221468021,1
2366,RMC_01_01002,0,non_landslide,66_29,5,66.29454507391554,29.528746283113826,raster-matched control,conventional_alphaearth_embeddings,Conventional + AlphaEarth Embeddings,0.15016455001866635,0.3251687994310354,0
2367,CPEC_LANDSLIDE_0754,1,landslide,72_32,2,72.48618355898866,32.62119586703502,Punjab-Sindh lowland corridor,conventional_alphaearth_embeddings,Conventional + AlphaEarth Embeddings,0.7799125436986915,0.30586012648229505,1
2368,RMC_01_01101,0,non_landslide,68_31,1,68.04176830152801,31.06261963074791,raster-matched control,conventional_alphaearth_embeddings,Conventional + AlphaEarth Embeddings,0.1287726391963961,0.41913377540096863,0
2369,CPEC_ROCKFALL_0216,1,rockfall,65_26,3,65.67021572554187,26.267859767883227,Balochistan,conventional_alphaearth_embeddings,Conventional + AlphaEarth Embeddings,0.137663534849453,0.3410028221468021,0
2370,CPEC_ROCKFALL_0550,1,rockfall,67_29,1,67.70040876236733,29.58713878735043,Balochistan,conventional_alphaearth_embeddings,Conventional + AlphaEarth Embeddings,0.7605348680619116,0.41913377540096863,1
2371,CPEC_LANDSLIDE_0576,1,landslide,74_38,1,74.91163577229263,38.81283604378676,"Kashgar (Xinjiang, China)",conventional_alphaearth_embeddings,Conventional + AlphaEarth Embeddings,0.6859886713520532,0.41913377540096863,1
2372,CPEC_LANDSLIDE_0118,1,landslide,74_36,2,74.83303073892249,36.75344481326332,Gilgit-Baltistan,conventional_alphaearth_embeddings,Conventional + AlphaEarth Embeddings,0.6387689696943613,0.30586012648229505,1
2373,RMC_01_01334,0,non_landslide,75_37,5,75.26422318584896,37.905536307528365,raster-matched control,conventional_alphaearth_embeddings,Conventional + AlphaEarth Embeddings,0.29916723280140367,0.3251687994310354,0
2374,CPEC_ROCKFALL_0202,1,rockfall,65_26,3,65.69716653230887,26.301548276342007,Balochistan,conventional_alphaearth_embeddings,Conventional + AlphaEarth Embeddings,0.9831071038490189,0.3410028221468021,1
2375,RMC_01_01230,0,non_landslide,70_31,3,70.45823641580952,31.21757901725853,raster-matched control,conventional_alphaearth_embeddings,Conventional + AlphaEarth Embeddings,0.05888291450873141,0.3410028221468021,0
2376,CPEC_LANDSLIDE_0235,1,landslide,74_36,2,74.30751676157178,36.29755078066006,Gilgit-Baltistan,conventional_alphaearth_embeddings,Conventional + AlphaEarth Embeddings,0.9679365394959758,0.30586012648229505,1
2377,CPEC_LANDSLIDE_0116,1,landslide,74_36,2,74.846506142306,36.76018251495507,Gilgit-Baltistan,conventional_alphaearth_embeddings,Conventional + AlphaEarth Embeddings,0.9820046583642354,0.30586012648229505,1
2378,CPEC_LANDSLIDE_0081,1,landslide,75_36,3,75.10028250145972,36.86573835509224,Gilgit-Baltistan,conventional_alphaearth_embeddings,Conventional + AlphaEarth Embeddings,0.9743374005068162,0.3410028221468021,1
2379,CPEC_ROCKFALL_0341,1,rockfall,66_27,1,66.34844499577096,27.7343600041384,Balochistan,conventional_alphaearth_embeddings,Conventional + AlphaEarth Embeddings,0.9820429071237397,0.41913377540096863,1
2380,RMC_01_01349,0,non_landslide,76_36,4,76.84301229768903,36.400858206628165,raster-matched control,conventional_alphaearth_embeddings,Conventional + AlphaEarth Embeddings,0.6598967569133671,0.42499994627304916,1
2381,RMC_01_00731,0,non_landslide,75_37,5,75.41918257235957,37.8471458140606,raster-matched control,conventional_alphaearth_embeddings,Conventional + AlphaEarth Embeddings,0.9326936767795571,0.3251687994310354,1
2382,CPEC_LANDSLIDE_0297,1,landslide,73_35,4,73.21830998365077,35.43067924036492,KP-AJK,conventional_alphaearth_embeddings,Conventional + AlphaEarth Embeddings,0.6292353096331298,0.42499994627304916,1
2383,CPEC_LANDSLIDE_0496,1,landslide,75_38,2,75.10028250145972,38.74770641380013,"Kashgar (Xinjiang, China)",conventional_alphaearth_embeddings,Conventional + AlphaEarth Embeddings,0.9837487911631093,0.30586012648229505,1
2384,CPEC_LANDSLIDE_0892,1,landslide,73_34,2,73.48106697232612,34.4110879480903,KP-AJK,conventional_alphaearth_embeddings,Conventional + AlphaEarth Embeddings,0.9646928165623186,0.30586012648229505,1
2385,CPEC_LANDSLIDE_0226,1,landslide,74_35,5,74.48717840211617,35.90229160418156,Gilgit-Baltistan,conventional_alphaearth_embeddings,Conventional + AlphaEarth Embeddings,0.49411014218956734,0.3251687994310354,1
2386,RMC_01_00075,0,non_landslide,66_29,5,66.7526858688165,29.51751734206233,raster-matched control,conventional_alphaearth_embeddings,Conventional + AlphaEarth Embeddings,0.29396332016586896,0.3251687994310354,0
2387,RMC_01_00471,0,non_landslide,76_36,4,76.98000537851725,36.88594846005271,raster-matched control,conventional_alphaearth_embeddings,Conventional + AlphaEarth Embeddings,0.14018945226196905,0.42499994627304916,0
2388,CPEC_ROCKFALL_0933,1,rockfall,75_38,2,75.49778460576809,38.91838742482288,"Kashgar (Xinjiang, China)",conventional_alphaearth_embeddings,Conventional + AlphaEarth Embeddings,0.9697643831506002,0.30586012648229505,1
2389,RMC_01_01339,0,non_landslide,75_40,1,75.32935104394763,40.20971501129494,raster-matched control,conventional_alphaearth_embeddings,Conventional + AlphaEarth Embeddings,0.08952956533724449,0.41913377540096863,0
2390,CPEC_ROCKFALL_0527,1,rockfall,67_29,1,67.90702120967875,29.68370507976385,Balochistan,conventional_alphaearth_embeddings,Conventional + AlphaEarth Embeddings,0.9651732642894216,0.41913377540096863,1
2391,CPEC_LANDSLIDE_1058,1,landslide,74_36,2,74.81955533553898,36.31327357097451,Gilgit-Baltistan,conventional_alphaearth_embeddings,Conventional + AlphaEarth Embeddings,0.2778614202012229,0.30586012648229505,0
2392,CPEC_LANDSLIDE_0917,1,landslide,76_35,2,76.16478585954464,35.192625671525654,Gilgit-Baltistan,conventional_alphaearth_embeddings,Conventional + AlphaEarth Embeddings,0.968328771763525,0.30586012648229505,1
2393,RMC_01_00126,0,non_landslide,67_29,1,67.09853725320251,29.43666896649157,raster-matched control,conventional_alphaearth_embeddings,Conventional + AlphaEarth Embeddings,0.8181303188108278,0.41913377540096863,1
2394,CPEC_LANDSLIDE_0704,1,landslide,66_25,2,66.85599325497734,25.064120979404453,Balochistan,conventional_alphaearth_embeddings,Conventional + AlphaEarth Embeddings,0.35303146753082454,0.30586012648229505,1
2395,CPEC_LANDSLIDE_0388,1,landslide,75_38,2,75.02167746808956,38.54109396648872,"Kashgar (Xinjiang, China)",conventional_alphaearth_embeddings,Conventional + AlphaEarth Embeddings,0.9931307234931989,0.30586012648229505,1
2396,CPEC_ROCKFALL_0269,1,rockfall,66_26,4,66.33945990714827,26.56655265194829,Balochistan,conventional_alphaearth_embeddings,Conventional + AlphaEarth Embeddings,0.9683576284531408,0.42499994627304916,1
2397,RMC_01_00116,0,non_landslide,71_35,2,71.6350294380061,35.79000381342689,raster-matched control,conventional_alphaearth_embeddings,Conventional + AlphaEarth Embeddings,0.09355791066447469,0.30586012648229505,0
2398,RMC_01_01107,0,non_landslide,65_28,2,65.19860042728972,28.780898809084324,raster-matched control,conventional_alphaearth_embeddings,Conventional + AlphaEarth Embeddings,0.09926761884124644,0.30586012648229505,0
2399,RMC_01_00020,0,non_landslide,74_39,3,74.12785435143778,39.79873576881025,raster-matched control,conventional_alphaearth_embeddings,Conventional + AlphaEarth Embeddings,0.09617114813618691,0.3410028221468021,0
2400,RMC_01_00430,0,non_landslide,74_36,2,74.86896446083637,36.76692168490687,raster-matched control,conventional_alphaearth_embeddings,Conventional + AlphaEarth Embeddings,0.08629188416061354,0.30586012648229505,0
2401,CPEC_LANDSLIDE_0929,1,landslide,72_35,3,72.6097006581691,35.32288047239786,KP-AJK,conventional_alphaearth_embeddings,Conventional + AlphaEarth Embeddings,0.1282640871837827,0.3410028221468021,0
2402,CPEC_ROCKFALL_0329,1,rockfall,66_25,2,66.8537458680464,25.055135890781763,Balochistan,conventional_alphaearth_embeddings,Conventional + AlphaEarth Embeddings,0.5875750844070001,0.30586012648229505,1
2403,CPEC_LANDSLIDE_0683,1,landslide,66_27,1,66.94357891786912,27.68271023663634,Balochistan,conventional_alphaearth_embeddings,Conventional + AlphaEarth Embeddings,0.989045128572089,0.41913377540096863,1
2404,CPEC_ROCKFALL_0461,1,rockfall,69_28,1,69.18038440200601,28.86174560527901,Balochistan,conventional_alphaearth_embeddings,Conventional + AlphaEarth Embeddings,0.9597181379061236,0.41913377540096863,1
2405,RMC_01_01240,0,non_landslide,75_39,4,75.97389226030339,39.85038889764713,raster-matched control,conventional_alphaearth_embeddings,Conventional + AlphaEarth Embeddings,0.09160108090972191,0.42499994627304916,0
2406,CPEC_LANDSLIDE_0986,1,landslide,75_35,1,75.85486495902698,35.30491475425353,Gilgit-Baltistan,conventional_alphaearth_embeddings,Conventional + AlphaEarth Embeddings,0.4310834157025178,0.41913377540096863,1
2407,CPEC_LANDSLIDE_0958,1,landslide,75_35,1,75.37651043441753,35.4711009914144,Gilgit-Baltistan,conventional_alphaearth_embeddings,Conventional + AlphaEarth Embeddings,0.9034042669972293,0.41913377540096863,1
2408,RMC_01_01031,0,non_landslide,65_26,3,65.4164418836887,26.860749889278846,raster-matched control,conventional_alphaearth_embeddings,Conventional + AlphaEarth Embeddings,0.06898111435770815,0.3410028221468021,0
2409,CPEC_LANDSLIDE_0523,1,landslide,75_38,2,75.29117215845667,38.79037555178056,"Kashgar (Xinjiang, China)",conventional_alphaearth_embeddings,Conventional + AlphaEarth Embeddings,0.12811192876116567,0.30586012648229505,0
2410,RMC_01_01037,0,non_landslide,68_29,2,68.05299724257951,29.89705554960283,raster-matched control,conventional_alphaearth_embeddings,Conventional + AlphaEarth Embeddings,0.08714033257696098,0.30586012648229505,0
2411,RMC_01_00201,0,non_landslide,67_29,1,67.25574242792342,29.906038702444025,raster-matched control,conventional_alphaearth_embeddings,Conventional + AlphaEarth Embeddings,0.09108953674099964,0.41913377540096863,0
2412,CPEC_ROCKFALL_0884,1,rockfall,74_38,1,74.99472666132255,38.58601049140008,"Kashgar (Xinjiang, China)",conventional_alphaearth_embeddings,Conventional + AlphaEarth Embeddings,0.8955636309860138,0.41913377540096863,1
2413,RMC_01_00267,0,non_landslide,69_28,1,69.29042654645414,28.855009820024183,raster-matched control,conventional_alphaearth_embeddings,Conventional + AlphaEarth Embeddings,0.22005015334499994,0.41913377540096863,0
2414,RMC_01_01198,0,non_landslide,62_26,5,62.69903814922716,26.146589238403827,raster-matched control,conventional_alphaearth_embeddings,Conventional + AlphaEarth Embeddings,0.24396537244221111,0.3251687994310354,0
2415,RMC_01_01459,0,non_landslide,64_27,4,64.92686005384357,27.554698446261177,raster-matched control,conventional_alphaearth_embeddings,Conventional + AlphaEarth Embeddings,0.1424703742254159,0.42499994627304916,0
2416,RMC_01_01444,0,non_landslide,67_29,1,67.54320331884168,29.45014369575337,raster-matched control,conventional_alphaearth_embeddings,Conventional + AlphaEarth Embeddings,0.8407043525396602,0.41913377540096863,1
2417,CPEC_ROCKFALL_0062,1,rockfall,64_26,2,64.03303447826393,26.797868519095804,Balochistan,conventional_alphaearth_embeddings,Conventional + AlphaEarth Embeddings,0.9853062238022893,0.30586012648229505,1
2418,RMC_01_00129,0,non_landslide,74_39,3,74.95430441282772,39.553944853887685,raster-matched control,conventional_alphaearth_embeddings,Conventional + AlphaEarth Embeddings,0.0701710898230608,0.3410028221468021,0
2419,RMC_01_00355,0,non_landslide,67_29,1,67.37027762664867,29.775782986246696,raster-matched control,conventional_alphaearth_embeddings,Conventional + AlphaEarth Embeddings,0.23849033937114444,0.41913377540096863,0
2420,CPEC_LANDSLIDE_0901,1,landslide,76_35,2,76.09740884262706,35.18364058290297,Gilgit-Baltistan,conventional_alphaearth_embeddings,Conventional + AlphaEarth Embeddings,0.7998200391566397,0.30586012648229505,1
2421,CPEC_LANDSLIDE_0184,1,landslide,74_36,2,74.33222018140788,36.26610965913221,Gilgit-Baltistan,conventional_alphaearth_embeddings,Conventional + AlphaEarth Embeddings,0.29503493027971234,0.30586012648229505,0
2422,RMC_01_00475,0,non_landslide,74_36,2,74.86896446083637,36.43229924157235,raster-matched control,conventional_alphaearth_embeddings,Conventional + AlphaEarth Embeddings,0.11562412212982476,0.30586012648229505,0
2423,CPEC_LANDSLIDE_0973,1,landslide,75_35,1,75.80321073242386,35.33635587578137,Gilgit-Baltistan,conventional_alphaearth_embeddings,Conventional + AlphaEarth Embeddings,0.899144538194113,0.41913377540096863,1
2424,CPEC_ROCKFALL_0615,1,rockfall,67_30,3,67.20184559178365,30.276591614931068,Balochistan,conventional_alphaearth_embeddings,Conventional + AlphaEarth Embeddings,0.967388083259451,0.3410028221468021,1
2425,RMC_01_00386,0,non_landslide,75_35,1,75.36303786710211,35.619323909444184,raster-matched control,conventional_alphaearth_embeddings,Conventional + AlphaEarth Embeddings,0.281758125090755,0.41913377540096863,0
2426,RMC_01_00284,0,non_landslide,69_29,3,69.84064465797735,29.227810662933784,raster-matched control,conventional_alphaearth_embeddings,Conventional + AlphaEarth Embeddings,0.08517346247262904,0.3410028221468021,0
2427,CPEC_ROCKFALL_0961,1,rockfall,75_38,2,75.48655658931551,38.98126966787858,"Kashgar (Xinjiang, China)",conventional_alphaearth_embeddings,Conventional + AlphaEarth Embeddings,0.9567003111509005,0.30586012648229505,1
2428,RMC_01_00369,0,non_landslide,75_38,2,75.72910134538081,38.931861519634914,raster-matched control,conventional_alphaearth_embeddings,Conventional + AlphaEarth Embeddings,0.10623179653117622,0.30586012648229505,0
2429,CPEC_ROCKFALL_0406,1,rockfall,67_25,3,67.89129841936429,25.908536486794453,Punjab-Sindh lowland corridor,conventional_alphaearth_embeddings,Conventional + AlphaEarth Embeddings,0.9807139293072114,0.3410028221468021,1
2430,CPEC_ROCKFALL_0094,1,rockfall,65_27,5,65.7308505816666,27.282956286295967,Balochistan,conventional_alphaearth_embeddings,Conventional + AlphaEarth Embeddings,0.9843997707814613,0.3251687994310354,1
2431,CPEC_LANDSLIDE_0717,1,landslide,66_29,5,66.90315270771858,29.97566026213717,Balochistan,conventional_alphaearth_embeddings,Conventional + AlphaEarth Embeddings,0.33773283492943273,0.3251687994310354,1
2432,CPEC_LANDSLIDE_0702,1,landslide,66_27,1,66.59098887937105,27.85563417548897,Balochistan,conventional_alphaearth_embeddings,Conventional + AlphaEarth Embeddings,0.9745943236924435,0.41913377540096863,1
2433,CPEC_ROCKFALL_0433,1,rockfall,70_29,4,70.02929022415682,29.5377274885772,Punjab-Sindh lowland corridor,conventional_alphaearth_embeddings,Conventional + AlphaEarth Embeddings,0.9384192548450103,0.42499994627304916,1
2434,CPEC_LANDSLIDE_0348,1,landslide,75_37,5,75.19684879387313,37.919009237623534,"Kashgar (Xinjiang, China)",conventional_alphaearth_embeddings,Conventional + AlphaEarth Embeddings,0.9765135755585725,0.3251687994310354,1
2435,CPEC_ROCKFALL_0861,1,rockfall,74_35,5,74.18399966239133,35.39923811883706,Gilgit-Baltistan,conventional_alphaearth_embeddings,Conventional + AlphaEarth Embeddings,0.9830720647550366,0.3251687994310354,1
2436,CPEC_LANDSLIDE_0949,1,landslide,75_35,1,75.29341954538761,35.58563746107321,Gilgit-Baltistan,conventional_alphaearth_embeddings,Conventional + AlphaEarth Embeddings,0.9560211332668815,0.41913377540096863,1
2437,CPEC_LANDSLIDE_0432,1,landslide,75_38,2,75.00595913687617,38.570287701085626,"Kashgar (Xinjiang, China)",conventional_alphaearth_embeddings,Conventional + AlphaEarth Embeddings,0.8481178943596188,0.30586012648229505,1
2438,CPEC_ROCKFALL_0211,1,rockfall,65_26,3,65.67920081416455,26.281335171266733,Balochistan,conventional_alphaearth_embeddings,Conventional + AlphaEarth Embeddings,0.9866976534462288,0.3410028221468021,1
2439,RMC_01_00258,0,non_landslide,68_29,2,68.76266631703393,29.33560849702813,raster-matched control,conventional_alphaearth_embeddings,Conventional + AlphaEarth Embeddings,0.08378557513733119,0.30586012648229505,0
2440,CPEC_ROCKFALL_0500,1,rockfall,68_29,2,68.52236823685217,29.32437733957402,Balochistan,conventional_alphaearth_embeddings,Conventional + AlphaEarth Embeddings,0.9799382873297967,0.30586012648229505,1
2441,CPEC_ROCKFALL_0210,1,rockfall,65_26,3,65.68144374199443,26.281335171266733,Balochistan,conventional_alphaearth_embeddings,Conventional + AlphaEarth Embeddings,0.9879438234684813,0.3410028221468021,1
2442,CPEC_LANDSLIDE_0195,1,landslide,74_36,2,74.37713670631923,36.24814394098788,Gilgit-Baltistan,conventional_alphaearth_embeddings,Conventional + AlphaEarth Embeddings,0.9721990944241145,0.30586012648229505,1
2443,CPEC_ROCKFALL_0718,1,rockfall,72_34,1,72.80059477426713,34.01583323071286,KP-AJK,conventional_alphaearth_embeddings,Conventional + AlphaEarth Embeddings,0.9816317643426021,0.41913377540096863,1
2444,CPEC_ROCKFALL_0605,1,rockfall,66_29,5,66.94806923262995,29.840910687403085,Balochistan,conventional_alphaearth_embeddings,Conventional + AlphaEarth Embeddings,0.716888188941075,0.3251687994310354,1
2445,CPEC_ROCKFALL_0457,1,rockfall,69_28,1,69.1826273298359,28.86174560527901,Balochistan,conventional_alphaearth_embeddings,Conventional + AlphaEarth Embeddings,0.9401274861183252,0.41913377540096863,1
2446,CPEC_LANDSLIDE_0164,1,landslide,74_36,2,74.73646444650906,36.2369159245353,Gilgit-Baltistan,conventional_alphaearth_embeddings,Conventional + AlphaEarth Embeddings,0.9655896913129269,0.30586012648229505,1
2447,RMC_01_01090,0,non_landslide,67_29,1,67.16591089951147,29.816207174032076,raster-matched control,conventional_alphaearth_embeddings,Conventional + AlphaEarth Embeddings,0.5237002687410706,0.41913377540096863,1
2448,RMC_01_01465,0,non_landslide,69_30,5,69.12872979531264,30.92787233812998,raster-matched control,conventional_alphaearth_embeddings,Conventional + AlphaEarth Embeddings,0.08279654863659491,0.3251687994310354,0
2449,RMC_01_01435,0,non_landslide,66_29,5,66.65836276398394,29.420948449019484,raster-matched control,conventional_alphaearth_embeddings,Conventional + AlphaEarth Embeddings,0.07952995298578311,0.3251687994310354,0
2450,CPEC_ROCKFALL_0848,1,rockfall,74_36,2,74.30302644681096,36.30428848235181,Gilgit-Baltistan,conventional_alphaearth_embeddings,Conventional + AlphaEarth Embeddings,0.8008663897806636,0.30586012648229505,1
2451,RMC_01_01342,0,non_landslide,75_37,5,75.21706163343269,37.88981579005628,raster-matched control,conventional_alphaearth_embeddings,Conventional + AlphaEarth Embeddings,0.03308946389061233,0.3251687994310354,0
2452,CPEC_ROCKFALL_0642,1,rockfall,67_30,3,67.44887979014456,30.36867205168473,Balochistan,conventional_alphaearth_embeddings,Conventional + AlphaEarth Embeddings,0.9012347497579257,0.3410028221468021,1
2453,CPEC_ROCKFALL_0003,1,rockfall,73_34,2,73.46983895587354,34.40659763332948,KP-AJK,conventional_alphaearth_embeddings,Conventional + AlphaEarth Embeddings,0.9071916795387922,0.30586012648229505,1
2454,RMC_01_00112,0,non_landslide,76_37,1,76.15580110533759,37.22730826801813,raster-matched control,conventional_alphaearth_embeddings,Conventional + AlphaEarth Embeddings,0.3130076366919557,0.41913377540096863,0
2455,CPEC_ROCKFALL_0307,1,rockfall,66_27,1,66.55281005615144,27.61982799358065,Balochistan,conventional_alphaearth_embeddings,Conventional + AlphaEarth Embeddings,0.6740482172228318,0.41913377540096863,1
2456,RMC_01_00973,0,non_landslide,75_36,3,75.12498431681044,36.85450742510852,raster-matched control,conventional_alphaearth_embeddings,Conventional + AlphaEarth Embeddings,0.057050254865989206,0.3410028221468021,0
2457,CPEC_LANDSLIDE_0920,1,landslide,76_35,2,76.17601387599721,35.18364058290297,Gilgit-Baltistan,conventional_alphaearth_embeddings,Conventional + AlphaEarth Embeddings,0.916458840596609,0.30586012648229505,1
2458,RMC_01_00949,0,non_landslide,75_36,3,75.30913895005494,36.82755796658494,raster-matched control,conventional_alphaearth_embeddings,Conventional + AlphaEarth Embeddings,0.15096577135486497,0.3410028221468021,0
2459,RMC_01_00253,0,non_landslide,66_27,1,66.05424573541357,27.240288096819345,raster-matched control,conventional_alphaearth_embeddings,Conventional + AlphaEarth Embeddings,0.10964143711339655,0.41913377540096863,0
2460,CPEC_LANDSLIDE_1005,1,landslide,75_35,1,75.94694093667958,35.20834400273905,Gilgit-Baltistan,conventional_alphaearth_embeddings,Conventional + AlphaEarth Embeddings,0.9648201457171508,0.41913377540096863,1
2461,RMC_01_00598,0,non_landslide,75_38,2,75.24850266837687,38.756690039231614,raster-matched control,conventional_alphaearth_embeddings,Conventional + AlphaEarth Embeddings,0.07815751331407329,0.30586012648229505,0
2462,CPEC_LANDSLIDE_0918,1,landslide,76_35,2,76.17152356123638,35.192625671525654,Gilgit-Baltistan,conventional_alphaearth_embeddings,Conventional + AlphaEarth Embeddings,0.9525988226525413,0.30586012648229505,1
2463,CPEC_ROCKFALL_0653,1,rockfall,69_30,5,69.14220557878642,30.95257795733032,Balochistan,conventional_alphaearth_embeddings,Conventional + AlphaEarth Embeddings,0.9836926837446563,0.3251687994310354,1
2464,CPEC_ROCKFALL_0880,1,rockfall,75_38,2,75.04189057316484,38.42880488376084,"Kashgar (Xinjiang, China)",conventional_alphaearth_embeddings,Conventional + AlphaEarth Embeddings,0.9260771193089364,0.30586012648229505,1
2465,RMC_01_00553,0,non_landslide,74_39,3,74.2356521855321,39.79199840417936,raster-matched control,conventional_alphaearth_embeddings,Conventional + AlphaEarth Embeddings,0.10319054024298784,0.3410028221468021,0
2466,RMC_01_01420,0,non_landslide,65_27,5,65.87682846679996,27.22456757934725,raster-matched control,conventional_alphaearth_embeddings,Conventional + AlphaEarth Embeddings,0.18956562071502986,0.3251687994310354,0
2467,RMC_01_00753,0,non_landslide,77_37,2,77.0541163894571,37.17790092739155,raster-matched control,conventional_alphaearth_embeddings,Conventional + AlphaEarth Embeddings,0.09990263533778988,0.30586012648229505,0
2468,CPEC_LANDSLIDE_0024,1,landslide,75_38,2,75.23727500402367,38.91614003789194,"Kashgar (Xinjiang, China)",conventional_alphaearth_embeddings,Conventional + AlphaEarth Embeddings,0.11085726132717516,0.30586012648229505,0
2469,RMC_01_01326,0,non_landslide,75_37,5,75.46185254835525,37.209341962335735,raster-matched control,conventional_alphaearth_embeddings,Conventional + AlphaEarth Embeddings,0.735231385895092,0.3251687994310354,1
2470,RMC_01_00921,0,non_landslide,71_35,2,71.76303936599312,35.507034498929244,raster-matched control,conventional_alphaearth_embeddings,Conventional + AlphaEarth Embeddings,0.07291417424155695,0.30586012648229505,0
2471,CPEC_ROCKFALL_0514,1,rockfall,67_29,1,67.89129841936429,29.67247706331128,Balochistan,conventional_alphaearth_embeddings,Conventional + AlphaEarth Embeddings,0.17936641498643127,0.41913377540096863,0
2472,CPEC_ROCKFALL_0010,1,rockfall,75_37,5,75.73359078767642,37.835918348593616,"Kashgar (Xinjiang, China)",conventional_alphaearth_embeddings,Conventional + AlphaEarth Embeddings,0.9749602889978837,0.3251687994310354,1
2473,RMC_01_01365,0,non_landslide,77_37,2,77.36403516247834,37.77977216775163,raster-matched control,conventional_alphaearth_embeddings,Conventional + AlphaEarth Embeddings,0.13644700368484147,0.30586012648229505,0
2474,RMC_01_00766,0,non_landslide,73_35,4,73.22729327910795,35.65525652080896,raster-matched control,conventional_alphaearth_embeddings,Conventional + AlphaEarth Embeddings,0.16985345144212277,0.42499994627304916,0
2475,RMC_01_00435,0,non_landslide,74_36,2,74.8128197555789,36.72874328533179,raster-matched control,conventional_alphaearth_embeddings,Conventional + AlphaEarth Embeddings,0.23324933216459584,0.30586012648229505,0
2476,CPEC_ROCKFALL_0076,1,rockfall,63_26,1,63.95892421875566,26.07697011088626,Balochistan,conventional_alphaearth_embeddings,Conventional + AlphaEarth Embeddings,0.8222974494729627,0.41913377540096863,1
2477,RMC_01_00224,0,non_landslide,66_27,1,66.373147661276,27.74559044413657,raster-matched control,conventional_alphaearth_embeddings,Conventional + AlphaEarth Embeddings,0.15128487854739034,0.41913377540096863,0
2478,RMC_01_00204,0,non_landslide,69_31,2,69.36004598097341,31.84639971614219,raster-matched control,conventional_alphaearth_embeddings,Conventional + AlphaEarth Embeddings,0.10279938695665722,0.30586012648229505,0
2479,CPEC_ROCKFALL_0464,1,rockfall,69_28,1,69.17813701507508,28.872978080832645,Balochistan,conventional_alphaearth_embeddings,Conventional + AlphaEarth Embeddings,0.9846486026000765,0.41913377540096863,1
2480,RMC_01_00758,0,non_landslide,74_36,2,74.8218029084201,36.28632300790293,raster-matched control,conventional_alphaearth_embeddings,Conventional + AlphaEarth Embeddings,0.08826192459997201,0.30586012648229505,0
2481,CPEC_LANDSLIDE_0728,1,landslide,69_30,5,69.12199247371115,30.923379763632344,Balochistan,conventional_alphaearth_embeddings,Conventional + AlphaEarth Embeddings,0.9742240040134502,0.3251687994310354,1
2482,RMC_01_01176,0,non_landslide,65_25,1,65.62305439903619,25.6345495264557,raster-matched control,conventional_alphaearth_embeddings,Conventional + AlphaEarth Embeddings,0.7976445651498131,0.41913377540096863,1
2483,CPEC_ROCKFALL_0353,1,rockfall,66_27,1,66.49891290171844,27.774786214288937,Balochistan,conventional_alphaearth_embeddings,Conventional + AlphaEarth Embeddings,0.9811328117902247,0.41913377540096863,1
2484,CPEC_ROCKFALL_0721,1,rockfall,72_33,4,72.90839354223418,33.840657445828235,KP-AJK,conventional_alphaearth_embeddings,Conventional + AlphaEarth Embeddings,0.7302221229951923,0.42499994627304916,1
2485,RMC_01_00702,0,non_landslide,73_34,2,73.36877793635678,34.617702367650914,raster-matched control,conventional_alphaearth_embeddings,Conventional + AlphaEarth Embeddings,0.10885825765768567,0.30586012648229505,0
2486,RMC_01_00482,0,non_landslide,74_36,2,74.82854027305099,36.22793251443516,raster-matched control,conventional_alphaearth_embeddings,Conventional + AlphaEarth Embeddings,0.8505820695548274,0.30586012648229505,1
2487,RMC_01_00360,0,non_landslide,67_29,1,67.20184351087626,29.939725525598504,raster-matched control,conventional_alphaearth_embeddings,Conventional + AlphaEarth Embeddings,0.08915148322234463,0.41913377540096863,0
2488,RMC_01_00596,0,non_landslide,75_38,2,75.25524003300777,38.761181615652205,raster-matched control,conventional_alphaearth_embeddings,Conventional + AlphaEarth Embeddings,0.0828775721363285,0.30586012648229505,0
2489,RMC_01_00554,0,non_landslide,75_38,2,75.00146596524401,38.55007752388412,raster-matched control,conventional_alphaearth_embeddings,Conventional + AlphaEarth Embeddings,0.09794314846566755,0.30586012648229505,0
2490,CPEC_LANDSLIDE_0582,1,landslide,74_38,1,74.82854042416166,38.86448581128882,"Kashgar (Xinjiang, China)",conventional_alphaearth_embeddings,Conventional + AlphaEarth Embeddings,0.16546144987161837,0.41913377540096863,0
2491,RMC_01_01338,0,non_landslide,75_40,1,75.32485946752703,40.19174870561255,raster-matched control,conventional_alphaearth_embeddings,Conventional + AlphaEarth Embeddings,0.08944783312522872,0.41913377540096863,0
2492,CPEC_LANDSLIDE_0128,1,landslide,74_36,2,74.83752551278435,36.59624366472514,Gilgit-Baltistan,conventional_alphaearth_embeddings,Conventional + AlphaEarth Embeddings,0.18531526642312632,0.30586012648229505,0
2493,CPEC_ROCKFALL_0708,1,rockfall,72_32,2,72.59173494002476,32.634671270418536,Punjab-Sindh lowland corridor,conventional_alphaearth_embeddings,Conventional + AlphaEarth Embeddings,0.9881406857637773,0.30586012648229505,1
2494,CPEC_ROCKFALL_0337,1,rockfall,66_26,4,66.46073407849886,26.267859767883227,Balochistan,conventional_alphaearth_embeddings,Conventional + AlphaEarth Embeddings,0.3225356441157871,0.42499994627304916,0
2495,RMC_01_00708,0,non_landslide,73_33,5,73.4878047115026,33.99112745697755,raster-matched control,conventional_alphaearth_embeddings,Conventional + AlphaEarth Embeddings,0.05009832618064976,0.3251687994310354,0
2496,RMC_01_00344,0,non_landslide,71_34,5,71.33409381782606,34.175282090222055,raster-matched control,conventional_alphaearth_embeddings,Conventional + AlphaEarth Embeddings,0.08933119153876394,0.3251687994310354,0
2497,CPEC_LANDSLIDE_0347,1,landslide,75_37,5,75.19909618080408,37.919009237623534,"Kashgar (Xinjiang, China)",conventional_alphaearth_embeddings,Conventional + AlphaEarth Embeddings,0.9845004675581343,0.3251687994310354,1
2498,CPEC_LANDSLIDE_0245,1,landslide,74_35,5,74.6151902751585,35.66199510751242,Gilgit-Baltistan,conventional_alphaearth_embeddings,Conventional + AlphaEarth Embeddings,0.9774915388694724,0.3251687994310354,1
2499,RMC_01_00023,0,non_landslide,75_38,2,75.00146596524401,38.55232331209442,raster-matched control,conventional_alphaearth_embeddings,Conventional + AlphaEarth Embeddings,0.467660107868989,0.30586012648229505,1
2500,CPEC_LANDSLIDE_0967,1,landslide,75_35,1,75.78300208644966,35.30266736732259,Gilgit-Baltistan,conventional_alphaearth_embeddings,Conventional + AlphaEarth Embeddings,0.9464491595540446,0.41913377540096863,1
2501,CPEC_ROCKFALL_0563,1,rockfall,67_29,1,67.55892594504255,29.65226395823601,Balochistan,conventional_alphaearth_embeddings,Conventional + AlphaEarth Embeddings,0.95809807210419,0.41913377540096863,1
2502,RMC_01_00859,0,non_landslide,73_35,4,73.43390579445544,35.56991656881761,raster-matched control,conventional_alphaearth_embeddings,Conventional + AlphaEarth Embeddings,0.14538777951584952,0.42499994627304916,0
2503,CPEC_LANDSLIDE_0460,1,landslide,75_38,2,75.01044945163699,38.71851267920322,"Kashgar (Xinjiang, China)",conventional_alphaearth_embeddings,Conventional + AlphaEarth Embeddings,0.9573530075734029,0.30586012648229505,1
2504,RMC_01_01117,0,non_landslide,71_33,3,71.18811758415663,33.398239369458665,raster-matched control,conventional_alphaearth_embeddings,Conventional + AlphaEarth Embeddings,0.04848440616477828,0.3410028221468021,0
2505,CPEC_ROCKFALL_0645,1,rockfall,68_30,4,68.35617754059024,30.121633394222773,Balochistan,conventional_alphaearth_embeddings,Conventional + AlphaEarth Embeddings,0.39130626638961574,0.42499994627304916,0
2506,CPEC_ROCKFALL_0716,1,rockfall,71_33,3,71.8820645482678,33.827186501545775,KP-AJK,conventional_alphaearth_embeddings,Conventional + AlphaEarth Embeddings,0.9697126324294544,0.3410028221468021,1
2507,CPEC_LANDSLIDE_0871,1,landslide,73_34,2,73.47881958539519,34.41333533502124,KP-AJK,conventional_alphaearth_embeddings,Conventional + AlphaEarth Embeddings,0.7725505927284726,0.30586012648229505,1
2508,RMC_01_00793,0,non_landslide,68_28,5,68.77838683450602,28.259875944295004,raster-matched control,conventional_alphaearth_embeddings,Conventional + AlphaEarth Embeddings,0.15469693065623705,0.3251687994310354,0
2509,CPEC_ROCKFALL_0569,1,rockfall,67_29,1,67.2243016246888,29.474845245521504,Balochistan,conventional_alphaearth_embeddings,Conventional + AlphaEarth Embeddings,0.3873303736665584,0.41913377540096863,0
2510,RMC_01_00178,0,non_landslide,62_26,5,62.472213539986974,26.187013426189203,raster-matched control,conventional_alphaearth_embeddings,Conventional + AlphaEarth Embeddings,0.1296159882619322,0.3251687994310354,0
2511,CPEC_LANDSLIDE_0326,1,landslide,75_36,3,75.54270113067945,36.88594700106646,"Kashgar (Xinjiang, China)",conventional_alphaearth_embeddings,Conventional + AlphaEarth Embeddings,0.9547064541853242,0.3410028221468021,1
2512,CPEC_ROCKFALL_0033,1,rockfall,67_27,2,67.35904674032183,27.93423474975805,Balochistan,conventional_alphaearth_embeddings,Conventional + AlphaEarth Embeddings,0.9335244317877831,0.30586012648229505,1
2513,RMC_01_00843,0,non_landslide,72_32,2,72.74220302568341,32.69306187142484,raster-matched control,conventional_alphaearth_embeddings,Conventional + AlphaEarth Embeddings,0.4795199169842763,0.30586012648229505,1
2514,RMC_01_00493,0,non_landslide,74_36,2,74.55679989960484,36.245898820117546,raster-matched control,conventional_alphaearth_embeddings,Conventional + AlphaEarth Embeddings,0.08084866488024854,0.30586012648229505,0
2515,CPEC_LANDSLIDE_0107,1,landslide,74_36,2,74.95205752334212,36.79611841034479,Gilgit-Baltistan,conventional_alphaearth_embeddings,Conventional + AlphaEarth Embeddings,0.9825657108098574,0.30586012648229505,1
2516,CPEC_ROCKFALL_0429,1,rockfall,70_29,4,70.02479990939601,29.5220091573638,Punjab-Sindh lowland corridor,conventional_alphaearth_embeddings,Conventional + AlphaEarth Embeddings,0.9618929890117431,0.42499994627304916,1
2517,CPEC_LANDSLIDE_0289,1,landslide,73_35,4,73.2991579448508,35.49805179818143,KP-AJK,conventional_alphaearth_embeddings,Conventional + AlphaEarth Embeddings,0.9833293207520922,0.42499994627304916,1
2518,CPEC_LANDSLIDE_0685,1,landslide,66_27,1,66.28556275271528,27.087576314538182,Balochistan,conventional_alphaearth_embeddings,Conventional + AlphaEarth Embeddings,0.9849834892782742,0.41913377540096863,1
2519,CPEC_LANDSLIDE_0073,1,landslide,75_36,3,75.16091735758447,36.86573835509224,Gilgit-Baltistan,conventional_alphaearth_embeddings,Conventional + AlphaEarth Embeddings,0.924163715542526,0.3410028221468021,1
2520,CPEC_LANDSLIDE_0105,1,landslide,74_36,2,74.95430491027305,36.80060872510561,Gilgit-Baltistan,conventional_alphaearth_embeddings,Conventional + AlphaEarth Embeddings,0.8566060116399411,0.30586012648229505,1
2521,RMC_01_01321,0,non_landslide,74_35,5,74.2356521855321,35.4059740294658,raster-matched control,conventional_alphaearth_embeddings,Conventional + AlphaEarth Embeddings,0.121806736202916,0.3251687994310354,0
2522,RMC_01_00783,0,non_landslide,65_27,5,65.88581161964116,27.220076002926653,raster-matched control,conventional_alphaearth_embeddings,Conventional + AlphaEarth Embeddings,0.12382504382717853,0.3251687994310354,0
2523,CPEC_LANDSLIDE_0186,1,landslide,74_36,2,74.35243328648315,36.245901013158,Gilgit-Baltistan,conventional_alphaearth_embeddings,Conventional + AlphaEarth Embeddings,0.3402851365310295,0.30586012648229505,1
2524,CPEC_LANDSLIDE_0470,1,landslide,75_38,2,75.05985629130917,38.729740695655785,"Kashgar (Xinjiang, China)",conventional_alphaearth_embeddings,Conventional + AlphaEarth Embeddings,0.9689609021840926,0.30586012648229505,1
2525,RMC_01_00269,0,non_landslide,66_26,4,66.84251739722845,26.5755347865709,raster-matched control,conventional_alphaearth_embeddings,Conventional + AlphaEarth Embeddings,0.08713798052799956,0.42499994627304916,0
2526,CPEC_LANDSLIDE_0503,1,landslide,75_38,2,75.18562077742055,38.74770641380013,"Kashgar (Xinjiang, China)",conventional_alphaearth_embeddings,Conventional + AlphaEarth Embeddings,0.9367432542169345,0.30586012648229505,1
2527,RMC_01_01499,0,non_landslide,74_35,5,74.52311307645036,35.47110188756446,raster-matched control,conventional_alphaearth_embeddings,Conventional + AlphaEarth Embeddings,0.046278607048920305,0.3251687994310354,0
2528,RMC_01_00768,0,non_landslide,74_36,2,74.75667505032143,36.133609409602606,raster-matched control,conventional_alphaearth_embeddings,Conventional + AlphaEarth Embeddings,0.27480230811349377,0.30586012648229505,0
2529,RMC_01_00589,0,non_landslide,75_38,2,75.2058326923812,38.7769021331243,raster-matched control,conventional_alphaearth_embeddings,Conventional + AlphaEarth Embeddings,0.07394396455689588,0.30586012648229505,0
2530,CPEC_ROCKFALL_0574,1,rockfall,67_29,1,67.21981130992799,29.47035493076068,Balochistan,conventional_alphaearth_embeddings,Conventional + AlphaEarth Embeddings,0.9622818324057945,0.41913377540096863,1
2531,RMC_01_00473,0,non_landslide,74_36,2,74.8173113319995,36.5266223464049,raster-matched control,conventional_alphaearth_embeddings,Conventional + AlphaEarth Embeddings,0.15707992874945442,0.30586012648229505,0
2532,CPEC_ROCKFALL_0381,1,rockfall,67_27,2,67.00421377399388,27.9746609599086,Balochistan,conventional_alphaearth_embeddings,Conventional + AlphaEarth Embeddings,0.9494369514466918,0.30586012648229505,1
2533,CPEC_LANDSLIDE_0434,1,landslide,74_38,1,74.99922143518441,38.57253508801655,"Kashgar (Xinjiang, China)",conventional_alphaearth_embeddings,Conventional + AlphaEarth Embeddings,0.9849936077861148,0.41913377540096863,1
2534,CPEC_ROCKFALL_0379,1,rockfall,66_27,1,66.99747607230212,27.947710153141564,Balochistan,conventional_alphaearth_embeddings,Conventional + AlphaEarth Embeddings,0.9048104932880844,0.41913377540096863,1
2535,CPEC_LANDSLIDE_0565,1,landslide,75_38,2,75.47757150069282,38.833044689760975,"Kashgar (Xinjiang, China)",conventional_alphaearth_embeddings,Conventional + AlphaEarth Embeddings,0.960750279653843,0.30586012648229505,1
2536,RMC_01_00196,0,non_landslide,66_27,1,66.51238653031453,27.559190022681776,raster-matched control,conventional_alphaearth_embeddings,Conventional + AlphaEarth Embeddings,0.692650673255992,0.41913377540096863,1
2537,RMC_01_01273,0,non_landslide,66_26,4,66.21594248655508,26.59125530404299,raster-matched control,conventional_alphaearth_embeddings,Conventional + AlphaEarth Embeddings,0.08511436712982096,0.42499994627304916,0
2538,CPEC_ROCKFALL_0703,1,rockfall,72_32,2,72.41881100117214,32.57178902736284,Punjab-Sindh lowland corridor,conventional_alphaearth_embeddings,Conventional + AlphaEarth Embeddings,0.9580194068349925,0.30586012648229505,1
2539,CPEC_LANDSLIDE_0057,1,landslide,75_36,3,75.36752980489588,36.82755953187264,Gilgit-Baltistan,conventional_alphaearth_embeddings,Conventional + AlphaEarth Embeddings,0.9775851955585895,0.3410028221468021,1
2540,CPEC_ROCKFALL_0490,1,rockfall,68_29,2,68.66834136893777,29.39624467125242,Balochistan,conventional_alphaearth_embeddings,Conventional + AlphaEarth Embeddings,0.9780062179109117,0.30586012648229505,1
2541,RMC_01_01036,0,non_landslide,67_25,3,67.1367156527776,25.616583220773308,raster-matched control,conventional_alphaearth_embeddings,Conventional + AlphaEarth Embeddings,0.3213343972607225,0.3410028221468021,0
2542,RMC_01_01390,0,non_landslide,72_36,5,72.00333870449509,36.02805736371857,raster-matched control,conventional_alphaearth_embeddings,Conventional + AlphaEarth Embeddings,0.7426806499981154,0.3251687994310354,1
2543,RMC_01_00426,0,non_landslide,74_36,2,74.97900808314101,36.83878690763643,raster-matched control,conventional_alphaearth_embeddings,Conventional + AlphaEarth Embeddings,0.13861946730029392,0.30586012648229505,0
2544,CPEC_LANDSLIDE_0168,1,landslide,74_36,2,74.5994719439451,36.299798167591,Gilgit-Baltistan,conventional_alphaearth_embeddings,Conventional + AlphaEarth Embeddings,0.964892124404439,0.30586012648229505,1
2545,RMC_01_01113,0,non_landslide,67_30,3,67.21082666371746,30.42256999081275,raster-matched control,conventional_alphaearth_embeddings,Conventional + AlphaEarth Embeddings,0.11138829875923115,0.3410028221468021,0
2546,RMC_01_00649,0,non_landslide,74_35,5,74.633156698755,35.56767078060731,raster-matched control,conventional_alphaearth_embeddings,Conventional + AlphaEarth Embeddings,0.05019638814996944,0.3251687994310354,0
2547,RMC_01_00548,0,non_landslide,74_35,5,74.03353124660522,35.13647944422994,raster-matched control,conventional_alphaearth_embeddings,Conventional + AlphaEarth Embeddings,0.21596786829419443,0.3251687994310354,0
2548,CPEC_ROCKFALL_0408,1,rockfall,67_26,5,67.15917199470218,26.934861021659763,Balochistan,conventional_alphaearth_embeddings,Conventional + AlphaEarth Embeddings,0.8467560097288166,0.3251687994310354,1
2549,CPEC_ROCKFALL_0801,1,rockfall,72_35,3,72.56254120542786,35.52050783108658,KP-AJK,conventional_alphaearth_embeddings,Conventional + AlphaEarth Embeddings,0.9694580433547233,0.3410028221468021,1
2550,RMC_01_01441,0,non_landslide,62_25,3,62.36441570589263,25.97141775800052,raster-matched control,conventional_alphaearth_embeddings,Conventional + AlphaEarth Embeddings,0.15810197124121894,0.3410028221468021,0
2551,RMC_01_00055,0,non_landslide,64_26,2,64.4956687174662,26.23192919039518,raster-matched control,conventional_alphaearth_embeddings,Conventional + AlphaEarth Embeddings,0.19510839378252526,0.30586012648229505,0
2552,CPEC_LANDSLIDE_1024,1,landslide,74_35,5,74.83303073892249,35.408218748358706,Gilgit-Baltistan,conventional_alphaearth_embeddings,Conventional + AlphaEarth Embeddings,0.9543062800488761,0.3251687994310354,1
2553,RMC_01_00394,0,non_landslide,75_36,3,75.55617565318781,36.98251735309556,raster-matched control,conventional_alphaearth_embeddings,Conventional + AlphaEarth Embeddings,0.5538232837185189,0.3410028221468021,1
2554,RMC_01_01120,0,non_landslide,71_33,3,71.74282727210044,33.494808262501515,raster-matched control,conventional_alphaearth_embeddings,Conventional + AlphaEarth Embeddings,0.21172589273983405,0.3410028221468021,0
2555,RMC_01_01280,0,non_landslide,73_35,4,73.26322589047273,35.47110188756446,raster-matched control,conventional_alphaearth_embeddings,Conventional + AlphaEarth Embeddings,0.36675336682236165,0.42499994627304916,0
2556,RMC_01_00425,0,non_landslide,75_36,3,75.05087330587058,36.86124478973942,raster-matched control,conventional_alphaearth_embeddings,Conventional + AlphaEarth Embeddings,0.06865422392733694,0.3410028221468021,0
2557,CPEC_LANDSLIDE_0996,1,landslide,75_35,1,75.89753409700741,35.226309720883386,Gilgit-Baltistan,conventional_alphaearth_embeddings,Conventional + AlphaEarth Embeddings,0.8597404458647756,0.41913377540096863,1
2558,CPEC_LANDSLIDE_0211,1,landslide,74_35,5,74.29853613205015,35.90229160418156,Gilgit-Baltistan,conventional_alphaearth_embeddings,Conventional + AlphaEarth Embeddings,0.9402849991452192,0.3251687994310354,1
2559,CPEC_ROCKFALL_0905,1,rockfall,75_38,2,75.3967235394928,38.81283604378676,"Kashgar (Xinjiang, China)",conventional_alphaearth_embeddings,Conventional + AlphaEarth Embeddings,0.9706160164422881,0.30586012648229505,1
2560,CPEC_ROCKFALL_0424,1,rockfall,70_29,4,70.02255252246509,29.515271455672043,Punjab-Sindh lowland corridor,conventional_alphaearth_embeddings,Conventional + AlphaEarth Embeddings,0.9474178816051687,0.42499994627304916,1
2561,CPEC_LANDSLIDE_0061,1,landslide,75_36,3,75.34507377199073,36.8118367415582,Gilgit-Baltistan,conventional_alphaearth_embeddings,Conventional + AlphaEarth Embeddings,0.9398797056630136,0.3410028221468021,1
2562,CPEC_ROCKFALL_0669,1,rockfall,69_30,5,69.16241868386169,30.456257714576505,Balochistan,conventional_alphaearth_embeddings,Conventional + AlphaEarth Embeddings,0.9620278890531827,0.3251687994310354,1
2563,RMC_01_00041,0,non_landslide,68_30,4,68.72673370566915,30.220449051885858,raster-matched control,conventional_alphaearth_embeddings,Conventional + AlphaEarth Embeddings,0.10430291471790397,0.42499994627304916,0
2564,RMC_01_01104,0,non_landslide,69_31,2,69.22529868835548,31.651016141846195,raster-matched control,conventional_alphaearth_embeddings,Conventional + AlphaEarth Embeddings,0.13832988457287068,0.30586012648229505,0
2565,CPEC_ROCKFALL_0621,1,rockfall,67_30,3,67.20857883437435,30.274348687101185,Balochistan,conventional_alphaearth_embeddings,Conventional + AlphaEarth Embeddings,0.5332018096888669,0.3410028221468021,1
2566,CPEC_ROCKFALL_0567,1,rockfall,67_29,1,67.2243016246888,29.47934001938337,Balochistan,conventional_alphaearth_embeddings,Conventional + AlphaEarth Embeddings,0.4602956982387229,0.41913377540096863,1
2567,RMC_01_00495,0,non_landslide,74_36,2,74.55455411139454,36.24814460832785,raster-matched control,conventional_alphaearth_embeddings,Conventional + AlphaEarth Embeddings,0.06367098873214413,0.30586012648229505,0
2568,RMC_01_01407,0,non_landslide,65_27,5,65.68818225713487,27.21558442650606,raster-matched control,conventional_alphaearth_embeddings,Conventional + AlphaEarth Embeddings,0.07515043438290862,0.3251687994310354,0
2569,CPEC_ROCKFALL_0386,1,rockfall,66_27,1,66.93459382924642,27.67821546277446,Balochistan,conventional_alphaearth_embeddings,Conventional + AlphaEarth Embeddings,0.9664225073005659,0.41913377540096863,1
2570,RMC_01_01282,0,non_landslide,74_35,5,74.39061157204273,35.9606837174096,raster-matched control,conventional_alphaearth_embeddings,Conventional + AlphaEarth Embeddings,0.925140489042401,0.3251687994310354,1
2571,CPEC_LANDSLIDE_0625,1,landslide,63_26,1,63.93871111368039,26.65638124266996,Balochistan,conventional_alphaearth_embeddings,Conventional + AlphaEarth Embeddings,0.48085327014280804,0.41913377540096863,1
2572,RMC_01_00809,0,non_landslide,68_29,2,68.25511818150639,29.70840933993773,raster-matched control,conventional_alphaearth_embeddings,Conventional + AlphaEarth Embeddings,0.29492957332579706,0.30586012648229505,0
2573,CPEC_LANDSLIDE_0448,1,landslide,74_38,1,74.97227062841739,38.6376647180032,"Kashgar (Xinjiang, China)",conventional_alphaearth_embeddings,Conventional + AlphaEarth Embeddings,0.9862803151460825,0.41913377540096863,1
2574,RMC_01_01348,0,non_landslide,75_37,5,75.28218949153135,37.739347979966254,raster-matched control,conventional_alphaearth_embeddings,Conventional + AlphaEarth Embeddings,0.06017414901512937,0.3251687994310354,0
2575,CPEC_ROCKFALL_0594,1,rockfall,67_29,1,67.19510789009189,29.93748143891756,Balochistan,conventional_alphaearth_embeddings,Conventional + AlphaEarth Embeddings,0.9659591406203305,0.41913377540096863,1
2576,RMC_01_01194,0,non_landslide,65_26,3,65.65449543398039,26.490194834579544,raster-matched control,conventional_alphaearth_embeddings,Conventional + AlphaEarth Embeddings,0.11329911156184239,0.3410028221468021,0
2577,CPEC_ROCKFALL_0478,1,rockfall,68_29,2,68.71325789384913,29.41196746156686,Balochistan,conventional_alphaearth_embeddings,Conventional + AlphaEarth Embeddings,0.9604521179973065,0.30586012648229505,1
2578,CPEC_LANDSLIDE_0138,1,landslide,74_36,2,74.85099645706681,36.52437633304675,Gilgit-Baltistan,conventional_alphaearth_embeddings,Conventional + AlphaEarth Embeddings,0.979227699778664,0.30586012648229505,1
2579,RMC_01_00719,0,non_landslide,73_33,5,73.49005049971291,33.7104039306902,raster-matched control,conventional_alphaearth_embeddings,Conventional + AlphaEarth Embeddings,0.16859324475317156,0.3251687994310354,0
2580,CPEC_ROCKFALL_0215,1,rockfall,65_26,3,65.67021572554187,26.26561684005334,Balochistan,conventional_alphaearth_embeddings,Conventional + AlphaEarth Embeddings,0.960475267732486,0.3410028221468021,1
2581,CPEC_LANDSLIDE_0237,1,landslide,74_36,2,74.50065380549968,36.24814394098788,Gilgit-Baltistan,conventional_alphaearth_embeddings,Conventional + AlphaEarth Embeddings,0.9717179702623847,0.30586012648229505,1
2582,CPEC_LANDSLIDE_0219,1,landslide,74_36,2,74.21095046915836,36.15606796333528,Gilgit-Baltistan,conventional_alphaearth_embeddings,Conventional + AlphaEarth Embeddings,0.9209662455230451,0.30586012648229505,1
2583,RMC_01_01222,0,non_landslide,71_31,4,71.90452402324195,31.48931939070468,raster-matched control,conventional_alphaearth_embeddings,Conventional + AlphaEarth Embeddings,0.08330739889158108,0.42499994627304916,0
2584,CPEC_ROCKFALL_0853,1,rockfall,74_35,5,74.24014420375526,35.410466135289646,Gilgit-Baltistan,conventional_alphaearth_embeddings,Conventional + AlphaEarth Embeddings,0.9786269844309934,0.3251687994310354,1
2585,RMC_01_00745,0,non_landslide,74_39,3,74.95430441282772,39.63030165303785,raster-matched control,conventional_alphaearth_embeddings,Conventional + AlphaEarth Embeddings,0.09304771031414263,0.3410028221468021,0
2586,RMC_01_00464,0,non_landslide,74_36,2,74.88917655472906,36.346959289580994,raster-matched control,conventional_alphaearth_embeddings,Conventional + AlphaEarth Embeddings,0.5246421348564568,0.30586012648229505,1
2587,CPEC_ROCKFALL_0711,1,rockfall,71_33,3,71.23752378649748,33.411714219992014,KP-AJK,conventional_alphaearth_embeddings,Conventional + AlphaEarth Embeddings,0.969856339983133,0.3410028221468021,1
2588,CPEC_LANDSLIDE_0473,1,landslide,75_38,2,75.06884137993187,38.75219672856095,"Kashgar (Xinjiang, China)",conventional_alphaearth_embeddings,Conventional + AlphaEarth Embeddings,0.9839181716519498,0.30586012648229505,1
2589,CPEC_LANDSLIDE_0942,1,landslide,72_35,3,72.39859789609687,35.491314096489674,KP-AJK,conventional_alphaearth_embeddings,Conventional + AlphaEarth Embeddings,0.49164831960641225,0.3410028221468021,1
2590,RMC_01_00109,0,non_landslide,77_40,3,77.58636819529792,40.753195758187246,raster-matched control,conventional_alphaearth_embeddings,Conventional + AlphaEarth Embeddings,0.08339702870764533,0.3410028221468021,0
2591,CPEC_LANDSLIDE_0870,1,landslide,73_34,2,73.4631012541818,34.40659763332948,KP-AJK,conventional_alphaearth_embeddings,Conventional + AlphaEarth Embeddings,0.9641721479076641,0.30586012648229505,1
2592,RMC_01_00956,0,non_landslide,75_36,3,75.1946037513297,36.86124478973942,raster-matched control,conventional_alphaearth_embeddings,Conventional + AlphaEarth Embeddings,0.041223153667046805,0.3410028221468021,0
2593,RMC_01_01152,0,non_landslide,73_35,4,73.4967878643438,35.538475533873424,raster-matched control,conventional_alphaearth_embeddings,Conventional + AlphaEarth Embeddings,0.6131496739630313,0.42499994627304916,1
2594,RMC_01_00423,0,non_landslide,74_36,2,74.8128197555789,36.74670959101418,raster-matched control,conventional_alphaearth_embeddings,Conventional + AlphaEarth Embeddings,0.9094245166027292,0.30586012648229505,1
2595,CPEC_LANDSLIDE_0894,1,landslide,73_34,2,73.47881958539519,34.411087948090305,KP-AJK,conventional_alphaearth_embeddings,Conventional + AlphaEarth Embeddings,0.9860504057913866,0.30586012648229505,1
2596,CPEC_ROCKFALL_0491,1,rockfall,68_29,2,68.66834136893777,29.39624467125242,Balochistan,conventional_alphaearth_embeddings,Conventional + AlphaEarth Embeddings,0.9780062179109117,0.30586012648229505,1
2597,RMC_01_00544,0,non_landslide,74_35,5,74.02454809376403,35.12525050317844,raster-matched control,conventional_alphaearth_embeddings,Conventional + AlphaEarth Embeddings,0.19265094478650324,0.3251687994310354,0
2598,RMC_01_01135,0,non_landslide,73_35,4,73.63153515696173,35.53173816924253,raster-matched control,conventional_alphaearth_embeddings,Conventional + AlphaEarth Embeddings,0.9188982725580912,0.42499994627304916,1
2599,CPEC_ROCKFALL_0303,1,rockfall,66_27,1,66.53933465276793,27.640036639554857,Balochistan,conventional_alphaearth_embeddings,Conventional + AlphaEarth Embeddings,0.9814223240194441,0.41913377540096863,1
2600,CPEC_ROCKFALL_0102,1,rockfall,65_27,5,65.81843624455838,27.455884684249643,Balochistan,conventional_alphaearth_embeddings,Conventional + AlphaEarth Embeddings,0.9814102671373656,0.3251687994310354,1
2601,RMC_01_00124,0,non_landslide,75_35,1,75.7358387100117,35.34309195957743,raster-matched control,conventional_alphaearth_embeddings,Conventional + AlphaEarth Embeddings,0.1344552078800775,0.41913377540096863,0
2602,CPEC_LANDSLIDE_0492,1,landslide,75_38,2,75.10028250145972,38.75669150242282,"Kashgar (Xinjiang, China)",conventional_alphaearth_embeddings,Conventional + AlphaEarth Embeddings,0.8138924232759991,0.30586012648229505,1
2603,RMC_01_00424,0,non_landslide,74_36,2,74.98125387135131,36.85450742510852,raster-matched control,conventional_alphaearth_embeddings,Conventional + AlphaEarth Embeddings,0.10299991192154853,0.30586012648229505,0
2604,RMC_01_00999,0,non_landslide,68_27,3,68.92436306817544,27.195372332613367,raster-matched control,conventional_alphaearth_embeddings,Conventional + AlphaEarth Embeddings,0.14751508964113244,0.3410028221468021,0
2605,CPEC_ROCKFALL_0881,1,rockfall,75_38,2,75.04413796009577,38.43778997238354,"Kashgar (Xinjiang, China)",conventional_alphaearth_embeddings,Conventional + AlphaEarth Embeddings,0.9695387398301826,0.30586012648229505,1
2606,RMC_01_00049,0,non_landslide,64_26,2,64.03303634614464,26.694561561716736,raster-matched control,conventional_alphaearth_embeddings,Conventional + AlphaEarth Embeddings,0.13495959013302758,0.30586012648229505,0
2607,RMC_01_00961,0,non_landslide,75_36,3,75.40346205488748,36.82531217837464,raster-matched control,conventional_alphaearth_embeddings,Conventional + AlphaEarth Embeddings,0.3274706989696257,0.3410028221468021,0
2608,CPEC_ROCKFALL_0719,1,rockfall,72_34,1,72.81407017765063,34.01583323071286,KP-AJK,conventional_alphaearth_embeddings,Conventional + AlphaEarth Embeddings,0.8813858542756188,0.41913377540096863,1
2609,CPEC_LANDSLIDE_0223,1,landslide,74_35,5,74.41756291646978,35.86411278096197,Gilgit-Baltistan,conventional_alphaearth_embeddings,Conventional + AlphaEarth Embeddings,0.9089177376399266,0.3251687994310354,1
2610,RMC_01_00074,0,non_landslide,66_29,5,66.81781372691516,29.60061150584339,raster-matched control,conventional_alphaearth_embeddings,Conventional + AlphaEarth Embeddings,0.9497896594119255,0.3251687994310354,1
2611,RMC_01_01345,0,non_landslide,75_37,5,75.23502793911507,37.85837475511209,raster-matched control,conventional_alphaearth_embeddings,Conventional + AlphaEarth Embeddings,0.9370677747819736,0.3251687994310354,1
2612,RMC_01_00936,0,non_landslide,78_40,4,78.06696687230186,40.69480526471948,raster-matched control,conventional_alphaearth_embeddings,Conventional + AlphaEarth Embeddings,0.07159232032281197,0.42499994627304916,0
2613,CPEC_ROCKFALL_0069,1,rockfall,63_26,1,63.96566192044742,26.07697011088626,Balochistan,conventional_alphaearth_embeddings,Conventional + AlphaEarth Embeddings,0.9843000566189568,0.41913377540096863,1
2614,RMC_01_01040,0,non_landslide,65_26,3,65.71962329207905,26.3846427886955,raster-matched control,conventional_alphaearth_embeddings,Conventional + AlphaEarth Embeddings,0.1579818874208753,0.3410028221468021,0
2615,CPEC_LANDSLIDE_0924,1,landslide,76_35,2,76.15131045616111,35.1858879698339,Gilgit-Baltistan,conventional_alphaearth_embeddings,Conventional + AlphaEarth Embeddings,0.9687203706789607,0.30586012648229505,1
2616,RMC_01_00209,0,non_landslide,65_27,5,65.90826950174414,27.71190362098209,raster-matched control,conventional_alphaearth_embeddings,Conventional + AlphaEarth Embeddings,0.0923862662152252,0.3251687994310354,0
2617,CPEC_LANDSLIDE_0729,1,landslide,69_30,5,69.12199247371115,30.923379763632344,Balochistan,conventional_alphaearth_embeddings,Conventional + AlphaEarth Embeddings,0.9742240040134502,0.3251687994310354,1
2618,RMC_01_01064,0,non_landslide,66_28,3,66.31700295601853,28.19474808619633,raster-matched control,conventional_alphaearth_embeddings,Conventional + AlphaEarth Embeddings,0.7457958892523349,0.3410028221468021,1
2619,RMC_01_00516,0,non_landslide,74_36,2,74.32548371394407,36.23691566727635,raster-matched control,conventional_alphaearth_embeddings,Conventional + AlphaEarth Embeddings,0.043797201511000576,0.30586012648229505,0
2620,RMC_01_00667,0,non_landslide,69_30,5,69.32186758139832,30.48096048428052,raster-matched control,conventional_alphaearth_embeddings,Conventional + AlphaEarth Embeddings,0.14574100562984393,0.3251687994310354,0
2621,CPEC_ROCKFALL_0583,1,rockfall,67_29,1,67.21756392299704,29.45463659954728,Balochistan,conventional_alphaearth_embeddings,Conventional + AlphaEarth Embeddings,0.978418607515353,0.41913377540096863,1
2622,RMC_01_00549,0,non_landslide,75_38,2,75.04189015302939,38.47821230115456,raster-matched control,conventional_alphaearth_embeddings,Conventional + AlphaEarth Embeddings,0.22013191994527156,0.30586012648229505,0
2623,RMC_01_00108,0,non_landslide,76_37,1,76.49042354867211,37.92350261321076,raster-matched control,conventional_alphaearth_embeddings,Conventional + AlphaEarth Embeddings,0.09722896750852371,0.41913377540096863,0
2624,CPEC_ROCKFALL_0806,1,rockfall,75_35,1,75.3563017884433,35.491314096489674,Gilgit-Baltistan,conventional_alphaearth_embeddings,Conventional + AlphaEarth Embeddings,0.9408206195293846,0.41913377540096863,1
2625,CPEC_LANDSLIDE_1010,1,landslide,74_35,5,74.68481021990594,35.55194895261443,Gilgit-Baltistan,conventional_alphaearth_embeddings,Conventional + AlphaEarth Embeddings,0.53477483526412,0.3251687994310354,1
2626,RMC_01_00937,0,non_landslide,75_35,1,75.33833419678882,35.84165694226376,raster-matched control,conventional_alphaearth_embeddings,Conventional + AlphaEarth Embeddings,0.44440022414050806,0.41913377540096863,1
2627,CPEC_LANDSLIDE_0767,1,landslide,72_34,1,72.80733247595887,34.03155156192625,KP-AJK,conventional_alphaearth_embeddings,Conventional + AlphaEarth Embeddings,0.9835317061703126,0.41913377540096863,1
2628,CPEC_ROCKFALL_0630,1,rockfall,67_30,3,67.19735081792177,30.27659161493106,Balochistan,conventional_alphaearth_embeddings,Conventional + AlphaEarth Embeddings,0.9755338919798661,0.3410028221468021,1
2629,CPEC_LANDSLIDE_0687,1,landslide,66_27,1,66.28556275271528,27.123507750826843,Balochistan,conventional_alphaearth_embeddings,Conventional + AlphaEarth Embeddings,0.9653728801254774,0.41913377540096863,1
2630,RMC_01_00906,0,non_landslide,66_28,3,66.21145091013449,28.444030577539504,raster-matched control,conventional_alphaearth_embeddings,Conventional + AlphaEarth Embeddings,0.06215277535628926,0.3410028221468021,0
2631,RMC_01_01026,0,non_landslide,67_29,1,67.31413292139119,29.47260157785636,raster-matched control,conventional_alphaearth_embeddings,Conventional + AlphaEarth Embeddings,0.1744817529315109,0.41913377540096863,0
2632,CPEC_LANDSLIDE_0070,1,landslide,75_36,3,75.23951793185356,36.85001556477779,Gilgit-Baltistan,conventional_alphaearth_embeddings,Conventional + AlphaEarth Embeddings,0.4227395532377273,0.3410028221468021,1
2633,CPEC_ROCKFALL_0384,1,rockfall,66_27,1,66.93459382924642,27.69842856784973,Balochistan,conventional_alphaearth_embeddings,Conventional + AlphaEarth Embeddings,0.8704547236443089,0.41913377540096863,1
2634,CPEC_LANDSLIDE_0015,1,landslide,74_39,3,74.60845257346674,39.300171197917855,"Kashgar (Xinjiang, China)",conventional_alphaearth_embeddings,Conventional + AlphaEarth Embeddings,0.5098816435953538,0.3410028221468021,1
2635,CPEC_ROCKFALL_0011,1,rockfall,75_37,5,75.85037464426617,37.8628646962596,"Kashgar (Xinjiang, China)",conventional_alphaearth_embeddings,Conventional + AlphaEarth Embeddings,0.8718026341195032,0.3251687994310354,1
2636,CPEC_ROCKFALL_0299,1,rockfall,66_27,1,66.48543749833493,27.579401783430097,Balochistan,conventional_alphaearth_embeddings,Conventional + AlphaEarth Embeddings,0.9755014994628657,0.41913377540096863,1
2637,RMC_01_01169,0,non_landslide,73_35,4,73.20034382058437,35.41271139409669,raster-matched control,conventional_alphaearth_embeddings,Conventional + AlphaEarth Embeddings,0.11510311311455669,0.42499994627304916,0
2638,CPEC_LANDSLIDE_0251,1,landslide,74_35,5,74.28730365649652,35.41944676481128,Gilgit-Baltistan,conventional_alphaearth_embeddings,Conventional + AlphaEarth Embeddings,0.9893308125027989,0.3251687994310354,1
2639,RMC_01_00056,0,non_landslide,63_26,1,63.91400957099881,26.564305845519407,raster-matched control,conventional_alphaearth_embeddings,Conventional + AlphaEarth Embeddings,0.2311427238863092,0.41913377540096863,0
2640,RMC_01_00686,0,non_landslide,73_34,2,73.39348160667006,34.46049719293,raster-matched control,conventional_alphaearth_embeddings,Conventional + AlphaEarth Embeddings,0.10915356076965885,0.30586012648229505,0
2641,RMC_01_00431,0,non_landslide,74_36,2,74.8195571202098,36.760184320275975,raster-matched control,conventional_alphaearth_embeddings,Conventional + AlphaEarth Embeddings,0.15903027701823724,0.30586012648229505,0
2642,CPEC_ROCKFALL_0402,1,rockfall,67_25,3,67.92498692782308,25.879338293096488,Punjab-Sindh lowland corridor,conventional_alphaearth_embeddings,Conventional + AlphaEarth Embeddings,0.9818497885690944,0.3410028221468021,1
2643,CPEC_LANDSLIDE_0569,1,landslide,75_38,2,75.51575032391243,38.9610565628033,"Kashgar (Xinjiang, China)",conventional_alphaearth_embeddings,Conventional + AlphaEarth Embeddings,0.9858932004605057,0.30586012648229505,1
2644,RMC_01_00302,0,non_landslide,67_29,1,67.4893044017945,29.5736620473198,raster-matched control,conventional_alphaearth_embeddings,Conventional + AlphaEarth Embeddings,0.0858134895741161,0.41913377540096863,0
2645,RMC_01_00307,0,non_landslide,70_32,5,70.09441872574112,32.140597971691335,raster-matched control,conventional_alphaearth_embeddings,Conventional + AlphaEarth Embeddings,0.15243214330473057,0.3251687994310354,0
2646,CPEC_LANDSLIDE_0461,1,landslide,75_38,2,75.01493976639782,38.72749330872486,"Kashgar (Xinjiang, China)",conventional_alphaearth_embeddings,Conventional + AlphaEarth Embeddings,0.9880713632351611,0.30586012648229505,1
2647,CPEC_ROCKFALL_0277,1,rockfall,66_27,1,66.28331536578433,27.12350775082685,Balochistan,conventional_alphaearth_embeddings,Conventional + AlphaEarth Embeddings,0.9666948955485993,0.41913377540096863,1
2648,CPEC_LANDSLIDE_0281,1,landslide,73_35,4,73.49005206094881,35.52724553277834,KP-AJK,conventional_alphaearth_embeddings,Conventional + AlphaEarth Embeddings,0.9661454856971601,0.42499994627304916,1
2649,CPEC_ROCKFALL_0521,1,rockfall,67_29,1,67.8890554915344,29.68370507976385,Balochistan,conventional_alphaearth_embeddings,Conventional + AlphaEarth Embeddings,0.9903893587674432,0.41913377540096863,1
2650,CPEC_LANDSLIDE_0764,1,landslide,72_34,1,72.80508508902794,34.03155156192625,KP-AJK,conventional_alphaearth_embeddings,Conventional + AlphaEarth Embeddings,0.9478524819295157,0.41913377540096863,1
2651,RMC_01_00886,0,non_landslide,75_38,2,75.48206464224795,38.88469996721864,raster-matched control,conventional_alphaearth_embeddings,Conventional + AlphaEarth Embeddings,0.12219513431292903,0.30586012648229505,0
2652,RMC_01_00502,0,non_landslide,73_35,4,73.41818527698335,35.50029713429834,raster-matched control,conventional_alphaearth_embeddings,Conventional + AlphaEarth Embeddings,0.06314596239964589,0.42499994627304916,0
2653,RMC_01_01106,0,non_landslide,67_30,3,67.80596053944663,30.736980340254583,raster-matched control,conventional_alphaearth_embeddings,Conventional + AlphaEarth Embeddings,0.1194298454503418,0.3410028221468021,0
2654,RMC_01_00402,0,non_landslide,73_35,4,73.89653816577699,35.38576193557311,raster-matched control,conventional_alphaearth_embeddings,Conventional + AlphaEarth Embeddings,0.06074232865116586,0.42499994627304916,0
2655,RMC_01_01253,0,non_landslide,69_31,2,69.79797468198167,31.39499628587213,raster-matched control,conventional_alphaearth_embeddings,Conventional + AlphaEarth Embeddings,0.07232965839302444,0.30586012648229505,0
2656,RMC_01_00759,0,non_landslide,74_36,2,74.75667505032143,36.32674719568831,raster-matched control,conventional_alphaearth_embeddings,Conventional + AlphaEarth Embeddings,0.08804324956118191,0.30586012648229505,0
2657,RMC_01_00316,0,non_landslide,64_26,2,64.05774001645793,26.11065662703905,raster-matched control,conventional_alphaearth_embeddings,Conventional + AlphaEarth Embeddings,0.09446703924980737,0.30586012648229505,0
2658,CPEC_LANDSLIDE_0747,1,landslide,70_29,4,70.09666278197334,29.95769008489178,Punjab-Sindh lowland corridor,conventional_alphaearth_embeddings,Conventional + AlphaEarth Embeddings,0.9809015217136998,0.42499994627304916,1
2659,CPEC_LANDSLIDE_0596,1,landslide,67_28,4,67.41070096692495,28.039790589895222,Balochistan,conventional_alphaearth_embeddings,Conventional + AlphaEarth Embeddings,0.9726162251058661,0.42499994627304916,1
2660,CPEC_ROCKFALL_0610,1,rockfall,67_30,3,67.26921814960016,30.0722265545506,Balochistan,conventional_alphaearth_embeddings,Conventional + AlphaEarth Embeddings,0.9531902081363427,0.3410028221468021,1
2661,RMC_01_01376,0,non_landslide,78_39,2,78.27357938764936,39.93348306142818,raster-matched control,conventional_alphaearth_embeddings,Conventional + AlphaEarth Embeddings,0.10642119717869235,0.30586012648229505,0
2662,RMC_01_00854,0,non_landslide,73_36,1,73.37551530098767,36.24365303190725,raster-matched control,conventional_alphaearth_embeddings,Conventional + AlphaEarth Embeddings,0.10323291890557892,0.41913377540096863,0
2663,RMC_01_01358,0,non_landslide,65_26,3,65.37377190769303,26.72375680845062,raster-matched control,conventional_alphaearth_embeddings,Conventional + AlphaEarth Embeddings,0.08651757728959526,0.3410028221468021,0
2664,CPEC_LANDSLIDE_0956,1,landslide,75_35,1,75.36752980489588,35.47559130617523,Gilgit-Baltistan,conventional_alphaearth_embeddings,Conventional + AlphaEarth Embeddings,0.9805515505120478,0.41913377540096863,1
2665,CPEC_ROCKFALL_0212,1,rockfall,65_26,3,65.6769534272336,26.27684485650592,Balochistan,conventional_alphaearth_embeddings,Conventional + AlphaEarth Embeddings,0.9843343752669684,0.3410028221468021,1
2666,CPEC_LANDSLIDE_0026,1,landslide,76_38,3,76.045759075125,38.52761856310519,"Kashgar (Xinjiang, China)",conventional_alphaearth_embeddings,Conventional + AlphaEarth Embeddings,0.9178814374828744,0.3410028221468021,1
2667,RMC_01_01494,0,non_landslide,74_35,5,74.53434201750186,35.47110188756446,raster-matched control,conventional_alphaearth_embeddings,Conventional + AlphaEarth Embeddings,0.026187295329271627,0.3251687994310354,0
2668,CPEC_ROCKFALL_0552,1,rockfall,67_29,1,67.69367106067557,29.587138787350423,Balochistan,conventional_alphaearth_embeddings,Conventional + AlphaEarth Embeddings,0.9847551472816494,0.41913377540096863,1
2669,RMC_01_00367,0,non_landslide,75_39,4,75.08006855260446,39.60110640630396,raster-matched control,conventional_alphaearth_embeddings,Conventional + AlphaEarth Embeddings,0.06805879552117304,0.42499994627304916,0
2670,RMC_01_01079,0,non_landslide,67_27,2,67.17713984056297,27.682708374248207,raster-matched control,conventional_alphaearth_embeddings,Conventional + AlphaEarth Embeddings,0.10046022853265142,0.30586012648229505,0
2671,CPEC_ROCKFALL_0555,1,rockfall,67_29,1,67.69367106067557,29.58938171518032,Balochistan,conventional_alphaearth_embeddings,Conventional + AlphaEarth Embeddings,0.9638113022091943,0.41913377540096863,1
2672,RMC_01_00812,0,non_landslide,67_26,5,67.05811306541713,26.91689459453632,raster-matched control,conventional_alphaearth_embeddings,Conventional + AlphaEarth Embeddings,0.06932114935664152,0.3251687994310354,0
2673,RMC_01_01466,0,non_landslide,69_30,5,69.13097558352293,30.936855490971176,raster-matched control,conventional_alphaearth_embeddings,Conventional + AlphaEarth Embeddings,0.09686995758844796,0.3251687994310354,0
2674,RMC_01_00975,0,non_landslide,75_36,3,75.06210224692207,36.86573636616002,raster-matched control,conventional_alphaearth_embeddings,Conventional + AlphaEarth Embeddings,0.4150755624551027,0.3410028221468021,1
2675,RMC_01_01401,0,non_landslide,77_40,3,77.57738504245673,40.78463679313143,raster-matched control,conventional_alphaearth_embeddings,Conventional + AlphaEarth Embeddings,0.13025971262170138,0.3410028221468021,0
2676,RMC_01_00190,0,non_landslide,69_32,4,69.76653364703749,32.22593792368269,raster-matched control,conventional_alphaearth_embeddings,Conventional + AlphaEarth Embeddings,0.05808820044334372,0.42499994627304916,0
2677,CPEC_LANDSLIDE_0732,1,landslide,69_30,5,69.12423986064208,30.923379763632337,Balochistan,conventional_alphaearth_embeddings,Conventional + AlphaEarth Embeddings,0.972247941532915,0.3251687994310354,1
2678,RMC_01_00047,0,non_landslide,65_28,2,65.0571157700409,28.92013767812285,raster-matched control,conventional_alphaearth_embeddings,Conventional + AlphaEarth Embeddings,0.14560782760748878,0.30586012648229505,0
2679,CPEC_LANDSLIDE_0351,1,landslide,75_37,5,75.2799441420041,37.88307780133486,"Kashgar (Xinjiang, China)",conventional_alphaearth_embeddings,Conventional + AlphaEarth Embeddings,0.9608676035824297,0.3251687994310354,1
2680,CPEC_LANDSLIDE_0117,1,landslide,74_36,2,74.84875352923693,36.76692021664684,Gilgit-Baltistan,conventional_alphaearth_embeddings,Conventional + AlphaEarth Embeddings,0.9791865632247508,0.30586012648229505,1
2681,CPEC_ROCKFALL_0543,1,rockfall,67_29,1,67.93172462951483,29.703918184839125,Balochistan,conventional_alphaearth_embeddings,Conventional + AlphaEarth Embeddings,0.8120510409607516,0.41913377540096863,1
2682,CPEC_LANDSLIDE_0881,1,landslide,73_34,2,73.48555728708695,34.38638452825421,KP-AJK,conventional_alphaearth_embeddings,Conventional + AlphaEarth Embeddings,0.541962046465719,0.30586012648229505,1
2683,CPEC_LANDSLIDE_0201,1,landslide,74_36,2,74.27832302697487,36.16954336671879,Gilgit-Baltistan,conventional_alphaearth_embeddings,Conventional + AlphaEarth Embeddings,0.93501488548311,0.30586012648229505,1
2684,CPEC_ROCKFALL_0274,1,rockfall,66_27,1,66.28331536578433,27.089819242368065,Balochistan,conventional_alphaearth_embeddings,Conventional + AlphaEarth Embeddings,0.9831159287593052,0.41913377540096863,1
2685,CPEC_LANDSLIDE_0199,1,landslide,74_36,2,74.29179843035838,36.18750908486312,Gilgit-Baltistan,conventional_alphaearth_embeddings,Conventional + AlphaEarth Embeddings,0.9649804683030836,0.30586012648229505,1
2686,CPEC_LANDSLIDE_0452,1,landslide,74_38,1,74.97227062841739,38.64215503276401,"Kashgar (Xinjiang, China)",conventional_alphaearth_embeddings,Conventional + AlphaEarth Embeddings,0.9815840513903878,0.41913377540096863,1
2687,CPEC_LANDSLIDE_0044,1,landslide,75_35,1,75.12947623605662,35.60360317921754,Gilgit-Baltistan,conventional_alphaearth_embeddings,Conventional + AlphaEarth Embeddings,0.975442077821458,0.41913377540096863,1
2688,CPEC_LANDSLIDE_0992,1,landslide,75_35,1,75.86609297547956,35.24203251119783,Gilgit-Baltistan,conventional_alphaearth_embeddings,Conventional + AlphaEarth Embeddings,0.8860979453538375,0.41913377540096863,1
2689,RMC_01_00679,0,non_landslide,73_34,2,73.52149153465709,34.357190935256256,raster-matched control,conventional_alphaearth_embeddings,Conventional + AlphaEarth Embeddings,0.10291921514490507,0.30586012648229505,0
2690,CPEC_LANDSLIDE_0731,1,landslide,69_30,5,69.12423986064208,30.923379763632337,Balochistan,conventional_alphaearth_embeddings,Conventional + AlphaEarth Embeddings,0.972247941532915,0.3251687994310354,1
2691,CPEC_ROCKFALL_0376,1,rockfall,66_27,1,66.9929857575413,27.965675871285907,Balochistan,conventional_alphaearth_embeddings,Conventional + AlphaEarth Embeddings,0.5935267426643382,0.41913377540096863,1
2692,CPEC_LANDSLIDE_1012,1,landslide,74_35,5,74.69379084942759,35.55194895261443,Gilgit-Baltistan,conventional_alphaearth_embeddings,Conventional + AlphaEarth Embeddings,0.9769798257510809,0.3251687994310354,1
2693,CPEC_ROCKFALL_0223,1,rockfall,65_26,3,65.70614716183051,26.30828597803377,Balochistan,conventional_alphaearth_embeddings,Conventional + AlphaEarth Embeddings,0.9453203542321073,0.3410028221468021,1
2694,CPEC_ROCKFALL_0371,1,rockfall,66_27,1,66.98175774108873,27.947710153141564,Balochistan,conventional_alphaearth_embeddings,Conventional + AlphaEarth Embeddings,0.9867717811246735,0.41913377540096863,1
2695,RMC_01_00247,0,non_landslide,66_26,4,66.57526860020289,26.595746880463587,raster-matched control,conventional_alphaearth_embeddings,Conventional + AlphaEarth Embeddings,0.09958584793030151,0.42499994627304916,0
2696,CPEC_LANDSLIDE_0414,1,landslide,75_38,2,75.01493976639782,38.55007905511141,"Kashgar (Xinjiang, China)",conventional_alphaearth_embeddings,Conventional + AlphaEarth Embeddings,0.9852179597272852,0.30586012648229505,1
2697,RMC_01_00781,0,non_landslide,65_25,1,65.8296669143837,25.87260307674737,raster-matched control,conventional_alphaearth_embeddings,Conventional + AlphaEarth Embeddings,0.2454936639969513,0.41913377540096863,0
2698,CPEC_LANDSLIDE_0302,1,landslide,73_35,4,73.0431386578672,35.1477091466143,KP-AJK,conventional_alphaearth_embeddings,Conventional + AlphaEarth Embeddings,0.5281499205591492,0.42499994627304916,1
2699,RMC_01_00520,0,non_landslide,74_36,2,74.30302583184107,36.176279385598285,raster-matched control,conventional_alphaearth_embeddings,Conventional + AlphaEarth Embeddings,0.0739006643971422,0.30586012648229505,0
2700,CPEC_ROCKFALL_0018,1,rockfall,76_37,1,76.19846990890237,37.77977380722969,"Kashgar (Xinjiang, China)",conventional_alphaearth_embeddings,Conventional + AlphaEarth Embeddings,0.7879834619030673,0.41913377540096863,1
2701,RMC_01_00962,0,non_landslide,75_36,3,75.1856205984885,36.856753213318825,raster-matched control,conventional_alphaearth_embeddings,Conventional + AlphaEarth Embeddings,0.0683566412737789,0.3410028221468021,0
2702,RMC_01_01299,0,non_landslide,71_34,5,71.21506704268022,34.09218792644099,raster-matched control,conventional_alphaearth_embeddings,Conventional + AlphaEarth Embeddings,0.11683246639184094,0.3251687994310354,0
2703,RMC_01_00277,0,non_landslide,69_28,1,69.12872979531264,28.86399297286538,raster-matched control,conventional_alphaearth_embeddings,Conventional + AlphaEarth Embeddings,0.2629416743187123,0.41913377540096863,0
2704,CPEC_ROCKFALL_0790,1,rockfall,76_35,2,76.13334473801679,35.19262567152566,Gilgit-Baltistan,conventional_alphaearth_embeddings,Conventional + AlphaEarth Embeddings,0.9271128034261887,0.30586012648229505,1
2705,CPEC_LANDSLIDE_0040,1,landslide,75_37,5,75.89753409700741,37.82693325997093,"Kashgar (Xinjiang, China)",conventional_alphaearth_embeddings,Conventional + AlphaEarth Embeddings,0.590312119643057,0.3251687994310354,1
2706,CPEC_ROCKFALL_0607,1,rockfall,66_29,5,66.94357891786912,29.836420372642262,Balochistan,conventional_alphaearth_embeddings,Conventional + AlphaEarth Embeddings,0.9824277050993088,0.3251687994310354,1
2707,RMC_01_00024,0,non_landslide,74_39,3,74.17277011564374,39.77178631028667,raster-matched control,conventional_alphaearth_embeddings,Conventional + AlphaEarth Embeddings,0.138846761761976,0.3410028221468021,0
2708,CPEC_LANDSLIDE_0306,1,landslide,72_35,3,72.99822213295585,35.078089201866845,KP-AJK,conventional_alphaearth_embeddings,Conventional + AlphaEarth Embeddings,0.11091221110902404,0.3410028221468021,0
2709,CPEC_LANDSLIDE_0690,1,landslide,66_27,1,66.46522439325966,27.563683452216708,Balochistan,conventional_alphaearth_embeddings,Conventional + AlphaEarth Embeddings,0.9817061660052102,0.41913377540096863,1
2710,CPEC_LANDSLIDE_1011,1,landslide,74_35,5,74.68930053466677,35.55194895261443,Gilgit-Baltistan,conventional_alphaearth_embeddings,Conventional + AlphaEarth Embeddings,0.9826112782354289,0.3251687994310354,1
2711,RMC_01_00696,0,non_landslide,73_33,5,73.4967878643438,33.95744063382307,raster-matched control,conventional_alphaearth_embeddings,Conventional + AlphaEarth Embeddings,0.12098128479866595,0.3251687994310354,0
2712,CPEC_LANDSLIDE_0545,1,landslide,75_38,2,75.38100520827939,38.81283604378676,"Kashgar (Xinjiang, China)",conventional_alphaearth_embeddings,Conventional + AlphaEarth Embeddings,0.9804816775645279,0.30586012648229505,1
2713,CPEC_ROCKFALL_0226,1,rockfall,65_26,3,65.7016568470697,26.303795663272943,Balochistan,conventional_alphaearth_embeddings,Conventional + AlphaEarth Embeddings,0.9807864485568176,0.3410028221468021,1
2714,CPEC_LANDSLIDE_0742,1,landslide,70_29,4,70.02479990939601,29.95319977013096,Punjab-Sindh lowland corridor,conventional_alphaearth_embeddings,Conventional + AlphaEarth Embeddings,0.9865348675216928,0.42499994627304916,1
2715,CPEC_LANDSLIDE_1036,1,landslide,75_35,1,75.60558337373514,35.14097144492253,Gilgit-Baltistan,conventional_alphaearth_embeddings,Conventional + AlphaEarth Embeddings,0.8987918554148362,0.41913377540096863,1
2716,CPEC_ROCKFALL_0958,1,rockfall,75_38,2,75.51126000915161,38.95656624804248,"Kashgar (Xinjiang, China)",conventional_alphaearth_embeddings,Conventional + AlphaEarth Embeddings,0.9696451925896474,0.30586012648229505,1
2717,CPEC_LANDSLIDE_0236,1,landslide,74_36,2,74.30751676157178,36.299798167591,Gilgit-Baltistan,conventional_alphaearth_embeddings,Conventional + AlphaEarth Embeddings,0.961480983124147,0.30586012648229505,1
2718,RMC_01_00509,0,non_landslide,73_35,4,73.60458569843814,35.538475533873424,raster-matched control,conventional_alphaearth_embeddings,Conventional + AlphaEarth Embeddings,0.1632831344018619,0.42499994627304916,0
2719,CPEC_LANDSLIDE_0158,1,landslide,74_36,2,74.69828562328946,36.30428848235182,Gilgit-Baltistan,conventional_alphaearth_embeddings,Conventional + AlphaEarth Embeddings,0.8225113519214703,0.30586012648229505,1
2720,RMC_01_00171,0,non_landslide,63_26,1,63.94769639415329,26.32176071880713,raster-matched control,conventional_alphaearth_embeddings,Conventional + AlphaEarth Embeddings,0.1153208852991083,0.41913377540096863,0
2721,RMC_01_00176,0,non_landslide,65_29,4,65.97115157163252,29.367049531972317,raster-matched control,conventional_alphaearth_embeddings,Conventional + AlphaEarth Embeddings,0.06244978676193135,0.42499994627304916,0
2722,RMC_01_01178,0,non_landslide,67_28,4,67.41519339085464,28.94708713664644,raster-matched control,conventional_alphaearth_embeddings,Conventional + AlphaEarth Embeddings,0.8783729017647851,0.42499994627304916,1
2723,RMC_01_01195,0,non_landslide,68_29,2,68.4527475440127,29.04814760610988,raster-matched control,conventional_alphaearth_embeddings,Conventional + AlphaEarth Embeddings,0.1434025810188175,0.30586012648229505,0
2724,RMC_01_00062,0,non_landslide,66_27,1,66.28780770928465,27.127998686304405,raster-matched control,conventional_alphaearth_embeddings,Conventional + AlphaEarth Embeddings,0.10533860232150526,0.41913377540096863,0
2725,CPEC_ROCKFALL_0074,1,rockfall,63_26,1,63.95892421875566,26.07697011088626,Balochistan,conventional_alphaearth_embeddings,Conventional + AlphaEarth Embeddings,0.8222974494729627,0.41913377540096863,1
2726,RMC_01_01251,0,non_landslide,77_39,1,77.99959322599291,39.93797463784878,raster-matched control,conventional_alphaearth_embeddings,Conventional + AlphaEarth Embeddings,0.26920431355718294,0.41913377540096863,0
2727,RMC_01_00363,0,non_landslide,72_33,4,72.86572137724984,33.50603720355301,raster-matched control,conventional_alphaearth_embeddings,Conventional + AlphaEarth Embeddings,0.05455243833593527,0.42499994627304916,0
2728,CPEC_ROCKFALL_0089,1,rockfall,65_27,5,65.64326491877482,27.13922608204024,Balochistan,conventional_alphaearth_embeddings,Conventional + AlphaEarth Embeddings,0.9840087923525678,0.3251687994310354,1
2729,RMC_01_01366,0,non_landslide,66_26,4,66.96154417237429,26.60922160972538,raster-matched control,conventional_alphaearth_embeddings,Conventional + AlphaEarth Embeddings,0.08572917868625587,0.42499994627304916,0
2730,CPEC_LANDSLIDE_0002,1,landslide,73_35,4,73.20034426550644,35.29592966563084,KP-AJK,conventional_alphaearth_embeddings,Conventional + AlphaEarth Embeddings,0.9808343905895365,0.42499994627304916,1
2731,CPEC_LANDSLIDE_0672,1,landslide,66_25,2,66.05648981339765,25.495311592171618,Balochistan,conventional_alphaearth_embeddings,Conventional + AlphaEarth Embeddings,0.5197501664194153,0.30586012648229505,1
2732,CPEC_LANDSLIDE_0976,1,landslide,75_35,1,75.80321073242386,35.338598803611255,Gilgit-Baltistan,conventional_alphaearth_embeddings,Conventional + AlphaEarth Embeddings,0.132587686019811,0.41913377540096863,0
2733,RMC_01_00368,0,non_landslide,66_27,1,66.42929236653347,27.105540804201414,raster-matched control,conventional_alphaearth_embeddings,Conventional + AlphaEarth Embeddings,0.08211155659242646,0.41913377540096863,0
2734,RMC_01_00512,0,non_landslide,74_36,2,74.31425477289257,36.20996620875277,raster-matched control,conventional_alphaearth_embeddings,Conventional + AlphaEarth Embeddings,0.16096484245905815,0.30586012648229505,0
2735,RMC_01_00019,0,non_landslide,74_39,3,74.23340639732182,39.79199840417936,raster-matched control,conventional_alphaearth_embeddings,Conventional + AlphaEarth Embeddings,0.13265394578569925,0.3410028221468021,0
2736,CPEC_LANDSLIDE_0504,1,landslide,75_38,2,75.1878681643515,38.75669150242282,"Kashgar (Xinjiang, China)",conventional_alphaearth_embeddings,Conventional + AlphaEarth Embeddings,0.9770712334320684,0.30586012648229505,1
2737,RMC_01_00217,0,non_landslide,65_27,5,65.91051528995445,27.918516136329583,raster-matched control,conventional_alphaearth_embeddings,Conventional + AlphaEarth Embeddings,0.10983700160197511,0.3251687994310354,0
2738,CPEC_LANDSLIDE_0573,1,landslide,75_38,2,75.36977719182681,38.95656624804248,"Kashgar (Xinjiang, China)",conventional_alphaearth_embeddings,Conventional + AlphaEarth Embeddings,0.9344780329511606,0.30586012648229505,1
2739,RMC_01_01147,0,non_landslide,73_35,4,73.44064315908633,35.53173816924253,raster-matched control,conventional_alphaearth_embeddings,Conventional + AlphaEarth Embeddings,0.4835082555129441,0.42499994627304916,1
2740,CPEC_ROCKFALL_0373,1,rockfall,66_27,1,66.98400066891861,27.952204927003443,Balochistan,conventional_alphaearth_embeddings,Conventional + AlphaEarth Embeddings,0.28175492418957565,0.41913377540096863,0
2741,CPEC_ROCKFALL_0637,1,rockfall,68_29,2,68.08219253546231,29.94421914060932,Balochistan,conventional_alphaearth_embeddings,Conventional + AlphaEarth Embeddings,0.37686932258111877,0.30586012648229505,1
2742,RMC_01_00668,0,non_landslide,69_31,2,69.53297167316641,31.933985456343844,raster-matched control,conventional_alphaearth_embeddings,Conventional + AlphaEarth Embeddings,0.3264231994686472,0.30586012648229505,1
2743,RMC_01_01034,0,non_landslide,65_26,3,65.6185628226156,26.62494212719747,raster-matched control,conventional_alphaearth_embeddings,Conventional + AlphaEarth Embeddings,0.09904973229779888,0.3410028221468021,0
2744,CPEC_LANDSLIDE_0500,1,landslide,75_38,2,75.17663568879786,38.736478397347554,"Kashgar (Xinjiang, China)",conventional_alphaearth_embeddings,Conventional + AlphaEarth Embeddings,0.3194114422891538,0.30586012648229505,1
2745,CPEC_LANDSLIDE_0125,1,landslide,74_36,2,74.83752551278435,36.62319001239111,Gilgit-Baltistan,conventional_alphaearth_embeddings,Conventional + AlphaEarth Embeddings,0.9332128657104146,0.30586012648229505,1
2746,RMC_01_00175,0,non_landslide,65_29,4,65.97115157163252,29.36480374376201,raster-matched control,conventional_alphaearth_embeddings,Conventional + AlphaEarth Embeddings,0.06727260971303177,0.42499994627304916,0
2747,RMC_01_01377,0,non_landslide,70_32,5,70.11912239605441,32.34496469882853,raster-matched control,conventional_alphaearth_embeddings,Conventional + AlphaEarth Embeddings,0.0722286435120269,0.3251687994310354,0
2748,CPEC_LANDSLIDE_0502,1,landslide,75_38,2,75.18113046265974,38.74770641380013,"Kashgar (Xinjiang, China)",conventional_alphaearth_embeddings,Conventional + AlphaEarth Embeddings,0.9713871459961304,0.30586012648229505,1
2749,RMC_01_01221,0,non_landslide,70_31,3,70.24937811225173,31.931739668133545,raster-matched control,conventional_alphaearth_embeddings,Conventional + AlphaEarth Embeddings,0.09857466122750767,0.3410028221468021,0
2750,RMC_01_01234,0,non_landslide,70_32,5,70.02030771480125,32.13835218348103,raster-matched control,conventional_alphaearth_embeddings,Conventional + AlphaEarth Embeddings,0.09796048408050163,0.3251687994310354,0
2751,RMC_01_00775,0,non_landslide,75_38,2,75.15193377533402,38.74770688639042,raster-matched control,conventional_alphaearth_embeddings,Conventional + AlphaEarth Embeddings,0.23143219807697063,0.30586012648229505,0
2752,RMC_01_00470,0,non_landslide,74_36,2,74.73870874463904,36.29306037253382,raster-matched control,conventional_alphaearth_embeddings,Conventional + AlphaEarth Embeddings,0.08988498323539602,0.30586012648229505,0
2753,CPEC_ROCKFALL_0486,1,rockfall,68_29,2,68.68855447401305,29.40073498601324,Balochistan,conventional_alphaearth_embeddings,Conventional + AlphaEarth Embeddings,0.9741917005874202,0.30586012648229505,1
2754,CPEC_LANDSLIDE_0964,1,landslide,75_35,1,75.63253418050218,35.21283431749987,Gilgit-Baltistan,conventional_alphaearth_embeddings,Conventional + AlphaEarth Embeddings,0.7568307858340356,0.41913377540096863,1
2755,RMC_01_01131,0,non_landslide,73_35,4,73.21831012626676,35.25775200758608,raster-matched control,conventional_alphaearth_embeddings,Conventional + AlphaEarth Embeddings,0.12180957752159925,0.42499994627304916,0
2756,RMC_01_00460,0,non_landslide,74_35,5,74.28955110257928,35.994370540564084,raster-matched control,conventional_alphaearth_embeddings,Conventional + AlphaEarth Embeddings,0.1743998027299115,0.3251687994310354,0
2757,RMC_01_01266,0,non_landslide,74_35,5,74.6196819694932,35.51377186356014,raster-matched control,conventional_alphaearth_embeddings,Conventional + AlphaEarth Embeddings,0.033914270262069175,0.3251687994310354,0
2758,CPEC_ROCKFALL_0866,1,rockfall,73_35,4,73.59560344198493,35.53847354923092,KP-AJK,conventional_alphaearth_embeddings,Conventional + AlphaEarth Embeddings,0.9779743587437956,0.42499994627304916,1
2759,RMC_01_00387,0,non_landslide,77_37,2,77.45162090267999,37.638287510502806,raster-matched control,conventional_alphaearth_embeddings,Conventional + AlphaEarth Embeddings,0.24046933004844784,0.30586012648229505,0
2760,CPEC_ROCKFALL_0012,1,rockfall,75_37,5,75.98736714683012,37.840408663354445,"Kashgar (Xinjiang, China)",conventional_alphaearth_embeddings,Conventional + AlphaEarth Embeddings,0.279164685195753,0.3251687994310354,0
2761,CPEC_LANDSLIDE_0054,1,landslide,75_36,3,75.39448061166291,36.83654016139428,Gilgit-Baltistan,conventional_alphaearth_embeddings,Conventional + AlphaEarth Embeddings,0.9890566509037464,0.3410028221468021,1
2762,CPEC_LANDSLIDE_0361,1,landslide,75_37,5,75.51350739608255,37.83142357473175,"Kashgar (Xinjiang, China)",conventional_alphaearth_embeddings,Conventional + AlphaEarth Embeddings,0.9621961969059515,0.3251687994310354,1
2763,RMC_01_00989,0,non_landslide,75_36,3,75.37651259636391,36.83878690763643,raster-matched control,conventional_alphaearth_embeddings,Conventional + AlphaEarth Embeddings,0.06654020355222866,0.3410028221468021,0
2764,RMC_01_01215,0,non_landslide,68_29,2,68.63016481262629,29.14022492273213,raster-matched control,conventional_alphaearth_embeddings,Conventional + AlphaEarth Embeddings,0.060044801451285296,0.30586012648229505,0
2765,RMC_01_01502,0,non_landslide,74_35,5,74.54781674676364,35.47559346398506,raster-matched control,conventional_alphaearth_embeddings,Conventional + AlphaEarth Embeddings,0.025855225788478833,0.3251687994310354,0
2766,CPEC_LANDSLIDE_0353,1,landslide,75_37,5,75.30913787660101,37.86735947012148,"Kashgar (Xinjiang, China)",conventional_alphaearth_embeddings,Conventional + AlphaEarth Embeddings,0.9770160646844149,0.3251687994310354,1
2767,CPEC_ROCKFALL_0713,1,rockfall,71_33,3,71.3655356595398,33.44540272845079,KP-AJK,conventional_alphaearth_embeddings,Conventional + AlphaEarth Embeddings,0.9856155226304424,0.3410028221468021,1
2768,CPEC_LANDSLIDE_0123,1,landslide,74_36,2,74.71176102667297,36.73323616728911,Gilgit-Baltistan,conventional_alphaearth_embeddings,Conventional + AlphaEarth Embeddings,0.6701096022531223,0.30586012648229505,1
2769,CPEC_ROCKFALL_0575,1,rockfall,67_29,1,67.21981130992799,29.46586461599985,Balochistan,conventional_alphaearth_embeddings,Conventional + AlphaEarth Embeddings,0.9704799144578613,0.41913377540096863,1
2770,RMC_01_01185,0,non_landslide,70_31,3,70.01132456196007,31.42868310902661,raster-matched control,conventional_alphaearth_embeddings,Conventional + AlphaEarth Embeddings,0.10270827984905574,0.3410028221468021,0
2771,RMC_01_00419,0,non_landslide,74_36,2,74.84650657873338,36.74221801459358,raster-matched control,conventional_alphaearth_embeddings,Conventional + AlphaEarth Embeddings,0.09318194370809518,0.30586012648229505,0
2772,RMC_01_01074,0,non_landslide,64_25,5,64.56753394019576,25.83891625359289,raster-matched control,conventional_alphaearth_embeddings,Conventional + AlphaEarth Embeddings,0.24032694191667875,0.3251687994310354,0
2773,RMC_01_00214,0,non_landslide,66_27,1,66.5505649298896,27.66474206856582,raster-matched control,conventional_alphaearth_embeddings,Conventional + AlphaEarth Embeddings,0.19671520053406874,0.41913377540096863,0
2774,CPEC_LANDSLIDE_0075,1,landslide,75_36,3,75.15642704282365,36.87696637154482,Gilgit-Baltistan,conventional_alphaearth_embeddings,Conventional + AlphaEarth Embeddings,0.9792553609811183,0.3410028221468021,1
2775,RMC_01_00004,0,non_landslide,73_35,4,73.41593948877305,35.52949238103223,raster-matched control,conventional_alphaearth_embeddings,Conventional + AlphaEarth Embeddings,0.7092860663597491,0.42499994627304916,1
2776,CPEC_LANDSLIDE_0271,1,landslide,73_35,4,73.65848568504063,35.52275521801752,KP-AJK,conventional_alphaearth_embeddings,Conventional + AlphaEarth Embeddings,0.9682549376299152,0.42499994627304916,1
2777,RMC_01_00546,0,non_landslide,75_38,2,75.0171864827161,38.55456910030472,raster-matched control,conventional_alphaearth_embeddings,Conventional + AlphaEarth Embeddings,0.16550462571296046,0.30586012648229505,0
2778,RMC_01_01434,0,non_landslide,65_27,5,65.18287990981763,27.401984847960858,raster-matched control,conventional_alphaearth_embeddings,Conventional + AlphaEarth Embeddings,0.05869802061811381,0.3251687994310354,0
2779,RMC_01_00977,0,non_landslide,75_36,3,75.08905170544566,36.84327848405703,raster-matched control,conventional_alphaearth_embeddings,Conventional + AlphaEarth Embeddings,0.1000637533428094,0.3410028221468021,0
2780,RMC_01_00137,0,non_landslide,75_35,1,75.89978124936353,35.219573608011,raster-matched control,conventional_alphaearth_embeddings,Conventional + AlphaEarth Embeddings,0.11191164820971515,0.41913377540096863,0
2781,RMC_01_01451,0,non_landslide,66_29,5,66.70777010461052,29.44565211933277,raster-matched control,conventional_alphaearth_embeddings,Conventional + AlphaEarth Embeddings,0.08275131852851994,0.3251687994310354,0
2782,RMC_01_00827,0,non_landslide,67_30,3,67.94295362027486,30.02955705401046,raster-matched control,conventional_alphaearth_embeddings,Conventional + AlphaEarth Embeddings,0.09553212145030446,0.3410028221468021,0
2783,CPEC_ROCKFALL_0346,1,rockfall,66_27,1,66.36192039915449,27.7343600041384,Balochistan,conventional_alphaearth_embeddings,Conventional + AlphaEarth Embeddings,0.971696201402193,0.41913377540096863,1
2784,RMC_01_01118,0,non_landslide,71_33,3,71.17913443131545,33.40722252229986,raster-matched control,conventional_alphaearth_embeddings,Conventional + AlphaEarth Embeddings,0.42731550748713537,0.3410028221468021,1
2785,CPEC_LANDSLIDE_0998,1,landslide,75_35,1,75.91549981515173,35.2240667930535,Gilgit-Baltistan,conventional_alphaearth_embeddings,Conventional + AlphaEarth Embeddings,0.981628377071065,0.41913377540096863,1
2786,RMC_01_00982,0,non_landslide,73_35,4,73.00271445807806,35.11851313854755,raster-matched control,conventional_alphaearth_embeddings,Conventional + AlphaEarth Embeddings,0.08081128802679809,0.42499994627304916,0
2787,CPEC_ROCKFALL_0098,1,rockfall,65_27,5,65.73309796859755,27.2852036732269,Balochistan,conventional_alphaearth_embeddings,Conventional + AlphaEarth Embeddings,0.9920441752479603,0.3251687994310354,1
2788,CPEC_ROCKFALL_0361,1,rockfall,66_27,1,66.82230474651855,27.80397994888585,Balochistan,conventional_alphaearth_embeddings,Conventional + AlphaEarth Embeddings,0.9825820498904023,0.41913377540096863,1
2789,CPEC_ROCKFALL_0591,1,rockfall,67_29,1,67.41968605554764,29.611842207186527,Balochistan,conventional_alphaearth_embeddings,Conventional + AlphaEarth Embeddings,0.9832650482986969,0.41913377540096863,1
2790,CPEC_LANDSLIDE_0087,1,landslide,75_36,3,75.04413796009577,36.885947001066455,Gilgit-Baltistan,conventional_alphaearth_embeddings,Conventional + AlphaEarth Embeddings,0.8566415316613961,0.3410028221468021,1
2791,RMC_01_01277,0,non_landslide,74_35,5,74.76116662674204,35.76080856669301,raster-matched control,conventional_alphaearth_embeddings,Conventional + AlphaEarth Embeddings,0.917892768735028,0.3251687994310354,1
2792,RMC_01_01029,0,non_landslide,63_26,1,63.431165105784565,26.957318782321696,raster-matched control,conventional_alphaearth_embeddings,Conventional + AlphaEarth Embeddings,0.13247570259622132,0.41913377540096863,0
2793,RMC_01_00026,0,non_landslide,74_39,3,74.35692474888825,39.81221049807205,raster-matched control,conventional_alphaearth_embeddings,Conventional + AlphaEarth Embeddings,0.05905075524379168,0.3410028221468021,0
2794,CPEC_LANDSLIDE_0112,1,landslide,74_36,2,74.85099645706681,36.81408412848913,Gilgit-Baltistan,conventional_alphaearth_embeddings,Conventional + AlphaEarth Embeddings,0.7784886381708648,0.30586012648229505,1
2795,RMC_01_00374,0,non_landslide,66_28,3,66.9345947138507,28.738228833088648,raster-matched control,conventional_alphaearth_embeddings,Conventional + AlphaEarth Embeddings,0.03283704395561297,0.3410028221468021,0
2796,CPEC_LANDSLIDE_0041,1,landslide,75_35,1,75.13396655081745,35.60585056614848,Gilgit-Baltistan,conventional_alphaearth_embeddings,Conventional + AlphaEarth Embeddings,0.9628439978401735,0.41913377540096863,1
2797,RMC_01_00720,0,non_landslide,75_35,1,75.9446970135695,35.69568070859434,raster-matched control,conventional_alphaearth_embeddings,Conventional + AlphaEarth Embeddings,0.35765081442271857,0.41913377540096863,0
2798,RMC_01_00558,0,non_landslide,77_36,5,77.4650956319418,36.43454502978265,raster-matched control,conventional_alphaearth_embeddings,Conventional + AlphaEarth Embeddings,0.04301399175086482,0.3251687994310354,0
2799,CPEC_LANDSLIDE_0032,1,landslide,75_38,2,75.92448490377443,38.43554258545259,"Kashgar (Xinjiang, China)",conventional_alphaearth_embeddings,Conventional + AlphaEarth Embeddings,0.9776690797298098,0.30586012648229505,1
2800,RMC_01_00704,0,non_landslide,73_34,2,73.3261079603611,34.505412957135974,raster-matched control,conventional_alphaearth_embeddings,Conventional + AlphaEarth Embeddings,0.1137940830280291,0.30586012648229505,0
2801,CPEC_LANDSLIDE_0941,1,landslide,72_35,3,72.54008071342166,35.52500260494845,KP-AJK,conventional_alphaearth_embeddings,Conventional + AlphaEarth Embeddings,0.10204275285782087,0.3410028221468021,0
2802,CPEC_LANDSLIDE_0568,1,landslide,75_38,2,75.51126000915161,38.94982854635072,"Kashgar (Xinjiang, China)",conventional_alphaearth_embeddings,Conventional + AlphaEarth Embeddings,0.9799920140287925,0.30586012648229505,1
2803,RMC_01_00559,0,non_landslide,75_38,2,75.03066121197789,38.729740580708025,raster-matched control,conventional_alphaearth_embeddings,Conventional + AlphaEarth Embeddings,0.4067117760758477,0.30586012648229505,1
2804,CPEC_LANDSLIDE_0966,1,landslide,75_35,1,75.63028679357123,35.268978858863804,Gilgit-Baltistan,conventional_alphaearth_embeddings,Conventional + AlphaEarth Embeddings,0.7885360534321896,0.41913377540096863,1
2805,RMC_01_01260,0,non_landslide,73_35,4,73.93696235356236,35.48233082861596,raster-matched control,conventional_alphaearth_embeddings,Conventional + AlphaEarth Embeddings,0.11399389349332906,0.42499994627304916,0
2806,RMC_01_00633,0,non_landslide,77_37,2,77.13721055323816,37.364301348846354,raster-matched control,conventional_alphaearth_embeddings,Conventional + AlphaEarth Embeddings,0.1069222844396744,0.30586012648229505,0
2807,CPEC_LANDSLIDE_0471,1,landslide,75_38,2,75.06210367824012,38.75219672856095,"Kashgar (Xinjiang, China)",conventional_alphaearth_embeddings,Conventional + AlphaEarth Embeddings,0.16236530755933465,0.30586012648229505,0
2808,CPEC_LANDSLIDE_0715,1,landslide,67_29,1,67.93172462951483,29.706165571770057,Balochistan,conventional_alphaearth_embeddings,Conventional + AlphaEarth Embeddings,0.9825630991613713,0.41913377540096863,1
2809,CPEC_ROCKFALL_0301,1,rockfall,66_27,1,66.53709172493805,27.640036639554857,Balochistan,conventional_alphaearth_embeddings,Conventional + AlphaEarth Embeddings,0.9831160779257208,0.41913377540096863,1
2810,RMC_01_01257,0,non_landslide,72_33,4,72.86347558903954,33.82044755299484,raster-matched control,conventional_alphaearth_embeddings,Conventional + AlphaEarth Embeddings,0.0926923961581358,0.42499994627304916,0
2811,RMC_01_01307,0,non_landslide,74_35,5,74.6129446048623,35.727121743538525,raster-matched control,conventional_alphaearth_embeddings,Conventional + AlphaEarth Embeddings,0.06698040753224913,0.3251687994310354,0
2812,CPEC_LANDSLIDE_0221,1,landslide,74_35,5,74.35692360124396,35.88432588603723,Gilgit-Baltistan,conventional_alphaearth_embeddings,Conventional + AlphaEarth Embeddings,0.913435789020636,0.3251687994310354,1
2813,CPEC_LANDSLIDE_0269,1,landslide,73_35,4,73.82691930913244,35.48682378172885,Gilgit-Baltistan,conventional_alphaearth_embeddings,Conventional + AlphaEarth Embeddings,0.9595794633301995,0.42499994627304916,1
2814,CPEC_ROCKFALL_0467,1,rockfall,69_29,3,69.16241868386169,29.07060543952136,Balochistan,conventional_alphaearth_embeddings,Conventional + AlphaEarth Embeddings,0.975849487440158,0.3410028221468021,1
2815,CPEC_LANDSLIDE_0543,1,landslide,75_38,2,75.37875782134847,38.81283604378676,"Kashgar (Xinjiang, China)",conventional_alphaearth_embeddings,Conventional + AlphaEarth Embeddings,0.9740747594654041,0.30586012648229505,1
2816,RMC_01_01100,0,non_landslide,67_30,3,67.65998430577721,30.49443521354231,raster-matched control,conventional_alphaearth_embeddings,Conventional + AlphaEarth Embeddings,0.0492905662908758,0.3410028221468021,0
2817,CPEC_LANDSLIDE_0159,1,landslide,74_36,2,74.68705760683689,36.30653586928275,Gilgit-Baltistan,conventional_alphaearth_embeddings,Conventional + AlphaEarth Embeddings,0.8829615536147016,0.30586012648229505,1
2818,RMC_01_00644,0,non_landslide,73_35,4,73.3238621721508,35.49805134608805,raster-matched control,conventional_alphaearth_embeddings,Conventional + AlphaEarth Embeddings,0.07044351212123028,0.42499994627304916,0
2819,CPEC_ROCKFALL_0578,1,rockfall,67_29,1,67.21981130992799,29.463617229068923,Balochistan,conventional_alphaearth_embeddings,Conventional + AlphaEarth Embeddings,0.9746554827727818,0.41913377540096863,1
2820,CPEC_ROCKFALL_0556,1,rockfall,67_29,1,67.69142367374464,29.59387202994113,Balochistan,conventional_alphaearth_embeddings,Conventional + AlphaEarth Embeddings,0.9691516907515845,0.41913377540096863,1
2821,RMC_01_00646,0,non_landslide,75_38,2,75.49104779508914,38.92063257858342,raster-matched control,conventional_alphaearth_embeddings,Conventional + AlphaEarth Embeddings,0.10646644804570408,0.30586012648229505,0
2822,RMC_01_00282,0,non_landslide,68_28,5,68.88393888039006,28.8258145732903,raster-matched control,conventional_alphaearth_embeddings,Conventional + AlphaEarth Embeddings,0.15048861023865676,0.3251687994310354,0
2823,RMC_01_00449,0,non_landslide,74_36,2,74.8038366027377,36.55806338134908,raster-matched control,conventional_alphaearth_embeddings,Conventional + AlphaEarth Embeddings,0.8652007509802381,0.30586012648229505,1
2824,CPEC_ROCKFALL_0293,1,rockfall,66_27,1,66.44725867511532,27.541222960210494,Balochistan,conventional_alphaearth_embeddings,Conventional + AlphaEarth Embeddings,0.9872721871487775,0.41913377540096863,1
2825,RMC_01_00120,0,non_landslide,71_35,2,71.6035884030619,35.66423967365016,raster-matched control,conventional_alphaearth_embeddings,Conventional + AlphaEarth Embeddings,0.7352570337954514,0.30586012648229505,1
2826,RMC_01_00583,0,non_landslide,75_39,4,75.51350567719213,39.99861091952685,raster-matched control,conventional_alphaearth_embeddings,Conventional + AlphaEarth Embeddings,0.06292872261308169,0.42499994627304916,0
2827,RMC_01_01210,0,non_landslide,66_26,4,66.47420813073944,26.328498083438028,raster-matched control,conventional_alphaearth_embeddings,Conventional + AlphaEarth Embeddings,0.1265217609811518,0.42499994627304916,0
2828,CPEC_ROCKFALL_0564,1,rockfall,67_29,1,67.55892594504255,29.65451134516694,Balochistan,conventional_alphaearth_embeddings,Conventional + AlphaEarth Embeddings,0.8366364227620654,0.41913377540096863,1
2829,CPEC_ROCKFALL_0724,1,rockfall,72_33,4,72.89267075191972,33.804726009539564,KP-AJK,conventional_alphaearth_embeddings,Conventional + AlphaEarth Embeddings,0.9658449542652691,0.42499994627304916,1
2830,CPEC_LANDSLIDE_1025,1,landslide,74_35,5,74.83752551278435,35.39923811883707,Gilgit-Baltistan,conventional_alphaearth_embeddings,Conventional + AlphaEarth Embeddings,0.9737303672445212,0.3251687994310354,1
2831,RMC_01_01094,0,non_landslide,67_30,3,67.78799423376424,30.471977331439323,raster-matched control,conventional_alphaearth_embeddings,Conventional + AlphaEarth Embeddings,0.44448761646123147,0.3410028221468021,1
2832,RMC_01_00123,0,non_landslide,75_38,2,75.23502793911507,38.9633025545791,raster-matched control,conventional_alphaearth_embeddings,Conventional + AlphaEarth Embeddings,0.16346689869909373,0.30586012648229505,0
2833,RMC_01_01000,0,non_landslide,67_26,5,67.86210524470411,26.074724015674263,raster-matched control,conventional_alphaearth_embeddings,Conventional + AlphaEarth Embeddings,0.17111653997303675,0.3251687994310354,0
2834,RMC_01_00011,0,non_landslide,74_35,5,74.04476018765672,35.14546259707113,raster-matched control,conventional_alphaearth_embeddings,Conventional + AlphaEarth Embeddings,0.06837045695650949,0.3251687994310354,0
2835,CPEC_ROCKFALL_0110,1,rockfall,65_27,5,65.82293101842026,27.46486531377129,Balochistan,conventional_alphaearth_embeddings,Conventional + AlphaEarth Embeddings,0.9779236080651814,0.3251687994310354,1
2836,CPEC_ROCKFALL_0632,1,rockfall,68_29,2,68.0979108666757,29.92849635029487,Balochistan,conventional_alphaearth_embeddings,Conventional + AlphaEarth Embeddings,0.9513291486764299,0.30586012648229505,1
2837,RMC_01_00398,0,non_landslide,74_38,1,74.96104177745863,38.65787535797846,raster-matched control,conventional_alphaearth_embeddings,Conventional + AlphaEarth Embeddings,0.08580531657330284,0.41913377540096863,0
2838,RMC_01_00805,0,non_landslide,68_29,2,68.2483808168755,29.919513431705816,raster-matched control,conventional_alphaearth_embeddings,Conventional + AlphaEarth Embeddings,0.08189741961438188,0.30586012648229505,0
2839,CPEC_LANDSLIDE_0224,1,landslide,74_35,5,74.47819777259453,35.86860755482383,Gilgit-Baltistan,conventional_alphaearth_embeddings,Conventional + AlphaEarth Embeddings,0.9811319152284645,0.3251687994310354,1
2840,CPEC_ROCKFALL_0508,1,rockfall,68_29,2,68.4010940655016,29.355818461101872,Balochistan,conventional_alphaearth_embeddings,Conventional + AlphaEarth Embeddings,0.9713389650104874,0.30586012648229505,1
2841,CPEC_ROCKFALL_0808,1,rockfall,75_35,1,75.79872041766305,35.325127859328795,Gilgit-Baltistan,conventional_alphaearth_embeddings,Conventional + AlphaEarth Embeddings,0.6482448868434405,0.41913377540096863,1
2842,CPEC_ROCKFALL_0858,1,rockfall,74_35,5,74.19971799360472,35.39923811883707,Gilgit-Baltistan,conventional_alphaearth_embeddings,Conventional + AlphaEarth Embeddings,0.9891439231205774,0.3251687994310354,1
2843,RMC_01_00960,0,non_landslide,75_36,3,75.27320633869016,36.814083237323146,raster-matched control,conventional_alphaearth_embeddings,Conventional + AlphaEarth Embeddings,0.17569964322918472,0.3410028221468021,0
2844,CPEC_ROCKFALL_0405,1,rockfall,67_25,3,67.88007040291171,25.89730847034188,Punjab-Sindh lowland corridor,conventional_alphaearth_embeddings,Conventional + AlphaEarth Embeddings,0.9789955984618844,0.3410028221468021,1
2845,RMC_01_00458,0,non_landslide,76_37,1,76.91712330862889,37.070103093297206,raster-matched control,conventional_alphaearth_embeddings,Conventional + AlphaEarth Embeddings,0.16821078895573574,0.41913377540096863,0
2846,RMC_01_01248,0,non_landslide,70_29,4,70.01581613838066,29.93298816096761,raster-matched control,conventional_alphaearth_embeddings,Conventional + AlphaEarth Embeddings,0.1067022315238964,0.42499994627304916,0
2847,CPEC_LANDSLIDE_0409,1,landslide,75_38,2,75.01718715332875,38.54783166818048,"Kashgar (Xinjiang, China)",conventional_alphaearth_embeddings,Conventional + AlphaEarth Embeddings,0.9880583201281515,0.30586012648229505,1
2848,CPEC_LANDSLIDE_0083,1,landslide,75_36,3,75.0778220094535,36.86349096816131,Gilgit-Baltistan,conventional_alphaearth_embeddings,Conventional + AlphaEarth Embeddings,0.8573755970600331,0.3410028221468021,1
2849,CPEC_LANDSLIDE_0272,1,landslide,73_35,4,73.58661835336224,35.53623062140103,KP-AJK,conventional_alphaearth_embeddings,Conventional + AlphaEarth Embeddings,0.9704862118465992,0.42499994627304916,1
2850,CPEC_ROCKFALL_0611,1,rockfall,67_30,3,67.26921814960016,30.07447394148153,Balochistan,conventional_alphaearth_embeddings,Conventional + AlphaEarth Embeddings,0.8790286986055277,0.3410028221468021,1
2851,RMC_01_01458,0,non_landslide,64_27,4,64.94033478310536,27.559190022681776,raster-matched control,conventional_alphaearth_embeddings,Conventional + AlphaEarth Embeddings,0.09294194370501825,0.42499994627304916,0
2852,RMC_01_00063,0,non_landslide,69_31,2,69.32635915781893,31.783517646253827,raster-matched control,conventional_alphaearth_embeddings,Conventional + AlphaEarth Embeddings,0.0905835151012001,0.30586012648229505,0
2853,RMC_01_00377,0,non_landslide,76_35,2,76.5106356425648,35.2060988787492,raster-matched control,conventional_alphaearth_embeddings,Conventional + AlphaEarth Embeddings,0.7369135443299859,0.30586012648229505,1
2854,RMC_01_01324,0,non_landslide,73_35,4,73.3036500782581,35.507034498929244,raster-matched control,conventional_alphaearth_embeddings,Conventional + AlphaEarth Embeddings,0.17707437467244116,0.42499994627304916,0
2855,RMC_01_00315,0,non_landslide,68_29,2,68.49092594358777,29.03242708863779,raster-matched control,conventional_alphaearth_embeddings,Conventional + AlphaEarth Embeddings,0.10897488420291256,0.30586012648229505,0
2856,CPEC_ROCKFALL_0685,1,rockfall,70_32,5,70.3684048592714,32.9266219936908,KP-AJK,conventional_alphaearth_embeddings,Conventional + AlphaEarth Embeddings,0.9650579676694276,0.3251687994310354,1
2857,CPEC_ROCKFALL_0487,1,rockfall,68_29,2,68.6795738444914,29.398492058183344,Balochistan,conventional_alphaearth_embeddings,Conventional + AlphaEarth Embeddings,0.4733748843488382,0.30586012648229505,1
2858,CPEC_ROCKFALL_0699,1,rockfall,72_32,2,72.45474243746081,32.598739834129866,Punjab-Sindh lowland corridor,conventional_alphaearth_embeddings,Conventional + AlphaEarth Embeddings,0.9862351445300913,0.30586012648229505,1
2859,RMC_01_00888,0,non_landslide,74_35,5,74.57252041707693,35.47783925219536,raster-matched control,conventional_alphaearth_embeddings,Conventional + AlphaEarth Embeddings,0.1280025952376586,0.3251687994310354,0
2860,CPEC_ROCKFALL_0004,1,rockfall,76_38,3,76.00533286497446,38.44228028714435,"Kashgar (Xinjiang, China)",conventional_alphaearth_embeddings,Conventional + AlphaEarth Embeddings,0.1510471256122072,0.3410028221468021,0
2861,CPEC_ROCKFALL_0017,1,rockfall,76_37,1,76.20296468276423,37.788754436751326,"Kashgar (Xinjiang, China)",conventional_alphaearth_embeddings,Conventional + AlphaEarth Embeddings,0.9480240226311211,0.41913377540096863,1
2862,RMC_01_01336,0,non_landslide,75_40,1,75.36528365531241,40.14683294140657,raster-matched control,conventional_alphaearth_embeddings,Conventional + AlphaEarth Embeddings,0.12136730008555811,0.41913377540096863,0
2863,CPEC_ROCKFALL_0468,1,rockfall,69_29,3,69.16466161169157,29.0728528264523,Balochistan,conventional_alphaearth_embeddings,Conventional + AlphaEarth Embeddings,0.979155527690087,0.3410028221468021,1
2864,CPEC_LANDSLIDE_0723,1,landslide,67_30,3,67.22654901161974,30.46748573102908,Balochistan,conventional_alphaearth_embeddings,Conventional + AlphaEarth Embeddings,0.9144363859907446,0.3410028221468021,1
2865,CPEC_LANDSLIDE_0202,1,landslide,74_36,2,74.30077905988003,36.15157764857446,Gilgit-Baltistan,conventional_alphaearth_embeddings,Conventional + AlphaEarth Embeddings,0.5807278450093081,0.30586012648229505,1
2866,RMC_01_01078,0,non_landslide,66_26,4,66.91662840816831,26.24989549607757,raster-matched control,conventional_alphaearth_embeddings,Conventional + AlphaEarth Embeddings,0.1074790470683194,0.42499994627304916,0
2867,CPEC_LANDSLIDE_0102,1,landslide,74_36,2,74.97451801534832,36.82755953187264,Gilgit-Baltistan,conventional_alphaearth_embeddings,Conventional + AlphaEarth Embeddings,0.9452836094757637,0.30586012648229505,1
2868,CPEC_LANDSLIDE_0979,1,landslide,75_35,1,75.80770550628574,35.340846190542194,Gilgit-Baltistan,conventional_alphaearth_embeddings,Conventional + AlphaEarth Embeddings,0.977678174282238,0.41913377540096863,1
2869,RMC_01_00281,0,non_landslide,68_28,5,68.9894909262741,28.879713490337476,raster-matched control,conventional_alphaearth_embeddings,Conventional + AlphaEarth Embeddings,0.18211032321829865,0.3251687994310354,0
2870,RMC_01_00716,0,non_landslide,73_34,2,73.44288894729664,34.42007300514462,raster-matched control,conventional_alphaearth_embeddings,Conventional + AlphaEarth Embeddings,0.15284051935736273,0.30586012648229505,0
2871,CPEC_LANDSLIDE_0074,1,landslide,75_36,3,75.15642704282365,36.86573835509224,Gilgit-Baltistan,conventional_alphaearth_embeddings,Conventional + AlphaEarth Embeddings,0.8467049208627182,0.3410028221468021,1
2872,RMC_01_00153,0,non_landslide,75_38,2,75.63926981696886,38.05375832940808,raster-matched control,conventional_alphaearth_embeddings,Conventional + AlphaEarth Embeddings,0.577594535068393,0.30586012648229505,1
2873,CPEC_ROCKFALL_0236,1,rockfall,66_26,4,66.19123938813173,26.182521491922376,Balochistan,conventional_alphaearth_embeddings,Conventional + AlphaEarth Embeddings,0.9731369157861193,0.42499994627304916,1
2874,CPEC_LANDSLIDE_0238,1,landslide,74_36,2,74.50065380549968,36.257129029610574,Gilgit-Baltistan,conventional_alphaearth_embeddings,Conventional + AlphaEarth Embeddings,0.9384683240310345,0.30586012648229505,1
2875,RMC_01_01085,0,non_landslide,66_26,4,66.83128845617695,26.54633953983701,raster-matched control,conventional_alphaearth_embeddings,Conventional + AlphaEarth Embeddings,0.18625384424899566,0.42499994627304916,0
2876,RMC_01_01160,0,non_landslide,74_35,5,74.11662541038628,35.421694546937886,raster-matched control,conventional_alphaearth_embeddings,Conventional + AlphaEarth Embeddings,0.06996469377286922,0.3251687994310354,0
2877,CPEC_LANDSLIDE_0377,1,landslide,75_38,2,75.03290548454214,38.39511637530205,"Kashgar (Xinjiang, China)",conventional_alphaearth_embeddings,Conventional + AlphaEarth Embeddings,0.985434327857595,0.30586012648229505,1
2878,CPEC_LANDSLIDE_0487,1,landslide,75_38,2,75.08905002590608,38.75669150242282,"Kashgar (Xinjiang, China)",conventional_alphaearth_embeddings,Conventional + AlphaEarth Embeddings,0.29725071033997763,0.30586012648229505,0
2879,RMC_01_01045,0,non_landslide,67_26,5,67.06260464183774,26.80909676044197,raster-matched control,conventional_alphaearth_embeddings,Conventional + AlphaEarth Embeddings,0.12712530534373026,0.3251687994310354,0
2880,CPEC_LANDSLIDE_0922,1,landslide,76_35,2,76.15804815785287,35.172412566450376,Gilgit-Baltistan,conventional_alphaearth_embeddings,Conventional + AlphaEarth Embeddings,0.969658369516843,0.30586012648229505,1
2881,RMC_01_01323,0,non_landslide,73_35,4,73.3216163839405,35.50029713429834,raster-matched control,conventional_alphaearth_embeddings,Conventional + AlphaEarth Embeddings,0.09251448944660978,0.42499994627304916,0
2882,RMC_01_01062,0,non_landslide,65_26,3,65.66797016324217,26.261124437129062,raster-matched control,conventional_alphaearth_embeddings,Conventional + AlphaEarth Embeddings,0.13192986770049672,0.3410028221468021,0
2883,CPEC_ROCKFALL_0796,1,rockfall,76_35,2,76.11313163294152,35.194868599355544,Gilgit-Baltistan,conventional_alphaearth_embeddings,Conventional + AlphaEarth Embeddings,0.9767286395073536,0.30586012648229505,1
2884,RMC_01_00285,0,non_landslide,69_29,3,69.63178635441956,29.08183442926436,raster-matched control,conventional_alphaearth_embeddings,Conventional + AlphaEarth Embeddings,0.9470585764053391,0.3410028221468021,1
2885,RMC_01_00825,0,non_landslide,67_26,5,67.38599814412076,26.79562203118018,raster-matched control,conventional_alphaearth_embeddings,Conventional + AlphaEarth Embeddings,0.10586212320336998,0.3251687994310354,0
2886,CPEC_LANDSLIDE_1057,1,landslide,73_34,2,73.72810562978808,34.13935032989331,KP-AJK,conventional_alphaearth_embeddings,Conventional + AlphaEarth Embeddings,0.16953596216979025,0.30586012648229505,0
2887,RMC_01_00347,0,non_landslide,66_27,1,66.84027160901815,27.469358494269823,raster-matched control,conventional_alphaearth_embeddings,Conventional + AlphaEarth Embeddings,0.5529747802348693,0.41913377540096863,1
2888,CPEC_LANDSLIDE_0311,1,landslide,72_35,3,72.89267075191972,35.04215776557818,KP-AJK,conventional_alphaearth_embeddings,Conventional + AlphaEarth Embeddings,0.9826891199484358,0.3410028221468021,1
2889,CPEC_LANDSLIDE_0146,1,landslide,74_36,2,74.85324384399776,36.340219918640486,Gilgit-Baltistan,conventional_alphaearth_embeddings,Conventional + AlphaEarth Embeddings,0.973195272167733,0.30586012648229505,1
2890,RMC_01_01450,0,non_landslide,66_29,5,66.90315367890652,29.92175921991612,raster-matched control,conventional_alphaearth_embeddings,Conventional + AlphaEarth Embeddings,0.15853795853917718,0.3251687994310354,0
2891,CPEC_ROCKFALL_0867,1,rockfall,73_35,4,73.5776377238406,35.536230621401025,KP-AJK,conventional_alphaearth_embeddings,Conventional + AlphaEarth Embeddings,0.9795589656051272,0.42499994627304916,1
2892,RMC_01_01051,0,non_landslide,69_28,1,69.40047016875879,28.83479772613149,raster-matched control,conventional_alphaearth_embeddings,Conventional + AlphaEarth Embeddings,0.1634978553011765,0.41913377540096863,0
2893,RMC_01_00959,0,non_landslide,75_36,3,75.21706163343269,36.86124478973942,raster-matched control,conventional_alphaearth_embeddings,Conventional + AlphaEarth Embeddings,0.053198691516523705,0.3410028221468021,0
2894,RMC_01_00352,0,non_landslide,70_32,5,70.19323340699427,32.30004893462255,raster-matched control,conventional_alphaearth_embeddings,Conventional + AlphaEarth Embeddings,0.07901100061358755,0.3251687994310354,0
2895,CPEC_LANDSLIDE_0372,1,landslide,74_38,1,74.9857460318009,38.374907729327845,"Kashgar (Xinjiang, China)",conventional_alphaearth_embeddings,Conventional + AlphaEarth Embeddings,0.942536225558169,0.41913377540096863,1
2896,RMC_01_00106,0,non_landslide,75_35,1,75.23727372732537,35.5811455098691,raster-matched control,conventional_alphaearth_embeddings,Conventional + AlphaEarth Embeddings,0.11444766391345718,0.41913377540096863,0
2897,RMC_01_00691,0,non_landslide,73_34,2,73.3058958664684,34.489692439663884,raster-matched control,conventional_alphaearth_embeddings,Conventional + AlphaEarth Embeddings,0.10277787439839843,0.30586012648229505,0
2898,RMC_01_00698,0,non_landslide,73_33,5,73.44513473550693,33.96193221024367,raster-matched control,conventional_alphaearth_embeddings,Conventional + AlphaEarth Embeddings,0.10743486774699622,0.3251687994310354,0
2899,RMC_01_01205,0,non_landslide,65_25,1,65.4433913422123,25.38975861153313,raster-matched control,conventional_alphaearth_embeddings,Conventional + AlphaEarth Embeddings,0.13615877025800938,0.41913377540096863,0
2900,CPEC_ROCKFALL_0523,1,rockfall,67_29,1,67.89803612105605,29.68370507976385,Balochistan,conventional_alphaearth_embeddings,Conventional + AlphaEarth Embeddings,0.988348111854691,0.41913377540096863,1
2901,RMC_01_00037,0,non_landslide,74_38,1,74.6219277577035,38.93635309605551,raster-matched control,conventional_alphaearth_embeddings,Conventional + AlphaEarth Embeddings,0.1242129423235373,0.41913377540096863,0
2902,RMC_01_00869,0,non_landslide,75_38,2,75.12498431681044,38.74995267460071,raster-matched control,conventional_alphaearth_embeddings,Conventional + AlphaEarth Embeddings,0.08815771187232048,0.30586012648229505,0
2903,CPEC_LANDSLIDE_0993,1,landslide,75_35,1,75.86834036241049,35.23753773733596,Gilgit-Baltistan,conventional_alphaearth_embeddings,Conventional + AlphaEarth Embeddings,0.43032161298023186,0.41913377540096863,1
2904,RMC_01_00895,0,non_landslide,74_35,5,74.11662541038628,35.42843191156879,raster-matched control,conventional_alphaearth_embeddings,Conventional + AlphaEarth Embeddings,0.10348672213061028,0.3251687994310354,0
2905,CPEC_LANDSLIDE_0936,1,landslide,72_35,3,72.6815679898475,35.58788484800415,KP-AJK,conventional_alphaearth_embeddings,Conventional + AlphaEarth Embeddings,0.8610830341402856,0.3410028221468021,1
2906,CPEC_ROCKFALL_0823,1,rockfall,75_35,1,75.98736714683012,35.19936337321741,Gilgit-Baltistan,conventional_alphaearth_embeddings,Conventional + AlphaEarth Embeddings,0.9563028179744528,0.41913377540096863,1
2907,RMC_01_00054,0,non_landslide,67_29,1,67.27370873360582,29.870106091079244,raster-matched control,conventional_alphaearth_embeddings,Conventional + AlphaEarth Embeddings,0.13753871171911153,0.41913377540096863,0
2908,CPEC_ROCKFALL_0497,1,rockfall,68_29,2,68.52461116468206,29.322134411744138,Balochistan,conventional_alphaearth_embeddings,Conventional + AlphaEarth Embeddings,0.9793747410566841,0.30586012648229505,1
2909,RMC_01_01357,0,non_landslide,65_27,5,65.32885614348706,27.74334465592628,raster-matched control,conventional_alphaearth_embeddings,Conventional + AlphaEarth Embeddings,0.16437385442702657,0.3251687994310354,0
2910,RMC_01_00611,0,non_landslide,74_36,2,74.58374935812843,36.26386512579994,raster-matched control,conventional_alphaearth_embeddings,Conventional + AlphaEarth Embeddings,0.3922081208529325,0.30586012648229505,1
2911,RMC_01_00897,0,non_landslide,66_28,3,66.20022196908299,28.43280163648801,raster-matched control,conventional_alphaearth_embeddings,Conventional + AlphaEarth Embeddings,0.08722729717799056,0.3410028221468021,0
2912,CPEC_ROCKFALL_0795,1,rockfall,76_35,2,76.14232536753842,35.197115986286484,Gilgit-Baltistan,conventional_alphaearth_embeddings,Conventional + AlphaEarth Embeddings,0.9598239047299998,0.30586012648229505,1
2913,CPEC_ROCKFALL_0811,1,rockfall,75_35,1,75.80321073242386,35.340846190542194,Gilgit-Baltistan,conventional_alphaearth_embeddings,Conventional + AlphaEarth Embeddings,0.9094457107273004,0.41913377540096863,1
2914,CPEC_ROCKFALL_0228,1,rockfall,65_26,3,65.70614716183051,26.312776292794585,Balochistan,conventional_alphaearth_embeddings,Conventional + AlphaEarth Embeddings,0.9722189718554735,0.3410028221468021,1
2915,CPEC_ROCKFALL_0541,1,rockfall,67_29,1,67.92498692782308,29.701670797908186,Balochistan,conventional_alphaearth_embeddings,Conventional + AlphaEarth Embeddings,0.9338994591414951,0.41913377540096863,1
2916,CPEC_LANDSLIDE_0119,1,landslide,74_36,2,74.8173124077091,36.73772648204992,Gilgit-Baltistan,conventional_alphaearth_embeddings,Conventional + AlphaEarth Embeddings,0.9529904281608373,0.30586012648229505,1
2917,CPEC_LANDSLIDE_0769,1,landslide,72_34,1,72.80957540378876,34.03379894885718,KP-AJK,conventional_alphaearth_embeddings,Conventional + AlphaEarth Embeddings,0.9676475899901605,0.41913377540096863,1
2918,RMC_01_01172,0,non_landslide,72_35,3,72.9600444820824,35.069105797920976,raster-matched control,conventional_alphaearth_embeddings,Conventional + AlphaEarth Embeddings,0.10269331588466585,0.3410028221468021,0
2919,RMC_01_00058,0,non_landslide,63_26,1,63.97913742909748,26.258878648918767,raster-matched control,conventional_alphaearth_embeddings,Conventional + AlphaEarth Embeddings,0.14903816164696476,0.41913377540096863,0
2920,CPEC_LANDSLIDE_0039,1,landslide,75_37,5,75.76503190920427,37.84489897811525,"Kashgar (Xinjiang, China)",conventional_alphaearth_embeddings,Conventional + AlphaEarth Embeddings,0.9735844797833206,0.3251687994310354,1
2921,CPEC_ROCKFALL_0482,1,rockfall,68_29,2,68.70876757908832,29.409720074635924,Balochistan,conventional_alphaearth_embeddings,Conventional + AlphaEarth Embeddings,0.8764913421293075,0.30586012648229505,1
2922,CPEC_LANDSLIDE_0469,1,landslide,75_38,2,75.06659399300092,38.73198808258674,"Kashgar (Xinjiang, China)",conventional_alphaearth_embeddings,Conventional + AlphaEarth Embeddings,0.1476872624746994,0.30586012648229505,0
2923,CPEC_LANDSLIDE_0350,1,landslide,75_37,5,75.28443445676491,37.88307780133486,"Kashgar (Xinjiang, China)",conventional_alphaearth_embeddings,Conventional + AlphaEarth Embeddings,0.959212305099325,0.3251687994310354,1
2924,CPEC_LANDSLIDE_0458,1,landslide,75_38,2,75.00146436301429,38.70952759058053,"Kashgar (Xinjiang, China)",conventional_alphaearth_embeddings,Conventional + AlphaEarth Embeddings,0.9905056414930584,0.30586012648229505,1
2925,RMC_01_00726,0,non_landslide,74_39,3,74.56578305244604,39.62131850019665,raster-matched control,conventional_alphaearth_embeddings,Conventional + AlphaEarth Embeddings,0.113096553051856,0.3410028221468021,0
2926,CPEC_LANDSLIDE_0746,1,landslide,70_29,4,70.09217246721252,29.95769008489178,Punjab-Sindh lowland corridor,conventional_alphaearth_embeddings,Conventional + AlphaEarth Embeddings,0.5261872254859233,0.42499994627304916,1
2927,CPEC_LANDSLIDE_0509,1,landslide,75_38,2,75.19684879387313,38.75893443025271,"Kashgar (Xinjiang, China)",conventional_alphaearth_embeddings,Conventional + AlphaEarth Embeddings,0.973826525620543,0.30586012648229505,1
2928,CPEC_ROCKFALL_0876,1,rockfall,74_38,1,74.92960149043698,38.2805843647443,"Kashgar (Xinjiang, China)",conventional_alphaearth_embeddings,Conventional + AlphaEarth Embeddings,0.9812143938535881,0.41913377540096863,1
2929,CPEC_LANDSLIDE_0733,1,landslide,69_31,2,69.89678803635368,31.392749199619104,Balochistan,conventional_alphaearth_embeddings,Conventional + AlphaEarth Embeddings,0.9794589742798417,0.30586012648229505,1
2930,CPEC_LANDSLIDE_0637,1,landslide,64_26,2,64.01506876011959,26.050019304119232,Balochistan,conventional_alphaearth_embeddings,Conventional + AlphaEarth Embeddings,0.18677345961709776,0.30586012648229505,0
2931,RMC_01_00365,0,non_landslide,71_33,3,71.95168557565823,33.72387865995199,raster-matched control,conventional_alphaearth_embeddings,Conventional + AlphaEarth Embeddings,0.6809001215687233,0.3410028221468021,1
2932,RMC_01_00273,0,non_landslide,62_25,3,62.83153965363479,25.683956867082276,raster-matched control,conventional_alphaearth_embeddings,Conventional + AlphaEarth Embeddings,0.11412218746816828,0.3410028221468021,0
2933,RMC_01_00930,0,non_landslide,75_38,2,75.48206464224795,38.95656518994821,raster-matched control,conventional_alphaearth_embeddings,Conventional + AlphaEarth Embeddings,0.11382328554497814,0.30586012648229505,0
2934,RMC_01_00587,0,non_landslide,75_40,1,75.36752944352271,40.14458715319627,raster-matched control,conventional_alphaearth_embeddings,Conventional + AlphaEarth Embeddings,0.1477683335470763,0.41913377540096863,0
2935,CPEC_LANDSLIDE_0860,1,landslide,73_34,2,73.44064522127664,34.40884502026041,KP-AJK,conventional_alphaearth_embeddings,Conventional + AlphaEarth Embeddings,0.9551519325496006,0.30586012648229505,1
2936,CPEC_ROCKFALL_0206,1,rockfall,65_26,3,65.692671758447,26.29705796158119,Balochistan,conventional_alphaearth_embeddings,Conventional + AlphaEarth Embeddings,0.9913851737079973,0.3410028221468021,1
2937,CPEC_LANDSLIDE_0327,1,landslide,75_37,5,75.46859087117117,37.15319876360368,"Kashgar (Xinjiang, China)",conventional_alphaearth_embeddings,Conventional + AlphaEarth Embeddings,0.9853251532330447,0.3251687994310354,1
2938,RMC_01_00943,0,non_landslide,75_36,3,75.46634412477586,36.85001584868792,raster-matched control,conventional_alphaearth_embeddings,Conventional + AlphaEarth Embeddings,0.06010830925846883,0.3410028221468021,0
2939,RMC_01_00744,0,non_landslide,71_35,2,71.83265880051239,35.935980047096315,raster-matched control,conventional_alphaearth_embeddings,Conventional + AlphaEarth Embeddings,0.1133918977567773,0.30586012648229505,0
2940,CPEC_LANDSLIDE_0983,1,landslide,75_35,1,75.85037464426617,35.311652455945286,Gilgit-Baltistan,conventional_alphaearth_embeddings,Conventional + AlphaEarth Embeddings,0.8416639243609324,0.41913377540096863,1
2941,RMC_01_01167,0,non_landslide,73_35,4,73.31937059573019,35.502542922508646,raster-matched control,conventional_alphaearth_embeddings,Conventional + AlphaEarth Embeddings,0.07571093925140183,0.42499994627304916,0
2942,CPEC_LANDSLIDE_0916,1,landslide,76_35,2,76.16253847261369,35.192625671525654,Gilgit-Baltistan,conventional_alphaearth_embeddings,Conventional + AlphaEarth Embeddings,0.8746986624009848,0.30586012648229505,1
2943,CPEC_ROCKFALL_0032,1,rockfall,67_27,2,67.39722556354144,27.97017064514777,Balochistan,conventional_alphaearth_embeddings,Conventional + AlphaEarth Embeddings,0.9309417624877927,0.30586012648229505,1
2944,CPEC_ROCKFALL_0821,1,rockfall,75_35,1,75.85486495902698,35.286949036109185,Gilgit-Baltistan,conventional_alphaearth_embeddings,Conventional + AlphaEarth Embeddings,0.9722045209719133,0.41913377540096863,1
2945,CPEC_ROCKFALL_0113,1,rockfall,65_27,5,65.83864934963366,27.476097789324925,Balochistan,conventional_alphaearth_embeddings,Conventional + AlphaEarth Embeddings,0.9647501127920919,0.3251687994310354,1
2946,CPEC_ROCKFALL_0109,1,rockfall,65_27,5,65.8161933167285,27.451394369488835,Balochistan,conventional_alphaearth_embeddings,Conventional + AlphaEarth Embeddings,0.8879398274940766,0.3251687994310354,1
2947,CPEC_ROCKFALL_0418,1,rockfall,70_29,4,70.0203095946352,29.50628636704935,Punjab-Sindh lowland corridor,conventional_alphaearth_embeddings,Conventional + AlphaEarth Embeddings,0.7691433354797568,0.42499994627304916,1
2948,RMC_01_00298,0,non_landslide,65_26,3,65.48606131820797,26.98426824084528,raster-matched control,conventional_alphaearth_embeddings,Conventional + AlphaEarth Embeddings,0.13335003191781605,0.3410028221468021,0
2949,CPEC_LANDSLIDE_0886,1,landslide,73_34,2,73.48106697232612,34.39985993163772,KP-AJK,conventional_alphaearth_embeddings,Conventional + AlphaEarth Embeddings,0.8932140758414112,0.30586012648229505,1
2950,RMC_01_01158,0,non_landslide,73_35,4,73.28119219615512,35.48457661682625,raster-matched control,conventional_alphaearth_embeddings,Conventional + AlphaEarth Embeddings,0.26751989624513106,0.42499994627304916,0
2951,CPEC_ROCKFALL_0489,1,rockfall,68_29,2,68.67732645756048,29.40298237294417,Balochistan,conventional_alphaearth_embeddings,Conventional + AlphaEarth Embeddings,0.9599270628822796,0.30586012648229505,1
2952,CPEC_ROCKFALL_0649,1,rockfall,69_30,5,69.0186840205049,30.811090680904464,Balochistan,conventional_alphaearth_embeddings,Conventional + AlphaEarth Embeddings,0.9827982445532732,0.3251687994310354,1
2953,CPEC_LANDSLIDE_0151,1,landslide,74_36,2,74.78587128618125,36.299798167591,Gilgit-Baltistan,conventional_alphaearth_embeddings,Conventional + AlphaEarth Embeddings,0.9838416175633085,0.30586012648229505,1
2954,CPEC_ROCKFALL_0306,1,rockfall,66_27,1,66.54607235445968,27.63554632479404,Balochistan,conventional_alphaearth_embeddings,Conventional + AlphaEarth Embeddings,0.2754633814005996,0.41913377540096863,0
2955,CPEC_LANDSLIDE_0367,1,landslide,74_38,1,74.94531982165036,38.287322066436055,"Kashgar (Xinjiang, China)",conventional_alphaearth_embeddings,Conventional + AlphaEarth Embeddings,0.990151082974916,0.41913377540096863,1
2956,RMC_01_00303,0,non_landslide,65_26,3,65.46584922431528,26.9483356294805,raster-matched control,conventional_alphaearth_embeddings,Conventional + AlphaEarth Embeddings,0.09056512880247969,0.3410028221468021,0
2957,CPEC_LANDSLIDE_0313,1,landslide,72_34,1,72.94881529328366,34.759187671827554,KP-AJK,conventional_alphaearth_embeddings,Conventional + AlphaEarth Embeddings,0.9801591744232475,0.41913377540096863,1
2958,CPEC_ROCKFALL_0568,1,rockfall,67_29,1,67.22654901161974,29.477092632452432,Balochistan,conventional_alphaearth_embeddings,Conventional + AlphaEarth Embeddings,0.9439001981141946,0.41913377540096863,1
2959,RMC_01_00993,0,non_landslide,75_36,3,75.5718961706599,36.910652130366,raster-matched control,conventional_alphaearth_embeddings,Conventional + AlphaEarth Embeddings,0.10559746063870076,0.3410028221468021,0
2960,RMC_01_00411,0,non_landslide,75_36,3,75.0104491180852,36.88370267184241,raster-matched control,conventional_alphaearth_embeddings,Conventional + AlphaEarth Embeddings,0.06302541027055715,0.3410028221468021,0
2961,RMC_01_00334,0,non_landslide,71_35,2,71.76303936599312,35.54296711029402,raster-matched control,conventional_alphaearth_embeddings,Conventional + AlphaEarth Embeddings,0.12195341033631742,0.30586012648229505,0
2962,RMC_01_01133,0,non_landslide,75_40,1,75.0104491180852,40.29505496328629,raster-matched control,conventional_alphaearth_embeddings,Conventional + AlphaEarth Embeddings,0.18393363323236261,0.41913377540096863,0
2963,RMC_01_00027,0,non_landslide,75_40,1,75.31363052647554,40.23441868160823,raster-matched control,conventional_alphaearth_embeddings,Conventional + AlphaEarth Embeddings,0.12488257499929305,0.41913377540096863,0
2964,RMC_01_01092,0,non_landslide,67_30,3,67.64650957651543,30.5191388838556,raster-matched control,conventional_alphaearth_embeddings,Conventional + AlphaEarth Embeddings,0.06749236364625323,0.3410028221468021,0
2965,RMC_01_00751,0,non_landslide,74_36,2,74.8150655437892,36.54458865208729,raster-matched control,conventional_alphaearth_embeddings,Conventional + AlphaEarth Embeddings,0.36514861773575813,0.30586012648229505,1
2966,RMC_01_00645,0,non_landslide,74_35,5,74.6196819694932,35.556441839555816,raster-matched control,conventional_alphaearth_embeddings,Conventional + AlphaEarth Embeddings,0.04341261899311338,0.3251687994310354,0
2967,CPEC_LANDSLIDE_0003,1,landslide,73_35,4,73.20483458026726,35.29592966563084,KP-AJK,conventional_alphaearth_embeddings,Conventional + AlphaEarth Embeddings,0.9783261340520506,0.42499994627304916,1
2968,CPEC_ROCKFALL_0354,1,rockfall,66_27,1,66.50115582954832,27.772538827358,Balochistan,conventional_alphaearth_embeddings,Conventional + AlphaEarth Embeddings,0.9865588376188832,0.41913377540096863,1
2969,RMC_01_00186,0,non_landslide,66_27,1,66.28331613286404,27.08083713388813,raster-matched control,conventional_alphaearth_embeddings,Conventional + AlphaEarth Embeddings,0.09947486811877032,0.41913377540096863,0
2970,CPEC_LANDSLIDE_0621,1,landslide,63_27,3,63.41993483802145,27.193127695574304,Balochistan,conventional_alphaearth_embeddings,Conventional + AlphaEarth Embeddings,0.976986132851149,0.3410028221468021,1
2971,RMC_01_00220,0,non_landslide,74_35,5,74.55679989960484,35.491313981457154,raster-matched control,conventional_alphaearth_embeddings,Conventional + AlphaEarth Embeddings,0.0922063348280499,0.3251687994310354,0
2972,CPEC_LANDSLIDE_0017,1,landslide,74_39,3,74.59273424225334,39.288943181465285,"Kashgar (Xinjiang, China)",conventional_alphaearth_embeddings,Conventional + AlphaEarth Embeddings,0.8632524737328165,0.3410028221468021,1
2973,RMC_01_00629,0,non_landslide,77_37,2,77.13271897681757,37.35980977242576,raster-matched control,conventional_alphaearth_embeddings,Conventional + AlphaEarth Embeddings,0.08586465683901351,0.30586012648229505,0
2974,CPEC_ROCKFALL_0389,1,rockfall,66_29,5,66.53259695107617,29.3198870248132,Balochistan,conventional_alphaearth_embeddings,Conventional + AlphaEarth Embeddings,0.9853231526310339,0.3251687994310354,1
2975,RMC_01_00997,0,non_landslide,63_27,3,63.81294910153536,27.249271249660534,raster-matched control,conventional_alphaearth_embeddings,Conventional + AlphaEarth Embeddings,0.08671106395274113,0.3410028221468021,0
2976,CPEC_ROCKFALL_0585,1,rockfall,67_29,1,67.49154892812498,29.4681120029308,Balochistan,conventional_alphaearth_embeddings,Conventional + AlphaEarth Embeddings,0.9812053827833751,0.41913377540096863,1
2977,RMC_01_00100,0,non_landslide,74_35,5,74.73197138000815,35.855131671525555,raster-matched control,conventional_alphaearth_embeddings,Conventional + AlphaEarth Embeddings,0.10854069683973591,0.3251687994310354,0
2978,RMC_01_01050,0,non_landslide,64_25,5,64.94033478310536,25.74234736055004,raster-matched control,conventional_alphaearth_embeddings,Conventional + AlphaEarth Embeddings,0.14192822836781963,0.3251687994310354,0
2979,RMC_01_00586,0,non_landslide,75_39,4,75.50901410077154,39.97390724921356,raster-matched control,conventional_alphaearth_embeddings,Conventional + AlphaEarth Embeddings,0.7445816128207408,0.42499994627304916,1
2980,RMC_01_00085,0,non_landslide,72_34,1,72.80283930736147,34.02256849192173,raster-matched control,conventional_alphaearth_embeddings,Conventional + AlphaEarth Embeddings,0.08558595931431805,0.41913377540096863,0
2981,CPEC_LANDSLIDE_0575,1,landslide,74_38,1,74.97451801534832,38.77690014839705,"Kashgar (Xinjiang, China)",conventional_alphaearth_embeddings,Conventional + AlphaEarth Embeddings,0.7713511242441368,0.41913377540096863,1
2982,RMC_01_00440,0,non_landslide,74_36,2,74.86896446083637,36.77590483774807,raster-matched control,conventional_alphaearth_embeddings,Conventional + AlphaEarth Embeddings,0.13892496225216233,0.30586012648229505,0
2983,CPEC_ROCKFALL_0385,1,rockfall,66_27,1,66.93459382924642,27.682710236636336,Balochistan,conventional_alphaearth_embeddings,Conventional + AlphaEarth Embeddings,0.9825567775326446,0.41913377540096863,1
2984,RMC_01_00237,0,non_landslide,77_39,1,77.77726019317333,39.86386362690892,raster-matched control,conventional_alphaearth_embeddings,Conventional + AlphaEarth Embeddings,0.6710938555310417,0.41913377540096863,1
2985,CPEC_ROCKFALL_0200,1,rockfall,65_26,3,65.70390423400063,26.306038591102823,Balochistan,conventional_alphaearth_embeddings,Conventional + AlphaEarth Embeddings,0.9547793360065366,0.3410028221468021,1
2986,RMC_01_01433,0,non_landslide,65_27,5,65.71064013923785,27.536732140578785,raster-matched control,conventional_alphaearth_embeddings,Conventional + AlphaEarth Embeddings,0.1501765397194831,0.3251687994310354,0
2987,CPEC_ROCKFALL_0545,1,rockfall,67_29,1,67.8890554915344,29.68819539452467,Balochistan,conventional_alphaearth_embeddings,Conventional + AlphaEarth Embeddings,0.9621903553070943,0.41913377540096863,1
2988,RMC_01_00969,0,non_landslide,77_36,5,77.04288744840562,36.717514344280296,raster-matched control,conventional_alphaearth_embeddings,Conventional + AlphaEarth Embeddings,0.08228100066993387,0.3251687994310354,0
2989,CPEC_ROCKFALL_0509,1,rockfall,68_29,2,68.39660375074078,29.34908521851117,Balochistan,conventional_alphaearth_embeddings,Conventional + AlphaEarth Embeddings,0.9747274878533245,0.30586012648229505,1
2990,CPEC_LANDSLIDE_1013,1,landslide,74_35,5,74.69379084942759,35.549706024784555,Gilgit-Baltistan,conventional_alphaearth_embeddings,Conventional + AlphaEarth Embeddings,0.9664650896903125,0.3251687994310354,1
2991,CPEC_ROCKFALL_0891,1,rockfall,75_38,2,75.18113046265974,38.7454590268692,"Kashgar (Xinjiang, China)",conventional_alphaearth_embeddings,Conventional + AlphaEarth Embeddings,0.9745620131154692,0.30586012648229505,1
2992,CPEC_ROCKFALL_0792,1,rockfall,76_35,2,76.13109735108584,35.20385368797823,Gilgit-Baltistan,conventional_alphaearth_embeddings,Conventional + AlphaEarth Embeddings,0.9867751557886877,0.30586012648229505,1
2993,RMC_01_01322,0,non_landslide,73_35,4,73.76628244957966,35.51377186356014,raster-matched control,conventional_alphaearth_embeddings,Conventional + AlphaEarth Embeddings,0.03448744029601792,0.42499994627304916,0
2994,CPEC_ROCKFALL_0573,1,rockfall,67_29,1,67.22205423775787,29.47035493076068,Balochistan,conventional_alphaearth_embeddings,Conventional + AlphaEarth Embeddings,0.946945984039785,0.41913377540096863,1
2995,RMC_01_00149,0,non_landslide,74_39,3,74.47370573582378,39.634793229458445,raster-matched control,conventional_alphaearth_embeddings,Conventional + AlphaEarth Embeddings,0.09493154223949596,0.3410028221468021,0
2996,CPEC_LANDSLIDE_0645,1,landslide,65_27,5,65.72636026690579,27.20660309895781,Balochistan,conventional_alphaearth_embeddings,Conventional + AlphaEarth Embeddings,0.9839554598958797,0.3251687994310354,1
2997,CPEC_LANDSLIDE_0635,1,landslide,63_26,1,63.98362763859175,26.26561684005334,Balochistan,conventional_alphaearth_embeddings,Conventional + AlphaEarth Embeddings,0.7422125154753507,0.41913377540096863,1
2998,CPEC_LANDSLIDE_0879,1,landslide,73_34,2,73.49454237570964,34.38189421349339,KP-AJK,conventional_alphaearth_embeddings,Conventional + AlphaEarth Embeddings,0.6504371257634592,0.30586012648229505,1
2999,RMC_01_01363,0,non_landslide,65_27,5,65.69042804534516,27.30541595491801,raster-matched control,conventional_alphaearth_embeddings,Conventional + AlphaEarth Embeddings,0.22503853768956744,0.3251687994310354,0
3000,CPEC_ROCKFALL_0838,1,rockfall,74_35,5,74.20645569529648,35.96517384723726,Gilgit-Baltistan,conventional_alphaearth_embeddings,Conventional + AlphaEarth Embeddings,0.9661081844249004,0.3251687994310354,1
3001,RMC_01_01013,0,non_landslide,73_35,4,73.07457968080763,35.47110188756446,raster-matched control,conventional_alphaearth_embeddings,Conventional + AlphaEarth Embeddings,0.06326286787842364,0.42499994627304916,0
3002,RMC_01_01276,0,non_landslide,73_35,4,73.21157276163586,35.432923487989385,raster-matched control,conventional_alphaearth_embeddings,Conventional + AlphaEarth Embeddings,0.7435676833400315,0.42499994627304916,1
3003,CPEC_LANDSLIDE_0323,1,landslide,75_36,3,75.55617653406297,36.91065042090255,"Kashgar (Xinjiang, China)",conventional_alphaearth_embeddings,Conventional + AlphaEarth Embeddings,0.7268943143234877,0.3410028221468021,1
3004,CPEC_LANDSLIDE_0194,1,landslide,74_36,2,74.38162702108005,36.25039132791883,Gilgit-Baltistan,conventional_alphaearth_embeddings,Conventional + AlphaEarth Embeddings,0.9718585875585762,0.30586012648229505,1
3005,CPEC_ROCKFALL_0066,1,rockfall,63_26,1,63.96790930737835,26.337479712630675,Balochistan,conventional_alphaearth_embeddings,Conventional + AlphaEarth Embeddings,0.9791552592189424,0.41913377540096863,1
3006,CPEC_ROCKFALL_0316,1,rockfall,66_27,1,66.59098887937105,27.918516418544662,Balochistan,conventional_alphaearth_embeddings,Conventional + AlphaEarth Embeddings,0.15325704075296256,0.41913377540096863,0
3007,CPEC_LANDSLIDE_0043,1,landslide,75_35,1,75.12947623605662,35.60360317921754,Gilgit-Baltistan,conventional_alphaearth_embeddings,Conventional + AlphaEarth Embeddings,0.975442077821458,0.41913377540096863,1
3008,RMC_01_00568,0,non_landslide,77_36,5,77.42691723236672,36.41882451231056,raster-matched control,conventional_alphaearth_embeddings,Conventional + AlphaEarth Embeddings,0.9325483914020918,0.3251687994310354,1
3009,RMC_01_00622,0,non_landslide,75_38,2,75.33833419678882,38.83304683838177,raster-matched control,conventional_alphaearth_embeddings,Conventional + AlphaEarth Embeddings,0.12183262381465844,0.30586012648229505,0
3010,RMC_01_01473,0,non_landslide,70_32,5,70.15730079562948,32.30903208746375,raster-matched control,conventional_alphaearth_embeddings,Conventional + AlphaEarth Embeddings,0.06540383465439867,0.3251687994310354,0
3011,CPEC_ROCKFALL_0396,1,rockfall,67_25,3,67.8890554915344,25.86137257495216,Punjab-Sindh lowland corridor,conventional_alphaearth_embeddings,Conventional + AlphaEarth Embeddings,0.9787606680288331,0.3410028221468021,1
3012,CPEC_LANDSLIDE_0285,1,landslide,73_35,4,73.37776297822094,35.50254211294225,KP-AJK,conventional_alphaearth_embeddings,Conventional + AlphaEarth Embeddings,0.9472951324785602,0.42499994627304916,1
3013,RMC_01_01268,0,non_landslide,75_37,5,75.79198341526919,37.84490002585029,raster-matched control,conventional_alphaearth_embeddings,Conventional + AlphaEarth Embeddings,0.0725684421828463,0.3251687994310354,0
3014,CPEC_LANDSLIDE_0079,1,landslide,75_36,3,75.11824821960404,36.87022866985306,Gilgit-Baltistan,conventional_alphaearth_embeddings,Conventional + AlphaEarth Embeddings,0.9370626451380214,0.3410028221468021,1
3015,CPEC_ROCKFALL_0647,1,rockfall,68_30,4,68.1540598671407,30.040785433022744,Balochistan,conventional_alphaearth_embeddings,Conventional + AlphaEarth Embeddings,0.14029877170314992,0.42499994627304916,0
