segment_id,length_km,route_code,is_kkh_proxy,road_type,road_rank,domain,sample_n,mean_fused_probability,max_fused_probability,mean_fused_transfer_confidence,mean_reliability_weighted_probability,mean_final_reliability_aware_score,mean_field_verification_priority,reliable_high_share,reliable_very_high_share,uncertain_high_share,fused_aoa_share,mean_model_disagreement_std,outside_aoa_share,reliability_aware_road_priority_score,field_verification_road_priority_score,hotspot_rank
1692,10.000000000000023,314,True,Highway,1,"Kashgar (Xinjiang, China)",11,0.98867553,0.9938898,0.24585944,0.24340276,0.23197295,0.7677112,0.09090909090909091,0.09090909090909091,0.6363636363636364,1.0,0.030221557,0.0,0.27742749317125837,0.9268021312626925,1
1688,9.999999999999982,314,True,Highway,1,"Kashgar (Xinjiang, China)",10,0.9663774,0.98928934,0.31356466,0.3050002,0.2131964,0.7791959,0.0,0.4,0.8,1.0,0.19555071,0.0,0.27319639682769775,0.9791959047317504,2
1700,10.000000000000043,314,True,Highway,1,"Kashgar (Xinjiang, China)",11,0.9854414,0.9933967,0.16519915,0.16397439,0.16009718,0.8366426,0.09090909090909091,0.09090909090909091,0.7272727272727273,0.7272727272727273,0.040508535,0.2727272727272727,0.20555172725157303,1.045733532038602,3
1701,9.999999999999991,314,True,Highway,1,"Kashgar (Xinjiang, China)",10,0.8810829,0.9934774,0.1415804,0.1395411,0.12787256,0.81574595,0.1,0.1,0.9,0.6,0.10016264,0.4,0.17787255644798278,1.0807459497451783,4
1691,10.00000000000002,314,True,Highway,1,"Kashgar (Xinjiang, China)",11,0.97421175,0.98581946,0.20697388,0.20167631,0.15124255,0.8590433,0.0,0.0,0.8181818181818182,0.9090909090909091,0.1267169,0.09090909090909094,0.15124255418777466,1.0726796637881886,5
1613,10.000000000000027,N35,True,Highway,1,Gilgit-Baltistan,11,0.9936825,0.9945911,0.14575276,0.14488536,0.14242485,0.8546763,0.0,0.0,1.0,1.0,0.007918435,0.0,0.14242485165596008,1.1046763062477112,6
1591,10.000000000000009,N35,True,Highway,1,KP-AJK,11,0.9925678,0.99416775,0.087183766,0.08663472,0.08504043,0.91324294,0.09090909090909091,0.09090909090909091,0.9090909090909091,0.5454545454545454,0.0099195205,0.4545454545454546,0.13049497319893402,1.185970208861611,7
665,9.99999999999999,N50,False,Highway,1,KP-AJK,10,0.90668833,0.9898039,0.112874545,0.11132984,0.10662699,0.8351995,0.0,0.1,0.8,0.4,0.05510078,0.6,0.12162698745727539,1.0951994752883911,8
268,10.000000000000064,M8,False,Highway,1,Balochistan,11,0.8681393,0.99251753,0.080855064,0.07789518,0.07402826,0.88782984,0.09090909090909091,0.09090909090909091,0.9090909090909091,0.45454545454545453,0.20855202,0.5454545454545454,0.1194828064604239,1.1696480220014398,9
1600,10.00000000000001,N35,True,Highway,1,Gilgit-Baltistan,11,0.99255127,0.994943,0.11976368,0.119071156,0.11683956,0.8813463,0.0,0.0,1.0,0.7272727272727273,0.011408884,0.2727272727272727,0.11683955788612366,1.1586190126158975,10
1693,9.999999999999915,314,True,Highway,1,"Kashgar (Xinjiang, China)",10,0.98185253,0.98879564,0.12947237,0.12732363,0.11608825,0.8864433,0.0,0.0,1.0,0.9,0.051537536,0.09999999999999998,0.11608824878931046,1.146443316936493,11
291,9.999999999999917,N85,False,Major road,2,Balochistan,10,0.5290458,0.80839556,0.33000952,0.18850565,0.054313175,0.57331246,0.0,0.4,1.0,0.9,0.31351408,0.09999999999999998,0.11431317538022995,0.8333124613761902,12
505,10.000000000000092,N65,False,Highway,1,Balochistan,11,0.9844713,0.9916536,0.12887134,0.12725967,0.1134015,0.8857866,0.0,0.0,0.8181818181818182,0.6363636363636364,0.0835334,0.36363636363636365,0.11340150237083435,1.1266956838694486,13
276,10.000000000000044,N85,False,Major road,2,Balochistan,11,0.84366,0.9858909,0.23280238,0.19542709,0.105593994,0.81815916,0.0,0.0,1.0,1.0,0.22886871,0.0,0.10559399425983429,1.0681591629981995,14
271,10.000000000000075,N85,False,Major road,2,Balochistan,11,0.9781855,0.9860308,0.1354423,0.13235617,0.10183816,0.9163198,0.0,0.0,1.0,0.9090909090909091,0.095964454,0.09090909090909094,0.10183815658092499,1.1754106965931979,15
295,10.000000000000068,N85,False,Major road,2,Balochistan,11,0.6088628,0.8090345,0.3763955,0.22908169,0.046191834,0.6570855,0.0,0.36363636363636365,1.0,1.0,0.373493,0.0,0.1007372884587808,0.9070854783058167,16
298,9.999999999999897,N85,False,Major road,2,Balochistan,10,0.4060451,0.82492346,0.4442994,0.17830507,0.055007417,0.4616673,0.0,0.3,1.0,1.0,0.31506968,0.0,0.10000741675496101,0.7116672992706299,17
170,10.000000000000032,N25,False,Highway,1,Balochistan,11,0.95119,0.99113417,0.18741693,0.18235599,0.08419912,0.93198127,0.0,0.09090909090909091,1.0,0.9090909090909091,0.31045076,0.09090909090909094,0.09783548672090878,1.1910721746358004,18
1686,10.000000000000025,314,True,Highway,1,"Kashgar (Xinjiang, China)",11,0.96510273,0.9797598,0.19163495,0.18502945,0.09672804,0.9309565,0.0,0.0,0.9090909090909091,1.0,0.240593,0.0,0.09672804176807404,1.1582292101599954,19
282,10.00000000000005,N85,False,Major road,2,Balochistan,11,0.88664645,0.99198556,0.2043611,0.18254508,0.09090838,0.8861134,0.0,0.0,0.9090909090909091,1.0,0.25266975,0.0,0.09090837836265564,1.1133861325003884,20
471,9.999999999999881,N40,False,Highway,1,Balochistan,10,0.542924,0.7592631,0.30621907,0.15436313,0.073209725,0.5714033,0.0,0.1,1.0,1.0,0.24626508,0.0,0.0882097253203392,0.8214033246040344,21
289,9.999999999999975,N85,False,Major road,2,Balochistan,10,0.6757759,0.9179462,0.30476123,0.17810169,0.042365428,0.7286307,0.0,0.3,1.0,1.0,0.36225325,0.0,0.0873654280602932,0.9786307215690613,22
275,9.99999999999995,N85,False,Major road,2,Balochistan,10,0.78479874,0.9894956,0.27474713,0.21147957,0.08600244,0.78510964,0.0,0.0,1.0,1.0,0.2852543,0.0,0.08600243926048279,1.0351096391677856,23
274,9.999999999999954,N85,False,Major road,2,Balochistan,10,0.6635944,0.98084635,0.25465927,0.16710009,0.085749775,0.6807586,0.0,0.0,1.0,1.0,0.24818003,0.0,0.08574977517127991,0.9307585954666138,24
1696,9.999999999999922,314,True,Highway,1,"Kashgar (Xinjiang, China)",10,0.99274284,0.9942025,0.08753146,0.08693708,0.084683776,0.9149289,0.0,0.0,0.9,0.6,0.019279463,0.4,0.08468377590179443,1.1799289131164552,25
499,10.00000000000003,N65,False,Highway,1,Balochistan,11,0.92642516,0.9919119,0.10757325,0.10589693,0.08293155,0.8939329,0.0,0.0,0.9090909090909091,0.8181818181818182,0.10742769,0.18181818181818177,0.08293154835700989,1.1393874244256452,26
498,10.000000000000004,N65,False,Highway,1,Balochistan,11,0.9873404,0.9939441,0.088373475,0.087316774,0.07952908,0.9233648,0.0,0.0,1.0,0.6363636363636364,0.040177595,0.36363636363636365,0.07952907681465149,1.2097284544597973,27
1628,9.999999999999972,N35,True,Highway,1,Gilgit-Baltistan,10,0.99172485,0.99406064,0.081672326,0.08109005,0.079447255,0.91793567,0.0,0.0,1.0,0.7,0.009833321,0.30000000000000004,0.07944725453853607,1.1979356694221497,28
497,10.000000000000016,N65,False,Highway,1,Balochistan,11,0.7901236,0.99001807,0.08579615,0.08441679,0.07885322,0.78575253,0.0,0.0,0.9090909090909091,0.45454545454545453,0.16094768,0.5454545454545454,0.07885321974754333,1.0675707166845148,29
304,9.999999999999975,N85,False,Major road,2,Balochistan,10,0.539503,0.94243056,0.29482156,0.14952114,0.06342007,0.5667015,0.0,0.1,0.9,1.0,0.2778662,0.0,0.07842007219791412,0.7917014718055725,30
278,10.000000000000016,N85,False,Major road,2,Balochistan,11,0.7652439,0.9766338,0.22604452,0.15746306,0.07529322,0.7913036,0.0,0.0,1.0,1.0,0.25081307,0.0,0.07529322057962418,1.04130357503891,31
1695,9.999999999999986,314,True,Highway,1,"Kashgar (Xinjiang, China)",10,0.99074876,0.9941602,0.0925385,0.0916535,0.075184,0.9275055,0.0,0.0,0.9,0.4,0.042430386,0.6,0.07518400251865387,1.2125054931640626,32
458,9.999999999999982,N40,False,Highway,1,Balochistan,10,0.25261325,0.5781035,0.43962318,0.113749966,0.05912145,0.29139063,0.0,0.1,1.0,1.0,0.20543453,0.0,0.07412144854664802,0.5413906276226044,33
1595,9.999999999999982,N35,True,Highway,1,KP-AJK,10,0.9941479,0.9948455,0.07437987,0.073953666,0.072584175,0.9265908,0.0,0.0,1.0,0.8,0.008891207,0.19999999999999996,0.07258417457342148,1.1965908002853394,34
272,9.99999999999996,N85,False,Major road,2,Balochistan,10,0.8318119,0.9818613,0.14710207,0.13202327,0.07143418,0.846362,0.0,0.0,1.0,0.8,0.22794321,0.19999999999999996,0.07143417745828629,1.1163619947433472,35
297,9.99999999999991,N85,False,Major road,2,Balochistan,10,0.5378435,0.9608898,0.18046919,0.13734803,0.040018477,0.6288098,0.0,0.2,1.0,0.8,0.3237209,0.19999999999999996,0.0700184765458107,0.8988098096847534,36
1689,10.0000000000001,314,True,Highway,1,"Kashgar (Xinjiang, China)",11,0.972035,0.9813161,0.119990945,0.11697263,0.06577573,0.96475375,0.0,0.0,1.0,1.0,0.23249812,0.0,0.06577572971582413,1.2147537469863892,37
308,10.000000000000046,N85,False,Major road,2,Balochistan,11,0.9131943,0.97219926,0.15826136,0.15088545,0.065684155,0.9353926,0.0,0.0,1.0,1.0,0.27578938,0.0,0.06568415462970734,1.1853926181793213,38
1626,9.99999999999995,N35,True,Highway,1,Gilgit-Baltistan,10,0.98970574,0.99353534,0.06726188,0.066774756,0.06552379,0.93220997,0.0,0.0,1.0,0.6,0.024726342,0.4,0.06552378833293915,1.2222099685668946,39
647,9.999999999999932,N70,False,Major road,2,Punjab-Sindh lowland corridor,10,0.930658,0.9920927,0.067246385,0.06666441,0.06510909,0.91501254,0.0,0.0,0.9,0.4,0.10375993,0.6,0.06510908901691437,1.200012538433075,40
299,10.000000000000128,N85,False,Major road,2,Balochistan,11,0.28699794,0.59475905,0.44074675,0.13237438,0.051231083,0.36562976,0.0,0.09090909090909091,1.0,1.0,0.28419793,0.0,0.06486744616519322,0.6156297624111176,41
169,10.000000000000012,N25,False,Highway,1,Balochistan,11,0.95980036,0.98546666,0.14834279,0.1431128,0.0637493,0.96300274,0.0,0.0,1.0,1.0,0.26593673,0.0,0.063749298453331,1.2130027413368225,42
474,10.000000000000004,N40,False,Highway,1,Balochistan,11,0.350877,0.5145392,0.36552364,0.13131903,0.049672402,0.43451777,0.0,0.09090909090909091,1.0,1.0,0.28952292,0.0,0.06330876607786526,0.6845177710056305,43
277,9.99999999999998,N85,False,Major road,2,Balochistan,10,0.6331986,0.9729525,0.26730457,0.15617205,0.062225588,0.68217295,0.0,0.0,1.0,1.0,0.2763055,0.0,0.0622255876660347,0.932172954082489,44
290,9.999999999999988,N85,False,Major road,2,Balochistan,10,0.55353445,0.930744,0.29410648,0.15547298,0.047034614,0.63076466,0.0,0.1,1.0,1.0,0.32239088,0.0,0.0620346137881279,0.8807646632194519,45
283,9.99999999999993,N85,False,Major road,2,Balochistan,10,0.56925577,0.92915046,0.26767406,0.1554649,0.046749286,0.64151347,0.0,0.1,1.0,1.0,0.3067127,0.0,0.061749286353588104,0.891513466835022,46
1610,9.999999999999948,N35,True,Highway,1,Gilgit-Baltistan,10,0.9741688,0.99456733,0.06313087,0.0627203,0.061576672,0.935851,0.0,0.0,1.0,0.4,0.045461304,0.6,0.06157667189836502,1.245850977897644,47
472,10.000000000000112,N40,False,Highway,1,Balochistan,11,0.6199597,0.97210366,0.19861518,0.11389036,0.047862593,0.6836094,0.0,0.09090909090909091,1.0,1.0,0.24760032,0.0,0.06149895672093738,0.9336094260215759,48
1699,10.000000000000048,314,True,Highway,1,"Kashgar (Xinjiang, China)",11,0.9874306,0.994704,0.062067464,0.061647605,0.06033187,0.9387216,0.0,0.0,1.0,0.45454545454545453,0.037411466,0.5454545454545454,0.06033186987042427,1.243267051740126,49
1683,9.999999999999938,314,True,Highway,1,"Kashgar (Xinjiang, China)",10,0.94095385,0.9924083,0.08584591,0.082854986,0.05991944,0.9483326,0.0,0.0,1.0,0.7,0.16929826,0.30000000000000004,0.059919439256191254,1.2283326077461243,50
1018,3.029296425694566,N5,False,Highway,1,KP-AJK,6,0.9862203,0.9917914,0.061804306,0.06110235,0.05939856,0.9381954,0.0,0.0,1.0,0.5,0.017613653,0.5,0.05939856171607971,1.2381954073905945,51
269,3.7979647460337427,M8,False,Highway,1,Balochistan,5,0.9637507,0.99157786,0.06353359,0.06275983,0.059344687,0.9384903,0.0,0.0,1.0,0.4,0.0600212,0.6,0.059344686567783356,1.2484902715682984,52
1599,9.999999999999995,N35,True,Highway,1,KP-AJK,10,0.99385566,0.9945575,0.060428463,0.06006015,0.058776844,0.9407469,0.0,0.0,1.0,0.6,0.01010642,0.4,0.058776844292879105,1.2307469034194947,53
506,9.999999999999952,N65,False,Highway,1,Balochistan,10,0.76350105,0.9866739,0.088619925,0.08354954,0.058470327,0.8386892,0.0,0.0,0.9,0.6,0.24453893,0.4,0.05847032740712166,1.1036892080307008,54
245,10.000000000000005,M8,False,Highway,1,Balochistan,11,0.94244426,0.98430556,0.13785926,0.13213263,0.05829897,0.9750698,0.0,0.0,1.0,0.8181818181818182,0.26236448,0.18181818181818177,0.05829897150397301,1.243251639062708,55
239,9.999999999999966,M8,False,Highway,1,Balochistan,10,0.702799,0.8357709,0.19555621,0.13778526,0.057281476,0.7626714,0.0,0.0,1.0,1.0,0.2662192,0.0,0.05728147551417351,1.012671411037445,56
1687,10.00000000000001,314,True,Highway,1,"Kashgar (Xinjiang, China)",11,0.94549924,0.95816106,0.20469579,0.19328505,0.057124153,0.96992743,0.0,0.0,1.0,1.0,0.33684865,0.0,0.05712415277957916,1.219927430152893,57
1597,9.999999999999972,N35,True,Highway,1,KP-AJK,10,0.99452436,0.99494183,0.057376225,0.057079118,0.056059957,0.943343,0.0,0.0,1.0,0.4,0.008724334,0.6,0.056059956550598145,1.2533429837226868,58
1545,9.999999999999911,N35,True,Highway,1,KP-AJK,10,0.99314976,0.99470913,0.0572999,0.056989312,0.05598452,0.9432542,0.0,0.0,1.0,0.3,0.01021996,0.7,0.05598451942205429,1.2632541728019715,59
1612,9.999999999999908,N35,True,Highway,1,Gilgit-Baltistan,10,0.98042727,0.99464345,0.05725004,0.056898665,0.055737443,0.93669,0.0,0.0,1.0,0.4,0.018138934,0.6,0.0557374432682991,1.2466899728775025,60
416,9.999999999999993,unknown,False,Major road,2,Balochistan,10,0.6628933,0.9737235,0.27715084,0.16432801,0.05429866,0.6954328,0.0,0.0,1.0,0.9,0.2885855,0.09999999999999998,0.05429866164922714,0.9554327821731567,61
241,9.99999999999995,M8,False,Highway,1,Balochistan,10,0.60966843,0.9191249,0.16324894,0.1030703,0.053438,0.6602339,0.0,0.0,1.0,0.9,0.20692742,0.09999999999999998,0.05343800038099289,0.9202339148521423,62
280,10.0,N85,False,Major road,2,Balochistan,11,0.396606,0.9041872,0.37287816,0.126433,0.05265591,0.47093096,0.0,0.0,1.0,1.0,0.27039486,0.0,0.0526559092104435,0.7209309637546539,63
292,10.000000000000085,N85,False,Major road,2,Balochistan,11,0.49673185,0.71842206,0.21530312,0.11934504,0.024643831,0.6533283,0.0,0.18181818181818182,1.0,1.0,0.37165728,0.0,0.0519165582277558,0.9033282995223999,64
418,9.99999999999996,unknown,False,Major road,2,Balochistan,10,0.84713686,0.9707143,0.18088219,0.14089186,0.036630284,0.89199317,0.0,0.1,1.0,0.9,0.33558017,0.09999999999999998,0.051630284041166305,1.1519931650161743,65
270,9.999999999999947,N85,False,Major road,2,Balochistan,10,0.82991046,0.9741824,0.15282698,0.12909299,0.05151152,0.8945201,0.0,0.0,1.0,0.9,0.29371807,0.09999999999999998,0.05151151865720749,1.154520103931427,66
1598,10.000000000000027,N35,True,Highway,1,KP-AJK,11,0.994395,0.99491346,0.05206975,0.05178274,0.050829533,0.9487337,0.0,0.0,1.0,0.5454545454545454,0.008793636,0.4545454545454546,0.050829533487558365,1.2441882328553633,67
430,9.999999999999977,unknown,False,Major road,2,Balochistan,10,0.46509647,0.93082815,0.29892844,0.1298181,0.03298821,0.56007105,0.0,0.1,1.0,0.9,0.3344653,0.09999999999999998,0.04798820927739143,0.8200710511207581,68
473,9.999999999999934,N40,False,Highway,1,Balochistan,10,0.4079609,0.78711146,0.28475124,0.11681865,0.047917895,0.49177232,0.0,0.0,1.0,1.0,0.2702227,0.0,0.04791789501905441,0.741772323846817,69
1663,10.000000000000043,219,False,Major road,2,"Kashgar (Xinjiang, China)",11,0.9831005,0.98807037,0.049033735,0.04836853,0.047361135,0.94611907,0.0,0.0,1.0,0.6363636363636364,0.025201034,0.36363636363636365,0.047361135482788086,1.232482706416737,70
709,10.0,unknown,False,Major road,2,Balochistan,11,0.968152,0.9862545,0.061597917,0.060415886,0.044898406,0.9673046,0.0,0.0,1.0,0.6363636363636364,0.20326844,0.36363636363636365,0.04489840567111969,1.2536682237278332,71
1602,10.00000000000005,N35,True,Highway,1,Gilgit-Baltistan,11,0.98259735,0.9931605,0.04449997,0.044142958,0.04286911,0.95414466,0.0,0.0,1.0,0.45454545454545453,0.0373597,0.5454545454545454,0.04286910966038704,1.258690111203627,72
1608,9.999999999999947,N35,True,Highway,1,Gilgit-Baltistan,10,0.9938364,0.99482775,0.043943774,0.04370323,0.042865403,0.9570303,0.0,0.0,1.0,0.6,0.011271124,0.4,0.04286540299654007,1.2470302963256836,73
646,9.999999999999966,N70,False,Major road,2,Punjab-Sindh lowland corridor,10,0.9562647,0.99282783,0.053414892,0.052592486,0.042790078,0.9654706,0.0,0.0,1.0,0.5,0.16563909,0.5,0.04279007762670517,1.2654706120491028,74
1607,9.999999999999957,N35,True,Highway,1,Gilgit-Baltistan,10,0.99394625,0.9949822,0.043919988,0.043644536,0.042664804,0.9572231,0.0,0.0,1.0,0.5,0.009947171,0.5,0.04266480356454849,1.257223117351532,75
246,9.999999999999957,M8,False,Highway,1,Balochistan,10,0.93794537,0.982698,0.123162806,0.11542322,0.04261159,0.9788784,0.0,0.0,1.0,1.0,0.31446663,0.0,0.04261159151792526,1.228878378868103,76
1611,9.999999999999957,N35,True,Highway,1,Gilgit-Baltistan,10,0.99252224,0.9946739,0.043244995,0.042959914,0.042046018,0.9567568,0.0,0.0,1.0,0.5,0.010237835,0.5,0.042046017944812775,1.2567567706108094,77
242,9.999999999999925,M8,False,Highway,1,Balochistan,10,0.5248147,0.80562794,0.17524469,0.09071174,0.041780315,0.61660635,0.0,0.0,1.0,1.0,0.24580827,0.0,0.04178031533956528,0.8666063547134399,78
279,9.999999999999986,N85,False,Major road,2,Balochistan,10,0.26452932,0.4891869,0.4018182,0.100733355,0.041713636,0.36525983,0.0,0.0,1.0,1.0,0.2713456,0.0,0.04171363636851311,0.6152598261833191,79
305,10.00000000000001,N85,False,Major road,2,Balochistan,11,0.6539078,0.9583397,0.23572789,0.12605637,0.041439533,0.7344956,0.0,0.0,1.0,1.0,0.31490648,0.0,0.04143953323364258,0.9844955801963806,80
1601,9.99999999999999,N35,True,Highway,1,Gilgit-Baltistan,10,0.98832285,0.9945616,0.04251079,0.04225486,0.041433066,0.957881,0.0,0.0,1.0,0.5,0.017244313,0.5,0.04143306612968445,1.257880973815918,81
1603,9.999999999999956,N35,True,Highway,1,Gilgit-Baltistan,10,0.987572,0.9949692,0.042281024,0.042046584,0.041195408,0.9561197,0.0,0.0,1.0,0.5,0.016810793,0.5,0.04119540750980377,1.25611971616745,82
460,9.999999999999998,N40,False,Highway,1,Balochistan,10,0.23145428,0.49327263,0.3717823,0.08555806,0.041150685,0.31690246,0.0,0.0,1.0,1.0,0.23032323,0.0,0.04115068539977074,0.5669024586677551,83
1540,9.999999999999996,N35,True,Highway,1,KP-AJK,10,0.98612577,0.9939158,0.042123854,0.04182797,0.04088036,0.95851195,0.0,0.0,0.9,0.4,0.025916848,0.6,0.04088035970926285,1.2435119485855104,84
415,10.000000000000004,unknown,False,Major road,2,Balochistan,11,0.92558825,0.9722795,0.16751426,0.15231858,0.040839996,0.9684074,0.0,0.0,1.0,0.9090909090909091,0.3317584,0.09090909090909094,0.04083999618887901,1.22749830159274,85
1609,10.000000000000068,N35,True,Highway,1,Gilgit-Baltistan,11,0.9915381,0.99456733,0.041181542,0.040950272,0.040206,0.95914555,0.0,0.0,1.0,0.2727272727272727,0.014023486,0.7272727272727273,0.040206000208854675,1.2818728186867454,86
281,9.999999999999945,N85,False,Major road,2,Balochistan,10,0.28243753,0.40503198,0.34926766,0.10236442,0.039899863,0.39201874,0.0,0.0,1.0,0.9,0.28546327,0.09999999999999998,0.03989986330270767,0.652018735408783,87
1795,9.999999999999991,unknown,False,Major road,2,"Kashgar (Xinjiang, China)",10,0.9452863,0.98905635,0.049522586,0.047917508,0.039840147,0.9574879,0.0,0.0,1.0,0.2,0.20000497,0.8,0.03984014689922333,1.2874878811836243,88
487,9.999999999999844,N40,False,Highway,1,Balochistan,10,0.90783393,0.9794492,0.06389094,0.061029922,0.039574463,0.9726721,0.0,0.0,1.0,0.7,0.24747415,0.30000000000000004,0.03957446292042732,1.2526721048355103,89
300,9.999999999999936,N85,False,Major road,2,Balochistan,10,0.3662391,0.8736927,0.24966681,0.1006477,0.024526743,0.48743477,0.0,0.1,0.9,1.0,0.32180953,0.0,0.039526743218302726,0.7124347746372223,90
420,10.000000000000034,unknown,False,Major road,2,Balochistan,11,0.22856635,0.41442388,0.36118868,0.08371978,0.03824946,0.31498224,0.0,0.0,1.0,1.0,0.22915064,0.0,0.038249459117650986,0.5649822354316711,91
124,9.999999999999954,unknown,False,Highway,1,Balochistan,10,0.72248876,0.8895752,0.13671699,0.099770166,0.037724487,0.8330614,0.0,0.0,1.0,1.0,0.2833043,0.0,0.037724487483501434,1.083061397075653,92
1604,9.99999999999997,N35,True,Highway,1,Gilgit-Baltistan,10,0.9860481,0.99475735,0.038590092,0.038337857,0.037403714,0.9628644,0.0,0.0,1.0,0.6,0.038221486,0.4,0.037403713911771774,1.2528643989562989,93
238,9.999999999999991,M8,False,Highway,1,Balochistan,10,0.668369,0.8821111,0.10021789,0.076550595,0.036899924,0.747867,0.0,0.0,1.0,0.9,0.21082294,0.09999999999999998,0.03689992427825928,1.0078669881820679,94
1702,10.000000000000002,314,True,Highway,1,"Kashgar (Xinjiang, China)",11,0.6754731,0.9755991,0.089109905,0.07836029,0.03646981,0.80895495,0.0,0.0,1.0,0.6363636363636364,0.30753496,0.36363636363636365,0.03646980971097946,1.0953185905109752,95
422,9.999999999999979,unknown,False,Major road,2,Balochistan,10,0.3312874,0.6131382,0.234463,0.06012817,0.036431603,0.40473285,0.0,0.0,1.0,0.9,0.17990634,0.09999999999999998,0.036431603133678436,0.6647328531742096,96
1797,9.999999999999995,unknown,False,Major road,2,"Kashgar (Xinjiang, China)",10,0.98712003,0.98963726,0.041733086,0.04109419,0.03608198,0.96557915,0.0,0.0,1.0,0.2,0.049338054,0.8,0.03608198091387749,1.2955791521072388,97
413,10.0,unknown,False,Major road,2,Balochistan,11,0.41807577,0.6005659,0.2572256,0.11399189,0.035986383,0.53987163,0.0,0.0,1.0,1.0,0.31757545,0.0,0.03598638251423836,0.7898716330528259,98
667,9.999999999999998,N50,False,Highway,1,KP-AJK,10,0.93703043,0.99127513,0.03734932,0.03696554,0.035932746,0.9265334,0.0,0.0,1.0,0.4,0.037442647,0.6,0.0359327457845211,1.2365334010124207,99
171,10.000000000000018,N25,False,Highway,1,Balochistan,11,0.890217,0.98767847,0.06502387,0.0631847,0.035186365,0.9423123,0.0,0.0,1.0,0.5454545454545454,0.23682393,0.4545454545454546,0.035186365246772766,1.2377668456597761,100
309,9.999999999999975,N85,False,Major road,2,Balochistan,10,0.9333118,0.9816854,0.092303544,0.08781524,0.03510154,0.97553414,0.0,0.0,1.0,0.8,0.30898637,0.19999999999999996,0.03510154038667679,1.2455341410636902,101
266,10.000000000000117,M8,False,Highway,1,Balochistan,11,0.8110929,0.988263,0.094600886,0.0679656,0.034802005,0.8838322,0.0,0.0,1.0,0.7272727272727273,0.23933879,0.2727272727272727,0.03480200469493866,1.1611049435355447,102
427,9.999999999999972,unknown,False,Major road,2,Balochistan,10,0.2863935,0.7818464,0.31166792,0.08384596,0.034219634,0.40809432,0.0,0.0,1.0,0.9,0.2768448,0.09999999999999998,0.03421963378787041,0.6680943167209625,103
664,10.000000000000046,N50,False,Highway,1,KP-AJK,11,0.8315382,0.9855051,0.03607024,0.0355375,0.034194004,0.86108226,0.0,0.0,0.9090909090909091,0.09090909090909091,0.12916979,0.9090909090909091,0.03419400379061699,1.1792640740221196,104
1796,9.999999999999972,unknown,False,Major road,2,"Kashgar (Xinjiang, China)",10,0.98716676,0.9899435,0.038198136,0.037626963,0.034109794,0.96576595,0.0,0.0,1.0,0.2,0.035737775,0.8,0.03410979360342026,1.295765953063965,105
1684,9.999999999999977,314,True,Highway,1,"Kashgar (Xinjiang, China)",10,0.8338458,0.94916457,0.055810075,0.05058826,0.03410134,0.9109907,0.0,0.0,1.0,0.8,0.1860655,0.19999999999999996,0.03410134091973305,1.1809907150268555,106
243,9.999999999999993,M8,False,Highway,1,Balochistan,10,0.5132744,0.7204115,0.13898192,0.07271078,0.034085095,0.61705315,0.0,0.0,1.0,0.9,0.23770857,0.09999999999999998,0.034085094928741455,0.8770531511306763,107
423,10.000000000000007,unknown,False,Major road,2,Balochistan,11,0.47525445,0.8984196,0.17136878,0.06534039,0.0340822,0.56769615,0.0,0.0,1.0,0.9090909090909091,0.21844907,0.09090909090909094,0.03408220037817955,0.8267870632084933,108
232,10.00000000000007,M8,False,Highway,1,Balochistan,11,0.54925007,0.8680994,0.23575808,0.12636548,0.03406765,0.6693733,0.0,0.0,1.0,1.0,0.33198828,0.0,0.03406764939427376,0.9193732738494873,109
431,10.000000000000027,unknown,False,Major road,2,Balochistan,11,0.6935286,0.9597091,0.20395075,0.13871412,0.033930954,0.7724771,0.0,0.0,1.0,0.9090909090909091,0.3392459,0.09090909090909094,0.033930953592061996,1.0315679994496432,110
457,9.999999999999979,N40,False,Highway,1,Balochistan,10,0.18908094,0.36751202,0.36792916,0.069538064,0.033656657,0.2745109,0.0,0.0,0.9,1.0,0.22622414,0.0,0.03365665674209595,0.4995108902454376,111
602,9.999999999999964,N25,False,Highway,1,Balochistan,10,0.7451647,0.9817105,0.06263563,0.05233972,0.033383556,0.8875721,0.0,0.0,1.0,0.5,0.29317576,0.5,0.033383555710315704,1.1875721096992493,112
1614,6.452888340405099,N35,True,Highway,1,Gilgit-Baltistan,9,0.98281205,0.9933275,0.033976726,0.03365057,0.033094343,0.9596074,0.0,0.0,1.0,0.3333333333333333,0.014069359,0.6666666666666667,0.033094342797994614,1.2762740890185038,113
470,10.000000000000078,N40,False,Highway,1,Balochistan,11,0.22447796,0.6481967,0.075214915,0.040997684,0.019366942,0.32026604,0.0,0.09090909090909091,0.6363636363636364,0.2727272727272727,0.27081487,0.7272727272727273,0.03300330598245967,0.5520842199975794,114
459,10.000000000000103,N40,False,Highway,1,Balochistan,11,0.25345147,0.49327263,0.27480987,0.07163958,0.03286424,0.324558,0.0,0.0,0.8181818181818182,1.0,0.22934324,0.0,0.03286423906683922,0.5291034443811937,115
428,10.000000000000032,unknown,False,Major road,2,Balochistan,11,0.56086403,0.94712925,0.24854521,0.10316205,0.032771233,0.6692905,0.0,0.0,1.0,0.9090909090909091,0.3107438,0.09090909090909094,0.03277123346924782,0.9283813920888033,116
1685,10.000000000000043,314,True,Highway,1,"Kashgar (Xinjiang, China)",11,0.9123613,0.96953154,0.06361422,0.05920825,0.031481866,0.9801243,0.0,0.0,1.0,0.8181818181818182,0.24620181,0.18181818181818177,0.03148186579346657,1.248306112939661,117
288,10.000000000000021,N85,False,Major road,2,Balochistan,11,0.6761484,0.912239,0.13943285,0.08987775,0.01781779,0.81590444,0.0,0.09090909090909091,1.0,0.8181818181818182,0.36369693,0.18181818181818177,0.03145415332507003,1.084086256677454,118
945,10.000000000000004,unknown,False,Major road,2,KP-AJK,11,0.94634783,0.983434,0.037533496,0.03686468,0.03143193,0.97006166,0.0,0.0,0.9090909090909091,0.18181818181818182,0.25819203,0.8181818181818181,0.031431928277015686,1.2791525689038363,119
296,10.00000000000011,N85,False,Major road,2,Balochistan,11,0.27244866,0.6888565,0.19841771,0.06595728,0.017772006,0.4456396,0.0,0.09090909090909091,1.0,0.9090909090909091,0.32210156,0.09090909090909094,0.031408369507301935,0.7047305193814364,120
225,9.999999999999961,M8,False,Highway,1,Balochistan,10,0.68668216,0.8877177,0.10770144,0.072692595,0.031389188,0.79612607,0.0,0.0,1.0,1.0,0.26099414,0.0,0.03138918802142143,1.0461260676383972,121
1547,9.999999999999867,N35,True,Highway,1,KP-AJK,10,0.9935015,0.99433494,0.03161633,0.031434238,0.030884337,0.96859515,0.0,0.0,1.0,0.2,0.009448208,0.8,0.030884336680173874,1.2985951471328736,122
1694,10.000000000000034,314,True,Highway,1,"Kashgar (Xinjiang, China)",11,0.9796974,0.9905573,0.035380837,0.034656968,0.030826606,0.97034985,0.0,0.0,1.0,0.45454545454545453,0.041599676,0.5454545454545454,0.03082660585641861,1.2748953028158707,123
303,10.000000000000052,N85,False,Major road,2,Balochistan,11,0.22639231,0.44139832,0.32981446,0.08156336,0.030564327,0.33355737,0.0,0.0,0.9090909090909091,1.0,0.2755288,0.0,0.0305643267929554,0.5608300945975564,124
666,9.999999999999991,N50,False,Highway,1,KP-AJK,10,0.93791926,0.9852746,0.04065569,0.039685924,0.03007863,0.968624,0.0,0.0,1.0,0.4,0.15370624,0.6,0.03007863089442253,1.2786239957809449,125
1625,10.000000000000018,N35,True,Highway,1,Gilgit-Baltistan,11,0.9893113,0.9935143,0.030264307,0.030039674,0.029516464,0.9682076,0.0,0.0,1.0,0.45454545454545453,0.023211984,0.5454545454545454,0.029516464099287987,1.2727530522779984,126
1794,10.000000000000046,unknown,False,Major road,2,"Kashgar (Xinjiang, China)",11,0.931259,0.9862553,0.04606428,0.04440653,0.029447729,0.9548239,0.0,0.0,1.0,0.2727272727272727,0.20066181,0.7272727272727273,0.029447728767991066,1.2775511839173057,127
435,5.125400245619066,84,False,Highway,1,Balochistan,8,0.39474845,0.88339376,0.2621047,0.10354341,0.029193336,0.49909163,0.0,0.0,1.0,0.75,0.27999622,0.25,0.0291933361440897,0.7740916252136231,128
1680,9.999999999999991,314,True,Highway,1,"Kashgar (Xinjiang, China)",10,0.9480718,0.980282,0.035091,0.033415545,0.029040813,0.9628242,0.0,0.0,1.0,0.5,0.104012586,0.5,0.029040813446044922,1.2628242254257203,129
429,10.000000000000002,unknown,False,Major road,2,Balochistan,11,0.6434648,0.96441483,0.17698003,0.09320751,0.02899773,0.7567205,0.0,0.0,1.0,0.8181818181818182,0.30924875,0.18181818181818177,0.02899773046374321,1.0249023014848881,130
1605,9.999999999999966,N35,True,Highway,1,Gilgit-Baltistan,10,0.99112606,0.99462914,0.02965333,0.029468874,0.028870389,0.9709058,0.0,0.0,1.0,0.5,0.013714169,0.5,0.028870388865470886,1.2709057807922364,131
1065,9.999999999999977,N45,False,Major road,2,KP-AJK,10,0.9898073,0.9943931,0.029489983,0.029306207,0.028694713,0.9708986,0.0,0.0,1.0,0.2,0.016352048,0.8,0.02869471348822117,1.3008986282348634,132
391,9.999999999999995,N25,False,Highway,1,Balochistan,10,0.7980384,0.97654235,0.07924968,0.073032156,0.028636824,0.9071997,0.0,0.0,1.0,0.7,0.2963812,0.30000000000000004,0.02863682433962822,1.1871996808052063,133
1698,10.000000000000115,314,True,Highway,1,"Kashgar (Xinjiang, China)",11,0.9937832,0.9948515,0.029385675,0.029209007,0.028601037,0.97148156,0.0,0.0,1.0,0.45454545454545453,0.010663232,0.5454545454545454,0.028601037338376045,1.276027016206221,134
433,10.000000000000032,unknown,False,Major road,2,Balochistan,11,0.7230475,0.97345525,0.1792046,0.12710068,0.028432019,0.8147297,0.0,0.0,1.0,0.8181818181818182,0.34355158,0.18181818181818177,0.02843201905488968,1.082911508733576,135
294,9.999999999999936,N85,False,Major road,2,Balochistan,10,0.41086864,0.54877925,0.29747504,0.12257745,0.028348276,0.55452245,0.0,0.0,1.0,1.0,0.35857898,0.0,0.028348276391625404,0.8045224547386169,136
486,9.999999999999961,N40,False,Highway,1,Balochistan,10,0.35497087,0.81435776,0.21698351,0.08810057,0.028010214,0.49434438,0.0,0.0,1.0,1.0,0.30637798,0.0,0.028010213747620583,0.7443443834781647,137
405,9.999999999999957,N25,False,Highway,1,Balochistan,10,0.6193889,0.97500664,0.05723063,0.045461748,0.027946126,0.737054,0.0,0.0,1.0,0.6,0.2403115,0.4,0.027946125715970993,1.0270539903640747,138
1539,9.999999999999968,N35,True,Highway,1,KP-AJK,10,0.9717391,0.98936105,0.02797116,0.02765854,0.027049148,0.9698931,0.0,0.0,1.0,0.4,0.06949619,0.6,0.027049148455262184,1.2798930978775025,139
1661,9.999999999999973,219,False,Major road,2,"Kashgar (Xinjiang, China)",10,0.9531635,0.97799194,0.037081927,0.03563311,0.026959721,0.9789856,0.0,0.0,1.0,0.5,0.20437257,0.5,0.026959720999002457,1.278985607624054,140
419,10.000000000000012,unknown,False,Major road,2,Balochistan,11,0.21670546,0.35089234,0.25341406,0.05202508,0.026487768,0.32748166,0.0,0.0,1.0,0.9090909090909091,0.2192722,0.09090909090909094,0.026487767696380615,0.5865725663575259,141
404,9.999999999999977,N25,False,Highway,1,Balochistan,10,0.8573945,0.96088135,0.06445539,0.053919017,0.026483675,0.95596504,0.0,0.0,1.0,0.6,0.28307226,0.4,0.026483675464987755,1.2459650421142578,142
1633,7.928253035307745,N35,True,Highway,1,Gilgit-Baltistan,10,0.9934654,0.9947104,0.026987469,0.026822422,0.02633363,0.9731415,0.0,0.0,1.0,0.3,0.009186199,0.7,0.026333630084991455,1.2931414914131165,143
1681,9.999999999999947,314,True,Highway,1,"Kashgar (Xinjiang, China)",10,0.9299797,0.9734253,0.031912416,0.031003255,0.026108474,0.97695667,0.0,0.0,1.0,0.3,0.17343764,0.7,0.026108473539352417,1.2969566655158997,144
240,10.000000000000028,M8,False,Highway,1,Balochistan,11,0.525631,0.85108197,0.10226746,0.048163436,0.026028452,0.6256156,0.0,0.0,1.0,1.0,0.20630056,0.0,0.026028452441096306,0.8756155967712402,145
237,10.000000000000036,M8,False,Highway,1,Balochistan,11,0.66438967,0.83821684,0.08059071,0.05054115,0.025479404,0.78574413,0.0,0.0,1.0,1.0,0.24800085,0.0,0.025479404255747795,1.0357441306114197,146
33,10.0,M9,False,Highway,1,Punjab-Sindh lowland corridor,11,0.6220529,0.914697,0.055209983,0.038138177,0.02534827,0.661066,0.0,0.0,1.0,0.45454545454545453,0.10391276,0.5454545454545454,0.025348270311951637,0.9656114502386614,147
501,10.000000000000002,N65,False,Highway,1,Balochistan,11,0.94459873,0.99096894,0.03260438,0.031685796,0.024570525,0.981629,0.0,0.0,1.0,0.5454545454545454,0.2189556,0.4545454545454546,0.0245705246925354,1.2770835594697432,148
432,10.000000000000046,unknown,False,Major road,2,Balochistan,11,0.68533903,0.97345525,0.13862039,0.09877553,0.02448641,0.8091646,0.0,0.0,1.0,0.9090909090909091,0.31061214,0.09090909090909094,0.02448640950024128,1.068255492773923,149
1064,9.999999999999966,N45,False,Major road,2,KP-AJK,10,0.9925977,0.99437284,0.025134588,0.024966896,0.02443779,0.9748198,0.0,0.0,1.0,0.3,0.010190576,0.7,0.024437790736556053,1.2948197793960572,150
1619,10.000000000000009,N35,True,Highway,1,Gilgit-Baltistan,11,0.99356884,0.99472976,0.024955304,0.024815155,0.024372345,0.9748315,0.0,0.0,1.0,0.18181818181818182,0.008674276,0.8181818181818181,0.024372344836592674,1.3066497033292597,151
642,10.000000000000087,N70,False,Major road,2,Balochistan,11,0.6356606,0.9605064,0.10446725,0.06977505,0.024260996,0.7953675,0.0,0.0,1.0,0.7272727272727273,0.3181698,0.2727272727272727,0.024260995909571648,1.0726402065970682,152
414,10.00000000000001,unknown,False,Major road,2,Balochistan,11,0.7362148,0.97316873,0.14059308,0.082225144,0.024209827,0.8278233,0.0,0.0,1.0,1.0,0.33022565,0.0,0.024209827184677124,1.077823281288147,153
1015,10.000000000000002,N5,False,Highway,1,KP-AJK,11,0.7296323,0.9869019,0.032863844,0.032182477,0.024183376,0.7756132,0.0,0.0,1.0,0.18181818181818182,0.15347268,0.8181818181818181,0.024183375760912895,1.107431370561773,154
233,9.999999999999957,M8,False,Highway,1,Balochistan,10,0.48218066,0.6910585,0.12688614,0.063369155,0.023766289,0.6172845,0.0,0.0,1.0,1.0,0.26731732,0.0,0.0237662885338068,0.8672844767570496,155
306,9.999999999999888,N85,False,Major road,2,Balochistan,10,0.4053945,0.5717403,0.16403289,0.061356895,0.023602352,0.5564319,0.0,0.0,1.0,1.0,0.28606755,0.0,0.023602351546287537,0.8064318895339966,156
1629,9.999999999999998,N35,True,Highway,1,Gilgit-Baltistan,10,0.9855223,0.9942942,0.02430514,0.024125267,0.023582978,0.97358644,0.0,0.0,1.0,0.2,0.044791732,0.8,0.023582978174090385,1.3035864400863648,157
1682,10.000000000000032,314,True,Highway,1,"Kashgar (Xinjiang, China)",11,0.970207,0.9924083,0.028076865,0.027390497,0.02320001,0.9845293,0.0,0.0,1.0,0.45454545454545453,0.10070414,0.5454545454545454,0.023200010880827904,1.289074770970778,158
164,10.000000000000004,N25,False,Highway,1,Balochistan,11,0.92611986,0.99141884,0.03977784,0.037992407,0.023127638,0.97569335,0.0,0.0,1.0,0.7272727272727273,0.20803933,0.2727272727272727,0.023127637803554535,1.2529660723426126,159
138,9.999999999999957,unknown,False,Highway,1,Balochistan,10,0.68027157,0.9693132,0.072127566,0.044606633,0.023114402,0.7841488,0.0,0.0,1.0,0.9,0.24831,0.09999999999999998,0.0231144018471241,1.0441488122940064,160
682,9.999999999999984,N50,False,Highway,1,Balochistan,10,0.6647343,0.9922476,0.0834539,0.07243522,0.023097714,0.78027034,0.0,0.0,1.0,0.5,0.29622477,0.5,0.02309771440923214,1.0802703380584717,161
1679,10.000000000000027,314,True,Highway,1,"Kashgar (Xinjiang, China)",11,0.9298054,0.9778199,0.0448191,0.041888528,0.022967778,0.98697466,0.0,0.0,1.0,0.45454545454545453,0.24105573,0.5454545454545454,0.022967778146266937,1.2915201111273331,162
226,10.000000000000085,M8,False,Highway,1,Balochistan,11,0.859943,0.9454359,0.08132622,0.07108681,0.022823447,0.97269416,0.0,0.0,1.0,1.0,0.31319323,0.0,0.022823447361588478,1.2226941585540771,163
456,10.00000000000004,N40,False,Highway,1,Balochistan,11,0.17972845,0.30121112,0.31489888,0.058055107,0.022709545,0.30217874,0.0,0.0,0.9090909090909091,1.0,0.25771278,0.0,0.022709544748067856,0.5294514677741311,164
475,10.00000000000005,N40,False,Highway,1,Balochistan,11,0.60790396,0.94241905,0.10730917,0.045652345,0.022467371,0.73424417,0.0,0.0,1.0,0.7272727272727273,0.2645558,0.2727272727272727,0.022467371076345444,1.0115168950774454,165
662,10.000000000000034,N50,False,Highway,1,KP-AJK,11,0.6582052,0.99303436,0.024624223,0.024099058,0.02235848,0.6997823,0.0,0.0,1.0,0.2727272727272727,0.09368565,0.7272727272727273,0.022358480840921402,1.022509584643624,166
1666,10.000000000000046,219,False,Major road,2,"Kashgar (Xinjiang, China)",11,0.9772675,0.98685133,0.024919955,0.024466546,0.022297852,0.9770554,0.0,0.0,1.0,0.2727272727272727,0.07093824,0.7272727272727273,0.022297851741313934,1.2997826435349205,167
426,10.00000000000002,unknown,False,Major road,2,Balochistan,11,0.33049873,0.81766665,0.13815004,0.043288097,0.02195606,0.45344207,0.0,0.0,1.0,0.8181818181818182,0.22850713,0.18181818181818177,0.021956060081720352,0.7216238850897009,168
1546,10.000000000000092,N35,True,Highway,1,KP-AJK,11,0.99243313,0.99464005,0.022209428,0.022088604,0.021702822,0.9780899,0.0,0.0,1.0,0.2727272727272727,0.011876426,0.7272727272727273,0.021702822297811508,1.300817201354287,169
971,10.000000000000004,unknown,False,Major road,2,KP-AJK,11,0.940408,0.98362696,0.031735383,0.030371932,0.021557244,0.9841613,0.0,0.0,1.0,0.45454545454545453,0.17290162,0.5454545454545454,0.021557243540883064,1.2887067718939347,170
1773,10.000000000000021,unknown,False,Major road,2,"Kashgar (Xinjiang, China)",11,0.6892966,0.95857674,0.07160702,0.05550003,0.021542741,0.8325561,0.0,0.0,1.0,0.5454545454545454,0.29168126,0.4545454545454546,0.021542740985751152,1.1280106739564375,171
462,9.999999999999917,N40,False,Highway,1,Balochistan,10,0.18224907,0.2313707,0.23644702,0.047160514,0.021521386,0.33997446,0.0,0.0,1.0,1.0,0.27595472,0.0,0.02152138575911522,0.5899744629859924,172
178,9.99999999999997,N25,False,Highway,1,Balochistan,10,0.92289865,0.9822019,0.054297052,0.05257638,0.0214751,0.9813325,0.0,0.0,1.0,0.5,0.32075638,0.5,0.02147510088980198,1.2813324809074402,173
247,9.999999999999993,M8,False,Highway,1,Balochistan,10,0.96900684,0.9790815,0.0953975,0.09244581,0.021391373,1.0,0.0,0.0,1.0,1.0,0.35967422,0.0,0.0213913731276989,1.25,174
641,10.000000000000005,N70,False,Major road,2,Balochistan,11,0.6462302,0.92215425,0.12273239,0.10114116,0.021340307,0.80882436,0.0,0.0,1.0,0.5454545454545454,0.37089235,0.4545454545454546,0.021340306848287582,1.1042789058251814,175
455,10.000000000000046,N40,False,Highway,1,Balochistan,11,0.13559547,0.23538432,0.2788638,0.038803563,0.020486102,0.15440872,0.0,0.0,0.2727272727272727,1.0,0.19785634,0.0,0.020486101508140564,0.2225905412977392,176
634,10.000000000000066,N70,False,Major road,2,Balochistan,11,0.81589085,0.9709149,0.04503474,0.039301574,0.020133115,0.9274952,0.0,0.0,1.0,0.5454545454545454,0.2686013,0.4545454545454546,0.020133115351200104,1.2229497270150618,177
502,10.000000000000002,N65,False,Highway,1,Balochistan,11,0.96450156,0.99261147,0.031621385,0.030834883,0.020055724,0.987317,0.0,0.0,1.0,0.5454545454545454,0.16424285,0.4545454545454546,0.020055724307894707,1.282771571116014,178
287,10.000000000000062,N85,False,Major road,2,Balochistan,11,0.63805234,0.9447829,0.12160584,0.062372282,0.019874884,0.77023256,0.0,0.0,1.0,0.7272727272727273,0.33690274,0.2727272727272727,0.01987488381564617,1.0475052855231546,179
259,10.000000000000089,M8,False,Highway,1,Balochistan,11,0.5039333,0.948362,0.17355593,0.07607171,0.019826693,0.658719,0.0,0.0,1.0,0.9090909090909091,0.32921958,0.09090909090909094,0.019826693460345268,0.91780991229144,180
1798,10.000000000000032,unknown,False,Major road,2,"Kashgar (Xinjiang, China)",11,0.973665,0.98436195,0.03175598,0.031016838,0.019638583,0.9848404,0.0,0.0,1.0,0.18181818181818182,0.16490012,0.8181818181818181,0.019638583064079285,1.316658574884588,181
406,10.000000000000075,N25,False,Highway,1,Balochistan,11,0.64650095,0.96254915,0.05990261,0.029997231,0.019611165,0.7329956,0.0,0.0,0.9090909090909091,0.36363636363636365,0.27149054,0.6363636363636364,0.019611164927482605,1.023904720219699,182
230,10.000000000000071,M8,False,Highway,1,Balochistan,11,0.48974732,0.81869954,0.119675525,0.055296477,0.019405972,0.6570603,0.0,0.0,1.0,0.8181818181818182,0.3061333,0.18181818181818177,0.019405972212553024,0.9252421433275396,183
461,9.999999999999973,N40,False,Highway,1,Balochistan,10,0.21902363,0.44267777,0.22759779,0.05434128,0.019358719,0.3858453,0.0,0.0,1.0,1.0,0.29787776,0.0,0.019358718767762184,0.6358453035354614,184
403,9.99999999999996,N25,False,Highway,1,Balochistan,10,0.58685267,0.9041534,0.14489378,0.06904706,0.019222166,0.7482746,0.0,0.0,1.0,1.0,0.3410801,0.0,0.019222166389226913,0.9982746243476868,185
1606,10.000000000000089,N35,True,Highway,1,Gilgit-Baltistan,11,0.98394054,0.9946296,0.019420715,0.019315831,0.018969031,0.98084277,0.0,0.0,1.0,0.18181818181818182,0.041578997,0.8181818181818181,0.018969031050801277,1.3126609509641474,186
1697,9.999999999999888,314,True,Highway,1,"Kashgar (Xinjiang, China)",10,0.99400187,0.99460423,0.019251883,0.019141445,0.018747153,0.9811827,0.0,0.0,1.0,0.2,0.010561852,0.8,0.018747152760624886,1.3111826944351197,187
293,10.000000000000034,N85,False,Major road,2,Balochistan,11,0.2942086,0.5807561,0.20956154,0.0708235,0.018720685,0.46096048,0.0,0.0,1.0,1.0,0.31998318,0.0,0.018720684573054314,0.7109604775905609,188
485,10.000000000000048,N40,False,Highway,1,Balochistan,11,0.8341601,0.9710676,0.086851224,0.06384613,0.018680895,0.9240557,0.0,0.0,1.0,0.5454545454545454,0.31385013,0.4545454545454546,0.018680894747376442,1.2195102409882979,189
425,10.00000000000008,unknown,False,Major road,2,Balochistan,11,0.668556,0.966468,0.09767985,0.043444235,0.018452993,0.77734685,0.0,0.0,1.0,0.7272727272727273,0.28935754,0.2727272727272727,0.018452992662787437,1.0546195767142557,190
1690,9.99999999999996,314,True,Highway,1,"Kashgar (Xinjiang, China)",10,0.97388065,0.98711663,0.020007933,0.019726425,0.018337104,0.9830211,0.0,0.0,1.0,0.3,0.17312813,0.7,0.018337104469537735,1.303021080493927,191
615,10.000000000000098,N25,False,Highway,1,Balochistan,11,0.88118327,0.96512496,0.040622927,0.038921956,0.018194197,0.9680239,0.0,0.0,1.0,0.5454545454545454,0.27631783,0.4545454545454546,0.01819419674575329,1.2634784416718916,192
708,10.000000000000002,unknown,False,Major road,2,Balochistan,11,0.7853267,0.9792662,0.07666334,0.06708311,0.017915653,0.9182959,0.0,0.0,1.0,0.7272727272727273,0.33971727,0.2727272727272727,0.017915653064846992,1.1955686471678995,193
1793,10.000000000000014,unknown,False,Major road,2,"Kashgar (Xinjiang, China)",11,0.78762895,0.95936614,0.07923443,0.06260678,0.017822387,0.9148319,0.0,0.0,1.0,0.5454545454545454,0.34222028,0.4545454545454546,0.0178223866969347,1.2102864222093062,194
1678,9.99999999999999,314,True,Highway,1,"Kashgar (Xinjiang, China)",10,0.917618,0.96715206,0.048730306,0.046275176,0.017789843,0.9963255,0.0,0.0,1.0,0.4,0.31728762,0.6,0.017789842560887337,1.3063254928588868,195
1664,10.000000000000014,219,False,Major road,2,"Kashgar (Xinjiang, China)",11,0.9762335,0.9858454,0.018954547,0.018627381,0.017729882,0.9822285,0.0,0.0,1.0,0.5454545454545454,0.078975916,0.4545454545454546,0.017729882150888443,1.277683062986894,196
286,10.000000000000004,N85,False,Major road,2,Balochistan,11,0.38107738,0.47576192,0.10992584,0.04370074,0.017462458,0.5419445,0.0,0.0,1.0,0.8181818181818182,0.27552637,0.18181818181818177,0.017462458461523056,0.8101263219659979,197
32,9.99999999999997,M9,False,Highway,1,Punjab-Sindh lowland corridor,10,0.402783,0.9293105,0.066312924,0.020474175,0.01721338,0.43482947,0.0,0.0,1.0,0.8,0.07073848,0.19999999999999996,0.017213379964232445,0.7048294734954834,198
125,10.000000000000023,unknown,False,Highway,1,Balochistan,11,0.7182478,0.90313065,0.0828001,0.0650585,0.017207585,0.8614424,0.0,0.0,1.0,0.8181818181818182,0.29803538,0.18181818181818177,0.017207585275173187,1.1296242052858525,199
348,10.000000000000021,unknown,False,Major road,2,Balochistan,11,0.51053417,0.92444664,0.1500569,0.05836282,0.017000377,0.6720517,0.0,0.0,1.0,0.8181818181818182,0.3396288,0.18181818181818177,0.01700037717819214,0.9402335459535772,200
231,9.999999999999917,M8,False,Highway,1,Balochistan,10,0.43872207,0.6317432,0.13996363,0.058957487,0.016866354,0.6279446,0.0,0.0,1.0,0.9,0.3342662,0.09999999999999998,0.016866354271769524,0.8879445886611939,201
993,7.376833549463582,unknown,False,Major road,2,KP-AJK,9,0.7904971,0.96714723,0.037768397,0.036165297,0.016831007,0.9287513,0.0,0.0,1.0,0.3333333333333333,0.3006419,0.6666666666666667,0.016831006854772568,1.2454179565111796,202
481,10.00000000000001,N40,False,Highway,1,Balochistan,11,0.2689129,0.50525665,0.08949486,0.034203615,0.016751043,0.42440176,0.0,0.0,1.0,0.5454545454545454,0.25549108,0.4545454545454546,0.016751043498516083,0.7198563055558638,203
261,10.000000000000053,M8,False,Highway,1,Balochistan,11,0.70296955,0.9765414,0.08238054,0.05731666,0.016422728,0.82123303,0.0,0.0,1.0,0.7272727272727273,0.32943857,0.2727272727272727,0.016422728076577187,1.0985057614066385,204
663,9.999999999999982,N50,False,Highway,1,KP-AJK,10,0.72116506,0.9512346,0.02427404,0.022570567,0.016315812,0.8112572,0.0,0.0,1.0,0.2,0.1732881,0.8,0.01631581224501133,1.1412571835517884,205
301,10.000000000000032,N85,False,Major road,2,Balochistan,11,0.17496048,0.2517697,0.21948862,0.039536264,0.015806837,0.30351135,0.0,0.0,0.8181818181818182,1.0,0.27273625,0.0,0.015806837007403374,0.5080568058924242,206
168,9.99999999999991,N25,False,Highway,1,Balochistan,10,0.8170481,0.969964,0.046866782,0.03990471,0.015726456,0.9646595,0.0,0.0,1.0,0.7,0.30975887,0.30000000000000004,0.01572645641863346,1.2446595120429993,207
503,9.999999999999961,N65,False,Highway,1,Balochistan,10,0.9684044,0.9899901,0.026924293,0.026079545,0.015649684,0.99431676,0.0,0.0,1.0,0.6,0.20227408,0.4,0.01564968377351761,1.2843167567253113,208
424,10.000000000000004,unknown,False,Major road,2,Balochistan,11,0.6910053,0.95760584,0.09730827,0.0410551,0.015498132,0.8007715,0.0,0.0,1.0,0.6363636363636364,0.29387954,0.36363636363636365,0.015498132444918156,1.0871351112018932,209
484,10.000000000000018,N40,False,Highway,1,Balochistan,11,0.38828135,0.90283406,0.117042735,0.040401243,0.015483875,0.5639347,0.0,0.0,1.0,0.45454545454545453,0.29722166,0.5454545454545454,0.015483874827623367,0.8684801383451982,210
715,10.00000000000001,unknown,False,Major road,2,KP-AJK,11,0.96081644,0.9811474,0.030498894,0.02974223,0.015481153,0.9973253,0.0,0.0,1.0,0.45454545454545453,0.22477785,0.5454545454545454,0.015481152571737766,1.3018707557158036,211
676,10.000000000000036,N50,False,Highway,1,Balochistan,11,0.7109367,0.9379196,0.093691,0.071626574,0.015464813,0.88272417,0.0,0.0,1.0,0.9090909090909091,0.35416567,0.09090909090909094,0.015464813448488712,1.141815075007352,212
632,10.00000000000001,N70,False,Major road,2,Balochistan,11,0.70862794,0.97752315,0.029388547,0.021538483,0.0153927775,0.83884215,0.0,0.0,1.0,0.45454545454545453,0.26319796,0.5454545454545454,0.015392777509987354,1.1433876080946488,213
1067,9.999999999999998,N45,False,Major road,2,KP-AJK,10,0.9924277,0.99439466,0.015788019,0.015684832,0.015332788,0.9845294,0.0,0.0,1.0,0.2,0.010930438,0.8,0.015332788228988647,1.3145293760299683,214
620,9.999999999999996,N70,False,Major road,2,Balochistan,10,0.8940838,0.97178864,0.04354149,0.041645948,0.015210623,0.9810566,0.0,0.0,1.0,0.6,0.30124462,0.4,0.015210622921586037,1.271056571006775,215
6,5.236014195985486,unknown,False,Major road,2,Punjab-Sindh lowland corridor,8,0.2957474,0.7022031,0.06360013,0.03130084,0.015209487,0.36677247,0.0,0.0,0.875,0.75,0.14976835,0.25,0.015209486708045006,0.610522472858429,216
500,9.999999999999975,N65,False,Highway,1,Balochistan,10,0.91087544,0.991527,0.028157836,0.027270183,0.01497783,0.99578047,0.0,0.0,1.0,0.3,0.22686395,0.7,0.014977830462157726,1.3157804679870606,217
1571,10.000000000000016,N15,False,Major road,2,KP-AJK,11,0.9791008,0.9895733,0.017882802,0.017551817,0.014920157,0.988188,0.0,0.0,1.0,0.2727272727272727,0.07390742,0.7272727272727273,0.014920157380402088,1.310915301062844,218
631,9.999999999999986,N70,False,Major road,2,Balochistan,10,0.34540048,0.7815252,0.1574699,0.044649743,0.014702286,0.51530933,0.0,0.0,1.0,0.9,0.2889826,0.09999999999999998,0.014702285639941692,0.7753093338012695,219
1063,9.99999999999998,N45,False,Major road,2,KP-AJK,10,0.9454686,0.99335974,0.015104031,0.014997736,0.0147018675,0.98439205,0.0,0.0,1.0,0.3,0.12788129,0.7,0.01470186747610569,1.3043920469284058,220
417,10.00000000000001,unknown,False,Major road,2,Balochistan,11,0.9446005,0.96999055,0.063390985,0.05983518,0.014653588,0.9990275,0.0,0.0,1.0,0.6363636363636364,0.35372013,0.36363636363636365,0.014653587713837624,1.285391126979481,221
670,9.999999999999977,N50,False,Highway,1,Balochistan,10,0.930157,0.9836563,0.019176215,0.018725846,0.0145845385,0.99037886,0.0,0.0,1.0,0.3,0.20905057,0.7,0.014584538526833057,1.3103788566589356,222
640,9.999999999999975,N70,False,Major road,2,Balochistan,10,0.7501132,0.95396894,0.08392557,0.066996835,0.014313251,0.9088728,0.0,0.0,1.0,0.7,0.36797777,0.30000000000000004,0.01431325078010559,1.1888727831840515,223
488,9.999999999999943,N40,False,Highway,1,Balochistan,10,0.5853623,0.88654953,0.11019321,0.051360957,0.014004847,0.75639856,0.0,0.0,1.0,0.9,0.3368774,0.09999999999999998,0.014004847034811974,1.0163985586166382,224
307,9.999999999999979,N85,False,Major road,2,Balochistan,10,0.48240843,0.92997533,0.100341894,0.029938528,0.013845654,0.6224939,0.0,0.0,1.0,0.8,0.29224485,0.19999999999999996,0.0138456542044878,0.8924939227104187,225
1017,10.000000000000005,N5,False,Highway,1,KP-AJK,11,0.8992937,0.98997885,0.014549461,0.01433088,0.0138243195,0.9354099,0.0,0.0,1.0,0.09090909090909091,0.07757914,0.9090909090909091,0.01382431946694851,1.276318994435397,226
480,10.000000000000032,N40,False,Highway,1,Balochistan,11,0.25956872,0.44954684,0.09438816,0.025725381,0.01371719,0.40603712,0.0,0.0,0.9090909090909091,0.45454545454545453,0.2523444,0.5454545454545454,0.013717190362513065,0.6878553038293665,227
234,9.999999999999936,M8,False,Highway,1,Balochistan,10,0.4901548,0.7913758,0.048878916,0.025708094,0.013467362,0.6175344,0.0,0.0,1.0,0.8,0.20618924,0.19999999999999996,0.013467362150549889,0.8875343990325928,228
643,9.999999999999977,N70,False,Major road,2,Balochistan,10,0.45101228,0.8064564,0.10064938,0.05455462,0.013370158,0.66847366,0.0,0.0,1.0,0.6,0.36637026,0.4,0.013370158150792122,0.9584736609458924,229
1556,10.000000000000007,N15,False,Major road,2,Gilgit-Baltistan,11,0.994014,0.99466866,0.013700322,0.013621608,0.01335715,0.9865404,0.0,0.0,1.0,0.18181818181818182,0.0091025,0.8181818181818181,0.013357150368392467,1.318358558958227,230
606,9.999999999999977,N25,False,Highway,1,Balochistan,10,0.58670753,0.95389104,0.034248702,0.02420336,0.013341608,0.7166546,0.0,0.0,1.0,0.4,0.24538806,0.6,0.013341608457267284,1.0266545987129212,231
943,10.000000000000002,unknown,False,Major road,2,KP-AJK,11,0.85920846,0.9835115,0.016516132,0.015802078,0.013262483,0.9580985,0.0,0.0,1.0,0.2727272727272727,0.20779005,0.7272727272727273,0.013262483291327953,1.2808257438919761,232
688,10.00000000000003,N50,False,Highway,1,Balochistan,11,0.781295,0.9866904,0.015466555,0.015031085,0.013224184,0.9096277,0.0,0.0,1.0,0.2727272727272727,0.27408296,0.7272727272727273,0.013224183581769466,1.2323549487374046,233
436,10.000000000000027,N40,False,Highway,1,Balochistan,11,0.3024725,0.6854703,0.1264079,0.037469454,0.013178923,0.48332042,0.0,0.0,1.0,0.8181818181818182,0.2940451,0.18181818181818177,0.013178923167288303,0.7515022332018072,234
412,9.99999999999999,unknown,False,Major road,2,Balochistan,10,0.23428455,0.4443575,0.13665737,0.03121287,0.013145405,0.40255228,0.0,0.0,1.0,0.8,0.26867443,0.19999999999999996,0.013145404867827892,0.6725522768497467,235
36,9.999999999999996,M9,False,Highway,1,Punjab-Sindh lowland corridor,10,0.5420849,0.86036307,0.020312209,0.016139789,0.01298525,0.625123,0.0,0.0,1.0,0.2,0.1417423,0.8,0.012985249981284142,0.9551230239868165,236
408,9.999999999999995,N25,False,Highway,1,Balochistan,10,0.86340106,0.98714995,0.013907927,0.013717806,0.012969558,0.95792645,0.0,0.0,1.0,0.2,0.29011986,0.8,0.012969558127224445,1.2879264521598817,237
504,10.000000000000018,N65,False,Highway,1,Balochistan,11,0.970224,0.9844115,0.025836635,0.025207816,0.01289843,0.99477744,0.0,0.0,1.0,0.5454545454545454,0.23768535,0.4545454545454546,0.012898430228233337,1.2902319864793257,238
680,9.999999999999973,N50,False,Highway,1,Balochistan,10,0.5872066,0.94690156,0.06808114,0.054427534,0.012733676,0.76482743,0.0,0.0,1.0,0.4,0.3282063,0.6,0.01273367553949356,1.0748274302482606,239
1662,10.000000000000009,219,False,Major road,2,"Kashgar (Xinjiang, China)",11,0.9804685,0.9879322,0.013035151,0.012869153,0.012657035,0.9846888,0.0,0.0,1.0,0.18181818181818182,0.050794005,0.8181818181818181,0.012657035142183304,1.3165070002729242,240
166,9.999999999999932,N25,False,Highway,1,Balochistan,10,0.9008317,0.9782711,0.03598153,0.033899643,0.012511706,0.9975214,0.0,0.0,1.0,0.5,0.33710116,0.5,0.012511705979704857,1.2975214004516602,241
263,9.999999999999977,M8,False,Highway,1,Balochistan,10,0.6567327,0.9584758,0.09582265,0.079776704,0.0124532785,0.80723417,0.0,0.0,1.0,0.5,0.39276922,0.5,0.01245327852666378,1.1072341680526734,242
437,9.999999999999979,N40,False,Highway,1,Balochistan,10,0.18149157,0.28453287,0.14866194,0.027340492,0.012418183,0.33160043,0.0,0.0,0.9,0.9,0.26531523,0.09999999999999998,0.01241818256676197,0.5666004276275635,243
1774,7.707682436842686,unknown,False,Major road,2,"Kashgar (Xinjiang, China)",10,0.89988804,0.9767928,0.03274139,0.030562222,0.012056184,0.9647511,0.0,0.0,1.0,0.3,0.2413518,0.7,0.012056184001266956,1.284751124382019,244
31,10.000000000000005,M9,False,Highway,1,Punjab-Sindh lowland corridor,11,0.22194004,0.5626978,0.029492194,0.014109836,0.011804598,0.26440525,0.0,0.0,0.8181818181818182,0.2727272727272727,0.095308274,0.7272727272727273,0.01180459838360548,0.5416779778220437,245
476,10.000000000000085,N40,False,Highway,1,Balochistan,11,0.8667991,0.9796911,0.03458881,0.028252743,0.011779043,0.9711087,0.0,0.0,1.0,0.6363636363636364,0.2670326,0.36363636363636365,0.011779042892158031,1.2574723113666881,246
453,9.999999999999988,N40,False,Highway,1,Balochistan,10,0.18820181,0.39808843,0.13181701,0.021347841,0.011658039,0.33480075,0.0,0.0,1.0,1.0,0.22620249,0.0,0.011658038944005966,0.5848007500171661,247
1627,10.00000000000007,N35,True,Highway,1,Gilgit-Baltistan,11,0.9911713,0.9931372,0.011765913,0.011676261,0.011461896,0.9877484,0.0,0.0,1.0,0.2727272727272727,0.012107179,0.7272727272727273,0.011461895890533924,1.3104756572029808,248
167,10.000000000000082,N25,False,Highway,1,Balochistan,11,0.9289787,0.969964,0.037058283,0.035090376,0.011250504,0.9990347,0.0,0.0,1.0,0.5454545454545454,0.36298367,0.4545454545454546,0.011250504292547703,1.294489248232408,249
454,9.999999999999936,N40,False,Highway,1,Balochistan,10,0.14010872,0.18042992,0.16447356,0.0218901,0.011053598,0.2509932,0.0,0.0,0.6,1.0,0.24105382,0.0,0.011053597554564476,0.40099319219589236,250
141,7.932443684125377,unknown,False,Highway,1,Balochistan,9,0.5065711,0.7887319,0.07163377,0.02451486,0.011048552,0.66954976,0.0,0.0,1.0,0.6666666666666666,0.27090192,0.33333333333333337,0.01104855164885521,0.9528830965360006,251
1617,9.999999999999991,N35,True,Highway,1,Gilgit-Baltistan,10,0.98856604,0.9945054,0.011198664,0.011133271,0.010919204,0.986746,0.0,0.0,1.0,0.1,0.01269034,0.9,0.010919203981757164,1.3267460131645203,252
140,9.999999999999906,unknown,False,Highway,1,Balochistan,10,0.3398931,0.7941314,0.051019378,0.024584554,0.010785462,0.45472217,0.0,0.0,1.0,0.6,0.18777204,0.4,0.010785462334752083,0.7447221660614014,253
173,10.000000000000107,N25,False,Highway,1,Balochistan,11,0.64802176,0.97935826,0.027207928,0.023135804,0.01074845,0.8316936,0.0,0.0,1.0,0.2727272727272727,0.34694913,0.7272727272727273,0.010748449712991714,1.1544208624146202,254
1622,10.000000000000028,N35,True,Highway,1,Gilgit-Baltistan,11,0.9920635,0.994825,0.010636102,0.010577227,0.01038617,0.9895613,0.0,0.0,1.0,0.18181818181818182,0.01973291,0.8181818181818181,0.010386169888079166,1.321379501169378,255
1592,10.000000000000012,N35,True,Highway,1,KP-AJK,11,0.99370766,0.9943896,0.010643319,0.010578693,0.010383371,0.9894568,0.0,0.0,1.0,0.09090909090909091,0.009023611,0.9090909090909091,0.010383371263742447,1.330365863713351,256
1594,10.0,N35,True,Highway,1,KP-AJK,11,0.9940248,0.9947705,0.010492802,0.010433362,0.010236098,0.98967916,0.0,0.0,1.0,0.18181818181818182,0.0088544125,0.8181818181818181,0.010236098431050777,1.321497339552099,257
508,9.999999999999975,N65,False,Highway,1,Balochistan,10,0.5896114,0.92455983,0.03617351,0.02568918,0.009900445,0.7807394,0.0,0.0,1.0,0.4,0.2980024,0.6,0.009900445118546486,1.090739426612854,258
934,10.000000000000002,unknown,False,Major road,2,KP-AJK,11,0.90001035,0.9663051,0.04931028,0.04678428,0.009859871,0.98773575,0.0,0.0,1.0,0.5454545454545454,0.37236288,0.4545454545454546,0.009859871119260788,1.283190293745561,259
447,9.999999999999938,N40,False,Highway,1,Balochistan,10,0.17532791,0.27547258,0.1052613,0.017714078,0.009636154,0.3199967,0.0,0.0,1.0,1.0,0.21870863,0.0,0.009636154398322105,0.56999671459198,260
719,9.999999999999998,unknown,False,Major road,2,KP-AJK,10,0.85451317,0.98355883,0.020332616,0.019718101,0.0093029095,0.9377726,0.0,0.0,1.0,0.3,0.22467689,0.7,0.00930290948599577,1.257772572040558,261
172,9.99999999999999,N25,False,Highway,1,Balochistan,10,0.47833258,0.9848695,0.019494563,0.015383482,0.009289499,0.69299644,0.0,0.0,1.0,0.3,0.31401077,0.7,0.009289499372243881,1.0129964423179627,262
511,8.735919624037527,N40,False,Highway,1,Balochistan,10,0.7396909,0.90772694,0.043294676,0.032376833,0.0092784595,0.89988345,0.0,0.0,1.0,0.5,0.34474027,0.5,0.00927845947444439,1.1998834490776062,263
235,9.999999999999975,M8,False,Highway,1,Balochistan,10,0.5712631,0.8544262,0.046192717,0.029675871,0.0091970805,0.7520298,0.0,0.0,1.0,0.7,0.29128662,0.30000000000000004,0.009197080507874489,1.0320297765731812,264
446,9.999999999999961,N40,False,Highway,1,Balochistan,10,0.15953848,0.23695071,0.11889054,0.019238727,0.009189688,0.31460327,0.0,0.0,1.0,1.0,0.23476422,0.0,0.009189687669277191,0.5646032691001892,265
165,10.000000000000059,N25,False,Highway,1,Balochistan,11,0.85474324,0.9922437,0.031992495,0.029941706,0.009167498,0.9571268,0.0,0.0,1.0,0.45454545454545453,0.2650616,0.5454545454545454,0.009167497977614403,1.2616722507910294,266
229,9.99999999999997,M8,False,Highway,1,Balochistan,10,0.45791537,0.6254061,0.07671384,0.035422437,0.00886667,0.6461543,0.0,0.0,1.0,0.5,0.30124277,0.5,0.008866669610142708,0.9461542844772339,267
972,9.999999999999996,unknown,False,Major road,2,KP-AJK,10,0.56021196,0.96876824,0.015331733,0.014245858,0.008782792,0.6656279,0.0,0.0,0.9,0.4,0.23752388,0.6,0.008782791905105114,0.950627896785736,268
477,9.99999999999996,N40,False,Highway,1,Balochistan,10,0.4173852,0.8456931,0.07271486,0.026922828,0.008780844,0.5680297,0.0,0.0,1.0,0.7,0.25098616,0.30000000000000004,0.008780843578279018,0.8480297017097473,269
808,9.999999999999865,N55,False,Highway,1,KP-AJK,10,0.74655914,0.98263395,0.009397501,0.009234304,0.008634353,0.8871905,0.0,0.0,1.0,0.1,0.22554564,0.9,0.008634353056550026,1.2271905207633973,270
302,9.999999999999988,N85,False,Major road,2,Balochistan,10,0.14145316,0.17537616,0.113373615,0.01842872,0.008570047,0.2640152,0.0,0.0,0.7,0.5,0.2633852,0.5,0.008570047095417976,0.48901519775390623,271
674,9.999999999999988,N50,False,Highway,1,Balochistan,10,0.7727278,0.956687,0.029995698,0.024641763,0.0084403185,0.93547994,0.0,0.0,1.0,0.4,0.28628737,0.6,0.008440318517386913,1.2454799389839173,272
1596,10.000000000000048,N35,True,Highway,1,KP-AJK,11,0.99423563,0.9947805,0.008573836,0.008527832,0.008376398,0.99154943,0.0,0.0,1.0,0.09090909090909091,0.008646169,0.9090909090909091,0.008376398123800755,1.3324585231867703,273
635,10.00000000000001,N70,False,Major road,2,Balochistan,11,0.54975325,0.9757071,0.031165145,0.02307667,0.008345318,0.70855653,0.0,0.0,1.0,0.6363636363636364,0.28564098,0.36363636363636365,0.008345318026840687,0.9949201692234386,274
1652,9.999999999999925,219,False,Major road,2,"Kashgar (Xinjiang, China)",10,0.9526383,0.9918808,0.009026098,0.008952813,0.008321011,0.9927052,0.0,0.0,1.0,0.1,0.20523925,0.9,0.008321011438965797,1.3327052259445191,275
223,10.000000000000094,N55,False,Highway,1,Punjab-Sindh lowland corridor,11,0.22871141,0.59828246,0.0220553,0.010644532,0.008303702,0.27824754,0.0,0.0,1.0,0.2727272727272727,0.08105553,0.7272727272727273,0.008303701877593994,0.600974807956002,276
686,9.999999999999972,N50,False,Highway,1,Balochistan,10,0.59815794,0.9542772,0.071593,0.036716092,0.008250407,0.79607254,0.0,0.0,1.0,0.7,0.3647114,0.30000000000000004,0.008250406943261623,1.076072542667389,277
492,9.99999999999995,N40,False,Highway,1,Balochistan,10,0.56841415,0.93733364,0.060335595,0.037231684,0.008176414,0.76080227,0.0,0.0,1.0,0.6,0.35586905,0.4,0.008176414296030998,1.0508022689819336,278
438,10.000000000000044,N40,False,Highway,1,Balochistan,11,0.20021583,0.41175333,0.07335354,0.021089444,0.008104877,0.364369,0.0,0.0,1.0,0.5454545454545454,0.24949774,0.4545454545454546,0.00810487661510706,0.6598235504193739,279
463,9.999999999999975,N40,False,Highway,1,Balochistan,10,0.19074026,0.37291798,0.09234792,0.02832655,0.008067909,0.31527472,0.0,0.0,0.6,0.5,0.32412556,0.5,0.008067908696830273,0.515274715423584,280
310,10.000000000000044,N85,False,Major road,2,Balochistan,11,0.75192744,0.97326887,0.02921177,0.024250876,0.007994078,0.87831765,0.0,0.0,1.0,0.36363636363636365,0.34037855,0.6363636363636364,0.00799407809972763,1.1919540177692067,281
227,9.999999999999893,M8,False,Highway,1,Balochistan,10,0.7881323,0.9050065,0.037027717,0.03184023,0.007960173,0.9375709,0.0,0.0,1.0,0.7,0.33215848,0.30000000000000004,0.007960173301398754,1.2175709295272827,282
262,10.000000000000185,M8,False,Highway,1,Balochistan,11,0.24609815,0.65200084,0.08096661,0.02734834,0.007897018,0.46814048,0.0,0.0,1.0,0.45454545454545453,0.33589685,0.5454545454545454,0.00789701845496893,0.7726859374479814,283
222,10.000000000000057,N55,False,Highway,1,Punjab-Sindh lowland corridor,11,0.2586242,0.5503448,0.030268312,0.0098829875,0.0078184195,0.36436957,0.0,0.0,1.0,0.45454545454545453,0.15573637,0.5454545454545454,0.007818419486284256,0.6689150257544084,284
1620,9.999999999999988,N35,True,Highway,1,Gilgit-Baltistan,10,0.9870073,0.9943552,0.007995528,0.007950394,0.0078069493,0.9911817,0.0,0.0,1.0,0.1,0.022161053,0.9,0.007806949317455292,1.3311816716194154,285
177,10.00000000000008,N25,False,Highway,1,Balochistan,11,0.6628947,0.9941839,0.020686107,0.015627071,0.007802196,0.8295278,0.0,0.0,1.0,0.2727272727272727,0.31674552,0.7272727272727273,0.007802195847034454,1.1522550680420616,286
804,10.00000000000015,N55,False,Highway,1,KP-AJK,11,0.69758654,0.941388,0.014636528,0.013587245,0.0077470737,0.8545285,0.0,0.0,1.0,0.2727272727272727,0.26718944,0.7272727272727273,0.007747073657810688,1.177255759455941,287
127,10.000000000000052,unknown,False,Highway,1,Balochistan,11,0.36553773,0.71859175,0.04398572,0.015505899,0.0076500108,0.48910758,0.0,0.0,1.0,0.5454545454545454,0.18731694,0.4545454545454546,0.0076500107534229755,0.784562124447389,288
163,10.000000000000057,N25,False,Highway,1,Balochistan,11,0.8865061,0.9789381,0.019254126,0.018226111,0.0075544105,0.96222687,0.0,0.0,1.0,0.6363636363636364,0.22503705,0.36363636363636365,0.007554410491138697,1.2485905040394176,289
256,10.000000000000032,M8,False,Highway,1,Balochistan,11,0.6098276,0.86095357,0.045421075,0.027213095,0.0075182305,0.8177733,0.0,0.0,1.0,0.5454545454545454,0.33488935,0.4545454545454546,0.0075182304717600346,1.113227827982469,290
604,10.000000000000025,N25,False,Highway,1,Balochistan,11,0.8759806,0.977625,0.019712323,0.01668502,0.007449311,0.98124146,0.0,0.0,1.0,0.5454545454545454,0.23536639,0.4545454545454546,0.007449311204254627,1.2766960100694136,291
249,9.999999999999973,M8,False,Highway,1,Balochistan,10,0.96571475,0.9831406,0.017772943,0.017338373,0.0074260593,1.0,0.0,0.0,1.0,0.4,0.25729665,0.6,0.00742605933919549,1.31,292
179,8.60966559326263,N25,False,Highway,1,Balochistan,10,0.92073125,0.9707682,0.029327542,0.027196672,0.007381911,0.9941288,0.0,0.0,1.0,0.6,0.32710513,0.4,0.007381910923868418,1.2841288232803345,293
1066,10.000000000000004,N45,False,Major road,2,KP-AJK,11,0.9901989,0.9945667,0.007520871,0.007475951,0.0073252674,0.9923199,0.0,0.0,1.0,0.18181818181818182,0.014282444,0.8181818181818181,0.007325267419219017,1.324138063734228,294
144,10.00000000000003,N25,False,Highway,1,Punjab-Sindh lowland corridor,11,0.517,0.9361387,0.017240334,0.009188194,0.0073070046,0.6267378,0.0,0.0,1.0,0.2727272727272727,0.17363743,0.7272727272727273,0.007307004649192095,0.9494650461456993,295
970,10.0,unknown,False,Major road,2,KP-AJK,11,0.58858705,0.9777777,0.009712923,0.009381288,0.0072626607,0.7629925,0.0,0.0,1.0,0.18181818181818182,0.28425762,0.8181818181818181,0.007262660656124353,1.0948106830770319,296
886,10.0,unknown,False,Major road,2,Punjab-Sindh lowland corridor,11,0.8342628,0.99273634,0.007850126,0.0077901725,0.007198714,0.91659427,0.0,0.0,1.0,0.18181818181818182,0.21772061,0.8181818181818181,0.007198714185506105,1.2484124487096613,297
265,10.000000000000032,M8,False,Highway,1,Balochistan,11,0.49691936,0.81971383,0.058239605,0.02563675,0.006910424,0.71648335,0.0,0.0,1.0,0.6363636363636364,0.34072182,0.36363636363636365,0.006910424213856459,1.0028469909321178,298
710,9.999999999999996,unknown,False,Major road,2,Balochistan,10,0.64183486,0.9825778,0.024282206,0.018342024,0.0068093687,0.8065383,0.0,0.0,1.0,0.4,0.28861535,0.6,0.00680936872959137,1.1165382838249207,299
142,2.8204144637224897,unknown,False,Highway,1,Balochistan,5,0.53747475,0.7880601,0.027324116,0.014992511,0.006743008,0.6453309,0.0,0.0,1.0,0.6,0.1654612,0.4,0.006743007805198431,0.9353309059143067,300
255,9.9999999999999,M8,False,Highway,1,Balochistan,10,0.68296015,0.9859169,0.029561823,0.018122293,0.0066474252,0.860678,0.0,0.0,1.0,0.4,0.2912763,0.6,0.00664742523804307,1.1706780171394349,301
645,9.999999999999998,N70,False,Major road,2,Punjab-Sindh lowland corridor,10,0.86335933,0.9571546,0.026877904,0.025131037,0.006587723,0.99655116,0.0,0.0,1.0,0.4,0.3732044,0.6,0.006587722804397345,1.3065511560440064,302
444,9.999999999999954,N40,False,Highway,1,Balochistan,10,0.16593221,0.3652783,0.049315948,0.013316914,0.006579702,0.25934944,0.0,0.0,0.7,0.3,0.19806233,0.7,0.006579701788723469,0.5043494355678558,303
273,10.00000000000007,N85,False,Major road,2,Balochistan,11,0.31494686,0.8651257,0.014729137,0.012742555,0.0065727215,0.54241616,0.0,0.0,1.0,0.09090909090909091,0.32353413,0.9090909090909091,0.006572721526026726,0.8833252462473783,304
1670,10.000000000000014,314,True,Highway,1,"Kashgar (Xinjiang, China)",11,0.94689023,0.9591256,0.014511689,0.013782281,0.0065540015,1.0,0.0,0.0,1.0,0.2727272727272727,0.3093849,0.7272727272727273,0.006554001476615667,1.3227272727272728,305
633,9.999999999999998,N70,False,Major road,2,Balochistan,10,0.8182432,0.9729809,0.01422807,0.0102823945,0.006480042,0.9547784,0.0,0.0,1.0,0.3,0.31571728,0.7,0.006480041891336441,1.2747783732414246,306
478,10.000000000000032,N40,False,Highway,1,Balochistan,11,0.38657773,0.9793367,0.029258939,0.013200155,0.006440814,0.5554279,0.0,0.0,1.0,0.18181818181818182,0.24519807,0.8181818181818181,0.00644081411883235,0.8872460907155817,307
707,9.999999999999991,unknown,False,Major road,2,Balochistan,10,0.5911957,0.9329686,0.04153497,0.03350253,0.006429461,0.8013283,0.0,0.0,1.0,0.4,0.36394265,0.6,0.0064294608309865,1.1113283014297486,308
1635,9.99999999999999,N35,True,Highway,1,Gilgit-Baltistan,10,0.9921616,0.99304086,0.006479299,0.0064324467,0.0063129803,0.9932333,0.0,0.0,1.0,0.1,0.010712079,0.9,0.006312980316579342,1.333233323097229,309
392,9.99999999999998,N25,False,Highway,1,Balochistan,10,0.46837902,0.7153478,0.041977387,0.025205266,0.0061737658,0.6939807,0.0,0.0,1.0,0.5,0.33780432,0.5,0.006173765752464533,0.9939806938171387,310
250,9.999999999999993,M8,False,Highway,1,Balochistan,10,0.89532506,0.9612215,0.02509876,0.022701023,0.0060507217,0.9877075,0.0,0.0,1.0,0.6,0.29985836,0.4,0.006050721742212772,1.2777074956893921,311
175,9.999999999999991,N25,False,Highway,1,Balochistan,10,0.7680198,0.95783025,0.022498226,0.018970642,0.0059503787,0.9223768,0.0,0.0,1.0,0.5,0.361061,0.5,0.005950378719717264,1.222376811504364,312
596,9.999999999999988,N25,False,Highway,1,Balochistan,10,0.6369043,0.75600034,0.042483516,0.029981459,0.0056548445,0.8832091,0.0,0.0,1.0,0.4,0.37365675,0.6,0.005654844455420971,1.1932091093063355,313
248,10.000000000000002,M8,False,Highway,1,Balochistan,11,0.9393555,0.9813884,0.014311389,0.013865178,0.005651657,1.0,0.0,0.0,1.0,0.36363636363636365,0.23995152,0.6363636363636364,0.0056516570039093494,1.3136363636363637,314
126,10.00000000000001,unknown,False,Highway,1,Balochistan,11,0.51133144,0.83358294,0.030585641,0.01705171,0.0056382823,0.65834886,0.0,0.0,1.0,0.7272727272727273,0.2396159,0.2727272727272727,0.0056382822804152966,0.9356215856292031,315
1634,10.0,N35,True,Highway,1,Gilgit-Baltistan,11,0.9923538,0.9933608,0.005706213,0.005667554,0.0055734874,0.99395347,0.0,0.0,1.0,0.09090909090909091,0.010265406,0.9090909090909091,0.005573487374931574,1.334862557324496,316
139,10.000000000000082,unknown,False,Highway,1,Balochistan,11,0.58247334,0.84602404,0.017053176,0.011332127,0.0055469675,0.7107098,0.0,0.0,1.0,0.36363636363636365,0.19719161,0.6363636363636364,0.005546967498958111,1.0243461738933217,317
1544,9.999999999999941,N35,True,Highway,1,KP-AJK,10,0.98801434,0.9940027,0.0056277514,0.0055915243,0.005479084,0.99389255,0.0,0.0,1.0,0.1,0.016755026,0.9,0.005479083862155676,1.333892550468445,318
716,10.000000000000009,unknown,False,Major road,2,KP-AJK,11,0.8667769,0.98739547,0.011525268,0.011196417,0.0054150545,0.95363927,0.0,0.0,1.0,0.2727272727272727,0.2078314,0.7272727272727273,0.005415054503828287,1.2763665416023948,319
671,9.999999999999991,N50,False,Highway,1,Balochistan,10,0.7398845,0.9658263,0.009398943,0.008471284,0.0053339675,0.9137564,0.0,0.0,1.0,0.2,0.29324406,0.8,0.0053339675068855286,1.2437563705444337,320
1674,9.999999999999986,314,True,Highway,1,"Kashgar (Xinjiang, China)",10,0.9556122,0.9701854,0.009676576,0.009385754,0.0053287647,1.0,0.0,0.0,1.0,0.2,0.3231987,0.8,0.005328764673322439,1.33,321
933,0.864224400256415,unknown,False,Major road,2,KP-AJK,3,0.9017542,0.91454256,0.010023992,0.008809167,0.005323866,0.9969521,0.0,0.0,1.0,0.3333333333333333,0.18719131,0.6666666666666667,0.005323865916579962,1.313618783156077,322
1630,10.000000000000002,N35,True,Highway,1,Gilgit-Baltistan,11,0.9856829,0.9931465,0.0054455562,0.005407648,0.0053077047,0.99142647,0.0,0.0,1.0,0.09090909090909091,0.037517115,0.9090909090909091,0.005307704675942659,1.3323355588045986,323
636,10.000000000000027,N70,False,Major road,2,Balochistan,11,0.55951095,0.94441384,0.01987899,0.01720236,0.005293432,0.7648586,0.0,0.0,1.0,0.2727272727272727,0.3415117,0.7272727272727273,0.005293432157486677,1.0875858762047508,324
13,9.999999999999984,N5,False,Highway,1,Punjab-Sindh lowland corridor,10,0.28524643,0.7627328,0.016032796,0.011867196,0.005174079,0.38911346,0.0,0.0,0.9,0.2,0.17360014,0.8,0.005174078978598118,0.6941134560108184,325
687,9.999999999999947,N50,False,Highway,1,Balochistan,10,0.5554456,0.8136797,0.041333158,0.02318939,0.005143027,0.7788804,0.0,0.0,1.0,0.6,0.3492213,0.4,0.0051430268213152885,1.0688804173469544,326
675,10.000000000000055,N50,False,Highway,1,Balochistan,11,0.6732848,0.86618036,0.025632381,0.019640854,0.0051300656,0.8628027,0.0,0.0,1.0,0.45454545454545453,0.2940757,0.5454545454545454,0.005130065605044365,1.1673481388525528,327
614,10.000000000000009,N25,False,Highway,1,Balochistan,11,0.67587036,0.9478562,0.054434333,0.02323823,0.0051278216,0.83307165,0.0,0.0,1.0,0.36363636363636365,0.34265336,0.6363636363636364,0.005127821583300829,1.1467080127109182,328
251,10.000000000000002,M8,False,Highway,1,Balochistan,11,0.7669106,0.97126067,0.021477336,0.017637685,0.005086168,0.9299192,0.0,0.0,1.0,0.2727272727272727,0.29780066,0.7272727272727273,0.005086168181151152,1.2526464559815147,329
1552,10.000000000000016,N90,False,Major road,2,KP-AJK,11,0.91209894,0.98352885,0.00919892,0.008650474,0.005060365,0.99774396,0.0,0.0,1.0,0.09090909090909091,0.18659335,0.9090909090909091,0.005060364957898855,1.3386530551043423,330
616,7.943743332540612,N25,False,Highway,1,Balochistan,10,0.38804388,0.7295264,0.051098295,0.01691753,0.005053707,0.6168908,0.0,0.0,1.0,0.7,0.3310128,0.30000000000000004,0.005053706932812929,0.8968907880783081,331
254,10.000000000000243,M8,False,Highway,1,Balochistan,11,0.6240967,0.8325509,0.029234778,0.01697555,0.004997217,0.841233,0.0,0.0,1.0,0.5454545454545454,0.32512,0.4545454545454546,0.00499721709638834,1.1366875605149702,332
136,10.000000000000043,unknown,False,Highway,1,Balochistan,11,0.5881549,0.8697804,0.027182747,0.01814246,0.0049539036,0.7706909,0.0,0.0,1.0,0.6363636363636364,0.29818368,0.36363636363636365,0.004953903611749411,1.0570545543323864,333
407,9.999999999999956,N25,False,Highway,1,Balochistan,10,0.42789736,0.93927544,0.038828414,0.010788952,0.0049528973,0.59247875,0.0,0.0,1.0,0.5,0.28558832,0.5,0.004952897317707539,0.8924787521362305,334
445,10.000000000000076,N40,False,Highway,1,Balochistan,11,0.14847527,0.26591375,0.061615776,0.010431146,0.004949887,0.24895954,0.0,0.0,0.7272727272727273,0.7272727272727273,0.19816941,0.2727272727272727,0.004949886817485094,0.4580504504117099,335
315,4.8388419045132265,N85,False,Major road,2,Balochistan,6,0.29422146,0.45279577,0.024870327,0.009224949,0.004917772,0.47422895,0.0,0.0,1.0,0.6666666666666666,0.25487152,0.33333333333333337,0.0049177720211446285,0.7575622816880544,336
228,10.000000000000071,M8,False,Highway,1,Balochistan,11,0.7985063,0.9551907,0.028130986,0.024243921,0.0047077183,0.94639206,0.0,0.0,1.0,0.5454545454545454,0.3558602,0.4545454545454546,0.004707718268036842,1.2418466047807173,337
678,9.999999999999993,N50,False,Highway,1,Balochistan,10,0.5579811,0.81284493,0.031681992,0.021797802,0.0046362095,0.7889514,0.0,0.0,1.0,0.6,0.34723878,0.4,0.004636209458112717,1.0789513969421387,338
603,10.000000000000027,N25,False,Highway,1,Balochistan,11,0.63025784,0.98841524,0.013970971,0.008387988,0.00448115,0.79981655,0.0,0.0,1.0,0.2727272727272727,0.24287467,0.7272727272727273,0.004481149837374687,1.122543821551583,339
465,10.00000000000004,N40,False,Highway,1,Balochistan,11,0.25181553,0.7928935,0.037522193,0.009802916,0.0044505987,0.3699565,0.0,0.0,0.6363636363636364,0.45454545454545453,0.2649698,0.5454545454545454,0.004450598731637001,0.5835928570140492,340
930,9.999999999999996,unknown,False,Major road,2,KP-AJK,10,0.80437917,0.9643022,0.025610292,0.02382919,0.004332477,0.9276968,0.0,0.0,1.0,0.6,0.36717743,0.4,0.004332477226853371,1.2176968240737915,341
607,9.999999999999995,N25,False,Highway,1,Balochistan,10,0.55008924,0.94126874,0.0131993415,0.006897112,0.0041963877,0.69306326,0.0,0.0,1.0,0.2,0.23729107,0.8,0.004196387715637684,1.023063259124756,342
1632,10.000000000000073,N35,True,Highway,1,Gilgit-Baltistan,11,0.99247515,0.9948353,0.0042585675,0.004235944,0.0041615944,0.99521327,0.0,0.0,1.0,0.18181818181818182,0.009627379,0.8181818181818181,0.004161594435572624,1.3270314520055597,343
677,10.000000000000005,N50,False,Highway,1,Balochistan,11,0.585787,0.9379196,0.026785465,0.022857452,0.0041355877,0.78159887,0.0,0.0,1.0,0.36363636363636365,0.3457995,0.6363636363636364,0.004135587718337774,1.095235229622234,344
595,10.000000000000023,N25,False,Highway,1,Balochistan,11,0.4740631,0.8636569,0.032388292,0.02353959,0.0041282615,0.6663048,0.0,0.0,1.0,0.36363636363636365,0.31177267,0.6363636363636364,0.004128261469304562,0.9799411903728138,345
35,9.999999999999968,M9,False,Highway,1,Punjab-Sindh lowland corridor,10,0.453628,0.88502187,0.013105023,0.006525787,0.003952309,0.55215085,0.0,0.0,1.0,0.4,0.14148682,0.6,0.003952309023588896,0.862150845527649,346
630,9.999999999999977,N70,False,Major road,2,Balochistan,10,0.44559067,0.87803364,0.029346664,0.015155506,0.0038532733,0.63843787,0.0,0.0,1.0,0.2,0.31374803,0.8,0.003853273345157504,0.9684378671646119,347
483,10.000000000000021,N40,False,Highway,1,Balochistan,11,0.2803707,0.46706018,0.036923084,0.0096876845,0.003766846,0.52607185,0.0,0.0,1.0,0.36363636363636365,0.34397557,0.6363636363636364,0.0037668459117412567,0.8397082101215015,348
349,7.529605188811579,unknown,False,Major road,2,Balochistan,10,0.19725798,0.40524313,0.057444327,0.011297954,0.0037564945,0.43157682,0.0,0.0,1.0,0.4,0.33081394,0.6,0.0037564944941550493,0.741576818227768,349
1657,10.000000000000048,219,False,Major road,2,"Kashgar (Xinjiang, China)",11,0.96998143,0.98319507,0.0049695806,0.004821542,0.003705106,1.0,0.0,0.0,1.0,0.2727272727272727,0.14860831,0.7272727272727273,0.0037051059771329165,1.3227272727272728,350
285,9.999999999999956,N85,False,Major road,2,Balochistan,10,0.514157,0.8501889,0.021038134,0.008035693,0.0037018165,0.67956454,0.0,0.0,1.0,0.2,0.25463134,0.8,0.0037018165457993746,1.0095645356178284,351
713,10.000000000000007,unknown,False,Major road,2,Balochistan,11,0.60638934,0.92794544,0.039785657,0.014038432,0.0036157162,0.79885906,0.0,0.0,1.0,0.45454545454545453,0.35523957,0.5454545454545454,0.003615716239437461,1.1034045143560929,352
1068,10.000000000000021,N45,False,Major road,2,KP-AJK,11,0.99006575,0.9941501,0.0036862493,0.0036542984,0.003575909,0.9950266,0.0,0.0,1.0,0.09090909090909091,0.013041031,0.9090909090909091,0.003575908951461315,1.3359356793490322,353
34,10.000000000000018,M9,False,Highway,1,Punjab-Sindh lowland corridor,11,0.32786837,0.914697,0.013285875,0.0043881075,0.003453798,0.38473246,0.0,0.0,0.8181818181818182,0.36363636363636365,0.10412355,0.6363636363636364,0.0034537978935986757,0.6529142731970007,354
220,10.00000000000001,N55,False,Highway,1,Punjab-Sindh lowland corridor,11,0.45962074,0.8910424,0.008073374,0.004629432,0.003419946,0.5870071,0.0,0.0,1.0,0.18181818181818182,0.1868805,0.8181818181818181,0.0034199459478259087,0.9188252871686762,355
1637,9.999999999999993,N35,True,Highway,1,Gilgit-Baltistan,10,0.9915199,0.9925406,0.0035002828,0.0034741727,0.0034045107,0.9959415,0.0,0.0,1.0,0.1,0.011181632,0.9,0.003404510673135519,1.3359415197372437,356
449,10.000000000000046,N40,False,Highway,1,Balochistan,11,0.24451512,0.3696945,0.04938853,0.011769554,0.0033923076,0.4782959,0.0,0.0,1.0,1.0,0.3307244,0.0,0.0033923075534403324,0.7282958924770355,357
284,10.000000000000052,N85,False,Major road,2,Balochistan,11,0.45924807,0.89806956,0.029550152,0.010367465,0.0033774262,0.63808894,0.0,0.0,1.0,0.2727272727272727,0.2874215,0.7272727272727273,0.0033774261828511953,0.9608162143013694,358
679,10.000000000000027,N50,False,Highway,1,Balochistan,11,0.51769227,0.9926604,0.0036600612,0.0035973429,0.0033207613,0.7115092,0.0,0.0,1.0,0.18181818181818182,0.26631334,0.8181818181818181,0.0033207612577825785,1.0433274095708673,359
1677,10.000000000000004,314,True,Highway,1,"Kashgar (Xinjiang, China)",11,0.9256649,0.9746933,0.007977149,0.007600555,0.0032938635,1.0,0.0,0.0,1.0,0.18181818181818182,0.2930383,0.8181818181818181,0.003293863497674465,1.3318181818181818,360
145,9.999999999999973,N25,False,Highway,1,Balochistan,10,0.5892943,0.9454596,0.0072764456,0.005619226,0.0032917396,0.7328497,0.0,0.0,1.0,0.5,0.20091884,0.5,0.0032917396165430546,1.0328497171401978,361
1665,10.00000000000001,219,False,Major road,2,"Kashgar (Xinjiang, China)",11,0.97771645,0.98451334,0.0034257283,0.003372675,0.0032712063,0.9949812,0.0,0.0,1.0,0.09090909090909091,0.092562705,0.9090909090909091,0.00327120628207922,1.3358903202143582,362
1776,9.999999999999973,unknown,False,Major road,2,"Kashgar (Xinjiang, China)",10,0.70006406,0.82616115,0.013596165,0.010043217,0.0032229177,0.912146,0.0,0.0,1.0,0.2,0.32905993,0.8,0.0032229176722466946,1.2421459722518922,363
1703,10.000000000000028,314,True,Highway,1,"Kashgar (Xinjiang, China)",11,0.39519235,0.70677,0.026584636,0.01473515,0.003211275,0.63986385,0.0,0.0,1.0,0.2727272727272727,0.34938702,0.7272727272727273,0.003211274975910783,0.962591121413491,364
448,10.000000000000002,N40,False,Highway,1,Balochistan,11,0.20490652,0.63745075,0.031043144,0.0064281058,0.0031863993,0.3130782,0.0,0.0,0.6363636363636364,0.5454545454545454,0.23032908,0.4545454545454546,0.0031863993499428034,0.5176236494020982,365
990,9.999999999999996,unknown,False,Major road,2,KP-AJK,10,0.5899159,0.96483475,0.00801819,0.0076365606,0.0031583677,0.7970511,0.0,0.0,1.0,0.1,0.31437,0.9,0.0031583677046000957,1.1370510721206666,366
434,0.5155463739263885,unknown,False,Major road,2,Balochistan,3,0.22333173,0.36601973,0.044003863,0.016106283,0.0031418058,0.4528769,0.0,0.0,1.0,0.3333333333333333,0.33086058,0.6666666666666667,0.003141805762425065,0.7695435623327891,367
30,10.0,M9,False,Highway,1,Punjab-Sindh lowland corridor,11,0.20364743,0.55988514,0.01834445,0.0036873214,0.0031191194,0.29356602,0.0,0.0,0.9090909090909091,0.45454545454545453,0.13328062,0.5454545454545454,0.003119119442999363,0.5753842001611537,368
491,9.999999999999865,N40,False,Highway,1,Balochistan,10,0.1943426,0.3734795,0.047272842,0.010243685,0.0030929043,0.4198242,0.0,0.0,1.0,0.7,0.31749135,0.30000000000000004,0.003092904342338443,0.6998242127895355,369
1061,9.99999999999995,N45,False,Major road,2,KP-AJK,10,0.9695469,0.98352045,0.006434637,0.006199629,0.003031867,0.99930173,0.0,0.0,1.0,0.1,0.10251973,0.9,0.00303186709061265,1.3393017315864564,370
450,10.0,N40,False,Highway,1,Balochistan,11,0.1493894,0.22782207,0.03192772,0.0050450186,0.0030012324,0.26765263,0.0,0.0,0.8181818181818182,0.5454545454545454,0.19687027,0.4545454545454546,0.003001232398673892,0.5176526308059692,371
1711,9.999999999999984,314,True,Highway,1,"Kashgar (Xinjiang, China)",10,0.6899158,0.9439484,0.021374512,0.017860735,0.002967818,0.8996776,0.0,0.0,1.0,0.4,0.38760018,0.6,0.0029678179416805506,1.209677574634552,372
162,10.000000000000059,N25,False,Highway,1,Balochistan,11,0.7338648,0.9389645,0.0201208,0.018031253,0.0029175365,0.86774725,0.0,0.0,1.0,0.36363636363636365,0.31514713,0.6363636363636364,0.002917536534368992,1.1813836108554494,373
394,10.000000000000002,N25,False,Highway,1,Balochistan,11,0.40388688,0.8340206,0.010428288,0.0077299313,0.0029172443,0.60206944,0.0,0.0,1.0,0.2727272727272727,0.28669575,0.7272727272727273,0.0029172443319112062,0.9247967102310874,374
27,10.000000000000018,N5,False,Highway,1,Punjab-Sindh lowland corridor,11,0.22919492,0.43815792,0.012038166,0.0034266738,0.0029006703,0.27602768,0.0,0.0,0.8181818181818182,0.18181818181818182,0.08031006,0.8181818181818181,0.0029006702825427055,0.5623913158069958,375
43,10.000000000000005,unknown,False,Major road,2,Balochistan,11,0.6090979,0.82858425,0.005690954,0.0038954811,0.0028943755,0.7499573,0.0,0.0,1.0,0.2727272727272727,0.20234154,0.7272727272727273,0.0028943754732608795,1.0726845958016136,376
464,9.999999999999979,N40,False,Highway,1,Balochistan,10,0.152809,0.462333,0.037738852,0.011522415,0.0028321173,0.21917848,0.0,0.0,0.3,0.3,0.31290102,0.7,0.0028321172576397657,0.3641784828901291,377
219,9.999999999999917,N55,False,Highway,1,Punjab-Sindh lowland corridor,10,0.4716168,0.73668027,0.00874421,0.0048657274,0.0028259032,0.61633426,0.0,0.0,1.0,0.3,0.2014691,0.7,0.0028259032405912876,0.9363342595100402,378
612,10.000000000000055,N25,False,Highway,1,Balochistan,11,0.25022498,0.47690126,0.011013887,0.004229113,0.0027918613,0.38269502,0.0,0.0,1.0,0.2727272727272727,0.18411602,0.7272727272727273,0.002791861305013299,0.7054222919724205,379
22,10.000000000000071,N5,False,Highway,1,Punjab-Sindh lowland corridor,11,0.2736784,0.5180827,0.008916697,0.0036978626,0.0027634883,0.33445495,0.0,0.0,0.6363636363636364,0.18181818181818182,0.11936603,0.8181818181818181,0.0027634883299469948,0.5753640445795926,380
627,10.000000000000005,N70,False,Major road,2,Balochistan,11,0.5096457,0.8898507,0.016404754,0.012021498,0.0027454158,0.7364918,0.0,0.0,1.0,0.18181818181818182,0.34083912,0.8181818181818181,0.0027454157825559378,1.068309981172735,381
25,10.000000000000021,N5,False,Highway,1,Punjab-Sindh lowland corridor,11,0.20963801,0.62789655,0.013664354,0.0052697617,0.00270806,0.27954218,0.0,0.0,0.6363636363636364,0.36363636363636365,0.13645934,0.6363636363636364,0.0027080599684268236,0.5022694506428458,382
691,10.000000000000005,N50,False,Highway,1,Balochistan,11,0.41301832,0.751063,0.019536268,0.012722737,0.002687295,0.6578481,0.0,0.0,1.0,0.18181818181818182,0.34688976,0.8181818181818181,0.0026872949674725533,0.9896663015538996,383
441,9.999999999999993,N40,False,Highway,1,Balochistan,10,0.2155095,0.37223184,0.021909881,0.00513251,0.0026764632,0.4070704,0.0,0.0,1.0,0.2,0.26492047,0.8,0.002676463220268488,0.7370703983306885,384
401,9.999999999999973,N25,False,Highway,1,Balochistan,10,0.4416844,0.86821616,0.012688493,0.009620437,0.0026754166,0.65575105,0.0,0.0,1.0,0.2,0.3300528,0.8,0.002675416646525264,0.9857510495185853,385
257,10.00000000000012,M8,False,Highway,1,Balochistan,11,0.6694321,0.991362,0.018508233,0.014079067,0.002625584,0.84477943,0.0,0.0,1.0,0.18181818181818182,0.30668446,0.8181818181818181,0.002625583903864026,1.1765976136380976,386
154,10.000000000000004,N25,False,Highway,1,Balochistan,11,0.15226386,0.34460324,0.008227148,0.002835102,0.0025840916,0.17859724,0.0,0.0,0.5454545454545454,0.09090909090909091,0.076441996,0.9090909090909091,0.0025840916205197573,0.40586996891281824,387
1647,9.999999999999908,219,False,Major road,2,"Kashgar (Xinjiang, China)",10,0.5727828,0.9816584,0.015516895,0.013962327,0.0025634924,0.75231767,0.0,0.0,1.0,0.2,0.31990358,0.8,0.0025634923949837685,1.0823176670074464,388
1454,10.000000000000014,N80,False,Major road,2,KP-AJK,11,0.43543738,0.98173976,0.007922899,0.0071652452,0.002537367,0.55703205,0.0,0.0,0.8181818181818182,0.18181818181818182,0.24508904,0.8181818181818181,0.002537366934120655,0.8433956850658764,389
685,9.999999999999966,N50,False,Highway,1,Balochistan,10,0.69487846,0.98271596,0.013178301,0.004953732,0.0025286772,0.8805553,0.0,0.0,1.0,0.3,0.35010496,0.7,0.0025286772288382053,1.200555272102356,390
1792,8.360651896661713,unknown,False,Major road,2,"Kashgar (Xinjiang, China)",10,0.5685805,0.7600387,0.011157388,0.0072477646,0.002502527,0.82417744,0.0,0.0,1.0,0.3,0.36013263,0.7,0.0025025270879268646,1.1441774439811707,391
689,9.99999999999987,N50,False,Highway,1,Balochistan,10,0.7206577,0.9726691,0.00445112,0.0042816577,0.0024877903,0.9038938,0.0,0.0,1.0,0.1,0.30405408,0.9,0.0024877903051674366,1.2438938283920289,392
10,9.285438045458442,M10,False,Highway,1,Punjab-Sindh lowland corridor,12,0.20859218,0.47201136,0.019631913,0.0041409084,0.0024377492,0.30246684,0.0,0.0,0.75,0.4166666666666667,0.1567994,0.5833333333333333,0.0024377491790801287,0.548300172885259,393
258,9.999999999999929,M8,False,Highway,1,Balochistan,10,0.27333805,0.48096204,0.028377378,0.007230365,0.002429557,0.5054302,0.0,0.0,1.0,0.5,0.32233638,0.5,0.0024295570328831673,0.8054302215576172,394
146,9.999999999999948,N25,False,Highway,1,Balochistan,10,0.26096871,0.5058455,0.011659795,0.005019624,0.0023935782,0.39350027,0.0,0.0,1.0,0.2,0.18526354,0.8,0.002393578179180622,0.7235002684593201,395
1644,9.999999999999938,219,False,Major road,2,"Kashgar (Xinjiang, China)",10,0.57601327,0.9470405,0.01937666,0.016945403,0.0023122132,0.7932504,0.0,0.0,1.0,0.2,0.39290875,0.8,0.002312213182449341,1.1232503819465638,396
598,10.00000000000003,N25,False,Highway,1,Balochistan,11,0.43770382,0.99274004,0.0023873881,0.0023700558,0.002306674,0.61737436,0.0,0.0,1.0,0.09090909090909091,0.24518496,0.9090909090909091,0.0023066739086061716,0.9582834514704618,397
395,10.000000000000012,N25,False,Highway,1,Balochistan,11,0.5222043,0.9409746,0.010971113,0.0079034865,0.0022745759,0.7704947,0.0,0.0,1.0,0.45454545454545453,0.35940757,0.5454545454545454,0.002274575876072049,1.0750401540236039,398
517,1.2990167429944204,unknown,False,Major road,2,Punjab-Sindh lowland corridor,3,0.306012,0.4980814,0.0072166524,0.0035944802,0.0021911503,0.37367046,0.0,0.0,1.0,0.3333333333333333,0.095968425,0.6666666666666667,0.002191150328144431,0.6903371254603068,399
605,9.999999999999975,N25,False,Highway,1,Balochistan,10,0.83895856,0.98410237,0.0022925436,0.0022560977,0.0021744831,0.94830704,0.0,0.0,1.0,0.1,0.20929983,0.9,0.002174483146518469,1.2883070373535157,400
892,10.00000000000001,unknown,False,Major road,2,Punjab-Sindh lowland corridor,11,0.45111653,0.9851772,0.0027052,0.0026146525,0.0021596877,0.52359843,0.0,0.0,0.6363636363636364,0.09090909090909091,0.18531348,0.9090909090909091,0.00215968769043684,0.7735984325408936,401
402,10.000000000000036,N25,False,Highway,1,Balochistan,11,0.4774144,0.7671429,0.030266631,0.00812919,0.0021469533,0.7263167,0.0,0.0,1.0,0.2727272727272727,0.36054775,0.7272727272727273,0.0021469532512128353,1.049043963172219,402
244,10.000000000000025,M8,False,Highway,1,Balochistan,11,0.47754782,0.9338916,0.012134043,0.004231498,0.002133178,0.6133346,0.0,0.0,1.0,0.2727272727272727,0.21147753,0.7272727272727273,0.0021331780590116978,0.9360618688843467,403
489,9.999999999999838,N40,False,Highway,1,Balochistan,10,0.18720362,0.3073564,0.018295128,0.0052536884,0.0020779828,0.39861745,0.0,0.0,1.0,0.2,0.29182303,0.8,0.002077982760965824,0.728617446422577,404
439,9.999999999999906,N40,False,Highway,1,Balochistan,10,0.15674466,0.23314296,0.0302579,0.005653153,0.0020679778,0.3195495,0.0,0.0,0.8,0.4,0.2867754,0.6,0.0020679777953773737,0.5795495009422302,405
174,10.000000000000009,N25,False,Highway,1,Balochistan,11,0.2819536,0.44338834,0.010117921,0.0044861683,0.0019899597,0.4930002,0.0,0.0,0.9090909090909091,0.09090909090909091,0.32329938,0.9090909090909091,0.001989959739148617,0.8111820275133307,406
260,10.000000000000128,M8,False,Highway,1,Balochistan,11,0.48408964,0.8472179,0.010717901,0.0068302993,0.0019383841,0.6896437,0.0,0.0,1.0,0.36363636363636365,0.31020412,0.6363636363636364,0.001938384142704308,1.0032800446857106,407
399,9.999999999999961,N25,False,Highway,1,Balochistan,10,0.26908723,0.4716808,0.019916797,0.0062695397,0.0019092774,0.488576,0.0,0.0,1.0,0.5,0.3040671,0.5,0.0019092774018645287,0.7885759949684144,408
714,10.000000000000005,unknown,False,Major road,2,KP-AJK,11,0.78746563,0.9765432,0.005207842,0.0050856825,0.0019088355,0.9392746,0.0,0.0,1.0,0.09090909090909091,0.27032068,0.9090909090909091,0.0019088354893028736,1.2801836999979885,409
1656,10.000000000000021,219,False,Major road,2,"Kashgar (Xinjiang, China)",11,0.96260816,0.98319507,0.0022417633,0.0021748506,0.0019043792,0.9990687,0.0,0.0,1.0,0.09090909090909091,0.25736234,0.9090909090909091,0.0019043792271986604,1.3399777683344753,410
699,10.000000000000032,N50,False,Highway,1,Balochistan,11,0.4136398,0.80719036,0.014584672,0.008594886,0.0019023842,0.6405523,0.0,0.0,1.0,0.18181818181818182,0.32358712,0.8181818181818181,0.0019023842178285122,0.9723704641515558,411
236,10.000000000000028,M8,False,Highway,1,Balochistan,11,0.5399376,0.836949,0.0088044135,0.005489717,0.0018609519,0.7361067,0.0,0.0,1.0,0.36363636363636365,0.28130066,0.6363636363636364,0.0018609518883749843,1.0497430573810231,412
12,10.000000000000016,N5,False,Highway,1,Punjab-Sindh lowland corridor,11,0.27312067,0.44683462,0.008508996,0.0028012993,0.0018040303,0.38014832,0.0,0.0,0.9090909090909091,0.36363636363636365,0.15856889,0.6363636363636364,0.001804030267521739,0.6710574122992429,413
11,10.000000000000018,N5,False,Highway,1,Punjab-Sindh lowland corridor,11,0.30623874,0.5428505,0.0052527785,0.002221862,0.0017854418,0.40067074,0.0,0.0,1.0,0.18181818181818182,0.13018017,0.8181818181818181,0.001785441767424345,0.7324889188463037,414
106,9.999999999999998,N5,False,Highway,1,Punjab-Sindh lowland corridor,10,0.2339191,0.5374238,0.009328562,0.0021330835,0.0017056754,0.28174847,0.0,0.0,0.9,0.3,0.072151974,0.7,0.0017056753858923912,0.5767484736442565,415
1675,10.000000000000009,314,True,Highway,1,"Kashgar (Xinjiang, China)",11,0.9150354,0.97239935,0.0035698088,0.0034712797,0.0016680465,1.0,0.0,0.0,1.0,0.09090909090909091,0.3127394,0.9090909090909091,0.001668046461418271,1.3409090909090908,416
70,9.999999999999952,N10,False,Highway,1,Balochistan,10,0.5314156,0.9422278,0.0026114702,0.002395796,0.0016423609,0.657199,0.0,0.0,1.0,0.1,0.17413211,0.9,0.0016423609340563416,0.9971990251541137,417
143,9.999999999999995,N25,False,Highway,1,Punjab-Sindh lowland corridor,10,0.46353707,0.7649071,0.0046094237,0.0030502144,0.0016342558,0.6074053,0.0,0.0,1.0,0.1,0.19788006,0.9,0.001634255750104785,0.9474053049087524,418
692,10.000000000000009,N50,False,Highway,1,Balochistan,11,0.3757779,0.60891676,0.013446981,0.0063133715,0.0016316649,0.6362207,0.0,0.0,1.0,0.18181818181818182,0.35928586,0.8181818181818181,0.0016316649271175265,0.9680388754064386,419
706,10.000000000000005,unknown,False,Major road,2,Balochistan,11,0.40286553,0.63693583,0.0070057837,0.0044622347,0.0016092588,0.6201557,0.0,0.0,1.0,0.09090909090909091,0.29867166,0.9090909090909091,0.0016092588193714619,0.9610647830096158,420
672,9.999999999999968,N50,False,Highway,1,Balochistan,10,0.580734,0.90572166,0.012048358,0.007885402,0.001604927,0.79261816,0.0,0.0,1.0,0.3,0.3573397,0.7,0.0016049270052462816,1.1126181554794312,421
396,9.999999999999979,N25,False,Highway,1,Balochistan,10,0.4487227,0.7063899,0.018370902,0.0076989764,0.001579575,0.70399535,0.0,0.0,1.0,0.5,0.35418865,0.5,0.0015795750077813864,1.0039953470230103,422
1643,10.000000000000044,219,False,Major road,2,"Kashgar (Xinjiang, China)",11,0.5507267,0.8996185,0.012662915,0.008609048,0.0015639216,0.79628927,0.0,0.0,1.0,0.2727272727272727,0.395076,0.7272727272727273,0.001563921570777893,1.119016537883065,423
210,9.999999999999828,N55,False,Highway,1,Punjab-Sindh lowland corridor,10,0.5760547,0.9881883,0.005513209,0.0017173929,0.0015478703,0.6285871,0.0,0.0,0.8,0.1,0.122647226,0.9,0.0015478703426197171,0.9185871267318725,424
421,10.000000000000014,unknown,False,Major road,2,Balochistan,11,0.19559899,0.45963565,0.013343805,0.0023339875,0.0014905471,0.29478952,0.0,0.0,0.9090909090909091,0.18181818181818182,0.15207432,0.8181818181818181,0.001490547088906169,0.6038804319771853,425
137,10.000000000000014,unknown,False,Highway,1,Balochistan,11,0.7108483,0.8953206,0.0074190497,0.005776197,0.0014897183,0.8740219,0.0,0.0,1.0,0.2727272727272727,0.30749568,0.7272727272727273,0.001489718328230083,1.1967491605065086,426
1667,9.99999999999992,219,False,Major road,2,"Kashgar (Xinjiang, China)",10,0.97547066,0.9823926,0.0016157568,0.0015854102,0.001450143,0.99678785,0.0,0.0,1.0,0.2,0.08159268,0.8,0.0014501430559903383,1.3267878460884095,427
638,9.99999999999999,N70,False,Major road,2,Balochistan,10,0.6961126,0.91539073,0.0100851115,0.008121257,0.0014330057,0.8947052,0.0,0.0,1.0,0.4,0.35662633,0.6,0.001433005672879517,1.2047051763534546,428
452,9.99999999999997,N40,False,Highway,1,Balochistan,10,0.19669802,0.28966606,0.014155114,0.0025122142,0.0014204897,0.35190707,0.0,0.0,1.0,0.6,0.21243005,0.4,0.0014204897452145815,0.6419070744514466,429
610,10.000000000000025,N25,False,Highway,1,Balochistan,11,0.35732782,0.8278807,0.007190856,0.0045881416,0.0014122251,0.5554436,0.0,0.0,1.0,0.2727272727272727,0.27854753,0.7272727272727273,0.001412225072272122,0.8781708576462486,430
451,9.999999999999984,N40,False,Highway,1,Balochistan,10,0.19618972,0.5021701,0.016529966,0.0021702037,0.0013930339,0.34510258,0.0,0.0,0.8,0.4,0.23753853,0.6,0.0013930338900536299,0.6051025784015656,431
712,10.000000000000002,unknown,False,Major road,2,Balochistan,11,0.5515865,0.86380786,0.013312205,0.0074162157,0.0013298395,0.7849865,0.0,0.0,1.0,0.2727272727272727,0.3714998,0.7272727272727273,0.0013298394624143839,1.1077137686989524,432
23,9.999999999999991,N5,False,Highway,1,Punjab-Sindh lowland corridor,10,0.20148072,0.4519984,0.007989931,0.0016316345,0.0013094668,0.285219,0.0,0.0,0.7,0.1,0.15297015,0.9,0.0013094667810946703,0.5502190136909485,433
608,10.000000000000028,N25,False,Highway,1,Balochistan,11,0.45811626,0.90636414,0.0045961468,0.0027695186,0.00129426,0.662261,0.0,0.0,1.0,0.18181818181818182,0.27985182,0.8181818181818181,0.001294260029681027,0.9940791910344904,434
507,10.000000000000009,N65,False,Highway,1,Balochistan,11,0.32547614,0.6497967,0.007355343,0.004779478,0.0012853055,0.58243567,0.0,0.0,1.0,0.09090909090909091,0.35252854,0.9090909090909091,0.001285305479541421,0.923344758423892,435
669,10.00000000000006,N50,False,Highway,1,Balochistan,11,0.93941635,0.9885836,0.0013371165,0.0013189613,0.0012670505,0.9966499,0.0,0.0,1.0,0.09090909090909091,0.13724509,0.9090909090909091,0.0012670505093410611,1.33755901184949,436
683,10.000000000000018,N50,False,Highway,1,Balochistan,11,0.46995255,0.8172713,0.010394324,0.0084949825,0.0012658839,0.73010695,0.0,0.0,1.0,0.09090909090909091,0.3644893,0.9090909090909091,0.0012658839114010334,1.0710160407153042,437
466,9.999999999999948,N40,False,Highway,1,Balochistan,10,0.12146994,0.2208027,0.02294091,0.003239957,0.0012028015,0.19049409,0.0,0.0,0.3,0.1,0.28058785,0.9,0.001202801475301385,0.35549409031867985,438
14,9.999999999999988,N5,False,Highway,1,Punjab-Sindh lowland corridor,10,0.21520719,0.52247417,0.0061224224,0.0015250451,0.00119453,0.2980292,0.0,0.0,1.0,0.2,0.11360453,0.8,0.0011945300502702594,0.6280292141437531,439
135,9.999999999999977,unknown,False,Highway,1,Balochistan,10,0.62937534,0.8239312,0.005439413,0.0026418716,0.0011842374,0.816193,0.0,0.0,1.0,0.3,0.29533568,0.7,0.0011842374224215746,1.1361929845809937,440
704,9.999999999999815,N50,False,Highway,1,Balochistan,10,0.5128328,0.84361756,0.00319708,0.002525638,0.0010938821,0.7140656,0.0,0.0,1.0,0.2,0.2894605,0.8,0.0010938821360468864,1.0440656113624573,441
690,9.999999999999934,N50,False,Highway,1,Balochistan,10,0.33986205,0.67458695,0.008381057,0.0032986035,0.0010792587,0.56630814,0.0,0.0,1.0,0.1,0.3094362,0.9,0.0010792587418109179,0.9063081407546997,442
321,1.37936249742693,unknown,False,Major road,2,Punjab-Sindh lowland corridor,4,0.25912258,0.47202453,0.004513681,0.0017776489,0.0010677995,0.32740486,0.0,0.0,0.75,0.5,0.11069675,0.5,0.0010677995160222054,0.5649048566818238,443
40,10.00000000000001,M9,False,Highway,1,Punjab-Sindh lowland corridor,11,0.19840501,0.478383,0.0052115973,0.0014594338,0.0010615886,0.31066486,0.0,0.0,0.8181818181818182,0.09090909090909091,0.18727098,0.9090909090909091,0.0010615886421874166,0.6061194078488784,444
697,9.99999999999994,N50,False,Highway,1,Balochistan,10,0.40145034,0.872762,0.008120525,0.0070872856,0.0010233833,0.6413877,0.0,0.0,1.0,0.1,0.35833973,0.9,0.0010233833454549313,0.9813877010345459,445
410,9.999999999999973,N25,False,Highway,1,Balochistan,10,0.89404744,0.98207104,0.0025606514,0.0023540957,0.0010086154,0.97231734,0.0,0.0,1.0,0.1,0.2363236,0.9,0.0010086153633892536,1.3123173379898072,446
807,10.000000000000249,N55,False,Highway,1,KP-AJK,11,0.74802977,0.97636676,0.0012716,0.0012415481,0.00095611124,0.91311747,0.0,0.0,1.0,0.09090909090909091,0.28358033,0.9090909090909091,0.0009561112383380532,1.254026559266177,447
938,8.111893561678126,unknown,False,Major road,2,KP-AJK,10,0.8992802,0.9848851,0.0021329285,0.001592539,0.00092826056,0.9863802,0.0,0.0,1.0,0.1,0.24234414,0.9,0.0009282605606131256,1.3263802194595338,448
617,10.000000000000002,unknown,False,Major road,2,Balochistan,11,0.48716372,0.7350024,0.0056490954,0.003964633,0.00091000873,0.6590591,0.0,0.0,1.0,0.09090909090909091,0.23686057,0.9090909090909091,0.0009100087336264551,0.9999681982127103,449
409,10.00000000000003,N25,False,Highway,1,Balochistan,11,0.955007,0.97862643,0.0017692447,0.0017314296,0.0008020019,1.0,0.0,0.0,1.0,0.09090909090909091,0.2810333,0.9090909090909091,0.000802001915872097,1.3409090909090908,450
400,9.999999999999991,N25,False,Highway,1,Balochistan,10,0.3718049,0.7837073,0.005565965,0.002448275,0.0007925339,0.5931331,0.0,0.0,1.0,0.3,0.3118363,0.7,0.0007925339159555733,0.9131330919265747,451
1655,10.00000000000008,219,False,Major road,2,"Kashgar (Xinjiang, China)",11,0.97365385,0.9828037,0.00088436494,0.0008598255,0.0007664196,0.99990773,0.0,0.0,1.0,0.09090909090909091,0.19349118,0.9090909090909091,0.0007664195727556944,1.3408168229189785,452
711,10.000000000000007,unknown,False,Major road,2,Balochistan,11,0.65147394,0.93316746,0.0040453942,0.0037750304,0.0007609287,0.87307304,0.0,0.0,1.0,0.09090909090909091,0.34436557,0.9090909090909091,0.0007609287276864052,1.2139821323481472,453
1654,9.999999999999943,219,False,Major road,2,"Kashgar (Xinjiang, China)",10,0.9731264,0.98401576,0.00081184506,0.00079500664,0.00075172173,0.998968,0.0,0.0,1.0,0.1,0.19536734,0.9,0.0007517217309214175,1.338968005180359,454
1673,10.0,314,True,Highway,1,"Kashgar (Xinjiang, China)",11,0.9372574,0.97865796,0.0017327883,0.0016560518,0.0007354269,1.0,0.0,0.0,1.0,0.09090909090909091,0.28763652,0.9090909090909091,0.0007354269037023187,1.3409090909090908,455
597,9.99999999999999,N25,False,Highway,1,Balochistan,10,0.6610744,0.97680086,0.0054058256,0.004060654,0.00073437946,0.8306435,0.0,0.0,1.0,0.2,0.2752153,0.8,0.0007343794568441808,1.1606434750556947,456
1778,9.999999999999943,unknown,False,Major road,2,"Kashgar (Xinjiang, China)",10,0.93694735,0.9855414,0.0007514119,0.00074054755,0.00072556955,0.99080145,0.0,0.0,1.0,0.1,0.093086556,0.9,0.0007255695527419448,1.3308014535903931,457
609,10.00000000000003,N25,False,Highway,1,Balochistan,11,0.23484087,0.34600502,0.0042607784,0.0011737664,0.00068625977,0.4165715,0.0,0.0,0.9090909090909091,0.2727272727272727,0.26899818,0.7272727272727273,0.0006862597656436265,0.7165714979171753,458
7,9.99999999999998,M10,False,Highway,1,Punjab-Sindh lowland corridor,10,0.21752855,0.49436393,0.002646941,0.0013085522,0.0006849492,0.402385,0.0,0.0,0.8,0.1,0.31239635,0.9,0.0006849492201581597,0.6923849964141845,459
29,10.000000000000014,M9,False,Highway,1,Punjab-Sindh lowland corridor,11,0.31935298,0.81078666,0.003114348,0.0007777352,0.0006115681,0.42103854,0.0,0.0,0.9090909090909091,0.36363636363636365,0.14521033,0.6363636363636364,0.0006115681026130915,0.7119476291266355,460
1658,10.000000000000005,219,False,Major road,2,"Kashgar (Xinjiang, China)",11,0.90844667,0.96252817,0.002373354,0.002175178,0.000603409,1.0,0.0,0.0,1.0,0.09090909090909091,0.35387918,0.9090909090909091,0.0006034090183675289,1.3409090909090908,461
626,10.000000000000043,N70,False,Major road,2,Balochistan,11,0.7000713,0.973709,0.00083600933,0.0008140298,0.000600465,0.86618686,0.0,0.0,1.0,0.09090909090909091,0.29452288,0.9090909090909091,0.0006004649912938476,1.2070959481326016,462
637,9.999999999999927,N70,False,Major road,2,Balochistan,10,0.6773163,0.92672557,0.00380466,0.0032586255,0.00050465256,0.8778547,0.0,0.0,1.0,0.1,0.36884236,0.9,0.0005046525620855391,1.2178547048568726,463
443,10.000000000000044,N40,False,Highway,1,Balochistan,11,0.15883408,0.20871393,0.006290712,0.0011846314,0.00049055397,0.32476667,0.0,0.0,0.9090909090909091,0.18181818181818182,0.24711329,0.8181818181818181,0.0004905539681203663,0.6338575747880069,464
684,9.999999999999908,N50,False,Highway,1,Balochistan,10,0.75204533,0.98156035,0.0004962206,0.00048707044,0.000448723,0.9169324,0.0,0.0,1.0,0.1,0.31780034,0.9,0.0004487230035010725,1.2569324040412904,465
701,10.000000000000014,N50,False,Highway,1,Balochistan,11,0.48521024,0.93205386,0.0014533076,0.001345758,0.00044843985,0.665206,0.0,0.0,1.0,0.18181818181818182,0.2865484,0.8181818181818181,0.00044843985233455896,0.9970241969281977,466
398,10.000000000000044,N25,False,Highway,1,Balochistan,11,0.33595344,0.70913374,0.0070813354,0.0017894506,0.00044691665,0.6088357,0.0,0.0,1.0,0.2727272727272727,0.36994708,0.7272727272727273,0.0004469166451599449,0.931562969901345,467
693,9.999999999999984,N50,False,Highway,1,Balochistan,10,0.31651723,0.41345614,0.0042984188,0.0013096184,0.00043615914,0.55789196,0.0,0.0,1.0,0.1,0.32686436,0.9,0.0004361591418273747,0.8978919649124145,468
673,10.000000000000014,N50,False,Highway,1,Balochistan,11,0.65871096,0.79722124,0.0038477345,0.002158891,0.00043282687,0.86911446,0.0,0.0,1.0,0.09090909090909091,0.29423413,0.9090909090909091,0.0004328268696554005,1.2100235494700344,469
621,10.000000000000005,N70,False,Major road,2,Balochistan,11,0.4683161,0.94560814,0.007147323,0.0019740523,0.0004167883,0.6936689,0.0,0.0,1.0,0.18181818181818182,0.3785599,0.8181818181818181,0.00041678830166347325,1.0254870837385004,470
129,10.000000000000012,unknown,False,Highway,1,Balochistan,11,0.4815625,0.8155328,0.002015,0.00075186806,0.00041581833,0.6132014,0.0,0.0,1.0,0.09090909090909091,0.17831315,0.9090909090909091,0.00041581832920201123,0.9541104706850919,471
509,6.903660687475713,N65,False,Highway,1,Balochistan,8,0.6761294,0.91763693,0.0017588511,0.00072110986,0.00038427566,0.8320558,0.0,0.0,1.0,0.125,0.24785537,0.875,0.00038427565596066415,1.1695558071136474,472
623,9.999999999999995,N70,False,Major road,2,Balochistan,10,0.6763738,0.872237,0.008285391,0.0019816014,0.0003765867,0.9124834,0.0,0.0,1.0,0.1,0.3668062,0.9,0.0003765866858884692,1.2524833941459657,473
21,9.99999999999991,N5,False,Highway,1,Punjab-Sindh lowland corridor,10,0.28609982,0.79408586,0.0005743742,0.00045610243,0.00036945957,0.35682458,0.0,0.0,0.6,0.1,0.113471605,0.9,0.00036945956526324153,0.5968245768547058,474
312,10.000000000000044,N85,False,Major road,2,Balochistan,11,0.3309054,0.82956094,0.0026347204,0.0013342898,0.0003491646,0.54331285,0.0,0.0,0.9090909090909091,0.09090909090909091,0.33282268,0.9090909090909091,0.0003491645911708474,0.8614946657961066,475
5,10.000000000000012,unknown,False,Major road,2,Punjab-Sindh lowland corridor,11,0.10178345,0.15150824,0.0036219032,0.00054874824,0.00034588462,0.11299739,0.0,0.0,0.09090909090909091,0.09090909090909091,0.15777263,0.9090909090909091,0.000345884618582204,0.22663375396620145,476
1642,10.000000000000028,219,False,Major road,2,"Kashgar (Xinjiang, China)",11,0.47792214,0.80114025,0.0029311234,0.0021211966,0.00032640403,0.6665898,0.0,0.0,0.7272727272727273,0.09090909090909091,0.36712816,0.9090909090909091,0.0003264040278736502,0.9393170692703942,477
969,4.7652839640040785,unknown,False,Major road,2,KP-AJK,6,0.69017357,0.95763576,0.0010014176,0.00091886235,0.00029786918,0.8321397,0.0,0.0,1.0,0.16666666666666666,0.27910748,0.8333333333333334,0.00029786917730234563,1.1654730041821797,478
613,9.999999999999973,N25,False,Highway,1,Balochistan,10,0.32913336,0.91553974,0.0019050777,0.00053321867,0.00028068197,0.49733314,0.0,0.0,1.0,0.1,0.2504421,0.9,0.00028068196843378246,0.837333139181137,479
153,9.999999999999979,N25,False,Highway,1,Balochistan,10,0.19244263,0.40410563,0.0022520542,0.00035178158,0.00027683086,0.37035593,0.0,0.0,0.9,0.1,0.2600276,0.9,0.0002768308622762561,0.6853559339046478,480
320,10.000000000000002,unknown,False,Major road,2,Punjab-Sindh lowland corridor,11,0.23221458,0.47202453,0.001064371,0.0005024092,0.00027195635,0.3066449,0.0,0.0,0.7272727272727273,0.09090909090909091,0.13932115,0.9090909090909091,0.0002719563490245491,0.5793721594593741,481
190,10.000000000000083,N55,False,Highway,1,Punjab-Sindh lowland corridor,11,0.10182932,0.36122328,0.0019194863,0.00034090588,0.00026779957,0.11668125,0.0,0.0,0.18181818181818182,0.09090909090909091,0.13142362,0.9090909090909091,0.0002677995653357357,0.2530448843132366,482
895,10.000000000000002,unknown,False,Major road,2,Punjab-Sindh lowland corridor,11,0.26964572,0.7667629,0.00091133337,0.00059219584,0.00025324378,0.4235597,0.0,0.0,0.7272727272727273,0.09090909090909091,0.27895525,0.9090909090909091,0.0002532437792979181,0.6962869682095268,483
1593,9.999999999999979,N35,True,Highway,1,KP-AJK,10,0.9936495,0.99483305,0.00024379492,0.00024246078,0.00023825504,0.99978983,0.0,0.0,1.0,0.1,0.009280563,0.9,0.0002382550446782261,1.339789834022522,484
644,9.999999999999948,N70,False,Major road,2,Balochistan,10,0.24890094,0.60517466,0.0018966794,0.0011478222,0.00023592709,0.4116612,0.0,0.0,0.6,0.1,0.34260106,0.9,0.0002359270874876529,0.6516612076759338,485
15,10.000000000000007,N5,False,Highway,1,Punjab-Sindh lowland corridor,11,0.16502944,0.38076186,0.0020407708,0.00028478698,0.00022347373,0.2456041,0.0,0.0,0.5454545454545454,0.09090909090909091,0.20155473,0.9090909090909091,0.0002234737330581993,0.47287682511589746,486
39,9.999999999999998,M9,False,Highway,1,Punjab-Sindh lowland corridor,10,0.26735586,0.8317177,0.001211071,0.00034368265,0.00021389915,0.42808443,0.0,0.0,1.0,0.2,0.21694338,0.8,0.00021389915491454303,0.7580844330787659,487
318,10.00000000000005,unknown,False,Major road,2,Punjab-Sindh lowland corridor,11,0.108678676,0.21601361,0.0011631738,0.00025126137,0.00021246228,0.14499438,0.0,0.0,0.2727272727272727,0.09090909090909091,0.12176475,0.9090909090909091,0.00021246228425297886,0.30408528718081385,488
218,9.99999999999987,N55,False,Highway,1,Punjab-Sindh lowland corridor,10,0.31430167,0.81776327,0.0014634371,0.0003897973,0.0002115713,0.47366852,0.0,0.0,1.0,0.1,0.22118983,0.9,0.00021157129958737642,0.8136685156822204,489
720,10.000000000000004,unknown,False,Major road,2,KP-AJK,11,0.9277403,0.9889513,0.0016517964,0.0012541396,0.00021137568,0.995413,0.0,0.0,1.0,0.09090909090909091,0.21571445,0.9090909090909091,0.00021137567819096148,1.336322096261111,490
20,9.999999999999979,N5,False,Highway,1,Punjab-Sindh lowland corridor,10,0.36393112,0.6817433,0.0006745577,0.0002961063,0.00020781453,0.47358617,0.0,0.0,1.0,0.1,0.14808998,0.9,0.00020781453349627554,0.8135861718654632,491
393,10.000000000000021,N25,False,Highway,1,Balochistan,11,0.3485185,0.7231695,0.0023301027,0.000848734,0.00020310831,0.5751915,0.0,0.0,0.9090909090909091,0.18181818181818182,0.33420703,0.8181818181818181,0.00020310831314418465,0.8842824068936435,492
580,9.99999999999998,unknown,False,Major road,2,Punjab-Sindh lowland corridor,10,0.045759153,0.07023081,0.0031317293,0.00020742053,0.00019985829,0.045551736,0.0,0.0,0.0,0.2,0.050518274,0.8,0.0001998582883970812,0.12555173590779306,493
267,9.999999999999954,M8,False,Highway,1,Balochistan,10,0.39220244,0.9189102,0.0011678099,0.0004450561,0.00019465445,0.63552916,0.0,0.0,1.0,0.1,0.35694528,0.9,0.00019465445075184107,0.9755291604995727,494
122,10.000000000000059,N5,False,Highway,1,Punjab-Sindh lowland corridor,11,0.06450544,0.25093663,0.0012697198,0.00031861922,0.00018222163,0.07780785,0.0,0.0,0.09090909090909091,0.09090909090909091,0.0934155,0.9090909090909091,0.00018222162907477468,0.1914442147720944,495
440,10.000000000000025,N40,False,Highway,1,Balochistan,11,0.166693,0.3749106,0.00223253,0.00033245134,0.00017896328,0.32230937,0.0,0.0,0.8181818181818182,0.18181818181818182,0.25156042,0.8181818181818181,0.0001789632806321606,0.6086730111729015,496
1775,10.000000000000021,unknown,False,Major road,2,"Kashgar (Xinjiang, China)",11,0.9066482,0.9652967,0.0012028813,0.0009976121,0.00016090069,0.9974056,0.0,0.0,1.0,0.09090909090909091,0.18700431,0.9090909090909091,0.0001609006867511198,1.3383146795359524,497
180,10.000000000000002,N55,False,Highway,1,Punjab-Sindh lowland corridor,11,0.0959742,0.21798952,0.00081557035,0.0001777858,0.00014734788,0.1370957,0.0,0.0,0.2727272727272727,0.09090909090909091,0.09399751,0.9090909090909091,0.00014734787691850215,0.2961866137656298,498
588,9.999999999999996,unknown,False,Major road,2,Punjab-Sindh lowland corridor,10,0.063832626,0.090632685,0.0041476847,0.00015707743,0.0001462774,0.06367555,0.0,0.0,0.0,0.1,0.058214106,0.9,0.0001462773943785578,0.15367555260658267,499
944,10.000000000000002,unknown,False,Major road,2,KP-AJK,11,0.9474922,0.98587173,0.00028161568,0.00027425188,0.00014261928,0.99847704,0.0,0.0,1.0,0.09090909090909091,0.18269409,0.9090909090909091,0.00014261927572079003,1.3393861326304348,500
1,9.999999999999995,unknown,False,Major road,1,Punjab-Sindh lowland corridor,10,0.31283578,0.5750777,0.0002613008,0.00015026827,0.00012402832,0.3914731,0.0,0.0,1.0,0.1,0.10611669,0.9,0.00012402831634972245,0.731473114490509,501
482,10.0,N40,False,Highway,1,Balochistan,11,0.354898,0.5423489,0.0025322763,0.00058629224,0.00011906849,0.6028485,0.0,0.0,1.0,0.09090909090909091,0.33474678,0.9090909090909091,0.00011906849249498919,0.94375756112012,502
397,9.99999999999997,N25,False,Highway,1,Balochistan,10,0.19746442,0.28037825,0.0015548288,0.00029603552,9.4400966e-05,0.4167543,0.0,0.0,0.9,0.3,0.3287244,0.7,9.440096619073302e-05,0.7117543053627013,503
3,9.99999999999999,unknown,False,Major road,2,Punjab-Sindh lowland corridor,10,0.49006438,0.7739173,0.00020496249,0.00011549139,9.392207e-05,0.58082914,0.0,0.0,1.0,0.1,0.12240384,0.9,9.392206993652508e-05,0.9208291435241699,504
980,10.000000000000002,unknown,False,Major road,2,KP-AJK,11,0.54965013,0.9692404,0.0003455227,0.00029519203,9.267324e-05,0.75305945,0.0,0.0,1.0,0.18181818181818182,0.30968308,0.8181818181818181,9.267323912354186e-05,1.0848776286298578,505
566,10.000000000000012,N5,False,Highway,1,Punjab-Sindh lowland corridor,11,0.045813225,0.06817766,0.0018764355,9.399869e-05,9.150275e-05,0.04571922,0.0,0.0,0.0,0.09090909090909091,0.040456712,0.9090909090909091,9.150274854619056e-05,0.1366283121434125,506
479,10.0,N40,False,Highway,1,Balochistan,11,0.40535364,0.9793367,0.0007333918,0.00023111989,8.780322e-05,0.5680053,0.0,0.0,1.0,0.09090909090909091,0.22558473,0.9090909090909091,8.780322241364047e-05,0.9089144143191251,507
600,10.0,N25,False,Highway,1,Balochistan,11,0.42873794,0.8864075,0.00038178943,0.00016090334,8.599831e-05,0.64974135,0.0,0.0,1.0,0.09090909090909091,0.318845,0.9090909090909091,8.599831198807806e-05,0.9906504425135526,508
721,9.999999999999998,unknown,False,Major road,2,KP-AJK,10,0.7495789,0.96740264,0.000635761,0.00039027949,7.814799e-05,0.93236923,0.0,0.0,1.0,0.1,0.3674744,0.9,7.814799027983099e-05,1.2723692321777345,509
555,9.999999999999986,N5,False,Highway,1,Punjab-Sindh lowland corridor,10,0.055238504,0.06799457,0.0015132189,6.8801564e-05,6.5097105e-05,0.0551697,0.0,0.0,0.0,0.1,0.05008964,0.9,6.509710510727018e-05,0.14516970157623293,510
935,10.000000000000004,unknown,False,Major road,2,KP-AJK,11,0.81099164,0.956877,0.00061876123,0.0005625217,6.198411e-05,0.96683943,0.0,0.0,1.0,0.18181818181818182,0.37022457,0.8181818181818181,6.198410846991464e-05,1.2986576145345514,511
1110,10.00000000000001,unknown,False,Major road,2,Punjab-Sindh lowland corridor,11,0.07189704,0.10845894,0.0010086623,6.339149e-05,5.760719e-05,0.07183365,0.0,0.0,0.0,0.09090909090909091,0.08301102,0.9090909090909091,5.760719068348408e-05,0.16274273869666186,512
1557,9.999999999999995,N15,False,Major road,2,Gilgit-Baltistan,10,0.9918823,0.99430656,5.3215026e-05,5.290095e-05,5.198855e-05,0.9998558,0.0,0.0,1.0,0.1,0.012730792,0.9,5.198855069465935e-05,1.3398558163642884,513
563,10.000000000000025,N5,False,Highway,1,Punjab-Sindh lowland corridor,11,0.06041312,0.12743324,0.00083453004,3.699144e-05,3.4504945e-05,0.06928167,0.0,0.0,0.09090909090909091,0.09090909090909091,0.039865837,0.9090909090909091,3.4504944778745994e-05,0.18291803110729565,514
1079,9.999999999999973,unknown,False,Major road,2,Punjab-Sindh lowland corridor,10,0.07906456,0.14042476,0.00072359445,2.253165e-05,2.1709226e-05,0.090212956,0.0,0.0,0.2,0.1,0.052093394,0.9,2.1709225620725192e-05,0.23021295607089998,515
582,9.999999999999986,unknown,False,Major road,2,Punjab-Sindh lowland corridor,10,0.05583624,0.07848898,0.00053043367,1.7519164e-05,1.650657e-05,0.055818725,0.0,0.0,0.0,0.1,0.05496017,0.9,1.650657031859737e-05,0.14581872537732127,516
1166,9.999999999999998,unknown,False,Major road,2,Punjab-Sindh lowland corridor,10,0.09750069,0.21176286,0.0005188465,1.6393287e-05,1.5846079e-05,0.12826607,0.0,0.0,0.3,0.1,0.08311717,0.9,1.5846078895265236e-05,0.29326606631278995,517
1072,10.000000000000018,unknown,False,Major road,2,Punjab-Sindh lowland corridor,11,0.036600526,0.07371619,0.0004513968,1.606143e-05,1.5320249e-05,0.036584463,0.0,0.0,0.0,0.09090909090909091,0.040696528,0.9090909090909091,1.5320249076467007e-05,0.12749355387958614,518
1097,6.869637556650723,N5,False,Highway,1,Punjab-Sindh lowland corridor,8,0.06782971,0.14021073,0.0005412325,1.7366525e-05,1.4754474e-05,0.0735752,0.0,0.0,0.125,0.125,0.07508438,0.875,1.4754474250366911e-05,0.19232519865036013,519
578,10.000000000000032,unknown,False,Major road,2,Punjab-Sindh lowland corridor,11,0.061268356,0.13269325,0.00046790187,1.4166446e-05,1.3588457e-05,0.068803824,0.0,0.0,0.09090909090909091,0.09090909090909091,0.050434183,0.9090909090909091,1.3588456567958929e-05,0.18244018812071194,520
176,9.99999999999999,N25,False,Highway,1,Balochistan,10,0.50859535,0.83364767,3.4439563e-05,2.8242444e-05,6.693055e-06,0.7155169,0.0,0.0,0.9,0.1,0.34347084,0.9,6.693055183859542e-06,1.0305169248580932,521
1196,10.000000000000046,unknown,False,Major road,2,Punjab-Sindh lowland corridor,11,0.056741472,0.09251246,0.00015226277,6.926261e-06,6.6301786e-06,0.056734547,0.0,0.0,0.0,0.09090909090909091,0.025590401,0.9090909090909091,6.630178631894523e-06,0.14764363792809573,522
1112,10.000000000000009,unknown,False,Major road,2,Punjab-Sindh lowland corridor,11,0.06400985,0.082411304,0.00015345486,6.8391932e-06,6.2126815e-06,0.06400301,0.0,0.0,0.0,0.09090909090909091,0.07805783,0.9090909090909091,6.212681455508573e-06,0.15491210398348895,523
583,10.000000000000055,unknown,False,Major road,2,Punjab-Sindh lowland corridor,11,0.061753724,0.10178497,0.00015505335,6.0282737e-06,3.9367915e-06,0.061747693,0.0,0.0,0.0,0.09090909090909091,0.11892142,0.9090909090909091,3.936791472369805e-06,0.15265678343447772,524
1766,9.999999999999952,315,False,Major road,2,"Kashgar (Xinjiang, China)",10,0.18543985,0.3878543,0.0,0.0,0.0,0.45598745,0.0,0.0,1.0,0.0,0.36439246,1.0,0.0,0.8059874534606933,525
1765,9.999999999999952,315,False,Major road,2,"Kashgar (Xinjiang, China)",10,0.290081,0.5161796,0.0,0.0,0.0,0.5513392,0.0,0.0,0.9,0.0,0.383124,1.0,0.0,0.8763392090797424,526
28,1.3788334896213297,N5,False,Highway,1,Punjab-Sindh lowland corridor,4,0.24366719,0.33481878,0.0,0.0,0.0,0.2976154,0.0,0.0,1.0,0.0,0.07266127,1.0,0.0,0.6476154088973999,527
26,10.000000000000023,N5,False,Highway,1,Punjab-Sindh lowland corridor,11,0.2087283,0.75715655,0.0,0.0,0.0,0.25177848,0.0,0.0,0.45454545454545453,0.0,0.14541493,1.0,0.0,0.46541484702717173,528
24,9.999999999999932,N5,False,Highway,1,Punjab-Sindh lowland corridor,10,0.19636968,0.36277926,0.0,0.0,0.0,0.2965147,0.0,0.0,0.6,0.0,0.17861006,1.0,0.0,0.5465146899223328,529
52,7.382282562070076,unknown,False,Major road,1,Balochistan,9,0.23296785,0.37371695,0.0,0.0,0.0,0.4280993,0.0,0.0,1.0,0.0,0.2628168,1.0,0.0,0.7780993044376373,530
51,10.000000000000012,unknown,False,Major road,1,Balochistan,11,0.20229298,0.38678175,0.0,0.0,0.0,0.39816588,0.0,0.0,1.0,0.0,0.26381534,1.0,0.0,0.7481658816337585,531
50,9.999999999999964,unknown,False,Major road,1,Balochistan,10,0.22791564,0.40144727,0.0,0.0,0.0,0.4358794,0.0,0.0,1.0,0.0,0.28010017,1.0,0.0,0.7858794093132019,532
49,9.999999999999968,unknown,False,Major road,1,Balochistan,10,0.25290632,0.37471515,0.0,0.0,0.0,0.46308333,0.0,0.0,1.0,0.0,0.2830811,1.0,0.0,0.8130833268165588,533
48,10.0,unknown,False,Major road,1,Balochistan,11,0.23579988,0.40423906,0.0,0.0,0.0,0.4532563,0.0,0.0,1.0,0.0,0.29288557,1.0,0.0,0.8032563090324402,534
47,10.000000000000055,unknown,False,Major road,1,Balochistan,11,0.2911042,0.5748814,0.0,0.0,0.0,0.52089936,0.0,0.0,1.0,0.0,0.30950424,1.0,0.0,0.8708993554115295,535
46,9.99999999999999,unknown,False,Major road,1,Balochistan,10,0.32781145,0.4427398,0.0,0.0,0.0,0.5529488,0.0,0.0,1.0,0.0,0.30323067,1.0,0.0,0.9029487729072571,536
45,9.99999999999998,unknown,False,Major road,1,Balochistan,10,0.277335,0.5597475,0.0,0.0,0.0,0.4975563,0.0,0.0,1.0,0.0,0.2966095,1.0,0.0,0.8475562989711761,537
44,1.9207608829072937,unknown,False,Major road,2,Balochistan,3,0.7039909,0.7685541,0.0,0.0,0.0,0.84283495,0.0,0.0,1.0,0.0,0.18700492,1.0,0.0,1.1928349494934083,538
42,4.994245651293305,M9,False,Highway,1,Punjab-Sindh lowland corridor,6,0.3376476,0.5303786,0.0,0.0,0.0,0.4144585,0.0,0.0,1.0,0.0,0.103454374,1.0,0.0,0.7644585132598877,539
41,10.000000000000027,M9,False,Highway,1,Punjab-Sindh lowland corridor,11,0.32471916,0.86154765,0.0,0.0,0.0,0.41062576,0.0,0.0,1.0,0.0,0.11570506,1.0,0.0,0.7606257557868957,540
524,9.999999999999975,unknown,False,Major road,2,Punjab-Sindh lowland corridor,10,0.06343629,0.09853995,0.0,0.0,0.0,0.06343629,0.0,0.0,0.0,0.0,0.061865777,1.0,0.0,0.16343629211187363,541
523,10.000000000000014,unknown,False,Major road,2,Punjab-Sindh lowland corridor,11,0.062474392,0.09853995,0.0,0.0,0.0,0.062474392,0.0,0.0,0.0,0.0,0.04405505,1.0,0.0,0.16247439235448838,542
522,9.999999999999991,unknown,False,Major road,2,Punjab-Sindh lowland corridor,10,0.10236224,0.3114103,0.0,0.0,0.0,0.11630571,0.0,0.0,0.2,0.0,0.036550306,1.0,0.0,0.2663057088851929,543
521,5.042059192938868,unknown,False,Major road,2,Punjab-Sindh lowland corridor,8,0.06364861,0.105804384,0.0,0.0,0.0,0.06364861,0.0,0.0,0.0,0.0,0.024056805,1.0,0.0,0.16364861130714417,544
520,10.0,unknown,False,Major road,2,Punjab-Sindh lowland corridor,11,0.050243903,0.08683025,0.0,0.0,0.0,0.050243903,0.0,0.0,0.0,0.0,0.06550868,1.0,0.0,0.15024390295147896,545
519,10.000000000000009,unknown,False,Major road,2,Punjab-Sindh lowland corridor,11,0.044500023,0.064215526,0.0,0.0,0.0,0.044500023,0.0,0.0,0.0,0.0,0.05220339,1.0,0.0,0.14450002312660218,546
518,9.999999999999993,unknown,False,Major road,2,Punjab-Sindh lowland corridor,10,0.06320236,0.10694434,0.0,0.0,0.0,0.06320236,0.0,0.0,0.0,0.0,0.055160515,1.0,0.0,0.16320235878229142,547
516,9.99999999999999,unknown,False,Major road,2,Punjab-Sindh lowland corridor,10,0.07162075,0.11378731,0.0,0.0,0.0,0.07162075,0.0,0.0,0.0,0.0,0.050240528,1.0,0.0,0.17162074744701386,548
515,10.000000000000005,unknown,False,Major road,2,Punjab-Sindh lowland corridor,11,0.11790349,0.45531884,0.0,0.0,0.0,0.13358262,0.0,0.0,0.18181818181818182,0.0,0.07632219,1.0,0.0,0.27903716726736594,549
514,1.622821665750141,unknown,False,Major road,2,Punjab-Sindh lowland corridor,3,0.07031739,0.08614398,0.0,0.0,0.0,0.07031739,0.0,0.0,0.0,0.0,0.03183083,1.0,0.0,0.1703173875808716,550
513,9.999999999999966,unknown,False,Major road,2,Punjab-Sindh lowland corridor,10,0.082893856,0.12861913,0.0,0.0,0.0,0.08514195,0.0,0.0,0.1,0.0,0.047727905,1.0,0.0,0.21014194935560226,551
512,10.000000000000014,unknown,False,Major road,2,Punjab-Sindh lowland corridor,11,0.092426494,0.30501503,0.0,0.0,0.0,0.120920874,0.0,0.0,0.2727272727272727,0.0,0.060758356,1.0,0.0,0.2891026923602278,552
510,10.000000000000004,N40,False,Highway,1,Balochistan,11,0.3035033,0.58764,0.0,0.0,0.0,0.5160299,0.0,0.0,0.9090909090909091,0.0,0.30910978,1.0,0.0,0.8433026216246865,553
496,9.999999999999998,N65,False,Highway,1,Balochistan,10,0.13396412,0.20492233,0.0,0.0,0.0,0.21764112,0.0,0.0,0.4,0.0,0.24346825,1.0,0.0,0.4176411151885986,554
495,9.99999999999999,N65,False,Highway,1,Balochistan,10,0.21303387,0.42023796,0.0,0.0,0.0,0.36151382,0.0,0.0,0.6,0.0,0.32791707,1.0,0.0,0.6115138232707977,555
494,4.15190827561375,N40,False,Highway,1,Balochistan,7,0.17792018,0.23202802,0.0,0.0,0.0,0.4091461,0.0,0.0,1.0,0.0,0.31143132,1.0,0.0,0.759146100282669,556
540,10.00000000000001,N5,False,Highway,1,Punjab-Sindh lowland corridor,11,0.15432803,0.54265416,0.0,0.0,0.0,0.20954052,0.0,0.0,0.45454545454545453,0.0,0.09451792,1.0,0.0,0.4231768797744404,557
539,10.000000000000009,N5,False,Highway,1,Punjab-Sindh lowland corridor,11,0.052458,0.0741974,0.0,0.0,0.0,0.052458,0.0,0.0,0.0,0.0,0.06462209,1.0,0.0,0.15245799943804741,558
538,9.999999999999982,N5,False,Highway,1,Punjab-Sindh lowland corridor,10,0.069788,0.10349105,0.0,0.0,0.0,0.069788,0.0,0.0,0.0,0.0,0.0429115,1.0,0.0,0.16978800147771836,559
537,10.000000000000009,N5,False,Highway,1,Punjab-Sindh lowland corridor,11,0.074101046,0.12037106,0.0,0.0,0.0,0.074101046,0.0,0.0,0.0,0.0,0.073558085,1.0,0.0,0.1741010457277298,560
536,1.1904359967756284,unknown,False,Major road,2,Punjab-Sindh lowland corridor,3,0.043914005,0.0745721,0.0,0.0,0.0,0.043914005,0.0,0.0,0.0,0.0,0.027434776,1.0,0.0,0.14391400516033173,561
535,9.999999999999991,unknown,False,Major road,2,Punjab-Sindh lowland corridor,10,0.04612174,0.09241945,0.0,0.0,0.0,0.04612174,0.0,0.0,0.0,0.0,0.061950315,1.0,0.0,0.1461217388510704,562
534,9.999999999999979,unknown,False,Major road,2,Punjab-Sindh lowland corridor,10,0.06361447,0.14769189,0.0,0.0,0.0,0.07057797,0.0,0.0,0.2,0.0,0.04592895,1.0,0.0,0.22057797163724902,563
533,9.999999999999986,unknown,False,Major road,2,Punjab-Sindh lowland corridor,10,0.043868788,0.06565072,0.0,0.0,0.0,0.043868788,0.0,0.0,0.0,0.0,0.04278947,1.0,0.0,0.143868787586689,564
532,10.000000000000009,unknown,False,Major road,2,Punjab-Sindh lowland corridor,11,0.050707474,0.08220622,0.0,0.0,0.0,0.050707474,0.0,0.0,0.0,0.0,0.04071261,1.0,0.0,0.15070747435092927,565
531,10.000000000000014,unknown,False,Major road,2,Punjab-Sindh lowland corridor,11,0.06556348,0.16258328,0.0,0.0,0.0,0.07827664,0.0,0.0,0.09090909090909091,0.0,0.07053631,1.0,0.0,0.20100391439416193,566
530,9.939838757066582,unknown,False,Major road,2,Punjab-Sindh lowland corridor,11,0.065081075,0.10075271,0.0,0.0,0.0,0.065081075,0.0,0.0,0.0,0.0,0.035846736,1.0,0.0,0.16508107483386994,567
529,10.000000000000018,unknown,False,Major road,2,Punjab-Sindh lowland corridor,11,0.08128209,0.18945855,0.0,0.0,0.0,0.08543326,0.0,0.0,0.18181818181818182,0.0,0.060094688,1.0,0.0,0.23088780506090686,568
528,5.098742900722617,unknown,False,Major road,2,Punjab-Sindh lowland corridor,7,0.0859922,0.20629355,0.0,0.0,0.0,0.08973006,0.0,0.0,0.14285714285714285,0.0,0.031797595,1.0,0.0,0.22544434730495724,569
527,9.999999999999993,unknown,False,Major road,2,Punjab-Sindh lowland corridor,10,0.12837812,0.4396156,0.0,0.0,0.0,0.14769536,0.0,0.0,0.4,0.0,0.042475164,1.0,0.0,0.3476953625679016,570
526,2.0692513307114107,unknown,False,Major road,2,Punjab-Sindh lowland corridor,5,0.15985925,0.18945855,0.0,0.0,0.0,0.17892513,0.0,0.0,0.6,0.0,0.040360443,1.0,0.0,0.42892512679100037,571
525,10.000000000000028,unknown,False,Major road,2,Punjab-Sindh lowland corridor,11,0.068179995,0.12209371,0.0,0.0,0.0,0.068179995,0.0,0.0,0.0,0.0,0.026552677,1.0,0.0,0.16817999482154847,572
556,10.000000000000027,N5,False,Highway,1,Punjab-Sindh lowland corridor,11,0.059752844,0.11688081,0.0,0.0,0.0,0.059752844,0.0,0.0,0.0,0.0,0.05659304,1.0,0.0,0.15975284427404404,573
554,9.99999999999995,N5,False,Highway,1,Punjab-Sindh lowland corridor,10,0.0588348,0.08948476,0.0,0.0,0.0,0.0588348,0.0,0.0,0.0,0.0,0.06189578,1.0,0.0,0.15883479863405228,574
553,10.00000000000004,N5,False,Highway,1,Punjab-Sindh lowland corridor,11,0.0629993,0.08659375,0.0,0.0,0.0,0.0629993,0.0,0.0,0.0,0.0,0.051951703,1.0,0.0,0.16299930065870286,575
552,9.999999999999943,N5,False,Highway,1,Punjab-Sindh lowland corridor,10,0.062692955,0.07837303,0.0,0.0,0.0,0.062692955,0.0,0.0,0.0,0.0,0.064081505,1.0,0.0,0.16269295513629914,576
551,10.000000000000009,N5,False,Highway,1,Punjab-Sindh lowland corridor,11,0.069241785,0.1189986,0.0,0.0,0.0,0.069241785,0.0,0.0,0.0,0.0,0.0639149,1.0,0.0,0.16924178451299668,577
550,10.0,N5,False,Highway,1,Punjab-Sindh lowland corridor,11,0.073871754,0.10957252,0.0,0.0,0.0,0.073871754,0.0,0.0,0.0,0.0,0.05510482,1.0,0.0,0.17387175410985947,578
549,10.000000000000018,N5,False,Highway,1,Punjab-Sindh lowland corridor,11,0.064499825,0.122986935,0.0,0.0,0.0,0.064499825,0.0,0.0,0.0,0.0,0.04253349,1.0,0.0,0.16449982523918152,579
548,9.999999999999984,N5,False,Highway,1,Punjab-Sindh lowland corridor,10,0.06258697,0.08408676,0.0,0.0,0.0,0.06258697,0.0,0.0,0.0,0.0,0.027531927,1.0,0.0,0.1625869706273079,580
547,10.000000000000007,N5,False,Highway,1,Punjab-Sindh lowland corridor,11,0.056496534,0.07784287,0.0,0.0,0.0,0.056496534,0.0,0.0,0.0,0.0,0.032546416,1.0,0.0,0.1564965344965458,581
546,9.99999999999998,N5,False,Highway,1,Punjab-Sindh lowland corridor,10,0.06938868,0.09761333,0.0,0.0,0.0,0.06938868,0.0,0.0,0.0,0.0,0.04107905,1.0,0.0,0.16938868016004563,582
545,9.999999999999982,N5,False,Highway,1,Punjab-Sindh lowland corridor,10,0.084292606,0.12008115,0.0,0.0,0.0,0.084292606,0.0,0.0,0.0,0.0,0.067864716,1.0,0.0,0.18429260551929474,583
544,10.000000000000025,N5,False,Highway,1,Punjab-Sindh lowland corridor,11,0.091024324,0.13536397,0.0,0.0,0.0,0.09329145,0.0,0.0,0.09090909090909091,0.0,0.050125584,1.0,0.0,0.21601871929385447,584
543,9.999999999999986,N5,False,Highway,1,Punjab-Sindh lowland corridor,10,0.07688966,0.17406587,0.0,0.0,0.0,0.08055004,0.0,0.0,0.1,0.0,0.028334022,1.0,0.0,0.20555003732442856,585
542,10.000000000000034,N5,False,Highway,1,Punjab-Sindh lowland corridor,11,0.08204372,0.12921993,0.0,0.0,0.0,0.096886754,0.0,0.0,0.18181818181818182,0.0,0.057224896,1.0,0.0,0.24234129949049518,586
541,9.999999999999961,N5,False,Highway,1,Punjab-Sindh lowland corridor,10,0.13005689,0.54265416,0.0,0.0,0.0,0.15767898,0.0,0.0,0.2,0.0,0.09767313,1.0,0.0,0.30767897665500643,587
570,3.974885533140015,N5,False,Highway,1,Punjab-Sindh lowland corridor,5,0.11832406,0.17443177,0.0,0.0,0.0,0.12805133,0.0,0.0,0.2,0.0,0.037466697,1.0,0.0,0.2780513256788254,588
569,10.000000000000004,N5,False,Highway,1,Punjab-Sindh lowland corridor,11,0.07277566,0.10710668,0.0,0.0,0.0,0.07277566,0.0,0.0,0.0,0.0,0.046371005,1.0,0.0,0.17277566194534302,589
568,9.999999999999947,N5,False,Highway,1,Punjab-Sindh lowland corridor,10,0.0371226,0.053496122,0.0,0.0,0.0,0.0371226,0.0,0.0,0.0,0.0,0.029592257,1.0,0.0,0.13712259978055955,590
567,10.000000000000027,N5,False,Highway,1,Punjab-Sindh lowland corridor,11,0.05708998,0.1275682,0.0,0.0,0.0,0.060298566,0.0,0.0,0.09090909090909091,0.0,0.028834503,1.0,0.0,0.18302583850242876,591
565,9.999999999999961,N5,False,Highway,1,Punjab-Sindh lowland corridor,10,0.03606812,0.06696741,0.0,0.0,0.0,0.03606812,0.0,0.0,0.0,0.0,0.015357541,1.0,0.0,0.13606811910867692,592
469,10.000000000000027,N40,False,Highway,1,Balochistan,11,0.12539187,0.18560454,0.0,0.0,0.0,0.1960795,0.0,0.0,0.2727272727272727,0.0,0.28550604,1.0,0.0,0.36426131075078794,593
564,9.999999999999932,N5,False,Highway,1,Punjab-Sindh lowland corridor,10,0.053239774,0.08011952,0.0,0.0,0.0,0.053239774,0.0,0.0,0.0,0.0,0.031690456,1.0,0.0,0.15323977395892144,594
562,10.000000000000021,N5,False,Highway,1,Punjab-Sindh lowland corridor,11,0.07388,0.08977036,0.0,0.0,0.0,0.07388,0.0,0.0,0.0,0.0,0.0684385,1.0,0.0,0.17388000190258027,595
561,10.000000000000009,N5,False,Highway,1,Punjab-Sindh lowland corridor,11,0.07398624,0.11597377,0.0,0.0,0.0,0.07398624,0.0,0.0,0.0,0.0,0.040499974,1.0,0.0,0.1739862397313118,596
560,10.00000000000006,N5,False,Highway,1,Punjab-Sindh lowland corridor,11,0.07122599,0.124968454,0.0,0.0,0.0,0.07122599,0.0,0.0,0.0,0.0,0.053512346,1.0,0.0,0.17122599333524705,597
559,9.999999999999948,N5,False,Highway,1,Punjab-Sindh lowland corridor,10,0.05243478,0.08843258,0.0,0.0,0.0,0.05243478,0.0,0.0,0.0,0.0,0.017964382,1.0,0.0,0.1524347797036171,598
558,9.99999999999995,N5,False,Highway,1,Punjab-Sindh lowland corridor,10,0.05752477,0.09182268,0.0,0.0,0.0,0.05752477,0.0,0.0,0.0,0.0,0.035109997,1.0,0.0,0.15752477049827576,599
557,9.999999999999993,N5,False,Highway,1,Punjab-Sindh lowland corridor,10,0.062129986,0.08361442,0.0,0.0,0.0,0.062129986,0.0,0.0,0.0,0.0,0.041489437,1.0,0.0,0.16212998554110528,600
584,9.999999999999952,unknown,False,Major road,2,Punjab-Sindh lowland corridor,10,0.08001844,0.11329959,0.0,0.0,0.0,0.08001844,0.0,0.0,0.0,0.0,0.1360074,1.0,0.0,0.18001843839883805,601
581,10.000000000000025,unknown,False,Major road,2,Punjab-Sindh lowland corridor,11,0.04589999,0.0855243,0.0,0.0,0.0,0.04589999,0.0,0.0,0.0,0.0,0.033179667,1.0,0.0,0.14589999094605446,602
442,9.999999999999988,N40,False,Highway,1,Balochistan,10,0.19964893,0.33925653,0.0,0.0,0.0,0.40948328,0.0,0.0,1.0,0.0,0.28261963,1.0,0.0,0.7594832837581634,603
468,9.999999999999984,N40,False,Highway,1,Balochistan,10,0.12798496,0.20015979,0.0,0.0,0.0,0.18183197,0.0,0.0,0.2,0.0,0.282746,1.0,0.0,0.3318319708108902,604
467,10.000000000000098,N40,False,Highway,1,Balochistan,11,0.13872992,0.20015979,0.0,0.0,0.0,0.26692265,0.0,0.0,0.45454545454545453,0.0,0.31829384,1.0,0.0,0.48055901635776865,605
579,10.000000000000014,unknown,False,Major road,2,Punjab-Sindh lowland corridor,11,0.054893676,0.07841548,0.0,0.0,0.0,0.054893676,0.0,0.0,0.0,0.0,0.03621205,1.0,0.0,0.15489367619156838,606
577,9.999999999999961,unknown,False,Major road,2,Punjab-Sindh lowland corridor,10,0.10585575,0.25243592,0.0,0.0,0.0,0.12840427,0.0,0.0,0.2,0.0,0.09592282,1.0,0.0,0.2784042745828629,607
576,9.999999999999972,unknown,False,Major road,2,Punjab-Sindh lowland corridor,10,0.051836334,0.130507,0.0,0.0,0.0,0.05426281,0.0,0.0,0.1,0.0,0.020333324,1.0,0.0,0.17926280945539474,608
575,10.000000000000053,unknown,False,Major road,2,Punjab-Sindh lowland corridor,11,0.039309524,0.05810903,0.0,0.0,0.0,0.039309524,0.0,0.0,0.0,0.0,0.037249938,1.0,0.0,0.13930952399969102,609
574,9.99999999999996,unknown,False,Major road,2,Punjab-Sindh lowland corridor,10,0.04860725,0.08275501,0.0,0.0,0.0,0.04860725,0.0,0.0,0.0,0.0,0.03748443,1.0,0.0,0.1486072488129139,610
573,10.000000000000012,unknown,False,Major road,2,Punjab-Sindh lowland corridor,11,0.094548106,0.30828783,0.0,0.0,0.0,0.111401655,0.0,0.0,0.36363636363636365,0.0,0.05533537,1.0,0.0,0.30231074568900196,611
572,9.99999999999999,unknown,False,Major road,2,Punjab-Sindh lowland corridor,10,0.036586173,0.05304681,0.0,0.0,0.0,0.036586173,0.0,0.0,0.0,0.0,0.018694537,1.0,0.0,0.13658617287874222,612
571,10.000000000000009,unknown,False,Major road,2,Punjab-Sindh lowland corridor,11,0.0556792,0.14237526,0.0,0.0,0.0,0.068415634,0.0,0.0,0.09090909090909091,0.0,0.050577868,1.0,0.0,0.1911429070613601,613
611,10.000000000000009,N25,False,Highway,1,Balochistan,11,0.2518919,0.5470239,0.0,0.0,0.0,0.4376571,0.0,0.0,1.0,0.0,0.25020155,1.0,0.0,0.7876570880413055,614
601,10.000000000000014,N25,False,Highway,1,Balochistan,11,0.38096648,0.76207954,0.0,0.0,0.0,0.60732347,0.0,0.0,1.0,0.0,0.30487344,1.0,0.0,0.9573234677314758,615
599,9.999999999999975,N25,False,Highway,1,Balochistan,10,0.4379744,0.7326124,0.0,0.0,0.0,0.6937818,0.0,0.0,1.0,0.0,0.34665766,1.0,0.0,1.0437817931175233,616
390,3.9152970668059033,N65,False,Highway,1,Balochistan,6,0.5154894,0.8502748,0.0,0.0,0.0,0.743597,0.0,0.0,1.0,0.0,0.38132378,1.0,0.0,1.0935969710350038,617
389,9.999999999999975,N65,False,Highway,1,Balochistan,10,0.1290609,0.21844439,0.0,0.0,0.0,0.21074875,0.0,0.0,0.3,0.0,0.2993698,1.0,0.0,0.3857487469911576,618
411,0.30848614532409524,N25,False,Highway,1,Balochistan,3,0.9728043,0.97922295,0.0,0.0,0.0,1.0,0.0,0.0,1.0,0.0,0.13082923,1.0,0.0,1.35,619
594,7.498652965722756,N70,False,Major road,2,Punjab-Sindh lowland corridor,9,0.09736925,0.13538057,0.0,0.0,0.0,0.10225007,0.0,0.0,0.1111111111111111,0.0,0.040482312,1.0,0.0,0.23002784715758431,620
593,10.000000000000002,N70,False,Major road,2,Punjab-Sindh lowland corridor,11,0.119161606,0.20243156,0.0,0.0,0.0,0.1349136,0.0,0.0,0.36363636363636365,0.0,0.099328116,1.0,0.0,0.3258226844397458,621
592,10.000000000000002,N70,False,Major road,2,Punjab-Sindh lowland corridor,11,0.07213355,0.10549042,0.0,0.0,0.0,0.07213355,0.0,0.0,0.0,0.0,0.08904434,1.0,0.0,0.17213354855775834,622
591,10.000000000000012,N70,False,Major road,2,Punjab-Sindh lowland corridor,11,0.06015751,0.104416564,0.0,0.0,0.0,0.06015751,0.0,0.0,0.0,0.0,0.072560936,1.0,0.0,0.16015751138329506,623
590,9.999999999999988,N70,False,Major road,2,Punjab-Sindh lowland corridor,10,0.06650092,0.12886633,0.0,0.0,0.0,0.072303094,0.0,0.0,0.1,0.0,0.064612366,1.0,0.0,0.19730309396982193,624
589,2.5131467737709254,unknown,False,Major road,2,Punjab-Sindh lowland corridor,4,0.04978309,0.06252407,0.0,0.0,0.0,0.04978309,0.0,0.0,0.0,0.0,0.030971088,1.0,0.0,0.14978308826684952,625
587,10.000000000000002,unknown,False,Major road,2,Punjab-Sindh lowland corridor,11,0.06586494,0.113039754,0.0,0.0,0.0,0.06586494,0.0,0.0,0.0,0.0,0.047787655,1.0,0.0,0.1658649429678917,626
586,10.000000000000032,unknown,False,Major road,2,Punjab-Sindh lowland corridor,11,0.08477581,0.115528755,0.0,0.0,0.0,0.08477581,0.0,0.0,0.0,0.0,0.08183786,1.0,0.0,0.18477581292390824,627
585,10.000000000000009,unknown,False,Major road,2,Punjab-Sindh lowland corridor,11,0.07776904,0.14380358,0.0,0.0,0.0,0.09631756,0.0,0.0,0.09090909090909091,0.0,0.09780128,1.0,0.0,0.21904483220793985,628
388,9.99999999999999,N65,False,Highway,1,Balochistan,10,0.1669473,0.31785494,0.0,0.0,0.0,0.40735108,0.0,0.0,0.9,0.0,0.3559924,1.0,0.0,0.7323510766029357,629
387,10.0,N65,False,Highway,1,Balochistan,11,0.115865804,0.1673041,0.0,0.0,0.0,0.20535703,0.0,0.0,0.36363636363636365,0.0,0.32305992,1.0,0.0,0.39626612094315616,630
386,9.99999999999997,N65,False,Highway,1,Balochistan,10,0.16220915,0.3243967,0.0,0.0,0.0,0.2862739,0.0,0.0,0.5,0.0,0.31776994,1.0,0.0,0.5112738966941833,631
385,10.000000000000012,N65,False,Highway,1,Balochistan,11,0.42778632,0.72991693,0.0,0.0,0.0,0.6925269,0.0,0.0,1.0,0.0,0.35809657,1.0,0.0,1.0425268769264222,632
384,9.999999999999968,N65,False,Highway,1,Balochistan,10,0.36836016,0.5924651,0.0,0.0,0.0,0.60943604,0.0,0.0,1.0,0.0,0.32469788,1.0,0.0,0.95943603515625,633
383,9.999999999999996,N65,False,Highway,1,Balochistan,10,0.47200507,0.57600164,0.0,0.0,0.0,0.7408413,0.0,0.0,1.0,0.0,0.36208755,1.0,0.0,1.090841329097748,634
382,10.000000000000021,N65,False,Highway,1,Balochistan,11,0.5564388,0.81708616,0.0,0.0,0.0,0.81376666,0.0,0.0,1.0,0.0,0.36402434,1.0,0.0,1.163766658306122,635
381,10.000000000000028,N65,False,Highway,1,Balochistan,11,0.30924612,0.59495896,0.0,0.0,0.0,0.4956157,0.0,0.0,0.9090909090909091,0.0,0.26741907,1.0,0.0,0.8228884182193063,636
380,9.999999999999984,N65,False,Highway,1,Balochistan,10,0.09917228,0.13987318,0.0,0.0,0.0,0.14381985,0.0,0.0,0.3,0.0,0.14057073,1.0,0.0,0.31881985366344456,637
379,10.00000000000001,N65,False,Highway,1,Balochistan,11,0.097711556,0.13691129,0.0,0.0,0.0,0.108580895,0.0,0.0,0.18181818181818182,0.0,0.11335375,1.0,0.0,0.25403544022278357,638
378,9.999999999999979,N65,False,Highway,1,Balochistan,10,0.06939093,0.12671296,0.0,0.0,0.0,0.07359644,0.0,0.0,0.1,0.0,0.08719484,1.0,0.0,0.19859644025564194,639
377,10.000000000000018,N65,False,Highway,1,Balochistan,11,0.06434825,0.11032143,0.0,0.0,0.0,0.06434825,0.0,0.0,0.0,0.0,0.10029381,1.0,0.0,0.1643482506275177,640
376,10.000000000000036,N65,False,Highway,1,Balochistan,11,0.16660427,0.3197059,0.0,0.0,0.0,0.25337246,0.0,0.0,0.6363636363636364,0.0,0.18007232,1.0,0.0,0.512463369694623,641
375,9.999999999999966,N65,False,Highway,1,Punjab-Sindh lowland corridor,10,0.20037909,0.4341774,0.0,0.0,0.0,0.2901894,0.0,0.0,0.8,0.0,0.13422379,1.0,0.0,0.5901893854141236,642
374,9.999999999999979,N65,False,Highway,1,Punjab-Sindh lowland corridor,10,0.10182965,0.20105174,0.0,0.0,0.0,0.14557531,0.0,0.0,0.4,0.0,0.101880156,1.0,0.0,0.34557531476020814,643
373,10.00000000000002,N65,False,Highway,1,Punjab-Sindh lowland corridor,11,0.046223782,0.10159514,0.0,0.0,0.0,0.046223782,0.0,0.0,0.0,0.0,0.045605507,1.0,0.0,0.14622378200292588,644
366,1.2731306838398422,unknown,False,Major road,2,Punjab-Sindh lowland corridor,3,0.23140347,0.30639613,0.0,0.0,0.0,0.33365932,0.0,0.0,1.0,0.0,0.13772537,1.0,0.0,0.6836593210697174,645
365,10.000000000000014,unknown,False,Major road,2,Punjab-Sindh lowland corridor,11,0.15245765,0.3770788,0.0,0.0,0.0,0.20557977,0.0,0.0,0.5454545454545454,0.0,0.09493715,1.0,0.0,0.4419434089552272,646
364,3.2938858860287525,unknown,False,Major road,2,Punjab-Sindh lowland corridor,5,0.07380632,0.09740019,0.0,0.0,0.0,0.07380632,0.0,0.0,0.0,0.0,0.068617605,1.0,0.0,0.1738063231110573,647
363,10.000000000000002,unknown,False,Major road,2,Punjab-Sindh lowland corridor,11,0.05084362,0.080084026,0.0,0.0,0.0,0.05084362,0.0,0.0,0.0,0.0,0.04337537,1.0,0.0,0.15084361881017685,648
362,9.999999999999995,unknown,False,Major road,2,Punjab-Sindh lowland corridor,10,0.09160085,0.3710092,0.0,0.0,0.0,0.101973906,0.0,0.0,0.1,0.0,0.090336025,1.0,0.0,0.22697390615940094,649
361,8.87014515111005,N55,False,Highway,1,Punjab-Sindh lowland corridor,11,0.08988777,0.16128452,0.0,0.0,0.0,0.12710662,0.0,0.0,0.36363636363636365,0.0,0.10554279,1.0,0.0,0.31801571277054874,650
360,10.000000000000007,N55,False,Highway,1,Punjab-Sindh lowland corridor,11,0.07303826,0.33902824,0.0,0.0,0.0,0.09044976,0.0,0.0,0.09090909090909091,0.0,0.100493126,1.0,0.0,0.21317703060128473,651
359,9.999999999999995,N55,False,Highway,1,Punjab-Sindh lowland corridor,10,0.0612579,0.11293426,0.0,0.0,0.0,0.0612579,0.0,0.0,0.0,0.0,0.09663747,1.0,0.0,0.16125789880752564,652
358,0.33013673253030457,unknown,False,Major road,2,Punjab-Sindh lowland corridor,2,0.10280015,0.1272252,0.0,0.0,0.0,0.12651902,0.0,0.0,0.5,0.0,0.11430435,1.0,0.0,0.3515190243721008,653
357,10.000000000000014,unknown,False,Major road,2,Punjab-Sindh lowland corridor,11,0.11460493,0.3622674,0.0,0.0,0.0,0.13538624,0.0,0.0,0.2727272727272727,0.0,0.08783182,1.0,0.0,0.30356806164438077,654
628,9.99999999999998,N70,False,Major road,2,Balochistan,10,0.39583987,0.853401,0.0,0.0,0.0,0.63667375,0.0,0.0,1.0,0.0,0.3409901,1.0,0.0,0.9866737484931946,655
625,9.999999999999998,N70,False,Major road,2,Balochistan,10,0.5482106,0.93088853,0.0,0.0,0.0,0.7735951,0.0,0.0,1.0,0.0,0.34632832,1.0,0.0,1.1235950946807862,656
624,10.0,N70,False,Major road,2,Balochistan,11,0.69674116,0.9437439,0.0,0.0,0.0,0.86555475,0.0,0.0,1.0,0.0,0.37031496,1.0,0.0,1.2155547499656678,657
622,10.000000000000014,N70,False,Major road,2,Balochistan,11,0.63030416,0.90022445,0.0,0.0,0.0,0.8559557,0.0,0.0,1.0,0.0,0.37161863,1.0,0.0,1.205955719947815,658
619,2.878181717095977,unknown,False,Major road,2,Balochistan,4,0.6035202,0.84858465,0.0,0.0,0.0,0.75850236,0.0,0.0,1.0,0.0,0.2207857,1.0,0.0,1.1085023641586305,659
618,10.0,unknown,False,Major road,2,Balochistan,11,0.65478396,0.92490923,0.0,0.0,0.0,0.81463456,0.0,0.0,1.0,0.0,0.26311028,1.0,0.0,1.1646345615386964,660
655,10.0,N50,False,Highway,1,KP-AJK,11,0.16807696,0.4247112,0.0,0.0,0.0,0.23532434,0.0,0.0,0.45454545454545453,0.0,0.14360408,1.0,0.0,0.44896070171486246,661
654,8.900211948659654,N70,False,Major road,2,Punjab-Sindh lowland corridor,10,0.05928474,0.0812291,0.0,0.0,0.0,0.05928474,0.0,0.0,0.0,0.0,0.11046616,1.0,0.0,0.1592847391963005,662
653,9.999999999999984,N70,False,Major road,2,Punjab-Sindh lowland corridor,10,0.17527878,0.37075296,0.0,0.0,0.0,0.24781835,0.0,0.0,0.6,0.0,0.1630427,1.0,0.0,0.49781835079193115,663
652,9.999999999999996,N70,False,Major road,2,Punjab-Sindh lowland corridor,10,0.09041738,0.12834188,0.0,0.0,0.0,0.096920796,0.0,0.0,0.1,0.0,0.13798581,1.0,0.0,0.22192079573869705,664
651,10.000000000000055,N70,False,Major road,2,Punjab-Sindh lowland corridor,11,0.09825206,0.14569639,0.0,0.0,0.0,0.146796,0.0,0.0,0.18181818181818182,0.0,0.21586257,1.0,0.0,0.29225054843859244,665
650,10.000000000000199,N70,False,Major road,2,Punjab-Sindh lowland corridor,11,0.20119086,0.6261603,0.0,0.0,0.0,0.29894906,0.0,0.0,0.45454545454545453,0.0,0.25050837,1.0,0.0,0.5125854264606129,666
649,9.999999999999979,N70,False,Major road,2,Punjab-Sindh lowland corridor,10,0.6016342,0.9200413,0.0,0.0,0.0,0.7681254,0.0,0.0,1.0,0.0,0.23971161,1.0,0.0,1.1181254148483277,667
648,10.00000000000007,N70,False,Major road,2,Punjab-Sindh lowland corridor,11,0.742754,0.9681057,0.0,0.0,0.0,0.89428675,0.0,0.0,1.0,0.0,0.26581383,1.0,0.0,1.2442867517471314,668
639,9.999999999999988,N70,False,Major road,2,Balochistan,10,0.68663096,0.9562911,0.0,0.0,0.0,0.8455323,0.0,0.0,1.0,0.0,0.33430153,1.0,0.0,1.1955322980880738,669
629,9.999999999999982,N70,False,Major road,2,Balochistan,10,0.27357545,0.68664116,0.0,0.0,0.0,0.54166853,0.0,0.0,1.0,0.0,0.36108652,1.0,0.0,0.8916685342788696,670
372,9.999999999999991,N65,False,Highway,1,Punjab-Sindh lowland corridor,10,0.09453247,0.25608692,0.0,0.0,0.0,0.12853897,0.0,0.0,0.2,0.0,0.114045605,1.0,0.0,0.27853896617889407,671
371,9.999999999999988,N65,False,Highway,1,Punjab-Sindh lowland corridor,10,0.08465842,0.17817457,0.0,0.0,0.0,0.09770594,0.0,0.0,0.3,0.0,0.07431068,1.0,0.0,0.27270593792200093,672
370,9.999999999999998,N65,False,Highway,1,Punjab-Sindh lowland corridor,10,0.058068346,0.11422641,0.0,0.0,0.0,0.058068346,0.0,0.0,0.0,0.0,0.071009964,1.0,0.0,0.15806834623217583,673
369,10.000000000000032,N65,False,Highway,1,Punjab-Sindh lowland corridor,11,0.06271967,0.13483004,0.0,0.0,0.0,0.06791384,0.0,0.0,0.09090909090909091,0.0,0.060949866,1.0,0.0,0.1906411104581573,674
368,10.000000000000007,N65,False,Highway,1,Punjab-Sindh lowland corridor,11,0.10741124,0.1836312,0.0,0.0,0.0,0.16189562,0.0,0.0,0.36363636363636365,0.0,0.13389519,1.0,0.0,0.3528047087517652,675
367,9.999999999999986,N65,False,Highway,1,Punjab-Sindh lowland corridor,10,0.2302278,0.58452773,0.0,0.0,0.0,0.33081633,0.0,0.0,0.9,0.0,0.14287952,1.0,0.0,0.6558163285255432,676
353,9.99999999999999,unknown,False,Major road,2,Punjab-Sindh lowland corridor,10,0.15788865,0.35605592,0.0,0.0,0.0,0.26523665,0.0,0.0,0.5,0.0,0.2104958,1.0,0.0,0.4902366459369659,677
352,10.000000000000018,unknown,False,Major road,2,Punjab-Sindh lowland corridor,11,0.09506739,0.21101622,0.0,0.0,0.0,0.1525517,0.0,0.0,0.36363636363636365,0.0,0.16049467,1.0,0.0,0.34346078661355106,678
351,10.00000000000001,unknown,False,Major road,2,Punjab-Sindh lowland corridor,11,0.19419676,0.677466,0.0,0.0,0.0,0.3087988,0.0,0.0,0.6363636363636364,0.0,0.1954399,1.0,0.0,0.5678896990689364,679
350,9.999999999999988,unknown,False,Major road,2,Punjab-Sindh lowland corridor,10,0.06569506,0.1341288,0.0,0.0,0.0,0.08361484,0.0,0.0,0.1,0.0,0.100959815,1.0,0.0,0.20861484110355377,680
347,7.168014518391841,N5,False,Highway,1,Punjab-Sindh lowland corridor,9,0.07712111,0.15176958,0.0,0.0,0.0,0.101644754,0.0,0.0,0.2222222222222222,0.0,0.06783479,1.0,0.0,0.2572003099653456,681
346,10.000000000000009,N5,False,Highway,1,Punjab-Sindh lowland corridor,11,0.07470477,0.15329993,0.0,0.0,0.0,0.079096854,0.0,0.0,0.09090909090909091,0.0,0.052531626,1.0,0.0,0.20182412646033548,682
345,10.0,N5,False,Highway,1,Punjab-Sindh lowland corridor,11,0.097839326,0.20364195,0.0,0.0,0.0,0.11547664,0.0,0.0,0.18181818181818182,0.0,0.065998904,1.0,0.0,0.2609311835332351,683
344,10.00000000000004,N5,False,Highway,1,Punjab-Sindh lowland corridor,11,0.112112544,0.28332728,0.0,0.0,0.0,0.13881673,0.0,0.0,0.2727272727272727,0.0,0.08835532,1.0,0.0,0.3069985473697836,684
343,9.999999999999957,N5,False,Highway,1,Punjab-Sindh lowland corridor,10,0.06731511,0.09519075,0.0,0.0,0.0,0.06731511,0.0,0.0,0.0,0.0,0.07080633,1.0,0.0,0.16731510907411576,685
342,9.999999999999993,N5,False,Highway,1,Punjab-Sindh lowland corridor,10,0.1364421,0.37367517,0.0,0.0,0.0,0.16922455,0.0,0.0,0.3,0.0,0.11556427,1.0,0.0,0.34422454535961156,686
341,9.999999999999956,N5,False,Highway,1,Punjab-Sindh lowland corridor,10,0.08112824,0.14179723,0.0,0.0,0.0,0.08967157,0.0,0.0,0.1,0.0,0.06802392,1.0,0.0,0.2146715670824051,687
660,9.999999999999984,N50,False,Highway,1,KP-AJK,10,0.10436612,0.14156102,0.0,0.0,0.0,0.1406255,0.0,0.0,0.2,0.0,0.20951164,1.0,0.0,0.2906255066394806,688
659,10.000000000000016,N50,False,Highway,1,KP-AJK,11,0.08675425,0.12378149,0.0,0.0,0.0,0.08675425,0.0,0.0,0.0,0.0,0.19272088,1.0,0.0,0.186754247546196,689
658,9.999999999999998,N50,False,Highway,1,KP-AJK,10,0.102298275,0.14154533,0.0,0.0,0.0,0.12689205,0.0,0.0,0.1,0.0,0.23381671,1.0,0.0,0.2518920451402664,690
657,9.999999999999998,N50,False,Highway,1,KP-AJK,10,0.076188564,0.096753426,0.0,0.0,0.0,0.076188564,0.0,0.0,0.0,0.0,0.13234676,1.0,0.0,0.17618856430053711,691
656,10.0,N50,False,Highway,1,KP-AJK,11,0.071256846,0.1980943,0.0,0.0,0.0,0.096248634,0.0,0.0,0.09090909090909091,0.0,0.15483716,1.0,0.0,0.2189759068868377,692
335,10.000000000000044,N5,False,Highway,1,Punjab-Sindh lowland corridor,11,0.16379498,0.39289427,0.0,0.0,0.0,0.21008563,0.0,0.0,0.36363636363636365,0.0,0.10318888,1.0,0.0,0.40099472132596103,693
334,9.999999999999979,N5,False,Highway,1,Punjab-Sindh lowland corridor,10,0.09019263,0.16913837,0.0,0.0,0.0,0.09417826,0.0,0.0,0.1,0.0,0.068311974,1.0,0.0,0.21917825937271118,694
333,9.999999999999991,N5,False,Highway,1,Punjab-Sindh lowland corridor,10,0.094316915,0.21071549,0.0,0.0,0.0,0.105645046,0.0,0.0,0.2,0.0,0.08253419,1.0,0.0,0.25564504563808443,695
332,10.000000000000048,N5,False,Highway,1,Punjab-Sindh lowland corridor,11,0.072635025,0.13512912,0.0,0.0,0.0,0.09200048,0.0,0.0,0.09090909090909091,0.0,0.14659151,1.0,0.0,0.21472774974324488,696
331,9.9999999999999,N5,False,Highway,1,Punjab-Sindh lowland corridor,10,0.08555695,0.16788869,0.0,0.0,0.0,0.10123017,0.0,0.0,0.2,0.0,0.1132414,1.0,0.0,0.25123016685247423,697
330,10.00000000000009,N5,False,Highway,1,Punjab-Sindh lowland corridor,11,0.18749686,0.43026468,0.0,0.0,0.0,0.28696802,0.0,0.0,0.7272727272727273,0.0,0.15548246,1.0,0.0,0.568786204403097,698
329,9.999999999999973,N5,False,Highway,1,Punjab-Sindh lowland corridor,10,0.060112555,0.09834278,0.0,0.0,0.0,0.060112555,0.0,0.0,0.0,0.0,0.038993243,1.0,0.0,0.16011255457997323,699
328,9.99999999999994,N5,False,Highway,1,Punjab-Sindh lowland corridor,10,0.072618484,0.11278958,0.0,0.0,0.0,0.072618484,0.0,0.0,0.0,0.0,0.051473238,1.0,0.0,0.17261848449707032,700
327,10.00000000000002,N5,False,Highway,1,Punjab-Sindh lowland corridor,11,0.08680665,0.14092942,0.0,0.0,0.0,0.10057094,0.0,0.0,0.18181818181818182,0.0,0.06647143,1.0,0.0,0.24602548493580387,701
326,10.000000000000004,N5,False,Highway,1,Punjab-Sindh lowland corridor,11,0.088924535,0.16628826,0.0,0.0,0.0,0.09251964,0.0,0.0,0.09090909090909091,0.0,0.05222049,1.0,0.0,0.21524691364981913,702
325,10.000000000000039,N5,False,Highway,1,Punjab-Sindh lowland corridor,11,0.09188103,0.48473388,0.0,0.0,0.0,0.115881704,0.0,0.0,0.09090909090909091,0.0,0.09387066,1.0,0.0,0.23860897652127527,703
668,9.999999999999934,N50,False,Highway,1,KP-AJK,10,0.98573625,0.99230695,0.0,0.0,0.0,0.9997773,0.0,0.0,1.0,0.0,0.032005183,1.0,0.0,1.3497773170471192,704
661,9.999999999999991,N50,False,Highway,1,KP-AJK,10,0.317222,0.90145993,0.0,0.0,0.0,0.39064425,0.0,0.0,0.5,0.0,0.19631884,1.0,0.0,0.6156442523002624,705
356,10.000000000000004,unknown,False,Major road,2,Punjab-Sindh lowland corridor,11,0.06583171,0.12481439,0.0,0.0,0.0,0.06583171,0.0,0.0,0.0,0.0,0.07555667,1.0,0.0,0.16583171337842942,706
355,10.00000000000001,unknown,False,Major road,2,Punjab-Sindh lowland corridor,11,0.04991169,0.12565616,0.0,0.0,0.0,0.04991169,0.0,0.0,0.0,0.0,0.060887896,1.0,0.0,0.14991168901324273,707
354,9.999999999999991,unknown,False,Major road,2,Punjab-Sindh lowland corridor,10,0.0629318,0.11539113,0.0,0.0,0.0,0.0629318,0.0,0.0,0.0,0.0,0.13712847,1.0,0.0,0.16293179839849473,708
264,9.999999999999964,M8,False,Highway,1,Balochistan,10,0.8201138,0.9711061,0.0,0.0,0.0,0.96930295,0.0,0.0,1.0,0.0,0.3272321,1.0,0.0,1.3193029522895814,709
324,10.000000000000009,N5,False,Highway,1,Punjab-Sindh lowland corridor,11,0.042908624,0.06798105,0.0,0.0,0.0,0.042908624,0.0,0.0,0.0,0.0,0.05367509,1.0,0.0,0.14290862381458283,710
323,10.000000000000044,N5,False,Highway,1,Punjab-Sindh lowland corridor,11,0.06545475,0.13181263,0.0,0.0,0.0,0.07756533,0.0,0.0,0.09090909090909091,0.0,0.09051576,1.0,0.0,0.20029260001399302,711
322,9.999999999999945,N5,False,Highway,1,Punjab-Sindh lowland corridor,10,0.0658253,0.16253245,0.0,0.0,0.0,0.08017827,0.0,0.0,0.1,0.0,0.095553085,1.0,0.0,0.20517826825380325,712
319,9.999999999999941,unknown,False,Major road,2,Punjab-Sindh lowland corridor,10,0.07821573,0.1788967,0.0,0.0,0.0,0.09723835,0.0,0.0,0.1,0.0,0.094811924,1.0,0.0,0.22223834693431854,713
317,10.000000000000002,unknown,False,Major road,2,Punjab-Sindh lowland corridor,11,0.08721754,0.21414293,0.0,0.0,0.0,0.10276529,0.0,0.0,0.09090909090909091,0.0,0.1275124,1.0,0.0,0.22549256465651774,714
316,9.99999999999999,unknown,False,Major road,2,Punjab-Sindh lowland corridor,10,0.07618678,0.2142171,0.0,0.0,0.0,0.09022087,0.0,0.0,0.2,0.0,0.1031454,1.0,0.0,0.2402208685874939,715
314,9.999999999999922,N85,False,Major road,2,Balochistan,10,0.34123594,0.82883,0.0,0.0,0.0,0.57732755,0.0,0.0,1.0,0.0,0.33346504,1.0,0.0,0.92732754945755,716
313,9.999999999999945,N85,False,Major road,2,Balochistan,10,0.16767332,0.23886321,0.0,0.0,0.0,0.37557414,0.0,0.0,0.9,0.0,0.3125458,1.0,0.0,0.7005741417407989,717
311,10.00000000000005,N85,False,Major road,2,Balochistan,11,0.16463692,0.24339548,0.0,0.0,0.0,0.42757902,0.0,0.0,1.0,0.0,0.35414883,1.0,0.0,0.7775790154933929,718
681,9.999999999999943,N50,False,Highway,1,Balochistan,10,0.31838915,0.5565263,0.0,0.0,0.0,0.53437155,0.0,0.0,1.0,0.0,0.29090023,1.0,0.0,0.884371554851532,719
340,9.999999999999984,N5,False,Highway,1,Punjab-Sindh lowland corridor,10,0.07029582,0.11270655,0.0,0.0,0.0,0.07029582,0.0,0.0,0.0,0.0,0.08218627,1.0,0.0,0.1702958181500435,720
339,9.999999999999991,N5,False,Highway,1,Punjab-Sindh lowland corridor,10,0.16848904,0.29926357,0.0,0.0,0.0,0.23329046,0.0,0.0,0.6,0.0,0.11315717,1.0,0.0,0.4832904636859894,721
338,9.999999999999927,N5,False,Highway,1,Punjab-Sindh lowland corridor,10,0.0669096,0.102414094,0.0,0.0,0.0,0.0669096,0.0,0.0,0.0,0.0,0.11320243,1.0,0.0,0.16690959632396699,722
337,9.999999999999986,N5,False,Highway,1,Punjab-Sindh lowland corridor,10,0.09826805,0.1752269,0.0,0.0,0.0,0.137455,0.0,0.0,0.2,0.0,0.13704675,1.0,0.0,0.28745500147342684,723
336,9.999999999999941,N5,False,Highway,1,Punjab-Sindh lowland corridor,10,0.45272484,0.86891055,0.0,0.0,0.0,0.5571187,0.0,0.0,0.9,0.0,0.14798717,1.0,0.0,0.8821187138557434,724
221,9.999999999999948,N55,False,Highway,1,Punjab-Sindh lowland corridor,10,0.16878912,0.37247476,0.0,0.0,0.0,0.24205878,0.0,0.0,0.6,0.0,0.15943415,1.0,0.0,0.49205878376960754,725
217,10.000000000000032,N55,False,Highway,1,Punjab-Sindh lowland corridor,11,0.17432597,0.35876524,0.0,0.0,0.0,0.29111627,0.0,0.0,0.9090909090909091,0.0,0.16872638,1.0,0.0,0.6183889947154305,726
216,9.999999999999988,N55,False,Highway,1,Punjab-Sindh lowland corridor,10,0.113020495,0.21859021,0.0,0.0,0.0,0.1790313,0.0,0.0,0.5,0.0,0.14009936,1.0,0.0,0.4040312975645065,727
215,9.999999999999998,N55,False,Highway,1,Punjab-Sindh lowland corridor,10,0.14951198,0.35967475,0.0,0.0,0.0,0.21919003,0.0,0.0,0.6,0.0,0.12642184,1.0,0.0,0.4691900312900543,728
214,9.99999999999998,N55,False,Highway,1,Punjab-Sindh lowland corridor,10,0.09032415,0.12442896,0.0,0.0,0.0,0.09032415,0.0,0.0,0.0,0.0,0.14357656,1.0,0.0,0.19032414853572846,729
213,9.999999999999957,N55,False,Highway,1,Punjab-Sindh lowland corridor,10,0.16041192,0.4868535,0.0,0.0,0.0,0.23958082,0.0,0.0,0.4,0.0,0.18976769,1.0,0.0,0.439580824971199,730
253,10.000000000000009,M8,False,Highway,1,Balochistan,11,0.62099195,0.78519076,0.0,0.0,0.0,0.85108393,0.0,0.0,1.0,0.0,0.30990404,1.0,0.0,1.2010839343070985,731
252,9.999999999999984,M8,False,Highway,1,Balochistan,10,0.5640664,0.7813588,0.0,0.0,0.0,0.7960676,0.0,0.0,1.0,0.0,0.31906685,1.0,0.0,1.1460675954818726,732
705,5.0131092492362495,N50,False,Highway,1,Balochistan,8,0.7240559,0.95129347,0.0,0.0,0.0,0.9090937,0.0,0.0,1.0,0.0,0.2803495,1.0,0.0,1.2590936779975892,733
703,10.000000000000064,N50,False,Highway,1,Balochistan,11,0.46996105,0.84361756,0.0,0.0,0.0,0.6988829,0.0,0.0,1.0,0.0,0.32198656,1.0,0.0,1.0488828778266908,734
702,10.000000000000016,N50,False,Highway,1,Balochistan,11,0.46548378,0.9362122,0.0,0.0,0.0,0.6628822,0.0,0.0,1.0,0.0,0.29880297,1.0,0.0,1.0128822088241578,735
700,9.999999999999948,N50,False,Highway,1,Balochistan,10,0.23654065,0.43376982,0.0,0.0,0.0,0.41340908,0.0,0.0,0.9,0.0,0.26670924,1.0,0.0,0.7384090840816497,736
698,10.00000000000001,N50,False,Highway,1,Balochistan,11,0.28064576,0.71172994,0.0,0.0,0.0,0.50924563,0.0,0.0,1.0,0.0,0.30789426,1.0,0.0,0.8592456340789795,737
696,9.999999999999979,N50,False,Highway,1,Balochistan,10,0.43215904,0.68519646,0.0,0.0,0.0,0.67115796,0.0,0.0,1.0,0.0,0.32190055,1.0,0.0,1.0211579561233521,738
695,10.000000000000059,N50,False,Highway,1,Balochistan,11,0.35839346,0.6797002,0.0,0.0,0.0,0.5910693,0.0,0.0,1.0,0.0,0.31338412,1.0,0.0,0.9410692811012268,739
694,9.999999999999956,N50,False,Highway,1,Balochistan,10,0.24703589,0.31050947,0.0,0.0,0.0,0.48365182,0.0,0.0,1.0,0.0,0.31869093,1.0,0.0,0.8336518168449402,740
733,2.3612743378378083,unknown,False,Major road,2,Punjab-Sindh lowland corridor,5,0.103867866,0.14867619,0.0,0.0,0.0,0.12540413,0.0,0.0,0.2,0.0,0.15449056,1.0,0.0,0.27540413439273836,741
732,10.0,unknown,False,Major road,2,Punjab-Sindh lowland corridor,11,0.07695179,0.10451186,0.0,0.0,0.0,0.07695179,0.0,0.0,0.0,0.0,0.11667809,1.0,0.0,0.1769517868757248,742
731,7.950110955551956,unknown,False,Major road,2,Punjab-Sindh lowland corridor,9,0.09762724,0.15147105,0.0,0.0,0.0,0.10441538,0.0,0.0,0.1111111111111111,0.0,0.092147596,1.0,0.0,0.2321931572424041,743
730,10.000000000000012,unknown,False,Major road,2,Punjab-Sindh lowland corridor,11,0.060178567,0.097034656,0.0,0.0,0.0,0.060178567,0.0,0.0,0.0,0.0,0.099680185,1.0,0.0,0.16017856672406197,744
729,9.999999999999988,unknown,False,Major road,2,Punjab-Sindh lowland corridor,10,0.077314295,0.1183365,0.0,0.0,0.0,0.077314295,0.0,0.0,0.0,0.0,0.09588513,1.0,0.0,0.17731429487466813,745
728,9.99999999999999,unknown,False,Major road,2,Punjab-Sindh lowland corridor,10,0.07452896,0.2024729,0.0,0.0,0.0,0.08412634,0.0,0.0,0.1,0.0,0.08677068,1.0,0.0,0.2091263383626938,746
727,10.000000000000007,unknown,False,Major road,2,Punjab-Sindh lowland corridor,11,0.06492045,0.082685895,0.0,0.0,0.0,0.06492045,0.0,0.0,0.0,0.0,0.04296483,1.0,0.0,0.16492044776678086,747
726,10.0,unknown,False,Major road,2,Punjab-Sindh lowland corridor,11,0.12002116,0.3554212,0.0,0.0,0.0,0.14450544,0.0,0.0,0.18181818181818182,0.0,0.091709085,1.0,0.0,0.28995998664335776,748
725,6.622894421903888,unknown,False,Major road,2,KP-AJK,9,0.761091,0.94002056,0.0,0.0,0.0,0.9646632,0.0,0.0,1.0,0.0,0.31367052,1.0,0.0,1.3146632075309754,749
724,9.999999999999996,unknown,False,Major road,2,KP-AJK,10,0.74545825,0.90057397,0.0,0.0,0.0,0.96449775,0.0,0.0,1.0,0.0,0.3617704,1.0,0.0,1.314497745037079,750
723,10.000000000000004,unknown,False,Major road,2,KP-AJK,11,0.6364615,0.8437726,0.0,0.0,0.0,0.8863033,0.0,0.0,1.0,0.0,0.3717222,1.0,0.0,1.2363033056259156,751
722,10.000000000000005,unknown,False,Major road,2,KP-AJK,11,0.58321106,0.806912,0.0,0.0,0.0,0.83832115,0.0,0.0,1.0,0.0,0.35982952,1.0,0.0,1.1883211493492127,752
718,0.8215756300805788,unknown,False,Major road,2,KP-AJK,2,0.59335184,0.6476108,0.0,0.0,0.0,0.7628931,0.0,0.0,1.0,0.0,0.22835001,1.0,0.0,1.1128930807113648,753
717,10.000000000000027,unknown,False,Major road,2,KP-AJK,11,0.63893324,0.96671337,0.0,0.0,0.0,0.7991575,0.0,0.0,1.0,0.0,0.24877547,1.0,0.0,1.149157500267029,754
224,0.03187046925486758,N55,False,Highway,1,Punjab-Sindh lowland corridor,3,0.15632357,0.15632357,0.0,0.0,0.0,0.18600158,0.0,0.0,1.0,0.0,0.039972417,1.0,0.0,0.5360015839338302,755
749,10.000000000000004,N55,False,Highway,1,Punjab-Sindh lowland corridor,11,0.064058796,0.15284005,0.0,0.0,0.0,0.07273523,0.0,0.0,0.09090909090909091,0.0,0.12002847,1.0,0.0,0.19546250037171625,756
748,9.999999999999998,N55,False,Highway,1,Punjab-Sindh lowland corridor,10,0.24545029,0.41547295,0.0,0.0,0.0,0.40163717,0.0,0.0,0.9,0.0,0.22663395,1.0,0.0,0.7266371667385101,757
747,10.000000000000007,N55,False,Highway,1,Punjab-Sindh lowland corridor,11,0.20531021,0.4393902,0.0,0.0,0.0,0.36414605,0.0,0.0,0.8181818181818182,0.0,0.25854674,1.0,0.0,0.6686915083365007,758
746,9.999999999999995,N55,False,Highway,1,Punjab-Sindh lowland corridor,10,0.23269165,0.47953048,0.0,0.0,0.0,0.37179935,0.0,0.0,0.5,0.0,0.29847392,1.0,0.0,0.596799349784851,759
745,9.999999999999991,N55,False,Highway,1,Punjab-Sindh lowland corridor,10,0.11724919,0.21708362,0.0,0.0,0.0,0.18669096,0.0,0.0,0.3,0.0,0.19716391,1.0,0.0,0.3616909563541413,760
744,9.999999999999982,N55,False,Highway,1,Punjab-Sindh lowland corridor,10,0.1338062,0.27351615,0.0,0.0,0.0,0.19413146,0.0,0.0,0.4,0.0,0.12110553,1.0,0.0,0.394131463766098,761
743,10.000000000000012,N55,False,Highway,1,Punjab-Sindh lowland corridor,11,0.050486814,0.08963184,0.0,0.0,0.0,0.050486814,0.0,0.0,0.0,0.0,0.091262534,1.0,0.0,0.15048681423068047,762
742,9.999999999999991,N55,False,Highway,1,Punjab-Sindh lowland corridor,10,0.054709338,0.11293426,0.0,0.0,0.0,0.054709338,0.0,0.0,0.0,0.0,0.056599278,1.0,0.0,0.1547093376517296,763
741,6.742197343581606,unknown,False,Major road,2,Punjab-Sindh lowland corridor,9,0.1822506,0.47103417,0.0,0.0,0.0,0.24886648,0.0,0.0,0.5555555555555556,0.0,0.1377781,1.0,0.0,0.48775537245803413,764
740,10.000000000000005,unknown,False,Major road,2,Punjab-Sindh lowland corridor,11,0.04951348,0.13370587,0.0,0.0,0.0,0.053708967,0.0,0.0,0.09090909090909091,0.0,0.091461994,1.0,0.0,0.17643623954870485,765
739,9.999999999999993,unknown,False,Major road,2,Punjab-Sindh lowland corridor,10,0.1103155,0.3295853,0.0,0.0,0.0,0.12469395,0.0,0.0,0.2,0.0,0.11534768,1.0,0.0,0.2746939525008202,766
738,9.54232433662228,unknown,False,Major road,2,Punjab-Sindh lowland corridor,12,0.1127533,0.3570471,0.0,0.0,0.0,0.13394296,0.0,0.0,0.25,0.0,0.08838234,1.0,0.0,0.29644296169281004,767
737,9.999999999999982,unknown,False,Major road,2,Punjab-Sindh lowland corridor,10,0.11547606,0.22324339,0.0,0.0,0.0,0.1517415,0.0,0.0,0.3,0.0,0.12993947,1.0,0.0,0.3267415046691895,768
736,10.0,unknown,False,Major road,2,Punjab-Sindh lowland corridor,11,0.09236419,0.1634688,0.0,0.0,0.0,0.12110178,0.0,0.0,0.2727272727272727,0.0,0.08477685,1.0,0.0,0.2892835999077017,769
735,10.000000000000014,unknown,False,Major road,2,Punjab-Sindh lowland corridor,11,0.06369812,0.1223678,0.0,0.0,0.0,0.06369812,0.0,0.0,0.0,0.0,0.055022467,1.0,0.0,0.16369812041521073,770
734,9.999999999999998,unknown,False,Major road,2,Punjab-Sindh lowland corridor,10,0.0789389,0.20154451,0.0,0.0,0.0,0.0953703,0.0,0.0,0.1,0.0,0.07119771,1.0,0.0,0.22037030011415482,771
765,9.999999999999936,N55,False,Highway,1,Punjab-Sindh lowland corridor,10,0.072943196,0.2354708,0.0,0.0,0.0,0.09184508,0.0,0.0,0.1,0.0,0.095485695,1.0,0.0,0.2168450802564621,772
764,10.000000000000004,N55,False,Highway,1,Punjab-Sindh lowland corridor,11,0.051261064,0.10539719,0.0,0.0,0.0,0.051261064,0.0,0.0,0.0,0.0,0.090515904,1.0,0.0,0.1512610636651516,773
763,9.999999999999957,N55,False,Highway,1,Punjab-Sindh lowland corridor,10,0.04836356,0.082843795,0.0,0.0,0.0,0.04836356,0.0,0.0,0.0,0.0,0.06391856,1.0,0.0,0.14836355894804001,774
762,10.000000000000096,N55,False,Highway,1,Punjab-Sindh lowland corridor,11,0.12996334,0.40557146,0.0,0.0,0.0,0.16610378,0.0,0.0,0.36363636363636365,0.0,0.10229371,1.0,0.0,0.3570128711787137,775
761,9.999999999999957,N55,False,Highway,1,Punjab-Sindh lowland corridor,10,0.053880114,0.088698186,0.0,0.0,0.0,0.053880114,0.0,0.0,0.0,0.0,0.07095556,1.0,0.0,0.15388011410832406,776
760,10.00000000000001,N55,False,Highway,1,Punjab-Sindh lowland corridor,11,0.07884064,0.23911138,0.0,0.0,0.0,0.09003375,0.0,0.0,0.18181818181818182,0.0,0.050740365,1.0,0.0,0.23548829271034763,777
759,10.000000000000016,N55,False,Highway,1,Punjab-Sindh lowland corridor,11,0.059255872,0.102646634,0.0,0.0,0.0,0.059255872,0.0,0.0,0.0,0.0,0.10816082,1.0,0.0,0.15925587192177773,778
758,10.00000000000001,N55,False,Highway,1,Punjab-Sindh lowland corridor,11,0.09020355,0.28852135,0.0,0.0,0.0,0.10987206,0.0,0.0,0.18181818181818182,0.0,0.069781475,1.0,0.0,0.2553266034884887,779
757,10.000000000000023,N55,False,Highway,1,Punjab-Sindh lowland corridor,11,0.067701034,0.11571465,0.0,0.0,0.0,0.067701034,0.0,0.0,0.0,0.0,0.065861546,1.0,0.0,0.16770103424787522,780
756,10.000000000000064,N55,False,Highway,1,Punjab-Sindh lowland corridor,11,0.06333708,0.14107366,0.0,0.0,0.0,0.065727934,0.0,0.0,0.09090909090909091,0.0,0.08193316,1.0,0.0,0.1884552069685676,781
755,9.999999999999968,N55,False,Highway,1,Punjab-Sindh lowland corridor,10,0.10933298,0.23239434,0.0,0.0,0.0,0.1331223,0.0,0.0,0.3,0.0,0.08810251,1.0,0.0,0.30812229514122014,782
754,10.000000000000053,N55,False,Highway,1,Punjab-Sindh lowland corridor,11,0.06460107,0.11972679,0.0,0.0,0.0,0.06460107,0.0,0.0,0.0,0.0,0.08386155,1.0,0.0,0.16460107117891312,783
753,10.000000000000002,N55,False,Highway,1,Punjab-Sindh lowland corridor,11,0.052946344,0.071323454,0.0,0.0,0.0,0.052946344,0.0,0.0,0.0,0.0,0.05318552,1.0,0.0,0.1529463440179825,784
752,10.0,N55,False,Highway,1,Punjab-Sindh lowland corridor,11,0.049084436,0.07581377,0.0,0.0,0.0,0.049084436,0.0,0.0,0.0,0.0,0.1005286,1.0,0.0,0.14908443614840508,785
751,10.000000000000009,N55,False,Highway,1,Punjab-Sindh lowland corridor,11,0.050245393,0.0895349,0.0,0.0,0.0,0.050245393,0.0,0.0,0.0,0.0,0.08072491,1.0,0.0,0.15024539306759835,786
750,9.999999999999988,N55,False,Highway,1,Punjab-Sindh lowland corridor,10,0.038179003,0.05226351,0.0,0.0,0.0,0.038179003,0.0,0.0,0.0,0.0,0.07598681,1.0,0.0,0.13817900270223618,787
781,9.999999999999986,N55,False,Highway,1,Punjab-Sindh lowland corridor,10,0.043442618,0.087107815,0.0,0.0,0.0,0.043442618,0.0,0.0,0.0,0.0,0.072597876,1.0,0.0,0.14344261810183526,788
780,10.000000000000018,N55,False,Highway,1,Punjab-Sindh lowland corridor,11,0.048994843,0.0950489,0.0,0.0,0.0,0.048994843,0.0,0.0,0.0,0.0,0.107012995,1.0,0.0,0.14899484291672707,789
779,10.0,N55,False,Highway,1,Punjab-Sindh lowland corridor,11,0.053459525,0.11878602,0.0,0.0,0.0,0.053459525,0.0,0.0,0.0,0.0,0.07022371,1.0,0.0,0.1534595251083374,790
778,9.999999999999975,N55,False,Highway,1,Punjab-Sindh lowland corridor,10,0.12148402,0.34640208,0.0,0.0,0.0,0.16080908,0.0,0.0,0.2,0.0,0.16388358,1.0,0.0,0.3108090847730637,791
777,9.999999999999954,N55,False,Highway,1,Punjab-Sindh lowland corridor,10,0.06566147,0.11118614,0.0,0.0,0.0,0.06566147,0.0,0.0,0.0,0.0,0.079320535,1.0,0.0,0.1656614676117897,792
776,9.999999999999918,N55,False,Highway,1,Punjab-Sindh lowland corridor,10,0.054814953,0.09378472,0.0,0.0,0.0,0.054814953,0.0,0.0,0.0,0.0,0.0713806,1.0,0.0,0.15481495335698128,793
775,10.000000000000092,N55,False,Highway,1,Punjab-Sindh lowland corridor,11,0.14570874,0.36767888,0.0,0.0,0.0,0.21133305,0.0,0.0,0.5454545454545454,0.0,0.12201238,1.0,0.0,0.447696687687527,794
774,9.999999999999934,N55,False,Highway,1,Punjab-Sindh lowland corridor,10,0.067062125,0.11896689,0.0,0.0,0.0,0.067062125,0.0,0.0,0.0,0.0,0.09972115,1.0,0.0,0.1670621246099472,795
773,9.999999999999922,N55,False,Highway,1,Punjab-Sindh lowland corridor,10,0.06345598,0.096761666,0.0,0.0,0.0,0.06345598,0.0,0.0,0.0,0.0,0.0859742,1.0,0.0,0.1634559765458107,796
772,9.999999999999972,N55,False,Highway,1,Punjab-Sindh lowland corridor,10,0.092769,0.22042377,0.0,0.0,0.0,0.133423,0.0,0.0,0.3,0.0,0.11713542,1.0,0.0,0.308423000574112,797
771,9.999999999999893,N55,False,Highway,1,Punjab-Sindh lowland corridor,10,0.0689853,0.15255797,0.0,0.0,0.0,0.07386884,0.0,0.0,0.1,0.0,0.12479112,1.0,0.0,0.19886884093284607,798
770,9.999999999999948,N55,False,Highway,1,Punjab-Sindh lowland corridor,10,0.07040196,0.21199302,0.0,0.0,0.0,0.097083196,0.0,0.0,0.2,0.0,0.069449335,1.0,0.0,0.2470831960439682,799
769,10.000000000000021,N55,False,Highway,1,Punjab-Sindh lowland corridor,11,0.07048419,0.21199302,0.0,0.0,0.0,0.08170595,0.0,0.0,0.18181818181818182,0.0,0.063866146,1.0,0.0,0.22716049565510318,800
768,10.000000000000016,N55,False,Highway,1,Punjab-Sindh lowland corridor,11,0.05312477,0.13427623,0.0,0.0,0.0,0.065289415,0.0,0.0,0.09090909090909091,0.0,0.12005821,1.0,0.0,0.18801668814637446,801
767,10.000000000000004,N55,False,Highway,1,Punjab-Sindh lowland corridor,11,0.04876482,0.1050022,0.0,0.0,0.0,0.04876482,0.0,0.0,0.0,0.0,0.08363771,1.0,0.0,0.14876482114195824,802
766,10.000000000000007,N55,False,Highway,1,Punjab-Sindh lowland corridor,11,0.06270266,0.09527875,0.0,0.0,0.0,0.06270266,0.0,0.0,0.0,0.0,0.07837966,1.0,0.0,0.16270266324281693,803
797,9.999999999999824,N55,False,Highway,1,KP-AJK,10,0.12615845,0.24965177,0.0,0.0,0.0,0.22040662,0.0,0.0,0.4,0.0,0.2946008,1.0,0.0,0.4204066216945648,804
796,9.99999999999999,N55,False,Highway,1,KP-AJK,10,0.18074499,0.3701711,0.0,0.0,0.0,0.36838323,0.0,0.0,0.7,0.0,0.36459166,1.0,0.0,0.6433832287788391,805
795,9.999999999999885,N55,False,Highway,1,KP-AJK,10,0.27499586,0.6294072,0.0,0.0,0.0,0.5607521,0.0,0.0,1.0,0.0,0.38487655,1.0,0.0,0.9107520937919616,806
794,9.99999999999999,N55,False,Highway,1,KP-AJK,10,0.7354854,0.9648729,0.0,0.0,0.0,0.8877572,0.0,0.0,1.0,0.0,0.25390935,1.0,0.0,1.237757182121277,807
793,10.000000000000055,N55,False,Highway,1,KP-AJK,11,0.31490687,0.61450726,0.0,0.0,0.0,0.5535668,0.0,0.0,0.9090909090909091,0.0,0.3552562,1.0,0.0,0.8808395407416604,808
792,10.000000000000057,N55,False,Highway,1,KP-AJK,11,0.15209745,0.27061543,0.0,0.0,0.0,0.3083174,0.0,0.0,0.5454545454545454,0.0,0.3653064,1.0,0.0,0.5446810294281352,809
791,10.000000000000044,N55,False,Highway,1,KP-AJK,11,0.1587454,0.3291779,0.0,0.0,0.0,0.28501034,0.0,0.0,0.5454545454545454,0.0,0.29741904,1.0,0.0,0.5213739741932262,810
790,9.999999999999932,N55,False,Highway,1,KP-AJK,10,0.099965036,0.19912241,0.0,0.0,0.0,0.17411318,0.0,0.0,0.3,0.0,0.19285262,1.0,0.0,0.34911318421363835,811
789,9.999999999999982,N55,False,Highway,1,KP-AJK,10,0.09508124,0.24866113,0.0,0.0,0.0,0.12482445,0.0,0.0,0.2,0.0,0.106418036,1.0,0.0,0.2748244494199753,812
788,10.00000000000002,N55,False,Highway,1,KP-AJK,11,0.24510708,0.42173892,0.0,0.0,0.0,0.3646989,0.0,0.0,0.8181818181818182,0.0,0.19068651,1.0,0.0,0.6692443414167925,813
787,9.999999999999973,N55,False,Highway,1,KP-AJK,10,0.10330643,0.17638838,0.0,0.0,0.0,0.14283462,0.0,0.0,0.2,0.0,0.11784349,1.0,0.0,0.2928346186876297,814
786,10.000000000000009,N55,False,Highway,1,KP-AJK,11,0.04750302,0.084796816,0.0,0.0,0.0,0.04750302,0.0,0.0,0.0,0.0,0.08412529,1.0,0.0,0.1475030206143856,815
785,9.999999999999911,N55,False,Highway,1,KP-AJK,10,0.09275247,0.18971613,0.0,0.0,0.0,0.111936904,0.0,0.0,0.3,0.0,0.09297644,1.0,0.0,0.2869369044899941,816
784,9.999999999999996,N55,False,Highway,1,KP-AJK,10,0.05885757,0.13816841,0.0,0.0,0.0,0.06578325,0.0,0.0,0.1,0.0,0.102826655,1.0,0.0,0.19078324735164642,817
783,9.999999999999956,N55,False,Highway,1,KP-AJK,10,0.045626204,0.07182299,0.0,0.0,0.0,0.045626204,0.0,0.0,0.0,0.0,0.101156734,1.0,0.0,0.1456262044608593,818
782,9.999999999999975,N55,False,Highway,1,KP-AJK,10,0.06930887,0.27830443,0.0,0.0,0.0,0.077748135,0.0,0.0,0.1,0.0,0.094489545,1.0,0.0,0.2027481347322464,819
816,9.999999999999995,unknown,False,Major road,2,Punjab-Sindh lowland corridor,10,0.1134367,0.3878364,0.0,0.0,0.0,0.12886956,0.0,0.0,0.2,0.0,0.06798823,1.0,0.0,0.27886956334114077,820
815,10.000000000000012,unknown,False,Major road,2,Punjab-Sindh lowland corridor,11,0.052629266,0.081627406,0.0,0.0,0.0,0.052629266,0.0,0.0,0.0,0.0,0.052842557,1.0,0.0,0.1526292659342289,821
814,9.999999999999995,unknown,False,Major road,2,Punjab-Sindh lowland corridor,10,0.103843406,0.296421,0.0,0.0,0.0,0.11732689,0.0,0.0,0.2,0.0,0.05876091,1.0,0.0,0.26732689291238787,822
813,2.4424752256115205,N55,False,Highway,1,KP-AJK,5,0.9496247,0.9726686,0.0,0.0,0.0,1.0,0.0,0.0,1.0,0.0,0.3067537,1.0,0.0,1.35,823
812,9.99999999999984,N55,False,Highway,1,KP-AJK,10,0.34019822,0.9454913,0.0,0.0,0.0,0.5367142,0.0,0.0,0.9,0.0,0.31272277,1.0,0.0,0.8617141962051391,824
811,10.000000000000018,N55,False,Highway,1,KP-AJK,11,0.33731604,0.8673661,0.0,0.0,0.0,0.5097818,0.0,0.0,0.8181818181818182,0.0,0.28673095,1.0,0.0,0.8143272324041887,825
810,9.999999999999838,N55,False,Highway,1,KP-AJK,10,0.38797948,0.9784566,0.0,0.0,0.0,0.4791078,0.0,0.0,0.7,0.0,0.18346368,1.0,0.0,0.7541077971458435,826
809,10.000000000000025,N55,False,Highway,1,KP-AJK,11,0.31262162,0.9784566,0.0,0.0,0.0,0.46299,0.0,0.0,0.9090909090909091,0.0,0.22285251,1.0,0.0,0.7902627132155678,827
806,9.99999999999987,N55,False,Highway,1,KP-AJK,10,0.41814813,0.95370936,0.0,0.0,0.0,0.6301998,0.0,0.0,1.0,0.0,0.30515397,1.0,0.0,0.9801997900009155,828
805,9.999999999999938,N55,False,Highway,1,KP-AJK,10,0.41566953,0.7316335,0.0,0.0,0.0,0.65518963,0.0,0.0,1.0,0.0,0.32264653,1.0,0.0,1.005189633369446,829
803,10.000000000000073,N55,False,Highway,1,KP-AJK,11,0.24071431,0.51675045,0.0,0.0,0.0,0.46727502,0.0,0.0,0.9090909090909091,0.0,0.33395973,1.0,0.0,0.7945477507331155,830
802,10.000000000000027,N55,False,Highway,1,KP-AJK,11,0.14833452,0.2742233,0.0,0.0,0.0,0.3050253,0.0,0.0,0.5454545454545454,0.0,0.36646956,1.0,0.0,0.5413889456879009,831
801,10.000000000000199,N55,False,Highway,1,KP-AJK,11,0.12886633,0.22992186,0.0,0.0,0.0,0.23671629,0.0,0.0,0.36363636363636365,0.0,0.38334846,1.0,0.0,0.42762537625702945,832
800,9.9999999999998,N55,False,Highway,1,KP-AJK,10,0.26393098,0.466708,0.0,0.0,0.0,0.46116656,0.0,0.0,0.7,0.0,0.3508973,1.0,0.0,0.7361665606498718,833
799,10.000000000000195,N55,False,Highway,1,KP-AJK,11,0.08547931,0.1751388,0.0,0.0,0.0,0.11113641,0.0,0.0,0.09090909090909091,0.0,0.22098108,1.0,0.0,0.2338636793873527,834
798,10.000000000000044,N55,False,Highway,1,KP-AJK,11,0.0961327,0.30518854,0.0,0.0,0.0,0.14264584,0.0,0.0,0.18181818181818182,0.0,0.23271929,1.0,0.0,0.28810038133101035,835
832,10.000000000000002,unknown,False,Major road,2,Punjab-Sindh lowland corridor,11,0.06334612,0.17654352,0.0,0.0,0.0,0.09062477,0.0,0.0,0.18181818181818182,0.0,0.091773316,1.0,0.0,0.2360793174667792,836
831,4.512736623583911,unknown,False,Major road,2,Punjab-Sindh lowland corridor,6,0.16325359,0.3530829,0.0,0.0,0.0,0.22637928,0.0,0.0,0.6666666666666666,0.0,0.116255075,1.0,0.0,0.49304594198862706,837
830,10.000000000000004,unknown,False,Major road,2,Punjab-Sindh lowland corridor,11,0.09173289,0.2124317,0.0,0.0,0.0,0.14036585,0.0,0.0,0.2727272727272727,0.0,0.13634346,1.0,0.0,0.308547672087496,838
829,9.999999999999998,unknown,False,Major road,2,Punjab-Sindh lowland corridor,10,0.09483541,0.3124185,0.0,0.0,0.0,0.1152354,0.0,0.0,0.1,0.0,0.094830826,1.0,0.0,0.24023540318012238,839
828,9.671072791390783,unknown,False,Major road,2,Punjab-Sindh lowland corridor,11,0.18250011,0.3692339,0.0,0.0,0.0,0.24658899,0.0,0.0,0.6363636363636364,0.0,0.13392884,1.0,0.0,0.5056798991831866,840
827,10.000000000000012,unknown,False,Major road,2,Punjab-Sindh lowland corridor,11,0.09873284,0.13077497,0.0,0.0,0.0,0.12619868,0.0,0.0,0.18181818181818182,0.0,0.115184136,1.0,0.0,0.271653224663301,841
826,9.999999999999998,unknown,False,Major road,2,Punjab-Sindh lowland corridor,10,0.14653076,0.427226,0.0,0.0,0.0,0.18167776,0.0,0.0,0.3,0.0,0.12883851,1.0,0.0,0.3566777586936951,842
825,10.000000000000002,unknown,False,Major road,2,Punjab-Sindh lowland corridor,11,0.059147023,0.12849276,0.0,0.0,0.0,0.076125614,0.0,0.0,0.09090909090909091,0.0,0.07765851,1.0,0.0,0.19885288707234644,843
824,10.000000000000014,unknown,False,Major road,2,Punjab-Sindh lowland corridor,11,0.06689643,0.34697482,0.0,0.0,0.0,0.0758514,0.0,0.0,0.09090909090909091,0.0,0.057415154,1.0,0.0,0.19857867590405726,844
823,9.999999999999993,unknown,False,Major road,2,Punjab-Sindh lowland corridor,10,0.061716396,0.12718318,0.0,0.0,0.0,0.082459055,0.0,0.0,0.1,0.0,0.116410494,1.0,0.0,0.20745905488729477,845
822,9.999999999999991,unknown,False,Major road,2,Punjab-Sindh lowland corridor,10,0.040842157,0.07303074,0.0,0.0,0.0,0.040842157,0.0,0.0,0.0,0.0,0.06273893,1.0,0.0,0.14084215685725213,846
821,10.0,unknown,False,Major road,2,Punjab-Sindh lowland corridor,11,0.1199811,0.27732706,0.0,0.0,0.0,0.14675707,0.0,0.0,0.36363636363636365,0.0,0.07013614,1.0,0.0,0.33766615715893833,847
820,0.11096407386161047,unknown,False,Major road,2,Punjab-Sindh lowland corridor,3,0.25130197,0.3124185,0.0,0.0,0.0,0.4060378,0.0,0.0,1.0,0.0,0.20840912,1.0,0.0,0.7560378074645996,848
819,9.999999999999993,unknown,False,Major road,2,Punjab-Sindh lowland corridor,10,0.06418939,0.09714289,0.0,0.0,0.0,0.06418939,0.0,0.0,0.0,0.0,0.085598394,1.0,0.0,0.1641893893480301,849
818,10.000000000000014,unknown,False,Major road,2,Punjab-Sindh lowland corridor,11,0.06865147,0.10760888,0.0,0.0,0.0,0.06865147,0.0,0.0,0.0,0.0,0.1029531,1.0,0.0,0.1686514675617218,850
817,9.999999999999986,unknown,False,Major road,2,Punjab-Sindh lowland corridor,10,0.06520701,0.10036909,0.0,0.0,0.0,0.06520701,0.0,0.0,0.0,0.0,0.06190117,1.0,0.0,0.16520701199769974,851
848,9.999999999999996,unknown,False,Major road,2,Punjab-Sindh lowland corridor,10,0.07270203,0.15350617,0.0,0.0,0.0,0.09166311,0.0,0.0,0.1,0.0,0.09080742,1.0,0.0,0.21666310727596283,852
847,9.999999999999975,unknown,False,Major road,2,Punjab-Sindh lowland corridor,10,0.0912432,0.11826136,0.0,0.0,0.0,0.0912432,0.0,0.0,0.0,0.0,0.11214266,1.0,0.0,0.1912432000041008,853
846,10.000000000000004,unknown,False,Major road,2,Punjab-Sindh lowland corridor,11,0.11374997,0.17730124,0.0,0.0,0.0,0.1781886,0.0,0.0,0.2727272727272727,0.0,0.21094918,1.0,0.0,0.34637042527849027,854
845,10.0,unknown,False,Major road,2,Punjab-Sindh lowland corridor,11,0.13507399,0.30579665,0.0,0.0,0.0,0.18395467,0.0,0.0,0.18181818181818182,0.0,0.20884848,1.0,0.0,0.3294092164798217,855
844,10.000000000000002,unknown,False,Major road,2,Punjab-Sindh lowland corridor,11,0.11254266,0.2100692,0.0,0.0,0.0,0.1588794,0.0,0.0,0.18181818181818182,0.0,0.22016157,1.0,0.0,0.3043339447541671,856
843,10.000000000000005,unknown,False,Major road,2,Punjab-Sindh lowland corridor,11,0.09451942,0.1369259,0.0,0.0,0.0,0.10876903,0.0,0.0,0.09090909090909091,0.0,0.14369631,1.0,0.0,0.23149630210616373,857
842,10.000000000000009,unknown,False,Major road,2,Punjab-Sindh lowland corridor,11,0.10874459,0.16800949,0.0,0.0,0.0,0.147871,0.0,0.0,0.18181818181818182,0.0,0.21576689,1.0,0.0,0.293325548009439,858
841,9.99999999999999,unknown,False,Major road,2,Punjab-Sindh lowland corridor,10,0.041710615,0.086796835,0.0,0.0,0.0,0.041710615,0.0,0.0,0.0,0.0,0.104027525,1.0,0.0,0.14171061515808106,859
840,9.999999999999982,unknown,False,Major road,2,Punjab-Sindh lowland corridor,10,0.035719126,0.04379856,0.0,0.0,0.0,0.035719126,0.0,0.0,0.0,0.0,0.10599369,1.0,0.0,0.1357191264629364,860
839,10.000000000000016,unknown,False,Major road,2,Punjab-Sindh lowland corridor,11,0.04421923,0.08988246,0.0,0.0,0.0,0.04421923,0.0,0.0,0.0,0.0,0.09970133,1.0,0.0,0.1442192293703556,861
838,9.999999999999998,unknown,False,Major road,2,Punjab-Sindh lowland corridor,10,0.04368537,0.0636617,0.0,0.0,0.0,0.04368537,0.0,0.0,0.0,0.0,0.06568913,1.0,0.0,0.14368536919355393,862
837,9.0130235853096,unknown,False,Major road,2,KP-AJK,11,0.08619775,0.16701475,0.0,0.0,0.0,0.1046696,0.0,0.0,0.09090909090909091,0.0,0.3150554,1.0,0.0,0.2273968734524467,863
836,10.000000000000002,unknown,False,Major road,2,KP-AJK,11,0.09785151,0.1802848,0.0,0.0,0.0,0.13111958,0.0,0.0,0.2727272727272727,0.0,0.24230771,1.0,0.0,0.2993013972585852,864
835,10.000000000000005,unknown,False,Major road,2,KP-AJK,11,0.15117685,0.48705915,0.0,0.0,0.0,0.21242999,0.0,0.0,0.2727272727272727,0.0,0.2683836,1.0,0.0,0.3806118035858328,865
834,9.999999999999998,unknown,False,Major road,2,KP-AJK,10,0.092599995,0.13480149,0.0,0.0,0.0,0.10782088,0.0,0.0,0.1,0.0,0.24236491,1.0,0.0,0.23282088339328766,866
833,5.288627852416184,unknown,False,Major road,2,Punjab-Sindh lowland corridor,7,0.06227801,0.09018054,0.0,0.0,0.0,0.06227801,0.0,0.0,0.0,0.0,0.15266013,1.0,0.0,0.16227800995111466,867
864,0.8710695857448693,unknown,False,Major road,2,Punjab-Sindh lowland corridor,2,0.04237628,0.04929022,0.0,0.0,0.0,0.04237628,0.0,0.0,0.0,0.0,0.050701827,1.0,0.0,0.14237627983093262,868
863,9.999999999999982,unknown,False,Major road,2,Punjab-Sindh lowland corridor,10,0.06549455,0.10833919,0.0,0.0,0.0,0.06549455,0.0,0.0,0.0,0.0,0.09265752,1.0,0.0,0.16549455225467682,869
862,10.000000000000007,unknown,False,Major road,2,Punjab-Sindh lowland corridor,11,0.06556246,0.086447485,0.0,0.0,0.0,0.06556246,0.0,0.0,0.0,0.0,0.07629207,1.0,0.0,0.1655624568462372,870
861,9.999999999999991,unknown,False,Major road,2,Punjab-Sindh lowland corridor,10,0.09612821,0.13270418,0.0,0.0,0.0,0.10043887,0.0,0.0,0.1,0.0,0.15459941,1.0,0.0,0.22543887048959732,871
860,10.0,unknown,False,Major road,2,Punjab-Sindh lowland corridor,11,0.0641826,0.095861174,0.0,0.0,0.0,0.0641826,0.0,0.0,0.0,0.0,0.09792879,1.0,0.0,0.1641826018691063,872
859,9.999999999999996,unknown,False,Major road,2,Punjab-Sindh lowland corridor,10,0.06653491,0.09358695,0.0,0.0,0.0,0.06653491,0.0,0.0,0.0,0.0,0.12898222,1.0,0.0,0.1665349066257477,873
858,9.999999999999991,unknown,False,Major road,2,Punjab-Sindh lowland corridor,10,0.08618359,0.13207498,0.0,0.0,0.0,0.10746889,0.0,0.0,0.1,0.0,0.168001,1.0,0.0,0.2324688881635666,874
857,10.000000000000012,unknown,False,Major road,2,Punjab-Sindh lowland corridor,11,0.09613176,0.12196221,0.0,0.0,0.0,0.09613176,0.0,0.0,0.0,0.0,0.21376759,1.0,0.0,0.19613175690174103,875
856,10.000000000000002,unknown,False,Major road,2,Punjab-Sindh lowland corridor,11,0.09189609,0.12196221,0.0,0.0,0.0,0.09189609,0.0,0.0,0.0,0.0,0.17103046,1.0,0.0,0.19189608693122864,876
855,10.000000000000002,unknown,False,Major road,2,Punjab-Sindh lowland corridor,11,0.10300932,0.20666967,0.0,0.0,0.0,0.12748395,0.0,0.0,0.09090909090909091,0.0,0.18148962,1.0,0.0,0.2502112217924812,877
854,9.999999999999996,unknown,False,Major road,2,Punjab-Sindh lowland corridor,10,0.07362868,0.10391007,0.0,0.0,0.0,0.07362868,0.0,0.0,0.0,0.0,0.12299909,1.0,0.0,0.17362867891788483,878
853,10.000000000000004,unknown,False,Major road,2,Punjab-Sindh lowland corridor,11,0.06840479,0.09636659,0.0,0.0,0.0,0.06840479,0.0,0.0,0.0,0.0,0.09272185,1.0,0.0,0.16840478628873826,879
852,10.000000000000002,unknown,False,Major road,2,Punjab-Sindh lowland corridor,11,0.07789562,0.3124185,0.0,0.0,0.0,0.09644106,0.0,0.0,0.09090909090909091,0.0,0.073124275,1.0,0.0,0.21916833303191446,880
851,2.9617911965536523,unknown,False,Major road,2,Punjab-Sindh lowland corridor,5,0.18090664,0.31871244,0.0,0.0,0.0,0.30206624,0.0,0.0,0.6,0.0,0.19133961,1.0,0.0,0.5520662367343903,881
850,9.999999999999979,unknown,False,Major road,2,Punjab-Sindh lowland corridor,10,0.08787738,0.11483073,0.0,0.0,0.0,0.08787738,0.0,0.0,0.0,0.0,0.10103033,1.0,0.0,0.18787737786769867,882
849,9.999999999999991,unknown,False,Major road,2,Punjab-Sindh lowland corridor,10,0.09439714,0.13055961,0.0,0.0,0.0,0.10107473,0.0,0.0,0.1,0.0,0.16427831,1.0,0.0,0.2260747328400612,883
880,9.999999999999984,unknown,False,Major road,2,Punjab-Sindh lowland corridor,10,0.045390427,0.12594366,0.0,0.0,0.0,0.045390427,0.0,0.0,0.0,0.0,0.093980476,1.0,0.0,0.14539042711257935,884
879,10.000000000000016,unknown,False,Major road,2,Punjab-Sindh lowland corridor,11,0.08440077,0.1335592,0.0,0.0,0.0,0.09266269,0.0,0.0,0.09090909090909091,0.0,0.14487956,1.0,0.0,0.21538996479728006,885
878,10.0,unknown,False,Major road,2,Punjab-Sindh lowland corridor,11,0.0792933,0.21096338,0.0,0.0,0.0,0.104133755,0.0,0.0,0.2727272727272727,0.0,0.106051736,1.0,0.0,0.2723155731504614,886
877,10.0,unknown,False,Major road,2,Punjab-Sindh lowland corridor,11,0.058886565,0.13979636,0.0,0.0,0.0,0.07494143,0.0,0.0,0.09090909090909091,0.0,0.094721295,1.0,0.0,0.19766869924285196,887
876,0.7018845482351308,unknown,False,Major road,2,Punjab-Sindh lowland corridor,2,0.22561894,0.24329413,0.0,0.0,0.0,0.33044773,0.0,0.0,1.0,0.0,0.14119077,1.0,0.0,0.6804477334022522,888
875,10.000000000000016,unknown,False,Major road,2,Punjab-Sindh lowland corridor,11,0.18738307,0.48231468,0.0,0.0,0.0,0.2758489,0.0,0.0,0.7272727272727273,0.0,0.16444407,1.0,0.0,0.5576670771295374,889
874,9.999999999999973,unknown,False,Major road,2,Punjab-Sindh lowland corridor,10,0.11620196,0.19521604,0.0,0.0,0.0,0.15120709,0.0,0.0,0.2,0.0,0.21791872,1.0,0.0,0.3012070894241333,890
873,10.000000000000016,unknown,False,Major road,2,Punjab-Sindh lowland corridor,11,0.1841049,0.47719777,0.0,0.0,0.0,0.2968604,0.0,0.0,0.6363636363636364,0.0,0.24583445,1.0,0.0,0.5559513059529391,891
872,9.999999999999979,unknown,False,Major road,2,Punjab-Sindh lowland corridor,10,0.17378089,0.26699448,0.0,0.0,0.0,0.35688215,0.0,0.0,0.8,0.0,0.2977695,1.0,0.0,0.6568821549415588,892
871,10.000000000000005,unknown,False,Major road,2,Punjab-Sindh lowland corridor,11,0.09282527,0.12832394,0.0,0.0,0.0,0.107593365,0.0,0.0,0.09090909090909091,0.0,0.1804831,1.0,0.0,0.23032063774087214,893
870,10.000000000000007,unknown,False,Major road,2,Punjab-Sindh lowland corridor,11,0.088948004,0.26444745,0.0,0.0,0.0,0.09830284,0.0,0.0,0.09090909090909091,0.0,0.09931144,1.0,0.0,0.22103011391379618,894
869,9.999999999999996,unknown,False,Major road,2,Punjab-Sindh lowland corridor,10,0.10408636,0.27399486,0.0,0.0,0.0,0.1338025,0.0,0.0,0.2,0.0,0.12215785,1.0,0.0,0.2838025033473969,895
868,10.0,unknown,False,Major road,2,Punjab-Sindh lowland corridor,11,0.09839661,0.27399486,0.0,0.0,0.0,0.12701981,0.0,0.0,0.18181818181818182,0.0,0.14104337,1.0,0.0,0.27247435315088797,896
867,10.000000000000005,unknown,False,Major road,2,Punjab-Sindh lowland corridor,11,0.16116494,0.3641683,0.0,0.0,0.0,0.22587295,0.0,0.0,0.5454545454545454,0.0,0.15024258,1.0,0.0,0.46223658512939103,897
866,9.999999999999998,unknown,False,Major road,2,Punjab-Sindh lowland corridor,10,0.09505068,0.19068415,0.0,0.0,0.0,0.1170544,0.0,0.0,0.2,0.0,0.1168038,1.0,0.0,0.2670544028282166,898
865,10.000000000000002,unknown,False,Major road,2,Punjab-Sindh lowland corridor,11,0.09810951,0.20291519,0.0,0.0,0.0,0.11923117,0.0,0.0,0.2727272727272727,0.0,0.12866177,1.0,0.0,0.2874129900878126,899
899,7.21339728854331,unknown,False,Major road,2,Punjab-Sindh lowland corridor,10,0.13024244,0.2311126,0.0,0.0,0.0,0.20773764,0.0,0.0,0.5,0.0,0.17973039,1.0,0.0,0.4327376395463943,900
898,9.99999999999998,unknown,False,Major road,2,Punjab-Sindh lowland corridor,10,0.25341168,0.8195058,0.0,0.0,0.0,0.3749007,0.0,0.0,0.7,0.0,0.2253246,1.0,0.0,0.6499006986618042,901
897,9.999999999999995,unknown,False,Major road,2,Punjab-Sindh lowland corridor,10,0.17868444,0.5323613,0.0,0.0,0.0,0.25693518,0.0,0.0,0.5,0.0,0.21535893,1.0,0.0,0.481935179233551,902
896,9.999999999999993,unknown,False,Major road,2,Punjab-Sindh lowland corridor,10,0.124422,0.20940353,0.0,0.0,0.0,0.2096477,0.0,0.0,0.4,0.0,0.24191408,1.0,0.0,0.4096477001905441,903
894,9.999999999999977,unknown,False,Major road,2,Punjab-Sindh lowland corridor,10,0.20110807,0.9250348,0.0,0.0,0.0,0.27188772,0.0,0.0,0.4,0.0,0.24404958,1.0,0.0,0.471887719631195,904
893,10.000000000000002,unknown,False,Major road,2,Punjab-Sindh lowland corridor,11,0.09698608,0.21132953,0.0,0.0,0.0,0.16113688,0.0,0.0,0.2727272727272727,0.0,0.23950295,1.0,0.0,0.32931869869882413,905
891,9.999999999999998,unknown,False,Major road,2,Punjab-Sindh lowland corridor,10,0.08071052,0.13574561,0.0,0.0,0.0,0.118371226,0.0,0.0,0.2,0.0,0.14925556,1.0,0.0,0.2683712258934975,906
890,10.000000000000004,unknown,False,Major road,2,Punjab-Sindh lowland corridor,11,0.098195456,0.23365162,0.0,0.0,0.0,0.12980646,0.0,0.0,0.36363636363636365,0.0,0.09539798,1.0,0.0,0.32071554985913364,907
889,9.375804258117777,unknown,False,Major road,2,Punjab-Sindh lowland corridor,12,0.07546666,0.24219723,0.0,0.0,0.0,0.085933566,0.0,0.0,0.08333333333333333,0.0,0.10688696,1.0,0.0,0.20676689942677817,908
888,9.999999999999998,unknown,False,Major road,2,Punjab-Sindh lowland corridor,10,0.04128223,0.07768712,0.0,0.0,0.0,0.04128223,0.0,0.0,0.0,0.0,0.075167105,1.0,0.0,0.14128222912549973,909
887,9.999999999999996,unknown,False,Major road,2,Punjab-Sindh lowland corridor,10,0.15052898,0.83527285,0.0,0.0,0.0,0.1670017,0.0,0.0,0.1,0.0,0.15658686,1.0,0.0,0.2920016944408417,910
885,3.8054583978858947,unknown,False,Major road,2,Punjab-Sindh lowland corridor,6,0.13794309,0.24219723,0.0,0.0,0.0,0.19278772,0.0,0.0,0.5,0.0,0.12652709,1.0,0.0,0.4177877217531204,911
884,9.999999999999972,unknown,False,Major road,2,Punjab-Sindh lowland corridor,10,0.10304253,0.16114494,0.0,0.0,0.0,0.11787729,0.0,0.0,0.2,0.0,0.08625978,1.0,0.0,0.2678772896528244,912
883,10.000000000000009,unknown,False,Major road,2,Punjab-Sindh lowland corridor,11,0.051801573,0.09924845,0.0,0.0,0.0,0.051801573,0.0,0.0,0.0,0.0,0.1003247,1.0,0.0,0.15180157348513604,913
882,9.999999999999993,unknown,False,Major road,2,Punjab-Sindh lowland corridor,10,0.040982112,0.05641777,0.0,0.0,0.0,0.040982112,0.0,0.0,0.0,0.0,0.09593328,1.0,0.0,0.14098211228847504,914
881,10.0,unknown,False,Major road,2,Punjab-Sindh lowland corridor,11,0.050423145,0.08699765,0.0,0.0,0.0,0.050423145,0.0,0.0,0.0,0.0,0.07936258,1.0,0.0,0.15042314529418946,915
915,9.99999999999999,unknown,False,Major road,2,Punjab-Sindh lowland corridor,10,0.19286703,0.42829967,0.0,0.0,0.0,0.3577196,0.0,0.0,0.8,0.0,0.2776482,1.0,0.0,0.657719600200653,916
914,10.000000000000007,unknown,False,Major road,2,Punjab-Sindh lowland corridor,11,0.1823391,0.55125624,0.0,0.0,0.0,0.33780634,0.0,0.0,0.8181818181818182,0.0,0.24809979,1.0,0.0,0.6423517985777422,917
913,3.0585854799913497,unknown,False,Major road,2,Punjab-Sindh lowland corridor,6,0.2266633,0.35466868,0.0,0.0,0.0,0.38694873,0.0,0.0,0.8333333333333334,0.0,0.2608936,1.0,0.0,0.6952820678551992,918
912,10.000000000000009,unknown,False,Major road,2,Punjab-Sindh lowland corridor,11,0.19869731,0.3873138,0.0,0.0,0.0,0.35162693,0.0,0.0,0.8181818181818182,0.0,0.2539052,1.0,0.0,0.6561723871664568,919
911,10.000000000000009,unknown,False,Major road,2,Punjab-Sindh lowland corridor,11,0.119827345,0.16974184,0.0,0.0,0.0,0.18734206,0.0,0.0,0.36363636363636365,0.0,0.24227628,1.0,0.0,0.3782511535015973,920
910,10.000000000000002,unknown,False,Major road,2,Punjab-Sindh lowland corridor,11,0.22186989,0.43564707,0.0,0.0,0.0,0.38471663,0.0,0.0,0.8181818181818182,0.0,0.25534168,1.0,0.0,0.6892620845274492,921
909,9.999999999999998,unknown,False,Major road,2,Punjab-Sindh lowland corridor,10,0.15411957,0.49915838,0.0,0.0,0.0,0.2602561,0.0,0.0,0.5,0.0,0.24665542,1.0,0.0,0.48525611162185667,922
908,7.7656447168153235,unknown,False,Major road,2,Punjab-Sindh lowland corridor,9,0.21073999,0.5827466,0.0,0.0,0.0,0.32946622,0.0,0.0,0.4444444444444444,0.0,0.3089894,1.0,0.0,0.540577334827847,923
907,9.999999999999996,unknown,False,Major road,2,Punjab-Sindh lowland corridor,10,0.36775002,0.9298822,0.0,0.0,0.0,0.47913307,0.0,0.0,0.6,0.0,0.22931118,1.0,0.0,0.7291330695152283,924
906,10.0,unknown,False,Major road,2,Punjab-Sindh lowland corridor,11,0.1372853,0.29712525,0.0,0.0,0.0,0.19794397,0.0,0.0,0.2727272727272727,0.0,0.22387548,1.0,0.0,0.36612578874284574,925
905,9.999999999999998,unknown,False,Major road,2,Punjab-Sindh lowland corridor,10,0.21032505,0.48411703,0.0,0.0,0.0,0.3761999,0.0,0.0,0.8,0.0,0.27006608,1.0,0.0,0.6761999011039733,926
904,1.810282991368771,unknown,False,Major road,2,Punjab-Sindh lowland corridor,3,0.18570961,0.1929987,0.0,0.0,0.0,0.33186844,0.0,0.0,1.0,0.0,0.19685693,1.0,0.0,0.681868439912796,927
903,9.999999999999995,unknown,False,Major road,2,Punjab-Sindh lowland corridor,10,0.13296595,0.17211494,0.0,0.0,0.0,0.23850007,0.0,0.0,0.5,0.0,0.28624302,1.0,0.0,0.46350007355213163,928
902,10.000000000000002,unknown,False,Major road,2,Punjab-Sindh lowland corridor,11,0.17065495,0.26148495,0.0,0.0,0.0,0.37071934,0.0,0.0,0.9090909090909091,0.0,0.30035195,1.0,0.0,0.6979920706965707,929
901,10.00000000000001,unknown,False,Major road,2,Punjab-Sindh lowland corridor,11,0.35884783,0.84327596,0.0,0.0,0.0,0.5570403,0.0,0.0,0.9090909090909091,0.0,0.31154028,1.0,0.0,0.8843130014159463,930
900,9.999999999999996,unknown,False,Major road,2,Punjab-Sindh lowland corridor,10,0.2742866,0.4199055,0.0,0.0,0.0,0.5112791,0.0,0.0,1.0,0.0,0.31919813,1.0,0.0,0.8612791061401367,931
932,9.999999999999996,unknown,False,Major road,2,KP-AJK,10,0.9365672,0.98760796,0.0,0.0,0.0,0.9843127,0.0,0.0,1.0,0.0,0.13311468,1.0,0.0,1.3343127131462098,932
931,10.000000000000012,unknown,False,Major road,2,KP-AJK,11,0.73946136,0.9528288,0.0,0.0,0.0,0.92037565,0.0,0.0,1.0,0.0,0.30507803,1.0,0.0,1.2703756451606751,933
929,9.999999999999991,unknown,False,Major road,2,KP-AJK,10,0.21081817,0.39636126,0.0,0.0,0.0,0.32664627,0.0,0.0,0.5,0.0,0.26601145,1.0,0.0,0.5516462683677673,934
928,10.0,unknown,False,Major road,2,KP-AJK,11,0.19413823,0.43657804,0.0,0.0,0.0,0.36521026,0.0,0.0,0.8181818181818182,0.0,0.2710018,1.0,0.0,0.6697557194666429,935
927,4.734510011179955,unknown,False,Major road,2,KP-AJK,7,0.10523415,0.16701475,0.0,0.0,0.0,0.13426135,0.0,0.0,0.14285714285714285,0.0,0.3068377,1.0,0.0,0.2699756405183247,936
926,10.0,unknown,False,Major road,2,KP-AJK,11,0.09674119,0.15585428,0.0,0.0,0.0,0.120955616,0.0,0.0,0.09090909090909091,0.0,0.28083068,1.0,0.0,0.24368288896300577,937
925,9.999999999999998,unknown,False,Major road,2,KP-AJK,10,0.14528957,0.43657804,0.0,0.0,0.0,0.19185525,0.0,0.0,0.2,0.0,0.30219156,1.0,0.0,0.34185525178909304,938
924,0.6584303444982316,unknown,False,Major road,2,KP-AJK,3,0.1488746,0.16701475,0.0,0.0,0.0,0.3626341,0.0,0.0,1.0,0.0,0.28790626,1.0,0.0,0.7126340925693512,939
923,9.999999999999998,unknown,False,Major road,2,KP-AJK,10,0.106905326,0.14634912,0.0,0.0,0.0,0.13353935,0.0,0.0,0.1,0.0,0.2949065,1.0,0.0,0.2585393488407135,940
922,10.000000000000002,unknown,False,Major road,2,KP-AJK,11,0.11053174,0.15590137,0.0,0.0,0.0,0.14274603,0.0,0.0,0.18181818181818182,0.0,0.18844314,1.0,0.0,0.2882005767388778,941
921,10.000000000000004,unknown,False,Major road,2,KP-AJK,11,0.14060551,0.26544428,0.0,0.0,0.0,0.21712823,0.0,0.0,0.5454545454545454,0.0,0.15090407,1.0,0.0,0.4534918684851039,942
920,10.0,unknown,False,Major road,2,KP-AJK,11,0.12839647,0.40106422,0.0,0.0,0.0,0.1553858,0.0,0.0,0.36363636363636365,0.0,0.11392668,1.0,0.0,0.3462948980656537,943
919,1.8550943718063497,unknown,False,Major road,2,Punjab-Sindh lowland corridor,4,0.10118111,0.15529153,0.0,0.0,0.0,0.15727161,0.0,0.0,0.25,0.0,0.23982477,1.0,0.0,0.319771608710289,944
918,10.00000000000001,unknown,False,Major road,2,Punjab-Sindh lowland corridor,11,0.18197098,0.42940983,0.0,0.0,0.0,0.32152975,0.0,0.0,0.6363636363636364,0.0,0.27052835,1.0,0.0,0.5806206551465121,945
917,10.000000000000014,unknown,False,Major road,2,Punjab-Sindh lowland corridor,11,0.25705191,0.34871906,0.0,0.0,0.0,0.46919987,0.0,0.0,1.0,0.0,0.28573573,1.0,0.0,0.8191998660564422,946
916,9.999999999999998,unknown,False,Major road,2,Punjab-Sindh lowland corridor,10,0.32730976,0.77585435,0.0,0.0,0.0,0.5208949,0.0,0.0,0.9,0.0,0.29202396,1.0,0.0,0.8458948850631713,947
212,10.00000000000007,N55,False,Highway,1,Punjab-Sindh lowland corridor,11,0.35064644,0.93128663,0.0,0.0,0.0,0.51880985,0.0,0.0,1.0,0.0,0.24771467,1.0,0.0,0.8688098549842834,948
211,9.999999999999966,N55,False,Highway,1,Punjab-Sindh lowland corridor,10,0.20894341,0.958365,0.0,0.0,0.0,0.2584453,0.0,0.0,0.3,0.0,0.21393256,1.0,0.0,0.433445292711258,949
209,9.99999999999998,N55,False,Highway,1,Punjab-Sindh lowland corridor,10,0.15147735,0.5066969,0.0,0.0,0.0,0.18899837,0.0,0.0,0.3,0.0,0.14940564,1.0,0.0,0.3639983713626862,950
208,10.000000000000027,N55,False,Highway,1,Punjab-Sindh lowland corridor,11,0.07221326,0.10035825,0.0,0.0,0.0,0.07221326,0.0,0.0,0.0,0.0,0.11161201,1.0,0.0,0.17221326231956482,951
207,10.0,N55,False,Highway,1,Punjab-Sindh lowland corridor,11,0.10101342,0.35230812,0.0,0.0,0.0,0.12132001,0.0,0.0,0.18181818181818182,0.0,0.10438645,1.0,0.0,0.2667745546861129,952
206,10.000000000000096,N55,False,Highway,1,Punjab-Sindh lowland corridor,11,0.06782765,0.11549435,0.0,0.0,0.0,0.06782765,0.0,0.0,0.0,0.0,0.069960505,1.0,0.0,0.16782764941453934,953
205,9.999999999999917,N55,False,Highway,1,Punjab-Sindh lowland corridor,10,0.14990446,0.28175637,0.0,0.0,0.0,0.1927859,0.0,0.0,0.6,0.0,0.07629068,1.0,0.0,0.4427859038114548,954
204,9.999999999999977,N55,False,Highway,1,Punjab-Sindh lowland corridor,10,0.06211976,0.11641076,0.0,0.0,0.0,0.06211976,0.0,0.0,0.0,0.0,0.09698708,1.0,0.0,0.162119759619236,955
203,10.000000000000108,N55,False,Highway,1,Punjab-Sindh lowland corridor,11,0.049305107,0.071671225,0.0,0.0,0.0,0.049305107,0.0,0.0,0.0,0.0,0.08905299,1.0,0.0,0.14930510744452477,956
202,9.99999999999992,N55,False,Highway,1,Punjab-Sindh lowland corridor,10,0.07577794,0.12816617,0.0,0.0,0.0,0.08606045,0.0,0.0,0.1,0.0,0.108781114,1.0,0.0,0.21106044948101044,957
201,10.000000000000057,N55,False,Highway,1,Punjab-Sindh lowland corridor,11,0.052195612,0.13592026,0.0,0.0,0.0,0.0583486,0.0,0.0,0.09090909090909091,0.0,0.09671996,1.0,0.0,0.18107587254860186,958
200,9.999999999999892,N55,False,Highway,1,Punjab-Sindh lowland corridor,10,0.102692805,0.5076677,0.0,0.0,0.0,0.1332644,0.0,0.0,0.2,0.0,0.12617247,1.0,0.0,0.28326439261436465,959
199,10.000000000000002,N55,False,Highway,1,Punjab-Sindh lowland corridor,11,0.09909734,0.2877416,0.0,0.0,0.0,0.1329309,0.0,0.0,0.2727272727272727,0.0,0.14218026,1.0,0.0,0.3011127228086645,960
198,10.000000000000034,N55,False,Highway,1,Punjab-Sindh lowland corridor,11,0.048648395,0.08147934,0.0,0.0,0.0,0.048648395,0.0,0.0,0.0,0.0,0.05635862,1.0,0.0,0.1486483946442604,961
197,10.0,N55,False,Highway,1,Punjab-Sindh lowland corridor,11,0.039844926,0.056366947,0.0,0.0,0.0,0.039844926,0.0,0.0,0.0,0.0,0.08422462,1.0,0.0,0.13984492644667626,962
955,10.000000000000016,unknown,False,Major road,2,Punjab-Sindh lowland corridor,11,0.0982992,0.2564589,0.0,0.0,0.0,0.14708677,0.0,0.0,0.2727272727272727,0.0,0.11074292,1.0,0.0,0.3152685875242407,963
954,10.00000000000002,unknown,False,Major road,2,Punjab-Sindh lowland corridor,11,0.09987852,0.21722598,0.0,0.0,0.0,0.124088734,0.0,0.0,0.18181818181818182,0.0,0.09672579,1.0,0.0,0.26954327984289694,964
953,9.999999999999996,unknown,False,Major road,2,Punjab-Sindh lowland corridor,10,0.081767626,0.14134309,0.0,0.0,0.0,0.10133201,0.0,0.0,0.1,0.0,0.17988397,1.0,0.0,0.22633200883865356,965
952,10.0,unknown,False,Major road,2,Punjab-Sindh lowland corridor,11,0.1698938,0.713245,0.0,0.0,0.0,0.21229075,0.0,0.0,0.36363636363636365,0.0,0.17617178,1.0,0.0,0.4031998398629102,966
951,9.999999999999998,unknown,False,Major road,2,Punjab-Sindh lowland corridor,10,0.08353217,0.14347307,0.0,0.0,0.0,0.09036819,0.0,0.0,0.1,0.0,0.19272533,1.0,0.0,0.21536818891763687,967
950,9.999999999999991,unknown,False,Major road,2,Punjab-Sindh lowland corridor,10,0.101411164,0.20206419,0.0,0.0,0.0,0.17827256,0.0,0.0,0.3,0.0,0.23947127,1.0,0.0,0.35327256023883824,968
949,10.000000000000004,unknown,False,Major road,2,Punjab-Sindh lowland corridor,11,0.083184965,0.14246641,0.0,0.0,0.0,0.10326889,0.0,0.0,0.09090909090909091,0.0,0.16950108,1.0,0.0,0.225996164300225,969
948,10.000000000000005,unknown,False,Major road,2,Punjab-Sindh lowland corridor,11,0.073382854,0.15841506,0.0,0.0,0.0,0.096109435,0.0,0.0,0.18181818181818182,0.0,0.09529224,1.0,0.0,0.24156398041681812,970
947,7.188903400284739,unknown,False,Major road,2,KP-AJK,10,0.8825828,0.98623973,0.0,0.0,0.0,0.974611,0.0,0.0,1.0,0.0,0.20623425,1.0,0.0,1.324610984325409,971
946,9.999999999999991,unknown,False,Major road,2,KP-AJK,10,0.97388184,0.98169804,0.0,0.0,0.0,0.9998399,0.0,0.0,1.0,0.0,0.06855965,1.0,0.0,1.3498399019241334,972
942,7.369849146621217,unknown,False,Major road,2,KP-AJK,10,0.16070315,0.43657804,0.0,0.0,0.0,0.26240286,0.0,0.0,0.4,0.0,0.2840524,1.0,0.0,0.4624028623104095,973
941,10.000000000000002,unknown,False,Major road,2,KP-AJK,11,0.10664077,0.16047709,0.0,0.0,0.0,0.15430163,0.0,0.0,0.18181818181818182,0.0,0.2774963,1.0,0.0,0.29975617392496634,974
940,10.000000000000009,unknown,False,Major road,2,KP-AJK,11,0.119583935,0.17365342,0.0,0.0,0.0,0.16791238,0.0,0.0,0.18181818181818182,0.0,0.30267164,1.0,0.0,0.3133669243617492,975
939,9.999999999999998,unknown,False,Major road,2,KP-AJK,10,0.29496795,0.9533062,0.0,0.0,0.0,0.460643,0.0,0.0,0.7,0.0,0.33587283,1.0,0.0,0.7356429934501648,976
937,9.999999999999996,unknown,False,Major road,2,KP-AJK,10,0.96110475,0.9893584,0.0,0.0,0.0,0.9976999,0.0,0.0,1.0,0.0,0.10872557,1.0,0.0,1.3476999163627625,977
936,9.999999999999996,unknown,False,Major road,2,KP-AJK,10,0.76275843,0.956877,0.0,0.0,0.0,0.940941,0.0,0.0,1.0,0.0,0.33286014,1.0,0.0,1.2909409761428834,978
975,10.000000000000018,unknown,False,Major road,2,KP-AJK,11,0.16193509,0.33920467,0.0,0.0,0.0,0.33659938,0.0,0.0,0.7272727272727273,0.0,0.33938825,1.0,0.0,0.6184175615960902,979
974,9.99999999999999,unknown,False,Major road,2,KP-AJK,10,0.2856322,0.48825505,0.0,0.0,0.0,0.49689364,0.0,0.0,1.0,0.0,0.28454176,1.0,0.0,0.8468936443328857,980
973,9.999999999999998,unknown,False,Major road,2,KP-AJK,10,0.22072999,0.6240501,0.0,0.0,0.0,0.37704775,0.0,0.0,0.8,0.0,0.25308564,1.0,0.0,0.6770477473735809,981
968,10.000000000000018,unknown,False,Major road,2,KP-AJK,11,0.7080129,0.9842021,0.0,0.0,0.0,0.8477219,0.0,0.0,1.0,0.0,0.25073698,1.0,0.0,1.1977218747138978,982
967,9.999999999999995,unknown,False,Major road,2,KP-AJK,10,0.9517087,0.98440206,0.0,0.0,0.0,1.0,0.0,0.0,1.0,0.0,0.26832014,1.0,0.0,1.35,983
966,10.000000000000005,unknown,False,Major road,2,KP-AJK,11,0.85135275,0.9733825,0.0,0.0,0.0,0.957736,0.0,0.0,1.0,0.0,0.2531454,1.0,0.0,1.3077360153198243,984
965,10.000000000000014,unknown,False,Major road,2,KP-AJK,11,0.85828936,0.94454616,0.0,0.0,0.0,0.98912585,0.0,0.0,1.0,0.0,0.29308042,1.0,0.0,1.3391258478164674,985
964,9.999999999999993,unknown,False,Major road,2,KP-AJK,10,0.85821724,0.96141094,0.0,0.0,0.0,0.9732191,0.0,0.0,1.0,0.0,0.2685718,1.0,0.0,1.323219096660614,986
963,9.999999999999995,unknown,False,Major road,2,KP-AJK,10,0.6801014,0.8899286,0.0,0.0,0.0,0.923308,0.0,0.0,1.0,0.0,0.37665737,1.0,0.0,1.27330801486969,987
962,10.0,unknown,False,Major road,2,KP-AJK,11,0.6918911,0.9086749,0.0,0.0,0.0,0.9081153,0.0,0.0,1.0,0.0,0.3435149,1.0,0.0,1.258115327358246,988
961,6.470974442612079,unknown,False,Major road,2,KP-AJK,9,0.13966753,0.22844686,0.0,0.0,0.0,0.24754864,0.0,0.0,0.5555555555555556,0.0,0.25577223,1.0,0.0,0.48643752866321144,989
960,9.999999999999995,unknown,False,Major road,2,KP-AJK,10,0.26577702,0.5285169,0.0,0.0,0.0,0.47157708,0.0,0.0,0.9,0.0,0.30067426,1.0,0.0,0.7965770781040191,990
959,9.999999999999998,unknown,False,Major road,2,KP-AJK,10,0.17852889,0.28327635,0.0,0.0,0.0,0.35335842,0.0,0.0,0.7,0.0,0.3150801,1.0,0.0,0.6283584177494049,991
958,10.000000000000007,unknown,False,Major road,2,KP-AJK,11,0.11639294,0.16889459,0.0,0.0,0.0,0.1774242,0.0,0.0,0.2727272727272727,0.0,0.20797838,1.0,0.0,0.34560602551156827,992
957,9.999999999999972,unknown,False,Major road,2,Punjab-Sindh lowland corridor,10,0.09736214,0.17318715,0.0,0.0,0.0,0.1480439,0.0,0.0,0.4,0.0,0.15808575,1.0,0.0,0.3480439007282257,993
956,10.000000000000004,unknown,False,Major road,2,Punjab-Sindh lowland corridor,11,0.06772968,0.17182349,0.0,0.0,0.0,0.08764442,0.0,0.0,0.09090909090909091,0.0,0.11138985,1.0,0.0,0.2103716932914474,994
992,10.0,unknown,False,Major road,2,KP-AJK,11,0.28471333,0.59547186,0.0,0.0,0.0,0.5058324,0.0,0.0,1.0,0.0,0.2978186,1.0,0.0,0.8558323740959167,995
991,10.000000000000004,unknown,False,Major road,2,KP-AJK,11,0.53360295,0.9410567,0.0,0.0,0.0,0.74186254,0.0,0.0,1.0,0.0,0.3361912,1.0,0.0,1.0918625354766847,996
989,10.000000000000004,unknown,False,Major road,2,KP-AJK,11,0.2865137,0.43667072,0.0,0.0,0.0,0.52733654,0.0,0.0,1.0,0.0,0.32435712,1.0,0.0,0.8773365378379822,997
988,10.00000000000001,unknown,False,Major road,2,KP-AJK,11,0.2693048,0.8197644,0.0,0.0,0.0,0.4620438,0.0,0.0,0.8181818181818182,0.0,0.31708556,1.0,0.0,0.7665892465548082,998
987,9.999999999999998,unknown,False,Major road,2,KP-AJK,10,0.33685362,0.7110921,0.0,0.0,0.0,0.56563365,0.0,0.0,1.0,0.0,0.308137,1.0,0.0,0.9156336545944214,999
986,10.000000000000002,unknown,False,Major road,2,KP-AJK,11,0.5167091,0.95880336,0.0,0.0,0.0,0.7000837,0.0,0.0,1.0,0.0,0.27200973,1.0,0.0,1.0500836730003358,1000
985,4.845446688472615,unknown,False,Major road,2,KP-AJK,6,0.5098422,0.8593978,0.0,0.0,0.0,0.74054414,0.0,0.0,1.0,0.0,0.33699563,1.0,0.0,1.0905441403388978,1001
984,10.00000000000002,unknown,False,Major road,2,KP-AJK,11,0.7481536,0.9414325,0.0,0.0,0.0,0.9334266,0.0,0.0,1.0,0.0,0.3139098,1.0,0.0,1.28342661857605,1002
983,10.000000000000014,unknown,False,Major road,2,KP-AJK,11,0.7447535,0.9393386,0.0,0.0,0.0,0.91564184,0.0,0.0,1.0,0.0,0.3056814,1.0,0.0,1.2656418442726136,1003
982,9.999999999999995,unknown,False,Major road,2,KP-AJK,10,0.75998753,0.9761941,0.0,0.0,0.0,0.9152416,0.0,0.0,1.0,0.0,0.31043404,1.0,0.0,1.2652415990829469,1004
981,10.0,unknown,False,Major road,2,KP-AJK,11,0.5337224,0.9634945,0.0,0.0,0.0,0.7426926,0.0,0.0,1.0,0.0,0.3102662,1.0,0.0,1.0926925897598267,1005
979,4.166348514327732,unknown,False,Major road,2,KP-AJK,6,0.45144495,0.61384565,0.0,0.0,0.0,0.60876817,0.0,0.0,1.0,0.0,0.21189398,1.0,0.0,0.9587681651115417,1006
978,10.000000000000018,unknown,False,Major road,2,KP-AJK,11,0.4789596,0.8951029,0.0,0.0,0.0,0.70219,0.0,0.0,1.0,0.0,0.3064944,1.0,0.0,1.0521899819374085,1007
977,10.000000000000007,unknown,False,Major road,2,KP-AJK,11,0.6213609,0.8951029,0.0,0.0,0.0,0.801655,0.0,0.0,1.0,0.0,0.24937315,1.0,0.0,1.1516549944877625,1008
976,10.000000000000005,unknown,False,Major road,2,KP-AJK,11,0.29369277,0.69590217,0.0,0.0,0.0,0.5007424,0.0,0.0,0.8181818181818182,0.0,0.34480307,1.0,0.0,0.805287830396132,1009
1009,9.999999999999984,unknown,False,Major road,2,KP-AJK,10,0.7732738,0.91940707,0.0,0.0,0.0,0.9609443,0.0,0.0,1.0,0.0,0.2750431,1.0,0.0,1.3109442949295045,1010
1008,10.000000000000046,unknown,False,Major road,2,KP-AJK,11,0.75816613,0.94355255,0.0,0.0,0.0,0.8834175,0.0,0.0,1.0,0.0,0.23260479,1.0,0.0,1.2334174871444703,1011
1007,10.000000000000004,unknown,False,Major road,2,KP-AJK,11,0.78648114,0.94610095,0.0,0.0,0.0,0.9405972,0.0,0.0,1.0,0.0,0.2779151,1.0,0.0,1.290597176551819,1012
1006,9.999999999999996,unknown,False,Major road,2,KP-AJK,10,0.80091316,0.9748547,0.0,0.0,0.0,0.9072331,0.0,0.0,1.0,0.0,0.14319928,1.0,0.0,1.2572331190109254,1013
1005,10.00000000000001,unknown,False,Major road,2,KP-AJK,11,0.9401731,0.9856911,0.0,0.0,0.0,0.98604333,0.0,0.0,1.0,0.0,0.07450003,1.0,0.0,1.3360433340072633,1014
1004,9.999999999999993,unknown,False,Major road,2,KP-AJK,10,0.9024202,0.98855937,0.0,0.0,0.0,0.97092533,0.0,0.0,1.0,0.0,0.102957845,1.0,0.0,1.3209253311157227,1015
1003,3.5157736792500347,unknown,False,Major road,2,KP-AJK,5,0.8141243,0.8893625,0.0,0.0,0.0,0.97484314,0.0,0.0,1.0,0.0,0.34789276,1.0,0.0,1.3248431444168092,1016
1002,10.000000000000028,unknown,False,Major road,2,KP-AJK,11,0.60733926,0.8893625,0.0,0.0,0.0,0.8113848,0.0,0.0,1.0,0.0,0.28540453,1.0,0.0,1.1613847970962525,1017
1001,10.000000000000002,unknown,False,Major road,2,KP-AJK,11,0.47306195,0.7519684,0.0,0.0,0.0,0.6758707,0.0,0.0,1.0,0.0,0.2731571,1.0,0.0,1.025870716571808,1018
1000,9.999999999999988,unknown,False,Major road,2,KP-AJK,10,0.59153706,0.9561476,0.0,0.0,0.0,0.8005684,0.0,0.0,1.0,0.0,0.3236107,1.0,0.0,1.1505684018135072,1019
999,10.000000000000021,unknown,False,Major road,2,KP-AJK,11,0.345149,0.5983395,0.0,0.0,0.0,0.60171336,0.0,0.0,1.0,0.0,0.34555888,1.0,0.0,0.9517133593559265,1020
998,10.000000000000014,unknown,False,Major road,2,KP-AJK,11,0.38872233,0.60515404,0.0,0.0,0.0,0.6274892,0.0,0.0,1.0,0.0,0.32158792,1.0,0.0,0.9774892091751098,1021
997,10.000000000000004,unknown,False,Major road,2,KP-AJK,11,0.49378178,0.9727883,0.0,0.0,0.0,0.6756454,0.0,0.0,1.0,0.0,0.2640663,1.0,0.0,1.025645411014557,1022
996,10.000000000000007,unknown,False,Major road,2,KP-AJK,11,0.6723271,0.98627836,0.0,0.0,0.0,0.79533255,0.0,0.0,1.0,0.0,0.16733387,1.0,0.0,1.1453325510025025,1023
995,9.999999999999998,unknown,False,Major road,2,KP-AJK,10,0.68244344,0.8718952,0.0,0.0,0.0,0.83862114,0.0,0.0,1.0,0.0,0.21523793,1.0,0.0,1.1886211395263673,1024
994,10.0,unknown,False,Major road,2,KP-AJK,11,0.33476204,0.5188069,0.0,0.0,0.0,0.53773355,0.0,0.0,1.0,0.0,0.27337626,1.0,0.0,0.8877335548400879,1025
1028,9.999999999999996,M1,False,Highway,1,KP-AJK,10,0.12470953,0.15610781,0.0,0.0,0.0,0.18910185,0.0,0.0,0.5,0.0,0.16708395,1.0,0.0,0.4141018450260162,1026
1027,10.000000000000005,M1,False,Highway,1,KP-AJK,11,0.096185185,0.15610781,0.0,0.0,0.0,0.12944059,0.0,0.0,0.2727272727272727,0.0,0.14614572,1.0,0.0,0.2976224089210684,1027
1026,10.000000000000009,M1,False,Highway,1,KP-AJK,11,0.0607507,0.15111992,0.0,0.0,0.0,0.0698108,0.0,0.0,0.09090909090909091,0.0,0.13967173,1.0,0.0,0.19253807298161768,1028
1025,9.999999999999996,M1,False,Highway,1,KP-AJK,10,0.07196948,0.10897635,0.0,0.0,0.0,0.07196948,0.0,0.0,0.0,0.0,0.114894666,1.0,0.0,0.17196947932243348,1029
1024,10.0,M1,False,Highway,1,KP-AJK,11,0.11052392,0.18850578,0.0,0.0,0.0,0.12211477,0.0,0.0,0.18181818181818182,0.0,0.08290201,1.0,0.0,0.26756931556896735,1030
1023,5.696012888522664,M1,False,Highway,1,KP-AJK,7,0.09606874,0.14270528,0.0,0.0,0.0,0.1011899,0.0,0.0,0.14285714285714285,0.0,0.07429523,1.0,0.0,0.23690418217863354,1031
1022,10.000000000000007,M1,False,Highway,1,KP-AJK,11,0.18449496,0.31892702,0.0,0.0,0.0,0.2880779,0.0,0.0,0.7272727272727273,0.0,0.15899578,1.0,0.0,0.5698960726911372,1032
1021,1.1983147628597224,unknown,False,Major road,2,KP-AJK,3,0.27983654,0.5318261,0.0,0.0,0.0,0.34443942,0.0,0.0,0.6666666666666666,0.0,0.119380824,1.0,0.0,0.6111060837904612,1033
1020,9.999999999999995,unknown,False,Major road,2,KP-AJK,10,0.10696387,0.22689103,0.0,0.0,0.0,0.14224586,0.0,0.0,0.3,0.0,0.11092623,1.0,0.0,0.31724585890769963,1034
1019,9.999999999999998,unknown,False,Major road,2,KP-AJK,10,0.13335118,0.27178764,0.0,0.0,0.0,0.2090123,0.0,0.0,0.5,0.0,0.17771256,1.0,0.0,0.43401229977607725,1035
1016,9.999999999999973,N5,False,Highway,1,KP-AJK,10,0.98080796,0.9917124,0.0,0.0,0.0,0.99817026,0.0,0.0,1.0,0.0,0.06743844,1.0,0.0,1.3481702566146851,1036
1014,7.235928344740656,unknown,False,Major road,2,KP-AJK,10,0.62028146,0.92379344,0.0,0.0,0.0,0.8213068,0.0,0.0,1.0,0.0,0.36457098,1.0,0.0,1.1713068246841432,1037
1013,7.417976885227783,unknown,False,Major road,2,KP-AJK,9,0.48730808,0.7573346,0.0,0.0,0.0,0.7194835,0.0,0.0,1.0,0.0,0.31271008,1.0,0.0,1.069483494758606,1038
1012,10.000000000000032,unknown,False,Major road,2,KP-AJK,11,0.37081507,0.5882623,0.0,0.0,0.0,0.59801745,0.0,0.0,1.0,0.0,0.306012,1.0,0.0,0.9480174541473388,1039
1011,9.999999999999988,unknown,False,Major road,2,KP-AJK,10,0.36594945,0.5109593,0.0,0.0,0.0,0.6016587,0.0,0.0,1.0,0.0,0.31746978,1.0,0.0,0.9516587018966675,1040
1010,10.000000000000018,unknown,False,Major road,2,KP-AJK,11,0.62312776,0.7931198,0.0,0.0,0.0,0.85323244,0.0,0.0,1.0,0.0,0.32207957,1.0,0.0,1.2032324433326722,1041
1044,10.000000000000005,N45,False,Major road,2,KP-AJK,11,0.20245251,0.35137823,0.0,0.0,0.0,0.3551895,0.0,0.0,0.9090909090909091,0.0,0.2147605,1.0,0.0,0.6824622295119546,1042
1043,1.0319188378817628,N95,False,Major road,2,KP-AJK,3,0.57424253,0.8603535,0.0,0.0,0.0,0.75149506,0.0,0.0,1.0,0.0,0.29757142,1.0,0.0,1.1014950633049012,1043
1042,10.000000000000043,N95,False,Major road,2,KP-AJK,11,0.5542781,0.9635086,0.0,0.0,0.0,0.74340254,0.0,0.0,1.0,0.0,0.269954,1.0,0.0,1.0934025406837464,1044
1041,9.999999999999982,N95,False,Major road,2,KP-AJK,10,0.77964705,0.9809649,0.0,0.0,0.0,0.89314765,0.0,0.0,1.0,0.0,0.17113458,1.0,0.0,1.243147647380829,1045
1040,9.999999999999982,N95,False,Major road,2,KP-AJK,10,0.8266853,0.9794209,0.0,0.0,0.0,0.91101885,0.0,0.0,1.0,0.0,0.11698387,1.0,0.0,1.2610188484191895,1046
1039,9.999999999999988,N95,False,Major road,2,KP-AJK,10,0.80734,0.9852429,0.0,0.0,0.0,0.87426394,0.0,0.0,1.0,0.0,0.090137795,1.0,0.0,1.2242639422416688,1047
1038,10.000000000000012,N95,False,Major road,2,KP-AJK,11,0.6163628,0.98669046,0.0,0.0,0.0,0.7287958,0.0,0.0,1.0,0.0,0.1531294,1.0,0.0,1.0787958264350892,1048
1037,10.000000000000005,N95,False,Major road,2,KP-AJK,11,0.41942894,0.95704126,0.0,0.0,0.0,0.5533491,0.0,0.0,0.9090909090909091,0.0,0.20155816,1.0,0.0,0.8806218049742959,1049
1036,3.9150596960553976,unknown,False,Major road,2,KP-AJK,5,0.15344799,0.19155192,0.0,0.0,0.0,0.26404923,0.0,0.0,0.6,0.0,0.18895867,1.0,0.0,0.514049232006073,1050
1035,9.99999999999998,unknown,False,Major road,2,KP-AJK,10,0.12171968,0.18035074,0.0,0.0,0.0,0.16214104,0.0,0.0,0.4,0.0,0.12296648,1.0,0.0,0.3621410399675369,1051
1034,10.000000000000014,unknown,False,Major road,2,KP-AJK,11,0.11107717,0.17880315,0.0,0.0,0.0,0.1607119,0.0,0.0,0.2727272727272727,0.0,0.17371295,1.0,0.0,0.3288937175815756,1052
1033,10.000000000000007,unknown,False,Major road,2,KP-AJK,11,0.12220542,0.22877611,0.0,0.0,0.0,0.19542404,0.0,0.0,0.36363636363636365,0.0,0.16720279,1.0,0.0,0.38633312610062687,1053
1032,9.999999999999996,unknown,False,Major road,2,KP-AJK,10,0.12811843,0.26486322,0.0,0.0,0.0,0.1972636,0.0,0.0,0.5,0.0,0.15495731,1.0,0.0,0.4222635984420776,1054
1031,9.999999999999998,unknown,False,Major road,2,KP-AJK,10,0.14245632,0.17760135,0.0,0.0,0.0,0.22980669,0.0,0.0,0.7,0.0,0.17529432,1.0,0.0,0.5048066914081574,1055
1030,6.3591481942203885,M1,False,Highway,1,KP-AJK,9,0.1199073,0.15703976,0.0,0.0,0.0,0.1858967,0.0,0.0,0.4444444444444444,0.0,0.18804115,1.0,0.0,0.3970078057712979,1056
1029,9.999999999999977,M1,False,Highway,1,KP-AJK,10,0.083043516,0.10681153,0.0,0.0,0.0,0.083043516,0.0,0.0,0.0,0.0,0.14501217,1.0,0.0,0.18304351568222046,1057
1060,9.999999999999993,N45,False,Major road,2,KP-AJK,10,0.97551376,0.98699063,0.0,0.0,0.0,1.0,0.0,0.0,1.0,0.0,0.06724969,1.0,0.0,1.35,1058
1059,9.999999999999936,N45,False,Major road,2,KP-AJK,10,0.9649722,0.9910572,0.0,0.0,0.0,0.9997242,0.0,0.0,1.0,0.0,0.106399536,1.0,0.0,1.3497242093086244,1059
1058,10.000000000000036,N45,False,Major road,2,KP-AJK,11,0.9831429,0.98922443,0.0,0.0,0.0,0.9988693,0.0,0.0,1.0,0.0,0.029055672,1.0,0.0,1.348869299888611,1060
1057,10.0,N45,False,Major road,2,KP-AJK,11,0.97034186,0.9864804,0.0,0.0,0.0,0.995877,0.0,0.0,1.0,0.0,0.059001602,1.0,0.0,1.3458770275115968,1061
1056,9.9999999999999,N45,False,Major road,2,KP-AJK,10,0.9595264,0.9891423,0.0,0.0,0.0,0.99687445,0.0,0.0,1.0,0.0,0.08158541,1.0,0.0,1.3468744516372682,1062
1055,9.99999999999997,N45,False,Major road,2,KP-AJK,10,0.91371095,0.9691202,0.0,0.0,0.0,0.9935751,0.0,0.0,1.0,0.0,0.23963289,1.0,0.0,1.3435750961303712,1063
1054,10.000000000000025,N45,False,Major road,2,KP-AJK,11,0.685639,0.9645269,0.0,0.0,0.0,0.86806655,0.0,0.0,1.0,0.0,0.35298443,1.0,0.0,1.2180665493011475,1064
1053,9.999999999999972,N45,False,Major road,2,KP-AJK,10,0.5298382,0.9364433,0.0,0.0,0.0,0.73108613,0.0,0.0,1.0,0.0,0.2767454,1.0,0.0,1.0810861349105836,1065
1052,10.000000000000012,N45,False,Major road,2,KP-AJK,11,0.4455079,0.90419644,0.0,0.0,0.0,0.6102509,0.0,0.0,1.0,0.0,0.23463707,1.0,0.0,0.9602508902549743,1066
1051,10.000000000000002,N45,False,Major road,2,KP-AJK,11,0.8210079,0.9889253,0.0,0.0,0.0,0.8983312,0.0,0.0,1.0,0.0,0.14795493,1.0,0.0,1.2483312249183656,1067
1050,9.999999999999984,N45,False,Major road,2,KP-AJK,10,0.64287937,0.99084705,0.0,0.0,0.0,0.72741073,0.0,0.0,1.0,0.0,0.1420048,1.0,0.0,1.0774107336997987,1068
1049,9.999999999999996,N45,False,Major road,2,KP-AJK,10,0.18268271,0.2980716,0.0,0.0,0.0,0.3265981,0.0,0.0,0.7,0.0,0.22438471,1.0,0.0,0.6015981078147888,1069
1048,10.000000000000025,N45,False,Major road,2,KP-AJK,11,0.19120313,0.27259508,0.0,0.0,0.0,0.33196697,0.0,0.0,0.9090909090909091,0.0,0.21679807,1.0,0.0,0.659239693663337,1070
1047,10.000000000000005,N45,False,Major road,2,KP-AJK,11,0.16054349,0.3254248,0.0,0.0,0.0,0.24684323,0.0,0.0,0.6363636363636364,0.0,0.14878012,1.0,0.0,0.505934142795476,1071
1046,9.999999999999979,N45,False,Major road,2,KP-AJK,10,0.1836535,0.35237885,0.0,0.0,0.0,0.25824577,0.0,0.0,0.8,0.0,0.117992856,1.0,0.0,0.5582457661628724,1072
1045,9.999999999999998,N45,False,Major road,2,KP-AJK,10,0.15583885,0.29912695,0.0,0.0,0.0,0.2297802,0.0,0.0,0.6,0.0,0.15653759,1.0,0.0,0.4797801971435547,1073
196,9.99999999999996,N55,False,Highway,1,Punjab-Sindh lowland corridor,10,0.058413178,0.2056575,0.0,0.0,0.0,0.068721674,0.0,0.0,0.1,0.0,0.06869887,1.0,0.0,0.19372167438268661,1074
195,10.000000000000032,N55,False,Highway,1,Punjab-Sindh lowland corridor,11,0.03582063,0.043802984,0.0,0.0,0.0,0.03582063,0.0,0.0,0.0,0.0,0.04759961,1.0,0.0,0.1358206294476986,1075
194,9.999999999999956,N55,False,Highway,1,Punjab-Sindh lowland corridor,10,0.03797031,0.052295133,0.0,0.0,0.0,0.03797031,0.0,0.0,0.0,0.0,0.06949395,1.0,0.0,0.13797030821442605,1076
193,10.00000000000001,N55,False,Highway,1,Punjab-Sindh lowland corridor,11,0.061231896,0.16823007,0.0,0.0,0.0,0.08408657,0.0,0.0,0.18181818181818182,0.0,0.07657387,1.0,0.0,0.22954111261801288,1077
192,10.000000000000027,N55,False,Highway,1,Punjab-Sindh lowland corridor,11,0.18665479,0.5009313,0.0,0.0,0.0,0.24144292,0.0,0.0,0.5454545454545454,0.0,0.105511144,1.0,0.0,0.47780655514110215,1078
191,9.999999999999904,N55,False,Highway,1,Punjab-Sindh lowland corridor,10,0.04571306,0.08349077,0.0,0.0,0.0,0.04571306,0.0,0.0,0.0,0.0,0.077554114,1.0,0.0,0.14571305960416794,1079
189,9.999999999999972,N55,False,Highway,1,Punjab-Sindh lowland corridor,10,0.07647884,0.16543974,0.0,0.0,0.0,0.0960307,0.0,0.0,0.1,0.0,0.14624625,1.0,0.0,0.22103069722652435,1080
188,10.00000000000002,N55,False,Highway,1,Punjab-Sindh lowland corridor,11,0.05727221,0.117668375,0.0,0.0,0.0,0.05727221,0.0,0.0,0.0,0.0,0.12314436,1.0,0.0,0.15727221071720124,1081
187,9.999999999999972,N55,False,Highway,1,Punjab-Sindh lowland corridor,10,0.06635104,0.14705318,0.0,0.0,0.0,0.07252796,0.0,0.0,0.1,0.0,0.075162895,1.0,0.0,0.1975279599428177,1082
186,10.000000000000002,N55,False,Highway,1,Punjab-Sindh lowland corridor,11,0.052189805,0.09635756,0.0,0.0,0.0,0.052189805,0.0,0.0,0.0,0.0,0.06413825,1.0,0.0,0.15218980461359025,1083
185,10.00000000000002,N55,False,Highway,1,Punjab-Sindh lowland corridor,11,0.06774544,0.17721666,0.0,0.0,0.0,0.0820929,0.0,0.0,0.09090909090909091,0.0,0.07189426,1.0,0.0,0.20482017628171229,1084
184,10.00000000000001,N55,False,Highway,1,Punjab-Sindh lowland corridor,11,0.05743523,0.143487,0.0,0.0,0.0,0.060968675,0.0,0.0,0.09090909090909091,0.0,0.08449692,1.0,0.0,0.1836959474466064,1085
183,9.999999999999998,N55,False,Highway,1,Punjab-Sindh lowland corridor,10,0.09393483,0.19529606,0.0,0.0,0.0,0.12843919,0.0,0.0,0.3,0.0,0.113974825,1.0,0.0,0.3034391880035401,1086
182,9.999999999999986,N55,False,Highway,1,Punjab-Sindh lowland corridor,10,0.09566065,0.26094732,0.0,0.0,0.0,0.1303548,0.0,0.0,0.2,0.0,0.104688585,1.0,0.0,0.28035480678081515,1087
181,10.000000000000002,N55,False,Highway,1,Punjab-Sindh lowland corridor,11,0.060886685,0.14177494,0.0,0.0,0.0,0.07751453,0.0,0.0,0.09090909090909091,0.0,0.10299242,1.0,0.0,0.2002418019554832,1088
1083,10.000000000000021,N70,False,Major road,2,Punjab-Sindh lowland corridor,11,0.075528495,0.13558045,0.0,0.0,0.0,0.093380526,0.0,0.0,0.09090909090909091,0.0,0.07480055,1.0,0.0,0.2161077984354713,1089
1082,5.7750419924438,unknown,False,Major road,2,Punjab-Sindh lowland corridor,7,0.15886173,0.34509015,0.0,0.0,0.0,0.20352186,0.0,0.0,0.42857142857142855,0.0,0.08732502,1.0,0.0,0.41066471976893293,1090
1081,9.999999999999984,unknown,False,Major road,2,Punjab-Sindh lowland corridor,10,0.053752135,0.080008924,0.0,0.0,0.0,0.053752135,0.0,0.0,0.0,0.0,0.035417296,1.0,0.0,0.1537521354854107,1091
1080,9.999999999999996,unknown,False,Major road,2,Punjab-Sindh lowland corridor,10,0.070044264,0.15794553,0.0,0.0,0.0,0.07301511,0.0,0.0,0.1,0.0,0.042478446,1.0,0.0,0.19801510870456696,1092
1078,10.00000000000001,unknown,False,Major road,2,Punjab-Sindh lowland corridor,11,0.068692945,0.15317218,0.0,0.0,0.0,0.077744536,0.0,0.0,0.18181818181818182,0.0,0.047220252,1.0,0.0,0.22319908155636353,1093
1077,9.999999999999973,unknown,False,Major road,2,Punjab-Sindh lowland corridor,10,0.056130785,0.121023215,0.0,0.0,0.0,0.056130785,0.0,0.0,0.0,0.0,0.028241375,1.0,0.0,0.1561307854950428,1094
1076,10.00000000000001,unknown,False,Major road,2,Punjab-Sindh lowland corridor,11,0.051922683,0.09845625,0.0,0.0,0.0,0.051922683,0.0,0.0,0.0,0.0,0.024854712,1.0,0.0,0.15192268267273903,1095
1075,10.0,unknown,False,Major road,2,Punjab-Sindh lowland corridor,11,0.048590448,0.09845625,0.0,0.0,0.0,0.048590448,0.0,0.0,0.0,0.0,0.020947786,1.0,0.0,0.14859044775366784,1096
1074,9.99999999999998,unknown,False,Major road,2,Punjab-Sindh lowland corridor,10,0.057437964,0.08972651,0.0,0.0,0.0,0.057437964,0.0,0.0,0.0,0.0,0.044778876,1.0,0.0,0.157437963783741,1097
1073,10.000000000000004,unknown,False,Major road,2,Punjab-Sindh lowland corridor,11,0.0575876,0.079631895,0.0,0.0,0.0,0.0575876,0.0,0.0,0.0,0.0,0.050603736,1.0,0.0,0.15758760124444962,1098
1071,10.000000000000002,unknown,False,Major road,2,Punjab-Sindh lowland corridor,11,0.064050905,0.120489754,0.0,0.0,0.0,0.064050905,0.0,0.0,0.0,0.0,0.046129216,1.0,0.0,0.16405090540647507,1099
1070,9.999999999999995,unknown,False,Major road,2,Punjab-Sindh lowland corridor,10,0.13683572,0.36847737,0.0,0.0,0.0,0.15687427,0.0,0.0,0.3,0.0,0.07941358,1.0,0.0,0.3318742692470551,1100
1069,3.0848956123807576,N45,False,Major road,2,KP-AJK,5,0.9836365,0.9878594,0.0,0.0,0.0,0.9986161,0.0,0.0,1.0,0.0,0.025305858,1.0,0.0,1.348616099357605,1101
1062,10.00000000000002,N45,False,Major road,2,KP-AJK,11,0.8341076,0.95548797,0.0,0.0,0.0,0.9895929,0.0,0.0,1.0,0.0,0.37285158,1.0,0.0,1.3395929098129273,1102
1099,9.99999999999998,unknown,False,Major road,2,Punjab-Sindh lowland corridor,10,0.0742142,0.106021635,0.0,0.0,0.0,0.0742142,0.0,0.0,0.0,0.0,0.07735978,1.0,0.0,0.17421419769525529,1103
1098,10.000000000000014,unknown,False,Major road,2,Punjab-Sindh lowland corridor,11,0.06929822,0.11186538,0.0,0.0,0.0,0.06929822,0.0,0.0,0.0,0.0,0.08145148,1.0,0.0,0.16929822266101838,1104
1096,9.999999999999984,N5,False,Highway,1,Punjab-Sindh lowland corridor,10,0.055683076,0.08942528,0.0,0.0,0.0,0.055683076,0.0,0.0,0.0,0.0,0.045093007,1.0,0.0,0.15568307638168336,1105
1095,9.999999999999993,N5,False,Highway,1,Punjab-Sindh lowland corridor,10,0.05070088,0.081714734,0.0,0.0,0.0,0.05070088,0.0,0.0,0.0,0.0,0.04129085,1.0,0.0,0.150700880587101,1106
1094,10.000000000000004,N5,False,Highway,1,Punjab-Sindh lowland corridor,11,0.044562206,0.07741489,0.0,0.0,0.0,0.044562206,0.0,0.0,0.0,0.0,0.04125444,1.0,0.0,0.1445622056722641,1107
1093,9.99999999999999,N5,False,Highway,1,Punjab-Sindh lowland corridor,10,0.07255483,0.141746,0.0,0.0,0.0,0.07573942,0.0,0.0,0.1,0.0,0.03485777,1.0,0.0,0.20073942095041275,1108
1092,10.000000000000016,N5,False,Highway,1,Punjab-Sindh lowland corridor,11,0.066710606,0.09621825,0.0,0.0,0.0,0.066710606,0.0,0.0,0.0,0.0,0.05611281,1.0,0.0,0.16671060621738434,1109
1091,9.999999999999998,N5,False,Highway,1,Punjab-Sindh lowland corridor,10,0.065981075,0.089309655,0.0,0.0,0.0,0.065981075,0.0,0.0,0.0,0.0,0.037797295,1.0,0.0,0.16598107516765595,1110
1090,10.000000000000004,N5,False,Highway,1,Punjab-Sindh lowland corridor,11,0.062470432,0.09614308,0.0,0.0,0.0,0.062470432,0.0,0.0,0.0,0.0,0.029055161,1.0,0.0,0.1624704323709011,1111
1089,9.999999999999993,N5,False,Highway,1,Punjab-Sindh lowland corridor,10,0.06664057,0.08911058,0.0,0.0,0.0,0.06664057,0.0,0.0,0.0,0.0,0.043299355,1.0,0.0,0.16664057075977326,1112
1088,10.000000000000016,N5,False,Highway,1,Punjab-Sindh lowland corridor,11,0.06531206,0.11453994,0.0,0.0,0.0,0.06531206,0.0,0.0,0.0,0.0,0.03580936,1.0,0.0,0.16531205773353577,1113
1087,9.999999999999982,N5,False,Highway,1,Punjab-Sindh lowland corridor,10,0.07961573,0.11099115,0.0,0.0,0.0,0.07961573,0.0,0.0,0.0,0.0,0.034005214,1.0,0.0,0.17961572706699372,1114
1086,10.000000000000007,N5,False,Highway,1,Punjab-Sindh lowland corridor,11,0.070085056,0.10395159,0.0,0.0,0.0,0.070085056,0.0,0.0,0.0,0.0,0.033781398,1.0,0.0,0.1700850561261177,1115
1085,6.680979384201125,N70,False,Major road,2,Punjab-Sindh lowland corridor,9,0.25857618,0.6878661,0.0,0.0,0.0,0.31372464,0.0,0.0,0.7777777777777778,0.0,0.084961265,1.0,0.0,0.6081690814759996,1116
1084,9.999999999999977,N70,False,Major road,2,Punjab-Sindh lowland corridor,10,0.124095716,0.18038435,0.0,0.0,0.0,0.15464933,0.0,0.0,0.5,0.0,0.071327396,1.0,0.0,0.37964933216571806,1117
1115,10.000000000000005,unknown,False,Major road,2,Punjab-Sindh lowland corridor,11,0.0663651,0.094250016,0.0,0.0,0.0,0.0663651,0.0,0.0,0.0,0.0,0.07426643,1.0,0.0,0.1663651004433632,1118
1114,10.000000000000009,unknown,False,Major road,2,Punjab-Sindh lowland corridor,11,0.07986682,0.14452021,0.0,0.0,0.0,0.08558645,0.0,0.0,0.09090909090909091,0.0,0.09339201,1.0,0.0,0.20831372372128748,1119
1113,9.999999999999991,unknown,False,Major road,2,Punjab-Sindh lowland corridor,10,0.07702346,0.15168422,0.0,0.0,0.0,0.09798249,0.0,0.0,0.1,0.0,0.08974631,1.0,0.0,0.2229824885725975,1120
1111,10.000000000000004,unknown,False,Major road,2,Punjab-Sindh lowland corridor,11,0.06484217,0.089578055,0.0,0.0,0.0,0.06484217,0.0,0.0,0.0,0.0,0.06811036,1.0,0.0,0.16484217196702958,1121
1109,10.000000000000004,unknown,False,Major road,2,Punjab-Sindh lowland corridor,11,0.09960478,0.19002378,0.0,0.0,0.0,0.10851372,0.0,0.0,0.18181818181818182,0.0,0.081094354,1.0,0.0,0.2539682657881217,1122
1108,2.515581421982866,unknown,False,Major road,2,Punjab-Sindh lowland corridor,5,0.09121386,0.29745865,0.0,0.0,0.0,0.1308731,0.0,0.0,0.2,0.0,0.088111684,1.0,0.0,0.28087309896945956,1123
1107,10.0,unknown,False,Major road,2,Punjab-Sindh lowland corridor,11,0.035435893,0.05872119,0.0,0.0,0.0,0.035435893,0.0,0.0,0.0,0.0,0.03980437,1.0,0.0,0.13543589264154435,1124
1106,9.999999999999991,unknown,False,Major road,2,Punjab-Sindh lowland corridor,10,0.040440395,0.08127198,0.0,0.0,0.0,0.040440395,0.0,0.0,0.0,0.0,0.05088182,1.0,0.0,0.1404403954744339,1125
1105,9.999999999999993,unknown,False,Major road,2,Punjab-Sindh lowland corridor,10,0.037453152,0.07408651,0.0,0.0,0.0,0.037453152,0.0,0.0,0.0,0.0,0.02784441,1.0,0.0,0.13745315223932267,1126
1104,10.00000000000001,unknown,False,Major road,2,Punjab-Sindh lowland corridor,11,0.040815298,0.07834464,0.0,0.0,0.0,0.040815298,0.0,0.0,0.0,0.0,0.05301137,1.0,0.0,0.14081529751420022,1127
1103,9.999999999999995,unknown,False,Major road,2,Punjab-Sindh lowland corridor,10,0.08019552,0.12769245,0.0,0.0,0.0,0.10496843,0.0,0.0,0.1,0.0,0.10382386,1.0,0.0,0.22996842861175537,1128
1102,10.000000000000002,unknown,False,Major road,2,Punjab-Sindh lowland corridor,11,0.15114655,0.31172594,0.0,0.0,0.0,0.24344473,0.0,0.0,0.36363636363636365,0.0,0.25070542,1.0,0.0,0.43435381678017704,1129
1101,10.000000000000007,unknown,False,Major road,2,Punjab-Sindh lowland corridor,11,0.12290668,0.31172594,0.0,0.0,0.0,0.17417811,0.0,0.0,0.2727272727272727,0.0,0.16612227,1.0,0.0,0.3423599267547781,1130
1100,10.000000000000009,unknown,False,Major road,2,Punjab-Sindh lowland corridor,11,0.11875627,0.2678184,0.0,0.0,0.0,0.17094925,0.0,0.0,0.2727272727272727,0.0,0.15807432,1.0,0.0,0.33913106864148923,1131
1131,10.000000000000005,unknown,False,Major road,2,Punjab-Sindh lowland corridor,11,0.12229993,0.42046613,0.0,0.0,0.0,0.14706224,0.0,0.0,0.2727272727272727,0.0,0.08537826,1.0,0.0,0.3152440602129156,1132
1130,3.892300054147031,unknown,False,Major road,2,Punjab-Sindh lowland corridor,6,0.08506272,0.29745865,0.0,0.0,0.0,0.11811209,0.0,0.0,0.16666666666666666,0.0,0.0966509,1.0,0.0,0.2597787539164225,1133
1129,10.000000000000021,unknown,False,Major road,2,Punjab-Sindh lowland corridor,11,0.047190357,0.095774345,0.0,0.0,0.0,0.047190357,0.0,0.0,0.0,0.0,0.03095715,1.0,0.0,0.1471903569996357,1134
1128,10.000000000000002,unknown,False,Major road,2,Punjab-Sindh lowland corridor,11,0.035464678,0.047141526,0.0,0.0,0.0,0.035464678,0.0,0.0,0.0,0.0,0.06539342,1.0,0.0,0.13546467795968056,1135
1127,10.000000000000002,unknown,False,Major road,2,Punjab-Sindh lowland corridor,11,0.03826664,0.06855777,0.0,0.0,0.0,0.03826664,0.0,0.0,0.0,0.0,0.049908087,1.0,0.0,0.1382666401565075,1136
1126,9.99999999999999,unknown,False,Major road,2,Punjab-Sindh lowland corridor,10,0.071507365,0.14064361,0.0,0.0,0.0,0.074992836,0.0,0.0,0.1,0.0,0.07262747,1.0,0.0,0.199992835521698,1137
1125,2.6348387696836957,unknown,False,Major road,2,Punjab-Sindh lowland corridor,4,0.17155221,0.28600192,0.0,0.0,0.0,0.21351425,0.0,0.0,0.75,0.0,0.09051391,1.0,0.0,0.5010142534971237,1138
1124,9.999999999999993,unknown,False,Major road,2,Punjab-Sindh lowland corridor,10,0.05821696,0.097968295,0.0,0.0,0.0,0.05821696,0.0,0.0,0.0,0.0,0.06712808,1.0,0.0,0.15821695923805237,1139
1123,10.000000000000004,unknown,False,Major road,2,Punjab-Sindh lowland corridor,11,0.065355964,0.12161842,0.0,0.0,0.0,0.065355964,0.0,0.0,0.0,0.0,0.11180046,1.0,0.0,0.16535596400499344,1140
1122,9.999999999999998,unknown,False,Major road,2,Punjab-Sindh lowland corridor,10,0.09818803,0.12119748,0.0,0.0,0.0,0.09818803,0.0,0.0,0.0,0.0,0.13315403,1.0,0.0,0.19818802773952485,1141
1121,10.000000000000009,unknown,False,Major road,2,Punjab-Sindh lowland corridor,11,0.09257534,0.12808448,0.0,0.0,0.0,0.11207218,0.0,0.0,0.09090909090909091,0.0,0.13709757,1.0,0.0,0.23479944995858454,1142
1120,9.999999999999991,unknown,False,Major road,2,Punjab-Sindh lowland corridor,10,0.09331463,0.13030514,0.0,0.0,0.0,0.13438104,0.0,0.0,0.2,0.0,0.1705086,1.0,0.0,0.284381040930748,1143
1119,10.000000000000005,unknown,False,Major road,2,Punjab-Sindh lowland corridor,11,0.09511037,0.29745865,0.0,0.0,0.0,0.1492152,0.0,0.0,0.2727272727272727,0.0,0.12046389,1.0,0.0,0.3173970246856863,1144
1118,2.642606664281459,unknown,False,Major road,2,Punjab-Sindh lowland corridor,4,0.14490637,0.32210854,0.0,0.0,0.0,0.16171978,0.0,0.0,0.25,0.0,0.10945209,1.0,0.0,0.32421978414058683,1145
1117,10.000000000000012,unknown,False,Major road,2,Punjab-Sindh lowland corridor,11,0.089565285,0.14699845,0.0,0.0,0.0,0.10954676,0.0,0.0,0.09090909090909091,0.0,0.11713675,1.0,0.0,0.23227403096177363,1146
1116,10.000000000000002,unknown,False,Major road,2,Punjab-Sindh lowland corridor,11,0.058097277,0.13717619,0.0,0.0,0.0,0.06518234,0.0,0.0,0.09090909090909091,0.0,0.08086922,1.0,0.0,0.18790961585261606,1147
1147,10.000000000000007,unknown,False,Major road,2,Punjab-Sindh lowland corridor,11,0.0505841,0.106496386,0.0,0.0,0.0,0.0505841,0.0,0.0,0.0,0.0,0.022398522,1.0,0.0,0.1505841001868248,1148
1146,9.999999999999993,unknown,False,Major road,2,Punjab-Sindh lowland corridor,10,0.09320518,0.19491237,0.0,0.0,0.0,0.11840465,0.0,0.0,0.3,0.0,0.06936792,1.0,0.0,0.2934046491980553,1149
1145,8.40647420620666,unknown,False,Major road,2,Punjab-Sindh lowland corridor,11,0.07340632,0.14399302,0.0,0.0,0.0,0.09396756,0.0,0.0,0.09090909090909091,0.0,0.13222641,1.0,0.0,0.21669482968070292,1150
1144,10.000000000000004,unknown,False,Major road,2,Punjab-Sindh lowland corridor,11,0.1599781,0.4917572,0.0,0.0,0.0,0.21171065,0.0,0.0,0.36363636363636365,0.0,0.15217166,1.0,0.0,0.4026197376576337,1151
1143,2.7381694819089506,unknown,False,Major road,2,Punjab-Sindh lowland corridor,5,0.1228735,0.3124185,0.0,0.0,0.0,0.16367349,0.0,0.0,0.2,0.0,0.15052187,1.0,0.0,0.31367349028587344,1152
1142,9.999999999999986,unknown,False,Major road,2,Punjab-Sindh lowland corridor,10,0.07514109,0.11825379,0.0,0.0,0.0,0.07514109,0.0,0.0,0.0,0.0,0.14528987,1.0,0.0,0.1751410871744156,1153
1141,10.000000000000002,unknown,False,Major road,2,Punjab-Sindh lowland corridor,11,0.08590447,0.10972894,0.0,0.0,0.0,0.08590447,0.0,0.0,0.0,0.0,0.13177736,1.0,0.0,0.18590447157621384,1154
1140,9.999999999999986,unknown,False,Major road,2,Punjab-Sindh lowland corridor,10,0.1039832,0.20294017,0.0,0.0,0.0,0.13756481,0.0,0.0,0.2,0.0,0.15720119,1.0,0.0,0.2875648081302643,1155
1139,9.999999999999995,unknown,False,Major road,2,Punjab-Sindh lowland corridor,10,0.08812783,0.12243328,0.0,0.0,0.0,0.08812783,0.0,0.0,0.0,0.0,0.16277774,1.0,0.0,0.18812782913446427,1156
1138,9.999999999999998,unknown,False,Major road,2,Punjab-Sindh lowland corridor,10,0.09064493,0.18205802,0.0,0.0,0.0,0.11509012,0.0,0.0,0.1,0.0,0.16571689,1.0,0.0,0.24009011685848236,1157
1137,10.000000000000009,unknown,False,Major road,2,Punjab-Sindh lowland corridor,11,0.07825858,0.12244044,0.0,0.0,0.0,0.07825858,0.0,0.0,0.0,0.0,0.18160431,1.0,0.0,0.17825858145952225,1158
1136,9.999999999999984,unknown,False,Major road,2,Punjab-Sindh lowland corridor,10,0.091495395,0.12343962,0.0,0.0,0.0,0.091495395,0.0,0.0,0.0,0.0,0.1802127,1.0,0.0,0.19149539470672608,1159
1135,9.999999999999996,unknown,False,Major road,2,Punjab-Sindh lowland corridor,10,0.09600307,0.12362418,0.0,0.0,0.0,0.09600307,0.0,0.0,0.0,0.0,0.13549447,1.0,0.0,0.19600307047367097,1160
1134,10.000000000000016,unknown,False,Major road,2,Punjab-Sindh lowland corridor,11,0.082935244,0.2739058,0.0,0.0,0.0,0.10506963,0.0,0.0,0.18181818181818182,0.0,0.082091324,1.0,0.0,0.2505241753025489,1161
1133,3.4576711011784274,unknown,False,Major road,2,Punjab-Sindh lowland corridor,6,0.0959489,0.15199314,0.0,0.0,0.0,0.12208287,0.0,0.0,0.3333333333333333,0.0,0.07168961,1.0,0.0,0.30541620006163916,1162
1132,10.000000000000007,unknown,False,Major road,2,Punjab-Sindh lowland corridor,11,0.055759754,0.099195324,0.0,0.0,0.0,0.055759754,0.0,0.0,0.0,0.0,0.06141548,1.0,0.0,0.1557597540318966,1163
1163,3.559199447075083,unknown,False,Major road,2,Punjab-Sindh lowland corridor,6,0.054848332,0.108572625,0.0,0.0,0.0,0.054848332,0.0,0.0,0.0,0.0,0.02230581,1.0,0.0,0.1548483319580555,1164
1162,10.000000000000005,unknown,False,Major road,2,Punjab-Sindh lowland corridor,11,0.04208324,0.06694141,0.0,0.0,0.0,0.04208324,0.0,0.0,0.0,0.0,0.03588077,1.0,0.0,0.142083241045475,1165
1161,10.000000000000002,unknown,False,Major road,2,Punjab-Sindh lowland corridor,11,0.060523633,0.0856486,0.0,0.0,0.0,0.060523633,0.0,0.0,0.0,0.0,0.04134775,1.0,0.0,0.1605236329138279,1166
1160,9.999999999999995,unknown,False,Major road,2,Punjab-Sindh lowland corridor,10,0.063158214,0.11078416,0.0,0.0,0.0,0.063158214,0.0,0.0,0.0,0.0,0.08423481,1.0,0.0,0.16315821409225464,1167
1159,10.000000000000007,unknown,False,Major road,2,Punjab-Sindh lowland corridor,11,0.056741938,0.10354685,0.0,0.0,0.0,0.056741938,0.0,0.0,0.0,0.0,0.03455368,1.0,0.0,0.15674193799495698,1168
1158,2.094446147456714,unknown,False,Major road,2,Punjab-Sindh lowland corridor,5,0.15983668,0.18214849,0.0,0.0,0.0,0.21255274,0.0,0.0,0.8,0.0,0.07987045,1.0,0.0,0.5125527411699295,1169
1157,10.000000000000005,unknown,False,Major road,2,Punjab-Sindh lowland corridor,11,0.0661016,0.120165214,0.0,0.0,0.0,0.0661016,0.0,0.0,0.0,0.0,0.05920976,1.0,0.0,0.1661016032099724,1170
1156,10.000000000000007,unknown,False,Major road,2,Punjab-Sindh lowland corridor,11,0.060299836,0.20135406,0.0,0.0,0.0,0.063817985,0.0,0.0,0.09090909090909091,0.0,0.12457477,1.0,0.0,0.18654525808312677,1171
1155,9.999999999999996,unknown,False,Major road,2,Punjab-Sindh lowland corridor,10,0.06436406,0.19946633,0.0,0.0,0.0,0.0790509,0.0,0.0,0.1,0.0,0.07168986,1.0,0.0,0.20405089855194092,1172
1154,9.99999999999999,unknown,False,Major road,2,Punjab-Sindh lowland corridor,10,0.08004311,0.20719528,0.0,0.0,0.0,0.113107584,0.0,0.0,0.2,0.0,0.088500716,1.0,0.0,0.2631075844168663,1173
1153,5.857853694751796,unknown,False,Major road,2,Punjab-Sindh lowland corridor,7,0.087913856,0.10729789,0.0,0.0,0.0,0.087913856,0.0,0.0,0.0,0.0,0.033602428,1.0,0.0,0.18791385591030121,1174
1152,10.000000000000014,unknown,False,Major road,2,Punjab-Sindh lowland corridor,11,0.06511905,0.11831615,0.0,0.0,0.0,0.06511905,0.0,0.0,0.0,0.0,0.05358342,1.0,0.0,0.16511905044317246,1175
1151,9.999999999999975,unknown,False,Major road,2,Punjab-Sindh lowland corridor,10,0.046854075,0.08239517,0.0,0.0,0.0,0.046854075,0.0,0.0,0.0,0.0,0.054227985,1.0,0.0,0.14685407504439354,1176
1150,10.000000000000005,unknown,False,Major road,2,Punjab-Sindh lowland corridor,11,0.06459271,0.10180277,0.0,0.0,0.0,0.06459271,0.0,0.0,0.0,0.0,0.0935725,1.0,0.0,0.16459271162748337,1177
1149,9.565404929120385,unknown,False,Major road,2,Punjab-Sindh lowland corridor,11,0.0631094,0.100594,0.0,0.0,0.0,0.0631094,0.0,0.0,0.0,0.0,0.056405816,1.0,0.0,0.1631093978881836,1178
1148,9.999999999999996,unknown,False,Major road,2,Punjab-Sindh lowland corridor,10,0.044169508,0.06451995,0.0,0.0,0.0,0.044169508,0.0,0.0,0.0,0.0,0.039624345,1.0,0.0,0.14416950792074204,1179
1179,8.786858903152863,unknown,False,Major road,2,Punjab-Sindh lowland corridor,10,0.13760439,0.25717908,0.0,0.0,0.0,0.21259284,0.0,0.0,0.4,0.0,0.16893217,1.0,0.0,0.4125928401947021,1180
1178,10.000000000000007,unknown,False,Major road,2,Punjab-Sindh lowland corridor,11,0.06632294,0.09843944,0.0,0.0,0.0,0.06632294,0.0,0.0,0.0,0.0,0.07398689,1.0,0.0,0.1663229376077652,1181
1177,10.000000000000007,unknown,False,Major road,2,Punjab-Sindh lowland corridor,11,0.055385806,0.08540799,0.0,0.0,0.0,0.055385806,0.0,0.0,0.0,0.0,0.05744623,1.0,0.0,0.1553858056664467,1182
1176,9.99999999999999,unknown,False,Major road,2,Punjab-Sindh lowland corridor,10,0.10115115,0.20227697,0.0,0.0,0.0,0.11694741,0.0,0.0,0.2,0.0,0.07843913,1.0,0.0,0.26694741249084475,1183
1175,9.999999999999995,unknown,False,Major road,2,Punjab-Sindh lowland corridor,10,0.06663854,0.10663186,0.0,0.0,0.0,0.06663854,0.0,0.0,0.0,0.0,0.047781434,1.0,0.0,0.1666385367512703,1184
1174,10.00000000000001,unknown,False,Major road,2,Punjab-Sindh lowland corridor,11,0.06494402,0.13736098,0.0,0.0,0.0,0.06673005,0.0,0.0,0.09090909090909091,0.0,0.039479572,1.0,0.0,0.18945732496001505,1185
1173,9.999999999999975,unknown,False,Major road,2,Punjab-Sindh lowland corridor,10,0.08405941,0.2288543,0.0,0.0,0.0,0.09061138,0.0,0.0,0.2,0.0,0.036678232,1.0,0.0,0.24061138331890106,1186
1172,10.00000000000003,unknown,False,Major road,2,Punjab-Sindh lowland corridor,11,0.064558126,0.15971902,0.0,0.0,0.0,0.07153955,0.0,0.0,0.18181818181818182,0.0,0.04292681,1.0,0.0,0.21699409647421403,1187
1171,9.999999999999973,unknown,False,Major road,2,Punjab-Sindh lowland corridor,10,0.060259122,0.14362013,0.0,0.0,0.0,0.06397124,0.0,0.0,0.1,0.0,0.049654923,1.0,0.0,0.18897123634815216,1188
1170,10.000000000000018,unknown,False,Major road,2,Punjab-Sindh lowland corridor,11,0.075532265,0.13520497,0.0,0.0,0.0,0.08717647,0.0,0.0,0.2727272727272727,0.0,0.037385765,1.0,0.0,0.25535829013044187,1189
1169,9.999999999999993,unknown,False,Major road,2,Punjab-Sindh lowland corridor,10,0.057498027,0.1305871,0.0,0.0,0.0,0.06583076,0.0,0.0,0.1,0.0,0.05081609,1.0,0.0,0.190830759704113,1190
1168,9.999999999999979,unknown,False,Major road,2,Punjab-Sindh lowland corridor,10,0.049059212,0.08400994,0.0,0.0,0.0,0.049059212,0.0,0.0,0.0,0.0,0.054201014,1.0,0.0,0.1490592122077942,1191
1167,10.000000000000025,unknown,False,Major road,2,Punjab-Sindh lowland corridor,11,0.04331188,0.058252208,0.0,0.0,0.0,0.04331188,0.0,0.0,0.0,0.0,0.019507043,1.0,0.0,0.14331187903881074,1192
1803,6.555262482915365,unknown,False,Major road,2,"Kashgar (Xinjiang, China)",9,0.804983,0.88469315,0.0,0.0,0.0,0.9937634,0.0,0.0,1.0,0.0,0.3832313,1.0,0.0,1.3437633872032166,1193
1165,7.853214416480101,N5,False,Highway,1,Punjab-Sindh lowland corridor,10,0.08717702,0.12230437,0.0,0.0,0.0,0.08717702,0.0,0.0,0.0,0.0,0.046961572,1.0,0.0,0.18717702329158784,1194
1164,10.0,N5,False,Highway,1,Punjab-Sindh lowland corridor,11,0.066033006,0.098228626,0.0,0.0,0.0,0.066033006,0.0,0.0,0.0,0.0,0.034018908,1.0,0.0,0.1660330057144165,1195
1195,9.999999999999979,unknown,False,Major road,2,Punjab-Sindh lowland corridor,10,0.05833581,0.095130324,0.0,0.0,0.0,0.05833581,0.0,0.0,0.0,0.0,0.046694692,1.0,0.0,0.1583358108997345,1196
1194,8.252792580257035,unknown,False,Major road,2,Punjab-Sindh lowland corridor,10,0.14389826,0.19081558,0.0,0.0,0.0,0.16726735,0.0,0.0,0.6,0.0,0.04806527,1.0,0.0,0.4172673523426056,1197
1193,9.999999999999988,unknown,False,Major road,2,Punjab-Sindh lowland corridor,10,0.119613424,0.22288628,0.0,0.0,0.0,0.16163953,0.0,0.0,0.4,0.0,0.08219525,1.0,0.0,0.36163952648639675,1198
1192,5.523541976331622,unknown,False,Major road,2,Punjab-Sindh lowland corridor,7,0.15600526,0.26890287,0.0,0.0,0.0,0.24039769,0.0,0.0,0.5714285714285714,0.0,0.15280056,1.0,0.0,0.48325483458382745,1199
1191,10.000000000000004,unknown,False,Major road,2,Punjab-Sindh lowland corridor,11,0.0655958,0.10448802,0.0,0.0,0.0,0.0655958,0.0,0.0,0.0,0.0,0.102571584,1.0,0.0,0.16559579819440842,1200
1190,10.000000000000012,unknown,False,Major road,2,Punjab-Sindh lowland corridor,11,0.14212802,0.3047746,0.0,0.0,0.0,0.1953219,0.0,0.0,0.45454545454545453,0.0,0.11380127,1.0,0.0,0.40895826626907694,1201
1189,2.9854715564842147,unknown,False,Major road,2,Punjab-Sindh lowland corridor,4,0.13721123,0.21006206,0.0,0.0,0.0,0.1827121,0.0,0.0,0.5,0.0,0.1040554,1.0,0.0,0.4077120929956436,1202
1188,10.000000000000007,unknown,False,Major road,2,Punjab-Sindh lowland corridor,11,0.06206764,0.09483876,0.0,0.0,0.0,0.06206764,0.0,0.0,0.0,0.0,0.085335955,1.0,0.0,0.16206763908267022,1203
1187,9.999999999999993,unknown,False,Major road,2,Punjab-Sindh lowland corridor,10,0.057883263,0.08778489,0.0,0.0,0.0,0.057883263,0.0,0.0,0.0,0.0,0.16337936,1.0,0.0,0.15788326263427735,1204
1186,10.000000000000004,unknown,False,Major road,2,Punjab-Sindh lowland corridor,11,0.052434716,0.08478972,0.0,0.0,0.0,0.052434716,0.0,0.0,0.0,0.0,0.115032196,1.0,0.0,0.15243471637368203,1205
1185,10.000000000000014,unknown,False,Major road,2,Punjab-Sindh lowland corridor,11,0.071099095,0.11484167,0.0,0.0,0.0,0.071099095,0.0,0.0,0.0,0.0,0.08485587,1.0,0.0,0.17109909504652024,1206
1184,9.999999999999998,unknown,False,Major road,2,Punjab-Sindh lowland corridor,10,0.08020474,0.121178485,0.0,0.0,0.0,0.08020474,0.0,0.0,0.0,0.0,0.06470475,1.0,0.0,0.18020474016666413,1207
1183,10.000000000000012,unknown,False,Major road,2,Punjab-Sindh lowland corridor,11,0.116236135,0.2707897,0.0,0.0,0.0,0.12565662,0.0,0.0,0.2727272727272727,0.0,0.04561095,1.0,0.0,0.2938384378498251,1208
1182,9.999999999999995,unknown,False,Major road,2,Punjab-Sindh lowland corridor,10,0.15656833,0.33593768,0.0,0.0,0.0,0.17933956,0.0,0.0,0.6,0.0,0.046353143,1.0,0.0,0.42933955788612366,1209
1181,9.74562821343513,unknown,False,Major road,2,Punjab-Sindh lowland corridor,12,0.068092935,0.108572625,0.0,0.0,0.0,0.068092935,0.0,0.0,0.0,0.0,0.0314913,1.0,0.0,0.1680929347872734,1210
1180,10.0,unknown,False,Major road,2,Punjab-Sindh lowland corridor,11,0.13486552,0.52832186,0.0,0.0,0.0,0.1673436,0.0,0.0,0.36363636363636365,0.0,0.067515574,1.0,0.0,0.3582526924935254,1211
1211,9.99999999999998,unknown,False,Major road,2,Punjab-Sindh lowland corridor,10,0.080844626,0.120184995,0.0,0.0,0.0,0.080844626,0.0,0.0,0.0,0.0,0.112969264,1.0,0.0,0.18084462583065034,1212
1210,10.000000000000014,unknown,False,Major road,2,Punjab-Sindh lowland corridor,11,0.08937866,0.15462741,0.0,0.0,0.0,0.11619835,0.0,0.0,0.2727272727272727,0.0,0.11791928,1.0,0.0,0.28438017165119,1213
1209,10.000000000000016,unknown,False,Major road,2,Punjab-Sindh lowland corridor,11,0.069110595,0.15462741,0.0,0.0,0.0,0.07496838,0.0,0.0,0.09090909090909091,0.0,0.09991352,1.0,0.0,0.19769565544345163,1214
1208,10.000000000000004,unknown,False,Major road,2,Punjab-Sindh lowland corridor,11,0.050180815,0.06963017,0.0,0.0,0.0,0.050180815,0.0,0.0,0.0,0.0,0.061949525,1.0,0.0,0.1501808151602745,1215
1207,9.999999999999986,unknown,False,Major road,2,Punjab-Sindh lowland corridor,10,0.08078167,0.28098878,0.0,0.0,0.0,0.08978261,0.0,0.0,0.1,0.0,0.03209264,1.0,0.0,0.21478261053562164,1216
1206,4.5862312391957385,unknown,False,Major road,2,Punjab-Sindh lowland corridor,7,0.16013314,0.42306948,0.0,0.0,0.0,0.18604238,0.0,0.0,0.42857142857142855,0.0,0.050269075,1.0,0.0,0.3931852404560362,1217
1205,9.999999999999993,unknown,False,Major road,2,Punjab-Sindh lowland corridor,10,0.114311196,0.28098878,0.0,0.0,0.0,0.13598529,0.0,0.0,0.2,0.0,0.0634696,1.0,0.0,0.28598528504371645,1218
1204,5.6602101612166145,unknown,False,Major road,2,Punjab-Sindh lowland corridor,8,0.105181,0.28098878,0.0,0.0,0.0,0.13526005,0.0,0.0,0.25,0.0,0.09444876,1.0,0.0,0.29776004552841184,1219
1203,9.999999999999991,unknown,False,Major road,2,Punjab-Sindh lowland corridor,10,0.06678064,0.2837408,0.0,0.0,0.0,0.08339444,0.0,0.0,0.1,0.0,0.045462888,1.0,0.0,0.20839443802833557,1220
1202,9.999999999999996,unknown,False,Major road,2,Punjab-Sindh lowland corridor,10,0.050137065,0.09767054,0.0,0.0,0.0,0.050137065,0.0,0.0,0.0,0.0,0.051736064,1.0,0.0,0.15013706535100937,1221
1201,10.000000000000025,unknown,False,Major road,2,Punjab-Sindh lowland corridor,11,0.050714776,0.09767054,0.0,0.0,0.0,0.050714776,0.0,0.0,0.0,0.0,0.03880194,1.0,0.0,0.15071477591991425,1222
1200,9.999999999999998,unknown,False,Major road,2,Punjab-Sindh lowland corridor,10,0.048953727,0.108572625,0.0,0.0,0.0,0.048953727,0.0,0.0,0.0,0.0,0.0398181,1.0,0.0,0.14895372688770295,1223
1199,6.802643295287197,unknown,False,Major road,2,Punjab-Sindh lowland corridor,9,0.080999225,0.36784047,0.0,0.0,0.0,0.11068753,0.0,0.0,0.1111111111111111,0.0,0.062445574,1.0,0.0,0.23846530930863488,1224
1198,10.000000000000012,unknown,False,Major road,2,Punjab-Sindh lowland corridor,11,0.048914697,0.1055074,0.0,0.0,0.0,0.048914697,0.0,0.0,0.0,0.0,0.042368826,1.0,0.0,0.14891469702124596,1225
1197,9.999999999999966,unknown,False,Major road,2,Punjab-Sindh lowland corridor,10,0.039891534,0.0667378,0.0,0.0,0.0,0.039891534,0.0,0.0,0.0,0.0,0.026401052,1.0,0.0,0.13989153355360032,1226
8,9.999999999999998,M10,False,Highway,1,Punjab-Sindh lowland corridor,10,0.34471905,0.9766897,0.0,0.0,0.0,0.51071393,0.0,0.0,0.9,0.0,0.23769596,1.0,0.0,0.8357139348983764,1227
1227,9.999999999999986,N5,False,Highway,1,Punjab-Sindh lowland corridor,10,0.097981535,0.2174926,0.0,0.0,0.0,0.10888076,0.0,0.0,0.2,0.0,0.044955667,1.0,0.0,0.2588807582855225,1228
1226,10.000000000000004,N5,False,Highway,1,Punjab-Sindh lowland corridor,11,0.09882447,0.13886619,0.0,0.0,0.0,0.10992255,0.0,0.0,0.18181818181818182,0.0,0.04477128,1.0,0.0,0.25537709607319403,1229
1225,9.999999999999982,N5,False,Highway,1,Punjab-Sindh lowland corridor,10,0.09766801,0.12949134,0.0,0.0,0.0,0.10050683,0.0,0.0,0.1,0.0,0.0327649,1.0,0.0,0.22550682723522186,1230
1224,10.00000000000003,N5,False,Highway,1,Punjab-Sindh lowland corridor,11,0.09049671,0.12917186,0.0,0.0,0.0,0.10290777,0.0,0.0,0.09090909090909091,0.0,0.053249255,1.0,0.0,0.2256350421092727,1231
1223,9.99999999999996,N5,False,Highway,1,Punjab-Sindh lowland corridor,10,0.066638775,0.13068722,0.0,0.0,0.0,0.07166851,0.0,0.0,0.1,0.0,0.04442723,1.0,0.0,0.19666851311922073,1232
1222,10.000000000000027,N5,False,Highway,1,Punjab-Sindh lowland corridor,11,0.06630003,0.10680103,0.0,0.0,0.0,0.06630003,0.0,0.0,0.0,0.0,0.04276667,1.0,0.0,0.16630002707242966,1233
1221,9.999999999999998,N5,False,Highway,1,Punjab-Sindh lowland corridor,10,0.054721527,0.09039627,0.0,0.0,0.0,0.054721527,0.0,0.0,0.0,0.0,0.049248017,1.0,0.0,0.15472152680158616,1234
1220,9.99999999999998,N5,False,Highway,1,Punjab-Sindh lowland corridor,10,0.099213906,0.18856554,0.0,0.0,0.0,0.13058764,0.0,0.0,0.2,0.0,0.17030928,1.0,0.0,0.280587637424469,1235
1219,10.00000000000001,N5,False,Highway,1,Punjab-Sindh lowland corridor,11,0.11851037,0.23147428,0.0,0.0,0.0,0.18730326,0.0,0.0,0.36363636363636365,0.0,0.19202447,1.0,0.0,0.37821235087784855,1236
1218,10.000000000000012,N5,False,Highway,1,Punjab-Sindh lowland corridor,11,0.09051349,0.17457294,0.0,0.0,0.0,0.12350292,0.0,0.0,0.2727272727272727,0.0,0.19951048,1.0,0.0,0.2916847357695753,1237
1217,9.999999999999998,N5,False,Highway,1,Punjab-Sindh lowland corridor,10,0.09519529,0.13138066,0.0,0.0,0.0,0.13077568,0.0,0.0,0.2,0.0,0.17712101,1.0,0.0,0.2807756751775742,1238
1216,10.000000000000002,N5,False,Highway,1,Punjab-Sindh lowland corridor,11,0.089703925,0.15780115,0.0,0.0,0.0,0.102064416,0.0,0.0,0.09090909090909091,0.0,0.081630774,1.0,0.0,0.2247916885397651,1239
1215,9.999999999999991,N5,False,Highway,1,Punjab-Sindh lowland corridor,10,0.056438636,0.086491846,0.0,0.0,0.0,0.056438636,0.0,0.0,0.0,0.0,0.04162251,1.0,0.0,0.1564386360347271,1240
1214,1.7947183550818284,unknown,False,Major road,2,Punjab-Sindh lowland corridor,4,0.10890695,0.14495687,0.0,0.0,0.0,0.15101391,0.0,0.0,0.25,0.0,0.15094943,1.0,0.0,0.31351391077041624,1241
1213,10.000000000000009,unknown,False,Major road,2,Punjab-Sindh lowland corridor,11,0.098840766,0.13868438,0.0,0.0,0.0,0.11005601,0.0,0.0,0.18181818181818182,0.0,0.09316115,1.0,0.0,0.25551055832342673,1242
1212,3.4633605464326935,unknown,False,Major road,2,Punjab-Sindh lowland corridor,5,0.087960295,0.10771481,0.0,0.0,0.0,0.087960295,0.0,0.0,0.0,0.0,0.10963521,1.0,0.0,0.18796029537916184,1243
1243,9.999999999999968,unknown,False,Major road,1,Punjab-Sindh lowland corridor,10,0.07003985,0.19702037,0.0,0.0,0.0,0.09095952,0.0,0.0,0.1,0.0,0.073842965,1.0,0.0,0.21595951914787292,1244
1242,10.00000000000004,unknown,False,Major road,1,Punjab-Sindh lowland corridor,11,0.14371507,0.35718596,0.0,0.0,0.0,0.23177251,0.0,0.0,0.5454545454545454,0.0,0.1520194,1.0,0.0,0.46813614856113084,1245
1241,9.999999999999979,unknown,False,Major road,1,Punjab-Sindh lowland corridor,10,0.07567389,0.13571735,0.0,0.0,0.0,0.082079716,0.0,0.0,0.1,0.0,0.069643795,1.0,0.0,0.207079716026783,1246
1240,9.999999999999998,unknown,False,Major road,1,Punjab-Sindh lowland corridor,10,0.10143451,0.19214332,0.0,0.0,0.0,0.108489975,0.0,0.0,0.1,0.0,0.07271969,1.0,0.0,0.2334899753332138,1247
1239,10.000000000000014,unknown,False,Major road,1,Punjab-Sindh lowland corridor,11,0.22267915,0.43238044,0.0,0.0,0.0,0.28652325,0.0,0.0,0.9090909090909091,0.0,0.091009185,1.0,0.0,0.6137959799983285,1248
1238,9.696416568460679,unknown,False,Major road,2,Punjab-Sindh lowland corridor,11,0.26550853,0.41414198,0.0,0.0,0.0,0.39380205,0.0,0.0,1.0,0.0,0.1727947,1.0,0.0,0.7438020467758178,1249
1237,10.000000000000007,unknown,False,Major road,2,Punjab-Sindh lowland corridor,11,0.14453526,0.34696364,0.0,0.0,0.0,0.19016595,0.0,0.0,0.45454545454545453,0.0,0.124702975,1.0,0.0,0.4038023154843937,1250
1236,9.999999999999995,unknown,False,Major road,2,Punjab-Sindh lowland corridor,10,0.103071034,0.2260506,0.0,0.0,0.0,0.11663997,0.0,0.0,0.2,0.0,0.075691596,1.0,0.0,0.2666399717330933,1251
1235,9.999999999999996,unknown,False,Major road,2,Punjab-Sindh lowland corridor,10,0.10944283,0.14495687,0.0,0.0,0.0,0.15013038,0.0,0.0,0.4,0.0,0.112759195,1.0,0.0,0.3501303762197494,1252
1234,1.6753710712709455,N5,False,Highway,1,Punjab-Sindh lowland corridor,4,0.31739858,0.38848013,0.0,0.0,0.0,0.47285178,0.0,0.0,1.0,0.0,0.20937528,1.0,0.0,0.8228517830371856,1253
1233,10.0,N5,False,Highway,1,Punjab-Sindh lowland corridor,11,0.32128948,0.4342138,0.0,0.0,0.0,0.44385144,0.0,0.0,1.0,0.0,0.16507505,1.0,0.0,0.7938514411449432,1254
1232,10.000000000000007,N5,False,Highway,1,Punjab-Sindh lowland corridor,11,0.20825896,0.29130408,0.0,0.0,0.0,0.3009252,0.0,0.0,0.9090909090909091,0.0,0.13241561,1.0,0.0,0.6281979224898598,1255
1231,9.999999999999986,N5,False,Highway,1,Punjab-Sindh lowland corridor,10,0.14625648,0.22590788,0.0,0.0,0.0,0.2317522,0.0,0.0,0.6,0.0,0.17006926,1.0,0.0,0.4817522019147873,1256
1230,9.999999999999961,N5,False,Highway,1,Punjab-Sindh lowland corridor,10,0.13269898,0.1831067,0.0,0.0,0.0,0.16424322,0.0,0.0,0.5,0.0,0.068029925,1.0,0.0,0.38924322128295896,1257
1229,10.00000000000003,N5,False,Highway,1,Punjab-Sindh lowland corridor,11,0.12753175,0.16529338,0.0,0.0,0.0,0.16587439,0.0,0.0,0.5454545454545454,0.0,0.082619004,1.0,0.0,0.40223802815784104,1258
1228,10.00000000000001,N5,False,Highway,1,Punjab-Sindh lowland corridor,11,0.08388098,0.14212132,0.0,0.0,0.0,0.09442348,0.0,0.0,0.18181818181818182,0.0,0.046233658,1.0,0.0,0.2398780257864432,1259
1259,4.3859436737327755,Sargooma Rd,False,Major road,2,Punjab-Sindh lowland corridor,6,0.08444265,0.12034326,0.0,0.0,0.0,0.08444265,0.0,0.0,0.0,0.0,0.06306024,1.0,0.0,0.1844426527619362,1260
1258,10.000000000000002,Sargooma Rd,False,Major road,2,Punjab-Sindh lowland corridor,11,0.08343244,0.11555957,0.0,0.0,0.0,0.08343244,0.0,0.0,0.0,0.0,0.02880802,1.0,0.0,0.18343244343996049,1261
1257,0.9681863036131311,M2,False,Highway,1,Punjab-Sindh lowland corridor,3,0.124676056,0.13915373,0.0,0.0,0.0,0.16557477,0.0,0.0,0.6666666666666666,0.0,0.09511101,1.0,0.0,0.4322414408127466,1262
1256,9.999999999999996,M2,False,Highway,1,Punjab-Sindh lowland corridor,10,0.16385272,0.26494506,0.0,0.0,0.0,0.26177734,0.0,0.0,0.8,0.0,0.14914092,1.0,0.0,0.5617773413658143,1263
1255,0.5517004366422655,unknown,False,Major road,2,Punjab-Sindh lowland corridor,3,0.073812224,0.08327622,0.0,0.0,0.0,0.073812224,0.0,0.0,0.0,0.0,0.10446909,1.0,0.0,0.17381222397089005,1264
1254,9.999999999999982,unknown,False,Major road,2,Punjab-Sindh lowland corridor,10,0.06720958,0.09957248,0.0,0.0,0.0,0.06720958,0.0,0.0,0.0,0.0,0.09535052,1.0,0.0,0.16720957905054093,1265
1253,10.000000000000002,unknown,False,Major road,2,Punjab-Sindh lowland corridor,11,0.10967181,0.15486144,0.0,0.0,0.0,0.13047583,0.0,0.0,0.2727272727272727,0.0,0.087735936,1.0,0.0,0.29865765219384977,1266
1252,0.9433386216364296,unknown,False,Major road,1,Punjab-Sindh lowland corridor,2,0.21705547,0.22800429,0.0,0.0,0.0,0.333828,0.0,0.0,1.0,0.0,0.15727742,1.0,0.0,0.6838280022144317,1267
1251,10.000000000000018,unknown,False,Major road,1,Punjab-Sindh lowland corridor,11,0.13395345,0.22690518,0.0,0.0,0.0,0.20769967,0.0,0.0,0.45454545454545453,0.0,0.14076886,1.0,0.0,0.42133603502403605,1268
1250,10.000000000000007,unknown,False,Major road,1,Punjab-Sindh lowland corridor,11,0.073039256,0.14885648,0.0,0.0,0.0,0.10473157,0.0,0.0,0.18181818181818182,0.0,0.09990916,1.0,0.0,0.25018611265854407,1269
1249,10.000000000000025,unknown,False,Major road,1,Punjab-Sindh lowland corridor,11,0.08696427,0.1330994,0.0,0.0,0.0,0.08987516,0.0,0.0,0.09090909090909091,0.0,0.04419047,1.0,0.0,0.21260243437506937,1270
1248,9.999999999999982,unknown,False,Major road,1,Punjab-Sindh lowland corridor,10,0.07639299,0.1468691,0.0,0.0,0.0,0.07916943,0.0,0.0,0.1,0.0,0.04576864,1.0,0.0,0.20416942983865738,1271
1247,9.999999999999995,unknown,False,Major road,1,Punjab-Sindh lowland corridor,10,0.04938086,0.09653715,0.0,0.0,0.0,0.04938086,0.0,0.0,0.0,0.0,0.048761457,1.0,0.0,0.149380861222744,1272
1246,10.000000000000004,unknown,False,Major road,1,Punjab-Sindh lowland corridor,11,0.09010949,0.2296532,0.0,0.0,0.0,0.099521756,0.0,0.0,0.18181818181818182,0.0,0.07203376,1.0,0.0,0.24497630162672565,1273
1245,10.000000000000004,unknown,False,Major road,1,Punjab-Sindh lowland corridor,11,0.059059035,0.12032656,0.0,0.0,0.0,0.059059035,0.0,0.0,0.0,0.0,0.034187637,1.0,0.0,0.1590590350329876,1274
1244,10.00000000000002,unknown,False,Major road,1,Punjab-Sindh lowland corridor,11,0.04109987,0.12032656,0.0,0.0,0.0,0.04109987,0.0,0.0,0.0,0.0,0.037838947,1.0,0.0,0.14109986871480942,1275
1275,9.999999999999998,M3,False,Highway,1,Punjab-Sindh lowland corridor,10,0.06690029,0.09702559,0.0,0.0,0.0,0.06690029,0.0,0.0,0.0,0.0,0.050395228,1.0,0.0,0.16690029054880143,1276
1274,10.000000000000016,M3,False,Highway,1,Punjab-Sindh lowland corridor,11,0.05840435,0.09122302,0.0,0.0,0.0,0.05840435,0.0,0.0,0.0,0.0,0.054942194,1.0,0.0,0.1584043487906456,1277
1273,10.000000000000004,M3,False,Highway,1,Punjab-Sindh lowland corridor,11,0.0360763,0.06280914,0.0,0.0,0.0,0.0360763,0.0,0.0,0.0,0.0,0.043240238,1.0,0.0,0.13607629984617234,1278
1272,9.999999999999995,M3,False,Highway,1,Punjab-Sindh lowland corridor,10,0.04996615,0.065626726,0.0,0.0,0.0,0.04996615,0.0,0.0,0.0,0.0,0.08058597,1.0,0.0,0.14996614903211594,1279
1271,0.5035588993114315,unknown,False,Major road,2,Punjab-Sindh lowland corridor,2,0.14350146,0.17366678,0.0,0.0,0.0,0.21096975,0.0,0.0,0.5,0.0,0.111187704,1.0,0.0,0.43596974611282346,1280
1270,10.00000000000001,unknown,False,Major road,2,Punjab-Sindh lowland corridor,11,0.07261053,0.18487765,0.0,0.0,0.0,0.09988451,0.0,0.0,0.18181818181818182,0.0,0.068110704,1.0,0.0,0.24533905549482868,1281
1269,9.999999999999979,unknown,False,Major road,2,Punjab-Sindh lowland corridor,10,0.057154287,0.094006896,0.0,0.0,0.0,0.057154287,0.0,0.0,0.0,0.0,0.06530761,1.0,0.0,0.15715428665280343,1282
1268,10.000000000000004,unknown,False,Major road,2,Punjab-Sindh lowland corridor,11,0.062429275,0.105265446,0.0,0.0,0.0,0.062429275,0.0,0.0,0.0,0.0,0.051262125,1.0,0.0,0.1624292753636837,1283
1267,10.000000000000012,unknown,False,Major road,2,Punjab-Sindh lowland corridor,11,0.047111057,0.07341793,0.0,0.0,0.0,0.047111057,0.0,0.0,0.0,0.0,0.045816902,1.0,0.0,0.14711105674505234,1284
1266,9.99999999999999,unknown,False,Major road,2,Punjab-Sindh lowland corridor,10,0.043529294,0.114294805,0.0,0.0,0.0,0.043529294,0.0,0.0,0.0,0.0,0.05543766,1.0,0.0,0.14352929443120957,1285
1265,10.0,unknown,False,Major road,2,Punjab-Sindh lowland corridor,11,0.04619489,0.12349279,0.0,0.0,0.0,0.04619489,0.0,0.0,0.0,0.0,0.051580492,1.0,0.0,0.146194888651371,1286
1264,9.999999999999998,unknown,False,Major road,2,Punjab-Sindh lowland corridor,10,0.0534667,0.11316947,0.0,0.0,0.0,0.0534667,0.0,0.0,0.0,0.0,0.097154856,1.0,0.0,0.15346670001745225,1287
1263,5.820598194148776,unknown,False,Major road,2,Punjab-Sindh lowland corridor,8,0.06546348,0.20334895,0.0,0.0,0.0,0.06945161,0.0,0.0,0.125,0.0,0.029147567,1.0,0.0,0.20070160776376725,1288
1262,9.99999999999999,unknown,False,Major road,2,Punjab-Sindh lowland corridor,10,0.06465539,0.09108416,0.0,0.0,0.0,0.06465539,0.0,0.0,0.0,0.0,0.07114486,1.0,0.0,0.1646553933620453,1289
1261,9.999999999999973,unknown,False,Major road,2,Punjab-Sindh lowland corridor,10,0.07700817,0.14094749,0.0,0.0,0.0,0.080313616,0.0,0.0,0.1,0.0,0.035792843,1.0,0.0,0.20531361550092697,1290
1260,10.000000000000025,unknown,False,Major road,2,Punjab-Sindh lowland corridor,11,0.11943951,0.29116875,0.0,0.0,0.0,0.15506232,0.0,0.0,0.36363636363636365,0.0,0.0665963,1.0,0.0,0.3459714087572965,1291
1291,10.000000000000004,unknown,False,Major road,2,Punjab-Sindh lowland corridor,11,0.103041045,0.1670304,0.0,0.0,0.0,0.13580854,0.0,0.0,0.36363636363636365,0.0,0.064726606,1.0,0.0,0.3267176332798871,1292
1290,3.962544816152114,unknown,False,Major road,2,Punjab-Sindh lowland corridor,5,0.097448416,0.1307976,0.0,0.0,0.0,0.10167297,0.0,0.0,0.2,0.0,0.035780746,1.0,0.0,0.2516729697585106,1293
1289,10.0,unknown,False,Major road,2,Punjab-Sindh lowland corridor,11,0.07892867,0.15786524,0.0,0.0,0.0,0.083777584,0.0,0.0,0.09090909090909091,0.0,0.034687094,1.0,0.0,0.20650485686280512,1294
1288,9.999999999999995,unknown,False,Major road,2,Punjab-Sindh lowland corridor,10,0.19739833,0.32137012,0.0,0.0,0.0,0.23652962,0.0,0.0,0.7,0.0,0.073255524,1.0,0.0,0.5115296185016632,1295
1287,7.680600581937921,unknown,False,Major road,2,Punjab-Sindh lowland corridor,9,0.0698056,0.10473834,0.0,0.0,0.0,0.0698056,0.0,0.0,0.0,0.0,0.062241104,1.0,0.0,0.1698055997490883,1296
1286,9.999999999999993,unknown,False,Major road,2,Punjab-Sindh lowland corridor,10,0.0788226,0.13051815,0.0,0.0,0.0,0.096925214,0.0,0.0,0.1,0.0,0.09459631,1.0,0.0,0.22192521393299103,1297
1285,10.000000000000009,unknown,False,Major road,2,Punjab-Sindh lowland corridor,11,0.052929584,0.09668019,0.0,0.0,0.0,0.052929584,0.0,0.0,0.0,0.0,0.055207994,1.0,0.0,0.1529295839369297,1298
1284,9.999999999999998,unknown,False,Major road,2,Punjab-Sindh lowland corridor,10,0.096108496,0.28542894,0.0,0.0,0.0,0.12069523,0.0,0.0,0.2,0.0,0.0877325,1.0,0.0,0.27069523334503176,1299
1283,10.000000000000004,unknown,False,Major road,2,Punjab-Sindh lowland corridor,11,0.053096797,0.08641543,0.0,0.0,0.0,0.053096797,0.0,0.0,0.0,0.0,0.058368407,1.0,0.0,0.15309679731726647,1300
1282,9.999999999999995,unknown,False,Major road,2,Punjab-Sindh lowland corridor,10,0.05552239,0.10771276,0.0,0.0,0.0,0.05552239,0.0,0.0,0.0,0.0,0.047870222,1.0,0.0,0.1555223897099495,1301
1281,10.000000000000002,unknown,False,Major road,2,Punjab-Sindh lowland corridor,11,0.054991424,0.07552859,0.0,0.0,0.0,0.054991424,0.0,0.0,0.0,0.0,0.050688986,1.0,0.0,0.15499142408370972,1302
1280,9.999999999999982,unknown,False,Major road,2,Punjab-Sindh lowland corridor,10,0.049654845,0.0853866,0.0,0.0,0.0,0.049654845,0.0,0.0,0.0,0.0,0.042253196,1.0,0.0,0.14965484514832497,1303
1279,10.00000000000001,unknown,False,Major road,2,Punjab-Sindh lowland corridor,11,0.051268246,0.09540442,0.0,0.0,0.0,0.051268246,0.0,0.0,0.0,0.0,0.06226099,1.0,0.0,0.15126824602484704,1304
1278,9.999999999999993,unknown,False,Major road,2,Punjab-Sindh lowland corridor,10,0.044258554,0.11316947,0.0,0.0,0.0,0.044258554,0.0,0.0,0.0,0.0,0.055866886,1.0,0.0,0.14425855353474618,1305
1277,2.7478632551226623,M3,False,Highway,1,Punjab-Sindh lowland corridor,5,0.07204476,0.103880376,0.0,0.0,0.0,0.07204476,0.0,0.0,0.0,0.0,0.03685353,1.0,0.0,0.1720447599887848,1306
1276,9.99999999999999,M3,False,Highway,1,Punjab-Sindh lowland corridor,10,0.061438937,0.122187175,0.0,0.0,0.0,0.061438937,0.0,0.0,0.0,0.0,0.044379193,1.0,0.0,0.16143893674016,1307
1307,10.000000000000005,M2,False,Highway,1,Punjab-Sindh lowland corridor,11,0.09033757,0.19137727,0.0,0.0,0.0,0.11233387,0.0,0.0,0.18181818181818182,0.0,0.060713653,1.0,0.0,0.25778841687874365,1308
1306,10.000000000000012,M2,False,Highway,1,Punjab-Sindh lowland corridor,11,0.06532277,0.14762233,0.0,0.0,0.0,0.08866339,0.0,0.0,0.18181818181818182,0.0,0.073700994,1.0,0.0,0.23411793722347782,1309
1305,9.999999999999998,M2,False,Highway,1,Punjab-Sindh lowland corridor,10,0.04417419,0.075853504,0.0,0.0,0.0,0.04417419,0.0,0.0,0.0,0.0,0.02627787,1.0,0.0,0.1441741906106472,1310
1304,10.000000000000039,M2,False,Highway,1,Punjab-Sindh lowland corridor,11,0.043037128,0.06841395,0.0,0.0,0.0,0.043037128,0.0,0.0,0.0,0.0,0.04498489,1.0,0.0,0.14303712770342827,1311
1303,9.999999999999977,M2,False,Highway,1,Punjab-Sindh lowland corridor,10,0.04245753,0.06533417,0.0,0.0,0.0,0.04245753,0.0,0.0,0.0,0.0,0.055050027,1.0,0.0,0.14245752841234208,1312
1302,10.000000000000002,M2,False,Highway,1,Punjab-Sindh lowland corridor,11,0.03452654,0.04660131,0.0,0.0,0.0,0.03452654,0.0,0.0,0.0,0.0,0.041902494,1.0,0.0,0.1345265418291092,1313
1301,10.000000000000025,M2,False,Highway,1,Punjab-Sindh lowland corridor,11,0.037927605,0.07233903,0.0,0.0,0.0,0.037927605,0.0,0.0,0.0,0.0,0.040950406,1.0,0.0,0.13792760521173478,1314
1300,9.999999999999954,M2,False,Highway,1,Punjab-Sindh lowland corridor,10,0.043559186,0.06078303,0.0,0.0,0.0,0.043559186,0.0,0.0,0.0,0.0,0.02773872,1.0,0.0,0.14355918616056443,1315
1299,10.000000000000025,M2,False,Highway,1,Punjab-Sindh lowland corridor,11,0.059923764,0.11686217,0.0,0.0,0.0,0.059923764,0.0,0.0,0.0,0.0,0.03626983,1.0,0.0,0.15992376431822777,1316
1298,10.000000000000018,M2,False,Highway,1,Punjab-Sindh lowland corridor,11,0.061988473,0.09277144,0.0,0.0,0.0,0.061988473,0.0,0.0,0.0,0.0,0.045991298,1.0,0.0,0.1619884729385376,1317
1297,9.999999999999968,M2,False,Highway,1,Punjab-Sindh lowland corridor,10,0.05546554,0.09254901,0.0,0.0,0.0,0.05546554,0.0,0.0,0.0,0.0,0.060706593,1.0,0.0,0.15546554177999497,1318
1296,10.000000000000009,M2,False,Highway,1,Punjab-Sindh lowland corridor,11,0.08489514,0.18486193,0.0,0.0,0.0,0.10914112,0.0,0.0,0.18181818181818182,0.0,0.11216876,1.0,0.0,0.25459566427902747,1319
1295,9.999999999999996,M2,False,Highway,1,Punjab-Sindh lowland corridor,10,0.09145217,0.14956892,0.0,0.0,0.0,0.12169077,0.0,0.0,0.2,0.0,0.120314695,1.0,0.0,0.2716907724738121,1320
1294,3.6826373224760185,unknown,False,Major road,2,Punjab-Sindh lowland corridor,6,0.18528621,0.2967364,0.0,0.0,0.0,0.20646627,0.0,0.0,0.8333333333333334,0.0,0.039654735,1.0,0.0,0.5147996058066686,1321
1293,10.000000000000014,unknown,False,Major road,2,Punjab-Sindh lowland corridor,11,0.13306528,0.2503271,0.0,0.0,0.0,0.14990696,0.0,0.0,0.36363636363636365,0.0,0.050908204,1.0,0.0,0.340816054019061,1322
1292,9.999999999999986,unknown,False,Major road,2,Punjab-Sindh lowland corridor,10,0.117228426,0.3491438,0.0,0.0,0.0,0.13094282,0.0,0.0,0.2,0.0,0.080685385,1.0,0.0,0.28094282150268557,1323
1323,9.999999999999998,unknown,False,Major road,2,Punjab-Sindh lowland corridor,10,0.11963078,0.22288628,0.0,0.0,0.0,0.15218952,0.0,0.0,0.3,0.0,0.09959966,1.0,0.0,0.3271895229816437,1324
1322,9.159889677131291,unknown,False,Major road,2,Punjab-Sindh lowland corridor,11,0.11160388,0.1907526,0.0,0.0,0.0,0.14033093,0.0,0.0,0.2727272727272727,0.0,0.09663764,1.0,0.0,0.3085127437656576,1325
1321,10.000000000000014,unknown,False,Major road,2,Punjab-Sindh lowland corridor,11,0.07617629,0.12039374,0.0,0.0,0.0,0.07617629,0.0,0.0,0.0,0.0,0.07758309,1.0,0.0,0.17617629319429398,1326
1320,9.999999999999993,unknown,False,Major road,2,Punjab-Sindh lowland corridor,10,0.094990894,0.19049503,0.0,0.0,0.0,0.110172726,0.0,0.0,0.2,0.0,0.07320969,1.0,0.0,0.26017272621393206,1327
1319,0.05251177038566117,unknown,False,Major road,2,Punjab-Sindh lowland corridor,2,0.101754315,0.101754315,0.0,0.0,0.0,0.101754315,0.0,0.0,0.0,0.0,0.046034496,1.0,0.0,0.2017543151974678,1328
1318,10.000000000000009,unknown,False,Major road,2,Punjab-Sindh lowland corridor,11,0.09449646,0.11808965,0.0,0.0,0.0,0.09449646,0.0,0.0,0.0,0.0,0.06384533,1.0,0.0,0.1944964587688446,1329
1317,10.0,unknown,False,Major road,2,Punjab-Sindh lowland corridor,11,0.069879524,0.10115444,0.0,0.0,0.0,0.069879524,0.0,0.0,0.0,0.0,0.054497447,1.0,0.0,0.16987952440977097,1330
1316,10.000000000000012,unknown,False,Major road,2,Punjab-Sindh lowland corridor,11,0.07246449,0.12741612,0.0,0.0,0.0,0.075663656,0.0,0.0,0.09090909090909091,0.0,0.07286287,1.0,0.0,0.19839092872359537,1331
1315,9.999999999999998,unknown,False,Major road,2,Punjab-Sindh lowland corridor,10,0.072850935,0.099933766,0.0,0.0,0.0,0.072850935,0.0,0.0,0.0,0.0,0.07040101,1.0,0.0,0.17285093516111374,1332
1314,9.999999999999991,unknown,False,Major road,2,Punjab-Sindh lowland corridor,10,0.07693592,0.11999567,0.0,0.0,0.0,0.07693592,0.0,0.0,0.0,0.0,0.043291442,1.0,0.0,0.17693591713905335,1333
1313,9.076434863832263,M2,False,Highway,1,Punjab-Sindh lowland corridor,11,0.101297356,0.17557853,0.0,0.0,0.0,0.12961541,0.0,0.0,0.2727272727272727,0.0,0.124460705,1.0,0.0,0.2977972293441946,1334
1312,10.000000000000004,M2,False,Highway,1,Punjab-Sindh lowland corridor,11,0.0791208,0.12528332,0.0,0.0,0.0,0.0791208,0.0,0.0,0.0,0.0,0.094300725,1.0,0.0,0.17912079989910126,1335
1311,10.00000000000001,M2,False,Highway,1,Punjab-Sindh lowland corridor,11,0.0734296,0.11702195,0.0,0.0,0.0,0.0734296,0.0,0.0,0.0,0.0,0.07421779,1.0,0.0,0.17342959940433503,1336
1310,9.99999999999996,M2,False,Highway,1,Punjab-Sindh lowland corridor,10,0.07685928,0.09342553,0.0,0.0,0.0,0.07685928,0.0,0.0,0.0,0.0,0.04436133,1.0,0.0,0.1768592804670334,1337
1309,9.999999999999982,M2,False,Highway,1,Punjab-Sindh lowland corridor,10,0.08241602,0.1301524,0.0,0.0,0.0,0.09327476,0.0,0.0,0.1,0.0,0.059505273,1.0,0.0,0.21827475726604462,1338
1308,10.000000000000025,M2,False,Highway,1,Punjab-Sindh lowland corridor,11,0.066799894,0.09062526,0.0,0.0,0.0,0.066799894,0.0,0.0,0.0,0.0,0.06066769,1.0,0.0,0.16679989397525788,1339
1339,10.000000000000025,unknown,False,Major road,2,Punjab-Sindh lowland corridor,11,0.05695783,0.102553934,0.0,0.0,0.0,0.05695783,0.0,0.0,0.0,0.0,0.044568367,1.0,0.0,0.15695782974362374,1340
1338,9.999999999999961,unknown,False,Major road,2,Punjab-Sindh lowland corridor,10,0.12347637,0.3189407,0.0,0.0,0.0,0.16000946,0.0,0.0,0.4,0.0,0.06617926,1.0,0.0,0.36000945866107936,1341
1337,10.00000000000002,unknown,False,Major road,2,Punjab-Sindh lowland corridor,11,0.17866851,0.33411893,0.0,0.0,0.0,0.23837957,0.0,0.0,0.8181818181818182,0.0,0.091964595,1.0,0.0,0.5429250224070116,1342
1336,8.091878059215238,unknown,False,Major road,2,Punjab-Sindh lowland corridor,11,0.20363687,0.31324783,0.0,0.0,0.0,0.29429054,0.0,0.0,0.8181818181818182,0.0,0.14405407,1.0,0.0,0.5988359971479936,1343
1335,9.99999999999996,unknown,False,Major road,2,Punjab-Sindh lowland corridor,10,0.12353028,0.185027,0.0,0.0,0.0,0.16492736,0.0,0.0,0.2,0.0,0.13396522,1.0,0.0,0.31492736339569094,1344
1334,10.000000000000023,unknown,False,Major road,2,Punjab-Sindh lowland corridor,11,0.17111742,0.33411893,0.0,0.0,0.0,0.21793936,0.0,0.0,0.5454545454545454,0.0,0.08536034,1.0,0.0,0.4543029982935298,1345
1333,0.2125836380670701,Grand Trunk Rd,False,Major road,1,Punjab-Sindh lowland corridor,2,0.097535595,0.097535595,0.0,0.0,0.0,0.097535595,0.0,0.0,0.0,0.0,0.08359516,1.0,0.0,0.19753559529781342,1346
1332,10.000000000000004,Grand Trunk Rd,False,Major road,1,Punjab-Sindh lowland corridor,11,0.12901112,0.20274155,0.0,0.0,0.0,0.16452585,0.0,0.0,0.45454545454545453,0.0,0.08580231,1.0,0.0,0.3781622152436863,1347
1331,9.999999999999984,Grand Trunk Rd,False,Major road,1,Punjab-Sindh lowland corridor,10,0.3809736,0.5439943,0.0,0.0,0.0,0.43835855,0.0,0.0,1.0,0.0,0.07729005,1.0,0.0,0.7883585453033447,1348
1330,8.274977631946454,unknown,False,Major road,2,Punjab-Sindh lowland corridor,10,0.17369895,0.45764962,0.0,0.0,0.0,0.22303891,0.0,0.0,0.5,0.0,0.0882207,1.0,0.0,0.448038911819458,1349
1329,9.999999999999993,unknown,False,Major road,2,Punjab-Sindh lowland corridor,10,0.092391804,0.13183968,0.0,0.0,0.0,0.10231821,0.0,0.0,0.3,0.0,0.040881965,1.0,0.0,0.27731821238994603,1350
1328,9.999999999999982,unknown,False,Major road,2,Punjab-Sindh lowland corridor,10,0.07752001,0.156702,0.0,0.0,0.0,0.082310334,0.0,0.0,0.1,0.0,0.043340318,1.0,0.0,0.20731033384799957,1351
1327,9.99999999999999,unknown,False,Major road,2,Punjab-Sindh lowland corridor,10,0.0810969,0.11725357,0.0,0.0,0.0,0.0810969,0.0,0.0,0.0,0.0,0.03851649,1.0,0.0,0.18109690248966218,1352
1326,10.000000000000002,unknown,False,Major road,2,Punjab-Sindh lowland corridor,11,0.065642565,0.16264632,0.0,0.0,0.0,0.07974752,0.0,0.0,0.09090909090909091,0.0,0.06074433,1.0,0.0,0.20247479311444544,1353
1325,9.999999999999998,unknown,False,Major road,2,Punjab-Sindh lowland corridor,10,0.11110786,0.17935155,0.0,0.0,0.0,0.19066362,0.0,0.0,0.5,0.0,0.1400097,1.0,0.0,0.4156636208295822,1354
1324,10.000000000000016,unknown,False,Major road,2,Punjab-Sindh lowland corridor,11,0.11865852,0.2640529,0.0,0.0,0.0,0.17752051,0.0,0.0,0.45454545454545453,0.0,0.13599247,1.0,0.0,0.3911568771709095,1355
1355,10.000000000000004,N5,False,Highway,1,Punjab-Sindh lowland corridor,11,0.16523255,0.45566028,0.0,0.0,0.0,0.20781441,0.0,0.0,0.5454545454545454,0.0,0.086043954,1.0,0.0,0.4441780466925014,1356
1354,10.0,N5,False,Highway,1,Punjab-Sindh lowland corridor,11,0.15911345,0.45566028,0.0,0.0,0.0,0.22466205,0.0,0.0,0.5454545454545454,0.0,0.14735673,1.0,0.0,0.4610256869684566,1357
1353,9.999999999999993,N5,False,Highway,1,Punjab-Sindh lowland corridor,10,0.11629321,0.2694266,0.0,0.0,0.0,0.15232232,0.0,0.0,0.3,0.0,0.121229626,1.0,0.0,0.3273223221302033,1358
1352,10.00000000000001,N5,False,Highway,1,Punjab-Sindh lowland corridor,11,0.14455093,0.2694266,0.0,0.0,0.0,0.2076346,0.0,0.0,0.6363636363636364,0.0,0.118372865,1.0,0.0,0.46672550710764793,1359
1351,9.999999999999995,N5,False,Highway,1,Punjab-Sindh lowland corridor,10,0.26459813,0.52667785,0.0,0.0,0.0,0.36676773,0.0,0.0,0.9,0.0,0.15295468,1.0,0.0,0.6917677342891693,1360
1350,2.683597014194509,unknown,False,Major road,2,Punjab-Sindh lowland corridor,5,0.34101585,0.40302986,0.0,0.0,0.0,0.44301462,0.0,0.0,1.0,0.0,0.13737914,1.0,0.0,0.7930146217346191,1361
1349,9.999999999999995,unknown,False,Major road,2,Punjab-Sindh lowland corridor,10,0.12633125,0.2841007,0.0,0.0,0.0,0.16699548,0.0,0.0,0.4,0.0,0.1012069,1.0,0.0,0.3669954806566238,1362
1348,9.999999999999982,unknown,False,Major road,2,Punjab-Sindh lowland corridor,10,0.07983623,0.16955829,0.0,0.0,0.0,0.08569349,0.0,0.0,0.1,0.0,0.054535657,1.0,0.0,0.21069349348545074,1363
1347,10.000000000000005,unknown,False,Major road,2,Punjab-Sindh lowland corridor,11,0.036054607,0.05120617,0.0,0.0,0.0,0.036054607,0.0,0.0,0.0,0.0,0.023708882,1.0,0.0,0.1360546074807644,1364
1346,10.000000000000002,unknown,False,Major road,2,Punjab-Sindh lowland corridor,11,0.04927063,0.09685873,0.0,0.0,0.0,0.04927063,0.0,0.0,0.0,0.0,0.027376236,1.0,0.0,0.1492706298828125,1365
1345,9.999999999999996,unknown,False,Major road,2,Punjab-Sindh lowland corridor,10,0.12331333,0.33411893,0.0,0.0,0.0,0.16018862,0.0,0.0,0.4,0.0,0.06650962,1.0,0.0,0.360188615322113,1366
1344,2.3585875039522333,unknown,False,Major road,2,Punjab-Sindh lowland corridor,4,0.09418695,0.19088884,0.0,0.0,0.0,0.111738235,0.0,0.0,0.25,0.0,0.06578974,1.0,0.0,0.27423823475837705,1367
1343,10.0,unknown,False,Major road,2,Punjab-Sindh lowland corridor,11,0.058607064,0.1270676,0.0,0.0,0.0,0.062233247,0.0,0.0,0.09090909090909091,0.0,0.066436194,1.0,0.0,0.18496051959016108,1368
1342,9.999999999999968,unknown,False,Major road,2,Punjab-Sindh lowland corridor,10,0.059177946,0.14097022,0.0,0.0,0.0,0.06260555,0.0,0.0,0.1,0.0,0.040770136,1.0,0.0,0.18760555237531662,1369
1341,10.000000000000036,unknown,False,Major road,2,Punjab-Sindh lowland corridor,11,0.063454576,0.14097022,0.0,0.0,0.0,0.06657057,0.0,0.0,0.09090909090909091,0.0,0.050417658,1.0,0.0,0.1892978452823379,1370
1340,9.999999999999964,unknown,False,Major road,2,Punjab-Sindh lowland corridor,10,0.055834014,0.18664727,0.0,0.0,0.0,0.06889839,0.0,0.0,0.1,0.0,0.052602608,1.0,0.0,0.19389838725328445,1371
1371,10.000000000000032,unknown,False,Major road,2,Punjab-Sindh lowland corridor,11,0.035957977,0.049583133,0.0,0.0,0.0,0.035957977,0.0,0.0,0.0,0.0,0.09119748,1.0,0.0,0.1359579771757126,1372
1370,10.00000000000002,unknown,False,Major road,2,Punjab-Sindh lowland corridor,11,0.05457377,0.1185143,0.0,0.0,0.0,0.05457377,0.0,0.0,0.0,0.0,0.116536625,1.0,0.0,0.15457377061247826,1373
1369,10.000000000000021,unknown,False,Major road,2,Punjab-Sindh lowland corridor,11,0.036424942,0.06976729,0.0,0.0,0.0,0.036424942,0.0,0.0,0.0,0.0,0.052019175,1.0,0.0,0.1364249423146248,1374
1368,9.999999999999991,unknown,False,Major road,2,Punjab-Sindh lowland corridor,10,0.04107194,0.069646396,0.0,0.0,0.0,0.04107194,0.0,0.0,0.0,0.0,0.05945484,1.0,0.0,0.14107194021344185,1375
1367,10.000000000000009,unknown,False,Major road,2,Punjab-Sindh lowland corridor,11,0.06376122,0.24809812,0.0,0.0,0.0,0.06958131,0.0,0.0,0.09090909090909091,0.0,0.05756493,1.0,0.0,0.19230858019807123,1376
1366,9.999999999999984,unknown,False,Major road,2,Punjab-Sindh lowland corridor,10,0.08505333,0.19445689,0.0,0.0,0.0,0.096930444,0.0,0.0,0.1,0.0,0.0864123,1.0,0.0,0.22193044424057007,1377
1365,10.000000000000005,unknown,False,Major road,2,Punjab-Sindh lowland corridor,11,0.0737937,0.16277266,0.0,0.0,0.0,0.098598905,0.0,0.0,0.09090909090909091,0.0,0.082360536,1.0,0.0,0.22132617763497614,1378
1364,10.000000000000043,unknown,False,Major road,2,Punjab-Sindh lowland corridor,11,0.05947101,0.104998104,0.0,0.0,0.0,0.05947101,0.0,0.0,0.0,0.0,0.079144925,1.0,0.0,0.1594710111618042,1379
1363,9.999999999999973,unknown,False,Major road,2,Punjab-Sindh lowland corridor,10,0.060860187,0.10177669,0.0,0.0,0.0,0.060860187,0.0,0.0,0.0,0.0,0.05168907,1.0,0.0,0.16086018681526185,1380
1362,10.000000000000002,unknown,False,Major road,2,Punjab-Sindh lowland corridor,11,0.089456946,0.30342093,0.0,0.0,0.0,0.10157871,0.0,0.0,0.18181818181818182,0.0,0.10301446,1.0,0.0,0.24703325791792438,1381
1361,2.5282581299261615,N5,False,Highway,1,Punjab-Sindh lowland corridor,5,0.16605905,0.29809496,0.0,0.0,0.0,0.28346843,0.0,0.0,0.6,0.0,0.24392447,1.0,0.0,0.5334684252738953,1382
1360,9.99999999999997,N5,False,Highway,1,Punjab-Sindh lowland corridor,10,0.07688675,0.13790622,0.0,0.0,0.0,0.097657755,0.0,0.0,0.2,0.0,0.08402253,1.0,0.0,0.24765775501728057,1383
1359,10.000000000000009,N5,False,Highway,1,Punjab-Sindh lowland corridor,11,0.11944234,0.3203714,0.0,0.0,0.0,0.14620113,0.0,0.0,0.2727272727272727,0.0,0.083820395,1.0,0.0,0.31438295190984555,1384
1358,10.000000000000007,N5,False,Highway,1,Punjab-Sindh lowland corridor,11,0.14140742,0.23481777,0.0,0.0,0.0,0.16819625,0.0,0.0,0.45454545454545453,0.0,0.07165421,1.0,0.0,0.3818326096643101,1385
1357,10.00000000000001,N5,False,Highway,1,Punjab-Sindh lowland corridor,11,0.15669525,0.30619225,0.0,0.0,0.0,0.23231721,0.0,0.0,0.8181818181818182,0.0,0.1142446,1.0,0.0,0.536862663789229,1386
1356,10.000000000000007,N5,False,Highway,1,Punjab-Sindh lowland corridor,11,0.16792522,0.24950907,0.0,0.0,0.0,0.23577686,0.0,0.0,0.9090909090909091,0.0,0.098557584,1.0,0.0,0.5630495838143609,1387
1387,9.999999999999979,unknown,False,Major road,2,Punjab-Sindh lowland corridor,10,0.124246515,0.27040014,0.0,0.0,0.0,0.17595872,0.0,0.0,0.5,0.0,0.113695666,1.0,0.0,0.4009587228298187,1388
1386,10.000000000000004,unknown,False,Major road,2,Punjab-Sindh lowland corridor,11,0.21788082,0.44114128,0.0,0.0,0.0,0.2980115,0.0,0.0,0.9090909090909091,0.0,0.11572585,1.0,0.0,0.625284238836982,1389
1385,0.5719832681175125,unknown,False,Major road,2,Punjab-Sindh lowland corridor,3,0.27046803,0.300792,0.0,0.0,0.0,0.36712292,0.0,0.0,1.0,0.0,0.13018158,1.0,0.0,0.7171229183673858,1390
1384,10.000000000000025,unknown,False,Major road,2,Punjab-Sindh lowland corridor,11,0.13686544,0.26053944,0.0,0.0,0.0,0.17184077,0.0,0.0,0.45454545454545453,0.0,0.09632599,1.0,0.0,0.38547713566910136,1391
1383,10.000000000000009,unknown,False,Major road,2,Punjab-Sindh lowland corridor,11,0.064363346,0.12414628,0.0,0.0,0.0,0.064363346,0.0,0.0,0.0,0.0,0.086207,1.0,0.0,0.16436334550380707,1392
1382,10.000000000000014,unknown,False,Major road,2,Punjab-Sindh lowland corridor,11,0.07698078,0.12295661,0.0,0.0,0.0,0.07698078,0.0,0.0,0.0,0.0,0.09752056,1.0,0.0,0.17698077708482743,1393
1381,9.999999999999972,unknown,False,Major road,2,Punjab-Sindh lowland corridor,10,0.060983162,0.12148924,0.0,0.0,0.0,0.060983162,0.0,0.0,0.0,0.0,0.08613278,1.0,0.0,0.16098316237330437,1394
1380,9.999999999999988,unknown,False,Major road,2,Punjab-Sindh lowland corridor,10,0.06528767,0.1312804,0.0,0.0,0.0,0.08421879,0.0,0.0,0.1,0.0,0.0874128,1.0,0.0,0.20921879261732101,1395
1379,10.000000000000002,unknown,False,Major road,2,Punjab-Sindh lowland corridor,11,0.12173688,0.23914596,0.0,0.0,0.0,0.15330489,0.0,0.0,0.36363636363636365,0.0,0.09383075,1.0,0.0,0.3442139807072553,1396
1378,10.000000000000014,unknown,False,Major road,2,Punjab-Sindh lowland corridor,11,0.059250202,0.09921517,0.0,0.0,0.0,0.059250202,0.0,0.0,0.0,0.0,0.12613909,1.0,0.0,0.15925020202994347,1397
1377,9.999999999999998,unknown,False,Major road,2,Punjab-Sindh lowland corridor,10,0.04137128,0.0717846,0.0,0.0,0.0,0.04137128,0.0,0.0,0.0,0.0,0.08148084,1.0,0.0,0.14137127846479416,1398
1376,10.000000000000032,unknown,False,Major road,2,Punjab-Sindh lowland corridor,11,0.07490497,0.22097924,0.0,0.0,0.0,0.09198893,0.0,0.0,0.09090909090909091,0.0,0.101906344,1.0,0.0,0.21471620134331965,1399
1375,9.999999999999979,unknown,False,Major road,2,Punjab-Sindh lowland corridor,10,0.04549701,0.12734017,0.0,0.0,0.0,0.049231865,0.0,0.0,0.1,0.0,0.06550559,1.0,0.0,0.1742318645119667,1400
1374,0.6597089208665838,unknown,False,Major road,2,Punjab-Sindh lowland corridor,2,0.1626147,0.19790803,0.0,0.0,0.0,0.33741966,0.0,0.0,1.0,0.0,0.23543957,1.0,0.0,0.6874196588993072,1401
1373,9.999999999999984,unknown,False,Major road,2,Punjab-Sindh lowland corridor,10,0.20227194,0.32553282,0.0,0.0,0.0,0.32988662,0.0,0.0,0.9,0.0,0.18319117,1.0,0.0,0.6548866152763366,1402
1372,4.32339126837019,unknown,False,Major road,2,Punjab-Sindh lowland corridor,7,0.08518771,0.20989531,0.0,0.0,0.0,0.10560518,0.0,0.0,0.2857142857142857,0.0,0.075339615,1.0,0.0,0.2770337490098817,1403
1403,0.8830910442669039,unknown,False,Major road,2,Punjab-Sindh lowland corridor,3,0.18260925,0.36864927,0.0,0.0,0.0,0.26336375,0.0,0.0,0.3333333333333333,0.0,0.20285992,1.0,0.0,0.44669708212216697,1404
1402,9.999999999999984,unknown,False,Major road,2,Punjab-Sindh lowland corridor,10,0.14775667,0.26684347,0.0,0.0,0.0,0.22763696,0.0,0.0,0.5,0.0,0.17588861,1.0,0.0,0.45263696312904356,1405
1401,10.000000000000004,unknown,False,Major road,2,Punjab-Sindh lowland corridor,11,0.11700165,0.2042862,0.0,0.0,0.0,0.1667655,0.0,0.0,0.36363636363636365,0.0,0.16939843,1.0,0.0,0.3576745870438489,1406
1400,9.99999999999998,unknown,False,Major road,2,Punjab-Sindh lowland corridor,10,0.08925889,0.18761349,0.0,0.0,0.0,0.11109692,0.0,0.0,0.1,0.0,0.1647973,1.0,0.0,0.23609691858291626,1407
1399,10.000000000000018,unknown,False,Major road,2,Punjab-Sindh lowland corridor,11,0.10386555,0.20245486,0.0,0.0,0.0,0.12625195,0.0,0.0,0.09090909090909091,0.0,0.1708571,1.0,0.0,0.24897922358729624,1408
1398,10.000000000000018,unknown,False,Major road,2,Punjab-Sindh lowland corridor,11,0.11677675,0.20245486,0.0,0.0,0.0,0.16772212,0.0,0.0,0.2727272727272727,0.0,0.19522549,1.0,0.0,0.33590393906289884,1409
1397,10.000000000000005,unknown,False,Major road,2,Punjab-Sindh lowland corridor,11,0.13696371,0.23333369,0.0,0.0,0.0,0.2114265,0.0,0.0,0.5454545454545454,0.0,0.18618093,1.0,0.0,0.44779013286937364,1410
1396,10.000000000000007,unknown,False,Major road,2,Punjab-Sindh lowland corridor,11,0.14369284,0.2441137,0.0,0.0,0.0,0.21330604,0.0,0.0,0.45454545454545453,0.0,0.18845285,1.0,0.0,0.4269424032081257,1411
1395,10.0,unknown,False,Major road,2,Punjab-Sindh lowland corridor,11,0.29904872,0.954149,0.0,0.0,0.0,0.43685076,0.0,0.0,0.6363636363636364,0.0,0.268976,1.0,0.0,0.6959416654976931,1412
1394,10.000000000000005,unknown,False,Major road,2,Punjab-Sindh lowland corridor,11,0.52383924,0.954149,0.0,0.0,0.0,0.73210126,0.0,0.0,1.0,0.0,0.32121083,1.0,0.0,1.0821012616157533,1413
1393,9.99999999999999,unknown,False,Major road,2,Punjab-Sindh lowland corridor,10,0.2855801,0.60977316,0.0,0.0,0.0,0.5088569,0.0,0.0,0.9,0.0,0.3230647,1.0,0.0,0.8338568925857544,1414
1392,9.999999999999991,unknown,False,Major road,2,Punjab-Sindh lowland corridor,10,0.34694606,0.7602701,0.0,0.0,0.0,0.5742746,0.0,0.0,1.0,0.0,0.3110362,1.0,0.0,0.9242745995521545,1415
1391,10.00000000000001,unknown,False,Major road,2,Punjab-Sindh lowland corridor,11,0.3835803,0.9577826,0.0,0.0,0.0,0.5911153,0.0,0.0,1.0,0.0,0.30720618,1.0,0.0,0.9411152958869934,1416
1390,4.894647457163384,unknown,False,Major road,2,Punjab-Sindh lowland corridor,7,0.1410283,0.29533166,0.0,0.0,0.0,0.16656944,0.0,0.0,0.42857142857142855,0.0,0.07282027,1.0,0.0,0.3737122986997877,1417
1389,9.999999999999977,unknown,False,Major road,2,Punjab-Sindh lowland corridor,10,0.105704464,0.22901753,0.0,0.0,0.0,0.15407766,0.0,0.0,0.3,0.0,0.11643891,1.0,0.0,0.32907766401767735,1418
1388,10.000000000000021,unknown,False,Major road,2,Punjab-Sindh lowland corridor,11,0.16309176,0.31119645,0.0,0.0,0.0,0.21193431,0.0,0.0,0.6363636363636364,0.0,0.08961482,1.0,0.0,0.4710252222689715,1419
1419,9.999999999999995,N5,False,Highway,1,Punjab-Sindh lowland corridor,10,0.36797243,0.6313753,0.0,0.0,0.0,0.5403888,0.0,0.0,0.9,0.0,0.24722023,1.0,0.0,0.865388822555542,1420
1418,9.360026952551515,M2,False,Highway,1,Punjab-Sindh lowland corridor,11,0.26314923,0.6092477,0.0,0.0,0.0,0.453776,0.0,0.0,0.9090909090909091,0.0,0.2830118,1.0,0.0,0.7810487292029641,1421
1417,10.000000000000002,M2,False,Highway,1,Punjab-Sindh lowland corridor,11,0.5596959,0.9036422,0.0,0.0,0.0,0.7432587,0.0,0.0,1.0,0.0,0.27607104,1.0,0.0,1.0932587146759034,1422
1416,9.999999999999988,M2,False,Highway,1,Punjab-Sindh lowland corridor,10,0.30340472,0.7286394,0.0,0.0,0.0,0.50374806,0.0,0.0,0.9,0.0,0.28874794,1.0,0.0,0.8287480592727661,1423
1415,10.000000000000023,M2,False,Highway,1,Punjab-Sindh lowland corridor,11,0.15408982,0.32895553,0.0,0.0,0.0,0.28608635,0.0,0.0,0.6363636363636364,0.0,0.2579372,1.0,0.0,0.5451772597703066,1424
1414,9.999999999999991,M2,False,Highway,1,Punjab-Sindh lowland corridor,10,0.20846966,0.41586298,0.0,0.0,0.0,0.3968659,0.0,0.0,0.9,0.0,0.26795116,1.0,0.0,0.7218659043312072,1425
1413,9.999999999999991,M2,False,Highway,1,Punjab-Sindh lowland corridor,10,0.31369123,0.763363,0.0,0.0,0.0,0.49996632,0.0,0.0,0.9,0.0,0.29048017,1.0,0.0,0.8249663233757019,1426
1412,9.999999999999993,M2,False,Highway,1,Punjab-Sindh lowland corridor,10,0.23239279,0.46456307,0.0,0.0,0.0,0.4151238,0.0,0.0,0.9,0.0,0.26652592,1.0,0.0,0.7401237905025482,1427
1411,9.999999999999986,M2,False,Highway,1,Punjab-Sindh lowland corridor,10,0.15041105,0.22791803,0.0,0.0,0.0,0.26683292,0.0,0.0,0.5,0.0,0.26402056,1.0,0.0,0.49183291792869566,1428
1410,10.000000000000002,M2,False,Highway,1,Punjab-Sindh lowland corridor,11,0.24863225,0.89427125,0.0,0.0,0.0,0.37100506,0.0,0.0,0.5454545454545454,0.0,0.27792633,1.0,0.0,0.6073686946522106,1429
1409,9.999999999999984,M2,False,Highway,1,Punjab-Sindh lowland corridor,10,0.37307185,0.7173795,0.0,0.0,0.0,0.60092074,0.0,0.0,1.0,0.0,0.30688283,1.0,0.0,0.9509207367897033,1430
1408,10.000000000000005,M2,False,Highway,1,Punjab-Sindh lowland corridor,11,0.345125,0.6538027,0.0,0.0,0.0,0.5877976,0.0,0.0,1.0,0.0,0.32684848,1.0,0.0,0.9377975821495056,1431
1407,9.999999999999973,M2,False,Highway,1,Punjab-Sindh lowland corridor,10,0.6624633,0.89725804,0.0,0.0,0.0,0.85896885,0.0,0.0,1.0,0.0,0.28794175,1.0,0.0,1.2089688539505006,1432
1406,10.0,M2,False,Highway,1,Punjab-Sindh lowland corridor,11,0.7454534,0.98143053,0.0,0.0,0.0,0.82706755,0.0,0.0,0.9090909090909091,0.0,0.24555804,1.0,0.0,1.1543402812697672,1433
1405,9.999999999999996,M2,False,Highway,1,Punjab-Sindh lowland corridor,10,0.10692241,0.12670587,0.0,0.0,0.0,0.12083504,0.0,0.0,0.1,0.0,0.17899565,1.0,0.0,0.24583504348993301,1434
1404,9.999999999999998,M2,False,Highway,1,Punjab-Sindh lowland corridor,10,0.13409305,0.24047068,0.0,0.0,0.0,0.23455806,0.0,0.0,0.5,0.0,0.22457008,1.0,0.0,0.4595580607652664,1435
1435,9.99999999999999,N75,False,Major road,2,Punjab-Sindh lowland corridor,10,0.51573074,0.74397963,0.0,0.0,0.0,0.7001878,0.0,0.0,1.0,0.0,0.24843964,1.0,0.0,1.0501878023147584,1436
1434,1.7750415655094829,Islamabad Highway,False,Major road,2,Punjab-Sindh lowland corridor,3,0.24091457,0.24896263,0.0,0.0,0.0,0.44428432,0.0,0.0,1.0,0.0,0.27391264,1.0,0.0,0.7942843198776245,1437
1433,10.000000000000007,Islamabad Highway,False,Major road,2,Punjab-Sindh lowland corridor,11,0.4467386,0.9170612,0.0,0.0,0.0,0.6271267,0.0,0.0,1.0,0.0,0.2712483,1.0,0.0,0.9771266937255859,1438
1432,8.022493324150798,N5,False,Highway,1,Punjab-Sindh lowland corridor,11,0.49904346,0.8958755,0.0,0.0,0.0,0.59905076,0.0,0.0,1.0,0.0,0.14945786,1.0,0.0,0.949050760269165,1439
1431,10.000000000000009,N5,False,Highway,1,Punjab-Sindh lowland corridor,11,0.39477107,0.71049285,0.0,0.0,0.0,0.556982,0.0,0.0,1.0,0.0,0.218477,1.0,0.0,0.9069819808006286,1440
1430,10.000000000000027,N5,False,Highway,1,Punjab-Sindh lowland corridor,11,0.3912136,0.6399706,0.0,0.0,0.0,0.54341686,0.0,0.0,1.0,0.0,0.20499802,1.0,0.0,0.8934168577194214,1441
1429,9.999999999999975,N5,False,Highway,1,Punjab-Sindh lowland corridor,10,0.5102307,0.9290746,0.0,0.0,0.0,0.65945613,0.0,0.0,1.0,0.0,0.21111634,1.0,0.0,1.0094561338424684,1442
1428,9.999999999999998,N5,False,Highway,1,Punjab-Sindh lowland corridor,10,0.46719152,0.86321974,0.0,0.0,0.0,0.6388536,0.0,0.0,1.0,0.0,0.24182749,1.0,0.0,0.9888536095619201,1443
1427,9.999999999999982,N5,False,Highway,1,Punjab-Sindh lowland corridor,10,0.27182755,0.4849445,0.0,0.0,0.0,0.4294718,0.0,0.0,1.0,0.0,0.21232626,1.0,0.0,0.7794717907905578,1444
1426,10.000000000000018,N5,False,Highway,1,Punjab-Sindh lowland corridor,11,0.15700032,0.2131805,0.0,0.0,0.0,0.27401042,0.0,0.0,0.7272727272727273,0.0,0.19992694,1.0,0.0,0.5558286016637629,1445
1425,9.999999999999975,N5,False,Highway,1,Punjab-Sindh lowland corridor,10,0.33826265,0.55038893,0.0,0.0,0.0,0.483066,0.0,0.0,1.0,0.0,0.19503129,1.0,0.0,0.8330659925937652,1446
1424,10.000000000000016,N5,False,Highway,1,Punjab-Sindh lowland corridor,11,0.30400112,0.44291553,0.0,0.0,0.0,0.48138085,0.0,0.0,1.0,0.0,0.23890744,1.0,0.0,0.8313808500766754,1447
1423,9.999999999999948,N5,False,Highway,1,Punjab-Sindh lowland corridor,10,0.43657374,0.8785293,0.0,0.0,0.0,0.6392342,0.0,0.0,1.0,0.0,0.28139696,1.0,0.0,0.989234185218811,1448
1422,10.000000000000023,N5,False,Highway,1,Punjab-Sindh lowland corridor,11,0.67619926,0.97589827,0.0,0.0,0.0,0.8429655,0.0,0.0,1.0,0.0,0.31516123,1.0,0.0,1.1929654836654664,1449
1421,10.000000000000027,N5,False,Highway,1,Punjab-Sindh lowland corridor,11,0.33175686,0.4710847,0.0,0.0,0.0,0.53217745,0.0,0.0,1.0,0.0,0.26994053,1.0,0.0,0.8821774482727051,1450
1420,9.999999999999984,N5,False,Highway,1,Punjab-Sindh lowland corridor,10,0.35284558,0.85463333,0.0,0.0,0.0,0.5667214,0.0,0.0,1.0,0.0,0.30222765,1.0,0.0,0.9167213797569275,1451
1451,9.999999999999988,unknown,False,Major road,2,KP-AJK,10,0.946499,0.99350584,0.0,0.0,0.0,0.999869,0.0,0.0,1.0,0.0,0.18289295,1.0,0.0,1.3498689889907838,1452
1450,10.000000000000005,unknown,False,Major road,2,KP-AJK,11,0.7576303,0.97079945,0.0,0.0,0.0,0.88915634,0.0,0.0,1.0,0.0,0.25301796,1.0,0.0,1.2391563415527345,1453
1449,4.468686757686565,M1,False,Highway,1,Punjab-Sindh lowland corridor,6,0.12483535,0.15137409,0.0,0.0,0.0,0.1875227,0.0,0.0,0.5,0.0,0.15716802,1.0,0.0,0.4125226944684982,1454
1448,10.000000000000009,M1,False,Highway,1,Punjab-Sindh lowland corridor,11,0.10407205,0.14706784,0.0,0.0,0.0,0.14838853,0.0,0.0,0.36363636363636365,0.0,0.1391862,1.0,0.0,0.33929762569340793,1455
1447,10.000000000000025,M1,False,Highway,1,Punjab-Sindh lowland corridor,11,0.4454568,0.93144506,0.0,0.0,0.0,0.5991924,0.0,0.0,0.8181818181818182,0.0,0.2540977,1.0,0.0,0.9037378354506059,1456
1446,9.999999999999975,M1,False,Highway,1,Punjab-Sindh lowland corridor,10,0.5358265,0.9328383,0.0,0.0,0.0,0.7583052,0.0,0.0,1.0,0.0,0.33385968,1.0,0.0,1.1083051919937135,1457
1445,9.999999999999993,M1,False,Highway,1,Punjab-Sindh lowland corridor,10,0.30221188,0.6290171,0.0,0.0,0.0,0.5038525,0.0,0.0,1.0,0.0,0.27158362,1.0,0.0,0.8538524866104126,1458
1444,10.000000000000005,M1,False,Highway,1,Punjab-Sindh lowland corridor,11,0.19091244,0.30331567,0.0,0.0,0.0,0.30563796,0.0,0.0,0.8181818181818182,0.0,0.18241805,1.0,0.0,0.6101834102110429,1459
1443,10.000000000000004,M1,False,Highway,1,Punjab-Sindh lowland corridor,11,0.18959683,0.34278324,0.0,0.0,0.0,0.31603637,0.0,0.0,0.8181818181818182,0.0,0.20892978,1.0,0.0,0.6205818279223009,1460
1442,0.06946869441404292,unknown,False,Major road,2,Punjab-Sindh lowland corridor,2,0.514015,0.514015,0.0,0.0,0.0,0.7195791,0.0,0.0,1.0,0.0,0.27686813,1.0,0.0,1.0695791006088258,1461
1441,10.000000000000002,unknown,False,Major road,2,Punjab-Sindh lowland corridor,11,0.40277222,0.72139275,0.0,0.0,0.0,0.5888863,0.0,0.0,1.0,0.0,0.2506716,1.0,0.0,0.9388863205909729,1462
1440,8.523716101252406,N75,False,Major road,2,Punjab-Sindh lowland corridor,11,0.37296906,0.563399,0.0,0.0,0.0,0.54171085,0.0,0.0,1.0,0.0,0.22727327,1.0,0.0,0.8917108535766601,1463
1439,10.000000000000012,N75,False,Major road,2,Punjab-Sindh lowland corridor,11,0.51486033,0.8913926,0.0,0.0,0.0,0.6676104,0.0,0.0,0.9090909090909091,0.0,0.23832002,1.0,0.0,0.9948831341483376,1464
1438,8.968906775024621,Shahrah-e-Kashmir,False,Major road,2,Punjab-Sindh lowland corridor,10,0.35436413,0.55143946,0.0,0.0,0.0,0.5387554,0.0,0.0,1.0,0.0,0.2483511,1.0,0.0,0.8887554168701172,1465
1437,9.999999999999998,Shahrah-e-Kashmir,False,Major road,2,Punjab-Sindh lowland corridor,10,0.37475908,0.68714875,0.0,0.0,0.0,0.58983743,0.0,0.0,1.0,0.0,0.28968266,1.0,0.0,0.9398374319076538,1466
1436,0.4197507259109927,N75,False,Major road,2,Punjab-Sindh lowland corridor,2,0.5984353,0.63019705,0.0,0.0,0.0,0.77693546,0.0,0.0,1.0,0.0,0.24041653,1.0,0.0,1.1269354581832887,1467
1468,9.999999999999996,unknown,False,Major road,2,KP-AJK,10,0.85457164,0.99003386,0.0,0.0,0.0,0.9260601,0.0,0.0,1.0,0.0,0.1857642,1.0,0.0,1.2760600805282594,1468
1467,7.185047678100454,N80,False,Major road,2,Punjab-Sindh lowland corridor,9,0.30844867,0.51659054,0.0,0.0,0.0,0.5298719,0.0,0.0,1.0,0.0,0.29822826,1.0,0.0,0.8798718810081482,1469
1466,9.999999999999991,N80,False,Major road,2,Punjab-Sindh lowland corridor,10,0.14978154,0.2777034,0.0,0.0,0.0,0.2696572,0.0,0.0,0.7,0.0,0.22961776,1.0,0.0,0.5446571946144104,1470
1465,9.999999999999993,N80,False,Major road,2,Punjab-Sindh lowland corridor,10,0.18288147,0.33693644,0.0,0.0,0.0,0.3704819,0.0,0.0,0.9,0.0,0.26689568,1.0,0.0,0.6954819083213806,1471
1464,10.000000000000023,N80,False,Major road,2,Punjab-Sindh lowland corridor,11,0.22201256,0.520895,0.0,0.0,0.0,0.3702428,0.0,0.0,0.8181818181818182,0.0,0.22726259,1.0,0.0,0.6747882588343187,1472
1463,10.000000000000018,N80,False,Major road,2,Punjab-Sindh lowland corridor,11,0.16360094,0.42904946,0.0,0.0,0.0,0.31625763,0.0,0.0,0.7272727272727273,0.0,0.27866432,1.0,0.0,0.5980758076364344,1473
1462,9.99999999999999,N80,False,Major road,2,Punjab-Sindh lowland corridor,10,0.10376058,0.1453675,0.0,0.0,0.0,0.12750159,0.0,0.0,0.1,0.0,0.19510499,1.0,0.0,0.25250159204006195,1474
1461,10.000000000000004,N80,False,Major road,2,Punjab-Sindh lowland corridor,11,0.11598206,0.23992863,0.0,0.0,0.0,0.17110544,0.0,0.0,0.2727272727272727,0.0,0.21936144,1.0,0.0,0.33928726261312314,1475
1460,9.99999999999999,N80,False,Major road,2,Punjab-Sindh lowland corridor,10,0.13854012,0.21545936,0.0,0.0,0.0,0.25943315,0.0,0.0,0.5,0.0,0.2415827,1.0,0.0,0.48443315029144285,1476
1459,10.000000000000004,N80,False,Major road,2,Punjab-Sindh lowland corridor,11,0.1307038,0.2759959,0.0,0.0,0.0,0.2412491,0.0,0.0,0.45454545454545453,0.0,0.2581022,1.0,0.0,0.45488546301018107,1477
1458,9.999999999999995,N80,False,Major road,2,Punjab-Sindh lowland corridor,10,0.13726121,0.21605858,0.0,0.0,0.0,0.2171088,0.0,0.0,0.5,0.0,0.2029682,1.0,0.0,0.4421088010072708,1478
1457,10.000000000000004,N80,False,Major road,2,Punjab-Sindh lowland corridor,11,0.27439442,0.95446855,0.0,0.0,0.0,0.41955045,0.0,0.0,0.8181818181818182,0.0,0.22554722,1.0,0.0,0.7240959032015367,1479
1456,9.193139593031006,N80,False,Major road,2,KP-AJK,11,0.26849714,0.75325906,0.0,0.0,0.0,0.40035498,0.0,0.0,0.6363636363636364,0.0,0.2557223,1.0,0.0,0.6594458905133334,1480
1455,9.999999999999995,N80,False,Major road,2,KP-AJK,10,0.1507347,0.28122336,0.0,0.0,0.0,0.26171172,0.0,0.0,0.7,0.0,0.21470456,1.0,0.0,0.5367117166519165,1481
1453,9.999999999999988,N80,False,Major road,2,KP-AJK,10,0.3494853,0.8710286,0.0,0.0,0.0,0.4962409,0.0,0.0,1.0,0.0,0.21588469,1.0,0.0,0.8462409138679504,1482
1452,6.484042833861513,unknown,False,Major road,2,KP-AJK,8,0.19383082,0.60616124,0.0,0.0,0.0,0.31148115,0.0,0.0,0.625,0.0,0.27192736,1.0,0.0,0.5677311480045318,1483
1484,10.000000000000004,N5,False,Highway,1,Punjab-Sindh lowland corridor,11,0.40000087,0.6980371,0.0,0.0,0.0,0.5822639,0.0,0.0,1.0,0.0,0.24548464,1.0,0.0,0.9322638869285583,1484
1483,0.28078484030627165,N55,False,Highway,1,KP-AJK,2,0.30686334,0.30686334,0.0,0.0,0.0,0.32115844,0.0,0.0,1.0,0.0,0.019253643,1.0,0.0,0.6711584389209747,1485
1482,10.000000000000023,N55,False,Highway,1,KP-AJK,11,0.3270369,0.60546947,0.0,0.0,0.0,0.40836337,0.0,0.0,1.0,0.0,0.109536245,1.0,0.0,0.7583633720874786,1486
1481,9.999999999999966,N55,False,Highway,1,KP-AJK,10,0.14311977,0.26462138,0.0,0.0,0.0,0.19293287,0.0,0.0,0.6,0.0,0.10718217,1.0,0.0,0.4429328739643097,1487
1480,10.000000000000028,N55,False,Highway,1,KP-AJK,11,0.2203678,0.45557287,0.0,0.0,0.0,0.33219212,0.0,0.0,0.8181818181818182,0.0,0.17315397,1.0,0.0,0.6367375774817033,1488
1479,9.999999999999988,N55,False,Highway,1,KP-AJK,10,0.46826133,0.9653755,0.0,0.0,0.0,0.6004916,0.0,0.0,1.0,0.0,0.20279339,1.0,0.0,0.9504915833473205,1489
1478,10.000000000000002,N55,False,Highway,1,KP-AJK,11,0.84717005,0.98127896,0.0,0.0,0.0,0.93110144,0.0,0.0,1.0,0.0,0.16706395,1.0,0.0,1.281101441383362,1490
1477,2.3002659613620775,unknown,False,Major road,2,KP-AJK,4,0.66120124,0.9538911,0.0,0.0,0.0,0.83759475,0.0,0.0,1.0,0.0,0.3468556,1.0,0.0,1.187594747543335,1491
1476,9.999999999999998,unknown,False,Major road,2,KP-AJK,10,0.43363395,0.90572244,0.0,0.0,0.0,0.6443774,0.0,0.0,1.0,0.0,0.28519866,1.0,0.0,0.9943774104118347,1492
1475,10.000000000000002,unknown,False,Major road,2,KP-AJK,11,0.5110321,0.9633038,0.0,0.0,0.0,0.6497839,0.0,0.0,1.0,0.0,0.2485963,1.0,0.0,0.9997839093208313,1493
1474,9.99999999999999,unknown,False,Major road,2,KP-AJK,10,0.5628314,0.8709274,0.0,0.0,0.0,0.7476982,0.0,0.0,1.0,0.0,0.28417638,1.0,0.0,1.097698187828064,1494
1473,10.000000000000025,unknown,False,Major road,2,KP-AJK,11,0.8564165,0.97795933,0.0,0.0,0.0,0.92855144,0.0,0.0,1.0,0.0,0.2486189,1.0,0.0,1.2785514354705811,1495
1472,10.000000000000002,unknown,False,Major road,2,KP-AJK,11,0.6342606,0.98883325,0.0,0.0,0.0,0.77947927,0.0,0.0,1.0,0.0,0.29943925,1.0,0.0,1.1294792652130128,1496
1471,10.000000000000005,unknown,False,Major road,2,KP-AJK,11,0.65787226,0.9788294,0.0,0.0,0.0,0.76316637,0.0,0.0,1.0,0.0,0.26026735,1.0,0.0,1.11316636800766,1497
1470,9.999999999999995,unknown,False,Major road,2,KP-AJK,10,0.41326696,0.97266936,0.0,0.0,0.0,0.5223905,0.0,0.0,1.0,0.0,0.16569456,1.0,0.0,0.8723904848098755,1498
1469,2.7954074035215672,unknown,False,Major road,2,KP-AJK,5,0.86497843,0.98918283,0.0,0.0,0.0,0.9252289,0.0,0.0,1.0,0.0,0.12782718,1.0,0.0,1.2752288937568665,1499
1500,9.999999999999998,N5,False,Highway,1,KP-AJK,10,0.17596667,0.23800083,0.0,0.0,0.0,0.28392166,0.0,0.0,1.0,0.0,0.14540133,1.0,0.0,0.6339216589927673,1500
1499,10.000000000000002,N5,False,Highway,1,KP-AJK,11,0.27969682,0.4314556,0.0,0.0,0.0,0.34025958,0.0,0.0,0.9090909090909091,0.0,0.08933899,1.0,0.0,0.6675323090770028,1501
1498,0.5355940316839859,N5,False,Highway,1,KP-AJK,3,0.35286793,0.4065645,0.0,0.0,0.0,0.44575787,0.0,0.0,1.0,0.0,0.12511069,1.0,0.0,0.7957578659057617,1502
1497,10.000000000000002,N5,False,Highway,1,KP-AJK,11,0.26634648,0.47287273,0.0,0.0,0.0,0.35698047,0.0,0.0,1.0,0.0,0.12207223,1.0,0.0,0.7069804728031158,1503
1496,4.224612592752728,unknown,False,Major road,2,KP-AJK,6,0.24273074,0.3162865,0.0,0.0,0.0,0.332414,0.0,0.0,1.0,0.0,0.1207917,1.0,0.0,0.6824140012264251,1504
1495,9.999999999999998,unknown,False,Major road,2,KP-AJK,10,0.21842256,0.57316893,0.0,0.0,0.0,0.3096369,0.0,0.0,0.9,0.0,0.13586311,1.0,0.0,0.6346368908882141,1505
1494,0.8131497569125639,N5,False,Highway,1,KP-AJK,2,0.3829467,0.5922801,0.0,0.0,0.0,0.48477337,0.0,0.0,1.0,0.0,0.13714729,1.0,0.0,0.8347733676433563,1506
1493,9.999999999999988,N5,False,Highway,1,KP-AJK,10,0.2079953,0.31007862,0.0,0.0,0.0,0.29650435,0.0,0.0,0.9,0.0,0.13042393,1.0,0.0,0.6215043485164642,1507
1492,10.000000000000005,N5,False,Highway,1,KP-AJK,11,0.18359452,0.28477544,0.0,0.0,0.0,0.26237366,0.0,0.0,0.8181818181818182,0.0,0.119860865,1.0,0.0,0.5669191105799242,1508
1491,9.999999999999998,N5,False,Highway,1,KP-AJK,10,0.51037717,0.9414744,0.0,0.0,0.0,0.64314574,0.0,0.0,1.0,0.0,0.19675203,1.0,0.0,0.993145740032196,1509
1490,0.6904884066162154,N5,False,Highway,1,KP-AJK,3,0.85196084,0.94878834,0.0,0.0,0.0,0.9601242,0.0,0.0,1.0,0.0,0.1775536,1.0,0.0,1.3101241946220399,1510
1489,10.000000000000012,N5,False,Highway,1,Punjab-Sindh lowland corridor,11,0.48013946,0.94878834,0.0,0.0,0.0,0.6337212,0.0,0.0,0.9090909090909091,0.0,0.23066391,1.0,0.0,0.9609939000823281,1511
1488,9.999999999999979,N5,False,Highway,1,Punjab-Sindh lowland corridor,10,0.22709195,0.5264338,0.0,0.0,0.0,0.35547215,0.0,0.0,0.8,0.0,0.20080765,1.0,0.0,0.6554721474647521,1512
1487,9.999999999999972,N5,False,Highway,1,Punjab-Sindh lowland corridor,10,0.30329442,0.6123043,0.0,0.0,0.0,0.4786555,0.0,0.0,1.0,0.0,0.23618856,1.0,0.0,0.8286554872989654,1513
1486,10.00000000000002,N5,False,Highway,1,Punjab-Sindh lowland corridor,11,0.2749911,0.47784317,0.0,0.0,0.0,0.45520636,0.0,0.0,0.9090909090909091,0.0,0.25442055,1.0,0.0,0.7824790916659615,1514
1485,10.0,N5,False,Highway,1,Punjab-Sindh lowland corridor,11,0.45149425,0.72139275,0.0,0.0,0.0,0.64979017,0.0,0.0,1.0,0.0,0.26707885,1.0,0.0,0.9997901678085327,1515
1516,4.3934180974405095,N75,False,Major road,2,KP-AJK,7,0.9675762,0.9842861,0.0,0.0,0.0,0.9976792,0.0,0.0,1.0,0.0,0.051403113,1.0,0.0,1.3476791739463807,1516
1515,9.999999999999956,N75,False,Major road,2,KP-AJK,10,0.9845745,0.9882263,0.0,0.0,0.0,0.9966836,0.0,0.0,1.0,0.0,0.01701399,1.0,0.0,1.3466835975646974,1517
1514,10.000000000000052,N75,False,Major road,2,KP-AJK,11,0.9819523,0.99055475,0.0,0.0,0.0,0.9975777,0.0,0.0,1.0,0.0,0.024779659,1.0,0.0,1.347577726840973,1518
1513,9.999999999999968,N75,False,Major road,2,KP-AJK,10,0.98052996,0.9886474,0.0,0.0,0.0,0.9977314,0.0,0.0,1.0,0.0,0.03021299,1.0,0.0,1.347731387615204,1519
1512,10.000000000000016,N75,False,Major road,2,KP-AJK,11,0.92345923,0.9814334,0.0,0.0,0.0,0.9941155,0.0,0.0,1.0,0.0,0.18827423,1.0,0.0,1.3441154718399049,1520
1511,9.99999999999999,N75,False,Major road,2,Punjab-Sindh lowland corridor,10,0.8340057,0.9177941,0.0,0.0,0.0,0.9996897,0.0,0.0,1.0,0.0,0.36963722,1.0,0.0,1.3496896982192994,1521
1510,9.999999999999988,N75,False,Major road,2,Punjab-Sindh lowland corridor,10,0.5533333,0.75801635,0.0,0.0,0.0,0.807672,0.0,0.0,1.0,0.0,0.3498971,1.0,0.0,1.1576720237731934,1522
1509,10.000000000000016,N75,False,Major road,2,Punjab-Sindh lowland corridor,11,0.7606583,0.9530547,0.0,0.0,0.0,0.93787235,0.0,0.0,1.0,0.0,0.3339585,1.0,0.0,1.287872350215912,1523
1508,9.999999999999984,N75,False,Major road,2,Punjab-Sindh lowland corridor,10,0.73055923,0.9069992,0.0,0.0,0.0,0.9340512,0.0,0.0,1.0,0.0,0.37696612,1.0,0.0,1.2840512156486512,1524
1507,10.000000000000027,N75,False,Major road,2,Punjab-Sindh lowland corridor,11,0.865967,0.9333131,0.0,0.0,0.0,0.9992632,0.0,0.0,1.0,0.0,0.26089865,1.0,0.0,1.3492632269859315,1525
1506,9.999999999999995,N75,False,Major road,2,Punjab-Sindh lowland corridor,10,0.806595,0.95501035,0.0,0.0,0.0,0.9511226,0.0,0.0,1.0,0.0,0.29415095,1.0,0.0,1.3011225819587708,1526
1505,5.479332418174141,unknown,False,Major road,2,KP-AJK,8,0.1088518,0.2052738,0.0,0.0,0.0,0.15450284,0.0,0.0,0.375,0.0,0.13182914,1.0,0.0,0.34825283885002134,1527
1504,9.999999999999982,unknown,False,Major road,2,KP-AJK,10,0.107950926,0.26375934,0.0,0.0,0.0,0.16302869,0.0,0.0,0.3,0.0,0.178987,1.0,0.0,0.3380286872386933,1528
1503,10.000000000000007,unknown,False,Major road,2,KP-AJK,11,0.46021292,0.95180094,0.0,0.0,0.0,0.5608278,0.0,0.0,0.7272727272727273,0.0,0.21719152,1.0,0.0,0.8426459735090083,1529
1502,8.350863147265292,N5,False,Highway,1,KP-AJK,11,0.2311594,0.51543915,0.0,0.0,0.0,0.31578568,0.0,0.0,0.9090909090909091,0.0,0.12378722,1.0,0.0,0.6430584035136483,1530
1501,9.999999999999988,N5,False,Highway,1,KP-AJK,10,0.16232052,0.2706993,0.0,0.0,0.0,0.21409445,0.0,0.0,0.6,0.0,0.1242123,1.0,0.0,0.46409444510936737,1531
1532,10.000000000000043,N35,True,Highway,1,KP-AJK,11,0.59251326,0.76222557,0.0,0.0,0.0,0.81205237,0.0,0.0,1.0,0.0,0.29879448,1.0,0.0,1.162052369117737,1532
1531,10.000000000000005,N35,True,Highway,1,KP-AJK,11,0.54718286,0.88081765,0.0,0.0,0.0,0.69408417,0.0,0.0,1.0,0.0,0.20197819,1.0,0.0,1.0440841674804688,1533
1530,10.000000000000004,N35,True,Highway,1,KP-AJK,11,0.7835724,0.9745324,0.0,0.0,0.0,0.8821815,0.0,0.0,1.0,0.0,0.14886513,1.0,0.0,1.2321815252304078,1534
1529,10.000000000000002,N35,True,Highway,1,KP-AJK,11,0.47471178,0.8439765,0.0,0.0,0.0,0.61349875,0.0,0.0,1.0,0.0,0.19789505,1.0,0.0,0.9634987473487854,1535
1528,10.000000000000009,N35,True,Highway,1,KP-AJK,11,0.2733104,0.4621538,0.0,0.0,0.0,0.39630395,0.0,0.0,1.0,0.0,0.16565634,1.0,0.0,0.7463039517402649,1536
1527,9.999999999999988,N35,True,Highway,1,KP-AJK,10,0.31827933,0.479778,0.0,0.0,0.0,0.47669402,0.0,0.0,1.0,0.0,0.213364,1.0,0.0,0.8266940176486969,1537
1526,10.00000000000001,N35,True,Highway,1,KP-AJK,11,0.21085137,0.50631475,0.0,0.0,0.0,0.30837256,0.0,0.0,0.5454545454545454,0.0,0.22331005,1.0,0.0,0.5447361935268749,1538
1525,10.0,N35,True,Highway,1,Punjab-Sindh lowland corridor,11,0.29017535,0.56833255,0.0,0.0,0.0,0.48817644,0.0,0.0,0.9090909090909091,0.0,0.27826107,1.0,0.0,0.8154491625048897,1539
1524,10.000000000000007,N35,True,Highway,1,Punjab-Sindh lowland corridor,11,0.401372,0.56833255,0.0,0.0,0.0,0.6324886,0.0,0.0,1.0,0.0,0.311284,1.0,0.0,0.9824886083602905,1540
1523,9.168443350450024,unknown,False,Major road,2,KP-AJK,12,0.9529678,0.9901766,0.0,0.0,0.0,0.9970065,0.0,0.0,1.0,0.0,0.078148946,1.0,0.0,1.3470064759254456,1541
1522,10.000000000000043,unknown,False,Major road,2,KP-AJK,11,0.96035177,0.99163336,0.0,0.0,0.0,0.99838537,0.0,0.0,1.0,0.0,0.079974525,1.0,0.0,1.3483853697776795,1542
1521,9.999999999999977,unknown,False,Major road,2,KP-AJK,10,0.96372336,0.9826757,0.0,0.0,0.0,0.9974724,0.0,0.0,1.0,0.0,0.06901272,1.0,0.0,1.3474724054336549,1543
1520,10.0,unknown,False,Major road,2,KP-AJK,11,0.959754,0.9781131,0.0,0.0,0.0,0.9980911,0.0,0.0,1.0,0.0,0.06769131,1.0,0.0,1.3480911016464234,1544
1519,9.999999999999986,unknown,False,Major road,2,KP-AJK,10,0.95904124,0.97367823,0.0,0.0,0.0,0.9988527,0.0,0.0,1.0,0.0,0.077739514,1.0,0.0,1.3488527297973634,1545
1518,9.999999999999991,unknown,False,Major road,2,KP-AJK,10,0.93539846,0.97405964,0.0,0.0,0.0,0.99789304,0.0,0.0,1.0,0.0,0.14546758,1.0,0.0,1.3478930354118348,1546
1517,10.000000000000007,unknown,False,Major road,2,KP-AJK,11,0.93398666,0.98247486,0.0,0.0,0.0,0.9976707,0.0,0.0,1.0,0.0,0.15867911,1.0,0.0,1.3476707100868226,1547
1555,6.1817507923624575,N90,False,Major road,2,KP-AJK,8,0.99066573,0.99219024,0.0,0.0,0.0,0.99926054,0.0,0.0,1.0,0.0,0.0130594,1.0,0.0,1.3492605447769166,1548
1554,10.000000000000005,N90,False,Major road,2,KP-AJK,11,0.98163986,0.9904547,0.0,0.0,0.0,0.9978792,0.0,0.0,1.0,0.0,0.046020314,1.0,0.0,1.347879207134247,1549
1553,10.0,N90,False,Major road,2,KP-AJK,11,0.96534103,0.98582196,0.0,0.0,0.0,1.0,0.0,0.0,1.0,0.0,0.13263096,1.0,0.0,1.35,1550
1551,10.0,N90,False,Major road,2,KP-AJK,11,0.7270275,0.95033866,0.0,0.0,0.0,0.9341104,0.0,0.0,1.0,0.0,0.3407582,1.0,0.0,1.2841104030609132,1551
1550,10.000000000000005,N90,False,Major road,2,KP-AJK,11,0.70091736,0.95033866,0.0,0.0,0.0,0.84246844,0.0,0.0,1.0,0.0,0.26534745,1.0,0.0,1.1924684405326844,1552
1549,4.317699410477829,N35,True,Highway,1,KP-AJK,7,0.99285394,0.99368984,0.0,0.0,0.0,0.9996263,0.0,0.0,1.0,0.0,0.009410173,1.0,0.0,1.3496262788772584,1553
1548,9.999999999999993,N35,True,Highway,1,KP-AJK,10,0.9920518,0.9936818,0.0,0.0,0.0,0.9994712,0.0,0.0,1.0,0.0,0.010219753,1.0,0.0,1.3494711875915528,1554
1543,9.999999999999975,N35,True,Highway,1,KP-AJK,10,0.9880036,0.9926561,0.0,0.0,0.0,0.9998951,0.0,0.0,1.0,0.0,0.01879304,1.0,0.0,1.3498950958251954,1555
1542,10.000000000000005,N35,True,Highway,1,KP-AJK,11,0.98178965,0.9923659,0.0,0.0,0.0,0.9993894,0.0,0.0,1.0,0.0,0.02957535,1.0,0.0,1.349389410018921,1556
1541,10.000000000000066,N35,True,Highway,1,KP-AJK,11,0.96662104,0.9902467,0.0,0.0,0.0,0.99774724,0.0,0.0,1.0,0.0,0.048942436,1.0,0.0,1.3477472424507142,1557
1538,9.999999999999993,N35,True,Highway,1,KP-AJK,10,0.8239336,0.946501,0.0,0.0,0.0,0.99191713,0.0,0.0,1.0,0.0,0.30181488,1.0,0.0,1.341917133331299,1558
1537,9.999999999999966,N35,True,Highway,1,KP-AJK,10,0.5713391,0.8788848,0.0,0.0,0.0,0.76577777,0.0,0.0,1.0,0.0,0.3044445,1.0,0.0,1.1157777667045594,1559
1536,10.000000000000023,N35,True,Highway,1,KP-AJK,11,0.7351555,0.9664683,0.0,0.0,0.0,0.93034387,0.0,0.0,1.0,0.0,0.34072325,1.0,0.0,1.2803438663482667,1560
1535,10.000000000000028,N35,True,Highway,1,KP-AJK,11,0.7729527,0.9664683,0.0,0.0,0.0,0.9222556,0.0,0.0,1.0,0.0,0.2733681,1.0,0.0,1.272255575656891,1561
1534,9.999999999999977,N35,True,Highway,1,KP-AJK,10,0.3963143,0.57309407,0.0,0.0,0.0,0.59021926,0.0,0.0,1.0,0.0,0.2611648,1.0,0.0,0.9402192592620849,1562
1533,10.000000000000036,N35,True,Highway,1,KP-AJK,11,0.54988873,0.80958337,0.0,0.0,0.0,0.7162767,0.0,0.0,1.0,0.0,0.22410302,1.0,0.0,1.0662767052650453,1563
1573,10.000000000000062,N15,False,Major road,2,KP-AJK,11,0.8964546,0.9777883,0.0,0.0,0.0,0.97567075,0.0,0.0,1.0,0.0,0.2284891,1.0,0.0,1.3256707549095155,1564
1572,9.999999999999998,N15,False,Major road,2,KP-AJK,10,0.95278823,0.98984474,0.0,0.0,0.0,0.99992836,0.0,0.0,1.0,0.0,0.130442,1.0,0.0,1.34992835521698,1565
1570,9.999999999999956,N15,False,Major road,2,KP-AJK,10,0.98330116,0.9883206,0.0,0.0,0.0,0.99977714,0.0,0.0,1.0,0.0,0.067116424,1.0,0.0,1.349777138233185,1566
1569,9.999999999999991,N15,False,Major road,2,KP-AJK,10,0.9801796,0.9900707,0.0,0.0,0.0,0.99888915,0.0,0.0,1.0,0.0,0.09902625,1.0,0.0,1.3488891482353211,1567
1568,10.000000000000021,N15,False,Major road,2,KP-AJK,11,0.98401815,0.9903145,0.0,0.0,0.0,0.9995281,0.0,0.0,1.0,0.0,0.046795487,1.0,0.0,1.3495281100273133,1568
1567,9.999999999999996,N15,False,Major road,2,KP-AJK,10,0.9685071,0.98589325,0.0,0.0,0.0,1.0,0.0,0.0,1.0,0.0,0.22722013,1.0,0.0,1.35,1569
1566,10.00000000000001,N15,False,Major road,2,KP-AJK,11,0.97647303,0.9910683,0.0,0.0,0.0,0.9992187,0.0,0.0,1.0,0.0,0.10939646,1.0,0.0,1.3492187023162843,1570
1565,10.000000000000039,N15,False,Major road,2,KP-AJK,11,0.97425437,0.9885642,0.0,0.0,0.0,1.0,0.0,0.0,1.0,0.0,0.21192674,1.0,0.0,1.35,1571
1564,9.999999999999995,N15,False,Major road,2,KP-AJK,10,0.9456337,0.97709864,0.0,0.0,0.0,1.0,0.0,0.0,1.0,0.0,0.2514531,1.0,0.0,1.35,1572
1563,9.999999999999988,N15,False,Major road,2,KP-AJK,10,0.8639027,0.982706,0.0,0.0,0.0,0.9859007,0.0,0.0,1.0,0.0,0.26622853,1.0,0.0,1.3359007000923158,1573
1562,10.000000000000016,N15,False,Major road,2,KP-AJK,11,0.8818369,0.97796744,0.0,0.0,0.0,0.99026376,0.0,0.0,1.0,0.0,0.22484231,1.0,0.0,1.3402637600898744,1574
1561,9.999999999999961,N15,False,Major road,2,KP-AJK,10,0.7871931,0.9287828,0.0,0.0,0.0,0.98371553,0.0,0.0,1.0,0.0,0.3639987,1.0,0.0,1.3337155342102052,1575
1560,10.00000000000003,N15,False,Major road,2,KP-AJK,11,0.65896654,0.899858,0.0,0.0,0.0,0.9037647,0.0,0.0,1.0,0.0,0.36869755,1.0,0.0,1.2537647247314454,1576
1559,10.00000000000002,N15,False,Major road,2,KP-AJK,11,0.6027906,0.792491,0.0,0.0,0.0,0.85831964,0.0,0.0,1.0,0.0,0.3670128,1.0,0.0,1.208319640159607,1577
1558,9.999999999999973,N15,False,Major road,2,Gilgit-Baltistan,10,0.9395239,0.98787004,0.0,0.0,0.0,0.9998096,0.0,0.0,1.0,0.0,0.22264871,1.0,0.0,1.3498096227645875,1578
9,10.0,M10,False,Highway,1,Punjab-Sindh lowland corridor,11,0.2681533,0.96151054,0.0,0.0,0.0,0.34486875,0.0,0.0,0.6363636363636364,0.0,0.14800382,1.0,0.0,0.6039596584710207,1579
149,9.999999999999991,N25,False,Highway,1,Balochistan,10,0.13087693,0.30295587,0.0,0.0,0.0,0.15607455,0.0,0.0,0.4,0.0,0.06735661,1.0,0.0,0.3560745537281036,1580
1588,9.999999999999996,N5,False,Highway,1,Punjab-Sindh lowland corridor,10,0.13897595,0.224937,0.0,0.0,0.0,0.21621068,0.0,0.0,0.6,0.0,0.14212896,1.0,0.0,0.4662106782197952,1581
1587,10.0,N5,False,Highway,1,Punjab-Sindh lowland corridor,11,0.22354998,0.6216392,0.0,0.0,0.0,0.33539313,0.0,0.0,0.7272727272727273,0.0,0.17607242,1.0,0.0,0.6172113125974482,1582
1586,10.000000000000005,N5,False,Highway,1,Punjab-Sindh lowland corridor,11,0.20627408,0.47188523,0.0,0.0,0.0,0.31061077,0.0,0.0,0.7272727272727273,0.0,0.16241308,1.0,0.0,0.5924289529973811,1583
1585,10.000000000000032,N5,False,Highway,1,Punjab-Sindh lowland corridor,11,0.496315,0.8169523,0.0,0.0,0.0,0.68394446,0.0,0.0,1.0,0.0,0.28858674,1.0,0.0,1.0339444637298585,1584
1584,9.999999999999977,N5,False,Highway,1,Punjab-Sindh lowland corridor,10,0.27041113,0.5954889,0.0,0.0,0.0,0.44290313,0.0,0.0,0.9,0.0,0.25055188,1.0,0.0,0.7679031312465667,1585
1583,3.179781206918828,unknown,False,Major road,2,Punjab-Sindh lowland corridor,6,0.09124872,0.17918229,0.0,0.0,0.0,0.12175808,0.0,0.0,0.16666666666666666,0.0,0.13151143,1.0,0.0,0.2634247476855914,1586
1582,10.000000000000004,unknown,False,Major road,2,Punjab-Sindh lowland corridor,11,0.1697177,0.44175982,0.0,0.0,0.0,0.22472325,0.0,0.0,0.7272727272727273,0.0,0.09367447,1.0,0.0,0.5065414314920252,1587
1581,3.1289530468506856,unknown,False,Major road,2,Punjab-Sindh lowland corridor,6,0.09664122,0.13483109,0.0,0.0,0.0,0.108891346,0.0,0.0,0.16666666666666666,0.0,0.101040125,1.0,0.0,0.25055801222721735,1588
1580,10.000000000000002,unknown,False,Major road,2,Punjab-Sindh lowland corridor,11,0.20513235,0.5011513,0.0,0.0,0.0,0.26923344,0.0,0.0,0.7272727272727273,0.0,0.109408095,1.0,0.0,0.5510516172105616,1589
1579,9.372656524382508,unknown,False,Major road,2,Punjab-Sindh lowland corridor,11,0.17787553,0.33686057,0.0,0.0,0.0,0.24302632,0.0,0.0,0.8181818181818182,0.0,0.09905767,1.0,0.0,0.5475717707113786,1590
1578,9.999999999999995,unknown,False,Major road,2,Punjab-Sindh lowland corridor,10,0.14785485,0.28417203,0.0,0.0,0.0,0.17617564,0.0,0.0,0.4,0.0,0.09241924,1.0,0.0,0.3761756390333175,1591
1577,9.99999999999996,unknown,False,Major road,2,Punjab-Sindh lowland corridor,10,0.07967211,0.16182488,0.0,0.0,0.0,0.08490868,0.0,0.0,0.1,0.0,0.09115142,1.0,0.0,0.20990867912769318,1592
1576,10.00000000000002,unknown,False,Major road,2,Punjab-Sindh lowland corridor,11,0.13094519,0.33332166,0.0,0.0,0.0,0.15807258,0.0,0.0,0.2727272727272727,0.0,0.0857169,1.0,0.0,0.3262543941085989,1593
1575,5.9887681859043385,N15,False,Major road,2,KP-AJK,8,0.8747826,0.96463895,0.0,0.0,0.0,0.9820719,0.0,0.0,1.0,0.0,0.23885816,1.0,0.0,1.332071876525879,1594
1574,9.999999999999943,N15,False,Major road,2,KP-AJK,10,0.5623583,0.9041596,0.0,0.0,0.0,0.7660524,0.0,0.0,1.0,0.0,0.2893591,1.0,0.0,1.1160524249076844,1595
1590,0.04012584968896969,N5,False,Highway,1,Punjab-Sindh lowland corridor,2,0.17021058,0.17021058,0.0,0.0,0.0,0.41115457,0.0,0.0,1.0,0.0,0.32452026,1.0,0.0,0.761154568195343,1596
1589,9.999999999999991,N5,False,Highway,1,Punjab-Sindh lowland corridor,10,0.1268141,0.2865994,0.0,0.0,0.0,0.13600005,0.0,0.0,0.2,0.0,0.076577604,1.0,0.0,0.28600005209445956,1597
148,9.999999999999936,N25,False,Highway,1,Balochistan,10,0.22923739,0.61074495,0.0,0.0,0.0,0.3740652,0.0,0.0,0.8,0.0,0.20769167,1.0,0.0,0.6740651905536651,1598
147,10.000000000000087,N25,False,Highway,1,Balochistan,11,0.48037192,0.94136775,0.0,0.0,0.0,0.6380394,0.0,0.0,1.0,0.0,0.21718979,1.0,0.0,0.9880394101142883,1599
134,9.99999999999991,unknown,False,Highway,1,Balochistan,10,0.52100426,0.7795186,0.0,0.0,0.0,0.69927275,0.0,0.0,1.0,0.0,0.24010448,1.0,0.0,1.0492727518081666,1600
133,10.000000000000048,unknown,False,Highway,1,Balochistan,11,0.5738316,0.80391175,0.0,0.0,0.0,0.77140903,0.0,0.0,1.0,0.0,0.2828872,1.0,0.0,1.121409034729004,1601
161,9.999999999999936,N25,False,Highway,1,Balochistan,10,0.44677344,0.9226305,0.0,0.0,0.0,0.5836896,0.0,0.0,0.9,0.0,0.22539492,1.0,0.0,0.9086895704269409,1602
160,10.000000000000064,N25,False,Highway,1,Balochistan,11,0.11605304,0.16090305,0.0,0.0,0.0,0.16042824,0.0,0.0,0.36363636363636365,0.0,0.12434185,1.0,0.0,0.3513373318043622,1603
159,9.999999999999895,N25,False,Highway,1,Balochistan,10,0.09919532,0.14245375,0.0,0.0,0.0,0.12295737,0.0,0.0,0.1,0.0,0.1459288,1.0,0.0,0.24795737117528915,1604
158,10.000000000000004,N25,False,Highway,1,Balochistan,11,0.31464368,0.60776144,0.0,0.0,0.0,0.5007935,0.0,0.0,0.9090909090909091,0.0,0.2796067,1.0,0.0,0.828066243908622,1605
157,10.000000000000066,N25,False,Highway,1,Balochistan,11,0.17881502,0.297033,0.0,0.0,0.0,0.33448708,0.0,0.0,0.8181818181818182,0.0,0.25331438,1.0,0.0,0.6390325351194902,1606
156,10.00000000000001,N25,False,Highway,1,Balochistan,11,0.20021106,0.35994497,0.0,0.0,0.0,0.30716383,0.0,0.0,0.9090909090909091,0.0,0.15509287,1.0,0.0,0.6344365618445656,1607
155,9.99999999999999,N25,False,Highway,1,Balochistan,10,0.26021963,0.6259674,0.0,0.0,0.0,0.3629605,0.0,0.0,0.8,0.0,0.16173504,1.0,0.0,0.6629604876041412,1608
152,9.999999999999991,N25,False,Highway,1,Balochistan,10,0.16611151,0.29228452,0.0,0.0,0.0,0.3392082,0.0,0.0,0.9,0.0,0.24624634,1.0,0.0,0.66420818567276,1609
151,10.000000000000059,N25,False,Highway,1,Balochistan,11,0.12321977,0.17271611,0.0,0.0,0.0,0.15707906,0.0,0.0,0.18181818181818182,0.0,0.16300058,1.0,0.0,0.3025336013598876,1610
150,9.999999999999964,N25,False,Highway,1,Balochistan,10,0.108380795,0.1450469,0.0,0.0,0.0,0.1434184,0.0,0.0,0.2,0.0,0.13487837,1.0,0.0,0.2934184014797211,1611
103,10.000000000000002,N10,False,Highway,1,Balochistan,11,0.12774175,0.17028698,0.0,0.0,0.0,0.18387665,0.0,0.0,0.36363636363636365,0.0,0.14879076,1.0,0.0,0.3747857394543561,1612
102,9.999999999999947,N10,False,Highway,1,Balochistan,10,0.17806965,0.27768043,0.0,0.0,0.0,0.33534643,0.0,0.0,1.0,0.0,0.21183138,1.0,0.0,0.6853464305400848,1613
101,10.000000000000016,N10,False,Highway,1,Balochistan,11,0.1888319,0.27768043,0.0,0.0,0.0,0.35475153,0.0,0.0,1.0,0.0,0.22347218,1.0,0.0,0.7047515273094177,1614
1618,10.000000000000046,N35,True,Highway,1,Gilgit-Baltistan,11,0.99409425,0.994781,0.0,0.0,0.0,1.0,0.0,0.0,1.0,0.0,0.008969641,1.0,0.0,1.35,1615
1616,9.99999999999999,N35,True,Highway,1,Gilgit-Baltistan,10,0.9880203,0.99460715,0.0,0.0,0.0,0.9982498,0.0,0.0,1.0,0.0,0.014795005,1.0,0.0,1.3482498288154603,1616
1615,9.999999999999988,N35,True,Highway,1,Gilgit-Baltistan,10,0.90037423,0.99375147,0.0,0.0,0.0,0.9341911,0.0,0.0,1.0,0.0,0.045956008,1.0,0.0,1.284191107749939,1617
132,10.000000000000025,unknown,False,Highway,1,Balochistan,11,0.43613958,0.77551115,0.0,0.0,0.0,0.60117936,0.0,0.0,1.0,0.0,0.22698309,1.0,0.0,0.9511793613433838,1618
131,10.00000000000002,unknown,False,Highway,1,Balochistan,11,0.3268708,0.63403463,0.0,0.0,0.0,0.45931193,0.0,0.0,1.0,0.0,0.17838097,1.0,0.0,0.8093119323253631,1619
130,9.999999999999972,unknown,False,Highway,1,Balochistan,10,0.54039085,0.7165989,0.0,0.0,0.0,0.6583001,0.0,0.0,1.0,0.0,0.15880847,1.0,0.0,1.0083001017570496,1620
128,9.999999999999936,unknown,False,Highway,1,Balochistan,10,0.54709685,0.8515634,0.0,0.0,0.0,0.63266057,0.0,0.0,1.0,0.0,0.11571467,1.0,0.0,0.9826605677604675,1621
123,7.052685996456581,N5,False,Highway,1,Punjab-Sindh lowland corridor,9,0.062995486,0.12037704,0.0,0.0,0.0,0.062995486,0.0,0.0,0.0,0.0,0.06294692,1.0,0.0,0.16299548596143723,1622
121,9.99999999999993,N5,False,Highway,1,Punjab-Sindh lowland corridor,10,0.053033173,0.09838861,0.0,0.0,0.0,0.053033173,0.0,0.0,0.0,0.0,0.056799702,1.0,0.0,0.15303317308425904,1623
120,9.999999999999956,N5,False,Highway,1,Punjab-Sindh lowland corridor,10,0.06216631,0.109307505,0.0,0.0,0.0,0.06216631,0.0,0.0,0.0,0.0,0.09183743,1.0,0.0,0.16216631084680558,1624
119,10.000000000000007,N5,False,Highway,1,Punjab-Sindh lowland corridor,11,0.072750136,0.13353494,0.0,0.0,0.0,0.077725224,0.0,0.0,0.09090909090909091,0.0,0.065011956,1.0,0.0,0.2004524969241836,1625
118,9.999999999999982,N5,False,Highway,1,Punjab-Sindh lowland corridor,10,0.08633557,0.17902996,0.0,0.0,0.0,0.095792525,0.0,0.0,0.2,0.0,0.07057617,1.0,0.0,0.24579252451658248,1626
117,10.000000000000039,N5,False,Highway,1,Punjab-Sindh lowland corridor,11,0.083194405,0.17902996,0.0,0.0,0.0,0.09705396,0.0,0.0,0.18181818181818182,0.0,0.07655073,1.0,0.0,0.24250850542025135,1627
1631,10.000000000000002,N35,True,Highway,1,Gilgit-Baltistan,11,0.9873375,0.99374753,0.0,0.0,0.0,0.9992346,0.0,0.0,1.0,0.0,0.017126622,1.0,0.0,1.3492346167564393,1628
1624,4.167247565622875,N35,True,Highway,1,Gilgit-Baltistan,6,0.9674918,0.9896058,0.0,0.0,0.0,1.0,0.0,0.0,1.0,0.0,0.11884687,1.0,0.0,1.35,1629
1623,9.999999999999961,N35,True,Highway,1,Gilgit-Baltistan,10,0.9845077,0.9942614,0.0,0.0,0.0,0.99921113,0.0,0.0,1.0,0.0,0.03312395,1.0,0.0,1.3492111325263978,1630
1621,3.8398309654177187,N35,True,Highway,1,Gilgit-Baltistan,5,0.98831284,0.9936942,0.0,0.0,0.0,0.9990934,0.0,0.0,1.0,0.0,0.020616537,1.0,0.0,1.3490934133529664,1631
116,9.999999999999927,N5,False,Highway,1,Punjab-Sindh lowland corridor,10,0.110010825,0.19434634,0.0,0.0,0.0,0.11977277,0.0,0.0,0.2,0.0,0.0648972,1.0,0.0,0.269772769510746,1632
115,9.999999999999964,N5,False,Highway,1,Punjab-Sindh lowland corridor,10,0.08373931,0.15738718,0.0,0.0,0.0,0.08659275,0.0,0.0,0.1,0.0,0.032197088,1.0,0.0,0.21159274876117706,1633
114,9.999999999999984,N5,False,Highway,1,Punjab-Sindh lowland corridor,10,0.08389543,0.2618142,0.0,0.0,0.0,0.09591318,0.0,0.0,0.1,0.0,0.043770652,1.0,0.0,0.22091317921876907,1634
113,10.000000000000108,N5,False,Highway,1,Punjab-Sindh lowland corridor,11,0.07674585,0.15114036,0.0,0.0,0.0,0.07860461,0.0,0.0,0.09090909090909091,0.0,0.029561765,1.0,0.0,0.20133188150145792,1635
112,9.999999999999948,N5,False,Highway,1,Punjab-Sindh lowland corridor,10,0.06710711,0.1092507,0.0,0.0,0.0,0.06710711,0.0,0.0,0.0,0.0,0.033714566,1.0,0.0,0.16710711121559144,1636
111,9.999999999999998,N5,False,Highway,1,Punjab-Sindh lowland corridor,10,0.072015785,0.12191514,0.0,0.0,0.0,0.072015785,0.0,0.0,0.0,0.0,0.03856858,1.0,0.0,0.17201578468084336,1637
110,10.000000000000027,N5,False,Highway,1,Punjab-Sindh lowland corridor,11,0.06862586,0.10318522,0.0,0.0,0.0,0.06862586,0.0,0.0,0.0,0.0,0.047309637,1.0,0.0,0.16862585991621018,1638
109,9.999999999999986,N5,False,Highway,1,Punjab-Sindh lowland corridor,10,0.13678016,0.26317996,0.0,0.0,0.0,0.15870492,0.0,0.0,0.4,0.0,0.04691284,1.0,0.0,0.3587049216032028,1639
108,10.000000000000034,N5,False,Highway,1,Punjab-Sindh lowland corridor,11,0.13560215,0.26570162,0.0,0.0,0.0,0.16499849,0.0,0.0,0.45454545454545453,0.0,0.059432004,1.0,0.0,0.3786348502744328,1640
107,9.999999999999961,N5,False,Highway,1,Punjab-Sindh lowland corridor,10,0.10975208,0.26523283,0.0,0.0,0.0,0.12296909,0.0,0.0,0.3,0.0,0.04399167,1.0,0.0,0.29796909093856816,1641
105,2.9611364457484495,N10,False,Highway,1,Balochistan,5,0.9856127,0.98984766,0.0,0.0,0.0,0.99726295,0.0,0.0,1.0,0.0,0.01628339,1.0,0.0,1.3472629547119142,1642
104,1.5076577189878924,N10,False,Highway,1,Balochistan,3,0.12561518,0.15396442,0.0,0.0,0.0,0.20123845,0.0,0.0,0.3333333333333333,0.0,0.17400093,1.0,0.0,0.38457178672154746,1643
89,1.938349630080468,N10,False,Highway,1,Balochistan,3,0.8184975,0.9709317,0.0,0.0,0.0,0.9100668,0.0,0.0,1.0,0.0,0.12758902,1.0,0.0,1.2600667834281922,1644
88,10.000000000000044,N10,False,Highway,1,Balochistan,11,0.75732714,0.9855083,0.0,0.0,0.0,0.8603077,0.0,0.0,1.0,0.0,0.17743096,1.0,0.0,1.2103076934814454,1645
87,9.999999999999968,N10,False,Highway,1,Balochistan,10,0.9773289,0.98864454,0.0,0.0,0.0,0.9993534,0.0,0.0,1.0,0.0,0.066052124,1.0,0.0,1.3493534088134767,1646
86,10.000000000000059,N10,False,Highway,1,Balochistan,11,0.9486292,0.9871227,0.0,0.0,0.0,0.99504626,0.0,0.0,1.0,0.0,0.11457996,1.0,0.0,1.3450462579727174,1647
85,9.999999999999964,N10,False,Highway,1,Balochistan,10,0.933544,0.984211,0.0,0.0,0.0,0.98792946,0.0,0.0,1.0,0.0,0.13221978,1.0,0.0,1.3379294633865357,1648
1651,9.99999999999999,219,False,Major road,2,"Kashgar (Xinjiang, China)",10,0.88761884,0.9387695,0.0,0.0,0.0,1.0,0.0,0.0,1.0,0.0,0.40096197,1.0,0.0,1.35,1649
1650,10.000000000000062,219,False,Major road,2,"Kashgar (Xinjiang, China)",11,0.8777008,0.9702882,0.0,0.0,0.0,1.0,0.0,0.0,1.0,0.0,0.3862425,1.0,0.0,1.35,1650
1649,9.999999999999956,219,False,Major road,2,"Kashgar (Xinjiang, China)",10,0.8477899,0.9303474,0.0,0.0,0.0,1.0,0.0,0.0,1.0,0.0,0.40930074,1.0,0.0,1.35,1651
1648,10.000000000000062,219,False,Major road,2,"Kashgar (Xinjiang, China)",11,0.61775804,0.96494895,0.0,0.0,0.0,0.81154054,0.0,0.0,1.0,0.0,0.37842968,1.0,0.0,1.1615405440330506,1652
1646,10.00000000000008,219,False,Major road,2,"Kashgar (Xinjiang, China)",11,0.48827747,0.8665269,0.0,0.0,0.0,0.75744575,0.0,0.0,1.0,0.0,0.38721964,1.0,0.0,1.107445752620697,1653
1645,9.99999999999997,219,False,Major road,2,"Kashgar (Xinjiang, China)",10,0.39223304,0.6202281,0.0,0.0,0.0,0.6809253,0.0,0.0,1.0,0.0,0.388831,1.0,0.0,1.0309253096580506,1654
1641,9.999999999999995,219,False,Major road,2,"Kashgar (Xinjiang, China)",10,0.17524645,0.41027188,0.0,0.0,0.0,0.2728943,0.0,0.0,0.4,0.0,0.2987395,1.0,0.0,0.47289429306983943,1655
1640,6.113761840626358,N35,True,Highway,1,Gilgit-Baltistan,8,0.9216147,0.9808995,0.0,0.0,0.0,1.0,0.0,0.0,1.0,0.0,0.27138874,1.0,0.0,1.35,1656
1639,9.999999999999998,N35,True,Highway,1,Gilgit-Baltistan,10,0.9860891,0.99223125,0.0,0.0,0.0,0.99967706,0.0,0.0,1.0,0.0,0.046249412,1.0,0.0,1.349677062034607,1657
1638,10.000000000000055,N35,True,Highway,1,Gilgit-Baltistan,11,0.98887277,0.99262244,0.0,0.0,0.0,0.9995217,0.0,0.0,1.0,0.0,0.02030537,1.0,0.0,1.3495216727256776,1658
1636,9.999999999999991,N35,True,Highway,1,Gilgit-Baltistan,10,0.9919631,0.99283206,0.0,0.0,0.0,0.99905556,0.0,0.0,1.0,0.0,0.009947953,1.0,0.0,1.349055564403534,1659
69,9.999999999999986,N10,False,Highway,1,Balochistan,10,0.3549163,0.7064135,0.0,0.0,0.0,0.5910111,0.0,0.0,1.0,0.0,0.31798896,1.0,0.0,0.941011106967926,1660
1668,2.769286421341573,219,False,Major road,2,"Kashgar (Xinjiang, China)",5,0.954079,0.9638655,0.0,0.0,0.0,1.0,0.0,0.0,1.0,0.0,0.23841143,1.0,0.0,1.35,1661
1660,10.000000000000055,219,False,Major road,2,"Kashgar (Xinjiang, China)",11,0.8905451,0.9460973,0.0,0.0,0.0,1.0,0.0,0.0,1.0,0.0,0.37293136,1.0,0.0,1.35,1662
1659,9.999999999999948,219,False,Major road,2,"Kashgar (Xinjiang, China)",10,0.8737963,0.9071829,0.0,0.0,0.0,1.0,0.0,0.0,1.0,0.0,0.39061463,1.0,0.0,1.35,1663
1653,10.00000000000004,219,False,Major road,2,"Kashgar (Xinjiang, China)",11,0.9791943,0.98988867,0.0,0.0,0.0,1.0,0.0,0.0,1.0,0.0,0.21064419,1.0,0.0,1.35,1664
100,10.000000000000014,N10,False,Highway,1,Balochistan,11,0.20851746,0.34498852,0.0,0.0,0.0,0.3903867,0.0,0.0,1.0,0.0,0.24495426,1.0,0.0,0.740386700630188,1665
99,10.000000000000016,N10,False,Highway,1,Balochistan,11,0.20688881,0.31055498,0.0,0.0,0.0,0.33444592,0.0,0.0,1.0,0.0,0.17180282,1.0,0.0,0.6844459235668182,1666
98,9.99999999999996,N10,False,Highway,1,Balochistan,10,0.36695737,0.86310416,0.0,0.0,0.0,0.53378093,0.0,0.0,1.0,0.0,0.22468975,1.0,0.0,0.8837809324264526,1667
97,10.00000000000007,N10,False,Highway,1,Balochistan,11,0.27008438,0.5090719,0.0,0.0,0.0,0.41347465,0.0,0.0,1.0,0.0,0.19312806,1.0,0.0,0.7634746491909027,1668
96,9.999999999999972,N10,False,Highway,1,Balochistan,10,0.18234836,0.21457595,0.0,0.0,0.0,0.31924114,0.0,0.0,1.0,0.0,0.1843768,1.0,0.0,0.6692411363124847,1669
95,10.000000000000034,N10,False,Highway,1,Balochistan,11,0.21370944,0.38739726,0.0,0.0,0.0,0.38407347,0.0,0.0,1.0,0.0,0.2294582,1.0,0.0,0.7340734660625458,1670
94,9.999999999999922,N10,False,Highway,1,Balochistan,10,0.365427,0.7379037,0.0,0.0,0.0,0.4832706,0.0,0.0,1.0,0.0,0.15872003,1.0,0.0,0.8332705855369568,1671
93,10.000000000000012,N10,False,Highway,1,Balochistan,11,0.42038763,0.85512704,0.0,0.0,0.0,0.57163453,0.0,0.0,1.0,0.0,0.20370993,1.0,0.0,0.9216345310211181,1672
92,10.000000000000002,N10,False,Highway,1,Balochistan,11,0.4261594,0.9557826,0.0,0.0,0.0,0.56567055,0.0,0.0,1.0,0.0,0.1879034,1.0,0.0,0.9156705498695373,1673
91,10.000000000000004,N10,False,Highway,1,Balochistan,11,0.69678456,0.9803571,0.0,0.0,0.0,0.77266717,0.0,0.0,1.0,0.0,0.103677146,1.0,0.0,1.122667169570923,1674
90,10.000000000000009,N10,False,Highway,1,Balochistan,11,0.79614294,0.9884262,0.0,0.0,0.0,0.8493427,0.0,0.0,1.0,0.0,0.079807825,1.0,0.0,1.199342703819275,1675
1671,10.000000000000012,314,True,Highway,1,"Kashgar (Xinjiang, China)",11,0.9179758,0.93474597,0.0,0.0,0.0,1.0,0.0,0.0,1.0,0.0,0.35223022,1.0,0.0,1.35,1676
1669,9.999999999999986,314,True,Highway,1,"Kashgar (Xinjiang, China)",10,0.87262946,0.9566499,0.0,0.0,0.0,0.9879384,0.0,0.0,1.0,0.0,0.37844226,1.0,0.0,1.337938404083252,1677
84,10.000000000000016,N10,False,Highway,1,Balochistan,11,0.9271084,0.9872262,0.0,0.0,0.0,0.98889315,0.0,0.0,1.0,0.0,0.14669925,1.0,0.0,1.3388931512832642,1678
83,9.999999999999975,N10,False,Highway,1,Balochistan,10,0.8233808,0.9889633,0.0,0.0,0.0,0.9041737,0.0,0.0,1.0,0.0,0.14204682,1.0,0.0,1.2541736721992494,1679
82,9.999999999999956,N10,False,Highway,1,Balochistan,10,0.23156007,0.33532643,0.0,0.0,0.0,0.48581797,0.0,0.0,1.0,0.0,0.34245235,1.0,0.0,0.8358179688453674,1680
81,10.000000000000055,N10,False,Highway,1,Balochistan,11,0.19621223,0.30581558,0.0,0.0,0.0,0.41997588,0.0,0.0,1.0,0.0,0.30138057,1.0,0.0,0.7699758768081665,1681
80,9.999999999999972,N10,False,Highway,1,Balochistan,10,0.26043984,0.75166416,0.0,0.0,0.0,0.47366777,0.0,0.0,1.0,0.0,0.29324335,1.0,0.0,0.8236677706241607,1682
79,1.0563388207122568,N10,False,Highway,1,Balochistan,3,0.3293375,0.6744448,0.0,0.0,0.0,0.54464465,0.0,0.0,1.0,0.0,0.28999075,1.0,0.0,0.8946446537971496,1683
78,10.000000000000151,N10,False,Highway,1,Balochistan,11,0.24833594,0.42048204,0.0,0.0,0.0,0.43836135,0.0,0.0,1.0,0.0,0.2559395,1.0,0.0,0.7883613467216491,1684
77,9.999999999999961,N10,False,Highway,1,Balochistan,10,0.16861118,0.29483888,0.0,0.0,0.0,0.3669528,0.0,0.0,1.0,0.0,0.2671404,1.0,0.0,0.7169528067111969,1685
76,10.00000000000007,N10,False,Highway,1,Balochistan,11,0.40499717,0.8017745,0.0,0.0,0.0,0.62024695,0.0,0.0,1.0,0.0,0.29834864,1.0,0.0,0.970246946811676,1686
75,9.999999999999986,N10,False,Highway,1,Balochistan,10,0.7541189,0.95476204,0.0,0.0,0.0,0.87432384,0.0,0.0,1.0,0.0,0.18669389,1.0,0.0,1.224323844909668,1687
74,10.00000000000014,N10,False,Highway,1,Balochistan,11,0.65671545,0.94717944,0.0,0.0,0.0,0.8012089,0.0,0.0,1.0,0.0,0.20938402,1.0,0.0,1.1512089133262635,1688
73,9.999999999999941,N10,False,Highway,1,Balochistan,10,0.49872342,0.76795214,0.0,0.0,0.0,0.70695,0.0,0.0,1.0,0.0,0.28147203,1.0,0.0,1.0569500088691712,1689
72,10.000000000000071,N10,False,Highway,1,Balochistan,11,0.44121304,0.9377639,0.0,0.0,0.0,0.61784357,0.0,0.0,1.0,0.0,0.23789836,1.0,0.0,0.9678435683250427,1690
71,10.000000000000108,N10,False,Highway,1,Balochistan,11,0.678734,0.95831656,0.0,0.0,0.0,0.8083782,0.0,0.0,1.0,0.0,0.17858978,1.0,0.0,1.1583782196044923,1691
66,10.00000000000001,N10,False,Highway,1,Balochistan,11,0.6838068,0.865082,0.0,0.0,0.0,0.81786364,0.0,0.0,1.0,0.0,0.18464479,1.0,0.0,1.1678636431694032,1692
65,10.00000000000004,N10,False,Highway,1,Balochistan,11,0.5034957,0.9084517,0.0,0.0,0.0,0.6582012,0.0,0.0,1.0,0.0,0.21508631,1.0,0.0,1.0082012176513673,1693
64,9.999999999999936,N10,False,Highway,1,Balochistan,10,0.7010978,0.93784004,0.0,0.0,0.0,0.81185234,0.0,0.0,1.0,0.0,0.15092623,1.0,0.0,1.1618523359298707,1694
63,9.999999999999972,N10,False,Highway,1,Balochistan,10,0.39074323,0.9806237,0.0,0.0,0.0,0.57687396,0.0,0.0,1.0,0.0,0.2542362,1.0,0.0,0.9268739581108093,1695
62,10.000000000000071,N10,False,Highway,1,Balochistan,11,0.2776863,0.4484476,0.0,0.0,0.0,0.4849024,0.0,0.0,1.0,0.0,0.2790932,1.0,0.0,0.834902411699295,1696
61,10.000000000000048,N10,False,Highway,1,Balochistan,11,0.26831463,0.41697103,0.0,0.0,0.0,0.47335342,0.0,0.0,1.0,0.0,0.27616063,1.0,0.0,0.8233534157276153,1697
60,9.999999999999918,N10,False,Highway,1,Balochistan,10,0.24909088,0.43041313,0.0,0.0,0.0,0.46844593,0.0,0.0,1.0,0.0,0.29544276,1.0,0.0,0.8184459269046783,1698
59,10.000000000000085,N10,False,Highway,1,Balochistan,11,0.2762389,0.4372584,0.0,0.0,0.0,0.4978241,0.0,0.0,1.0,0.0,0.29844654,1.0,0.0,0.847824102640152,1699
58,9.99999999999995,N10,False,Highway,1,Balochistan,10,0.25588962,0.43549627,0.0,0.0,0.0,0.44584346,0.0,0.0,1.0,0.0,0.25584313,1.0,0.0,0.7958434581756592,1700
57,10.000000000000075,N10,False,Highway,1,Balochistan,11,0.29865184,0.43549627,0.0,0.0,0.0,0.48853827,0.0,0.0,1.0,0.0,0.25575235,1.0,0.0,0.8385382652282715,1701
56,9.99999999999996,N10,False,Highway,1,Balochistan,10,0.6045708,0.8347384,0.0,0.0,0.0,0.71371794,0.0,0.0,1.0,0.0,0.15495838,1.0,0.0,1.0637179374694825,1702
55,9.999999999999982,N10,False,Highway,1,Balochistan,10,0.39475816,0.72261125,0.0,0.0,0.0,0.56180537,0.0,0.0,1.0,0.0,0.22499084,1.0,0.0,0.9118053674697876,1703
54,10.000000000000052,N10,False,Highway,1,Balochistan,11,0.31648198,0.590481,0.0,0.0,0.0,0.5234544,0.0,0.0,1.0,0.0,0.278765,1.0,0.0,0.8734544277191162,1704
53,9.99999999999995,N10,False,Highway,1,Balochistan,10,0.39128298,0.68915385,0.0,0.0,0.0,0.56230664,0.0,0.0,1.0,0.0,0.23034672,1.0,0.0,0.9123066425323486,1705
1676,10.000000000000059,314,True,Highway,1,"Kashgar (Xinjiang, China)",11,0.92727315,0.9732602,0.0,0.0,0.0,1.0,0.0,0.0,1.0,0.0,0.29863045,1.0,0.0,1.35,1706
1672,10.000000000000012,314,True,Highway,1,"Kashgar (Xinjiang, China)",11,0.88821775,0.920543,0.0,0.0,0.0,1.0,0.0,0.0,1.0,0.0,0.37071654,1.0,0.0,1.35,1707
1718,10.00000000000003,314,True,Highway,1,"Kashgar (Xinjiang, China)",11,0.14852524,0.21290666,0.0,0.0,0.0,0.36651126,0.0,0.0,0.7272727272727273,0.0,0.3975282,1.0,0.0,0.6483294373208827,1708
1717,9.999999999999883,314,True,Highway,1,"Kashgar (Xinjiang, China)",10,0.26381937,0.5135826,0.0,0.0,0.0,0.55434394,0.0,0.0,1.0,0.0,0.3912989,1.0,0.0,0.9043439388275146,1709
1716,10.000000000000034,314,True,Highway,1,"Kashgar (Xinjiang, China)",11,0.3921654,0.8888999,0.0,0.0,0.0,0.6533344,0.0,0.0,1.0,0.0,0.38610685,1.0,0.0,1.003334379196167,1710
1715,9.999999999999961,314,True,Highway,1,"Kashgar (Xinjiang, China)",10,0.2568782,0.55490094,0.0,0.0,0.0,0.5466537,0.0,0.0,1.0,0.0,0.39029,1.0,0.0,0.896653687953949,1711
1714,9.99999999999993,314,True,Highway,1,"Kashgar (Xinjiang, China)",10,0.49411893,0.83138114,0.0,0.0,0.0,0.7597836,0.0,0.0,1.0,0.0,0.37427348,1.0,0.0,1.1097836256027223,1712
1713,10.000000000000066,314,True,Highway,1,"Kashgar (Xinjiang, China)",11,0.4494133,0.7636405,0.0,0.0,0.0,0.72839314,0.0,0.0,1.0,0.0,0.38292372,1.0,0.0,1.0783931374549867,1713
1712,10.000000000000043,314,True,Highway,1,"Kashgar (Xinjiang, China)",11,0.43758285,0.8852228,0.0,0.0,0.0,0.7023178,0.0,0.0,1.0,0.0,0.37509874,1.0,0.0,1.052317774295807,1714
1710,9.999999999999964,314,True,Highway,1,"Kashgar (Xinjiang, China)",10,0.40997496,0.8206017,0.0,0.0,0.0,0.6612362,0.0,0.0,1.0,0.0,0.35193673,1.0,0.0,1.0112362265586854,1715
1709,9.999999999999945,314,True,Highway,1,"Kashgar (Xinjiang, China)",10,0.4496324,0.64761084,0.0,0.0,0.0,0.72655326,0.0,0.0,1.0,0.0,0.37297636,1.0,0.0,1.07655326128006,1716
1708,9.999999999999924,314,True,Highway,1,"Kashgar (Xinjiang, China)",10,0.4123319,0.7785061,0.0,0.0,0.0,0.68983626,0.0,0.0,1.0,0.0,0.38254303,1.0,0.0,1.0398362636566163,1717
1707,10.00000000000008,314,True,Highway,1,"Kashgar (Xinjiang, China)",11,0.27853665,0.49098855,0.0,0.0,0.0,0.54607207,0.0,0.0,1.0,0.0,0.36033547,1.0,0.0,0.8960720658302307,1718
1706,9.999999999999972,314,True,Highway,1,"Kashgar (Xinjiang, China)",10,0.32041144,0.52710116,0.0,0.0,0.0,0.5997089,0.0,0.0,1.0,0.0,0.37617743,1.0,0.0,0.9497089147567749,1719
1705,10.000000000000135,314,True,Highway,1,"Kashgar (Xinjiang, China)",11,0.20286593,0.3442987,0.0,0.0,0.0,0.42293185,0.0,0.0,0.9090909090909091,0.0,0.32602012,1.0,0.0,0.7502045772292397,1720
1704,10.00000000000004,314,True,Highway,1,"Kashgar (Xinjiang, China)",11,0.19758214,0.24175131,0.0,0.0,0.0,0.45564044,0.0,0.0,1.0,0.0,0.34757102,1.0,0.0,0.805640435218811,1721
68,10.000000000000043,N10,False,Highway,1,Balochistan,11,0.64839166,0.98465973,0.0,0.0,0.0,0.75617677,0.0,0.0,1.0,0.0,0.14558692,1.0,0.0,1.106176769733429,1722
67,10.00000000000008,N10,False,Highway,1,Balochistan,11,0.7633951,0.93438834,0.0,0.0,0.0,0.85194206,0.0,0.0,1.0,0.0,0.13741018,1.0,0.0,1.2019420623779298,1723
1734,10.00000000000014,314,True,Highway,1,"Kashgar (Xinjiang, China)",11,0.34408367,0.5802152,0.0,0.0,0.0,0.6216153,0.0,0.0,1.0,0.0,0.37379903,1.0,0.0,0.9716152906417846,1724
1733,10.00000000000004,314,True,Highway,1,"Kashgar (Xinjiang, China)",11,0.29438528,0.5629498,0.0,0.0,0.0,0.5657248,0.0,0.0,1.0,0.0,0.36545908,1.0,0.0,0.9157247900962829,1725
1732,10.00000000000005,314,True,Highway,1,"Kashgar (Xinjiang, China)",11,0.39310846,0.7052113,0.0,0.0,0.0,0.6729466,0.0,0.0,1.0,0.0,0.37690565,1.0,0.0,1.022946572303772,1726
1731,9.999999999999869,314,True,Highway,1,"Kashgar (Xinjiang, China)",10,0.50372326,0.6815512,0.0,0.0,0.0,0.7893619,0.0,0.0,1.0,0.0,0.38471824,1.0,0.0,1.1393618941307069,1727
1730,9.9999999999999,314,True,Highway,1,"Kashgar (Xinjiang, China)",10,0.2810092,0.45467868,0.0,0.0,0.0,0.550444,0.0,0.0,1.0,0.0,0.36289364,1.0,0.0,0.9004440069198608,1728
1729,9.999999999999964,314,True,Highway,1,"Kashgar (Xinjiang, China)",10,0.35622543,0.70813787,0.0,0.0,0.0,0.64665675,0.0,0.0,1.0,0.0,0.39138696,1.0,0.0,0.9966567516326904,1729
1728,9.999999999999996,314,True,Highway,1,"Kashgar (Xinjiang, China)",10,0.14726344,0.23377474,0.0,0.0,0.0,0.29302758,0.0,0.0,0.5,0.0,0.38574627,1.0,0.0,0.5180275797843933,1730
1727,10.00000000000001,314,True,Highway,1,"Kashgar (Xinjiang, China)",11,0.12088976,0.13998243,0.0,0.0,0.0,0.21978278,0.0,0.0,0.36363636363636365,0.0,0.3568784,1.0,0.0,0.4106918754902753,1731
1726,10.000000000000052,314,True,Highway,1,"Kashgar (Xinjiang, China)",11,0.14424933,0.28674507,0.0,0.0,0.0,0.269429,0.0,0.0,0.45454545454545453,0.0,0.36511964,1.0,0.0,0.48306536186825144,1732
1725,9.999999999999899,314,True,Highway,1,"Kashgar (Xinjiang, China)",10,0.19256815,0.5731728,0.0,0.0,0.0,0.34936416,0.0,0.0,0.6,0.0,0.3472423,1.0,0.0,0.599364161491394,1733
1724,10.000000000000055,314,True,Highway,1,"Kashgar (Xinjiang, China)",11,0.18071106,0.41815048,0.0,0.0,0.0,0.42604825,0.0,0.0,0.9090909090909091,0.0,0.3671451,1.0,0.0,0.7533209762789986,1734
1723,9.999999999999956,314,True,Highway,1,"Kashgar (Xinjiang, China)",10,0.21954341,0.39195883,0.0,0.0,0.0,0.49832138,0.0,0.0,1.0,0.0,0.3754777,1.0,0.0,0.848321384191513,1735
1722,10.000000000000034,314,True,Highway,1,"Kashgar (Xinjiang, China)",11,0.29676583,0.8487711,0.0,0.0,0.0,0.57685333,0.0,0.0,1.0,0.0,0.3948909,1.0,0.0,0.926853334903717,1736
1721,9.999999999999934,314,True,Highway,1,"Kashgar (Xinjiang, China)",10,0.13229299,0.2654882,0.0,0.0,0.0,0.22487338,0.0,0.0,0.3,0.0,0.4124524,1.0,0.0,0.39987337887287144,1737
1720,9.999999999999947,314,True,Highway,1,"Kashgar (Xinjiang, China)",10,0.12058417,0.20299977,0.0,0.0,0.0,0.21423674,0.0,0.0,0.3,0.0,0.42273888,1.0,0.0,0.38923673629760747,1738
1719,10.000000000000128,314,True,Highway,1,"Kashgar (Xinjiang, China)",11,0.11826739,0.19691175,0.0,0.0,0.0,0.19851704,0.0,0.0,0.2727272727272727,0.0,0.39762303,1.0,0.0,0.36669885760003873,1739
1750,9.99999999999998,315,False,Major road,2,"Kashgar (Xinjiang, China)",10,0.098635875,0.14231823,0.0,0.0,0.0,0.1646158,0.0,0.0,0.3,0.0,0.24449785,1.0,0.0,0.3396157950162888,1740
1749,9.999999999999975,315,False,Major road,2,"Kashgar (Xinjiang, China)",10,0.12841564,0.20154186,0.0,0.0,0.0,0.23344287,0.0,0.0,0.5,0.0,0.27780956,1.0,0.0,0.45844287276268003,1741
1748,9.999999999999993,315,False,Major road,2,"Kashgar (Xinjiang, China)",10,0.13994408,0.23149636,0.0,0.0,0.0,0.26062402,0.0,0.0,0.6,0.0,0.26699838,1.0,0.0,0.5106240212917328,1742
1747,9.999999999999993,315,False,Major road,2,"Kashgar (Xinjiang, China)",10,0.08514474,0.13724595,0.0,0.0,0.0,0.109319344,0.0,0.0,0.1,0.0,0.22344784,1.0,0.0,0.23431934416294098,1743
1746,10.00000000000004,315,False,Major road,2,"Kashgar (Xinjiang, China)",11,0.11029938,0.17922679,0.0,0.0,0.0,0.17518,0.0,0.0,0.2727272727272727,0.0,0.2688783,1.0,0.0,0.34336182122880765,1744
1745,9.999999999999961,315,False,Major road,2,"Kashgar (Xinjiang, China)",10,0.13682841,0.37411526,0.0,0.0,0.0,0.19045183,0.0,0.0,0.2,0.0,0.2874402,1.0,0.0,0.3404518306255341,1745
1744,10.000000000000004,315,False,Major road,2,"Kashgar (Xinjiang, China)",11,0.17335767,0.37411526,0.0,0.0,0.0,0.27592707,0.0,0.0,0.5454545454545454,0.0,0.24626769,1.0,0.0,0.5122907031666148,1746
1743,9.999999999999961,315,False,Major road,2,"Kashgar (Xinjiang, China)",10,0.13457292,0.20288105,0.0,0.0,0.0,0.2801772,0.0,0.0,0.5,0.0,0.33018056,1.0,0.0,0.5051772058010101,1747
1742,10.000000000000018,315,False,Major road,2,"Kashgar (Xinjiang, China)",11,0.15448761,0.22774553,0.0,0.0,0.0,0.3499589,0.0,0.0,0.6363636363636364,0.0,0.39951432,1.0,0.0,0.6090498057278719,1748
1741,10.000000000000014,315,False,Major road,2,"Kashgar (Xinjiang, China)",11,0.20834316,0.2662845,0.0,0.0,0.0,0.5125077,0.0,0.0,1.0,0.0,0.40967014,1.0,0.0,0.862507677078247,1749
1740,5.403200840055524,314,True,Highway,1,"Kashgar (Xinjiang, China)",7,0.3592947,0.4743014,0.0,0.0,0.0,0.6470484,0.0,0.0,1.0,0.0,0.38756678,1.0,0.0,0.9970484137535095,1750
1739,10.00000000000002,314,True,Highway,1,"Kashgar (Xinjiang, China)",11,0.22663404,0.30894026,0.0,0.0,0.0,0.5184568,0.0,0.0,1.0,0.0,0.39304733,1.0,0.0,0.8684568166732788,1751
1738,9.999999999999924,314,True,Highway,1,"Kashgar (Xinjiang, China)",10,0.34398714,0.5596522,0.0,0.0,0.0,0.64095175,0.0,0.0,1.0,0.0,0.39997274,1.0,0.0,0.9909517526626587,1752
1737,10.000000000000018,314,True,Highway,1,"Kashgar (Xinjiang, China)",11,0.2635525,0.5401352,0.0,0.0,0.0,0.56254876,0.0,0.0,1.0,0.0,0.40270913,1.0,0.0,0.9125487565994262,1753
1736,10.00000000000009,314,True,Highway,1,"Kashgar (Xinjiang, China)",11,0.2726252,0.37283492,0.0,0.0,0.0,0.56590086,0.0,0.0,1.0,0.0,0.39500427,1.0,0.0,0.9159008622169494,1754
1735,10.000000000000146,314,True,Highway,1,"Kashgar (Xinjiang, China)",11,0.26184765,0.5802152,0.0,0.0,0.0,0.5407797,0.0,0.0,1.0,0.0,0.37568524,1.0,0.0,0.890779709815979,1755
38,9.999999999999956,M9,False,Highway,1,Punjab-Sindh lowland corridor,10,0.24338491,0.47981977,0.0,0.0,0.0,0.3958761,0.0,0.0,1.0,0.0,0.20538588,1.0,0.0,0.7458761096000671,1756
37,10.000000000000028,M9,False,Highway,1,Punjab-Sindh lowland corridor,11,0.37150648,0.7664637,0.0,0.0,0.0,0.4567683,0.0,0.0,1.0,0.0,0.11483657,1.0,0.0,0.8067683041095733,1757
1764,10.000000000000012,315,False,Major road,2,"Kashgar (Xinjiang, China)",11,0.29247114,0.7175773,0.0,0.0,0.0,0.5515871,0.0,0.0,0.9090909090909091,0.0,0.38348863,1.0,0.0,0.8788598320700906,1758
1763,9.999999999999964,315,False,Major road,2,"Kashgar (Xinjiang, China)",10,0.2953958,0.4476518,0.0,0.0,0.0,0.5708008,0.0,0.0,1.0,0.0,0.37093475,1.0,0.0,0.92080078125,1759
1762,9.999999999999984,315,False,Major road,2,"Kashgar (Xinjiang, China)",10,0.30644187,0.6453938,0.0,0.0,0.0,0.53651947,0.0,0.0,0.8,0.0,0.37700963,1.0,0.0,0.8365194678306579,1760
1761,10.000000000000028,315,False,Major road,2,"Kashgar (Xinjiang, China)",11,0.17945184,0.38846025,0.0,0.0,0.0,0.38364455,0.0,0.0,0.7272727272727273,0.0,0.36333844,1.0,0.0,0.6654627328569239,1761
1760,9.999999999999975,315,False,Major road,2,"Kashgar (Xinjiang, China)",10,0.14553747,0.17411087,0.0,0.0,0.0,0.3860688,0.0,0.0,0.9,0.0,0.35071793,1.0,0.0,0.7110687911510467,1762
1759,10.000000000000028,315,False,Major road,2,"Kashgar (Xinjiang, China)",11,0.12080944,0.17856738,0.0,0.0,0.0,0.21206622,0.0,0.0,0.36363636363636365,0.0,0.28802368,1.0,0.0,0.4029753091660413,1763
1758,9.999999999999977,315,False,Major road,2,"Kashgar (Xinjiang, China)",10,0.19031453,0.30721894,0.0,0.0,0.0,0.39340156,0.0,0.0,0.7,0.0,0.38779226,1.0,0.0,0.668401563167572,1764
1757,10.00000000000006,315,False,Major road,2,"Kashgar (Xinjiang, China)",11,0.22719043,0.4140305,0.0,0.0,0.0,0.5279133,0.0,0.0,1.0,0.0,0.40503463,1.0,0.0,0.8779132723808288,1765
1756,10.00000000000002,315,False,Major road,2,"Kashgar (Xinjiang, China)",11,0.14740112,0.22304294,0.0,0.0,0.0,0.3431177,0.0,0.0,0.6363636363636364,0.0,0.4111447,1.0,0.0,0.6022086230191317,1766
1755,9.999999999999996,315,False,Major road,2,"Kashgar (Xinjiang, China)",10,0.12490995,0.22085783,0.0,0.0,0.0,0.2482038,0.0,0.0,0.4,0.0,0.40798157,1.0,0.0,0.44820379912853237,1767
1754,9.99999999999997,315,False,Major road,2,"Kashgar (Xinjiang, China)",10,0.16003847,0.21743782,0.0,0.0,0.0,0.40089282,0.0,0.0,0.8,0.0,0.40209255,1.0,0.0,0.700892823934555,1768
1753,10.000000000000071,315,False,Major road,2,"Kashgar (Xinjiang, China)",11,0.11548459,0.19098309,0.0,0.0,0.0,0.18848272,0.0,0.0,0.2727272727272727,0.0,0.2957691,1.0,0.0,0.35666453486139127,1769
1752,9.99999999999994,315,False,Major road,2,"Kashgar (Xinjiang, China)",10,0.11857171,0.21473247,0.0,0.0,0.0,0.18486488,0.0,0.0,0.4,0.0,0.23154262,1.0,0.0,0.38486487865447994,1770
1751,10.000000000000039,315,False,Major road,2,"Kashgar (Xinjiang, China)",11,0.16090101,0.23499143,0.0,0.0,0.0,0.31916732,0.0,0.0,0.8181818181818182,0.0,0.24111995,1.0,0.0,0.623712770505385,1771
16,9.999999999999945,N5,False,Highway,1,Punjab-Sindh lowland corridor,10,0.08721664,0.12525737,0.0,0.0,0.0,0.08721664,0.0,0.0,0.0,0.0,0.15804286,1.0,0.0,0.18721663802862168,1772
1802,9.999999999999941,unknown,False,Major road,2,"Kashgar (Xinjiang, China)",10,0.8065815,0.9199116,0.0,0.0,0.0,0.98587686,0.0,0.0,1.0,0.0,0.36594996,1.0,0.0,1.3358768582344056,1773
1801,9.999999999999991,unknown,False,Major road,2,"Kashgar (Xinjiang, China)",10,0.72520554,0.8545318,0.0,0.0,0.0,0.95743626,0.0,0.0,1.0,0.0,0.35208485,1.0,0.0,1.3074362635612489,1774
1800,10.000000000000021,unknown,False,Major road,2,"Kashgar (Xinjiang, China)",11,0.6980212,0.9341766,0.0,0.0,0.0,0.91576,0.0,0.0,1.0,0.0,0.32182762,1.0,0.0,1.2657599806785584,1775
1799,9.99999999999998,unknown,False,Major road,2,"Kashgar (Xinjiang, China)",10,0.84670484,0.96533704,0.0,0.0,0.0,0.9865818,0.0,0.0,1.0,0.0,0.31113195,1.0,0.0,1.3365818023681642,1776
2,6.448257365609441,unknown,False,Major road,1,Punjab-Sindh lowland corridor,9,0.65526944,0.8377054,0.0,0.0,0.0,0.76285535,0.0,0.0,1.0,0.0,0.14490421,1.0,0.0,1.112855350971222,1777
4,9.999999999999988,unknown,False,Major road,2,Punjab-Sindh lowland corridor,10,0.1401854,0.3078,0.0,0.0,0.0,0.17787445,0.0,0.0,0.4,0.0,0.13190249,1.0,0.0,0.3778744459152221,1778
1780,10.00000000000001,unknown,False,Major road,2,"Kashgar (Xinjiang, China)",11,0.9120541,0.97320694,0.0,0.0,0.0,0.9910216,0.0,0.0,1.0,0.0,0.1743756,1.0,0.0,1.3410215735435487,1779
1779,10.000000000000052,unknown,False,Major road,2,"Kashgar (Xinjiang, China)",11,0.892893,0.9622259,0.0,0.0,0.0,0.97267526,0.0,0.0,1.0,0.0,0.1182003,1.0,0.0,1.3226752638816834,1780
1777,10.00000000000002,unknown,False,Major road,2,"Kashgar (Xinjiang, China)",11,0.9089291,0.9750945,0.0,0.0,0.0,0.97299314,0.0,0.0,1.0,0.0,0.16202916,1.0,0.0,1.3229931354522706,1781
1772,9.99999999999997,unknown,False,Major road,2,"Kashgar (Xinjiang, China)",10,0.37189156,0.9718253,0.0,0.0,0.0,0.61878,0.0,0.0,1.0,0.0,0.33387798,1.0,0.0,0.9687800168991089,1782
1771,9.999999999999991,unknown,False,Major road,2,"Kashgar (Xinjiang, China)",10,0.28758436,0.65217376,0.0,0.0,0.0,0.5571633,0.0,0.0,1.0,0.0,0.3630878,1.0,0.0,0.9071632981300354,1783
1770,5.247869187457312,315,False,Major road,2,"Kashgar (Xinjiang, China)",8,0.3884373,0.6050273,0.0,0.0,0.0,0.654583,0.0,0.0,1.0,0.0,0.35846364,1.0,0.0,1.004582977294922,1784
1769,9.999999999999922,315,False,Major road,2,"Kashgar (Xinjiang, China)",10,0.306041,0.6831323,0.0,0.0,0.0,0.59020436,0.0,0.0,1.0,0.0,0.38273117,1.0,0.0,0.9402043581008911,1785
1768,10.000000000000068,315,False,Major road,2,"Kashgar (Xinjiang, China)",11,0.18991809,0.2799618,0.0,0.0,0.0,0.44378555,0.0,0.0,0.9090909090909091,0.0,0.37453687,1.0,0.0,0.7710582754828713,1786
1767,10.000000000000043,315,False,Major road,2,"Kashgar (Xinjiang, China)",11,0.23281154,0.3863001,0.0,0.0,0.0,0.48560095,0.0,0.0,0.9090909090909091,0.0,0.37726316,1.0,0.0,0.8128736756064675,1787
493,10.000000000000032,N40,False,Highway,1,Balochistan,11,0.36288375,0.75383776,0.0,0.0,0.0,0.6009918,0.0,0.0,1.0,0.0,0.3236337,1.0,0.0,0.9509917855262756,1788
490,9.999999999999934,N40,False,Highway,1,Balochistan,10,0.22424562,0.38132647,0.0,0.0,0.0,0.45886746,0.0,0.0,1.0,0.0,0.31600517,1.0,0.0,0.808867460489273,1789
1791,10.00000000000003,unknown,False,Major road,2,"Kashgar (Xinjiang, China)",11,0.45523947,0.7398511,0.0,0.0,0.0,0.712291,0.0,0.0,1.0,0.0,0.3465579,1.0,0.0,1.0622910022735597,1790
1790,9.99999999999992,unknown,False,Major road,2,"Kashgar (Xinjiang, China)",10,0.73646265,0.91512597,0.0,0.0,0.0,0.94336665,0.0,0.0,1.0,0.0,0.3311763,1.0,0.0,1.2933666467666627,1791
1789,10.000000000000087,unknown,False,Major road,2,"Kashgar (Xinjiang, China)",11,0.5233892,0.78608847,0.0,0.0,0.0,0.7647982,0.0,0.0,1.0,0.0,0.32999232,1.0,0.0,1.1147982239723206,1792
1788,10.000000000000004,unknown,False,Major road,2,"Kashgar (Xinjiang, China)",11,0.48551652,0.6121777,0.0,0.0,0.0,0.7346045,0.0,0.0,1.0,0.0,0.3354891,1.0,0.0,1.0846044778823853,1793
1787,10.00000000000005,unknown,False,Major road,2,"Kashgar (Xinjiang, China)",11,0.51922226,0.76344824,0.0,0.0,0.0,0.78469753,0.0,0.0,1.0,0.0,0.36438522,1.0,0.0,1.1346975326538087,1794
1786,10.000000000000016,unknown,False,Major road,2,"Kashgar (Xinjiang, China)",11,0.61469555,0.9128657,0.0,0.0,0.0,0.8492453,0.0,0.0,1.0,0.0,0.362548,1.0,0.0,1.199245309829712,1795
1785,9.99999999999997,unknown,False,Major road,2,"Kashgar (Xinjiang, China)",10,0.6350812,0.9304901,0.0,0.0,0.0,0.8793637,0.0,0.0,1.0,0.0,0.37624332,1.0,0.0,1.2293637156486512,1796
1784,9.999999999999973,unknown,False,Major road,2,"Kashgar (Xinjiang, China)",10,0.7478517,0.96816117,0.0,0.0,0.0,0.9465397,0.0,0.0,1.0,0.0,0.36275366,1.0,0.0,1.2965397000312806,1797
1783,10.000000000000018,unknown,False,Major road,2,"Kashgar (Xinjiang, China)",11,0.6915544,0.9283137,0.0,0.0,0.0,0.9194202,0.0,0.0,1.0,0.0,0.3562483,1.0,0.0,1.2694201827049256,1798
1782,9.999999999999972,unknown,False,Major road,2,"Kashgar (Xinjiang, China)",10,0.71288705,0.92009735,0.0,0.0,0.0,0.9357995,0.0,0.0,1.0,0.0,0.35423508,1.0,0.0,1.2857994794845582,1799
1781,10.0,unknown,False,Major road,2,"Kashgar (Xinjiang, China)",11,0.90566885,0.98656493,0.0,0.0,0.0,1.0,0.0,0.0,1.0,0.0,0.29267585,1.0,0.0,1.35,1800
19,10.000000000000078,N5,False,Highway,1,Punjab-Sindh lowland corridor,11,0.07825249,0.19736497,0.0,0.0,0.0,0.083074324,0.0,0.0,0.09090909090909091,0.0,0.08850377,1.0,0.0,0.20580159656026148,1801
18,9.999999999999977,N5,False,Highway,1,Punjab-Sindh lowland corridor,10,0.15653303,0.3240138,0.0,0.0,0.0,0.18915188,0.0,0.0,0.5,0.0,0.11068507,1.0,0.0,0.41415188312530515,1802
17,10.000000000000044,N5,False,Highway,1,Punjab-Sindh lowland corridor,11,0.092407495,0.19802816,0.0,0.0,0.0,0.12781267,0.0,0.0,0.18181818181818182,0.0,0.15464245,1.0,0.0,0.2732672141356902,1803
