{
"type": "FeatureCollection",
"name": "reliability_aware_road_hotspot_segments_top50_250m",
"crs": { "type": "name", "properties": { "name": "urn:ogc:def:crs:OGC:1.3:CRS84" } },
"features": [
{ "type": "Feature", "properties": { "segment_id": 1692, "length_km": 10.000000000000023, "route_code": "314", "is_kkh_proxy": true, "road_type": "Highway", "road_rank": 1, "domain": "Kashgar (Xinjiang, China)", "sample_n": 11, "mean_fused_probability": 0.98867553, "max_fused_probability": 0.99388981, "mean_fused_transfer_confidence": 0.24585944, "mean_reliability_weighted_probability": 0.24340276, "mean_final_reliability_aware_score": 0.23197295, "mean_field_verification_priority": 0.76771122, "reliable_high_share": 0.090909090909090912, "reliable_very_high_share": 0.090909090909090912, "uncertain_high_share": 0.63636363636363635, "fused_aoa_share": 1.0, "mean_model_disagreement_std": 0.030221557, "outside_aoa_share": 0.0, "reliability_aware_road_priority_score": 0.27742749317125837, "field_verification_road_priority_score": 0.92680213126269251, "hotspot_rank": 1 }, "geometry": { "type": "LineString", "coordinates": [ [ 75.034270092235531, 38.522979545572788 ], [ 75.03355550914992, 38.524766564570228 ], [ 75.030990602514024, 38.527835011951503 ], [ 75.02736973883529, 38.535919189247032 ], [ 75.023069860191669, 38.542410135215867 ], [ 75.020806791085406, 38.543708324769014 ], [ 75.018920780837263, 38.545301556095723 ], [ 75.017468692804783, 38.547592163052265 ], [ 75.013297440334014, 38.552398681625078 ], [ 75.010223985736801, 38.555316925300993 ], [ 75.009705544628829, 38.557376861062181 ], [ 75.008992196053455, 38.558020591099854 ], [ 75.009321452860092, 38.559393882505617 ], [ 75.009101988147421, 38.560123443873749 ], [ 75.00827872890018, 38.560767173911422 ], [ 75.007675052943142, 38.561153411754368 ], [ 75.007126333220356, 38.561496734381251 ], [ 75.006632329881626, 38.561925888338585 ], [ 75.006138445120428, 38.563084601867388 ], [ 75.00504088530063, 38.563685417587322 ], [ 75.003449441618073, 38.564543723705363 ], [ 75.00279081032501, 38.565616606802053 ], [ 75.001144529884002, 38.567590713927778 ], [ 74.999168397951394, 38.570251464510612 ], [ 75.000156524104483, 38.571581840700276 ], [ 74.999717356625681, 38.572869300775594 ], [ 75.000211359964183, 38.574113846533173 ], [ 74.999662519866945, 38.576173782294369 ], [ 74.999796153248866, 38.576259613624813 ], [ 74.997487785695967, 38.579006194639774 ], [ 74.993095280865404, 38.583898544543061 ], [ 74.989251853286959, 38.590078353623355 ], [ 74.987824322499421, 38.593425751256504 ], [ 74.988135458489964, 38.595829010542879 ], [ 74.987421633807443, 38.597245217164726 ], [ 74.987366677573007, 38.598704338104319 ], [ 74.986762763562339, 38.600120544726181 ], [ 74.986152633318468, 38.60074640729627 ] ] } },
{ "type": "Feature", "properties": { "segment_id": 1688, "length_km": 9.9999999999999822, "route_code": "314", "is_kkh_proxy": true, "road_type": "Highway", "road_rank": 1, "domain": "Kashgar (Xinjiang, China)", "sample_n": 10, "mean_fused_probability": 0.96637738, "max_fused_probability": 0.98928934, "mean_fused_transfer_confidence": 0.31356466, "mean_reliability_weighted_probability": 0.30500019, "mean_final_reliability_aware_score": 0.2131964, "mean_field_verification_priority": 0.7791959, "reliable_high_share": 0.0, "reliable_very_high_share": 0.4, "uncertain_high_share": 0.8, "fused_aoa_share": 1.0, "mean_model_disagreement_std": 0.19555071, "outside_aoa_share": 0.0, "reliability_aware_road_priority_score": 0.27319639682769775, "field_verification_road_priority_score": 0.97919590473175044, "hotspot_rank": 2 }, "geometry": { "type": "LineString", "coordinates": [ [ 74.912999820737966, 38.254901839854043 ], [ 74.913897396917591, 38.257913589514381 ], [ 74.915536763025116, 38.260402679232854 ], [ 74.917722585100847, 38.26237678456183 ], [ 74.918924810329173, 38.263835907298017 ], [ 74.918706298729006, 38.26520919780549 ], [ 74.918038966354217, 38.266324997016561 ], [ 74.916726948132791, 38.269758224183533 ], [ 74.915536763023795, 38.272762299189829 ], [ 74.91596841968807, 38.274908066281462 ], [ 74.916733862464866, 38.276281356788893 ], [ 74.917499423819336, 38.277225495135653 ], [ 74.918483497672156, 38.277826309058895 ], [ 74.920123816892485, 38.277912139490986 ], [ 74.921873332623989, 38.27808380125353 ], [ 74.922857525054454, 38.278598785642956 ], [ 74.924497844274782, 38.278598785642899 ], [ 74.926356793672738, 38.278598785642856 ], [ 74.927012802783167, 38.279714583955574 ], [ 74.926356793672525, 38.280658722302363 ], [ 74.92745030119184, 38.280916214497068 ], [ 74.928543807812773, 38.282032012809751 ], [ 74.929746629522569, 38.282461165868732 ], [ 74.930621387388385, 38.282203673673976 ], [ 74.931496263831846, 38.281431197988098 ], [ 74.93182420909838, 38.280658722302206 ], [ 74.933027150284246, 38.280229568344858 ], [ 74.934995414770938, 38.281602859750578 ], [ 74.935979606302993, 38.282976150258015 ], [ 74.936745049079818, 38.284349441663764 ], [ 74.937729121136002, 38.285293579112178 ], [ 74.939369442153051, 38.28503608691743 ], [ 74.940681578951725, 38.285121917349521 ], [ 74.941009642795748, 38.285551071306841 ], [ 74.941884519239039, 38.286838531382109 ], [ 74.943196656037713, 38.287010193144681 ], [ 74.944946290346977, 38.286666869619459 ], [ 74.947570683420395, 38.286151886128231 ], [ 74.945165040000475, 38.287439346203627 ], [ 74.944399597223381, 38.288469314084224 ], [ 74.941228391550595, 38.289155960236336 ], [ 74.938603999375587, 38.289327621100718 ], [ 74.937401177665762, 38.289070128906026 ], [ 74.934558035837185, 38.289155960236542 ], [ 74.931168199986899, 38.289585113295637 ], [ 74.928653122900698, 38.290185929015607 ], [ 74.927231551537204, 38.290786742938941 ], [ 74.925919296160856, 38.291559219523151 ], [ 74.925203443980834, 38.292449713176083 ], [ 74.925340176550321, 38.293844461740747 ], [ 74.928218006440446, 38.306129094041751 ] ] } },
{ "type": "Feature", "properties": { "segment_id": 1700, "length_km": 10.000000000000043, "route_code": "314", "is_kkh_proxy": true, "road_type": "Highway", "road_rank": 1, "domain": "Kashgar (Xinjiang, China)", "sample_n": 11, "mean_fused_probability": 0.98544139, "max_fused_probability": 0.9933967, "mean_fused_transfer_confidence": 0.16519915, "mean_reliability_weighted_probability": 0.16397439, "mean_final_reliability_aware_score": 0.16009718, "mean_field_verification_priority": 0.83664262, "reliable_high_share": 0.090909090909090912, "reliable_very_high_share": 0.090909090909090912, "uncertain_high_share": 0.72727272727272729, "fused_aoa_share": 0.72727272727272729, "mean_model_disagreement_std": 0.040508535, "outside_aoa_share": 0.27272727272727271, "reliability_aware_road_priority_score": 0.20555172725157303, "field_verification_road_priority_score": 1.0457335320386021, "hotspot_rank": 3 }, "geometry": { "type": "LineString", "coordinates": [ [ 75.47852013394629, 38.864283867781907 ], [ 75.478970053980063, 38.867139815896167 ], [ 75.481064560512834, 38.869285582987722 ], [ 75.485143306275319, 38.87280464148499 ], [ 75.485914948326524, 38.875207901669668 ], [ 75.48536372499801, 38.877182006998758 ], [ 75.484812620247055, 38.879413604522547 ], [ 75.486344459813253, 38.881731033376738 ], [ 75.487447383474205, 38.884649276154242 ], [ 75.48888111353628, 38.887224197203139 ], [ 75.491748694035223, 38.890142440878869 ], [ 75.494175078659268, 38.892030715775718 ], [ 75.493402960499566, 38.895893096900025 ], [ 75.492961886794731, 38.898553848381177 ], [ 75.491748694032623, 38.901901245116058 ], [ 75.490535500372047, 38.905763626240393 ], [ 75.490425112694155, 38.907995223764189 ], [ 75.490756037671915, 38.91211509708323 ], [ 75.491858962231404, 38.914089202412235 ], [ 75.49318242319373, 38.916492462596885 ], [ 75.494718673488265, 38.917608260909581 ], [ 75.495049598466423, 38.920011520195921 ], [ 75.496042612354017, 38.921470642033817 ], [ 75.497697713354114, 38.923358917828978 ], [ 75.499573472029738, 38.925504684920575 ], [ 75.500897529473349, 38.928251266833783 ], [ 75.502993824551353, 38.93280029321172 ], [ 75.504210474927433, 38.93683433520026 ], [ 75.506969693450216, 38.938808441427526 ], [ 75.509287478942838, 38.939838409308024 ], [ 75.510501625714468, 38.942756652983824 ], [ 75.509222795156745, 38.944887759382389 ] ] } },
{ "type": "Feature", "properties": { "segment_id": 1701, "length_km": 9.9999999999999911, "route_code": "314", "is_kkh_proxy": true, "road_type": "Highway", "road_rank": 1, "domain": "Kashgar (Xinjiang, China)", "sample_n": 10, "mean_fused_probability": 0.88108289, "max_fused_probability": 0.9934774, "mean_fused_transfer_confidence": 0.1415804, "mean_reliability_weighted_probability": 0.1395411, "mean_final_reliability_aware_score": 0.12787256, "mean_field_verification_priority": 0.81574595, "reliable_high_share": 0.1, "reliable_very_high_share": 0.1, "uncertain_high_share": 0.9, "fused_aoa_share": 0.6, "mean_model_disagreement_std": 0.10016264, "outside_aoa_share": 0.4, "reliability_aware_road_priority_score": 0.17787255644798278, "field_verification_road_priority_score": 1.0807459497451783, "hotspot_rank": 4 }, "geometry": { "type": "LineString", "coordinates": [ [ 75.509222795156745, 38.944887759382389 ], [ 75.508183840220696, 38.946619033209913 ], [ 75.507631900934612, 38.949880600410943 ], [ 75.506859304871469, 38.952198028366915 ], [ 75.506969693446777, 38.954000472831666 ], [ 75.508183840218862, 38.954772949415819 ], [ 75.509397867514849, 38.956317901685829 ], [ 75.512046816937939, 38.957948684387937 ], [ 75.514364602430618, 38.958892822734633 ], [ 75.516461614365255, 38.959321974895239 ], [ 75.517234208630896, 38.960781097631447 ], [ 75.519220950567004, 38.963098526485616 ], [ 75.520218255706496, 38.96584510750052 ], [ 75.520328644281676, 38.968162536354761 ], [ 75.51955581016469, 38.9716815948522 ], [ 75.518893245147723, 38.974256515901217 ], [ 75.519776586416654, 38.976917266483987 ], [ 75.52122831692057, 38.979343533421364 ], [ 75.521984938242142, 38.980607986743927 ], [ 75.524303677745507, 38.982582092072903 ], [ 75.528168204058588, 38.985757827045006 ], [ 75.531701567339823, 38.987302780213241 ], [ 75.536449434923114, 38.988161086331083 ], [ 75.539655092787925, 38.988847732483002 ], [ 75.541311624804479, 38.990736007379866 ], [ 75.543299439329289, 38.992280959649854 ], [ 75.546152237152413, 38.994383811525331 ], [ 75.547857407551774, 38.996754885073337 ], [ 75.550459864666834, 39.0009391307672 ], [ 75.553959729770455, 39.005820751192559 ], [ 75.558760288933939, 39.01330947840512 ], [ 75.559533361103334, 39.015111922869863 ], [ 75.559447314710695, 39.016383098128571 ] ] } },
{ "type": "Feature", "properties": { "segment_id": 1691, "length_km": 10.00000000000002, "route_code": "314", "is_kkh_proxy": true, "road_type": "Highway", "road_rank": 1, "domain": "Kashgar (Xinjiang, China)", "sample_n": 11, "mean_fused_probability": 0.97421175, "max_fused_probability": 0.98581946, "mean_fused_transfer_confidence": 0.20697388, "mean_reliability_weighted_probability": 0.20167631, "mean_final_reliability_aware_score": 0.15124255, "mean_field_verification_priority": 0.8590433, "reliable_high_share": 0.0, "reliable_very_high_share": 0.0, "uncertain_high_share": 0.81818181818181823, "fused_aoa_share": 0.90909090909090906, "mean_model_disagreement_std": 0.1267169, "outside_aoa_share": 0.090909090909090939, "reliability_aware_road_priority_score": 0.15124255418777466, "field_verification_road_priority_score": 1.0726796637881886, "hotspot_rank": 5 }, "geometry": { "type": "LineString", "coordinates": [ [ 75.042446218184296, 38.438198099946142 ], [ 75.042715313026974, 38.438522815773865 ], [ 75.043948294774296, 38.440239428908171 ], [ 75.044521333688152, 38.442975759247332 ], [ 75.044426562323409, 38.445882797338314 ], [ 75.045240642584844, 38.44768524180305 ], [ 75.046445848423517, 38.449487686267808 ], [ 75.047103287651908, 38.451032638537825 ], [ 75.046884181366906, 38.45283508300259 ], [ 75.047649027662345, 38.455528021120315 ], [ 75.048642279602475, 38.457641601575261 ], [ 75.048861624838608, 38.461761474894303 ], [ 75.048425914076702, 38.464808464218308 ], [ 75.049477578968151, 38.468236327544673 ], [ 75.050457241194607, 38.470773697218128 ], [ 75.050532581100853, 38.471953868804107 ], [ 75.047545792368595, 38.477125168060979 ], [ 75.04666853089779, 38.478155135941591 ], [ 75.045958759413779, 38.479013442957935 ], [ 75.043900491819258, 38.482811450808988 ], [ 75.043817521622657, 38.483905792861158 ], [ 75.043217421858685, 38.484506606784457 ], [ 75.042940379627765, 38.485193252936526 ], [ 75.043217421858401, 38.486695289990493 ], [ 75.043050052245732, 38.487939834849733 ], [ 75.044423582606186, 38.488712310535561 ], [ 75.044804455710945, 38.489398955789284 ], [ 75.044195653068371, 38.490836620468343 ], [ 75.041858198066336, 38.492901920968464 ], [ 75.040350081211173, 38.494259119055961 ], [ 75.039760352497055, 38.495922088394771 ], [ 75.039212109779257, 38.499355316460075 ], [ 75.039102436262112, 38.503217697584361 ], [ 75.038115622546883, 38.507165909140795 ], [ 75.036674262195092, 38.512401580772561 ], [ 75.03733265543417, 38.515319823550044 ], [ 75.034270092235531, 38.522979545572788 ] ] } },
{ "type": "Feature", "properties": { "segment_id": 1613, "length_km": 10.000000000000027, "route_code": "N35", "is_kkh_proxy": true, "road_type": "Highway", "road_rank": 1, "domain": "Gilgit-Baltistan", "sample_n": 11, "mean_fused_probability": 0.9936825, "max_fused_probability": 0.99459112, "mean_fused_transfer_confidence": 0.14575276, "mean_reliability_weighted_probability": 0.14488536, "mean_final_reliability_aware_score": 0.14242485, "mean_field_verification_priority": 0.85467631, "reliable_high_share": 0.0, "reliable_very_high_share": 0.0, "uncertain_high_share": 1.0, "fused_aoa_share": 1.0, "mean_model_disagreement_std": 0.0079184351, "outside_aoa_share": 0.0, "reliability_aware_road_priority_score": 0.14242485165596008, "field_verification_road_priority_score": 1.1046763062477112, "hotspot_rank": 6 }, "geometry": { "type": "LineString", "coordinates": [ [ 74.537568983219387, 35.832982836214647 ], [ 74.536183835259024, 35.833969116021116 ], [ 74.533114554236775, 35.835943221350291 ], [ 74.531250001148834, 35.837745666713417 ], [ 74.529027343655585, 35.838432311967239 ], [ 74.527015686948076, 35.840578079058915 ], [ 74.522674800215114, 35.844440460183321 ], [ 74.520451427662806, 35.847530364723482 ], [ 74.51822805511047, 35.851993560669406 ], [ 74.515686990662587, 35.854139327761118 ], [ 74.512616515779413, 35.855855941793834 ], [ 74.508169771573492, 35.857057571437181 ], [ 74.502554059568183, 35.857915877555364 ], [ 74.499695182850616, 35.858259201080628 ], [ 74.4975452439798, 35.859375000291749 ], [ 74.495320678464978, 35.860576629036665 ], [ 74.493308067746824, 35.861177444756642 ], [ 74.489706398374295, 35.862979888323224 ], [ 74.487375856808598, 35.865297317177514 ], [ 74.485151291293832, 35.866842269447616 ], [ 74.482503057832545, 35.868816376573371 ], [ 74.476888658266049, 35.871047974097323 ], [ 74.47254550508417, 35.871391295826029 ], [ 74.469261647083343, 35.87121963496184 ], [ 74.467248917787614, 35.872421264605087 ], [ 74.465024352272934, 35.87319374118934 ], [ 74.459727764976407, 35.876283645729579 ], [ 74.457821012629907, 35.876884460551231 ], [ 74.454960943848164, 35.877056122313903 ], [ 74.453266025025698, 35.877828597999816 ], [ 74.450405836768041, 35.878000258864184 ], [ 74.448515788564137, 35.877450607223039 ] ] } },
{ "type": "Feature", "properties": { "segment_id": 1591, "length_km": 10.000000000000009, "route_code": "N35", "is_kkh_proxy": true, "road_type": "Highway", "road_rank": 1, "domain": "KP-AJK", "sample_n": 11, "mean_fused_probability": 0.99256778, "max_fused_probability": 0.99416775, "mean_fused_transfer_confidence": 0.087183766, "mean_reliability_weighted_probability": 0.086634718, "mean_final_reliability_aware_score": 0.085040428, "mean_field_verification_priority": 0.91324294, "reliable_high_share": 0.090909090909090912, "reliable_very_high_share": 0.090909090909090912, "uncertain_high_share": 0.90909090909090906, "fused_aoa_share": 0.54545454545454541, "mean_model_disagreement_std": 0.0099195205, "outside_aoa_share": 0.45454545454545459, "reliability_aware_road_priority_score": 0.13049497319893402, "field_verification_road_priority_score": 1.1859702088616111, "hotspot_rank": 7 }, "geometry": { "type": "LineString", "coordinates": [ [ 73.220843315265483, 35.258761882845675 ], [ 73.222612738559192, 35.260877609375861 ], [ 73.222666859360132, 35.26285171470488 ], [ 73.222684621748215, 35.268859862920749 ], [ 73.223315239077778, 35.275382995526058 ], [ 73.225522637785005, 35.280361175861337 ], [ 73.225417613948466, 35.284738540476717 ], [ 73.225402355165002, 35.288085938109816 ], [ 73.224368691615041, 35.289888382574595 ], [ 73.221424579153194, 35.291862487903614 ], [ 73.21805977845716, 35.293493270605829 ], [ 73.214905381167, 35.29546737683323 ], [ 73.210068583978028, 35.295982361222677 ], [ 73.204390526203369, 35.295724869027985 ], [ 73.199764012944343, 35.296068191654854 ], [ 73.197450756763985, 35.299158097093269 ], [ 73.197345614349842, 35.302677154692333 ], [ 73.19398093223144, 35.306282043621849 ], [ 73.191352128434431, 35.309371948161939 ], [ 73.190195560980527, 35.312290191837761 ], [ 73.192068457618532, 35.314607619793634 ], [ 73.195644140522475, 35.317182540842545 ], [ 73.19891536281699, 35.320272445382571 ], [ 73.201334595946321, 35.32482147265884 ], [ 73.201296100922036, 35.326518380283687 ] ] } },
{ "type": "Feature", "properties": { "segment_id": 665, "length_km": 9.9999999999999893, "route_code": "N50", "is_kkh_proxy": false, "road_type": "Highway", "road_rank": 1, "domain": "KP-AJK", "sample_n": 10, "mean_fused_probability": 0.90668833, "max_fused_probability": 0.98980391, "mean_fused_transfer_confidence": 0.11287455, "mean_reliability_weighted_probability": 0.11132984, "mean_final_reliability_aware_score": 0.10662699, "mean_field_verification_priority": 0.83519948, "reliable_high_share": 0.0, "reliable_very_high_share": 0.1, "uncertain_high_share": 0.8, "fused_aoa_share": 0.4, "mean_model_disagreement_std": 0.05510078, "outside_aoa_share": 0.6, "reliability_aware_road_priority_score": 0.12162698745727539, "field_verification_road_priority_score": 1.0951994752883911, "hotspot_rank": 8 }, "geometry": { "type": "LineString", "coordinates": [ [ 70.197620638986891, 31.591111545218492 ], [ 70.198718905415902, 31.590499878683346 ], [ 70.200967669744728, 31.588268280261264 ], [ 70.200835108951509, 31.58517837482291 ], [ 70.197206854841454, 31.578998565742751 ], [ 70.192169785447717, 31.574363708932651 ], [ 70.191363811584935, 31.56286239599207 ], [ 70.195362687225, 31.558399200046235 ], [ 70.196873665211001, 31.551704406576651 ], [ 70.196458459395103, 31.545867920123392 ], [ 70.195451378791319, 31.543035506879725 ], [ 70.19293379720699, 31.53908729532337 ], [ 70.187999129467414, 31.534366607182804 ], [ 70.179539799539768, 31.530332565194286 ], [ 70.176014424089303, 31.529130936449423 ], [ 70.172087312162347, 31.528530120729535 ], [ 70.165441512808357, 31.526212692773665 ], [ 70.161313176461093, 31.523208617767409 ], [ 70.161054041352003, 31.522847183027789 ] ] } },
{ "type": "Feature", "properties": { "segment_id": 268, "length_km": 10.000000000000064, "route_code": "M8", "is_kkh_proxy": false, "road_type": "Highway", "road_rank": 1, "domain": "Balochistan", "sample_n": 11, "mean_fused_probability": 0.86813933, "max_fused_probability": 0.99251753, "mean_fused_transfer_confidence": 0.080855064, "mean_reliability_weighted_probability": 0.077895179, "mean_final_reliability_aware_score": 0.074028261, "mean_field_verification_priority": 0.88782984, "reliable_high_share": 0.090909090909090912, "reliable_very_high_share": 0.090909090909090912, "uncertain_high_share": 0.90909090909090906, "fused_aoa_share": 0.45454545454545453, "mean_model_disagreement_std": 0.20855202, "outside_aoa_share": 0.54545454545454541, "reliability_aware_road_priority_score": 0.1194828064604239, "field_verification_road_priority_score": 1.1696480220014398, "hotspot_rank": 9 }, "geometry": { "type": "LineString", "coordinates": [ [ 66.49251678091251, 27.778072358251837 ], [ 66.494171023802906, 27.77807235700033 ], [ 66.495917201391549, 27.777643203941327 ], [ 66.497566342064886, 27.776355743866034 ], [ 66.499215483636519, 27.775926589908721 ], [ 66.501737713104191, 27.774810790697675 ], [ 66.502319813323467, 27.773523330622375 ], [ 66.505230069179788, 27.770433425184006 ], [ 66.515963555216231, 27.771978378352348 ], [ 66.517418742433193, 27.77094840957345 ], [ 66.518486022737434, 27.767944336363851 ], [ 66.519359111531742, 27.767086029347524 ], [ 66.52149343498499, 27.766914367584942 ], [ 66.527023434229676, 27.766485213627632 ], [ 66.530418992341822, 27.767515182406516 ], [ 66.540217518118752, 27.770261764319738 ], [ 66.543613076230912, 27.771806717488079 ], [ 66.54720270637705, 27.772407532309675 ], [ 66.550695300506192, 27.772922515800797 ], [ 66.554381847193369, 27.774982452460289 ], [ 66.55506098253133, 27.77575492814616 ], [ 66.554381847193369, 27.776956557789322 ], [ 66.553508758399062, 27.777643203941345 ], [ 66.553217649449763, 27.778415680525548 ], [ 66.553344487974641, 27.779960631897243 ], [ 66.55402350383666, 27.781419753735133 ], [ 66.555672884360149, 27.781419753735136 ], [ 66.557128071577125, 27.780475616286697 ], [ 66.560038566385316, 27.780303955422429 ], [ 66.563628196531425, 27.779874801465116 ], [ 66.568382025319494, 27.779617309270392 ], [ 66.571001410280076, 27.779531478838248 ], [ 66.574953985630785, 27.782235796572163 ] ] } },
{ "type": "Feature", "properties": { "segment_id": 1600, "length_km": 10.000000000000011, "route_code": "N35", "is_kkh_proxy": true, "road_type": "Highway", "road_rank": 1, "domain": "Gilgit-Baltistan", "sample_n": 11, "mean_fused_probability": 0.99255127, "max_fused_probability": 0.99494302, "mean_fused_transfer_confidence": 0.11976368, "mean_reliability_weighted_probability": 0.11907116, "mean_final_reliability_aware_score": 0.11683956, "mean_field_verification_priority": 0.88134629, "reliable_high_share": 0.0, "reliable_very_high_share": 0.0, "uncertain_high_share": 1.0, "fused_aoa_share": 0.72727272727272729, "mean_model_disagreement_std": 0.011408884, "outside_aoa_share": 0.27272727272727271, "reliability_aware_road_priority_score": 0.11683955788612366, "field_verification_road_priority_score": 1.1586190126158975, "hotspot_rank": 10 }, "geometry": { "type": "LineString", "coordinates": [ [ 73.831645346877494, 35.48616058467659 ], [ 73.835001112271669, 35.48601150570245 ], [ 73.839428306438634, 35.487213134447238 ], [ 73.843539118453904, 35.48884391714936 ], [ 73.847333789066042, 35.489616393733478 ], [ 73.853237986936008, 35.488414764090209 ], [ 73.860510469003245, 35.486783981387937 ], [ 73.863294363341922, 35.485970139181504 ], [ 73.864621042965098, 35.485582351744704 ], [ 73.87326371725139, 35.4823207854419 ], [ 73.877268910745556, 35.480947494934391 ], [ 73.881379485605777, 35.480604171409155 ], [ 73.885806203665879, 35.478544235647917 ], [ 73.891813874880384, 35.477771759063643 ], [ 73.895819068374607, 35.478115081690447 ], [ 73.897918821063797, 35.481333732777003 ], [ 73.899894357410389, 35.483908652927596 ], [ 73.904240489402923, 35.485088825411822 ], [ 73.908677697090667, 35.485324859549301 ], [ 73.913104176198942, 35.485239029117075 ], [ 73.920377374223833, 35.484981536922234 ], [ 73.926174879187784, 35.48446655253268 ], [ 73.933553577156445, 35.48309326202515 ], [ 73.933695744303179, 35.483070112149605 ] ] } },
{ "type": "Feature", "properties": { "segment_id": 1693, "length_km": 9.9999999999999147, "route_code": "314", "is_kkh_proxy": true, "road_type": "Highway", "road_rank": 1, "domain": "Kashgar (Xinjiang, China)", "sample_n": 10, "mean_fused_probability": 0.98185253, "max_fused_probability": 0.98879564, "mean_fused_transfer_confidence": 0.12947237, "mean_reliability_weighted_probability": 0.12732363, "mean_final_reliability_aware_score": 0.11608825, "mean_field_verification_priority": 0.88644332, "reliable_high_share": 0.0, "reliable_very_high_share": 0.0, "uncertain_high_share": 1.0, "fused_aoa_share": 0.9, "mean_model_disagreement_std": 0.051537536, "outside_aoa_share": 0.1, "reliability_aware_road_priority_score": 0.11608824878931046, "field_verification_road_priority_score": 1.1464433169364929, "hotspot_rank": 11 }, "geometry": { "type": "LineString", "coordinates": [ [ 74.986152633318468, 38.60074640729627 ], [ 74.985884191449671, 38.601021766958588 ], [ 74.984200597686595, 38.603897094520057 ], [ 74.983541728339716, 38.607587813881757 ], [ 74.982222081624784, 38.610849380184476 ], [ 74.981745960149809, 38.614588379501129 ], [ 74.979954005308613, 38.618499040580375 ], [ 74.978471042179876, 38.621009587457799 ], [ 74.977791310358938, 38.623327016312047 ], [ 74.977729441588266, 38.625982403054273 ], [ 74.977853061449522, 38.627623915234182 ], [ 74.97711157943597, 38.628975749481093 ], [ 74.975381375686212, 38.630182742964884 ], [ 74.9731546658914, 38.631727695234979 ], [ 74.971793891607874, 38.634045124089234 ], [ 74.971217038446653, 38.63745689409734 ], [ 74.97031045147321, 38.641093968765247 ], [ 74.972659351010606, 38.647305965380305 ], [ 74.973277451215807, 38.649623394234503 ], [ 74.9738546628043, 38.650631904057875 ], [ 74.971956731014046, 38.653775454190161 ], [ 74.971214892369431, 38.654451369966147 ], [ 74.970266820298164, 38.65480542117249 ], [ 74.968783022634824, 38.655030727628919 ], [ 74.96713435806538, 38.655577897756736 ], [ 74.965691687072407, 38.656157255419473 ], [ 74.964620115513881, 38.656961917742002 ], [ 74.96297133146841, 38.658410311000509 ], [ 74.962517978693, 38.659375905607845 ], [ 74.962270738071737, 38.660116195555403 ], [ 74.962435723555359, 38.6607921122297 ], [ 74.966598989103062, 38.667422533324263 ], [ 74.969606996938822, 38.672572374523817 ], [ 74.972451688360692, 38.677657843348392 ], [ 74.973609992961428, 38.680983106422616 ] ] } },
{ "type": "Feature", "properties": { "segment_id": 291, "length_km": 9.9999999999999165, "route_code": "N85", "is_kkh_proxy": false, "road_type": "Major road", "road_rank": 2, "domain": "Balochistan", "sample_n": 10, "mean_fused_probability": 0.52904582, "max_fused_probability": 0.80839556, "mean_fused_transfer_confidence": 0.33000952, "mean_reliability_weighted_probability": 0.18850565, "mean_final_reliability_aware_score": 0.054313175, "mean_field_verification_priority": 0.57331246, "reliable_high_share": 0.0, "reliable_very_high_share": 0.4, "uncertain_high_share": 1.0, "fused_aoa_share": 0.9, "mean_model_disagreement_std": 0.31351408, "outside_aoa_share": 0.1, "reliability_aware_road_priority_score": 0.11431317538022995, "field_verification_road_priority_score": 0.83331246137619019, "hotspot_rank": 12 }, "geometry": { "type": "LineString", "coordinates": [ [ 64.611398006409345, 27.192062877492795 ], [ 64.611490487542994, 27.192106246874637 ], [ 64.627318262966895, 27.203950881544127 ], [ 64.631788015717405, 27.20820486525027 ], [ 64.634610772072676, 27.210329175183062 ], [ 64.638030767056563, 27.212405205160941 ], [ 64.640256404259134, 27.213950157430997 ], [ 64.642007469581785, 27.215087413800969 ], [ 64.644300460667722, 27.216053008408341 ], [ 64.648041606060758, 27.21734046938203 ], [ 64.650093198270213, 27.2177696233394 ], [ 64.652256249846886, 27.217233180892794 ], [ 64.653830766571787, 27.216750384038335 ], [ 64.654970884076221, 27.217040061971407 ], [ 64.655730962113097, 27.217812537657267 ], [ 64.656654000830741, 27.218247056353466 ], [ 64.657522677998983, 27.218005657477086 ], [ 64.658391356963833, 27.217184900937983 ], [ 64.658825755285932, 27.215639948667963 ], [ 64.65931439388487, 27.213950157431391 ], [ 64.661000728404758, 27.213735580452795 ], [ 64.663509964640923, 27.21442222570656 ], [ 64.666984438853532, 27.214937210096078 ], [ 64.671327352180796, 27.21485137966404 ], [ 64.673547148537352, 27.215280532723092 ], [ 64.677986621774537, 27.217941284204233 ], [ 64.681171536631581, 27.219829559101193 ], [ 64.68493628436029, 27.222919463641347 ], [ 64.689183235157273, 27.224636078572342 ], [ 64.693043350731529, 27.225923538647741 ], [ 64.694481486996438, 27.225953293333458 ] ] } },
{ "type": "Feature", "properties": { "segment_id": 505, "length_km": 10.000000000000092, "route_code": "N65", "is_kkh_proxy": false, "road_type": "Highway", "road_rank": 1, "domain": "Balochistan", "sample_n": 11, "mean_fused_probability": 0.98447132, "max_fused_probability": 0.99165362, "mean_fused_transfer_confidence": 0.12887134, "mean_reliability_weighted_probability": 0.12725967, "mean_final_reliability_aware_score": 0.1134015, "mean_field_verification_priority": 0.88578659, "reliable_high_share": 0.0, "reliable_very_high_share": 0.0, "uncertain_high_share": 0.81818181818181823, "fused_aoa_share": 0.63636363636363635, "mean_model_disagreement_std": 0.083533399, "outside_aoa_share": 0.36363636363636365, "reliability_aware_road_priority_score": 0.11340150237083435, "field_verification_road_priority_score": 1.1266956838694486, "hotspot_rank": 13 }, "geometry": { "type": "LineString", "coordinates": [ [ 67.234019921082918, 29.922924181473043 ], [ 67.227426408989643, 29.924976826262018 ], [ 67.223472953068608, 29.924612045577955 ], [ 67.221789360207495, 29.924354553383225 ], [ 67.217035770371368, 29.925727844788995 ], [ 67.215946435528593, 29.926929473533857 ], [ 67.21356964061053, 29.929847717209658 ], [ 67.21000444823342, 29.931564331242274 ], [ 67.209113121842194, 29.931478500810123 ], [ 67.207726598252293, 29.932765959987105 ], [ 67.205349803334201, 29.933280944376556 ], [ 67.204362869247333, 29.934997558409194 ], [ 67.202679157808618, 29.936113357620233 ], [ 67.201094508087849, 29.93722915593294 ], [ 67.20050048902138, 29.93860244823701 ], [ 67.198519468461299, 29.938516616906586 ], [ 67.19663739283817, 29.937229155932926 ], [ 67.195347547735778, 29.937744140322401 ], [ 67.193566799381784, 29.94006156917661 ], [ 67.191882968467127, 29.939804076981876 ], [ 67.188911318151057, 29.940319061371326 ], [ 67.183760643314926, 29.941177368387642 ], [ 67.177942633410396, 29.938897490010614 ], [ 67.173993229789644, 29.93706822454644 ], [ 67.172567724706298, 29.935941695857643 ], [ 67.171577215324547, 29.935512542798637 ], [ 67.170190453681116, 29.936285019382805 ], [ 67.168902754653942, 29.936714172441796 ], [ 67.16811037140306, 29.936456680247087 ], [ 67.167598724254901, 29.935512542798648 ], [ 67.163949608568998, 29.935083388841328 ], [ 67.161176800341082, 29.933881760096469 ], [ 67.158701062282645, 29.931993485199573 ], [ 67.156522393495436, 29.930276870268649 ], [ 67.154739856595668, 29.927444457923308 ], [ 67.152969717345172, 29.925298690831685 ], [ 67.153464794169608, 29.924182891620632 ], [ 67.153566122337025, 29.923142194262304 ], [ 67.152817656374907, 29.921314330316214 ] ] } },
{ "type": "Feature", "properties": { "segment_id": 276, "length_km": 10.000000000000044, "route_code": "N85", "is_kkh_proxy": false, "road_type": "Major road", "road_rank": 2, "domain": "Balochistan", "sample_n": 11, "mean_fused_probability": 0.84366, "max_fused_probability": 0.98589092, "mean_fused_transfer_confidence": 0.23280238, "mean_reliability_weighted_probability": 0.19542709, "mean_final_reliability_aware_score": 0.10559399, "mean_field_verification_priority": 0.81815916, "reliable_high_share": 0.0, "reliable_very_high_share": 0.0, "uncertain_high_share": 1.0, "fused_aoa_share": 1.0, "mean_model_disagreement_std": 0.22886871, "outside_aoa_share": 0.0, "reliability_aware_road_priority_score": 0.10559399425983429, "field_verification_road_priority_score": 1.0681591629981995, "hotspot_rank": 14 }, "geometry": { "type": "LineString", "coordinates": [ [ 63.984430731529308, 26.401691905065295 ], [ 63.984202861298598, 26.402120590489147 ], [ 63.983628033839416, 26.40297889660712 ], [ 63.980945348192051, 26.403493880996415 ], [ 63.97694218039846, 26.40503883326619 ], [ 63.968604087993526, 26.407442092552035 ], [ 63.962087034282654, 26.411218643243739 ], [ 63.960553645125721, 26.413021087708429 ], [ 63.959115982241975, 26.420402526431658 ], [ 63.95739090428134, 26.422462463091041 ], [ 63.955761671171729, 26.424093246691431 ], [ 63.956144928404612, 26.430616379296783 ], [ 63.956144928404441, 26.434993743912163 ], [ 63.955186604760158, 26.438770294604211 ], [ 63.956815837869669, 26.440486907738631 ], [ 63.958828448586452, 26.443748474041428 ], [ 63.958445071877343, 26.446065902895608 ], [ 63.956815481238273, 26.446838378581372 ], [ 63.955281614177395, 26.454477310397628 ], [ 63.953747748913315, 26.457309722742899 ], [ 63.949529528033715, 26.458253860191089 ], [ 63.945407152005131, 26.459627150698282 ], [ 63.940960049374034, 26.462030410882662 ], [ 63.937411903424874, 26.464519500600915 ], [ 63.936881060030437, 26.464618494296374 ] ] } },
{ "type": "Feature", "properties": { "segment_id": 271, "length_km": 10.000000000000075, "route_code": "N85", "is_kkh_proxy": false, "road_type": "Major road", "road_rank": 2, "domain": "Balochistan", "sample_n": 11, "mean_fused_probability": 0.97818547, "max_fused_probability": 0.98603082, "mean_fused_transfer_confidence": 0.1354423, "mean_reliability_weighted_probability": 0.13235617, "mean_final_reliability_aware_score": 0.10183816, "mean_field_verification_priority": 0.91631979, "reliable_high_share": 0.0, "reliable_very_high_share": 0.0, "uncertain_high_share": 1.0, "fused_aoa_share": 0.90909090909090906, "mean_model_disagreement_std": 0.095964454, "outside_aoa_share": 0.090909090909090939, "reliability_aware_road_priority_score": 0.10183815658092499, "field_verification_road_priority_score": 1.1754106965931979, "hotspot_rank": 15 }, "geometry": { "type": "LineString", "coordinates": [ [ 63.948231934033359, 26.076496827657316 ], [ 63.952012299916966, 26.076221465890224 ], [ 63.954018950311955, 26.075963973695636 ], [ 63.958605766122481, 26.074161530129487 ], [ 63.960994719739709, 26.07424736056177 ], [ 63.96633422314742, 26.075620651069553 ], [ 63.969201683265673, 26.076049805027065 ], [ 63.969106077366504, 26.077337265102358 ], [ 63.967576741408195, 26.077938079923864 ], [ 63.967385649085784, 26.080255508778048 ], [ 63.969201683265354, 26.084632873393545 ], [ 63.975605606742143, 26.086950302248162 ], [ 63.976370214983248, 26.088066100560912 ], [ 63.980767011059726, 26.088752746713247 ], [ 63.986119508597966, 26.090126037221022 ], [ 63.992332338854091, 26.09021186765354 ], [ 63.997638701614157, 26.092422008917065 ], [ 63.998449443735026, 26.093473434854879 ], [ 64.000624179699415, 26.094675063599887 ], [ 64.000743388832618, 26.096134186336116 ], [ 64.000074385592214, 26.097936630800842 ], [ 64.000456690611031, 26.099996566562034 ], [ 64.000074385592072, 26.101884841458897 ], [ 64.000552296510037, 26.10300064156829 ], [ 64.001890419771684, 26.103601455491646 ], [ 64.001890419771627, 26.105403899956393 ], [ 64.000934599732219, 26.106519699167375 ], [ 63.999978779692739, 26.107549667047895 ], [ 63.999118565552429, 26.108665466258898 ], [ 63.997493623695071, 26.109008788885664 ], [ 63.996920228150472, 26.109781264571485 ], [ 63.997684836391535, 26.111412048172017 ], [ 63.99911856555228, 26.112871170010013 ], [ 64.001890419771328, 26.113471984831772 ], [ 64.006669401390681, 26.113986969221511 ], [ 64.007506875029691, 26.114155807862101 ] ] } },
{ "type": "Feature", "properties": { "segment_id": 295, "length_km": 10.000000000000068, "route_code": "N85", "is_kkh_proxy": false, "road_type": "Major road", "road_rank": 2, "domain": "Balochistan", "sample_n": 11, "mean_fused_probability": 0.60886282, "max_fused_probability": 0.80903453, "mean_fused_transfer_confidence": 0.37639549, "mean_reliability_weighted_probability": 0.22908169, "mean_final_reliability_aware_score": 0.046191834, "mean_field_verification_priority": 0.65708548, "reliable_high_share": 0.0, "reliable_very_high_share": 0.36363636363636365, "uncertain_high_share": 1.0, "fused_aoa_share": 1.0, "mean_model_disagreement_std": 0.37349299, "outside_aoa_share": 0.0, "reliability_aware_road_priority_score": 0.1007372884587808, "field_verification_road_priority_score": 0.90708547830581665, "hotspot_rank": 16 }, "geometry": { "type": "LineString", "coordinates": [ [ 64.938789310662102, 27.372315339887013 ], [ 64.941947222007812, 27.37365961148857 ], [ 64.944265842028571, 27.376813888403614 ], [ 64.947262167269486, 27.378101349377285 ], [ 64.947551846100865, 27.380225658411714 ], [ 64.947394728062719, 27.38095521888151 ], [ 64.948723793610668, 27.382564545323135 ], [ 64.963584423034561, 27.394473553265705 ], [ 64.965047478595395, 27.39509582524618 ], [ 64.96910798495297, 27.398529053311471 ], [ 64.97759938204301, 27.405524254191945 ], [ 64.984406351736737, 27.411532401509579 ], [ 64.992460012365115, 27.41914987616715 ], [ 64.995480417845485, 27.421510219339151 ], [ 65.006629108801491, 27.43200302065982 ], [ 65.009979348980679, 27.434433023385903 ] ] } },
{ "type": "Feature", "properties": { "segment_id": 298, "length_km": 9.999999999999897, "route_code": "N85", "is_kkh_proxy": false, "road_type": "Major road", "road_rank": 2, "domain": "Balochistan", "sample_n": 10, "mean_fused_probability": 0.40604511, "max_fused_probability": 0.82492346, "mean_fused_transfer_confidence": 0.4442994, "mean_reliability_weighted_probability": 0.17830507, "mean_final_reliability_aware_score": 0.055007417, "mean_field_verification_priority": 0.4616673, "reliable_high_share": 0.0, "reliable_very_high_share": 0.3, "uncertain_high_share": 1.0, "fused_aoa_share": 1.0, "mean_model_disagreement_std": 0.31506968, "outside_aoa_share": 0.0, "reliability_aware_road_priority_score": 0.10000741675496101, "field_verification_road_priority_score": 0.71166729927062988, "hotspot_rank": 17 }, "geometry": { "type": "LineString", "coordinates": [ [ 65.179841620310214, 27.39771295069864 ], [ 65.180771469363378, 27.398099899356239 ], [ 65.186572193886036, 27.402820587496834 ], [ 65.195853471520181, 27.410802841041793 ], [ 65.200204371767896, 27.414064407344501 ], [ 65.204458713902369, 27.41629600486829 ], [ 65.209280371783166, 27.419686316819174 ], [ 65.212061166932685, 27.421402931750134 ], [ 65.217899202980604, 27.425050734997459 ], [ 65.230954050697193, 27.438526153267166 ], [ 65.240914344193371, 27.447881698217881 ], [ 65.244880795143786, 27.450971603656306 ], [ 65.246815323396575, 27.455692291796865 ], [ 65.24874126546095, 27.461483794836859 ] ] } },
{ "type": "Feature", "properties": { "segment_id": 170, "length_km": 10.000000000000032, "route_code": "N25", "is_kkh_proxy": false, "road_type": "Highway", "road_rank": 1, "domain": "Balochistan", "sample_n": 11, "mean_fused_probability": 0.95118999, "max_fused_probability": 0.99113417, "mean_fused_transfer_confidence": 0.18741693, "mean_reliability_weighted_probability": 0.18235599, "mean_final_reliability_aware_score": 0.084199123, "mean_field_verification_priority": 0.93198127, "reliable_high_share": 0.0, "reliable_very_high_share": 0.090909090909090912, "uncertain_high_share": 1.0, "fused_aoa_share": 0.90909090909090906, "mean_model_disagreement_std": 0.31045076, "outside_aoa_share": 0.090909090909090939, "reliability_aware_road_priority_score": 0.097835486720908776, "field_verification_road_priority_score": 1.1910721746358004, "hotspot_rank": 18 }, "geometry": { "type": "LineString", "coordinates": [ [ 66.291501230929171, 27.007779702764868 ], [ 66.293216824849196, 27.011432647351477 ], [ 66.293409586241168, 27.02533721868009 ], [ 66.296879530248759, 27.037353516010125 ], [ 66.296686768856773, 27.050228119458168 ], [ 66.292638539774899, 27.060699462721548 ], [ 66.28897571579769, 27.071857452136928 ], [ 66.286662459617943, 27.081470490180621 ], [ 66.28473472532383, 27.092113495206576 ], [ 66.283910265062275, 27.095733907671612 ] ] } },
{ "type": "Feature", "properties": { "segment_id": 1686, "length_km": 10.000000000000025, "route_code": "314", "is_kkh_proxy": true, "road_type": "Highway", "road_rank": 1, "domain": "Kashgar (Xinjiang, China)", "sample_n": 11, "mean_fused_probability": 0.96510273, "max_fused_probability": 0.97975981, "mean_fused_transfer_confidence": 0.19163495, "mean_reliability_weighted_probability": 0.18502945, "mean_final_reliability_aware_score": 0.096728042, "mean_field_verification_priority": 0.93095648, "reliable_high_share": 0.0, "reliable_very_high_share": 0.0, "uncertain_high_share": 0.90909090909090906, "fused_aoa_share": 1.0, "mean_model_disagreement_std": 0.240593, "outside_aoa_share": 0.0, "reliability_aware_road_priority_score": 0.096728041768074036, "field_verification_road_priority_score": 1.1582292101599954, "hotspot_rank": 19 }, "geometry": { "type": "LineString", "coordinates": [ [ 74.996977541534875, 38.096316421615384 ], [ 74.995690109542153, 38.097667693909855 ], [ 74.991001846081886, 38.099641799239052 ], [ 74.989148379999861, 38.101787567229039 ], [ 74.986735584193184, 38.104534149142353 ], [ 74.984989644654135, 38.108053206741516 ], [ 74.984007479720702, 38.111314773942532 ], [ 74.983790995618065, 38.113031387076859 ], [ 74.982917906821584, 38.116292953379578 ], [ 74.982590438560251, 38.118352890039084 ], [ 74.982372166810165, 38.120326996266449 ], [ 74.980625989217842, 38.121700286773958 ], [ 74.980407716569431, 38.123846053865606 ], [ 74.979316356023162, 38.126335143584122 ], [ 74.978443385804383, 38.129081726395718 ], [ 74.976697208211959, 38.131570816114255 ], [ 74.974077941823268, 38.135690689433339 ], [ 74.972222568617937, 38.138179779151898 ], [ 74.970367313990195, 38.140926361065191 ], [ 74.97091305489927, 38.142471313335221 ], [ 74.969494225193685, 38.144874572621632 ], [ 74.967420698816127, 38.147535324102769 ], [ 74.965128780314473, 38.150110244253497 ], [ 74.960543395514208, 38.153457641886767 ], [ 74.957922698109627, 38.155002594156876 ], [ 74.957485915657799, 38.157234191680644 ], [ 74.956721545468994, 38.159465790102765 ], [ 74.955302001602746, 38.162469864210763 ], [ 74.953227283160828, 38.165302276556169 ], [ 74.951698543681815, 38.167362213215746 ], [ 74.949296237502836, 38.171052932577481 ], [ 74.947439911185086, 38.173885345821212 ], [ 74.947424497659412, 38.173901822841486 ] ] } },
{ "type": "Feature", "properties": { "segment_id": 282, "length_km": 10.00000000000005, "route_code": "N85", "is_kkh_proxy": false, "road_type": "Major road", "road_rank": 2, "domain": "Balochistan", "sample_n": 11, "mean_fused_probability": 0.88664645, "max_fused_probability": 0.99198556, "mean_fused_transfer_confidence": 0.2043611, "mean_reliability_weighted_probability": 0.18254508, "mean_final_reliability_aware_score": 0.090908378, "mean_field_verification_priority": 0.88611341, "reliable_high_share": 0.0, "reliable_very_high_share": 0.0, "uncertain_high_share": 0.90909090909090906, "fused_aoa_share": 1.0, "mean_model_disagreement_std": 0.25266975, "outside_aoa_share": 0.0, "reliability_aware_road_priority_score": 0.09090837836265564, "field_verification_road_priority_score": 1.1133861325003884, "hotspot_rank": 20 }, "geometry": { "type": "LineString", "coordinates": [ [ 64.053258454051559, 26.772444587747639 ], [ 64.049815654277396, 26.780719756728537 ], [ 64.049238920593126, 26.783809662166888 ], [ 64.046931742412951, 26.785869597927935 ], [ 64.043615220772068, 26.788702011171416 ], [ 64.03582847117012, 26.7907619478305 ], [ 64.034386515237969, 26.790633201283892 ], [ 64.033665537271744, 26.794881820251025 ], [ 64.031790971562984, 26.797327994753353 ], [ 64.035251736587284, 26.80247783685142 ], [ 64.035107493203526, 26.807885170245694 ], [ 64.036544083498413, 26.810975074785855 ], [ 64.03957307238278, 26.815094947206667 ], [ 64.037553787183313, 26.818056106098428 ], [ 64.035678386939693, 26.81934356707195 ], [ 64.032215952845419, 26.820888519341803 ], [ 64.031494617349722, 26.825780868346605 ], [ 64.030051946358483, 26.82912826508133 ], [ 64.029907702974796, 26.832346916167918 ], [ 64.029330610862729, 26.835308075059753 ], [ 64.027887939871619, 26.834406851928982 ], [ 64.023704170281803, 26.833891868437604 ], [ 64.019515751910234, 26.837496757366907 ], [ 64.018833599916533, 26.838447691436905 ] ] } },
{ "type": "Feature", "properties": { "segment_id": 471, "length_km": 9.999999999999881, "route_code": "N40", "is_kkh_proxy": false, "road_type": "Highway", "road_rank": 1, "domain": "Balochistan", "sample_n": 10, "mean_fused_probability": 0.54292399, "max_fused_probability": 0.7592631, "mean_fused_transfer_confidence": 0.30621907, "mean_reliability_weighted_probability": 0.15436313, "mean_final_reliability_aware_score": 0.073209725, "mean_field_verification_priority": 0.57140332, "reliable_high_share": 0.0, "reliable_very_high_share": 0.1, "uncertain_high_share": 1.0, "fused_aoa_share": 1.0, "mean_model_disagreement_std": 0.24626508, "outside_aoa_share": 0.0, "reliability_aware_road_priority_score": 0.088209725320339202, "field_verification_road_priority_score": 0.82140332460403442, "hotspot_rank": 21 }, "geometry": { "type": "LineString", "coordinates": [ [ 64.914166640786249, 28.889841195423575 ], [ 64.914408802817107, 28.889837264631904 ], [ 64.920585632186885, 28.889579773335559 ], [ 64.92627215388795, 28.888893127183586 ], [ 64.929800032943916, 28.887948989735182 ], [ 64.93480026692059, 28.886146545270446 ], [ 64.937839626853545, 28.884773254763044 ], [ 64.940647125323451, 28.884708881489832 ], [ 64.942240595602343, 28.884708881489832 ], [ 64.944447040298627, 28.885674476995494 ], [ 64.947511553957852, 28.88814210865684 ], [ 64.951860070077174, 28.891811370859667 ], [ 64.956370114962667, 28.89653205810195 ], [ 64.959703683931025, 28.899879455735086 ], [ 64.96455013711072, 28.9024114606697 ], [ 64.971771598459867, 28.90509569590898 ], [ 64.980240344530145, 28.907775878848028 ], [ 64.987156271783121, 28.909835815507602 ], [ 64.993234038536428, 28.910865783388239 ], [ 64.998823641899648, 28.911466599108209 ], [ 65.003138422686703, 28.911294937345659 ], [ 65.005896064381872, 28.910985547094924 ] ] } },
{ "type": "Feature", "properties": { "segment_id": 289, "length_km": 9.9999999999999751, "route_code": "N85", "is_kkh_proxy": false, "road_type": "Major road", "road_rank": 2, "domain": "Balochistan", "sample_n": 10, "mean_fused_probability": 0.67577589, "max_fused_probability": 0.91794622, "mean_fused_transfer_confidence": 0.30476123, "mean_reliability_weighted_probability": 0.17810169, "mean_final_reliability_aware_score": 0.042365428, "mean_field_verification_priority": 0.72863072, "reliable_high_share": 0.0, "reliable_very_high_share": 0.3, "uncertain_high_share": 1.0, "fused_aoa_share": 1.0, "mean_model_disagreement_std": 0.36225325, "outside_aoa_share": 0.0, "reliability_aware_road_priority_score": 0.087365428060293196, "field_verification_road_priority_score": 0.97863072156906128, "hotspot_rank": 22 }, "geometry": { "type": "LineString", "coordinates": [ [ 64.46170498680921, 27.108992209767557 ], [ 64.46783816761284, 27.115030287945419 ], [ 64.471985101783076, 27.11906433173068 ], [ 64.476328491217785, 27.123527527676632 ], [ 64.481921911523699, 27.128334045351163 ], [ 64.485200643734387, 27.132968902161355 ], [ 64.488019704420765, 27.136123179974774 ], [ 64.489430308250675, 27.138537167840582 ], [ 64.491383433426975, 27.143268585458948 ], [ 64.491763233942706, 27.145392894493387 ], [ 64.49235999556592, 27.148772477864824 ], [ 64.492305755289024, 27.150172591168353 ], [ 64.49252879619435, 27.152538299079197 ], [ 64.496187805926198, 27.156008123610903 ], [ 64.498123764297446, 27.156057357576721 ], [ 64.500921249247327, 27.157344817652096 ], [ 64.503139973015593, 27.15940475431163 ], [ 64.506034016078743, 27.161979675360651 ], [ 64.50912094090819, 27.164297104214938 ], [ 64.511243104766535, 27.165842055586726 ], [ 64.516356587555222, 27.168331146203634 ], [ 64.518961667744165, 27.169017791457424 ], [ 64.523303270429736, 27.17167854383694 ], [ 64.526334848750466, 27.172602714288985 ] ] } },
{ "type": "Feature", "properties": { "segment_id": 275, "length_km": 9.9999999999999503, "route_code": "N85", "is_kkh_proxy": false, "road_type": "Major road", "road_rank": 2, "domain": "Balochistan", "sample_n": 10, "mean_fused_probability": 0.78479874, "max_fused_probability": 0.98949558, "mean_fused_transfer_confidence": 0.27474713, "mean_reliability_weighted_probability": 0.21147957, "mean_final_reliability_aware_score": 0.086002439, "mean_field_verification_priority": 0.78510964, "reliable_high_share": 0.0, "reliable_very_high_share": 0.0, "uncertain_high_share": 1.0, "fused_aoa_share": 1.0, "mean_model_disagreement_std": 0.2852543, "outside_aoa_share": 0.0, "reliability_aware_road_priority_score": 0.086002439260482788, "field_verification_road_priority_score": 1.0351096391677856, "hotspot_rank": 23 }, "geometry": { "type": "LineString", "coordinates": [ [ 63.96583578534414, 26.329775722004392 ], [ 63.966195702022802, 26.329936980567091 ], [ 63.967249273138229, 26.330881118913922 ], [ 63.96983528119631, 26.331996917226792 ], [ 63.96973943634525, 26.333799362589883 ], [ 63.969356417165628, 26.335258483529429 ], [ 63.968207001199119, 26.336631774935128 ], [ 63.966578840678004, 26.337318420188744 ], [ 63.966291427397536, 26.33877754202663 ], [ 63.965046286055966, 26.340236663864456 ], [ 63.963034986879329, 26.341266631744922 ], [ 63.961694120162662, 26.343326568404326 ], [ 63.960161685914791, 26.347274779960614 ], [ 63.962268829043921, 26.35173797590658 ], [ 63.97031044865826, 26.365213394176727 ], [ 63.972705721025129, 26.367702483895375 ], [ 63.972705721025079, 26.369504928360126 ], [ 63.973472237287858, 26.371049881528531 ], [ 63.975484250625009, 26.373195648620278 ], [ 63.975196837344505, 26.374998093085026 ], [ 63.973759650568056, 26.376972198413977 ], [ 63.982382534969062, 26.384181976273563 ], [ 63.984586119430482, 26.38847351135524 ], [ 63.987939476489565, 26.391048431506057 ], [ 63.989089131407731, 26.395854949180535 ], [ 63.989664077444466, 26.396627425764745 ], [ 63.989855646772156, 26.398000717170511 ], [ 63.989784597219632, 26.398859024186816 ], [ 63.988610147901127, 26.399288177245754 ], [ 63.985160945990913, 26.400318145126125 ], [ 63.984430731529308, 26.401691905065295 ] ] } },
{ "type": "Feature", "properties": { "segment_id": 274, "length_km": 9.9999999999999538, "route_code": "N85", "is_kkh_proxy": false, "road_type": "Major road", "road_rank": 2, "domain": "Balochistan", "sample_n": 10, "mean_fused_probability": 0.66359442, "max_fused_probability": 0.98084635, "mean_fused_transfer_confidence": 0.25465927, "mean_reliability_weighted_probability": 0.16710009, "mean_final_reliability_aware_score": 0.085749775, "mean_field_verification_priority": 0.6807586, "reliable_high_share": 0.0, "reliable_very_high_share": 0.0, "uncertain_high_share": 1.0, "fused_aoa_share": 1.0, "mean_model_disagreement_std": 0.24818003, "outside_aoa_share": 0.0, "reliability_aware_road_priority_score": 0.085749775171279907, "field_verification_road_priority_score": 0.93075859546661377, "hotspot_rank": 24 }, "geometry": { "type": "LineString", "coordinates": [ [ 63.980344811813161, 26.262859960361641 ], [ 63.979786992196829, 26.263171434417306 ], [ 63.976736425778903, 26.269018650348155 ], [ 63.971650003837794, 26.27459764460642 ], [ 63.969077587289767, 26.278942823483323 ], [ 63.966624855083843, 26.282215118365269 ], [ 63.965727567471667, 26.284039020887178 ], [ 63.96435165298405, 26.289403438167 ], [ 63.962497114316172, 26.291388272973673 ], [ 63.960884689583935, 26.291334629178063 ], [ 63.956516503950667, 26.295626163361046 ], [ 63.953105687950675, 26.299756765259229 ], [ 63.948557972210999, 26.30592584575966 ], [ 63.946703076013584, 26.308768987582649 ], [ 63.944668530233862, 26.31348967572309 ], [ 63.942813634036462, 26.315367222040429 ], [ 63.949752568944213, 26.319605112428608 ], [ 63.950829863668005, 26.32116079327816 ], [ 63.953223705018708, 26.322394609558117 ], [ 63.954061626566897, 26.323038339595811 ], [ 63.95958697793241, 26.324615478502849 ], [ 63.961119412180004, 26.327447890848273 ], [ 63.963322280684288, 26.328649520491595 ], [ 63.96583578534414, 26.329775722004392 ] ] } },
{ "type": "Feature", "properties": { "segment_id": 1696, "length_km": 9.9999999999999218, "route_code": "314", "is_kkh_proxy": true, "road_type": "Highway", "road_rank": 1, "domain": "Kashgar (Xinjiang, China)", "sample_n": 10, "mean_fused_probability": 0.99274284, "max_fused_probability": 0.99420249, "mean_fused_transfer_confidence": 0.087531462, "mean_reliability_weighted_probability": 0.086937077, "mean_final_reliability_aware_score": 0.084683776, "mean_field_verification_priority": 0.91492891, "reliable_high_share": 0.0, "reliable_very_high_share": 0.0, "uncertain_high_share": 0.9, "fused_aoa_share": 0.6, "mean_model_disagreement_std": 0.019279463, "outside_aoa_share": 0.4, "reliability_aware_road_priority_score": 0.084683775901794434, "field_verification_road_priority_score": 1.1799289131164552, "hotspot_rank": 25 }, "geometry": { "type": "LineString", "coordinates": [ [ 75.155108237059238, 38.744902679186481 ], [ 75.159611465098735, 38.744401931437331 ], [ 75.163133861744015, 38.743886947047798 ], [ 75.167757035974816, 38.743200302692223 ], [ 75.169408204149676, 38.742856979167009 ], [ 75.172270180956176, 38.742513656540069 ], [ 75.174973490130199, 38.742626308869895 ], [ 75.177883268987756, 38.744074702128259 ], [ 75.18005013661211, 38.74499201857725 ], [ 75.184136154234125, 38.746826648780193 ], [ 75.186426761195847, 38.7482750420386 ], [ 75.19208383793017, 38.752555846743981 ], [ 75.191643597862267, 38.756504059198697 ], [ 75.191973807781338, 38.759078979349333 ], [ 75.193955184976758, 38.763027191804035 ], [ 75.195529105222803, 38.767828345637831 ], [ 75.197572591039048, 38.77033889251517 ], [ 75.198873045247936, 38.77130448802076 ], [ 75.199987651498915, 38.771594166852104 ], [ 75.200978400733263, 38.77154588779544 ], [ 75.202093006984342, 38.771352767975642 ], [ 75.202959897405307, 38.77125620896404 ], [ 75.202216865797766, 38.770821690267844 ], [ 75.200482966378317, 38.770387173368363 ], [ 75.202402594279917, 38.770338892515028 ], [ 75.203517200530982, 38.770435452424891 ], [ 75.204755665595314, 38.770869970222712 ], [ 75.206365706201368, 38.771883845683277 ], [ 75.208285334102911, 38.772414923390976 ], [ 75.209523799167258, 38.772801161233872 ], [ 75.210700394562977, 38.77289772024541 ], [ 75.213218929266134, 38.772296905423765 ], [ 75.2164112354683, 38.772039414127249 ], [ 75.222156169235376, 38.771449326986605 ], [ 75.224336984103331, 38.770580291390786 ], [ 75.226208331151867, 38.769636154840576 ], [ 75.228720070998122, 38.769952654671307 ], [ 75.230144264544649, 38.770290612559229 ], [ 75.231382134025935, 38.77143859840691 ], [ 75.233178498697086, 38.772897720244728 ], [ 75.234416964659829, 38.773573637817314 ], [ 75.236955883933419, 38.774056434671728 ], [ 75.237649771997965, 38.774151115500601 ] ] } },
{ "type": "Feature", "properties": { "segment_id": 499, "length_km": 10.00000000000003, "route_code": "N65", "is_kkh_proxy": false, "road_type": "Highway", "road_rank": 1, "domain": "Balochistan", "sample_n": 11, "mean_fused_probability": 0.92642516, "max_fused_probability": 0.99191189, "mean_fused_transfer_confidence": 0.10757325, "mean_reliability_weighted_probability": 0.10589693, "mean_final_reliability_aware_score": 0.082931548, "mean_field_verification_priority": 0.89393288, "reliable_high_share": 0.0, "reliable_very_high_share": 0.0, "uncertain_high_share": 0.90909090909090906, "fused_aoa_share": 0.81818181818181823, "mean_model_disagreement_std": 0.10742769, "outside_aoa_share": 0.18181818181818177, "reliability_aware_road_priority_score": 0.082931548357009888, "field_verification_road_priority_score": 1.1393874244256452, "hotspot_rank": 26 }, "geometry": { "type": "LineString", "coordinates": [ [ 67.484795097057741, 29.477016449475745 ], [ 67.48553192667822, 29.485673904989991 ], [ 67.485827802986719, 29.486789703302701 ], [ 67.485827802986719, 29.487562179886883 ], [ 67.486139774410162, 29.489707946978495 ], [ 67.484561920444534, 29.492540359323829 ], [ 67.483165025804695, 29.494428635119053 ], [ 67.482671976477846, 29.496488571778521 ], [ 67.481784343959077, 29.499921798945472 ], [ 67.482659577930306, 29.504642486187691 ], [ 67.483547329924974, 29.510221481344573 ], [ 67.484434962443771, 29.515542984306698 ], [ 67.484545707650298, 29.519147872337889 ], [ 67.484730839650567, 29.529361725203159 ], [ 67.485177159514635, 29.531405210116542 ], [ 67.484832287293926, 29.533481597623819 ], [ 67.483155250337774, 29.537172316985473 ], [ 67.481280803208065, 29.541635512931315 ], [ 67.479148983359522, 29.5422363286512 ], [ 67.478003620592503, 29.542815685415601 ], [ 67.476348162067779, 29.54421043398025 ], [ 67.475167035572653, 29.548072815104462 ], [ 67.473014689141976, 29.562704327087381 ] ] } },
{ "type": "Feature", "properties": { "segment_id": 498, "length_km": 10.000000000000004, "route_code": "N65", "is_kkh_proxy": false, "road_type": "Highway", "road_rank": 1, "domain": "Balochistan", "sample_n": 11, "mean_fused_probability": 0.98734039, "max_fused_probability": 0.99394411, "mean_fused_transfer_confidence": 0.088373475, "mean_reliability_weighted_probability": 0.087316774, "mean_final_reliability_aware_score": 0.079529077, "mean_field_verification_priority": 0.92336482, "reliable_high_share": 0.0, "reliable_very_high_share": 0.0, "uncertain_high_share": 1.0, "fused_aoa_share": 0.63636363636363635, "mean_model_disagreement_std": 0.040177595, "outside_aoa_share": 0.36363636363636365, "reliability_aware_road_priority_score": 0.079529076814651489, "field_verification_road_priority_score": 1.2097284544597973, "hotspot_rank": 27 }, "geometry": { "type": "LineString", "coordinates": [ [ 67.535054163732084, 29.48959502781257 ], [ 67.534218549850692, 29.488763808631735 ], [ 67.532837987481017, 29.486017226718531 ], [ 67.53293657309186, 29.48421478225378 ], [ 67.533133864687841, 29.482326507356888 ], [ 67.53293657309186, 29.47812080360579 ], [ 67.531754254532373, 29.475460052124717 ], [ 67.529881000365336, 29.473314285033091 ], [ 67.528235912890594, 29.472005366900596 ], [ 67.52544426878778, 29.471597671898781 ], [ 67.521894931675433, 29.468765258655136 ], [ 67.520416140326077, 29.466962814190374 ], [ 67.516570926006906, 29.464817047098762 ], [ 67.512725829367042, 29.463443756591303 ], [ 67.507500529683654, 29.461898803422958 ], [ 67.505430698081298, 29.461898803422958 ], [ 67.503656268476988, 29.461469650363963 ], [ 67.501783370941126, 29.459753036331339 ], [ 67.499811768318466, 29.45795059186657 ], [ 67.498251914794508, 29.455032349089095 ], [ 67.497150182302533, 29.453229903726033 ], [ 67.495868682549101, 29.452543259370625 ], [ 67.494209766408858, 29.453144073293874 ], [ 67.494505525038079, 29.454946518656961 ], [ 67.492435096954367, 29.457092285748587 ], [ 67.492139339223499, 29.459323883272344 ], [ 67.49234652486399, 29.461297989499702 ], [ 67.493589520129362, 29.462156295617678 ], [ 67.494772314795966, 29.464302062709297 ], [ 67.495462298189324, 29.466018676741946 ], [ 67.495265126069285, 29.468593596892553 ], [ 67.493096590278455, 29.46885108908727 ], [ 67.490928053589329, 29.468164444731862 ], [ 67.488858104307695, 29.468250275163989 ], [ 67.487407088866931, 29.46979522743402 ], [ 67.486618399488492, 29.470996856178878 ], [ 67.484742999246251, 29.472627639779386 ], [ 67.484531164824176, 29.473915099854676 ], [ 67.484795097057741, 29.477016449475745 ] ] } },
{ "type": "Feature", "properties": { "segment_id": 1628, "length_km": 9.9999999999999716, "route_code": "N35", "is_kkh_proxy": true, "road_type": "Highway", "road_rank": 1, "domain": "Gilgit-Baltistan", "sample_n": 10, "mean_fused_probability": 0.99172485, "max_fused_probability": 0.99406064, "mean_fused_transfer_confidence": 0.081672326, "mean_reliability_weighted_probability": 0.081090048, "mean_final_reliability_aware_score": 0.079447255, "mean_field_verification_priority": 0.91793567, "reliable_high_share": 0.0, "reliable_very_high_share": 0.0, "uncertain_high_share": 1.0, "fused_aoa_share": 0.7, "mean_model_disagreement_std": 0.009833321, "outside_aoa_share": 0.3, "reliability_aware_road_priority_score": 0.079447254538536072, "field_verification_road_priority_score": 1.1979356694221497, "hotspot_rank": 28 }, "geometry": { "type": "LineString", "coordinates": [ [ 74.805943294863113, 36.544760091147126 ], [ 74.806532265081245, 36.544389724629909 ], [ 74.810270788297814, 36.543617248943917 ], [ 74.812086703003814, 36.541299820089606 ], [ 74.812029721068924, 36.536997556428574 ], [ 74.812305690711511, 36.533993483218936 ], [ 74.813240172170907, 36.53120398519129 ], [ 74.814508320266683, 36.530721187438424 ], [ 74.816110255373204, 36.530077457400694 ], [ 74.81938088119189, 36.527287959372927 ], [ 74.821850420879585, 36.526483297948637 ], [ 74.824253321742688, 36.526536941744062 ], [ 74.825721742044877, 36.526536941743998 ], [ 74.827457191057348, 36.526590585539459 ], [ 74.829496623674345, 36.527137755667127 ], [ 74.831418992334932, 36.526622772175898 ], [ 74.835263969506244, 36.526536941743593 ], [ 74.838467957398692, 36.525421142532437 ], [ 74.840390444636895, 36.525764465159192 ], [ 74.842740180506624, 36.524391173753344 ], [ 74.845410229556151, 36.523618698067352 ], [ 74.848080278605565, 36.524219512888834 ], [ 74.851604700950304, 36.525163650337127 ], [ 74.853634001469288, 36.525077819904901 ], [ 74.857799293617333, 36.523962020693702 ], [ 74.860469342666917, 36.523103713677266 ], [ 74.863566638551347, 36.522159576228667 ], [ 74.865595938172277, 36.520013809136927 ], [ 74.867304804239069, 36.518726349061545 ], [ 74.868451358174624, 36.516666412401982 ], [ 74.868800045541192, 36.515121460131923 ], [ 74.869227172001985, 36.512460708650835 ], [ 74.868985535071587, 36.511945724261381 ], [ 74.869519711968238, 36.510765551777055 ], [ 74.871656539030596, 36.50872707317464 ], [ 74.874521972553239, 36.508405208604856 ], [ 74.87699127418766, 36.507600545383944 ], [ 74.879794241560418, 36.505776643760157 ], [ 74.882130147866476, 36.505401134496573 ], [ 74.883598329217023, 36.504864692948161 ], [ 74.885400296680032, 36.504703759764922 ], [ 74.887191620729809, 36.503828968046982 ] ] } },
{ "type": "Feature", "properties": { "segment_id": 497, "length_km": 10.000000000000016, "route_code": "N65", "is_kkh_proxy": false, "road_type": "Highway", "road_rank": 1, "domain": "Balochistan", "sample_n": 11, "mean_fused_probability": 0.79012358, "max_fused_probability": 0.99001807, "mean_fused_transfer_confidence": 0.085796148, "mean_reliability_weighted_probability": 0.084416792, "mean_final_reliability_aware_score": 0.07885322, "mean_field_verification_priority": 0.78575253, "reliable_high_share": 0.0, "reliable_very_high_share": 0.0, "uncertain_high_share": 0.90909090909090906, "fused_aoa_share": 0.45454545454545453, "mean_model_disagreement_std": 0.16094768, "outside_aoa_share": 0.54545454545454541, "reliability_aware_road_priority_score": 0.078853219747543335, "field_verification_road_priority_score": 1.0675707166845148, "hotspot_rank": 29 }, "geometry": { "type": "LineString", "coordinates": [ [ 67.625407449922832, 29.486304864716619 ], [ 67.625249267183221, 29.48630154170932 ], [ 67.623400687940418, 29.486703872870589 ], [ 67.621644496831351, 29.486864805155403 ], [ 67.611292362701136, 29.488071799537465 ], [ 67.606578349941429, 29.488795995268365 ], [ 67.596735834563447, 29.48781967208161 ], [ 67.589775562876255, 29.488356471159424 ], [ 67.585970997323713, 29.488849639962183 ], [ 67.583100915025256, 29.490405321709972 ], [ 67.5784794098752, 29.494026303059478 ], [ 67.57422745276844, 29.497084021861244 ], [ 67.57090055918168, 29.499417544033765 ], [ 67.566278815079798, 29.503118991076537 ], [ 67.563505649322394, 29.504567384335012 ], [ 67.55896925864721, 29.504041671366103 ], [ 67.555518031038631, 29.502925873053378 ], [ 67.550587535075266, 29.500694275529639 ], [ 67.549058199118136, 29.499685763909611 ], [ 67.547712088037926, 29.498462677107565 ], [ 67.545977950569039, 29.497647286205641 ], [ 67.542797446440986, 29.496746063973269 ], [ 67.54068005084099, 29.495286941237058 ], [ 67.538939356568875, 29.494085312492174 ], [ 67.536880969503244, 29.492454528891702 ], [ 67.535599113118678, 29.490137100935819 ], [ 67.535054163732084, 29.48959502781257 ] ] } },
{ "type": "Feature", "properties": { "segment_id": 304, "length_km": 9.9999999999999751, "route_code": "N85", "is_kkh_proxy": false, "road_type": "Major road", "road_rank": 2, "domain": "Balochistan", "sample_n": 10, "mean_fused_probability": 0.53950298, "max_fused_probability": 0.94243056, "mean_fused_transfer_confidence": 0.29482156, "mean_reliability_weighted_probability": 0.14952114, "mean_final_reliability_aware_score": 0.063420072, "mean_field_verification_priority": 0.56670147, "reliable_high_share": 0.0, "reliable_very_high_share": 0.1, "uncertain_high_share": 0.9, "fused_aoa_share": 1.0, "mean_model_disagreement_std": 0.27786621, "outside_aoa_share": 0.0, "reliability_aware_road_priority_score": 0.078420072197914123, "field_verification_road_priority_score": 0.79170147180557249, "hotspot_rank": 30 }, "geometry": { "type": "LineString", "coordinates": [ [ 65.619615608892161, 27.755972155875693 ], [ 65.625646829932819, 27.758846283606683 ], [ 65.628751039245671, 27.760477066308852 ], [ 65.633404136347934, 27.761163711562592 ], [ 65.636251330471481, 27.760391234978407 ], [ 65.644012093603806, 27.760477066308898 ], [ 65.649153589454713, 27.762022018578939 ], [ 65.656914472961276, 27.765626907508459 ], [ 65.663414120910545, 27.769231796438017 ], [ 65.664971470829897, 27.772750854037078 ], [ 65.671472787848941, 27.784595489604566 ], [ 65.675548314935853, 27.788200378534082 ], [ 65.680546641788311, 27.790088653430974 ], [ 65.6840395925488, 27.792234421420929 ], [ 65.690346479106069, 27.794723510241127 ], [ 65.697286368019888, 27.798070907874244 ], [ 65.700890301637685, 27.80028811435108 ] ] } },
{ "type": "Feature", "properties": { "segment_id": 278, "length_km": 10.000000000000016, "route_code": "N85", "is_kkh_proxy": false, "road_type": "Major road", "road_rank": 2, "domain": "Balochistan", "sample_n": 11, "mean_fused_probability": 0.76524389, "max_fused_probability": 0.97663379, "mean_fused_transfer_confidence": 0.22604452, "mean_reliability_weighted_probability": 0.15746306, "mean_final_reliability_aware_score": 0.075293221, "mean_field_verification_priority": 0.79130358, "reliable_high_share": 0.0, "reliable_very_high_share": 0.0, "uncertain_high_share": 1.0, "fused_aoa_share": 1.0, "mean_model_disagreement_std": 0.25081307, "outside_aoa_share": 0.0, "reliability_aware_road_priority_score": 0.075293220579624176, "field_verification_road_priority_score": 1.0413035750389099, "hotspot_rank": 31 }, "geometry": { "type": "LineString", "coordinates": [ [ 63.890248232832491, 26.52334322195895 ], [ 63.892527698792648, 26.527090072475236 ], [ 63.893770456005456, 26.528291702118494 ], [ 63.89655291932835, 26.529064178702853 ], [ 63.897572279004621, 26.528806686508208 ], [ 63.89885556640651, 26.528635024745704 ], [ 63.899299144612669, 26.529664993524634 ], [ 63.898663759025098, 26.531124115362498 ], [ 63.900870441776235, 26.532068251912776 ], [ 63.901350259817569, 26.534900665156474 ], [ 63.898051976671461, 26.537647247069465 ], [ 63.897572279004073, 26.543226241327993 ], [ 63.898819446046581, 26.545200347555426 ], [ 63.903232573495394, 26.545372009318317 ], [ 63.904479502484364, 26.546316146766841 ], [ 63.904191969727918, 26.548891067815784 ], [ 63.903173208329548, 26.551465988864642 ], [ 63.901158332959653, 26.552324294982508 ], [ 63.898951530732489, 26.553440094193402 ], [ 63.897032617892876, 26.554727554268588 ], [ 63.897284507295311, 26.556787490928077 ], [ 63.899299144611575, 26.558246612766116 ], [ 63.899299144611533, 26.559190750214562 ], [ 63.897608279886725, 26.561594009500812 ], [ 63.898531674337683, 26.562452316517177 ], [ 63.897692560724984, 26.563739776592453 ], [ 63.896252869445178, 26.5718078605694 ], [ 63.896280288722529, 26.574345230242834 ], [ 63.897732019223348, 26.578239798902143 ], [ 63.89794242352756, 26.580739736675994 ], [ 63.897116779254247, 26.582450867392083 ], [ 63.894425034096706, 26.590089798309943 ], [ 63.893286711159114, 26.594500284575584 ] ] } },
{ "type": "Feature", "properties": { "segment_id": 1695, "length_km": 9.9999999999999858, "route_code": "314", "is_kkh_proxy": true, "road_type": "Highway", "road_rank": 1, "domain": "Kashgar (Xinjiang, China)", "sample_n": 10, "mean_fused_probability": 0.99074876, "max_fused_probability": 0.99416018, "mean_fused_transfer_confidence": 0.092538498, "mean_reliability_weighted_probability": 0.091653503, "mean_final_reliability_aware_score": 0.075184003, "mean_field_verification_priority": 0.92750549, "reliable_high_share": 0.0, "reliable_very_high_share": 0.0, "uncertain_high_share": 0.9, "fused_aoa_share": 0.4, "mean_model_disagreement_std": 0.042430386, "outside_aoa_share": 0.6, "reliability_aware_road_priority_score": 0.07518400251865387, "field_verification_road_priority_score": 1.2125054931640626, "hotspot_rank": 32 }, "geometry": { "type": "LineString", "coordinates": [ [ 75.048052386388605, 38.740456979064106 ], [ 75.048342111106408, 38.740711212078637 ], [ 75.051754119174902, 38.742513656543338 ], [ 75.056046606479413, 38.744401931440116 ], [ 75.059568764171729, 38.746118545472676 ], [ 75.062980772240508, 38.746376037667311 ], [ 75.065402152347957, 38.745946883709941 ], [ 75.068373920349615, 38.746204375904583 ], [ 75.072996618471976, 38.748006821267545 ], [ 75.076848865709579, 38.749294281342777 ], [ 75.080260874676696, 38.75032424922329 ], [ 75.082799436419819, 38.75150978554808 ], [ 75.087875010312629, 38.751026987795115 ], [ 75.089608075196836, 38.750930428783498 ], [ 75.090536596334402, 38.750930428783484 ], [ 75.091267349768387, 38.751783371060895 ], [ 75.09220779154974, 38.752137422267175 ], [ 75.094350101030557, 38.751783371060817 ], [ 75.099082829301224, 38.751783371060689 ], [ 75.104690077384589, 38.750925064044246 ], [ 75.111210109918204, 38.751558065502294 ], [ 75.119504334006848, 38.750689029906276 ], [ 75.121966960261148, 38.749208450011125 ], [ 75.125318052672782, 38.74767422632042 ], [ 75.127175333001645, 38.747513294035542 ], [ 75.130110265585373, 38.747920989935579 ], [ 75.133081438004297, 38.749036789146537 ], [ 75.13814342218383, 38.749895096162724 ], [ 75.143205524941379, 38.748779296951547 ], [ 75.147167088167052, 38.747835159502969 ], [ 75.150908591995403, 38.74706268291866 ], [ 75.154099823812217, 38.745603561978989 ], [ 75.154980185369226, 38.744916915826927 ], [ 75.155108237059238, 38.744902679186481 ] ] } },
{ "type": "Feature", "properties": { "segment_id": 458, "length_km": 9.9999999999999822, "route_code": "N40", "is_kkh_proxy": false, "road_type": "Highway", "road_rank": 1, "domain": "Balochistan", "sample_n": 10, "mean_fused_probability": 0.25261325, "max_fused_probability": 0.57810348, "mean_fused_transfer_confidence": 0.43962318, "mean_reliability_weighted_probability": 0.11374997, "mean_final_reliability_aware_score": 0.059121449, "mean_field_verification_priority": 0.29139063, "reliable_high_share": 0.0, "reliable_very_high_share": 0.1, "uncertain_high_share": 1.0, "fused_aoa_share": 1.0, "mean_model_disagreement_std": 0.20543453, "outside_aoa_share": 0.0, "reliability_aware_road_priority_score": 0.074121448546648025, "field_verification_road_priority_score": 0.54139062762260437, "hotspot_rank": 33 }, "geometry": { "type": "LineString", "coordinates": [ [ 63.68745312476657, 28.749183047520617 ], [ 63.689218400755365, 28.749310970509658 ], [ 63.69748723485192, 28.749332427669142 ], [ 63.704536317589557, 28.74933242766965 ], [ 63.713641523640618, 28.748989105941746 ], [ 63.753534197181793, 28.747186660581466 ], [ 63.766607879887424, 28.74632835446435 ], [ 63.779041647699479, 28.745985030939973 ], [ 63.789612455386035, 28.745396721997846 ] ] } },
{ "type": "Feature", "properties": { "segment_id": 1595, "length_km": 9.9999999999999822, "route_code": "N35", "is_kkh_proxy": true, "road_type": "Highway", "road_rank": 1, "domain": "KP-AJK", "sample_n": 10, "mean_fused_probability": 0.9941479, "max_fused_probability": 0.99484551, "mean_fused_transfer_confidence": 0.074379869, "mean_reliability_weighted_probability": 0.073953666, "mean_final_reliability_aware_score": 0.072584175, "mean_field_verification_priority": 0.9265908, "reliable_high_share": 0.0, "reliable_very_high_share": 0.0, "uncertain_high_share": 1.0, "fused_aoa_share": 0.8, "mean_model_disagreement_std": 0.0088912072, "outside_aoa_share": 0.2, "reliability_aware_road_priority_score": 0.072584174573421478, "field_verification_road_priority_score": 1.1965908002853394, "hotspot_rank": 34 }, "geometry": { "type": "LineString", "coordinates": [ [ 73.349353776794416, 35.504183172159067 ], [ 73.349447846261214, 35.504207611219243 ], [ 73.353665113128031, 35.505151748667657 ], [ 73.358936667965494, 35.50523757909977 ], [ 73.36304664634298, 35.504722594710287 ], [ 73.368529557698906, 35.505924225251725 ], [ 73.374645113882082, 35.507383347089572 ], [ 73.380866170008943, 35.508756637597003 ], [ 73.386032701009924, 35.510301590765302 ], [ 73.390882969335266, 35.511674881272711 ], [ 73.397842049858795, 35.513305663974826 ], [ 73.403746723834118, 35.515279769303831 ], [ 73.40880775399323, 35.517168045098991 ], [ 73.414607047500851, 35.519828796580015 ], [ 73.420612812488386, 35.523691176805897 ], [ 73.424620628163623, 35.525493622168959 ], [ 73.427573680659464, 35.525922775227933 ], [ 73.432636141834848, 35.52712440487106 ], [ 73.436643838932525, 35.527124404871032 ], [ 73.440862536815786, 35.527296066633582 ], [ 73.445713996307305, 35.528841018903584 ], [ 73.45024919491982, 35.530128479877177 ], [ 73.452741267758242, 35.530821030591831 ] ] } },
{ "type": "Feature", "properties": { "segment_id": 272, "length_km": 9.9999999999999591, "route_code": "N85", "is_kkh_proxy": false, "road_type": "Major road", "road_rank": 2, "domain": "Balochistan", "sample_n": 10, "mean_fused_probability": 0.8318119, "max_fused_probability": 0.98186129, "mean_fused_transfer_confidence": 0.14710207, "mean_reliability_weighted_probability": 0.13202327, "mean_final_reliability_aware_score": 0.071434177, "mean_field_verification_priority": 0.84636199, "reliable_high_share": 0.0, "reliable_very_high_share": 0.0, "uncertain_high_share": 1.0, "fused_aoa_share": 0.8, "mean_model_disagreement_std": 0.22794321, "outside_aoa_share": 0.2, "reliability_aware_road_priority_score": 0.071434177458286285, "field_verification_road_priority_score": 1.1163619947433472, "hotspot_rank": 35 }, "geometry": { "type": "LineString", "coordinates": [ [ 64.007506875029691, 26.114155807862101 ], [ 64.011352895688461, 26.114931106670237 ], [ 64.014984964946024, 26.116132736313613 ], [ 64.016227601784436, 26.117591858151581 ], [ 64.016036390884452, 26.11905097909117 ], [ 64.01307344434305, 26.1203384400646 ], [ 64.011735200707108, 26.121711730571985 ], [ 64.01374244578659, 26.125144957739025 ], [ 64.01488947852242, 26.127805709220191 ], [ 64.018043636861975, 26.129436492820847 ], [ 64.019483328141249, 26.130723952896268 ], [ 64.019005298645567, 26.131839752107265 ], [ 64.02196943725113, 26.136903762874855 ], [ 64.029427408848207, 26.146516800020692 ], [ 64.029427408848079, 26.150465011577083 ], [ 64.03325200054573, 26.154842377091011 ], [ 64.037554740316622, 26.159048079944046 ], [ 64.040136336748077, 26.163082122831028 ], [ 64.039220570790476, 26.166933774477467 ], [ 64.031449794132357, 26.18163228044704 ], [ 64.028965480058829, 26.185364011038818 ] ] } },
{ "type": "Feature", "properties": { "segment_id": 297, "length_km": 9.9999999999999094, "route_code": "N85", "is_kkh_proxy": false, "road_type": "Major road", "road_rank": 2, "domain": "Balochistan", "sample_n": 10, "mean_fused_probability": 0.53784353, "max_fused_probability": 0.96088982, "mean_fused_transfer_confidence": 0.18046919, "mean_reliability_weighted_probability": 0.13734803, "mean_final_reliability_aware_score": 0.040018477, "mean_field_verification_priority": 0.62880981, "reliable_high_share": 0.0, "reliable_very_high_share": 0.2, "uncertain_high_share": 1.0, "fused_aoa_share": 0.8, "mean_model_disagreement_std": 0.3237209, "outside_aoa_share": 0.2, "reliability_aware_road_priority_score": 0.070018476545810698, "field_verification_road_priority_score": 0.89880980968475344, "hotspot_rank": 36 }, "geometry": { "type": "LineString", "coordinates": [ [ 65.1004919812503, 27.416846155607221 ], [ 65.108542322931271, 27.41535186741902 ], [ 65.1206148862411, 27.412344933075342 ], [ 65.123064518359428, 27.41209030111651 ], [ 65.124224662006327, 27.412090301116518 ], [ 65.128961920471369, 27.411832808921826 ], [ 65.129735351066529, 27.411832808921844 ], [ 65.132055640156977, 27.411575317625442 ], [ 65.135439396203395, 27.410202026219718 ], [ 65.13659954074862, 27.409858703592864 ], [ 65.138823151351545, 27.409687041830296 ], [ 65.141046762852767, 27.410373687982361 ], [ 65.142400265271348, 27.410373687982361 ], [ 65.145977377394516, 27.410717010609261 ], [ 65.151571988865143, 27.412261962879334 ], [ 65.157482147054068, 27.413463592522572 ], [ 65.158932328858498, 27.413463592522575 ], [ 65.160285830378726, 27.413206100327855 ], [ 65.161832571194751, 27.412004470684717 ], [ 65.162219286043154, 27.409000396576776 ], [ 65.162219286043168, 27.406511306858299 ], [ 65.162122606657334, 27.405481338079387 ], [ 65.164056181797662, 27.403593063182502 ], [ 65.164636254519451, 27.399902343820859 ], [ 65.16347610907593, 27.397756576729247 ], [ 65.16347610907593, 27.396726607950345 ], [ 65.164442896646108, 27.396297454891343 ], [ 65.166183113913078, 27.396297454891354 ], [ 65.168203234544549, 27.395782470501938 ], [ 65.169556736963116, 27.393980026935505 ], [ 65.170910238483359, 27.393894195605061 ], [ 65.174713015490752, 27.393963933617229 ], [ 65.17767775057618, 27.396812438382582 ], [ 65.179841620310214, 27.39771295069864 ] ] } },
{ "type": "Feature", "properties": { "segment_id": 1689, "length_km": 10.000000000000099, "route_code": "314", "is_kkh_proxy": true, "road_type": "Highway", "road_rank": 1, "domain": "Kashgar (Xinjiang, China)", "sample_n": 11, "mean_fused_probability": 0.97203499, "max_fused_probability": 0.98131609, "mean_fused_transfer_confidence": 0.11999094, "mean_reliability_weighted_probability": 0.11697263, "mean_final_reliability_aware_score": 0.06577573, "mean_field_verification_priority": 0.96475375, "reliable_high_share": 0.0, "reliable_very_high_share": 0.0, "uncertain_high_share": 1.0, "fused_aoa_share": 1.0, "mean_model_disagreement_std": 0.23249812, "outside_aoa_share": 0.0, "reliability_aware_road_priority_score": 0.065775729715824127, "field_verification_road_priority_score": 1.2147537469863892, "hotspot_rank": 37 }, "geometry": { "type": "LineString", "coordinates": [ [ 74.928218006440446, 38.306129094041751 ], [ 74.928481938141346, 38.307255506737128 ], [ 74.930464626876187, 38.311976193979362 ], [ 74.933609606233375, 38.317662477625518 ], [ 74.937608004875216, 38.322114944093485 ], [ 74.938116790889552, 38.327747583045898 ], [ 74.946687819151464, 38.339881896546224 ], [ 74.949648381567243, 38.344087600297314 ], [ 74.955778004478333, 38.35284233042627 ], [ 74.957883002432808, 38.356500864049586 ], [ 74.965682627596948, 38.360899686721979 ], [ 74.970882417831206, 38.36347460777079 ], [ 74.973071815202047, 38.364976644824729 ], [ 74.979982020198534, 38.368731736561173 ], [ 74.983539702666789, 38.370609283776844 ], [ 74.985592247992059, 38.371896743852105 ], [ 74.988192083820465, 38.373130560131848 ], [ 74.989820362921193, 38.37344169612205 ], [ 74.992981316121757, 38.373935222454193 ], [ 74.994157476725164, 38.374209386891444 ] ] } },
{ "type": "Feature", "properties": { "segment_id": 308, "length_km": 10.000000000000046, "route_code": "N85", "is_kkh_proxy": false, "road_type": "Major road", "road_rank": 2, "domain": "Balochistan", "sample_n": 11, "mean_fused_probability": 0.9131943, "max_fused_probability": 0.97219926, "mean_fused_transfer_confidence": 0.15826136, "mean_reliability_weighted_probability": 0.15088545, "mean_final_reliability_aware_score": 0.065684155, "mean_field_verification_priority": 0.93539262, "reliable_high_share": 0.0, "reliable_very_high_share": 0.0, "uncertain_high_share": 1.0, "fused_aoa_share": 1.0, "mean_model_disagreement_std": 0.27578938, "outside_aoa_share": 0.0, "reliability_aware_road_priority_score": 0.065684154629707336, "field_verification_road_priority_score": 1.1853926181793213, "hotspot_rank": 38 }, "geometry": { "type": "LineString", "coordinates": [ [ 65.889261138907898, 27.959562932671044 ], [ 65.891108035252998, 27.963638306437694 ], [ 65.893149137834314, 27.968101501485215 ], [ 65.893149137834314, 27.970933913830549 ], [ 65.893537998757893, 27.973423004447358 ], [ 65.897037029316152, 27.981576918856536 ], [ 65.901315092363575, 27.995653152846042 ], [ 65.90199565871778, 28.004236221212505 ], [ 65.903454184074391, 28.008956909353081 ], [ 65.904718160391567, 28.014106750552621 ], [ 65.906565666147685, 28.022861480681705 ], [ 65.91162168909581, 28.031101227319631 ], [ 65.917551636271469, 28.041830062777734 ], [ 65.918629461511799, 28.045032254472627 ] ] } },
{ "type": "Feature", "properties": { "segment_id": 1626, "length_km": 9.9999999999999503, "route_code": "N35", "is_kkh_proxy": true, "road_type": "Highway", "road_rank": 1, "domain": "Gilgit-Baltistan", "sample_n": 10, "mean_fused_probability": 0.98970574, "max_fused_probability": 0.99353534, "mean_fused_transfer_confidence": 0.067261882, "mean_reliability_weighted_probability": 0.066774756, "mean_final_reliability_aware_score": 0.065523788, "mean_field_verification_priority": 0.93220997, "reliable_high_share": 0.0, "reliable_very_high_share": 0.0, "uncertain_high_share": 1.0, "fused_aoa_share": 0.6, "mean_model_disagreement_std": 0.024726342, "outside_aoa_share": 0.4, "reliability_aware_road_priority_score": 0.065523788332939148, "field_verification_road_priority_score": 1.2222099685668946, "hotspot_rank": 39 }, "geometry": { "type": "LineString", "coordinates": [ [ 74.832998495778099, 36.667684282241837 ], [ 74.83280432385223, 36.66223526009275 ], [ 74.832590343354866, 36.658115386773737 ], [ 74.833232404324335, 36.653223037768882 ], [ 74.835482360722125, 36.649789809703535 ], [ 74.839011908853905, 36.649103164449635 ], [ 74.843824984239262, 36.647129059120388 ], [ 74.845322371616362, 36.645412444189397 ], [ 74.846819759891858, 36.642665863174422 ], [ 74.847568513767655, 36.640262603888019 ], [ 74.847247602309992, 36.638717650719656 ], [ 74.846391917474634, 36.635198593120606 ], [ 74.847889424327775, 36.63193702771617 ], [ 74.848744990585985, 36.630134582353072 ], [ 74.849493743563457, 36.627731323066662 ], [ 74.849707604585433, 36.625499725542873 ], [ 74.849065902044273, 36.623697280179819 ], [ 74.849172832106234, 36.620864868732774 ], [ 74.850446821048152, 36.619234085132199 ], [ 74.851409317368081, 36.617603301531673 ], [ 74.852585674709772, 36.616401672786786 ], [ 74.857509495302168, 36.612796782958718 ], [ 74.860502840836759, 36.610221861909622 ], [ 74.863068582905342, 36.608076094817847 ], [ 74.862961770523071, 36.606016159056693 ], [ 74.861037375263351, 36.603612899770425 ], [ 74.859433890563139, 36.600522995230371 ], [ 74.856547357411472, 36.59726142892783 ], [ 74.852271200581129, 36.594171524387932 ], [ 74.849781518229605, 36.592255940797585 ] ] } },
{ "type": "Feature", "properties": { "segment_id": 647, "length_km": 9.9999999999999325, "route_code": "N70", "is_kkh_proxy": false, "road_type": "Major road", "road_rank": 2, "domain": "Punjab-Sindh lowland corridor", "sample_n": 10, "mean_fused_probability": 0.93065798, "max_fused_probability": 0.99209273, "mean_fused_transfer_confidence": 0.067246385, "mean_reliability_weighted_probability": 0.066664413, "mean_final_reliability_aware_score": 0.065109089, "mean_field_verification_priority": 0.91501254, "reliable_high_share": 0.0, "reliable_very_high_share": 0.0, "uncertain_high_share": 0.9, "fused_aoa_share": 0.4, "mean_model_disagreement_std": 0.10375993, "outside_aoa_share": 0.6, "reliability_aware_road_priority_score": 0.065109089016914368, "field_verification_road_priority_score": 1.2000125384330751, "hotspot_rank": 40 }, "geometry": { "type": "LineString", "coordinates": [ [ 70.061277073438319, 29.966701657908246 ], [ 70.061514973820806, 29.966907739408828 ], [ 70.0644569393083, 29.966669083088991 ], [ 70.069410919928146, 29.968128204028584 ], [ 70.071887850949238, 29.967527390105303 ], [ 70.075454712396152, 29.967699050071261 ], [ 70.076049208468021, 29.966411590894243 ], [ 70.076544642821943, 29.965038299488494 ], [ 70.077832579902662, 29.964780807293771 ], [ 70.079616069914934, 29.966325759563812 ], [ 70.082042455429956, 29.966872930589879 ], [ 70.08655011618572, 29.965024829250819 ], [ 70.09069562023636, 29.963943958334667 ], [ 70.093915462489008, 29.961921573050663 ], [ 70.096048592979542, 29.959341287262866 ], [ 70.096757412247726, 29.95851516778151 ], [ 70.096559167539255, 29.9566268919863 ], [ 70.098045468804386, 29.95559692410572 ], [ 70.10026502620839, 29.955419897604262 ], [ 70.102900505385563, 29.952592849099453 ], [ 70.104584931883252, 29.950447082007855 ], [ 70.109051227915103, 29.94886994399949 ], [ 70.11389589254803, 29.94804382272152 ], [ 70.11879098410941, 29.946745634066747 ], [ 70.121623515930679, 29.946241378256744 ], [ 70.124100446951815, 29.946069717392472 ], [ 70.12826144694111, 29.944782257317165 ], [ 70.131431698596799, 29.945125579944019 ], [ 70.134205698889119, 29.943923950300832 ], [ 70.136979699181438, 29.943838118970397 ], [ 70.137574196151633, 29.944782257317151 ], [ 70.136385321687143, 29.946928024408788 ], [ 70.138078451063294, 29.948987961068269 ], [ 70.1407536267929, 29.952850341294209 ], [ 70.142124803741979, 29.954038239656381 ] ] } },
{ "type": "Feature", "properties": { "segment_id": 299, "length_km": 10.000000000000128, "route_code": "N85", "is_kkh_proxy": false, "road_type": "Major road", "road_rank": 2, "domain": "Balochistan", "sample_n": 11, "mean_fused_probability": 0.28699794, "max_fused_probability": 0.59475905, "mean_fused_transfer_confidence": 0.44074675, "mean_reliability_weighted_probability": 0.13237438, "mean_final_reliability_aware_score": 0.051231083, "mean_field_verification_priority": 0.36562976, "reliable_high_share": 0.0, "reliable_very_high_share": 0.090909090909090912, "uncertain_high_share": 1.0, "fused_aoa_share": 1.0, "mean_model_disagreement_std": 0.28419793, "outside_aoa_share": 0.0, "reliability_aware_road_priority_score": 0.064867446165193215, "field_verification_road_priority_score": 0.61562976241111755, "hotspot_rank": 41 }, "geometry": { "type": "LineString", "coordinates": [ [ 65.24874126546095, 27.461483794836859 ], [ 65.25029766595209, 27.466163635060266 ], [ 65.251555204043726, 27.468738556109205 ], [ 65.262476444264038, 27.476205825264724 ], [ 65.268521427898889, 27.481269836930515 ], [ 65.273708343469167, 27.487363815578529 ], [ 65.27855610818871, 27.491784096308319 ], [ 65.280611395168549, 27.493715286421295 ], [ 65.285028814764672, 27.499036789383474 ], [ 65.291221260446633, 27.505645752420953 ], [ 65.294601917305229, 27.509422302214769 ], [ 65.296634316109916, 27.512855530280017 ], [ 65.299252986910133, 27.518262862776005 ], [ 65.300675988388917, 27.519550322851313 ], [ 65.302321076762183, 27.520236969003363 ], [ 65.305030702883229, 27.521781921273405 ], [ 65.307933807251885, 27.524700164949216 ], [ 65.309376597718085, 27.526588439846122 ], [ 65.31211597640602, 27.529835084158229 ] ] } },
{ "type": "Feature", "properties": { "segment_id": 169, "length_km": 10.000000000000012, "route_code": "N25", "is_kkh_proxy": false, "road_type": "Highway", "road_rank": 1, "domain": "Balochistan", "sample_n": 11, "mean_fused_probability": 0.95980036, "max_fused_probability": 0.98546666, "mean_fused_transfer_confidence": 0.14834279, "mean_reliability_weighted_probability": 0.14311279, "mean_final_reliability_aware_score": 0.063749298, "mean_field_verification_priority": 0.96300274, "reliable_high_share": 0.0, "reliable_very_high_share": 0.0, "uncertain_high_share": 1.0, "fused_aoa_share": 1.0, "mean_model_disagreement_std": 0.26593673, "outside_aoa_share": 0.0, "reliability_aware_road_priority_score": 0.063749298453330994, "field_verification_road_priority_score": 1.2130027413368225, "hotspot_rank": 42 }, "geometry": { "type": "LineString", "coordinates": [ [ 66.305212617597064, 26.920844888478545 ], [ 66.305587291963391, 26.925430298330863 ], [ 66.306017756562696, 26.933562755581164 ], [ 66.30541586915264, 26.944613456507245 ], [ 66.302987813669489, 26.955385208079715 ], [ 66.300120114601398, 26.963818073639107 ], [ 66.295196294018822, 26.972208023084114 ], [ 66.293173790157226, 26.978044510435712 ], [ 66.293173790157198, 26.984481811710559 ], [ 66.291921735382147, 26.990318298163839 ], [ 66.288358092598841, 26.998300551708727 ], [ 66.288782953507436, 27.001991271968699 ], [ 66.291501230929171, 27.007779702764868 ] ] } },
{ "type": "Feature", "properties": { "segment_id": 474, "length_km": 10.000000000000004, "route_code": "N40", "is_kkh_proxy": false, "road_type": "Highway", "road_rank": 1, "domain": "Balochistan", "sample_n": 11, "mean_fused_probability": 0.35087699, "max_fused_probability": 0.51453918, "mean_fused_transfer_confidence": 0.36552364, "mean_reliability_weighted_probability": 0.13131903, "mean_final_reliability_aware_score": 0.049672402, "mean_field_verification_priority": 0.43451777, "reliable_high_share": 0.0, "reliable_very_high_share": 0.090909090909090912, "uncertain_high_share": 1.0, "fused_aoa_share": 1.0, "mean_model_disagreement_std": 0.28952292, "outside_aoa_share": 0.0, "reliability_aware_road_priority_score": 0.063308766077865258, "field_verification_road_priority_score": 0.68451777100563049, "hotspot_rank": 43 }, "geometry": { "type": "LineString", "coordinates": [ [ 65.191443919484499, 28.972260124352363 ], [ 65.196054100352512, 28.97395133965647 ], [ 65.202627420935414, 28.976354598942862 ], [ 65.207042336926975, 28.977985381645055 ], [ 65.209495186810614, 28.978071212077207 ], [ 65.215479850370841, 28.977985381645105 ], [ 65.222347617144365, 28.977813719882555 ], [ 65.228033781315446, 28.977727890348785 ], [ 65.236983537490602, 28.977899551213099 ], [ 65.261141181234862, 28.985345363209824 ], [ 65.27242124091913, 28.988993167355474 ], [ 65.289351748997433, 28.994637023446405 ] ] } },
{ "type": "Feature", "properties": { "segment_id": 277, "length_km": 9.9999999999999805, "route_code": "N85", "is_kkh_proxy": false, "road_type": "Major road", "road_rank": 2, "domain": "Balochistan", "sample_n": 10, "mean_fused_probability": 0.63319862, "max_fused_probability": 0.97295249, "mean_fused_transfer_confidence": 0.26730457, "mean_reliability_weighted_probability": 0.15617205, "mean_final_reliability_aware_score": 0.062225588, "mean_field_verification_priority": 0.68217295, "reliable_high_share": 0.0, "reliable_very_high_share": 0.0, "uncertain_high_share": 1.0, "fused_aoa_share": 1.0, "mean_model_disagreement_std": 0.2763055, "outside_aoa_share": 0.0, "reliability_aware_road_priority_score": 0.062225587666034698, "field_verification_road_priority_score": 0.93217295408248901, "hotspot_rank": 44 }, "geometry": { "type": "LineString", "coordinates": [ [ 63.936881060030437, 26.464618494296374 ], [ 63.932808875718251, 26.465377807616939 ], [ 63.931218504626194, 26.465549469379429 ], [ 63.928534149908891, 26.46546363894711 ], [ 63.922548055328427, 26.466836929454193 ], [ 63.919575333319848, 26.466579437259249 ], [ 63.916602491835292, 26.466836929453788 ], [ 63.911903619277595, 26.466493605928292 ], [ 63.909602164263816, 26.469326019171795 ], [ 63.904325365059073, 26.471471786263077 ], [ 63.903366207778177, 26.47404670731197 ], [ 63.902023433938027, 26.476793289225082 ], [ 63.897131919463781, 26.484174727948069 ], [ 63.895789026147746, 26.485805510650167 ], [ 63.895213603105489, 26.486234664607426 ], [ 63.894542216634591, 26.487264633386303 ], [ 63.89521360310539, 26.48846626213118 ], [ 63.896740078827904, 26.489496230910195 ], [ 63.896748185224993, 26.490440368358652 ], [ 63.895876884077332, 26.491641998001775 ], [ 63.894542216634399, 26.492071151958999 ], [ 63.894062637544728, 26.495418548693774 ], [ 63.895693182194591, 26.498250961039229 ], [ 63.8960767978554, 26.501512527341919 ], [ 63.89454221663393, 26.504259109255027 ], [ 63.892144441560276, 26.507091522498531 ], [ 63.891185282482716, 26.510696410529679 ], [ 63.889266133386016, 26.515502930000572 ], [ 63.888402699683496, 26.520309448573215 ], [ 63.890248232832491, 26.52334322195895 ] ] } },
{ "type": "Feature", "properties": { "segment_id": 290, "length_km": 9.9999999999999876, "route_code": "N85", "is_kkh_proxy": false, "road_type": "Major road", "road_rank": 2, "domain": "Balochistan", "sample_n": 10, "mean_fused_probability": 0.55353445, "max_fused_probability": 0.93074399, "mean_fused_transfer_confidence": 0.29410648, "mean_reliability_weighted_probability": 0.15547298, "mean_final_reliability_aware_score": 0.047034614, "mean_field_verification_priority": 0.63076466, "reliable_high_share": 0.0, "reliable_very_high_share": 0.1, "uncertain_high_share": 1.0, "fused_aoa_share": 1.0, "mean_model_disagreement_std": 0.32239088, "outside_aoa_share": 0.0, "reliability_aware_road_priority_score": 0.062034613788127899, "field_verification_road_priority_score": 0.8807646632194519, "hotspot_rank": 45 }, "geometry": { "type": "LineString", "coordinates": [ [ 64.526334848750466, 27.172602714288985 ], [ 64.526875495718571, 27.172767520251995 ], [ 64.528557777039978, 27.17407107364566 ], [ 64.534109234343873, 27.177858352917344 ], [ 64.536534905699128, 27.178078293736625 ], [ 64.537783025853685, 27.177981734725066 ], [ 64.538488506982546, 27.177692055893747 ], [ 64.539573907204797, 27.17754721602893 ], [ 64.543081402589095, 27.178544998171279 ], [ 64.54559028039759, 27.179145812992928 ], [ 64.548774599671816, 27.182664871490402 ], [ 64.552537798705231, 27.183609008938944 ], [ 64.558180331704193, 27.184724808150111 ], [ 64.560206532133918, 27.185153961209142 ], [ 64.563776492769861, 27.185153961209231 ], [ 64.565026759897918, 27.185271979176353 ], [ 64.56605791984326, 27.184644340660395 ], [ 64.567577481232334, 27.18406498389604 ], [ 64.569476961714784, 27.183678746053161 ], [ 64.571376443095517, 27.183292508210268 ], [ 64.57246184331774, 27.183099389288824 ], [ 64.573221563825157, 27.182326912704667 ], [ 64.573872804677151, 27.181409597153984 ], [ 64.575121044307608, 27.18092680029952 ], [ 64.577074765965236, 27.180926800299563 ], [ 64.57837724677087, 27.181216478232649 ], [ 64.590643406009889, 27.183533907087124 ], [ 64.603678583319478, 27.184896469015424 ], [ 64.605125903990015, 27.184724808151184 ], [ 64.606187343448596, 27.184638976820754 ], [ 64.606958269540826, 27.186012268226545 ], [ 64.606545925757288, 27.186816930549011 ], [ 64.605317830847085, 27.18884468057183 ], [ 64.604931831057542, 27.190904617231318 ], [ 64.605896710606231, 27.191247939858204 ], [ 64.607247710318688, 27.191076278993947 ], [ 64.609660268067358, 27.191247939858286 ], [ 64.611398006409345, 27.192062877492795 ] ] } },
{ "type": "Feature", "properties": { "segment_id": 283, "length_km": 9.9999999999999307, "route_code": "N85", "is_kkh_proxy": false, "road_type": "Major road", "road_rank": 2, "domain": "Balochistan", "sample_n": 10, "mean_fused_probability": 0.56925577, "max_fused_probability": 0.92915046, "mean_fused_transfer_confidence": 0.26767406, "mean_reliability_weighted_probability": 0.1554649, "mean_final_reliability_aware_score": 0.046749286, "mean_field_verification_priority": 0.64151347, "reliable_high_share": 0.0, "reliable_very_high_share": 0.1, "uncertain_high_share": 1.0, "fused_aoa_share": 1.0, "mean_model_disagreement_std": 0.30671269, "outside_aoa_share": 0.0, "reliability_aware_road_priority_score": 0.061749286353588104, "field_verification_road_priority_score": 0.89151346683502197, "hotspot_rank": 46 }, "geometry": { "type": "LineString", "coordinates": [ [ 64.018833599916533, 26.838447691436905 ], [ 64.017206787879147, 26.84071540845337 ], [ 64.016918181635901, 26.845479010911678 ], [ 64.016052364703086, 26.848697661998209 ], [ 64.017639755184874, 26.850757599556125 ], [ 64.018294691706004, 26.856679916441578 ], [ 64.020280241572891, 26.867258549092725 ], [ 64.021488308544136, 26.87216281874144 ], [ 64.026895641941664, 26.894831657612848 ], [ 64.02725648800498, 26.896440983156158 ], [ 64.028459309713242, 26.9015908243558 ], [ 64.02977001639232, 26.905775070948099 ], [ 64.030985116273854, 26.91242694830337 ], [ 64.033157586686997, 26.918478012633759 ], [ 64.037451329852772, 26.925094829422846 ] ] } },
{ "type": "Feature", "properties": { "segment_id": 1610, "length_km": 9.9999999999999485, "route_code": "N35", "is_kkh_proxy": true, "road_type": "Highway", "road_rank": 1, "domain": "Gilgit-Baltistan", "sample_n": 10, "mean_fused_probability": 0.97416878, "max_fused_probability": 0.99456733, "mean_fused_transfer_confidence": 0.06313087, "mean_reliability_weighted_probability": 0.062720299, "mean_final_reliability_aware_score": 0.061576672, "mean_field_verification_priority": 0.93585098, "reliable_high_share": 0.0, "reliable_very_high_share": 0.0, "uncertain_high_share": 1.0, "fused_aoa_share": 0.4, "mean_model_disagreement_std": 0.045461304, "outside_aoa_share": 0.6, "reliability_aware_road_priority_score": 0.061576671898365021, "field_verification_road_priority_score": 1.2458509778976441, "hotspot_rank": 47 }, "geometry": { "type": "LineString", "coordinates": [ [ 74.610959195952248, 35.622870280328186 ], [ 74.609624624964354, 35.624349117455274 ], [ 74.610132576443903, 35.630807876787337 ], [ 74.611394526163437, 35.636730193672726 ], [ 74.613823891393821, 35.641965866202689 ], [ 74.613401414613136, 35.646343231716422 ], [ 74.611183287323342, 35.650634765899774 ], [ 74.611394526162499, 35.655269622709881 ], [ 74.61561954100371, 35.65990448041817 ], [ 74.620267035320282, 35.665054320719229 ], [ 74.618577005128969, 35.669603347995583 ], [ 74.618788243967927, 35.677757262404818 ], [ 74.619484306261725, 35.68067550608059 ], [ 74.624452830614032, 35.678615570319231 ], [ 74.625826717605122, 35.676555633659653 ], [ 74.6277130853817, 35.675954818838001 ], [ 74.632167697932076, 35.677413940675727 ], [ 74.634915353336325, 35.680246353020983 ], [ 74.634915353336041, 35.685224533356283 ], [ 74.633986712722816, 35.689723015126532 ], [ 74.63362007141474, 35.692511095378734 ] ] } },
{ "type": "Feature", "properties": { "segment_id": 472, "length_km": 10.000000000000112, "route_code": "N40", "is_kkh_proxy": false, "road_type": "Highway", "road_rank": 1, "domain": "Balochistan", "sample_n": 11, "mean_fused_probability": 0.61995971, "max_fused_probability": 0.97210366, "mean_fused_transfer_confidence": 0.19861518, "mean_reliability_weighted_probability": 0.11389036, "mean_final_reliability_aware_score": 0.047862593, "mean_field_verification_priority": 0.68360943, "reliable_high_share": 0.0, "reliable_very_high_share": 0.090909090909090912, "uncertain_high_share": 1.0, "fused_aoa_share": 1.0, "mean_model_disagreement_std": 0.24760032, "outside_aoa_share": 0.0, "reliability_aware_road_priority_score": 0.06149895672093738, "field_verification_road_priority_score": 0.93360942602157593, "hotspot_rank": 48 }, "geometry": { "type": "LineString", "coordinates": [ [ 65.005896064381872, 28.910985547094924 ], [ 65.010787248549178, 28.910436630329421 ], [ 65.016412973169935, 28.910458088386648 ], [ 65.02291130957974, 28.910350798999087 ], [ 65.02585399102513, 28.910350798999112 ], [ 65.028428792598618, 28.910458088386754 ], [ 65.032655239348784, 28.910436630329624 ], [ 65.035106897168163, 28.910436630329649 ], [ 65.045382738281589, 28.915929795054467 ], [ 65.04685366128767, 28.918848037831953 ], [ 65.072252034747507, 28.934383391862973 ], [ 65.073433876301834, 28.934555053625591 ], [ 65.076964855443663, 28.934726715388187 ], [ 65.08353614763088, 28.934984207582986 ], [ 65.096498250583181, 28.934383391863161 ], [ 65.098874007713235, 28.934436720615771 ] ] } },
{ "type": "Feature", "properties": { "segment_id": 1699, "length_km": 10.000000000000048, "route_code": "314", "is_kkh_proxy": true, "road_type": "Highway", "road_rank": 1, "domain": "Kashgar (Xinjiang, China)", "sample_n": 11, "mean_fused_probability": 0.98743057, "max_fused_probability": 0.99470401, "mean_fused_transfer_confidence": 0.062067464, "mean_reliability_weighted_probability": 0.061647605, "mean_final_reliability_aware_score": 0.06033187, "mean_field_verification_priority": 0.9387216, "reliable_high_share": 0.0, "reliable_very_high_share": 0.0, "uncertain_high_share": 1.0, "fused_aoa_share": 0.45454545454545453, "mean_model_disagreement_std": 0.037411466, "outside_aoa_share": 0.54545454545454541, "reliability_aware_road_priority_score": 0.060331869870424271, "field_verification_road_priority_score": 1.2432670517401261, "hotspot_rank": 49 }, "geometry": { "type": "LineString", "coordinates": [ [ 75.423140571154846, 38.815647944046503 ], [ 75.427630189094288, 38.815383910808791 ], [ 75.432481053015707, 38.815383910808599 ], [ 75.435565831778135, 38.81546974213893 ], [ 75.438430192715416, 38.814954757749369 ], [ 75.44138825153054, 38.813667297673938 ], [ 75.445464494586787, 38.814697265554393 ], [ 75.45075917476882, 38.816499710018967 ], [ 75.456489804665168, 38.816156387391871 ], [ 75.460787656713165, 38.816413878688159 ], [ 75.469383480284904, 38.818387985813501 ], [ 75.473901751056545, 38.819246291931307 ], [ 75.480403664576357, 38.823022841724921 ], [ 75.482497456948352, 38.82568359320593 ], [ 75.481175067674656, 38.830232620482356 ], [ 75.479632260575642, 38.834695815529997 ], [ 75.477428200898871, 38.839588165433305 ], [ 75.476546528698449, 38.843193054362878 ], [ 75.477207783072032, 38.846454620665547 ], [ 75.477207783071492, 38.848943710384077 ], [ 75.476546528696829, 38.850660324416772 ], [ 75.477097633446377, 38.854866028167919 ], [ 75.477536919502455, 38.858041763140129 ], [ 75.47852013394629, 38.864283867781907 ] ] } },
{ "type": "Feature", "properties": { "segment_id": 1683, "length_km": 9.9999999999999378, "route_code": "314", "is_kkh_proxy": true, "road_type": "Highway", "road_rank": 1, "domain": "Kashgar (Xinjiang, China)", "sample_n": 10, "mean_fused_probability": 0.94095385, "max_fused_probability": 0.99240828, "mean_fused_transfer_confidence": 0.08584591, "mean_reliability_weighted_probability": 0.082854986, "mean_final_reliability_aware_score": 0.059919439, "mean_field_verification_priority": 0.94833261, "reliable_high_share": 0.0, "reliable_very_high_share": 0.0, "uncertain_high_share": 1.0, "fused_aoa_share": 0.7, "mean_model_disagreement_std": 0.16929826, "outside_aoa_share": 0.3, "reliability_aware_road_priority_score": 0.059919439256191254, "field_verification_road_priority_score": 1.2283326077461243, "hotspot_rank": 50 }, "geometry": { "type": "LineString", "coordinates": [ [ 75.200401914033037, 37.916767692918853 ], [ 75.199108603407893, 37.917938232712608 ], [ 75.195627691859897, 37.919483184982816 ], [ 75.191385509310606, 37.921371459879914 ], [ 75.185946705222932, 37.922573089523347 ], [ 75.183227302730359, 37.920427322431792 ], [ 75.180834295910458, 37.919139861458248 ], [ 75.175613047616281, 37.915792465621955 ], [ 75.170065524921839, 37.913131714141088 ], [ 75.167128565738111, 37.912702560183902 ], [ 75.16353917363648, 37.913818359395094 ], [ 75.159731985891625, 37.917509078756908 ], [ 75.157556297708922, 37.919139861459207 ], [ 75.15461921904901, 37.92128562855094 ], [ 75.153966548077435, 37.923431395642623 ], [ 75.153640272777693, 37.932357787534386 ], [ 75.152550342348405, 37.938022614021804 ], [ 75.150372864720509, 37.948322296421104 ], [ 75.147542120538347, 37.958450317057832 ], [ 75.144384863005087, 37.961626052928509 ], [ 75.141178522280086, 37.964300752935891 ] ] } }
]
}
