domain,feature_set_key,feature_set,feature,feature_name,feature_group,mean_abs_shap,mean_shap,median_shap,feature_value_mean,feature_value_median,feature_value_shap_corr,n_domain_samples,domain_relative_importance_percent
"Kashgar (Xinjiang, China)",conventional,Conventional,log1p_dist_road_m,Distance to roads,Proximity controls,1.683804988861084,0.32456210255622864,-0.8546357154846191,8.759318344211794,9.801798734013815,-0.9141700043956019,846,24.493925268314403
"Kashgar (Xinjiang, China)",conventional,Conventional,elevation_m,Elevation,Topography/morphometry,1.1723588705062866,-1.0415538549423218,-0.7421503663063049,3225.6037014720005,3276.6109619140625,-0.9336235115656996,846,17.054035800932972
"Kashgar (Xinjiang, China)",conventional,Conventional,valley_depth,Valley depth,Topography/morphometry,0.8617533445358276,0.3107990324497223,0.23046226799488068,380.03588780612813,323.199951171875,0.9243152555322806,846,12.535728401100474
"Kashgar (Xinjiang, China)",conventional,Conventional,tri,Terrain ruggedness,Topography/morphometry,0.6740728616714478,-0.03221394494175911,0.28413835167884827,7.9845933204001565,7.231870412826538,0.7439849180310818,846,9.805583430624594
"Kashgar (Xinjiang, China)",conventional,Conventional,log1p_dist_river_m,Distance to rivers/streams,Proximity controls,0.44201913475990295,0.11357537657022476,-0.10708604007959366,8.432828671050837,9.213807140851081,-0.8958746846375844,846,6.429951048724016
"Kashgar (Xinjiang, China)",conventional,Conventional,log1p_dist_fault_m,Distance to active faults,Geology/soil/seismicity,0.3653831481933594,-0.21556967496871948,-0.11120771616697311,9.505078237571281,9.728739641775494,-0.7864469065260271,846,5.315144916041076
"Kashgar (Xinjiang, China)",conventional,Conventional,profile_curvature,Profile curvature,Topography/morphometry,0.36381810903549194,0.005423266440629959,0.09900729358196259,5.615053040409201,4.529523134231567,0.6608108994540931,846,5.292378650096753
"Kashgar (Xinjiang, China)",conventional,Conventional,aspect_deg,Aspect,Topography/morphometry,0.19075749814510345,-0.05666914954781532,-0.02211819961667061,95.88770685579196,68.0,-0.7578486706466853,846,2.774905606555526
"Kashgar (Xinjiang, China)",conventional,Conventional,lithology_code,Lithology/geology,Geology/soil/seismicity,0.18135492503643036,-0.06028648093342781,0.06476220488548279,9.643026004728132,10.0,0.5931868180446158,846,2.638128530482436
"Kashgar (Xinjiang, China)",conventional,Conventional,plan_curvature,Plan curvature,Topography/morphometry,0.1803521364927292,-0.015138193033635616,-0.08045399188995361,27.37026607990265,18.776330947875977,-0.5567287679262841,846,2.62354119536238
"Kashgar (Xinjiang, China)",conventional,Conventional,ndvi_median,NDVI median,Vegetation/land cover,0.1748693734407425,0.01963011734187603,0.06710569560527802,0.07710076835777654,0.07185000181198115,0.04210458749705211,846,2.5437846978180456
"Kashgar (Xinjiang, China)",conventional,Conventional,rain_max_1day,Max 1-day rainfall,Hydro-climate,0.13972504436969757,-0.05946420505642891,0.013908645138144493,19.39307871327051,18.28731346130371,-0.7695761343065378,846,2.032548197412212
"Kashgar (Xinjiang, China)",conventional,Conventional,ndvi_amplitude,NDVI amplitude,Vegetation/land cover,0.10921280086040497,-0.05236580967903137,-0.05697348713874817,0.19234444435914852,0.1371999979019165,-0.8380326491186211,846,1.5886935840637046
"Kashgar (Xinjiang, China)",conventional,Conventional,rain_monsoon_total,Monsoon rainfall,Hydro-climate,0.10359998047351837,-0.0020276231225579977,0.015859849750995636,87.14883950102555,75.75466537475586,0.20904790261653938,846,1.5070451722759108
"Kashgar (Xinjiang, China)",conventional,Conventional,eq_density_ms5,Earthquake density > Ms5,Geology/soil/seismicity,0.06808189302682877,0.012692500837147236,0.04934524744749069,1.7245862884160756,1.0,-0.8909848152273163,846,0.9903716944397875
"Kashgar (Xinjiang, China)",conventional,Conventional,twi,TWI,Topography/morphometry,0.06342276185750961,-0.017276445403695107,0.0022093227598816156,7.797940110202095,6.819318771362305,-0.12137424423142606,846,0.9225963811276633
"Kashgar (Xinjiang, China)",conventional,Conventional,soil_type,Soil type,Geology/soil/seismicity,0.05434548482298851,-0.004202509298920631,-0.02037528157234192,15.695035460992909,16.0,-0.3268921775892197,846,0.7905513124919333
"Kashgar (Xinjiang, China)",conventional,Conventional,modis_lc_type1,MODIS land cover,Vegetation/land cover,0.033278319984674454,-0.001181678264401853,0.013737853616476059,14.956264775413711,16.0,0.9012660148869045,846,0.4840920938896908
"Kashgar (Xinjiang, China)",conventional,Conventional,slope_deg,Slope,Topography/morphometry,0.01216723769903183,-0.0007813089760020375,-0.0010206587612628937,0.8132387706855791,1.0,0.10989201694886712,846,0.1769940182464269
Gilgit-Baltistan,conventional,Conventional,log1p_dist_road_m,Distance to roads,Proximity controls,1.6379512548446655,0.41780751943588257,-0.5250374674797058,9.149979310883511,9.92149263216579,-0.8729173676349087,721,23.051638154141635
Gilgit-Baltistan,conventional,Conventional,elevation_m,Elevation,Topography/morphometry,1.3253813982009888,-0.9596747159957886,-0.6336060762405396,3327.0448438244953,3147.2158203125,-0.9474748140073633,721,18.652699411654293
Gilgit-Baltistan,conventional,Conventional,valley_depth,Valley depth,Topography/morphometry,1.0775030851364136,0.8668774962425232,1.1422315835952759,599.484967828293,603.429443359375,0.8903006810015562,721,15.164194389222772
Gilgit-Baltistan,conventional,Conventional,tri,Terrain ruggedness,Topography/morphometry,0.645888090133667,0.584936797618866,0.6960717439651489,13.190267658101371,12.441864967346191,0.5208575425947766,721,9.089878894621245
Gilgit-Baltistan,conventional,Conventional,log1p_dist_river_m,Distance to rivers/streams,Proximity controls,0.4665548503398895,0.14723944664001465,-0.10015963017940521,8.561558996314263,9.33182676991257,-0.8834533893529677,721,6.566040080426429
Gilgit-Baltistan,conventional,Conventional,profile_curvature,Profile curvature,Topography/morphometry,0.30772629380226135,0.17307056486606598,0.19614160060882568,6.784503923943486,5.527760028839111,0.6428702148492312,721,4.330773064377624
Gilgit-Baltistan,conventional,Conventional,log1p_dist_fault_m,Distance to active faults,Geology/soil/seismicity,0.2517203986644745,-0.20542971789836884,-0.17878489196300507,10.176432694938752,10.328165513843745,-0.37943433537533816,721,3.542576452667407
Gilgit-Baltistan,conventional,Conventional,ndvi_median,NDVI median,Vegetation/land cover,0.2255481779575348,-0.025112401694059372,-0.009770672768354416,0.07107128995879526,0.0749000012874603,0.3507106098533791,721,3.174242804372164
Gilgit-Baltistan,conventional,Conventional,plan_curvature,Plan curvature,Topography/morphometry,0.2073284238576889,0.0773053839802742,0.09439584612846375,17.880810890568938,11.698049545288086,-0.694163908118617,721,2.917827860688803
Gilgit-Baltistan,conventional,Conventional,aspect_deg,Aspect,Topography/morphometry,0.1993059366941452,0.05970308184623718,0.10633471608161926,204.58391123439668,215.0,0.7556114085204267,721,2.8049237247181673
Gilgit-Baltistan,conventional,Conventional,rain_max_1day,Max 1-day rainfall,Hydro-climate,0.1724255084991455,-0.050987593829631805,0.021261174231767654,19.89548869470287,17.714872360229492,-0.6694205353755558,721,2.4266231481004077
Gilgit-Baltistan,conventional,Conventional,ndvi_amplitude,NDVI amplitude,Vegetation/land cover,0.11948772519826889,-0.08639063686132431,-0.04531758651137352,0.2588493750351849,0.1979999989271164,-0.8418471279863077,721,1.681605479397015
Gilgit-Baltistan,conventional,Conventional,rain_monsoon_total,Monsoon rainfall,Hydro-climate,0.10608121752738953,-0.0033672554418444633,-0.008529584854841232,86.67827009410699,65.2518310546875,-0.21704977067649556,721,1.4929295570667482
Gilgit-Baltistan,conventional,Conventional,twi,TWI,Topography/morphometry,0.08571894466876984,-0.002113519236445427,0.030130913481116295,6.938733228532683,6.48521614074707,-0.3356838944487763,721,1.2063619656659197
Gilgit-Baltistan,conventional,Conventional,lithology_code,Lithology/geology,Geology/soil/seismicity,0.08559475094079971,0.07915391027927399,0.09402768313884735,17.46879334257975,21.0,-0.6824619353258672,721,1.2046141304542715
Gilgit-Baltistan,conventional,Conventional,soil_type,Soil type,Geology/soil/seismicity,0.07882442325353622,0.02950185351073742,0.01759917289018631,21.377253814147018,16.0,-0.4385318281155015,721,1.1093322082541108
Gilgit-Baltistan,conventional,Conventional,eq_density_ms5,Earthquake density > Ms5,Geology/soil/seismicity,0.06750743091106415,0.016991473734378815,0.05084017664194107,1.7004160887656032,1.0,-0.9550232534971089,721,0.9500629920913881
Gilgit-Baltistan,conventional,Conventional,modis_lc_type1,MODIS land cover,Vegetation/land cover,0.035490646958351135,-0.00597713328897953,0.00811551883816719,14.295423023578364,16.0,0.6823369541790257,721,0.4994761285602994
Gilgit-Baltistan,conventional,Conventional,slope_deg,Slope,Topography/morphometry,0.009535648860037327,-0.0006277686334215105,-0.0009020775323733687,0.7434119278779473,1.0,-0.33365513031898075,721,0.13419955351930143
KP-AJK,conventional,Conventional,log1p_dist_road_m,Distance to roads,Proximity controls,1.4995770454406738,0.3599274754524231,-0.55721515417099,8.416533221101036,8.804744502429637,-0.9090597439394262,351,21.904165758784778
KP-AJK,conventional,Conventional,elevation_m,Elevation,Topography/morphometry,1.0883792638778687,0.11808985471725464,0.7717480659484863,1809.3518579814508,1198.484619140625,-0.9597226437439113,351,15.89784257960499
KP-AJK,conventional,Conventional,tri,Terrain ruggedness,Topography/morphometry,0.7062541246414185,0.3260152041912079,0.5758047699928284,10.31046382891826,10.28591251373291,0.71259088435602,351,10.316180459687553
KP-AJK,conventional,Conventional,valley_depth,Valley depth,Topography/morphometry,0.6993083357810974,0.15255174040794373,-0.000481009716168046,383.3595287181713,275.80419921875,0.9390967826441161,351,10.214724045037459
KP-AJK,conventional,Conventional,ndvi_median,NDVI median,Vegetation/land cover,0.42173653841018677,-0.2854132652282715,-0.09619862586259842,0.2766625353226709,0.2858000099658966,-0.5338368256551569,351,6.160261703097867
KP-AJK,conventional,Conventional,profile_curvature,Profile curvature,Topography/morphometry,0.4115504026412964,0.045405324548482895,0.10819657146930695,5.663962422655179,4.454958915710449,0.6998101349394807,351,6.011473878556519
KP-AJK,conventional,Conventional,log1p_dist_fault_m,Distance to active faults,Geology/soil/seismicity,0.38199272751808167,0.11958248913288116,-0.01624668948352337,8.499970340872592,9.02738506780082,-0.8588523249021114,351,5.579727995734642
KP-AJK,conventional,Conventional,log1p_dist_river_m,Distance to rivers/streams,Proximity controls,0.31860268115997314,0.012836864218115807,-0.08901511132717133,8.693436305018391,9.116455715745817,-0.8538785320415458,351,4.653796189091772
KP-AJK,conventional,Conventional,rain_max_1day,Max 1-day rainfall,Hydro-climate,0.3111368417739868,-0.3076478838920593,-0.28779011964797974,51.68211371538646,53.496726989746094,-0.12852748400163605,351,4.544743450563722
KP-AJK,conventional,Conventional,ndvi_amplitude,NDVI amplitude,Vegetation/land cover,0.1851746141910553,-0.16003042459487915,-0.09466811269521713,0.3667048428133342,0.3506999909877777,-0.834821381731388,351,2.7048263081193995
KP-AJK,conventional,Conventional,aspect_deg,Aspect,Topography/morphometry,0.17488498985767365,-0.0921742171049118,-0.08291386067867279,185.07977207977208,161.0,0.5060146284467527,351,2.5545268368923084
KP-AJK,conventional,Conventional,plan_curvature,Plan curvature,Topography/morphometry,0.16877317428588867,0.023381220176815987,0.03510110452771187,20.56480171639695,14.271723747253418,-0.593852579132658,351,2.4652521832301093
KP-AJK,conventional,Conventional,rain_monsoon_total,Monsoon rainfall,Hydro-climate,0.12873779237270355,-0.11233779042959213,-0.12352583557367325,412.2831394162952,369.61822509765625,-0.2779276596366815,351,1.8804595283218994
KP-AJK,conventional,Conventional,twi,TWI,Topography/morphometry,0.09625749289989471,-0.0025983264204114676,0.03219357132911682,6.933627605438232,6.263105392456055,-0.35543812120195534,351,1.406023175944751
KP-AJK,conventional,Conventional,eq_density_ms5,Earthquake density > Ms5,Geology/soil/seismicity,0.07808753103017807,-0.02246212214231491,0.02058642916381359,2.3618233618233617,2.0,-0.9478013616320974,351,1.1406164348672265
KP-AJK,conventional,Conventional,modis_lc_type1,MODIS land cover,Vegetation/land cover,0.07631386071443558,-0.060993313789367676,-0.05102424696087837,10.131054131054132,10.0,0.06193605950659655,351,1.1147086172491973
KP-AJK,conventional,Conventional,soil_type,Soil type,Geology/soil/seismicity,0.05063701048493385,0.0028263279236853123,-0.004881685599684715,14.866096866096866,16.0,-0.3617247273770702,351,0.7396495395575822
KP-AJK,conventional,Conventional,lithology_code,Lithology/geology,Geology/soil/seismicity,0.034931428730487823,0.018869267776608467,0.028169864788651466,19.94017094017094,21.0,-0.024408032201179736,351,0.5102397422194022
KP-AJK,conventional,Conventional,slope_deg,Slope,Topography/morphometry,0.013745670206844807,-0.0041496772319078445,-0.0037483996711671352,0.9031339031339032,1.0,-0.07203353857281658,351,0.20078157343882183
Balochistan,conventional,Conventional,log1p_dist_road_m,Distance to roads,Proximity controls,1.350406289100647,0.06302402913570404,-0.7212636470794678,9.125160134235399,9.832552595867032,-0.87571129813487,992,21.88062174996279
Balochistan,conventional,Conventional,elevation_m,Elevation,Topography/morphometry,0.813576877117157,0.6792470812797546,0.6999386548995972,1101.4515199974298,1093.0858154296875,-0.73511159200132,992,13.182379300508204
Balochistan,conventional,Conventional,tri,Terrain ruggedness,Topography/morphometry,0.7281066179275513,-0.28802046179771423,-0.11590592563152313,5.082745680405248,4.242640495300293,0.8022359810502127,992,11.797505409373905
Balochistan,conventional,Conventional,valley_depth,Valley depth,Topography/morphometry,0.6078231334686279,-0.4628419876098633,-0.572060227394104,175.3120724616512,160.3057861328125,0.8604455408912626,992,9.848553121861956
Balochistan,conventional,Conventional,profile_curvature,Profile curvature,Topography/morphometry,0.5344989895820618,-0.027113279327750206,0.11736023426055908,4.809054621465264,3.6896164417266846,0.781422962241563,992,8.660482634875187
Balochistan,conventional,Conventional,log1p_dist_river_m,Distance to rivers/streams,Proximity controls,0.34699299931526184,0.009700067341327667,-0.056713998317718506,9.034820161182951,9.417723091193913,-0.8506774746917453,992,5.622324650871403
Balochistan,conventional,Conventional,log1p_dist_fault_m,Distance to active faults,Geology/soil/seismicity,0.3346553444862366,0.12785117328166962,0.08758203685283661,8.594890753929084,8.92760573355639,-0.7969138186972048,992,5.422417733394521
Balochistan,conventional,Conventional,ndvi_median,NDVI median,Vegetation/land cover,0.2625184953212738,0.07036624103784561,0.2076893150806427,0.10394667338245665,0.10225000232458109,0.4863744410392388,992,4.253584972800773
Balochistan,conventional,Conventional,aspect_deg,Aspect,Topography/morphometry,0.2046738564968109,-0.041346918791532516,-0.009479885920882225,154.5695564516129,148.0,0.3382668145094773,992,3.3163287762051477
Balochistan,conventional,Conventional,lithology_code,Lithology/geology,Geology/soil/seismicity,0.15647678077220917,-0.05924510955810547,0.048676203936338425,10.013104838709678,14.0,0.859931411803913,992,2.535391963413301
Balochistan,conventional,Conventional,ndvi_amplitude,NDVI amplitude,Vegetation/land cover,0.1424642950296402,0.12025126069784164,0.1428794264793396,0.05410151213553971,0.0406000018119812,-0.7594968105065428,992,2.308347774723917
Balochistan,conventional,Conventional,plan_curvature,Plan curvature,Topography/morphometry,0.13943855464458466,-0.0183159988373518,-0.05977599322795868,29.39213371000463,19.942768096923828,-0.4636385029437524,992,2.2593217287010723
Balochistan,conventional,Conventional,twi,TWI,Topography/morphometry,0.12667779624462128,-0.007831999100744724,0.04989694431424141,7.236951338908365,6.53650426864624,-0.5700343425170374,992,2.052559267621147
Balochistan,conventional,Conventional,rain_monsoon_total,Monsoon rainfall,Hydro-climate,0.12105706334114075,0.004320159088820219,0.01631837710738182,41.78272363249092,35.45973587036133,-0.14721898372920011,992,1.9614865796373444
Balochistan,conventional,Conventional,rain_max_1day,Max 1-day rainfall,Hydro-climate,0.12070979177951813,0.0632656067609787,0.05245799571275711,13.527069935875554,12.444518089294434,-0.5177148779748735,992,1.9558597414437489
Balochistan,conventional,Conventional,eq_density_ms5,Earthquake density > Ms5,Geology/soil/seismicity,0.06670615077018738,-0.01859530434012413,0.007522666826844215,2.2701612903225805,2.0,-0.8715393363576435,992,1.0808392001569505
Balochistan,conventional,Conventional,modis_lc_type1,MODIS land cover,Vegetation/land cover,0.05167477950453758,0.030119258910417557,0.030674492940306664,13.694556451612904,16.0,0.40479955115471145,992,0.837286017902458
Balochistan,conventional,Conventional,soil_type,Soil type,Geology/soil/seismicity,0.04888681322336197,-0.012958669103682041,-0.030204134061932564,14.778225806451612,16.0,-0.6611123400823444,992,0.7921126236859066
Balochistan,conventional,Conventional,slope_deg,Slope,Topography/morphometry,0.014355173334479332,-0.00020995874365326017,-0.00017603799642529339,0.3215725806451613,0.0,0.10118401965270879,992,0.23259675286026762
Punjab-Sindh lowland corridor,conventional,Conventional,tri,Terrain ruggedness,Topography/morphometry,1.3469605445861816,-1.1638613939285278,-1.8742387294769287,3.006938397003512,1.0,0.9166707882409336,406,18.984580014886767
Punjab-Sindh lowland corridor,conventional,Conventional,log1p_dist_road_m,Distance to roads,Proximity controls,0.970103919506073,-0.21627222001552582,-0.723024308681488,9.333623224452209,9.69308487228544,-0.7892795037291055,406,13.673017785592567
Punjab-Sindh lowland corridor,conventional,Conventional,profile_curvature,Profile curvature,Topography/morphometry,0.885978639125824,-0.7248141765594482,-1.0575370788574219,2.200539354455148,0.9837508797645569,0.7827532975358218,406,12.487323725679119
Punjab-Sindh lowland corridor,conventional,Conventional,log1p_dist_fault_m,Distance to active faults,Geology/soil/seismicity,0.7505548596382141,-0.5702757835388184,-0.8213082551956177,9.865365348107323,10.152420877559157,-0.9192966186356847,406,10.5786088877172
Punjab-Sindh lowland corridor,conventional,Conventional,elevation_m,Elevation,Topography/morphometry,0.6487250924110413,0.5771875977516174,0.387901246547699,267.3042154453071,163.67120361328125,0.2759592134876439,406,9.143380980269116
Punjab-Sindh lowland corridor,conventional,Conventional,valley_depth,Valley depth,Topography/morphometry,0.55955970287323,-0.5369852185249329,-0.5967375040054321,142.6737304837833,120.8199462890625,0.8263091594719787,406,7.88664968324424
Punjab-Sindh lowland corridor,conventional,Conventional,ndvi_median,NDVI median,Vegetation/land cover,0.3253273665904999,-0.15771983563899994,-0.11321187019348145,0.27044261051479523,0.25250001251697535,-0.8047541773681164,406,4.5852890397522525
Punjab-Sindh lowland corridor,conventional,Conventional,aspect_deg,Aspect,Topography/morphometry,0.22399736940860748,-0.08227898925542831,-0.03373854607343674,182.60098522167488,184.0,0.3406810373603124,406,3.157105083555603
Punjab-Sindh lowland corridor,conventional,Conventional,log1p_dist_river_m,Distance to rivers/streams,Proximity controls,0.22051309049129486,-0.14252609014511108,-0.12883228063583374,9.225786099409273,9.49036080323033,-0.7098127522222407,406,3.1079963162900954
Punjab-Sindh lowland corridor,conventional,Conventional,ndvi_amplitude,NDVI amplitude,Vegetation/land cover,0.20520564913749695,-0.10508930683135986,-0.127163827419281,0.28873645299999734,0.2880000025033951,-0.9266478358485158,406,2.8922473499433163
Punjab-Sindh lowland corridor,conventional,Conventional,twi,TWI,Topography/morphometry,0.20340950787067413,-0.1471642404794693,-0.20517706871032715,9.001749472665082,8.575733184814453,-0.6359657476704031,406,2.866931844054825
Punjab-Sindh lowland corridor,conventional,Conventional,modis_lc_type1,MODIS land cover,Vegetation/land cover,0.1832035779953003,-0.13796964287757874,-0.1532546579837799,11.741379310344827,12.0,0.49026343212218326,406,2.5821416963136543
Punjab-Sindh lowland corridor,conventional,Conventional,plan_curvature,Plan curvature,Topography/morphometry,0.17922575771808624,-0.11364249885082245,-0.17765194177627563,42.85385466913871,43.2021598815918,-0.4381576542426328,406,2.526076767284267
Punjab-Sindh lowland corridor,conventional,Conventional,rain_max_1day,Max 1-day rainfall,Hydro-climate,0.14700843393802643,-0.08154868334531784,-0.0360228568315506,24.3077427800653,18.568147659301758,-0.6979870968616926,406,2.0719934137470126
Punjab-Sindh lowland corridor,conventional,Conventional,rain_monsoon_total,Monsoon rainfall,Hydro-climate,0.10256586223840714,-0.05167669430375099,-0.05179489403963089,166.2590991194025,123.44318008422852,-0.26710824472681216,406,1.445602713670511
Punjab-Sindh lowland corridor,conventional,Conventional,soil_type,Soil type,Geology/soil/seismicity,0.05017228052020073,0.014951569959521294,0.0031983531080186367,14.81527093596059,9.0,-0.3731584751109183,406,0.7071474200884822
Punjab-Sindh lowland corridor,conventional,Conventional,lithology_code,Lithology/geology,Geology/soil/seismicity,0.03775429725646973,-0.01198782492429018,-0.020628679543733597,18.226600985221676,19.0,-0.35154028005254745,406,0.5321235874741023
Punjab-Sindh lowland corridor,conventional,Conventional,eq_density_ms5,Earthquake density > Ms5,Geology/soil/seismicity,0.03659593313932419,0.00046848165220580995,0.015633156523108482,1.5689655172413792,1.0,-0.9113812030094869,406,0.5157971580499358
Punjab-Sindh lowland corridor,conventional,Conventional,slope_deg,Slope,Topography/morphometry,0.018162306398153305,-0.01043726410716772,-0.00987562257796526,0.05172413793103448,0.0,0.18858403225780962,406,0.2559865323869328
"Kashgar (Xinjiang, China)",alphaearth_embeddings,AlphaEarth Embeddings,A16,AlphaEarth A16,AlphaEarth embeddings,1.0306662321090698,-0.3183256685733795,-0.6355735063552856,0.048467483557265316,0.0482276044785976,0.9557304490935496,846,14.14574766149967
"Kashgar (Xinjiang, China)",alphaearth_embeddings,AlphaEarth Embeddings,A55,AlphaEarth A55,AlphaEarth embeddings,0.5030097365379333,-0.2869177460670471,0.010888509452342987,0.00725561991004324,0.0138408308848738,0.902396664252121,846,6.90373719703863
"Kashgar (Xinjiang, China)",alphaearth_embeddings,AlphaEarth Embeddings,A44,AlphaEarth A44,AlphaEarth embeddings,0.41647592186927795,-0.22856274247169495,-0.1652427762746811,0.04347591368672719,0.0482276044785976,0.898134380157248,846,5.716072880157974
"Kashgar (Xinjiang, China)",alphaearth_embeddings,AlphaEarth Embeddings,A60,AlphaEarth A60,AlphaEarth embeddings,0.2558215856552124,-0.07671870291233063,-0.001798476791009307,-0.08444760737230064,-0.084213763475418,0.9351881792598754,846,3.5111149315896104
"Kashgar (Xinjiang, China)",alphaearth_embeddings,AlphaEarth Embeddings,A17,AlphaEarth A17,AlphaEarth embeddings,0.24676841497421265,0.11368940770626068,0.1813507080078125,0.13361305888527816,0.1301653236150741,-0.8261366684061744,846,3.3868614497152207
"Kashgar (Xinjiang, China)",alphaearth_embeddings,AlphaEarth Embeddings,A25,AlphaEarth A25,AlphaEarth embeddings,0.22699032723903656,-0.056228213012218475,-0.08269717544317245,-0.006014635390846298,-0.0138408308848738,-0.8983570983902669,846,3.115410004414357
"Kashgar (Xinjiang, China)",alphaearth_embeddings,AlphaEarth Embeddings,A45,AlphaEarth A45,AlphaEarth embeddings,0.1918289214372635,0.15665587782859802,0.15536504983901978,0.16110864866524385,0.15689349919557571,0.6581666239092673,846,2.632824703373043
"Kashgar (Xinjiang, China)",alphaearth_embeddings,AlphaEarth Embeddings,A46,AlphaEarth A46,AlphaEarth embeddings,0.19008901715278625,-0.06689708679914474,0.05935933440923691,-0.016397984612926596,-0.0074432911351323,0.866815477510506,846,2.608944764168076
"Kashgar (Xinjiang, China)",alphaearth_embeddings,AlphaEarth Embeddings,A34,AlphaEarth A34,AlphaEarth embeddings,0.18572954833507538,-0.06414617598056793,0.060786426067352295,-0.04962157687581259,-0.0553633235394954,-0.8032864785765541,846,2.5491116737724373
"Kashgar (Xinjiang, China)",alphaearth_embeddings,AlphaEarth Embeddings,A38,AlphaEarth A38,AlphaEarth embeddings,0.16138355433940887,0.0026357031892985106,-0.08340318500995636,-0.10519111102052185,-0.1137408688664436,-0.6974981577044218,846,2.214966363775865
"Kashgar (Xinjiang, China)",alphaearth_embeddings,AlphaEarth Embeddings,A15,AlphaEarth A15,AlphaEarth embeddings,0.15622377395629883,0.05795270949602127,0.09969885647296906,-0.08982964354511085,-0.0984236821532249,-0.8948490049964936,846,2.144149110804578
"Kashgar (Xinjiang, China)",alphaearth_embeddings,AlphaEarth Embeddings,A56,AlphaEarth A56,AlphaEarth embeddings,0.15270821750164032,-0.07989044487476349,0.004461626056581736,-0.2010659301029045,-0.2141330242156982,0.7314552856979382,846,2.095898597740235
"Kashgar (Xinjiang, China)",alphaearth_embeddings,AlphaEarth Embeddings,A14,AlphaEarth A14,AlphaEarth embeddings,0.13356050848960876,-0.13341788947582245,-0.12697471678256989,-0.11265992495151105,-0.0935640111565589,0.6060061289397596,846,1.8330990108887686
"Kashgar (Xinjiang, China)",alphaearth_embeddings,AlphaEarth Embeddings,A13,AlphaEarth A13,AlphaEarth embeddings,0.12455439567565918,-0.0047538974322378635,0.05173949897289276,-0.06680820189484107,-0.071111112833023,-0.8715468907499734,846,1.7094913915565306
"Kashgar (Xinjiang, China)",alphaearth_embeddings,AlphaEarth Embeddings,A22,AlphaEarth A22,AlphaEarth embeddings,0.12339519709348679,-0.07528244704008102,-0.11767544597387314,0.0010861797556451754,-0.0030142252799123,-0.47509958480152065,846,1.6935815556444491
"Kashgar (Xinjiang, China)",alphaearth_embeddings,AlphaEarth Embeddings,A02,AlphaEarth A02,AlphaEarth embeddings,0.12338148802518845,-0.0029014672618359327,0.04588364064693451,0.03368626195745019,0.0415840074419975,0.7750785409817588,846,1.6933934006290028
"Kashgar (Xinjiang, China)",alphaearth_embeddings,AlphaEarth Embeddings,A30,AlphaEarth A30,AlphaEarth embeddings,0.12334176898002625,0.05470164865255356,0.09719797968864441,0.0555918573324946,0.0482276044785976,-0.628141538124934,846,1.692848262375011
"Kashgar (Xinjiang, China)",alphaearth_embeddings,AlphaEarth Embeddings,A06,AlphaEarth A06,AlphaEarth embeddings,0.12300530076026917,0.007444818038493395,0.0019638908561319113,0.0050731534956566056,0.0088581312447786,-0.799063941505713,846,1.6882302838437284
"Kashgar (Xinjiang, China)",alphaearth_embeddings,AlphaEarth Embeddings,A48,AlphaEarth A48,AlphaEarth embeddings,0.11979897320270538,0.0035671512596309185,0.026391958817839622,-0.07847114627951124,-0.0753556340932846,0.9158187148108218,846,1.644223893475629
"Kashgar (Xinjiang, China)",alphaearth_embeddings,AlphaEarth Embeddings,A51,AlphaEarth A51,AlphaEarth embeddings,0.11819332093000412,0.030102865770459175,0.08086800575256348,0.02805729393615624,0.0246059205383062,0.6886139205530009,846,1.6221865440659493
"Kashgar (Xinjiang, China)",alphaearth_embeddings,AlphaEarth Embeddings,A36,AlphaEarth A36,AlphaEarth embeddings,0.11033141613006592,0.0006030555814504623,0.017952224239706993,-0.07369800523687803,-0.0753556340932846,0.9244767637779863,846,1.5142830172267294
"Kashgar (Xinjiang, China)",alphaearth_embeddings,AlphaEarth Embeddings,A24,AlphaEarth A24,AlphaEarth embeddings,0.10946034640073776,0.0042126975022256374,0.0484638586640358,-0.056996081711771306,-0.0384467504918575,0.8108403576509441,846,1.5023277089001605
"Kashgar (Xinjiang, China)",alphaearth_embeddings,AlphaEarth Embeddings,A08,AlphaEarth A08,AlphaEarth embeddings,0.10413890331983566,-0.08715178817510605,-0.11497870087623596,-0.12616664077508663,-0.1301653236150741,-0.7877750749185213,846,1.4292916583608541
"Kashgar (Xinjiang, China)",alphaearth_embeddings,AlphaEarth Embeddings,A37,AlphaEarth A37,AlphaEarth embeddings,0.1033545657992363,-0.0313895009458065,-0.019568126648664474,-0.04987745219146683,-0.061053441837429945,0.06529432777912093,846,1.4185267372814656
"Kashgar (Xinjiang, China)",alphaearth_embeddings,AlphaEarth Embeddings,A03,AlphaEarth A03,AlphaEarth embeddings,0.09965959191322327,0.07938321679830551,0.09349727630615234,-0.09138220168807569,-0.0984236821532249,-0.9061517387642906,846,1.367813745452468
"Kashgar (Xinjiang, China)",alphaearth_embeddings,AlphaEarth Embeddings,A26,AlphaEarth A26,AlphaEarth embeddings,0.09883476793766022,-0.03182419016957283,0.02638809010386467,-0.0074320932200462484,-0.0120569011196494,-0.7741417884321714,846,1.356493153528549
"Kashgar (Xinjiang, China)",alphaearth_embeddings,AlphaEarth Embeddings,A61,AlphaEarth A61,AlphaEarth embeddings,0.09823998063802719,-0.0074265324510633945,-0.050295695662498474,-0.019761884847490627,-0.01676278375089165,-0.85237386046894,846,1.3483297823121887
"Kashgar (Xinjiang, China)",alphaearth_embeddings,AlphaEarth Embeddings,A50,AlphaEarth A50,AlphaEarth embeddings,0.09724730998277664,-0.019534774124622345,-0.06383543461561203,-0.007990598264874126,-0.0088581312447786,-0.718165672584872,846,1.334705518546978
"Kashgar (Xinjiang, China)",alphaearth_embeddings,AlphaEarth Embeddings,A47,AlphaEarth A47,AlphaEarth embeddings,0.09536966681480408,-0.0705602839589119,-0.08255182951688766,0.04048495622010226,0.0297731645405292,0.45349202645643344,846,1.3089351327275773
"Kashgar (Xinjiang, China)",alphaearth_embeddings,AlphaEarth Embeddings,A58,AlphaEarth A58,AlphaEarth embeddings,0.09496091306209564,0.03048015758395195,-0.029522497206926346,-0.2093880972852512,-0.2069357931613922,-0.7352633532132967,846,1.3033250455224572
"Kashgar (Xinjiang, China)",alphaearth_embeddings,AlphaEarth Embeddings,A01,AlphaEarth A01,AlphaEarth embeddings,0.08445174992084503,0.0029953985940665007,-0.039854876697063446,-0.12531786713918494,-0.1301653236150741,-0.6232117897703335,846,1.1590882739097315
"Kashgar (Xinjiang, China)",alphaearth_embeddings,AlphaEarth Embeddings,A27,AlphaEarth A27,AlphaEarth embeddings,0.08096078783273697,0.025375857949256897,-0.030234243720769882,-0.01885414124367677,-0.0157477892935276,0.6606108280251601,846,1.1111753150334258
"Kashgar (Xinjiang, China)",alphaearth_embeddings,AlphaEarth Embeddings,A05,AlphaEarth A05,AlphaEarth embeddings,0.08038360625505447,0.0641435906291008,0.03681359440088272,0.15234504259647208,0.1476970463991165,0.8052304196844948,846,1.1032535798504894
"Kashgar (Xinjiang, China)",alphaearth_embeddings,AlphaEarth Embeddings,A21,AlphaEarth A21,AlphaEarth embeddings,0.07935705035924911,-0.013586285524070263,-0.04790163412690163,-0.09633516135690419,-0.084213763475418,0.6143174409314198,846,1.0891642459710125
"Kashgar (Xinjiang, China)",alphaearth_embeddings,AlphaEarth Embeddings,A33,AlphaEarth A33,AlphaEarth embeddings,0.07930964976549149,0.020267201587557793,0.03788881003856659,-0.08245768383926318,-0.0753556340932846,-0.719846120743938,846,1.0885136795534744
"Kashgar (Xinjiang, China)",alphaearth_embeddings,AlphaEarth Embeddings,A39,AlphaEarth A39,AlphaEarth embeddings,0.07878343760967255,-0.06322953850030899,-0.07312391698360443,-0.04336553592234573,-0.0384467504918575,0.7749765825360604,846,1.0812914924469885
"Kashgar (Xinjiang, China)",alphaearth_embeddings,AlphaEarth Embeddings,A09,AlphaEarth A09,AlphaEarth embeddings,0.07437022775411606,-0.06199635937809944,-0.0738239511847496,0.15559507537521788,0.1537870019674301,0.20740477993085948,846,1.0207208139391677
"Kashgar (Xinjiang, China)",alphaearth_embeddings,AlphaEarth Embeddings,A11,AlphaEarth A11,AlphaEarth embeddings,0.06945103406906128,0.04084864258766174,-0.004629157483577728,-0.04028572403262249,-0.0415840074419975,-0.7506695008309585,846,0.9532055792308052
"Kashgar (Xinjiang, China)",alphaearth_embeddings,AlphaEarth Embeddings,A43,AlphaEarth A43,AlphaEarth embeddings,0.06750726699829102,-0.0400858111679554,-0.016403239220380783,-0.15753533613062232,-0.1599999964237213,0.9049383430520356,846,0.9265276522363572
"Kashgar (Xinjiang, China)",alphaearth_embeddings,AlphaEarth Embeddings,A52,AlphaEarth A52,AlphaEarth embeddings,0.06667926907539368,0.0027359076775610447,0.015869975090026855,0.06375056709556168,0.0629911571741104,-0.5959832011299685,846,0.915163498336036
"Kashgar (Xinjiang, China)",alphaearth_embeddings,AlphaEarth Embeddings,A00,AlphaEarth A00,AlphaEarth embeddings,0.06467601656913757,0.023278886452317238,0.04826679080724716,-0.032967135077221967,-0.051733948290348,-0.24021950675888137,846,0.8876691421876075
"Kashgar (Xinjiang, China)",alphaearth_embeddings,AlphaEarth Embeddings,A20,AlphaEarth A20,AlphaEarth embeddings,0.06233904883265495,-0.019268153235316277,0.01826588436961174,0.012771447464761375,0.0157477892935276,-0.5513613926874289,846,0.8555945918982266
"Kashgar (Xinjiang, China)",alphaearth_embeddings,AlphaEarth Embeddings,A32,AlphaEarth A32,AlphaEarth embeddings,0.05801727622747421,0.006298936437815428,-0.0040960535407066345,0.07013516349376156,0.071111112833023,0.707550585120117,846,0.7962788766659852
"Kashgar (Xinjiang, China)",alphaearth_embeddings,AlphaEarth Embeddings,A19,AlphaEarth A19,AlphaEarth embeddings,0.05230234935879707,-0.0326940193772316,-0.03821827471256256,-0.13035146551442425,-0.1358861923217773,0.26105109981877195,846,0.7178423170216441
"Kashgar (Xinjiang, China)",alphaearth_embeddings,AlphaEarth Embeddings,A18,AlphaEarth A18,AlphaEarth embeddings,0.05167307332158089,0.017687693238258362,0.03693862631917,0.03255834495585441,0.0415840074419975,-0.6091982539512538,846,0.7092055927800114
"Kashgar (Xinjiang, China)",alphaearth_embeddings,AlphaEarth Embeddings,A31,AlphaEarth A31,AlphaEarth embeddings,0.05166500806808472,0.007627589628100395,0.03069402277469635,0.09264507297919848,0.08882737159729,-0.7084002320706771,846,0.7090948983211959
"Kashgar (Xinjiang, China)",alphaearth_embeddings,AlphaEarth Embeddings,A49,AlphaEarth A49,AlphaEarth embeddings,0.043174877762794495,-0.0008969777845777571,-0.003686008509248495,-0.0005535605283151072,0.0067973856348543995,0.7763466258745072,846,0.5925690656409832
"Kashgar (Xinjiang, China)",alphaearth_embeddings,AlphaEarth Embeddings,A41,AlphaEarth A41,AlphaEarth embeddings,0.0424230732023716,-0.0034181345254182816,0.016757167875766754,0.032061500292894445,0.0384467504918575,0.6415803585921396,846,0.5822506548197179
"Kashgar (Xinjiang, China)",alphaearth_embeddings,AlphaEarth Embeddings,A28,AlphaEarth A28,AlphaEarth embeddings,0.04063115268945694,-0.0011382224038243294,-0.009479775093495846,-0.006419862030337106,0.00187620142241935,-0.4790316628042125,846,0.5576568002667404
"Kashgar (Xinjiang, China)",alphaearth_embeddings,AlphaEarth Embeddings,A53,AlphaEarth A53,AlphaEarth embeddings,0.03845137730240822,-0.003301910124719143,0.003968687728047371,0.06777149729490395,0.0753556340932846,-0.14576672878706176,846,0.527739692649038
"Kashgar (Xinjiang, China)",alphaearth_embeddings,AlphaEarth Embeddings,A54,AlphaEarth A54,AlphaEarth embeddings,0.03678959980607033,0.0007672123610973358,0.020171992480754852,0.26641886350656113,0.2844444513320923,0.9199561802729699,846,0.5049320325157942
"Kashgar (Xinjiang, China)",alphaearth_embeddings,AlphaEarth Embeddings,A29,AlphaEarth A29,AlphaEarth embeddings,0.03268744423985481,-0.012516427785158157,0.0048063769936561584,0.09520717176590027,0.0984236821532249,-0.4925942585629432,846,0.44863052995355623
"Kashgar (Xinjiang, China)",alphaearth_embeddings,AlphaEarth Embeddings,A62,AlphaEarth A62,AlphaEarth embeddings,0.030896473675966263,-0.023146050050854683,-0.029660871252417564,-0.23490808734322963,-0.2288965731859207,0.11007313761829679,846,0.42404971331605135
"Kashgar (Xinjiang, China)",alphaearth_embeddings,AlphaEarth Embeddings,A59,AlphaEarth A59,AlphaEarth embeddings,0.030435604974627495,-0.014981905929744244,-0.005878693424165249,-0.008095013605326547,-0.0120569011196494,-0.5893962838818679,846,0.4177243558422931
"Kashgar (Xinjiang, China)",alphaearth_embeddings,AlphaEarth Embeddings,A23,AlphaEarth A23,AlphaEarth embeddings,0.02884543128311634,0.006229989230632782,0.005657246336340904,-0.047723416345771624,-0.0482276044785976,0.7795822246099782,846,0.39589944776119496
"Kashgar (Xinjiang, China)",alphaearth_embeddings,AlphaEarth Embeddings,A42,AlphaEarth A42,AlphaEarth embeddings,0.022123780101537704,-0.0010869255056604743,0.002103046514093876,-0.029562079801393953,-0.0246059205383062,0.1740861726443689,846,0.3036457398962706
"Kashgar (Xinjiang, China)",alphaearth_embeddings,AlphaEarth Embeddings,A07,AlphaEarth A07,AlphaEarth embeddings,0.02184887044131756,0.0062962970696389675,0.012099653482437134,0.10167975036913678,0.0984236821532249,-0.7819610320989744,846,0.29987264385214674
"Kashgar (Xinjiang, China)",alphaearth_embeddings,AlphaEarth Embeddings,A57,AlphaEarth A57,AlphaEarth embeddings,0.021545788273215294,0.01120296772569418,0.012782024219632149,-0.135446868886831,-0.1301653236150741,-0.8148446721186007,846,0.29571288413837243
"Kashgar (Xinjiang, China)",alphaearth_embeddings,AlphaEarth Embeddings,A10,AlphaEarth A10,AlphaEarth embeddings,0.01787712238729,-0.0022887943778187037,-0.006791641935706139,0.08553727735183474,0.08882737159729,-0.05838453169691153,846,0.24536096587434272
"Kashgar (Xinjiang, China)",alphaearth_embeddings,AlphaEarth Embeddings,A63,AlphaEarth A63,AlphaEarth embeddings,0.013865047134459019,0.0017391652800142765,0.0019587199203670025,0.027722089008805736,0.0246059205383062,0.4132171937595179,846,0.1902958028201906
"Kashgar (Xinjiang, China)",alphaearth_embeddings,AlphaEarth Embeddings,A04,AlphaEarth A04,AlphaEarth embeddings,0.013450905680656433,0.004228535108268261,0.007400124333798885,-0.1052397557026646,-0.1085121110081672,-0.6772826759857983,846,0.18461177018270913
"Kashgar (Xinjiang, China)",alphaearth_embeddings,AlphaEarth Embeddings,A12,AlphaEarth A12,AlphaEarth embeddings,0.010348241776227951,0.009194253012537956,0.008315878920257092,0.09319128937603424,0.0984236821532249,0.3736495229402229,846,0.14202814873168246
"Kashgar (Xinjiang, China)",alphaearth_embeddings,AlphaEarth Embeddings,A35,AlphaEarth A35,AlphaEarth embeddings,0.01011307816952467,-0.003502035513520241,-0.002061651088297367,-0.05295231961693347,-0.0669896230101585,-0.18739005990633378,846,0.13880056162738239
"Kashgar (Xinjiang, China)",alphaearth_embeddings,AlphaEarth Embeddings,A40,AlphaEarth A40,AlphaEarth embeddings,0.010091504082083702,-0.006784940138459206,-0.006633193697780371,0.03558224110467312,0.0448442921042442,-0.08637997749463462,846,0.13850446034118563
Gilgit-Baltistan,alphaearth_embeddings,AlphaEarth Embeddings,A16,AlphaEarth A16,AlphaEarth embeddings,1.0079998970031738,0.2745504379272461,0.17150108516216278,0.09795912309875825,0.0984236821532249,0.9744836652721643,721,13.632764979860612
Gilgit-Baltistan,alphaearth_embeddings,AlphaEarth Embeddings,A55,AlphaEarth A55,AlphaEarth embeddings,0.5237051844596863,-0.12351030856370926,0.18018707633018494,0.03417433069001827,0.0482276044785976,0.9072941674459503,721,7.08288732935354
Gilgit-Baltistan,alphaearth_embeddings,AlphaEarth Embeddings,A44,AlphaEarth A44,AlphaEarth embeddings,0.5050500631332397,0.17947638034820557,0.004395844414830208,0.09808616210214388,0.0984236821532249,0.9388494621727983,721,6.830584838579148
Gilgit-Baltistan,alphaearth_embeddings,AlphaEarth Embeddings,A60,AlphaEarth A60,AlphaEarth embeddings,0.29404211044311523,0.0700058564543724,0.24062016606330872,-0.022866271916246007,-0.0022145328111946,0.9325928000592478,721,3.9767930510419345
Gilgit-Baltistan,alphaearth_embeddings,AlphaEarth Embeddings,A15,AlphaEarth A15,AlphaEarth embeddings,0.25726765394210815,0.03924908488988876,0.1838587075471878,-0.10103127919702601,-0.1245674714446067,-0.8806315289737794,721,3.4794343467098865
Gilgit-Baltistan,alphaearth_embeddings,AlphaEarth Embeddings,A17,AlphaEarth A17,AlphaEarth embeddings,0.24402384459972382,0.1782422512769699,0.2354525923728943,0.11204541526152267,0.1137408688664436,-0.7129418512656758,721,3.300317522651085
Gilgit-Baltistan,alphaearth_embeddings,AlphaEarth Embeddings,A45,AlphaEarth A45,AlphaEarth embeddings,0.21186180412769318,0.2049400359392166,0.1992238163948059,0.20652908041324705,0.2141330242156982,0.3075767528322934,721,2.86533976091568
Gilgit-Baltistan,alphaearth_embeddings,AlphaEarth Embeddings,A46,AlphaEarth A46,AlphaEarth embeddings,0.20080313086509705,-0.07326983660459518,0.06456872820854187,-0.017971109871990874,-0.0138408308848738,0.8743743449642177,721,2.7157759623217927
Gilgit-Baltistan,alphaearth_embeddings,AlphaEarth Embeddings,A25,AlphaEarth A25,AlphaEarth embeddings,0.19457855820655823,0.028548168018460274,-0.002706897212192416,-0.03060041465144215,-0.0325413309037685,-0.901916872252079,721,2.631591294836992
Gilgit-Baltistan,alphaearth_embeddings,AlphaEarth Embeddings,A34,AlphaEarth A34,AlphaEarth embeddings,0.18312013149261475,-0.013901492580771446,0.09536407887935638,-0.06802863074031358,-0.071111112833023,-0.7620559270425021,721,2.4766210027818367
Gilgit-Baltistan,alphaearth_embeddings,AlphaEarth Embeddings,A56,AlphaEarth A56,AlphaEarth embeddings,0.18001006543636322,-0.11199263483285904,-0.02317715808749199,-0.22074062052736998,-0.2214532941579818,0.8932464387524697,721,2.4345586972768736
Gilgit-Baltistan,alphaearth_embeddings,AlphaEarth Embeddings,A02,AlphaEarth A02,AlphaEarth embeddings,0.17919059097766876,-0.03897147625684738,0.014455439522862434,-0.017372001704038003,0.0049826991744339,0.8650335108818741,721,2.423475657749197
Gilgit-Baltistan,alphaearth_embeddings,AlphaEarth Embeddings,A06,AlphaEarth A06,AlphaEarth embeddings,0.14035844802856445,-0.07357057929039001,-0.12161289155483246,0.05163250479754914,0.0415840074419975,-0.7598931928855054,721,1.8982876293938493
Gilgit-Baltistan,alphaearth_embeddings,AlphaEarth Embeddings,A14,AlphaEarth A14,AlphaEarth embeddings,0.13837379217147827,-0.08365664631128311,-0.11723943799734116,-0.08953483749666069,-0.0629911571741104,0.7672456069250198,721,1.8714460126972612
Gilgit-Baltistan,alphaearth_embeddings,AlphaEarth Embeddings,A48,AlphaEarth A48,AlphaEarth embeddings,0.13673512637615204,0.05161458998918533,0.05960080400109291,-0.04143845236351767,-0.0415840074419975,0.9368600119109315,721,1.8492837627460106
Gilgit-Baltistan,alphaearth_embeddings,AlphaEarth Embeddings,A22,AlphaEarth A22,AlphaEarth embeddings,0.13271492719650269,-0.06836473196744919,-0.12225890159606934,-0.0018042349576878722,-0.0022145328111946,-0.5964823177215636,721,1.794912298273316
Gilgit-Baltistan,alphaearth_embeddings,AlphaEarth Embeddings,A50,AlphaEarth A50,AlphaEarth embeddings,0.12919831275939941,0.031170973554253578,-0.033805496990680695,-0.0284985024871341,-0.0271280277520418,-0.7278744851142013,721,1.747351600808619
Gilgit-Baltistan,alphaearth_embeddings,AlphaEarth Embeddings,A30,AlphaEarth A30,AlphaEarth embeddings,0.11390088498592377,0.054965242743492126,0.09248571842908859,0.046018105717236996,0.0415840074419975,-0.6473949721191714,721,1.5404604709065202
Gilgit-Baltistan,alphaearth_embeddings,AlphaEarth Embeddings,A13,AlphaEarth A13,AlphaEarth embeddings,0.11087135970592499,0.020017631351947784,0.06009330600500107,-0.0699101650840202,-0.071111112833023,-0.845818466558024,721,1.4994874447528876
Gilgit-Baltistan,alphaearth_embeddings,AlphaEarth Embeddings,A51,AlphaEarth A51,AlphaEarth embeddings,0.10993343591690063,0.048822708427906036,0.08332426100969315,0.028760857793530586,0.0297731645405292,0.6665458950846918,721,1.4868024289877035
Gilgit-Baltistan,alphaearth_embeddings,AlphaEarth Embeddings,A47,AlphaEarth A47,AlphaEarth embeddings,0.10925572365522385,-0.02744080312550068,-0.07325813919305801,0.09818769194881317,0.0935640111565589,0.6468073205931694,721,1.4776366621906258
Gilgit-Baltistan,alphaearth_embeddings,AlphaEarth Embeddings,A08,AlphaEarth A08,AlphaEarth embeddings,0.10652095079421997,-0.08816409111022949,-0.11721416562795639,-0.11024740842261752,-0.1085121110081672,-0.8373187107531698,721,1.4406500357056338
Gilgit-Baltistan,alphaearth_embeddings,AlphaEarth Embeddings,A36,AlphaEarth A36,AlphaEarth embeddings,0.10559232532978058,0.04275807738304138,0.049077801406383514,-0.0486351724572114,-0.0482276044785976,0.9266423732740753,721,1.428090775780455
Gilgit-Baltistan,alphaearth_embeddings,AlphaEarth Embeddings,A01,AlphaEarth A01,AlphaEarth embeddings,0.10323899984359741,0.07643807679414749,-0.0002776262117549777,-0.17533467603710462,-0.1793771684169769,-0.7989345816052198,721,1.3962630609467201
Gilgit-Baltistan,alphaearth_embeddings,AlphaEarth Embeddings,A03,AlphaEarth A03,AlphaEarth embeddings,0.09687591344118118,0.07789123803377151,0.09439193457365036,-0.08923861046278737,-0.0935640111565589,-0.877463446258148,721,1.3102050546626043
Gilgit-Baltistan,alphaearth_embeddings,AlphaEarth Embeddings,A38,AlphaEarth A38,AlphaEarth embeddings,0.09540768712759018,-0.04550367593765259,-0.0698838084936142,-0.09654726841315513,-0.0935640111565589,-0.6747057419777029,721,1.290347925381201
Gilgit-Baltistan,alphaearth_embeddings,AlphaEarth Embeddings,A24,AlphaEarth A24,AlphaEarth embeddings,0.09446807205677032,0.08184708654880524,0.08582013845443726,0.013856699790572413,0.0177777782082557,0.4809368176282304,721,1.2776400357572977
Gilgit-Baltistan,alphaearth_embeddings,AlphaEarth Embeddings,A37,AlphaEarth A37,AlphaEarth embeddings,0.0907687172293663,0.011030210182070732,0.03250822052359581,-0.04839790112048889,-0.051733948290348,0.27246913907664577,721,1.2276078531260795
Gilgit-Baltistan,alphaearth_embeddings,AlphaEarth Embeddings,A20,AlphaEarth A20,AlphaEarth embeddings,0.0846557691693306,-0.04657525196671486,0.008853582665324211,0.027960823907434696,0.0246059205383062,-0.6963078978210772,721,1.1449328603167308
Gilgit-Baltistan,alphaearth_embeddings,AlphaEarth Embeddings,A27,AlphaEarth A27,AlphaEarth embeddings,0.08303631097078323,0.04171908646821976,-0.007640448398888111,0.01789850366447798,0.0049826991744339,0.6384742160628536,721,1.123030384849082
Gilgit-Baltistan,alphaearth_embeddings,AlphaEarth Embeddings,A39,AlphaEarth A39,AlphaEarth embeddings,0.08123864233493805,0.0015357582597061992,-0.02664659172296524,0.03291366126366271,0.0325413309037685,0.8436790712726884,721,1.0987176898805557
Gilgit-Baltistan,alphaearth_embeddings,AlphaEarth Embeddings,A61,AlphaEarth A61,AlphaEarth embeddings,0.08108916878700256,-0.06463762372732162,-0.07777992635965347,0.06351689131755765,0.0669896230101585,-0.7572815714005477,721,1.096696124446106
Gilgit-Baltistan,alphaearth_embeddings,AlphaEarth Embeddings,A32,AlphaEarth A32,AlphaEarth embeddings,0.0806678980588913,-0.014380540698766708,-0.011007029563188553,0.04294151235248308,0.0415840074419975,0.8529139725847966,721,1.0909986190730299
Gilgit-Baltistan,alphaearth_embeddings,AlphaEarth Embeddings,A09,AlphaEarth A09,AlphaEarth embeddings,0.07829943299293518,-0.05090691149234772,-0.07215438038110733,0.10554992962204272,0.1137408688664436,-0.43307606592691916,721,1.058966147935696
Gilgit-Baltistan,alphaearth_embeddings,AlphaEarth Embeddings,A33,AlphaEarth A33,AlphaEarth embeddings,0.07308506220579147,0.005450364667922258,-0.008180015720427036,-0.04522370302987679,-0.051733948290348,-0.7741820268205675,721,0.9884440261871488
Gilgit-Baltistan,alphaearth_embeddings,AlphaEarth Embeddings,A58,AlphaEarth A58,AlphaEarth embeddings,0.07191264629364014,-0.005044526420533657,-0.0332697294652462,-0.1670774448749662,-0.1599999964237213,-0.7888020337547611,721,0.9725876053318223
Gilgit-Baltistan,alphaearth_embeddings,AlphaEarth Embeddings,A21,AlphaEarth A21,AlphaEarth embeddings,0.06729692220687866,0.022239459678530693,-0.0210958831012249,-0.05817389153907621,-0.0482276044785976,0.7976453723058594,721,0.910161922676715
Gilgit-Baltistan,alphaearth_embeddings,AlphaEarth Embeddings,A26,AlphaEarth A26,AlphaEarth embeddings,0.06289970874786377,0.025264322757720947,0.047743573784828186,-0.04532199032694224,-0.0482276044785976,-0.49491062354015547,721,0.8506915022617403
Gilgit-Baltistan,alphaearth_embeddings,AlphaEarth Embeddings,A00,AlphaEarth A00,AlphaEarth embeddings,0.06163238734006882,0.04413749277591705,0.05931323394179344,-0.04956224569291147,-0.0553633235394954,0.5149649251354549,721,0.8335515254048178
Gilgit-Baltistan,alphaearth_embeddings,AlphaEarth Embeddings,A19,AlphaEarth A19,AlphaEarth embeddings,0.060946449637413025,-0.002790512517094612,-0.03172142431139946,-0.10610962074898501,-0.1301653236150741,0.5963216777092141,721,0.8242745130569659
Gilgit-Baltistan,alphaearth_embeddings,AlphaEarth Embeddings,A53,AlphaEarth A53,AlphaEarth embeddings,0.05284508690237999,-0.014584364369511604,0.007264287211000919,0.09841702834821457,0.1034063845872879,-0.3177497220990048,721,0.71470706715577
Gilgit-Baltistan,alphaearth_embeddings,AlphaEarth Embeddings,A49,AlphaEarth A49,AlphaEarth embeddings,0.05087612569332123,0.03464328497648239,0.03639330342411995,0.08031486869731448,0.084213763475418,0.7608127252291927,721,0.6880777138221399
Gilgit-Baltistan,alphaearth_embeddings,AlphaEarth Embeddings,A18,AlphaEarth A18,AlphaEarth embeddings,0.049818072468042374,0.039889443665742874,0.04702351242303848,0.01283654371922675,0.0177777782082557,-0.5401597832490986,721,0.6737679991095752
Gilgit-Baltistan,alphaearth_embeddings,AlphaEarth Embeddings,A05,AlphaEarth A05,AlphaEarth embeddings,0.048740461468696594,0.006608029827475548,0.010172588750720024,0.1037710343333201,0.1034063845872879,0.814999926063977,721,0.6591937739162292
Gilgit-Baltistan,alphaearth_embeddings,AlphaEarth Embeddings,A43,AlphaEarth A43,AlphaEarth embeddings,0.04866912588477135,-0.011664018966257572,-0.006965925917029381,-0.13825626665105958,-0.1476970463991165,0.8518704693472433,721,0.6582289908311859
Gilgit-Baltistan,alphaearth_embeddings,AlphaEarth Embeddings,A52,AlphaEarth A52,AlphaEarth embeddings,0.04816459119319916,0.031034016981720924,0.03578886017203331,0.029366706016401758,0.0271280277520418,-0.4458219520367617,721,0.6514053761712645
Gilgit-Baltistan,alphaearth_embeddings,AlphaEarth Embeddings,A31,AlphaEarth A31,AlphaEarth embeddings,0.04794192314147949,-6.346630107145756e-05,0.02032400295138359,0.1105174420797807,0.119092658162117,-0.7932077268030499,721,0.6483938865603602
Gilgit-Baltistan,alphaearth_embeddings,AlphaEarth Embeddings,A23,AlphaEarth A23,AlphaEarth embeddings,0.035558514297008514,-0.001610868377611041,-0.000576558755710721,-0.07313512724830463,-0.0669896230101585,0.8492343920378514,721,0.480913609103875
Gilgit-Baltistan,alphaearth_embeddings,AlphaEarth Embeddings,A28,AlphaEarth A28,AlphaEarth embeddings,0.03316712751984596,0.003547175321727991,0.0018869409104809165,0.005948848173937121,0.0015378700336441,-0.3036778842565805,721,0.4485711316830655
Gilgit-Baltistan,alphaearth_embeddings,AlphaEarth Embeddings,A42,AlphaEarth A42,AlphaEarth embeddings,0.03313487768173218,0.00692407414317131,0.012734554708003998,-0.02495726335266716,-0.0074432911351323,0.36661706703258357,721,0.4481349664959947
Gilgit-Baltistan,alphaearth_embeddings,AlphaEarth Embeddings,A11,AlphaEarth A11,AlphaEarth embeddings,0.029087841510772705,-0.015883291140198708,-0.014479150995612144,0.03920480821547438,0.0448442921042442,-0.6640448913943742,721,0.39340054326071955
Gilgit-Baltistan,alphaearth_embeddings,AlphaEarth Embeddings,A57,AlphaEarth A57,AlphaEarth embeddings,0.02548305131494999,0.024529263377189636,0.024593926966190338,-0.2046113713911183,-0.2069357931613922,-0.6820725114555085,721,0.34464730659128956
Gilgit-Baltistan,alphaearth_embeddings,AlphaEarth Embeddings,A29,AlphaEarth A29,AlphaEarth embeddings,0.025325559079647064,-0.0007092059822753072,0.011619937606155872,0.015257718215859431,0.0088581312447786,0.2750869677300057,721,0.3425172918597197
Gilgit-Baltistan,alphaearth_embeddings,AlphaEarth Embeddings,A54,AlphaEarth A54,AlphaEarth embeddings,0.023684201762080193,0.02228490635752678,0.024294251576066017,0.3059476659673262,0.3014225363731384,0.6142532780712128,721,0.32031864022801904
Gilgit-Baltistan,alphaearth_embeddings,AlphaEarth Embeddings,A62,AlphaEarth A62,AlphaEarth embeddings,0.022945022210478783,-0.009492265060544014,-0.016305264085531235,-0.1550821432746805,-0.1537870019674301,0.6383426660015341,721,0.3103215547770578
Gilgit-Baltistan,alphaearth_embeddings,AlphaEarth Embeddings,A41,AlphaEarth A41,AlphaEarth embeddings,0.02258114516735077,0.020093923434615135,0.021113425493240356,0.07839724495988395,0.084213763475418,0.4509347010879735,721,0.3054002743034397
Gilgit-Baltistan,alphaearth_embeddings,AlphaEarth Embeddings,A07,AlphaEarth A07,AlphaEarth embeddings,0.0191566813737154,-1.8739543520496227e-05,0.00831814669072628,0.1199930250540055,0.1245674714446067,-0.7108566166759155,721,0.25908587464976013
Gilgit-Baltistan,alphaearth_embeddings,AlphaEarth Embeddings,A10,AlphaEarth A10,AlphaEarth embeddings,0.018633512780070305,0.0051828427240252495,-0.0026182180736213923,0.07879346533792789,0.08882737159729,0.3006086224340222,721,0.2520102444803402
Gilgit-Baltistan,alphaearth_embeddings,AlphaEarth Embeddings,A59,AlphaEarth A59,AlphaEarth embeddings,0.016778580844402313,0.006949469912797213,0.010141490027308464,-0.055208895285468476,-0.0553633235394954,-0.0040325123539169715,721,0.2269230880155613
Gilgit-Baltistan,alphaearth_embeddings,AlphaEarth Embeddings,A63,AlphaEarth A63,AlphaEarth embeddings,0.01506573986262083,0.003918098285794258,0.005555992480367422,0.02231212656091008,0.0157477892935276,0.5795014911940065,721,0.20375765057660578
Gilgit-Baltistan,alphaearth_embeddings,AlphaEarth Embeddings,A12,AlphaEarth A12,AlphaEarth embeddings,0.012095820158720016,0.011212396435439587,0.00970235001295805,0.06476254472699551,0.0753556340932846,0.1587674034216446,721,0.1635907641982339
Gilgit-Baltistan,alphaearth_embeddings,AlphaEarth Embeddings,A04,AlphaEarth A04,AlphaEarth embeddings,0.011630432680249214,-0.0013476407621055841,0.003158169100061059,-0.05884662939199398,-0.0591157265007495,-0.6567582123042611,721,0.15729659875493882
Gilgit-Baltistan,alphaearth_embeddings,AlphaEarth Embeddings,A40,AlphaEarth A40,AlphaEarth embeddings,0.010427798144519329,-0.007412262260913849,-0.006603539921343327,0.011542855791291265,0.0177777782082557,-0.049359292376943135,721,0.14103148401533117
Gilgit-Baltistan,alphaearth_embeddings,AlphaEarth Embeddings,A35,AlphaEarth A35,AlphaEarth embeddings,0.009511115960776806,-0.0025947524700313807,0.0003982590860687196,-0.08876082554092884,-0.0984236821532249,0.2541865100336111,721,0.12863375182374956
KP-AJK,alphaearth_embeddings,AlphaEarth Embeddings,A16,AlphaEarth A16,AlphaEarth embeddings,1.3151960372924805,-0.7456840872764587,-1.0960299968719482,-0.033869769965191344,-0.0415840074419975,0.925664970169787,351,16.487740718311105
KP-AJK,alphaearth_embeddings,AlphaEarth Embeddings,A44,AlphaEarth A44,AlphaEarth embeddings,0.6201892495155334,0.23419317603111267,-0.03966142237186432,0.09059798397207391,0.1034063845872879,0.8959881276148505,351,7.774901423324514
KP-AJK,alphaearth_embeddings,AlphaEarth Embeddings,A55,AlphaEarth A55,AlphaEarth embeddings,0.4413053095340729,-0.13746902346611023,0.08894277364015579,0.031178365208797604,0.0177777782082557,0.8269711237348825,351,5.5323520713997665
KP-AJK,alphaearth_embeddings,AlphaEarth Embeddings,A15,AlphaEarth A15,AlphaEarth embeddings,0.3035140633583069,0.06786955147981644,0.19298692047595978,-0.09601549263426667,-0.119092658162117,-0.9242050678227026,351,3.804954576440788
KP-AJK,alphaearth_embeddings,AlphaEarth Embeddings,A47,AlphaEarth A47,AlphaEarth embeddings,0.28128737211227417,0.16889439523220062,-0.06601046770811081,0.1903395904662576,0.1860822737216949,0.8528122895489236,351,3.5263132850292283
KP-AJK,alphaearth_embeddings,AlphaEarth Embeddings,A60,AlphaEarth A60,AlphaEarth embeddings,0.2454819679260254,0.13136813044548035,0.21471735835075378,0.04303564998537481,0.084213763475418,0.8560940224121802,351,3.0774446724438973
KP-AJK,alphaearth_embeddings,AlphaEarth Embeddings,A25,AlphaEarth A25,AlphaEarth embeddings,0.24005535244941711,-0.08137103915214539,-0.18084536492824554,0.01029365208494793,0.0074432911351323,-0.8809023796808417,351,3.0094147921680388
KP-AJK,alphaearth_embeddings,AlphaEarth Embeddings,A34,AlphaEarth A34,AlphaEarth embeddings,0.198678120970726,-0.054815005511045456,0.07020577788352966,-0.0541808707662377,-0.0553633235394954,-0.7785852574180212,351,2.4906958750500694
KP-AJK,alphaearth_embeddings,AlphaEarth Embeddings,A45,AlphaEarth A45,AlphaEarth embeddings,0.1938088983297348,0.13221479952335358,0.1507771611213684,0.1711178808572551,0.1727950721979141,0.6833120846766748,351,2.429653659191766
KP-AJK,alphaearth_embeddings,AlphaEarth Embeddings,A17,AlphaEarth A17,AlphaEarth embeddings,0.18998514115810394,0.11487096548080444,0.15769362449645996,0.11007206288379938,0.1137408688664436,-0.6364573032821508,351,2.3817177507583587
KP-AJK,alphaearth_embeddings,AlphaEarth Embeddings,A06,AlphaEarth A06,AlphaEarth embeddings,0.1584153175354004,-0.007208386901766062,-0.06323696672916412,0.02189366144136103,0.0222068428993225,-0.8267192863591415,351,1.9859478034237366
KP-AJK,alphaearth_embeddings,AlphaEarth Embeddings,A13,AlphaEarth A13,AlphaEarth embeddings,0.15060794353485107,-0.07544749230146408,-0.0017300393665209413,-0.050582342741989694,-0.0482276044785976,-0.8773893576879128,351,1.8880719320236512
KP-AJK,alphaearth_embeddings,AlphaEarth Embeddings,A56,AlphaEarth A56,AlphaEarth embeddings,0.14613163471221924,0.006513361819088459,0.06415662169456482,-0.15634924552749646,-0.1599999964237213,0.7732907308872168,351,1.8319554161964149
KP-AJK,alphaearth_embeddings,AlphaEarth Embeddings,A02,AlphaEarth A02,AlphaEarth embeddings,0.13985727727413177,0.01316626463085413,0.05586547031998634,0.03568068816674145,0.0591157265007495,0.8744614176179889,351,1.753297957019333
KP-AJK,alphaearth_embeddings,AlphaEarth Embeddings,A14,AlphaEarth A14,AlphaEarth embeddings,0.13955742120742798,0.007061296608299017,-0.02312326245009899,-0.013582678914714902,0.0384467504918575,0.749552017062816,351,1.749538860321625
KP-AJK,alphaearth_embeddings,AlphaEarth Embeddings,A50,AlphaEarth A50,AlphaEarth embeddings,0.1392531543970108,-0.04270279034972191,-0.10070142894983292,0.02023889556357323,0.0246059205383062,-0.6727956002867799,351,1.7457244690543938
KP-AJK,alphaearth_embeddings,AlphaEarth Embeddings,A48,AlphaEarth A48,AlphaEarth embeddings,0.1361299455165863,0.04059191793203354,0.038807034492492676,-0.0489372157682784,-0.0482276044785976,0.9465941129168427,351,1.7065708700703404
KP-AJK,alphaearth_embeddings,AlphaEarth Embeddings,A22,AlphaEarth A22,AlphaEarth embeddings,0.1351265013217926,-0.05218874663114548,-0.10335435718297958,0.005659887444984464,0.0074432911351323,-0.6242825687725863,351,1.6939913555037422
KP-AJK,alphaearth_embeddings,AlphaEarth Embeddings,A46,AlphaEarth A46,AlphaEarth embeddings,0.12835851311683655,-0.005164635367691517,0.06555362790822983,0.030778081044209767,0.0297731645405292,0.7507788555810212,351,1.6091455746894805
KP-AJK,alphaearth_embeddings,AlphaEarth Embeddings,A39,AlphaEarth A39,AlphaEarth embeddings,0.12412724643945694,0.08026819676160812,0.04919254779815674,0.09929225101444782,0.1085121110081672,0.8707425933097284,351,1.5561009897694378
KP-AJK,alphaearth_embeddings,AlphaEarth Embeddings,A36,AlphaEarth A36,AlphaEarth embeddings,0.11478888243436813,0.0590127594769001,0.06415470689535141,-0.0376798319033323,-0.0384467504918575,0.926124192826628,351,1.4390321117593734
KP-AJK,alphaearth_embeddings,AlphaEarth Embeddings,A51,AlphaEarth A51,AlphaEarth embeddings,0.1108199954032898,0.027062073349952698,0.07556712627410889,0.04322685440073579,0.0384467504918575,0.5882552851900239,351,1.3892768065020669
KP-AJK,alphaearth_embeddings,AlphaEarth Embeddings,A38,AlphaEarth A38,AlphaEarth embeddings,0.10965432971715927,-0.07292333245277405,-0.08866910636425018,-0.058405062073624094,-0.0591157265007495,-0.5460129610375202,351,1.3746636286546658
KP-AJK,alphaearth_embeddings,AlphaEarth Embeddings,A30,AlphaEarth A30,AlphaEarth embeddings,0.10868920385837555,0.014982570894062519,0.03413936868309975,0.0782156321535184,0.084213763475418,-0.7064494165749963,351,1.362564485660803
KP-AJK,alphaearth_embeddings,AlphaEarth Embeddings,A37,AlphaEarth A37,AlphaEarth embeddings,0.10851059854030609,-0.011787920258939266,0.03546422719955444,-0.009856914520824852,-0.0088581312447786,-0.427485091449352,351,1.360325429207057
KP-AJK,alphaearth_embeddings,AlphaEarth Embeddings,A08,AlphaEarth A08,AlphaEarth embeddings,0.10608632117509842,-0.058365486562252045,-0.09440796822309494,-0.15093944842981552,-0.1537870019674301,-0.8740844065895823,351,1.3299338712237314
KP-AJK,alphaearth_embeddings,AlphaEarth Embeddings,A09,AlphaEarth A09,AlphaEarth embeddings,0.10538104176521301,-0.025793734937906265,-0.07259464263916016,0.05218032513731198,0.051733948290348,-0.7293500546189773,351,1.3210922508763248
KP-AJK,alphaearth_embeddings,AlphaEarth Embeddings,A00,AlphaEarth A00,AlphaEarth embeddings,0.09433978796005249,-0.01071698497980833,0.045333679765462875,0.04779174327591639,0.0591157265007495,-0.5013921262337014,351,1.1826753724926893
KP-AJK,alphaearth_embeddings,AlphaEarth Embeddings,A24,AlphaEarth A24,AlphaEarth embeddings,0.09346688538789749,0.043797943741083145,0.06440473347902298,0.003359654684321543,-0.0015378700336441,0.5081070200899365,351,1.171732371697411
KP-AJK,alphaearth_embeddings,AlphaEarth Embeddings,A03,AlphaEarth A03,AlphaEarth embeddings,0.09140340983867645,0.04175473004579544,0.05685165897011757,-0.06449975948177138,-0.071111112833023,-0.9008153805238575,351,1.145863946862304
KP-AJK,alphaearth_embeddings,AlphaEarth Embeddings,A01,AlphaEarth A01,AlphaEarth embeddings,0.08352895081043243,0.012665944173932076,-0.030462509021162987,-0.11074837530164468,-0.1417300999164581,-0.5272403231784925,351,1.0471470749487228
KP-AJK,alphaearth_embeddings,AlphaEarth Embeddings,A61,AlphaEarth A61,AlphaEarth embeddings,0.08225303143262863,0.0021453991066664457,-0.009999987669289112,-0.03214875687586349,-0.0629911571741104,-0.8534574432855881,351,1.031151719669212
KP-AJK,alphaearth_embeddings,AlphaEarth Embeddings,A27,AlphaEarth A27,AlphaEarth embeddings,0.0818391814827919,0.037899475544691086,-0.014205685816705227,0.003117801552569424,0.0022145328111946,0.7628692056924558,351,1.0259635572388863
KP-AJK,alphaearth_embeddings,AlphaEarth Embeddings,A19,AlphaEarth A19,AlphaEarth embeddings,0.08023732900619507,0.007651989348232746,-0.03413868695497513,-0.07413813044224861,-0.084213763475418,0.6743753312756415,351,1.0058821947999574
KP-AJK,alphaearth_embeddings,AlphaEarth Embeddings,A21,AlphaEarth A21,AlphaEarth embeddings,0.0783601701259613,0.041675712913274765,0.047763675451278687,-0.010397403560342681,0.0138408308848738,0.8121649232589261,351,0.9823494985122736
KP-AJK,alphaearth_embeddings,AlphaEarth Embeddings,A53,AlphaEarth A53,AlphaEarth embeddings,0.06699153780937195,-0.029982976615428925,0.005557838827371597,0.07025235721030858,0.0797231867909431,-0.4398316998723057,351,0.8398284927893426
KP-AJK,alphaearth_embeddings,AlphaEarth Embeddings,A20,AlphaEarth A20,AlphaEarth embeddings,0.06250336021184921,-0.03453047573566437,0.007046793587505817,-0.02072330285858712,-0.0222068428993225,-0.62611330621352,351,0.7835631860005335
KP-AJK,alphaearth_embeddings,AlphaEarth Embeddings,A32,AlphaEarth A32,AlphaEarth embeddings,0.06144929677248001,0.009380299597978592,0.01015179418027401,0.07869583379748067,0.071111112833023,0.7681304729962776,351,0.7703490915262617
KP-AJK,alphaearth_embeddings,AlphaEarth Embeddings,A05,AlphaEarth A05,AlphaEarth embeddings,0.06045404076576233,-0.057021621614694595,-0.05545540526509285,0.0061330784806975635,0.0074432911351323,0.17122511282858144,351,0.7578722268446404
KP-AJK,alphaearth_embeddings,AlphaEarth Embeddings,A43,AlphaEarth A43,AlphaEarth embeddings,0.05740750953555107,-0.03314525634050369,-0.012378055602312088,-0.15510422785426792,-0.1537870019674301,0.8733067194205525,351,0.7196798847224979
KP-AJK,alphaearth_embeddings,AlphaEarth Embeddings,A26,AlphaEarth A26,AlphaEarth embeddings,0.056889086961746216,0.030197029933333397,0.050030093640089035,-0.08243036038803458,-0.08882737159729,-0.2674212489618842,351,0.7131807646392209
KP-AJK,alphaearth_embeddings,AlphaEarth Embeddings,A31,AlphaEarth A31,AlphaEarth embeddings,0.053721409291028976,-0.0039750090800225735,0.014807994477450848,0.10921173261351183,0.1085121110081672,-0.7302806622747999,351,0.673469689914963
KP-AJK,alphaearth_embeddings,AlphaEarth Embeddings,A58,AlphaEarth A58,AlphaEarth embeddings,0.05304979905486107,-0.031034208834171295,-0.038404855877161026,-0.11925091288046526,-0.1085121110081672,-0.5153647896246775,351,0.6650501576751182
KP-AJK,alphaearth_embeddings,AlphaEarth Embeddings,A33,AlphaEarth A33,AlphaEarth embeddings,0.052994001656770706,-0.03036673367023468,-0.0401693731546402,0.01948424416143637,0.0177777782082557,-0.6130367954308932,351,0.6643506626900479
KP-AJK,alphaearth_embeddings,AlphaEarth Embeddings,A18,AlphaEarth A18,AlphaEarth embeddings,0.050271112471818924,0.04264896735548973,0.050348419696092606,-0.03021603576594198,-0.0246059205383062,-0.2191344419878424,351,0.6302156063081874
KP-AJK,alphaearth_embeddings,AlphaEarth Embeddings,A52,AlphaEarth A52,AlphaEarth embeddings,0.04727306589484215,0.018359409645199776,0.023905020207166672,0.03465509120334452,0.0325413309037685,-0.4909267023369257,351,0.5926310841373527
KP-AJK,alphaearth_embeddings,AlphaEarth Embeddings,A42,AlphaEarth A42,AlphaEarth embeddings,0.044096559286117554,0.003223980311304331,0.012832785956561565,-0.0400310641118495,-0.0325413309037685,0.23740673784300162,351,0.5528093268710588
KP-AJK,alphaearth_embeddings,AlphaEarth Embeddings,A54,AlphaEarth A54,AlphaEarth embeddings,0.04141385480761528,-0.010378886945545673,0.011538897641003132,0.23969374151311368,0.2441522479057312,0.8563279960079582,351,0.5191780395106932
KP-AJK,alphaearth_embeddings,AlphaEarth Embeddings,A49,AlphaEarth A49,AlphaEarth embeddings,0.04111447185277939,0.0004653258074540645,-0.0072606285102665424,0.008503589095447298,0.0074432911351323,0.7543262975382622,351,0.5154248739027905
KP-AJK,alphaearth_embeddings,AlphaEarth Embeddings,A04,AlphaEarth A04,AlphaEarth embeddings,0.03482354059815407,-0.030982160940766335,-0.010469980537891388,0.014693625413937393,0.0177777782082557,-0.7257777346756323,351,0.43655963977654494
KP-AJK,alphaearth_embeddings,AlphaEarth Embeddings,A62,AlphaEarth A62,AlphaEarth embeddings,0.03287462145090103,0.02233850583434105,0.014085786417126656,-0.015035900382684582,-0.0074432911351323,0.8708215983922144,351,0.41212733259972967
KP-AJK,alphaearth_embeddings,AlphaEarth Embeddings,A23,AlphaEarth A23,AlphaEarth embeddings,0.03034018911421299,-0.013578977435827255,-0.007276332471519709,-0.09427344954133651,-0.08882737159729,0.8342545661548123,351,0.38035483477389953
KP-AJK,alphaearth_embeddings,AlphaEarth Embeddings,A41,AlphaEarth A41,AlphaEarth embeddings,0.029058024287223816,0.02301643230021,0.02455630712211132,0.09089364062000875,0.0935640111565589,0.6416630170051566,351,0.36428118443880925
KP-AJK,alphaearth_embeddings,AlphaEarth Embeddings,A07,AlphaEarth A07,AlphaEarth embeddings,0.02895275317132473,-0.021100187674164772,-0.019862117245793343,0.17555553399884916,0.1793771684169769,-0.5663022860759082,351,0.3629614702556335
KP-AJK,alphaearth_embeddings,AlphaEarth Embeddings,A57,AlphaEarth A57,AlphaEarth embeddings,0.027165867388248444,0.009225006215274334,0.013988307677209377,-0.1391687397581828,-0.1301653236150741,-0.8255017341408638,351,0.34056046793414746
KP-AJK,alphaearth_embeddings,AlphaEarth Embeddings,A11,AlphaEarth A11,AlphaEarth embeddings,0.02638142928481102,-0.020222365856170654,-0.017793362960219383,0.0500322141246127,0.0482276044785976,-0.6108136079909485,351,0.33072648752947287
KP-AJK,alphaearth_embeddings,AlphaEarth Embeddings,A59,AlphaEarth A59,AlphaEarth embeddings,0.02473759464919567,-0.011786800809204578,-0.0017860708758234978,-0.01741149301121297,-0.0138408308848738,-0.5636403693520299,351,0.31011882259793844
KP-AJK,alphaearth_embeddings,AlphaEarth Embeddings,A28,AlphaEarth A28,AlphaEarth embeddings,0.0236953217536211,0.0035164912696927786,0.00293216691352427,0.0517234330774405,0.071111112833023,-0.3509944730324945,351,0.29705253835385415
KP-AJK,alphaearth_embeddings,AlphaEarth Embeddings,A29,AlphaEarth A29,AlphaEarth embeddings,0.022790074348449707,0.0011189869837835431,0.009576607495546341,0.03362984415890809,0.0354325249791145,-0.11337889972297836,351,0.28570405183231923
KP-AJK,alphaearth_embeddings,AlphaEarth Embeddings,A63,AlphaEarth A63,AlphaEarth embeddings,0.01678377389907837,0.0013828753726556897,0.0058105941861867905,0.011122612307840514,0.0120569011196494,0.665223181646928,351,0.21040704539563754
KP-AJK,alphaearth_embeddings,AlphaEarth Embeddings,A10,AlphaEarth A10,AlphaEarth embeddings,0.01589391939342022,-0.002406853483989835,-0.005544829182326794,0.03119080852211533,0.0325413309037685,-0.38921397973522487,351,0.19925152944950056
KP-AJK,alphaearth_embeddings,AlphaEarth Embeddings,A12,AlphaEarth A12,AlphaEarth embeddings,0.0156481321901083,0.0002935241209343076,0.0015764636918902397,-0.10863216121073585,-0.0984236821532249,0.5385816427578228,351,0.1961702582434008
KP-AJK,alphaearth_embeddings,AlphaEarth Embeddings,A40,AlphaEarth A40,AlphaEarth embeddings,0.015058650635182858,-0.005117285996675491,-0.007520974613726139,-0.001340006037966468,-0.0061514801345765,-0.4155773941640225,351,0.18878031882733784
KP-AJK,alphaearth_embeddings,AlphaEarth Embeddings,A35,AlphaEarth A35,AlphaEarth embeddings,0.006553154904395342,-0.0008458402007818222,0.00035321636823937297,0.010698142613341007,0.0103960018604993,-0.1573776664771542,351,0.0821525581638984
Balochistan,alphaearth_embeddings,AlphaEarth Embeddings,A16,AlphaEarth A16,AlphaEarth embeddings,1.1477304697036743,0.45372599363327026,0.6568809747695923,0.11824552611101205,0.1358861923217773,0.964923971452146,992,15.903291617439205
Balochistan,alphaearth_embeddings,AlphaEarth Embeddings,A44,AlphaEarth A44,AlphaEarth embeddings,0.340520977973938,-0.07417947798967361,-0.11422412097454071,0.0665859906238614,0.0753556340932846,0.9036992311509738,992,4.718359020278776
Balochistan,alphaearth_embeddings,AlphaEarth Embeddings,A55,AlphaEarth A55,AlphaEarth embeddings,0.3363882601261139,0.24017980694770813,0.30646583437919617,0.14381683234997553,0.15689349919557571,0.6743316946888046,992,4.661094863892381
Balochistan,alphaearth_embeddings,AlphaEarth Embeddings,A17,AlphaEarth A17,AlphaEarth embeddings,0.31853047013282776,-0.1085781678557396,-0.1600702702999115,0.20093134237967822,0.2141330242156982,-0.74925216846413,992,4.413652063162745
Balochistan,alphaearth_embeddings,AlphaEarth Embeddings,A60,AlphaEarth A60,AlphaEarth embeddings,0.27239927649497986,-0.11216845363378525,0.0188069436699152,-0.07746480876965268,-0.0797231867909431,0.903169969560225,992,3.7744446495330757
Balochistan,alphaearth_embeddings,AlphaEarth Embeddings,A45,AlphaEarth A45,AlphaEarth embeddings,0.25328442454338074,-0.1493353694677353,-0.13354727625846863,0.014246319608299661,0.0088581312447786,0.9354278187109845,992,3.509583627860503
Balochistan,alphaearth_embeddings,AlphaEarth Embeddings,A25,AlphaEarth A25,AlphaEarth embeddings,0.2284320741891861,0.03273361548781395,0.04552561044692993,-0.033758976328294166,-0.0354325249791145,-0.9165843959589933,992,3.165222137515501
Balochistan,alphaearth_embeddings,AlphaEarth Embeddings,A24,AlphaEarth A24,AlphaEarth embeddings,0.208841934800148,-0.07952703535556793,-0.0645664781332016,-0.09849983274597754,-0.08882737159729,0.8405025295794315,992,2.8937753930454413
Balochistan,alphaearth_embeddings,AlphaEarth Embeddings,A50,AlphaEarth A50,AlphaEarth embeddings,0.19343194365501404,0.027380160987377167,0.09619506448507309,-0.04411622102370233,-0.0415840074419975,-0.8141833011691234,992,2.6802500145073123
Balochistan,alphaearth_embeddings,AlphaEarth Embeddings,A09,AlphaEarth A09,AlphaEarth embeddings,0.18330492079257965,0.10020138323307037,0.16277886927127838,-0.024553521577966027,-0.0448442921042442,-0.8287431707846369,992,2.5399270013530573
Balochistan,alphaearth_embeddings,AlphaEarth Embeddings,A14,AlphaEarth A14,AlphaEarth embeddings,0.1727508157491684,0.10589765757322311,0.007518541067838669,0.07734345366459876,0.0753556340932846,0.8442351957426947,992,2.393686211640652
Balochistan,alphaearth_embeddings,AlphaEarth Embeddings,A15,AlphaEarth A15,AlphaEarth embeddings,0.15469634532928467,-0.10711346566677094,-0.06976373493671417,-0.02527904921491366,-0.0297731645405292,-0.8211624025878124,992,2.1435181489595485
Balochistan,alphaearth_embeddings,AlphaEarth Embeddings,A30,AlphaEarth A30,AlphaEarth embeddings,0.14122119545936584,-0.018181880936026573,-0.08926430344581604,0.11614899962349283,0.1137408688664436,-0.6199704115368418,992,1.9568025013168182
Balochistan,alphaearth_embeddings,AlphaEarth Embeddings,A47,AlphaEarth A47,AlphaEarth embeddings,0.14094603061676025,0.03017931990325451,-0.060752734541893005,0.13491213077952946,0.1417300999164581,0.7503136862772598,992,1.9529897361682609
Balochistan,alphaearth_embeddings,AlphaEarth Embeddings,A02,AlphaEarth A02,AlphaEarth embeddings,0.14020004868507385,-0.014496466144919395,0.020190123468637466,0.029034986437871387,0.0177777782082557,0.7707852113262906,992,1.9426531906864521
Balochistan,alphaearth_embeddings,AlphaEarth Embeddings,A46,AlphaEarth A46,AlphaEarth embeddings,0.1398865431547165,0.012445293366909027,0.08992336690425873,0.007896900803761151,0.0088581312447786,0.7667143113376601,992,1.9383091656696376
Balochistan,alphaearth_embeddings,AlphaEarth Embeddings,A34,AlphaEarth A34,AlphaEarth embeddings,0.1336747109889984,0.03400415927171707,0.075655996799469,-0.08846337034881267,-0.0797231867909431,-0.6680542608384056,992,1.8522361885920935
Balochistan,alphaearth_embeddings,AlphaEarth Embeddings,A38,AlphaEarth A38,AlphaEarth embeddings,0.12961135804653168,0.05731174349784851,-0.018368449062108994,-0.1313850130365843,-0.1417300999164581,-0.8303621686669954,992,1.7959331727757475
Balochistan,alphaearth_embeddings,AlphaEarth Embeddings,A03,AlphaEarth A03,AlphaEarth embeddings,0.1289108693599701,-0.07312791794538498,-0.11685788631439209,0.019969800725096225,0.0138408308848738,-0.8483798011224116,992,1.7862269951049725
Balochistan,alphaearth_embeddings,AlphaEarth Embeddings,A18,AlphaEarth A18,AlphaEarth embeddings,0.11779690533876419,-0.05480288714170456,0.00903327763080597,0.11439781281889383,0.1137408688664436,-0.8827644553792564,992,1.6322286344091914
Balochistan,alphaearth_embeddings,AlphaEarth Embeddings,A22,AlphaEarth A22,AlphaEarth embeddings,0.11421260237693787,0.08617044240236282,0.09673779457807541,-0.14089314269562414,-0.1476970463991165,-0.7709946326062319,992,1.5825634762977296
Balochistan,alphaearth_embeddings,AlphaEarth Embeddings,A51,AlphaEarth A51,AlphaEarth embeddings,0.11219727247953415,-0.031777430325746536,0.03423112630844116,-0.004806774181434447,-0.0074432911351323,0.7198965491804048,992,1.5546384713337766
Balochistan,alphaearth_embeddings,AlphaEarth Embeddings,A13,AlphaEarth A13,AlphaEarth embeddings,0.10896465182304382,-0.0030115090776234865,0.055300574749708176,-0.0771329886925125,-0.0753556340932846,-0.7891743904277778,992,1.5098463268836984
Balochistan,alphaearth_embeddings,AlphaEarth Embeddings,A56,AlphaEarth A56,AlphaEarth embeddings,0.10852781683206558,0.10707182437181473,0.11249049007892609,-0.06925853582546432,-0.0797231867909431,0.3645206698757232,992,1.503793412516075
Balochistan,alphaearth_embeddings,AlphaEarth Embeddings,A06,AlphaEarth A06,AlphaEarth embeddings,0.10761016607284546,0.0033347655553370714,-0.028638117015361786,0.003780369878445664,0.0120569011196494,-0.835270609795139,992,1.4910781731701945
Balochistan,alphaearth_embeddings,AlphaEarth Embeddings,A48,AlphaEarth A48,AlphaEarth embeddings,0.09900697320699692,-0.013236447237432003,0.004672926850616932,-0.09430950887009758,-0.0935640111565589,0.9058565214599766,992,1.371869797512113
Balochistan,alphaearth_embeddings,AlphaEarth Embeddings,A00,AlphaEarth A00,AlphaEarth embeddings,0.0983235090970993,-0.027613909915089607,0.038894571363925934,0.10499776775489611,0.1034063845872879,-0.8546921900680555,992,1.3623995173926338
Balochistan,alphaearth_embeddings,AlphaEarth Embeddings,A37,AlphaEarth A37,AlphaEarth embeddings,0.09719777852296829,-0.011675653979182243,0.020061098039150238,-0.010279359061622651,-0.0188542874529957,-0.24641986926041065,992,1.3468010628114857
Balochistan,alphaearth_embeddings,AlphaEarth Embeddings,A36,AlphaEarth A36,AlphaEarth embeddings,0.094997838139534,-0.03677253797650337,-0.042466022074222565,-0.10592483010711269,-0.1085121110081672,0.8079183824698521,992,1.3163180405494996
Balochistan,alphaearth_embeddings,AlphaEarth Embeddings,A19,AlphaEarth A19,AlphaEarth embeddings,0.08583801239728928,0.048832278698682785,-0.01364736445248127,0.02302842579721923,0.0177777782082557,0.8132538806492617,992,1.189396795719732
Balochistan,alphaearth_embeddings,AlphaEarth Embeddings,A27,AlphaEarth A27,AlphaEarth embeddings,0.08437027782201767,-0.02886919490993023,-0.05886511504650116,-0.042296449530465054,-0.0448442921042442,0.6274706177029622,992,1.1690594329122699
Balochistan,alphaearth_embeddings,AlphaEarth Embeddings,A08,AlphaEarth A08,AlphaEarth embeddings,0.08316366374492645,0.056925900280475616,0.0646236464381218,-0.30214694167314576,-0.3188927471637726,-0.9004118923739238,992,1.152340232678226
Balochistan,alphaearth_embeddings,AlphaEarth Embeddings,A26,AlphaEarth A26,AlphaEarth embeddings,0.08008643984794617,-0.005308165680617094,0.03018985316157341,-0.10334058859406202,-0.1085121110081672,0.0466345756100606,992,1.1097013115224033
Balochistan,alphaearth_embeddings,AlphaEarth Embeddings,A61,AlphaEarth A61,AlphaEarth embeddings,0.07858709990978241,0.016782311722636223,0.0033972375094890594,-0.07634352793178137,-0.0797231867909431,-0.8623438433245451,992,1.0889260154927982
Balochistan,alphaearth_embeddings,AlphaEarth Embeddings,A52,AlphaEarth A52,AlphaEarth embeddings,0.07682614773511887,-0.0006608020630665123,-0.021565787494182587,0.07913246790685072,0.0753556340932846,-0.40244105089034776,992,1.064525743218709
Balochistan,alphaearth_embeddings,AlphaEarth Embeddings,A43,AlphaEarth A43,AlphaEarth embeddings,0.06199987605214119,0.01384010910987854,0.008195528760552406,-0.11276221309327088,-0.1085121110081672,0.7859985806916131,992,0.8590885535668116
Balochistan,alphaearth_embeddings,AlphaEarth Embeddings,A31,AlphaEarth A31,AlphaEarth embeddings,0.061849042773246765,0.00043916364666074514,0.024500105530023575,0.09995597211712762,0.0984236821532249,-0.57943009501177,992,0.8569985632047956
Balochistan,alphaearth_embeddings,AlphaEarth Embeddings,A39,AlphaEarth A39,AlphaEarth embeddings,0.057443343102931976,-0.02876417711377144,-0.0360037125647068,0.0063581005914960294,0.0120569011196494,0.743467310333531,992,0.7959518902398778
Balochistan,alphaearth_embeddings,AlphaEarth Embeddings,A41,AlphaEarth A41,AlphaEarth embeddings,0.0550808385014534,-0.028557131066918373,0.007276862394064665,-0.040130285154587414,-0.0482276044785976,0.5694747604302121,992,0.7632163302659788
Balochistan,alphaearth_embeddings,AlphaEarth Embeddings,A01,AlphaEarth A01,AlphaEarth embeddings,0.05353283882141113,-0.05237502604722977,-0.03140519931912422,0.13678702984618446,0.1476970463991165,-0.3021056918518178,992,0.7417667905131736
Balochistan,alphaearth_embeddings,AlphaEarth Embeddings,A58,AlphaEarth A58,AlphaEarth embeddings,0.052933745086193085,-0.031461723148822784,-0.03916633129119873,-0.013876300656530439,-0.0103960018604993,0.5326331579786254,992,0.7334655711686934
Balochistan,alphaearth_embeddings,AlphaEarth Embeddings,A21,AlphaEarth A21,AlphaEarth embeddings,0.04783196374773979,-0.03685484454035759,-0.04006358981132507,-0.15606962607260708,-0.1599999964237213,0.40160814759509345,992,0.6627737854789923
Balochistan,alphaearth_embeddings,AlphaEarth Embeddings,A49,AlphaEarth A49,AlphaEarth embeddings,0.04058816283941269,-0.009050465188920498,-0.019654657691717148,-0.009361163653906143,-0.0015378700336441,0.575952847921089,992,0.5624015453889128
Balochistan,alphaearth_embeddings,AlphaEarth Embeddings,A20,AlphaEarth A20,AlphaEarth embeddings,0.03970884904265404,0.01090719923377037,0.01787607930600643,-0.016950862650872048,-0.0199307966977357,-0.23236059723828145,992,0.5502175142925694
Balochistan,alphaearth_embeddings,AlphaEarth Embeddings,A32,AlphaEarth A32,AlphaEarth embeddings,0.039673812687397,-0.003394783940166235,-0.010537086986005306,0.04105077472465175,0.0384467504918575,0.05436397165978335,992,0.549732040229126
Balochistan,alphaearth_embeddings,AlphaEarth Embeddings,A33,AlphaEarth A33,AlphaEarth embeddings,0.03955567628145218,0.0035557944793254137,0.022325754165649414,-0.06867922994575974,-0.0753556340932846,-0.8419859387353985,992,0.5480951073742704
Balochistan,alphaearth_embeddings,AlphaEarth Embeddings,A23,AlphaEarth A23,AlphaEarth embeddings,0.033785607665777206,-0.002673547249287367,-0.002821054309606552,-0.06417655763356551,-0.06499039009213445,0.6935815886134379,992,0.4681433362311687
Balochistan,alphaearth_embeddings,AlphaEarth Embeddings,A05,AlphaEarth A05,AlphaEarth embeddings,0.033376794308423996,-0.031998272985219955,-0.02858443558216095,-0.07096383543411054,-0.0753556340932846,-0.1921192343207946,992,0.4624786978768597
Balochistan,alphaearth_embeddings,AlphaEarth Embeddings,A10,AlphaEarth A10,AlphaEarth embeddings,0.029191916808485985,-0.0029997574165463448,-0.016469698399305344,0.12483269456823755,0.1301653236150741,0.002449353219895211,992,0.40449180197963996
Balochistan,alphaearth_embeddings,AlphaEarth Embeddings,A11,AlphaEarth A11,AlphaEarth embeddings,0.026969389989972115,-0.020043611526489258,-0.01934531331062317,0.07427658094357248,0.0753556340932846,-0.6366305696686846,992,0.3736958154171057
Balochistan,alphaearth_embeddings,AlphaEarth Embeddings,A62,AlphaEarth A62,AlphaEarth embeddings,0.023721659556031227,0.006728808861225843,0.0050251176580786705,-0.0659664399627951,-0.0753556340932846,0.8578297756984268,992,0.3286943054379123
Balochistan,alphaearth_embeddings,AlphaEarth Embeddings,A54,AlphaEarth A54,AlphaEarth embeddings,0.022362325340509415,-0.008330215699970722,-0.0033837822265923023,0.21187452754877026,0.2141330242156982,0.8508389852657395,992,0.30985896996007334
Balochistan,alphaearth_embeddings,AlphaEarth Embeddings,A28,AlphaEarth A28,AlphaEarth embeddings,0.020299682393670082,0.001088945660740137,0.007485938724130392,0.11988230308733978,0.1245674714446067,0.6192420656677652,992,0.2812783814402711
Balochistan,alphaearth_embeddings,AlphaEarth Embeddings,A57,AlphaEarth A57,AlphaEarth embeddings,0.019604170694947243,-0.007809486240148544,-0.007664295844733715,-0.0531798562421441,-0.051733948290348,-0.7664572951397682,992,0.27164116637967806
Balochistan,alphaearth_embeddings,AlphaEarth Embeddings,A29,AlphaEarth A29,AlphaEarth embeddings,0.018559079617261887,0.0019371270900592208,0.008719826117157936,0.055889608130641005,0.051733948290348,0.07904773169498214,992,0.25716007642525246
Balochistan,alphaearth_embeddings,AlphaEarth Embeddings,A12,AlphaEarth A12,AlphaEarth embeddings,0.01843034289777279,-0.006959184072911739,-0.011982746422290802,-0.16714588714392214,-0.1599999964237213,0.29287966154161316,992,0.2553762625020792
Balochistan,alphaearth_embeddings,AlphaEarth Embeddings,A53,AlphaEarth A53,AlphaEarth embeddings,0.016944769769906998,0.013784833252429962,0.013708866201341152,-0.053090250843466,-0.0553633235394954,-0.31020966649391496,992,0.23479172345295846
Balochistan,alphaearth_embeddings,AlphaEarth Embeddings,A63,AlphaEarth A63,AlphaEarth embeddings,0.016632860526442528,-0.003402015892788768,-0.0021651661954820156,0.0007958477161581313,-0.0009842368308454,0.5017587240627048,992,0.2304698170577479
Balochistan,alphaearth_embeddings,AlphaEarth Embeddings,A42,AlphaEarth A42,AlphaEarth embeddings,0.013806276954710484,0.0022502574138343334,0.003217268968001008,0.0031682603269678864,-0.0002460592077113,0.6757222218789635,992,0.19130384211075233
Balochistan,alphaearth_embeddings,AlphaEarth Embeddings,A04,AlphaEarth A04,AlphaEarth embeddings,0.013417534530162811,-0.001166574191302061,0.0003207919071428478,-0.04158822331737608,-0.0448442921042442,-0.7633203696057451,992,0.18591731251617935
Balochistan,alphaearth_embeddings,AlphaEarth Embeddings,A07,AlphaEarth A07,AlphaEarth embeddings,0.013380056247115135,-0.0027031181380152702,-0.0026225531473755836,0.12418771937823733,0.1245674714446067,0.2525485576853142,992,0.1853980023816475
Balochistan,alphaearth_embeddings,AlphaEarth Embeddings,A59,AlphaEarth A59,AlphaEarth embeddings,0.012690461240708828,-0.0014341442147269845,0.0010218656389042735,-0.1421849537271614,-0.1537870019674301,-0.17145768686083118,992,0.17584277075340568
Balochistan,alphaearth_embeddings,AlphaEarth Embeddings,A40,AlphaEarth A40,AlphaEarth embeddings,0.01230642944574356,-0.0014794403687119484,0.000255289429333061,0.23269096339513892,0.2364629060029983,0.2464866647552928,992,0.17052151303052057
Balochistan,alphaearth_embeddings,AlphaEarth Embeddings,A35,AlphaEarth A35,AlphaEarth embeddings,0.008789245039224625,-0.001570584368892014,-0.00016654463252052665,0.026747652993582303,0.0297731645405292,-0.12259248900441914,992,0.12178636940083025
Punjab-Sindh lowland corridor,alphaearth_embeddings,AlphaEarth Embeddings,A16,AlphaEarth A16,AlphaEarth embeddings,1.8202416896820068,-1.414494514465332,-2.113027572631836,-0.0999794326271871,-0.1301653236150741,0.8952009913531469,406,21.2679785398551
Punjab-Sindh lowland corridor,alphaearth_embeddings,AlphaEarth Embeddings,A55,AlphaEarth A55,AlphaEarth embeddings,0.7600664496421814,-0.6196321249008179,-0.8928766846656799,-0.01892352919682074,-0.0384467504918575,0.9047546416587736,406,8.880731076254925
Punjab-Sindh lowland corridor,alphaearth_embeddings,AlphaEarth Embeddings,A44,AlphaEarth A44,AlphaEarth embeddings,0.5650601983070374,-0.3786153197288513,-0.26347190141677856,0.012589322487015626,0.023406381718814352,0.8839766035308976,406,6.602248613160711
Punjab-Sindh lowland corridor,alphaearth_embeddings,AlphaEarth Embeddings,A34,AlphaEarth A34,AlphaEarth embeddings,0.38653334975242615,-0.2761920094490051,0.04479480907320976,-0.0329887522502445,-0.0297731645405292,-0.8737832936562236,406,4.516313978562408
Punjab-Sindh lowland corridor,alphaearth_embeddings,AlphaEarth Embeddings,A15,AlphaEarth A15,AlphaEarth embeddings,0.36458340287208557,-0.32565179467201233,-0.17604145407676697,0.027000149622791222,0.031157247722148847,-0.9124134178287843,406,4.259847487410018
Punjab-Sindh lowland corridor,alphaearth_embeddings,AlphaEarth Embeddings,A25,AlphaEarth A25,AlphaEarth embeddings,0.3288458585739136,-0.2959972620010376,-0.3639722168445587,0.08307301275886728,0.08882737159729,-0.7240002652800386,406,3.8422846277584375
Punjab-Sindh lowland corridor,alphaearth_embeddings,AlphaEarth Embeddings,A13,AlphaEarth A13,AlphaEarth embeddings,0.2956836223602295,-0.21884123980998993,-0.3664052486419678,-0.020970789822313953,-0.01676278375089165,-0.9282241737813863,406,3.4548120563278535
Punjab-Sindh lowland corridor,alphaearth_embeddings,AlphaEarth Embeddings,A60,AlphaEarth A60,AlphaEarth embeddings,0.20127007365226746,0.09936080873012543,0.1636730581521988,0.03728493986441408,0.0629911571741104,0.7543557963630376,406,2.3516699081314276
Punjab-Sindh lowland corridor,alphaearth_embeddings,AlphaEarth Embeddings,A17,AlphaEarth A17,AlphaEarth embeddings,0.1857060343027115,0.1402837038040161,0.14442867040634155,0.052474247569245784,0.0325413309037685,-0.37580775335425626,406,2.1698173240728544
Punjab-Sindh lowland corridor,alphaearth_embeddings,AlphaEarth Embeddings,A09,AlphaEarth A09,AlphaEarth embeddings,0.17926405370235443,-0.06678678095340729,-0.15096235275268555,0.06764628234439245,0.084213763475418,-0.814152959898076,406,2.094548250773862
Punjab-Sindh lowland corridor,alphaearth_embeddings,AlphaEarth Embeddings,A47,AlphaEarth A47,AlphaEarth embeddings,0.1611771285533905,-0.06254584342241287,-0.12898960709571838,0.12720897429240777,0.1358861923217773,0.673687554236396,406,1.883217888382628
Punjab-Sindh lowland corridor,alphaearth_embeddings,AlphaEarth Embeddings,A38,AlphaEarth A38,AlphaEarth embeddings,0.1507590413093567,-0.1387069821357727,-0.16266357898712158,-0.025298947274852344,-0.0415840074419975,-0.429220792596931,406,1.7614913851449414
Punjab-Sindh lowland corridor,alphaearth_embeddings,AlphaEarth Embeddings,A50,AlphaEarth A50,AlphaEarth embeddings,0.15057601034641266,0.01383208017796278,-0.08957536518573761,-0.03130361019419229,-0.0354325249791145,-0.8246189330499939,406,1.7593528237582374
Punjab-Sindh lowland corridor,alphaearth_embeddings,AlphaEarth Embeddings,A06,AlphaEarth A06,AlphaEarth embeddings,0.14021964371204376,-0.06320590525865555,-0.1253911256790161,0.0391694744488309,0.0535486359149217,-0.8552721630532384,406,1.6383474734362655
Punjab-Sindh lowland corridor,alphaearth_embeddings,AlphaEarth Embeddings,A00,AlphaEarth A00,AlphaEarth embeddings,0.13886967301368713,-0.10055205971002579,-0.003777706064283848,0.1252680757636975,0.1301653236150741,-0.8355572973874198,406,1.6225742121134257
Punjab-Sindh lowland corridor,alphaearth_embeddings,AlphaEarth Embeddings,A26,AlphaEarth A26,AlphaEarth embeddings,0.12541203200817108,-0.0812661275267601,-0.10943171381950378,0.021727149506968895,0.0354325249791145,-0.7737007729658791,406,1.4653331041194697
Punjab-Sindh lowland corridor,alphaearth_embeddings,AlphaEarth Embeddings,A45,AlphaEarth A45,AlphaEarth embeddings,0.12044895440340042,-0.030036766082048416,0.01152486726641655,0.05518877732577808,0.0629911571741104,0.9271421377814169,406,1.4073437565574225
Punjab-Sindh lowland corridor,alphaearth_embeddings,AlphaEarth Embeddings,A36,AlphaEarth A36,AlphaEarth embeddings,0.11852671951055527,-0.07589235156774521,-0.10499660670757294,-0.11598267442239399,-0.1137408688664436,0.71198332996654,406,1.3848840740431003
Punjab-Sindh lowland corridor,alphaearth_embeddings,AlphaEarth Embeddings,A03,AlphaEarth A03,AlphaEarth embeddings,0.11157434433698654,-0.09149038046598434,-0.11007900536060333,0.048612905576770074,0.0482276044785976,-0.866906233662232,406,1.3036514735424973
Punjab-Sindh lowland corridor,alphaearth_embeddings,AlphaEarth Embeddings,A22,AlphaEarth A22,AlphaEarth embeddings,0.10874748975038528,-0.025461360812187195,-0.04828771948814392,-0.05931178392143346,-0.051733948290348,-0.8940645252617051,406,1.2706220780375357
Punjab-Sindh lowland corridor,alphaearth_embeddings,AlphaEarth Embeddings,A19,AlphaEarth A19,AlphaEarth embeddings,0.10858625918626785,-0.020659279078245163,-0.07540242373943329,-0.09050903199389666,-0.0984236821532249,0.6993485977452488,406,1.2687382357999604
Punjab-Sindh lowland corridor,alphaearth_embeddings,AlphaEarth Embeddings,A37,AlphaEarth A37,AlphaEarth embeddings,0.10603859275579453,-0.029667196795344353,0.02565694972872734,-0.007471775911631417,-0.0157477892935276,-0.6046064120896935,406,1.2389709168350367
Punjab-Sindh lowland corridor,alphaearth_embeddings,AlphaEarth Embeddings,A30,AlphaEarth A30,AlphaEarth embeddings,0.09856545180082321,-0.05269693210721016,-0.0841074213385582,0.15044505437469027,0.1476970463991165,-0.6274186713582433,406,1.1516536103715151
Punjab-Sindh lowland corridor,alphaearth_embeddings,AlphaEarth Embeddings,A56,AlphaEarth A56,AlphaEarth embeddings,0.09430032223463058,0.09426260739564896,0.08393564820289612,0.02123609144989575,0.0188542874529957,-0.336844839642573,406,1.1018191929984391
Punjab-Sindh lowland corridor,alphaearth_embeddings,AlphaEarth Embeddings,A24,AlphaEarth A24,AlphaEarth embeddings,0.09404672682285309,0.04814186319708824,0.0616007000207901,-0.029303167125206135,-0.025866974145174,0.8230607748606252,406,1.0988561459448187
Punjab-Sindh lowland corridor,alphaearth_embeddings,AlphaEarth Embeddings,A02,AlphaEarth A02,AlphaEarth embeddings,0.09317731857299805,0.07636655867099762,0.07760439813137054,0.12117976592675885,0.1301653236150741,0.40759545482165377,406,1.0886978487774133
Punjab-Sindh lowland corridor,alphaearth_embeddings,AlphaEarth Embeddings,A14,AlphaEarth A14,AlphaEarth embeddings,0.08696440607309341,0.04568098112940788,0.013956362381577492,0.0735329155624658,0.0753556340932846,0.8908482208286942,406,1.0161052417258445
Punjab-Sindh lowland corridor,alphaearth_embeddings,AlphaEarth Embeddings,A39,AlphaEarth A39,AlphaEarth embeddings,0.07996274530887604,0.05064691975712776,0.0212764423340559,0.09831216885708842,0.0935640111565589,0.8903359874209785,406,0.9342967809479052
Punjab-Sindh lowland corridor,alphaearth_embeddings,AlphaEarth Embeddings,A54,AlphaEarth A54,AlphaEarth embeddings,0.07744956761598587,-0.07441072911024094,-0.07712534070014954,0.14702522473781382,0.1537870019674301,0.8612281388751349,406,0.9049324335965552
Punjab-Sindh lowland corridor,alphaearth_embeddings,AlphaEarth Embeddings,A46,AlphaEarth A46,AlphaEarth embeddings,0.07481899857521057,0.04552260413765907,0.05635201185941696,0.0411703724609378,0.0448442921042442,0.5552619916324426,406,0.8741964680245382
Punjab-Sindh lowland corridor,alphaearth_embeddings,AlphaEarth Embeddings,A51,AlphaEarth A51,AlphaEarth embeddings,0.07069464772939682,0.06129712238907814,0.06765995174646378,0.11911174765239774,0.1245674714446067,0.2719152494361405,406,0.8260069304610269
Punjab-Sindh lowland corridor,alphaearth_embeddings,AlphaEarth Embeddings,A43,AlphaEarth A43,AlphaEarth embeddings,0.07006387412548065,0.00444146990776062,0.01823081076145172,-0.10138033315788245,-0.0935640111565589,0.8580648767605075,406,0.818636876501907
Punjab-Sindh lowland corridor,alphaearth_embeddings,AlphaEarth Embeddings,A27,AlphaEarth A27,AlphaEarth embeddings,0.06874994188547134,0.009518713690340519,-0.03273022919893265,-0.006630416999344785,-0.00962706655263895,0.7611970125438287,406,0.8032846939638707
Punjab-Sindh lowland corridor,alphaearth_embeddings,AlphaEarth Embeddings,A01,AlphaEarth A01,AlphaEarth embeddings,0.06535867601633072,-0.0653512254357338,-0.06701987236738205,0.009755399187234247,-0.000768935016822,-0.06554942800293855,406,0.7636606318754862
Punjab-Sindh lowland corridor,alphaearth_embeddings,AlphaEarth Embeddings,A08,AlphaEarth A08,AlphaEarth embeddings,0.05587928369641304,0.04236292839050293,0.03858468681573868,-0.280545528042199,-0.28029219806194305,-0.8310552468039452,406,0.6529019817612275
Punjab-Sindh lowland corridor,alphaearth_embeddings,AlphaEarth Embeddings,A18,AlphaEarth A18,AlphaEarth embeddings,0.055323030799627304,0.038022857159376144,0.048060670495033264,-0.032280574126336524,-0.046535948291420895,-0.41706415687224857,406,0.6464026389878851
Punjab-Sindh lowland corridor,alphaearth_embeddings,AlphaEarth Embeddings,A32,AlphaEarth A32,AlphaEarth embeddings,0.055242668837308884,0.019563226029276848,0.01235252059996128,0.09625233185025653,0.0935640111565589,0.7250390061224374,406,0.6454636776951639
Punjab-Sindh lowland corridor,alphaearth_embeddings,AlphaEarth Embeddings,A48,AlphaEarth A48,AlphaEarth embeddings,0.05472373962402344,0.007194517645984888,0.017682604491710663,-0.07843713028375927,-0.0753556340932846,0.8429511246617799,406,0.639400430471227
Punjab-Sindh lowland corridor,alphaearth_embeddings,AlphaEarth Embeddings,A05,AlphaEarth A05,AlphaEarth embeddings,0.052752602845430374,-0.05253667011857033,-0.053814634680747986,0.01999806838775748,0.0354325249791145,-0.36681945736075433,406,0.6163693709455218
Punjab-Sindh lowland corridor,alphaearth_embeddings,AlphaEarth Embeddings,A21,AlphaEarth A21,AlphaEarth embeddings,0.047593098133802414,0.03184843435883522,0.030306871980428696,0.04397111381243527,0.06499039009213445,0.7242996457216418,406,0.5560849394300813
Punjab-Sindh lowland corridor,alphaearth_embeddings,AlphaEarth Embeddings,A52,AlphaEarth A52,AlphaEarth embeddings,0.04655999690294266,0.011256057769060135,0.027981899678707123,0.021236546201010058,0.0246059205383062,-0.51551441774656,406,0.5440140287746608
Punjab-Sindh lowland corridor,alphaearth_embeddings,AlphaEarth Embeddings,A11,AlphaEarth A11,AlphaEarth embeddings,0.04337029904127121,-0.04193388298153877,-0.0439666286110878,0.081949988949678,0.0797231867909431,-0.5178183133702894,406,0.5067451176980766
Punjab-Sindh lowland corridor,alphaearth_embeddings,AlphaEarth Embeddings,A58,AlphaEarth A58,AlphaEarth embeddings,0.04307284578680992,-0.024683672934770584,-0.03246244415640831,-0.12199657954309441,-0.13880814611911768,-0.07001891438769349,406,0.5032696289932783
Punjab-Sindh lowland corridor,alphaearth_embeddings,AlphaEarth Embeddings,A61,AlphaEarth A61,AlphaEarth embeddings,0.04155603423714638,0.0027155810967087746,-0.004530676640570164,-0.07220246867371923,-0.07753941044211385,-0.8171372673847924,406,0.4855469739908625
Punjab-Sindh lowland corridor,alphaearth_embeddings,AlphaEarth Embeddings,A41,AlphaEarth A41,AlphaEarth embeddings,0.03764895349740982,-0.02001296915113926,0.0017617978155612946,-0.003688615399593168,-0.0039369473233819,0.6528114663222635,406,0.43989605312841656
Punjab-Sindh lowland corridor,alphaearth_embeddings,AlphaEarth Embeddings,A57,AlphaEarth A57,AlphaEarth embeddings,0.03653362765908241,-0.03445807471871376,-0.035441040992736816,0.006384054611619386,0.0049826991744339,-0.436660256179834,406,0.4268644177533158
Punjab-Sindh lowland corridor,alphaearth_embeddings,AlphaEarth Embeddings,A33,AlphaEarth A33,AlphaEarth embeddings,0.03390542417764664,0.01529637724161148,0.027643486857414246,-0.09947716194918098,-0.0935640111565589,-0.8377177581178156,406,0.39615609173353666
Punjab-Sindh lowland corridor,alphaearth_embeddings,AlphaEarth Embeddings,A04,AlphaEarth A04,AlphaEarth embeddings,0.03196187689900398,-0.022124633193016052,-0.006010628305375576,-0.015582032718470893,-0.00962706655263895,-0.8211250527519334,406,0.373447392087949
Punjab-Sindh lowland corridor,alphaearth_embeddings,AlphaEarth Embeddings,A42,AlphaEarth A42,AlphaEarth embeddings,0.030842648819088936,-0.003770940937101841,-0.002997596515342593,-0.05513802013334728,-0.0591157265007495,0.07301775726709522,406,0.36037016233336905
Punjab-Sindh lowland corridor,alphaearth_embeddings,AlphaEarth Embeddings,A10,AlphaEarth A10,AlphaEarth embeddings,0.03003731183707714,-0.006117098964750767,-0.020235061645507812,0.16531360632535805,0.1727950721979141,0.3040574793840005,406,0.35096048352650094
Punjab-Sindh lowland corridor,alphaearth_embeddings,AlphaEarth Embeddings,A31,AlphaEarth A31,AlphaEarth embeddings,0.028572801500558853,0.00019290647469460964,0.006038447842001915,0.007522987757900938,-0.0157477892935276,-0.350999342163832,406,0.3338489237896683
Punjab-Sindh lowland corridor,alphaearth_embeddings,AlphaEarth Embeddings,A49,AlphaEarth A49,AlphaEarth embeddings,0.028192637488245964,-0.0014478026423603296,0.0016401904867962003,0.03390980733408284,0.0482276044785976,0.6366106806133998,406,0.3294070301107535
Punjab-Sindh lowland corridor,alphaearth_embeddings,AlphaEarth Embeddings,A28,AlphaEarth A28,AlphaEarth embeddings,0.024569304659962654,-0.017284777015447617,-0.019333483651280403,0.08240544096996266,0.0797231867909431,0.09650734369925229,406,0.287071462657541
Punjab-Sindh lowland corridor,alphaearth_embeddings,AlphaEarth Embeddings,A20,AlphaEarth A20,AlphaEarth embeddings,0.0209822915494442,0.0037309853360056877,-0.0013836703728884459,-0.09916822422433295,-0.0984236821532249,0.11633440963624549,406,0.24516026026660315
Punjab-Sindh lowland corridor,alphaearth_embeddings,AlphaEarth Embeddings,A23,AlphaEarth A23,AlphaEarth embeddings,0.020647231489419937,-0.00150735501665622,-0.0004641150590032339,-0.0543993880441157,-0.0482276044785976,0.758877386521885,406,0.24124536797150167
Punjab-Sindh lowland corridor,alphaearth_embeddings,AlphaEarth Embeddings,A07,AlphaEarth A07,AlphaEarth embeddings,0.019417304545640945,-0.015537009574472904,-0.016134731471538544,0.09957094946540682,0.08882737159729,0.372964783108248,406,0.2268747159893185
Punjab-Sindh lowland corridor,alphaearth_embeddings,AlphaEarth Embeddings,A62,AlphaEarth A62,AlphaEarth embeddings,0.01819138415157795,0.0041825296357274055,0.00046710262540727854,-0.010749332738548213,-0.004459823248907899,0.6197395153219334,406,0.21255087713852425
Punjab-Sindh lowland corridor,alphaearth_embeddings,AlphaEarth Embeddings,A59,AlphaEarth A59,AlphaEarth embeddings,0.016383249312639236,-0.004858516156673431,-0.0030963029712438583,-0.08012348414528332,-0.084213763475418,-0.36714748005403136,406,0.1914243568694324
Punjab-Sindh lowland corridor,alphaearth_embeddings,AlphaEarth Embeddings,A29,AlphaEarth A29,AlphaEarth embeddings,0.016342587769031525,0.00230223941616714,0.007482151035219431,0.08700268758458582,0.08882737159729,-0.3946042541378772,406,0.19094926125891637
Punjab-Sindh lowland corridor,alphaearth_embeddings,AlphaEarth Embeddings,A40,AlphaEarth A40,AlphaEarth embeddings,0.016117198392748833,-0.013066206127405167,-0.014171243645250797,0.15885364332349897,0.1537870019674301,0.04384329459653926,406,0.1883157777797367
Punjab-Sindh lowland corridor,alphaearth_embeddings,AlphaEarth Embeddings,A53,AlphaEarth A53,AlphaEarth embeddings,0.0155302993953228,-0.004377619829028845,-0.003046229248866439,-0.10536940113582251,-0.1111264899373054,0.39355203168115227,406,0.18145836134263713
Punjab-Sindh lowland corridor,alphaearth_embeddings,AlphaEarth Embeddings,A12,AlphaEarth A12,AlphaEarth embeddings,0.01308839675039053,-0.0026215892285108566,-0.004844335373491049,-0.2727102696198254,-0.2679584920406341,-0.1846672428893913,406,0.15292680240558862
Punjab-Sindh lowland corridor,alphaearth_embeddings,AlphaEarth Embeddings,A35,AlphaEarth A35,AlphaEarth embeddings,0.011032987385988235,-0.007729453966021538,-0.009351386688649654,0.19815690541471323,0.2141330242156982,-0.2940917755367947,406,0.12891108927226178
Punjab-Sindh lowland corridor,alphaearth_embeddings,AlphaEarth Embeddings,A63,AlphaEarth A63,AlphaEarth embeddings,0.010187833569943905,0.004205630160868168,0.004656630102545023,0.09598142391665271,0.119092658162117,0.4402809796241488,406,0.1190361845690036
"Kashgar (Xinjiang, China)",conventional_alphaearth_embeddings,Conventional + AlphaEarth Embeddings,log1p_dist_road_m,Distance to roads,Proximity controls,1.602512240409851,0.37823379039764404,-0.7834684252738953,8.759318344211794,9.801798734013815,-0.9247643016027685,846,17.77506040149704
"Kashgar (Xinjiang, China)",conventional_alphaearth_embeddings,Conventional + AlphaEarth Embeddings,A16,AlphaEarth A16,AlphaEarth embeddings,0.6996524930000305,-0.233501598238945,-0.5259639024734497,0.048467483557265316,0.0482276044785976,0.9171341799056334,846,7.760543108209184
"Kashgar (Xinjiang, China)",conventional_alphaearth_embeddings,Conventional + AlphaEarth Embeddings,A55,AlphaEarth A55,AlphaEarth embeddings,0.4977758228778839,-0.2565397322177887,0.05302979797124863,0.00725561991004324,0.0138408308848738,0.8901713149694215,846,5.521327759591001
"Kashgar (Xinjiang, China)",conventional_alphaearth_embeddings,Conventional + AlphaEarth Embeddings,valley_depth,Valley depth,Topography/morphometry,0.44739416241645813,0.17324985563755035,0.16083836555480957,380.03588780612813,323.199951171875,0.8686107664017754,846,4.962494550553846
"Kashgar (Xinjiang, China)",conventional_alphaearth_embeddings,Conventional + AlphaEarth Embeddings,elevation_m,Elevation,Topography/morphometry,0.3262103199958801,-0.30493831634521484,-0.32479071617126465,3225.6037014720005,3276.6109619140625,-0.8427174566786088,846,3.618323776444586
"Kashgar (Xinjiang, China)",conventional_alphaearth_embeddings,Conventional + AlphaEarth Embeddings,tri,Terrain ruggedness,Topography/morphometry,0.27078384160995483,-0.04166804254055023,0.1381453573703766,7.9845933204001565,7.231870412826538,0.662345419845631,846,3.0035334638912667
"Kashgar (Xinjiang, China)",conventional_alphaearth_embeddings,Conventional + AlphaEarth Embeddings,log1p_dist_river_m,Distance to rivers/streams,Proximity controls,0.2656135559082031,0.09159473329782486,-0.04885353893041611,8.432828671050837,9.213807140851081,-0.8972077069793098,846,2.9461846722101948
"Kashgar (Xinjiang, China)",conventional_alphaearth_embeddings,Conventional + AlphaEarth Embeddings,profile_curvature,Profile curvature,Topography/morphometry,0.2572597563266754,-0.017951417714357376,0.07084336131811142,5.615053040409201,4.529523134231567,0.6662074527457124,846,2.8535243552408347
"Kashgar (Xinjiang, China)",conventional_alphaearth_embeddings,Conventional + AlphaEarth Embeddings,A44,AlphaEarth A44,AlphaEarth embeddings,0.22344645857810974,-0.12082838267087936,-0.11862042546272278,0.04347591368672719,0.0482276044785976,0.8615568816439331,846,2.4784673699033366
"Kashgar (Xinjiang, China)",conventional_alphaearth_embeddings,Conventional + AlphaEarth Embeddings,log1p_dist_fault_m,Distance to active faults,Geology/soil/seismicity,0.21429887413978577,-0.11182289570569992,-0.07335467636585236,9.505078237571281,9.728739641775494,-0.8833813558853977,846,2.3770023939619254
"Kashgar (Xinjiang, China)",conventional_alphaearth_embeddings,Conventional + AlphaEarth Embeddings,plan_curvature,Plan curvature,Topography/morphometry,0.20264185965061188,-0.030609464272856712,-0.1466854065656662,27.37026607990265,18.776330947875977,-0.7375552982412658,846,2.2477028283041935
"Kashgar (Xinjiang, China)",conventional_alphaearth_embeddings,Conventional + AlphaEarth Embeddings,A25,AlphaEarth A25,AlphaEarth embeddings,0.16324946284294128,-0.03446635976433754,-0.016681542620062828,-0.006014635390846298,-0.0138408308848738,-0.9176458101560906,846,1.810762494895568
"Kashgar (Xinjiang, China)",conventional_alphaearth_embeddings,Conventional + AlphaEarth Embeddings,A37,AlphaEarth A37,AlphaEarth embeddings,0.15531358122825623,-0.05756533890962601,-0.014582865871489048,-0.04987745219146683,-0.061053441837429945,0.6776474034496195,846,1.7227377226142155
"Kashgar (Xinjiang, China)",conventional_alphaearth_embeddings,Conventional + AlphaEarth Embeddings,A46,AlphaEarth A46,AlphaEarth embeddings,0.1547839492559433,-0.06601427495479584,0.03733666613698006,-0.016397984612926596,-0.0074432911351323,0.8706774154577998,846,1.7168630465518235
"Kashgar (Xinjiang, China)",conventional_alphaearth_embeddings,Conventional + AlphaEarth Embeddings,A14,AlphaEarth A14,AlphaEarth embeddings,0.12249786406755447,-0.12190598249435425,-0.12355294823646545,-0.11265992495151105,-0.0935640111565589,0.4808916531447495,846,1.3587458978149654
"Kashgar (Xinjiang, China)",conventional_alphaearth_embeddings,Conventional + AlphaEarth Embeddings,A22,AlphaEarth A22,AlphaEarth embeddings,0.11369049549102783,-0.07972896844148636,-0.10936786234378815,0.0010861797556451754,-0.0030142252799123,-0.6672674451514721,846,1.2610545950727354
"Kashgar (Xinjiang, China)",conventional_alphaearth_embeddings,Conventional + AlphaEarth Embeddings,A60,AlphaEarth A60,AlphaEarth embeddings,0.11220020800828934,-0.028394034132361412,0.03446226567029953,-0.08444760737230064,-0.084213763475418,0.8367736342933255,846,1.2445243313073262
"Kashgar (Xinjiang, China)",conventional_alphaearth_embeddings,Conventional + AlphaEarth Embeddings,A34,AlphaEarth A34,AlphaEarth embeddings,0.10768810659646988,-0.046608228236436844,0.03113599494099617,-0.04962157687581259,-0.0553633235394954,-0.8183143272808617,846,1.194476117564972
"Kashgar (Xinjiang, China)",conventional_alphaearth_embeddings,Conventional + AlphaEarth Embeddings,A13,AlphaEarth A13,AlphaEarth embeddings,0.10662312060594559,-0.0006242361851036549,0.06143086403608322,-0.06680820189484107,-0.071111112833023,-0.7736884471301061,846,1.1826632965262536
"Kashgar (Xinjiang, China)",conventional_alphaearth_embeddings,Conventional + AlphaEarth Embeddings,A26,AlphaEarth A26,AlphaEarth embeddings,0.10495839267969131,0.01638655550777912,0.07441631704568863,-0.0074320932200462484,-0.0120569011196494,-0.5801074604621168,846,1.1641981399458203
"Kashgar (Xinjiang, China)",conventional_alphaearth_embeddings,Conventional + AlphaEarth Embeddings,A51,AlphaEarth A51,AlphaEarth embeddings,0.10057654231786728,0.014011118561029434,0.06188000738620758,0.02805729393615624,0.0246059205383062,0.6589673695660937,846,1.1155946704136166
"Kashgar (Xinjiang, China)",conventional_alphaearth_embeddings,Conventional + AlphaEarth Embeddings,A17,AlphaEarth A17,AlphaEarth embeddings,0.09848039597272873,0.043030496686697006,0.08369593322277069,0.13361305888527816,0.1301653236150741,-0.8349785592443801,846,1.0923442221763626
"Kashgar (Xinjiang, China)",conventional_alphaearth_embeddings,Conventional + AlphaEarth Embeddings,A01,AlphaEarth A01,AlphaEarth embeddings,0.09734594076871872,-0.013902760110795498,-0.053882189095020294,-0.12531786713918494,-0.1301653236150741,-0.6262086630025199,846,1.0797608488544133
"Kashgar (Xinjiang, China)",conventional_alphaearth_embeddings,Conventional + AlphaEarth Embeddings,rain_max_1day,Max 1-day rainfall,Hydro-climate,0.09719489514827728,0.016600482165813446,0.06613512337207794,19.39307871327051,18.28731346130371,-0.20372985136790556,846,1.078085451338547
"Kashgar (Xinjiang, China)",conventional_alphaearth_embeddings,Conventional + AlphaEarth Embeddings,soil_type,Soil type,Geology/soil/seismicity,0.09617872536182404,0.01716991327702999,-0.03915221244096756,15.695035460992909,16.0,-0.6257483029013714,846,1.0668140994718285
"Kashgar (Xinjiang, China)",conventional_alphaearth_embeddings,Conventional + AlphaEarth Embeddings,A09,AlphaEarth A09,AlphaEarth embeddings,0.09603643417358398,-0.07502158731222153,-0.09242348372936249,0.15559507537521788,0.1537870019674301,0.24950863912378463,846,1.0652358060886085
"Kashgar (Xinjiang, China)",conventional_alphaearth_embeddings,Conventional + AlphaEarth Embeddings,A08,AlphaEarth A08,AlphaEarth embeddings,0.09251263737678528,-0.07499290257692337,-0.10947806388139725,-0.12616664077508663,-0.1301653236150741,-0.8626875592387514,846,1.0261498638248046
"Kashgar (Xinjiang, China)",conventional_alphaearth_embeddings,Conventional + AlphaEarth Embeddings,A52,AlphaEarth A52,AlphaEarth embeddings,0.08943434059619904,-0.0016857704613357782,0.045760124921798706,0.06375056709556168,0.0629911571741104,-0.719039188226121,846,0.9920054062482057
"Kashgar (Xinjiang, China)",conventional_alphaearth_embeddings,Conventional + AlphaEarth Embeddings,rain_monsoon_total,Monsoon rainfall,Hydro-climate,0.08898188173770905,0.014503156766295433,0.04821915924549103,87.14883950102555,75.75466537475586,0.7608066260521129,846,0.9869867341057733
"Kashgar (Xinjiang, China)",conventional_alphaearth_embeddings,Conventional + AlphaEarth Embeddings,aspect_deg,Aspect,Topography/morphometry,0.08846429735422134,0.055351562798023224,0.07235223799943924,95.88770685579196,68.0,-0.733138717259351,846,0.9812456898582657
"Kashgar (Xinjiang, China)",conventional_alphaearth_embeddings,Conventional + AlphaEarth Embeddings,A02,AlphaEarth A02,AlphaEarth embeddings,0.0881551131606102,0.0031772234942764044,0.028806263580918312,0.03368626195745019,0.0415840074419975,0.8380922433660042,846,0.9778162198186354
"Kashgar (Xinjiang, China)",conventional_alphaearth_embeddings,Conventional + AlphaEarth Embeddings,A27,AlphaEarth A27,AlphaEarth embeddings,0.0854099839925766,0.022704754024744034,-0.030286435037851334,-0.01885414124367677,-0.0157477892935276,0.7690490764413742,846,0.9473672562842108
"Kashgar (Xinjiang, China)",conventional_alphaearth_embeddings,Conventional + AlphaEarth Embeddings,A30,AlphaEarth A30,AlphaEarth embeddings,0.08252809941768646,0.036306727677583694,0.05805587023496628,0.0555918573324946,0.0482276044785976,-0.6412781041715013,846,0.9154014022351251
"Kashgar (Xinjiang, China)",conventional_alphaearth_embeddings,Conventional + AlphaEarth Embeddings,A38,AlphaEarth A38,AlphaEarth embeddings,0.08020526170730591,-0.01388081070035696,-0.05203575640916824,-0.10519111102052185,-0.1137408688664436,-0.7058512316888659,846,0.8896364941341238
"Kashgar (Xinjiang, China)",conventional_alphaearth_embeddings,Conventional + AlphaEarth Embeddings,A06,AlphaEarth A06,AlphaEarth embeddings,0.07664810866117477,0.01265032310038805,-0.00019125768449157476,0.0050731534956566056,0.0088581312447786,-0.7203216722578634,846,0.8501805644644829
"Kashgar (Xinjiang, China)",conventional_alphaearth_embeddings,Conventional + AlphaEarth Embeddings,A47,AlphaEarth A47,AlphaEarth embeddings,0.06949333101511002,-0.04981047660112381,-0.05568251013755798,0.04048495622010226,0.0297731645405292,0.514292134144384,846,0.770819794786021
"Kashgar (Xinjiang, China)",conventional_alphaearth_embeddings,Conventional + AlphaEarth Embeddings,A39,AlphaEarth A39,AlphaEarth embeddings,0.06768511235713959,-0.04707235470414162,-0.06045309081673622,-0.04336553592234573,-0.0384467504918575,0.6480383480510129,846,0.7507630394901501
"Kashgar (Xinjiang, China)",conventional_alphaearth_embeddings,Conventional + AlphaEarth Embeddings,A15,AlphaEarth A15,AlphaEarth embeddings,0.06685817986726761,0.02075229585170746,0.030631136149168015,-0.08982964354511085,-0.0984236821532249,-0.8137133258433766,846,0.7415907070830818
"Kashgar (Xinjiang, China)",conventional_alphaearth_embeddings,Conventional + AlphaEarth Embeddings,A56,AlphaEarth A56,AlphaEarth embeddings,0.06363637745380402,-0.04076599329710007,-0.015227241441607475,-0.2010659301029045,-0.2141330242156982,0.7510416750748523,846,0.7058544855074153
"Kashgar (Xinjiang, China)",conventional_alphaearth_embeddings,Conventional + AlphaEarth Embeddings,A43,AlphaEarth A43,AlphaEarth embeddings,0.059412937611341476,-0.026051059365272522,0.01153892744332552,-0.15753533613062232,-0.1599999964237213,0.807122061777198,846,0.6590081049252234
"Kashgar (Xinjiang, China)",conventional_alphaearth_embeddings,Conventional + AlphaEarth Embeddings,A36,AlphaEarth A36,AlphaEarth embeddings,0.05939498916268349,-0.009607698768377304,-0.017896734178066254,-0.07369800523687803,-0.0753556340932846,0.8893099910536328,846,0.6588090207928443
"Kashgar (Xinjiang, China)",conventional_alphaearth_embeddings,Conventional + AlphaEarth Embeddings,twi,TWI,Topography/morphometry,0.05590706691145897,-0.0163409486413002,0.018966589123010635,7.797940110202095,6.819318771362305,-0.6647477078620234,846,0.6201209988683535
"Kashgar (Xinjiang, China)",conventional_alphaearth_embeddings,Conventional + AlphaEarth Embeddings,ndvi_median,NDVI median,Vegetation/land cover,0.05525766313076019,0.02029549703001976,0.018657924607396126,0.07710076835777654,0.07185000181198115,-0.3390416518025321,846,0.6129178143086342
"Kashgar (Xinjiang, China)",conventional_alphaearth_embeddings,Conventional + AlphaEarth Embeddings,A24,AlphaEarth A24,AlphaEarth embeddings,0.05420587584376335,0.0011374608147889376,0.01808375120162964,-0.056996081711771306,-0.0384467504918575,0.7263545404294913,846,0.6012513932452206
"Kashgar (Xinjiang, China)",conventional_alphaearth_embeddings,Conventional + AlphaEarth Embeddings,lithology_code,Lithology/geology,Geology/soil/seismicity,0.05075320973992348,0.03428042680025101,0.04036184400320053,9.643026004728132,10.0,-0.7262767369085692,846,0.5629544323893964
"Kashgar (Xinjiang, China)",conventional_alphaearth_embeddings,Conventional + AlphaEarth Embeddings,A45,AlphaEarth A45,AlphaEarth embeddings,0.048953864723443985,0.03279045596718788,0.048698555678129196,0.16110864866524385,0.15689349919557571,0.03788849261906747,846,0.5429961034952123
"Kashgar (Xinjiang, China)",conventional_alphaearth_embeddings,Conventional + AlphaEarth Embeddings,A03,AlphaEarth A03,AlphaEarth embeddings,0.04442768171429634,0.029872871935367584,0.02314601093530655,-0.09138220168807569,-0.0984236821532249,-0.8737118628757711,846,0.49279169672247364
"Kashgar (Xinjiang, China)",conventional_alphaearth_embeddings,Conventional + AlphaEarth Embeddings,A50,AlphaEarth A50,AlphaEarth embeddings,0.04397718235850334,-0.02124188095331192,-0.032240718603134155,-0.007990598264874126,-0.0088581312447786,-0.7569660094640764,846,0.4877947593773909
"Kashgar (Xinjiang, China)",conventional_alphaearth_embeddings,Conventional + AlphaEarth Embeddings,A21,AlphaEarth A21,AlphaEarth embeddings,0.043611008673906326,-0.003618516493588686,-0.025599274784326553,-0.09633516135690419,-0.084213763475418,0.674592674290682,846,0.4837331620946856
"Kashgar (Xinjiang, China)",conventional_alphaearth_embeddings,Conventional + AlphaEarth Embeddings,A19,AlphaEarth A19,AlphaEarth embeddings,0.040056340396404266,-0.030323592945933342,-0.03162480518221855,-0.13035146551442425,-0.1358861923217773,0.20316516181613758,846,0.4443047934703531
"Kashgar (Xinjiang, China)",conventional_alphaearth_embeddings,Conventional + AlphaEarth Embeddings,A61,AlphaEarth A61,AlphaEarth embeddings,0.038708705455064774,-0.015234479680657387,-0.011202855966985226,-0.019761884847490627,-0.01676278375089165,-0.8821927365642512,846,0.42935683121619217
"Kashgar (Xinjiang, China)",conventional_alphaearth_embeddings,Conventional + AlphaEarth Embeddings,A20,AlphaEarth A20,AlphaEarth embeddings,0.03787945583462715,0.005075838882476091,0.008190596476197243,0.012771447464761375,0.0157477892935276,0.3136692553454806,846,0.4201587972046532
"Kashgar (Xinjiang, China)",conventional_alphaearth_embeddings,Conventional + AlphaEarth Embeddings,A48,AlphaEarth A48,AlphaEarth embeddings,0.03665649890899658,0.001053876942023635,0.009239230304956436,-0.07847114627951124,-0.0753556340932846,0.8886321861307361,846,0.4065937630830088
"Kashgar (Xinjiang, China)",conventional_alphaearth_embeddings,Conventional + AlphaEarth Embeddings,A00,AlphaEarth A00,AlphaEarth embeddings,0.03554903715848923,0.007700636517256498,0.01396745815873146,-0.032967135077221967,-0.051733948290348,-0.07607658377230561,846,0.3943098010568708
"Kashgar (Xinjiang, China)",conventional_alphaearth_embeddings,Conventional + AlphaEarth Embeddings,A58,AlphaEarth A58,AlphaEarth embeddings,0.034242503345012665,-0.029227346181869507,-0.0340157225728035,-0.2093880972852512,-0.2069357931613922,-0.6339192651241056,846,0.3798177323752584
"Kashgar (Xinjiang, China)",conventional_alphaearth_embeddings,Conventional + AlphaEarth Embeddings,A54,AlphaEarth A54,AlphaEarth embeddings,0.033826809376478195,0.003260967554524541,0.017545480281114578,0.26641886350656113,0.2844444513320923,0.8689271949571482,846,0.37520685626903383
"Kashgar (Xinjiang, China)",conventional_alphaearth_embeddings,Conventional + AlphaEarth Embeddings,A33,AlphaEarth A33,AlphaEarth embeddings,0.032560281455516815,0.008295482955873013,0.014380291104316711,-0.08245768383926318,-0.0753556340932846,-0.7389763622780968,846,0.36115853281316224
"Kashgar (Xinjiang, China)",conventional_alphaearth_embeddings,Conventional + AlphaEarth Embeddings,A05,AlphaEarth A05,AlphaEarth embeddings,0.03187352791428566,0.029142050072550774,0.01838979870080948,0.15234504259647208,0.1476970463991165,0.6990353484685397,846,0.35354106483475617
"Kashgar (Xinjiang, China)",conventional_alphaearth_embeddings,Conventional + AlphaEarth Embeddings,A29,AlphaEarth A29,AlphaEarth embeddings,0.029329149052500725,0.0011619973229244351,0.016489297151565552,0.09520717176590027,0.0984236821532249,0.38593468130735115,846,0.325318823024639
"Kashgar (Xinjiang, China)",conventional_alphaearth_embeddings,Conventional + AlphaEarth Embeddings,A32,AlphaEarth A32,AlphaEarth embeddings,0.02470952644944191,-0.012236210517585278,-0.006682711653411388,0.07013516349376156,0.071111112833023,-0.13531989110952364,846,0.2740779845893018
"Kashgar (Xinjiang, China)",conventional_alphaearth_embeddings,Conventional + AlphaEarth Embeddings,A07,AlphaEarth A07,AlphaEarth embeddings,0.023997243493795395,-0.006982640363276005,-0.0026003012899309397,0.10167975036913678,0.0984236821532249,0.48556619339152457,846,0.26617734443173546
"Kashgar (Xinjiang, China)",conventional_alphaearth_embeddings,Conventional + AlphaEarth Embeddings,A49,AlphaEarth A49,AlphaEarth embeddings,0.023111924529075623,0.00013594480697065592,-0.003306890372186899,-0.0005535605283151072,0.0067973856348543995,0.6588463961650775,846,0.25635738944127623
"Kashgar (Xinjiang, China)",conventional_alphaearth_embeddings,Conventional + AlphaEarth Embeddings,A04,AlphaEarth A04,AlphaEarth embeddings,0.02302607148885727,-0.006117378827184439,0.0011521570850163698,-0.1052397557026646,-0.1085121110081672,-0.01500355013943803,846,0.25540510780682013
"Kashgar (Xinjiang, China)",conventional_alphaearth_embeddings,Conventional + AlphaEarth Embeddings,A41,AlphaEarth A41,AlphaEarth embeddings,0.022438883781433105,-0.002577733714133501,0.0037075625732541084,0.032061500292894445,0.0384467504918575,0.5503979998777353,846,0.24889202372341138
"Kashgar (Xinjiang, China)",conventional_alphaearth_embeddings,Conventional + AlphaEarth Embeddings,A53,AlphaEarth A53,AlphaEarth embeddings,0.019546493887901306,0.0008097047684714198,-0.0060399966314435005,0.06777149729490395,0.0753556340932846,0.47460415302310355,846,0.2168096447151497
"Kashgar (Xinjiang, China)",conventional_alphaearth_embeddings,Conventional + AlphaEarth Embeddings,A57,AlphaEarth A57,AlphaEarth embeddings,0.019222687929868698,0.00660393200814724,0.0004861987254116684,-0.135446868886831,-0.1301653236150741,-0.8697593827032866,846,0.2132179901135461
"Kashgar (Xinjiang, China)",conventional_alphaearth_embeddings,Conventional + AlphaEarth Embeddings,A28,AlphaEarth A28,AlphaEarth embeddings,0.01904502883553505,-0.008929522708058357,-0.0010036868043243885,-0.006419862030337106,0.00187620142241935,0.797564384148055,846,0.2112473960344343
"Kashgar (Xinjiang, China)",conventional_alphaearth_embeddings,Conventional + AlphaEarth Embeddings,ndvi_amplitude,NDVI amplitude,Vegetation/land cover,0.018514864146709442,0.003839152166619897,0.010382876731455326,0.19234444435914852,0.1371999979019165,-0.8084598692483452,846,0.20536681108226823
"Kashgar (Xinjiang, China)",conventional_alphaearth_embeddings,Conventional + AlphaEarth Embeddings,A18,AlphaEarth A18,AlphaEarth embeddings,0.017568392679095268,0.0009455171530134976,0.005802110303193331,0.03255834495585441,0.0415840074419975,-0.18634241465483312,846,0.19486855273459236
"Kashgar (Xinjiang, China)",conventional_alphaearth_embeddings,Conventional + AlphaEarth Embeddings,A40,AlphaEarth A40,AlphaEarth embeddings,0.01710585691034794,-0.013865368440747261,-0.014771735295653343,0.03558224110467312,0.0448442921042442,0.33079524380113257,846,0.1897381075373476
"Kashgar (Xinjiang, China)",conventional_alphaearth_embeddings,Conventional + AlphaEarth Embeddings,A11,AlphaEarth A11,AlphaEarth embeddings,0.015810465440154076,-0.004261774476617575,-0.007303144782781601,-0.04028572403262249,-0.0415840074419975,-0.108409583607244,846,0.17536962969009506
"Kashgar (Xinjiang, China)",conventional_alphaearth_embeddings,Conventional + AlphaEarth Embeddings,A31,AlphaEarth A31,AlphaEarth embeddings,0.014329051598906517,2.7841992050525732e-05,0.00249500572681427,0.09264507297919848,0.08882737159729,0.5244172500001172,846,0.15893779232637267
"Kashgar (Xinjiang, China)",conventional_alphaearth_embeddings,Conventional + AlphaEarth Embeddings,A42,AlphaEarth A42,AlphaEarth embeddings,0.013792782090604305,-0.0039617451839149,-0.0012092678807675838,-0.029562079801393953,-0.0246059205383062,0.4285756435227025,846,0.15298949273702597
"Kashgar (Xinjiang, China)",conventional_alphaearth_embeddings,Conventional + AlphaEarth Embeddings,A10,AlphaEarth A10,AlphaEarth embeddings,0.013780616223812103,-0.0015747814904898405,-0.004704081453382969,0.08553727735183474,0.08882737159729,-0.5005805223035344,846,0.15285454898332795
"Kashgar (Xinjiang, China)",conventional_alphaearth_embeddings,Conventional + AlphaEarth Embeddings,A35,AlphaEarth A35,AlphaEarth embeddings,0.013738865964114666,0.0013600062811747193,0.0015668071573600173,-0.05295231961693347,-0.0669896230101585,-0.6950454347369175,846,0.1523914552426459
"Kashgar (Xinjiang, China)",conventional_alphaearth_embeddings,Conventional + AlphaEarth Embeddings,A59,AlphaEarth A59,AlphaEarth embeddings,0.01336846873164177,-0.010338613763451576,-0.006455052178353071,-0.008095013605326547,-0.0120569011196494,-0.6741623362226655,846,0.14828301038105207
"Kashgar (Xinjiang, China)",conventional_alphaearth_embeddings,Conventional + AlphaEarth Embeddings,A62,AlphaEarth A62,AlphaEarth embeddings,0.011420033872127533,-0.00961154606193304,-0.008752202615141869,-0.23490808734322963,-0.2288965731859207,0.4164710194181475,846,0.1266709774474439
"Kashgar (Xinjiang, China)",conventional_alphaearth_embeddings,Conventional + AlphaEarth Embeddings,A23,AlphaEarth A23,AlphaEarth embeddings,0.0113530233502388,0.0013029654510319233,0.0007418299792334437,-0.047723416345771624,-0.0482276044785976,0.2780580707426735,846,0.12592769696316913
"Kashgar (Xinjiang, China)",conventional_alphaearth_embeddings,Conventional + AlphaEarth Embeddings,eq_density_ms5,Earthquake density > Ms5,Geology/soil/seismicity,0.010241387411952019,0.0024096702691167593,0.0059428345412015915,1.7245862884160756,1.0,-0.787032292329839,846,0.11359743486016716
"Kashgar (Xinjiang, China)",conventional_alphaearth_embeddings,Conventional + AlphaEarth Embeddings,A12,AlphaEarth A12,AlphaEarth embeddings,0.010064368136227131,0.00390453590080142,0.0011833669850602746,0.09319128937603424,0.0984236821532249,-0.6133029994092064,846,0.11163393764692002
"Kashgar (Xinjiang, China)",conventional_alphaearth_embeddings,Conventional + AlphaEarth Embeddings,slope_deg,Slope,Topography/morphometry,0.009431757964193821,0.004026470240205526,0.006876128725707531,0.8132387706855791,1.0,0.870655994170431,846,0.10461702773825211
"Kashgar (Xinjiang, China)",conventional_alphaearth_embeddings,Conventional + AlphaEarth Embeddings,A63,AlphaEarth A63,AlphaEarth embeddings,0.005624144338071346,-0.0006958940648473799,0.0003000775177497417,0.027722089008805736,0.0246059205383062,-0.02934099992937515,846,0.06238299015450143
"Kashgar (Xinjiang, China)",conventional_alphaearth_embeddings,Conventional + AlphaEarth Embeddings,modis_lc_type1,MODIS land cover,Vegetation/land cover,0.0032634425442665815,0.0009784360881894827,0.00171158357989043,14.956264775413711,16.0,0.7095625389388467,846,0.03619809376702036
Gilgit-Baltistan,conventional_alphaearth_embeddings,Conventional + AlphaEarth Embeddings,log1p_dist_road_m,Distance to roads,Proximity controls,1.4702006578445435,0.3729472756385803,-0.6112076044082642,9.149979310883511,9.92149263216579,-0.886434116370453,721,16.266952968166613
Gilgit-Baltistan,conventional_alphaearth_embeddings,Conventional + AlphaEarth Embeddings,A16,AlphaEarth A16,AlphaEarth embeddings,0.7010961174964905,0.16137127578258514,0.14917144179344177,0.09795912309875825,0.0984236821532249,0.9550130875090506,721,7.75723878820733
Gilgit-Baltistan,conventional_alphaearth_embeddings,Conventional + AlphaEarth Embeddings,valley_depth,Valley depth,Topography/morphometry,0.5378425717353821,0.4328435957431793,0.5637816786766052,599.484967828293,603.429443359375,0.8543076601476087,721,5.950929059931321
Gilgit-Baltistan,conventional_alphaearth_embeddings,Conventional + AlphaEarth Embeddings,A55,AlphaEarth A55,AlphaEarth embeddings,0.5265718698501587,-0.09932529926300049,0.20588688552379608,0.03417433069001827,0.0482276044785976,0.8860462684802506,721,5.826225009156408
Gilgit-Baltistan,conventional_alphaearth_embeddings,Conventional + AlphaEarth Embeddings,elevation_m,Elevation,Topography/morphometry,0.3101366460323334,-0.2691957652568817,-0.31417903304100037,3327.0448438244953,3147.2158203125,-0.8652641691166852,721,3.43148957783037
Gilgit-Baltistan,conventional_alphaearth_embeddings,Conventional + AlphaEarth Embeddings,log1p_dist_river_m,Distance to rivers/streams,Proximity controls,0.30571669340133667,0.12742897868156433,-0.04921744763851166,8.561558996314263,9.33182676991257,-0.9052398015613663,721,3.382585259099239
Gilgit-Baltistan,conventional_alphaearth_embeddings,Conventional + AlphaEarth Embeddings,A44,AlphaEarth A44,AlphaEarth embeddings,0.2985456883907318,0.11206197738647461,-0.026213619858026505,0.09808616210214388,0.0984236821532249,0.9259257399689904,721,3.303242075147045
Gilgit-Baltistan,conventional_alphaearth_embeddings,Conventional + AlphaEarth Embeddings,profile_curvature,Profile curvature,Topography/morphometry,0.2115563005208969,0.0909995436668396,0.12297139316797256,6.784503923943486,5.527760028839111,0.6217494622301178,721,2.340752857326389
Gilgit-Baltistan,conventional_alphaearth_embeddings,Conventional + AlphaEarth Embeddings,tri,Terrain ruggedness,Topography/morphometry,0.20980064570903778,0.1906348019838333,0.22135575115680695,13.190267658101371,12.441864967346191,0.4148538708556706,721,2.321327512833129
Gilgit-Baltistan,conventional_alphaearth_embeddings,Conventional + AlphaEarth Embeddings,plan_curvature,Plan curvature,Topography/morphometry,0.20309092104434967,0.07111690193414688,0.12770609557628632,17.880810890568938,11.698049545288086,-0.7663978922236037,721,2.247088139474496
Gilgit-Baltistan,conventional_alphaearth_embeddings,Conventional + AlphaEarth Embeddings,log1p_dist_fault_m,Distance to active faults,Geology/soil/seismicity,0.16757771372795105,-0.15594735741615295,-0.1706322729587555,10.176432694938752,10.328165513843745,-0.5710883550932345,721,1.8541542429466855
Gilgit-Baltistan,conventional_alphaearth_embeddings,Conventional + AlphaEarth Embeddings,A46,AlphaEarth A46,AlphaEarth embeddings,0.16066604852676392,-0.0587012805044651,0.043923620134592056,-0.017971109871990874,-0.0138408308848738,0.8867659770765183,721,1.7776805098140527
Gilgit-Baltistan,conventional_alphaearth_embeddings,Conventional + AlphaEarth Embeddings,A37,AlphaEarth A37,AlphaEarth embeddings,0.13578104972839355,-0.0032542720437049866,0.013584434986114502,-0.04839790112048889,-0.051733948290348,0.6863304239429739,721,1.502341832126713
Gilgit-Baltistan,conventional_alphaearth_embeddings,Conventional + AlphaEarth Embeddings,A02,AlphaEarth A02,AlphaEarth embeddings,0.13178928196430206,-0.018718546256422997,0.003936260938644409,-0.017372001704038003,0.0049826991744339,0.8754052500116657,721,1.4581751409122503
Gilgit-Baltistan,conventional_alphaearth_embeddings,Conventional + AlphaEarth Embeddings,A25,AlphaEarth A25,AlphaEarth embeddings,0.13112476468086243,0.02390282414853573,0.04051247984170914,-0.03060041465144215,-0.0325413309037685,-0.9092486262640022,721,1.450822626588053
Gilgit-Baltistan,conventional_alphaearth_embeddings,Conventional + AlphaEarth Embeddings,A14,AlphaEarth A14,AlphaEarth embeddings,0.12497297674417496,-0.061953138560056686,-0.11145221441984177,-0.08953483749666069,-0.0629911571741104,0.7704640059135327,721,1.3827565129577248
Gilgit-Baltistan,conventional_alphaearth_embeddings,Conventional + AlphaEarth Embeddings,A22,AlphaEarth A22,AlphaEarth embeddings,0.12162340432405472,-0.07398571074008942,-0.11551666259765625,-0.0018042349576878722,-0.0022145328111946,-0.688676692729686,721,1.345695356216408
Gilgit-Baltistan,conventional_alphaearth_embeddings,Conventional + AlphaEarth Embeddings,A15,AlphaEarth A15,AlphaEarth embeddings,0.12011441588401794,0.0158246997743845,0.06685151159763336,-0.10103127919702601,-0.1245674714446067,-0.8476688912420881,721,1.328999238001107
Gilgit-Baltistan,conventional_alphaearth_embeddings,Conventional + AlphaEarth Embeddings,soil_type,Soil type,Geology/soil/seismicity,0.12007027119398117,0.007213389966636896,-0.057260435074567795,21.377253814147018,16.0,-0.7024663615319525,721,1.3285108015466742
Gilgit-Baltistan,conventional_alphaearth_embeddings,Conventional + AlphaEarth Embeddings,A60,AlphaEarth A60,AlphaEarth embeddings,0.11437154561281204,0.0235822182148695,0.07999923825263977,-0.022866271916246007,-0.0022145328111946,0.8266265676720411,721,1.265457571014677
Gilgit-Baltistan,conventional_alphaearth_embeddings,Conventional + AlphaEarth Embeddings,A01,AlphaEarth A01,AlphaEarth embeddings,0.11298717558383942,0.06512963026762009,-0.020957330241799355,-0.17533467603710462,-0.1793771684169769,-0.7878298921224891,721,1.250140286240194
Gilgit-Baltistan,conventional_alphaearth_embeddings,Conventional + AlphaEarth Embeddings,rain_max_1day,Max 1-day rainfall,Hydro-climate,0.1073169857263565,0.00892755575478077,0.0703267753124237,19.89548869470287,17.714872360229492,-0.18450127478206635,721,1.1874027876272648
Gilgit-Baltistan,conventional_alphaearth_embeddings,Conventional + AlphaEarth Embeddings,A08,AlphaEarth A08,AlphaEarth embeddings,0.10638585686683655,-0.08138737827539444,-0.11785213649272919,-0.11024740842261752,-0.1085121110081672,-0.8598712428954236,721,1.17710036442789
Gilgit-Baltistan,conventional_alphaearth_embeddings,Conventional + AlphaEarth Embeddings,A17,AlphaEarth A17,AlphaEarth embeddings,0.10411293059587479,0.07032345235347748,0.09951785206794739,0.11204541526152267,0.1137408688664436,-0.6888122643836051,721,1.1519516988001297
Gilgit-Baltistan,conventional_alphaearth_embeddings,Conventional + AlphaEarth Embeddings,A51,AlphaEarth A51,AlphaEarth embeddings,0.10113698244094849,0.036422841250896454,0.0755571648478508,0.028760857793530586,0.0297731645405292,0.6912605745371077,721,1.1190244868487613
Gilgit-Baltistan,conventional_alphaearth_embeddings,Conventional + AlphaEarth Embeddings,A09,AlphaEarth A09,AlphaEarth embeddings,0.09962465614080429,-0.062160808593034744,-0.09030310809612274,0.10554992962204272,0.1137408688664436,-0.4317532058344191,721,1.1022914370669485
Gilgit-Baltistan,conventional_alphaearth_embeddings,Conventional + AlphaEarth Embeddings,lithology_code,Lithology/geology,Geology/soil/seismicity,0.09811501204967499,-0.06084844097495079,-0.08198001980781555,17.46879334257975,21.0,-0.9249916651654616,721,1.085588064436797
Gilgit-Baltistan,conventional_alphaearth_embeddings,Conventional + AlphaEarth Embeddings,A34,AlphaEarth A34,AlphaEarth embeddings,0.09572263807058334,-0.018898768350481987,0.04051126539707184,-0.06802863074031358,-0.071111112833023,-0.772772768192367,721,1.0591177763217006
Gilgit-Baltistan,conventional_alphaearth_embeddings,Conventional + AlphaEarth Embeddings,A26,AlphaEarth A26,AlphaEarth embeddings,0.09554895013570786,0.05281917750835419,0.080596923828125,-0.04532199032694224,-0.0482276044785976,0.08622271558540079,721,1.0571960158785378
Gilgit-Baltistan,conventional_alphaearth_embeddings,Conventional + AlphaEarth Embeddings,A13,AlphaEarth A13,AlphaEarth embeddings,0.09121409803628922,0.030047789216041565,0.06608565896749496,-0.0699101650840202,-0.071111112833023,-0.726935724945579,721,1.0092332872204084
Gilgit-Baltistan,conventional_alphaearth_embeddings,Conventional + AlphaEarth Embeddings,A52,AlphaEarth A52,AlphaEarth embeddings,0.08751797676086426,0.0551934689283371,0.07897863537073135,0.029366706016401758,0.0271280277520418,-0.5001968965658288,721,0.9683377600478614
Gilgit-Baltistan,conventional_alphaearth_embeddings,Conventional + AlphaEarth Embeddings,rain_monsoon_total,Monsoon rainfall,Hydro-climate,0.08178982883691788,-0.001696877647191286,0.006265334319323301,86.67827009410699,65.2518310546875,0.6544821427692296,721,0.9049589876494412
Gilgit-Baltistan,conventional_alphaearth_embeddings,Conventional + AlphaEarth Embeddings,A27,AlphaEarth A27,AlphaEarth embeddings,0.08084521442651749,0.04463772848248482,-0.005872036796063185,0.01789850366447798,0.0049826991744339,0.7549519776187152,721,0.8945073543264338
Gilgit-Baltistan,conventional_alphaearth_embeddings,Conventional + AlphaEarth Embeddings,A06,AlphaEarth A06,AlphaEarth embeddings,0.07948780804872513,-0.02954862453043461,-0.05004905164241791,0.05163250479754914,0.0415840074419975,-0.6279491322235866,721,0.8794884073626836
Gilgit-Baltistan,conventional_alphaearth_embeddings,Conventional + AlphaEarth Embeddings,A30,AlphaEarth A30,AlphaEarth embeddings,0.07512326538562775,0.03959038853645325,0.05107888579368591,0.046018105717236996,0.0415840074419975,-0.5926768904434883,721,0.8311971691229652
Gilgit-Baltistan,conventional_alphaearth_embeddings,Conventional + AlphaEarth Embeddings,A47,AlphaEarth A47,AlphaEarth embeddings,0.07112611830234528,-0.016949020326137543,-0.04608934000134468,0.09818769194881317,0.0935640111565589,0.6620951654807421,721,0.7869709587321141
Gilgit-Baltistan,conventional_alphaearth_embeddings,Conventional + AlphaEarth Embeddings,A56,AlphaEarth A56,AlphaEarth embeddings,0.069881871342659,-0.04350786656141281,-0.016973715275526047,-0.22074062052736998,-0.2214532941579818,0.8602804270554283,721,0.7732040578223601
Gilgit-Baltistan,conventional_alphaearth_embeddings,Conventional + AlphaEarth Embeddings,A39,AlphaEarth A39,AlphaEarth embeddings,0.06880047172307968,0.0058904956094920635,-0.01900024339556694,0.03291366126366271,0.0325413309037685,0.8661857987692668,721,0.761238972201136
Gilgit-Baltistan,conventional_alphaearth_embeddings,Conventional + AlphaEarth Embeddings,A50,AlphaEarth A50,AlphaEarth embeddings,0.06457412242889404,0.0037097136955708265,-0.035193443298339844,-0.0284985024871341,-0.0271280277520418,-0.8133741378311912,721,0.7144767667642564
Gilgit-Baltistan,conventional_alphaearth_embeddings,Conventional + AlphaEarth Embeddings,A36,AlphaEarth A36,AlphaEarth embeddings,0.06378614902496338,0.015428300946950912,-0.005054116249084473,-0.0486351724572114,-0.0482276044785976,0.8733285467644736,721,0.7057582790982949
Gilgit-Baltistan,conventional_alphaearth_embeddings,Conventional + AlphaEarth Embeddings,twi,TWI,Topography/morphometry,0.06133326515555382,0.0007134095067158341,0.03693016618490219,6.938733228532683,6.48521614074707,-0.7053845431509123,721,0.6786184826853627
Gilgit-Baltistan,conventional_alphaearth_embeddings,Conventional + AlphaEarth Embeddings,A38,AlphaEarth A38,AlphaEarth embeddings,0.05946853384375572,-0.031251031905412674,-0.04678170010447502,-0.09654726841315513,-0.0935640111565589,-0.6664360156390501,721,0.6579862673578584
Gilgit-Baltistan,conventional_alphaearth_embeddings,Conventional + AlphaEarth Embeddings,A45,AlphaEarth A45,AlphaEarth embeddings,0.049220167100429535,0.034855470061302185,0.04879210889339447,0.20652908041324705,0.2141330242156982,-0.36623599102502596,721,0.5445937865936186
Gilgit-Baltistan,conventional_alphaearth_embeddings,Conventional + AlphaEarth Embeddings,A24,AlphaEarth A24,AlphaEarth embeddings,0.0489475354552269,0.040828123688697815,0.042692866176366806,0.013856699790572413,0.0177777782082557,0.3326810858863464,721,0.5415772690002669
Gilgit-Baltistan,conventional_alphaearth_embeddings,Conventional + AlphaEarth Embeddings,A48,AlphaEarth A48,AlphaEarth embeddings,0.04689458757638931,0.020436137914657593,0.0205929446965456,-0.04143845236351767,-0.0415840074419975,0.9421025823744922,721,0.518862541991432
Gilgit-Baltistan,conventional_alphaearth_embeddings,Conventional + AlphaEarth Embeddings,ndvi_median,NDVI median,Vegetation/land cover,0.04662661254405975,0.02249128930270672,0.02987232618033886,0.07107128995879526,0.0749000012874603,-0.3161494709830184,721,0.5158975472308265
Gilgit-Baltistan,conventional_alphaearth_embeddings,Conventional + AlphaEarth Embeddings,A43,AlphaEarth A43,AlphaEarth embeddings,0.04568120464682579,-0.00622474355623126,0.01779807358980179,-0.13825626665105958,-0.1476970463991165,0.7352950270572466,721,0.505437134417119
Gilgit-Baltistan,conventional_alphaearth_embeddings,Conventional + AlphaEarth Embeddings,aspect_deg,Aspect,Topography/morphometry,0.04149891436100006,-0.038166631013154984,-0.03333916887640953,204.58391123439668,215.0,0.2653285893987834,721,0.4591624174145499
Gilgit-Baltistan,conventional_alphaearth_embeddings,Conventional + AlphaEarth Embeddings,A19,AlphaEarth A19,AlphaEarth embeddings,0.039974793791770935,-0.007493968587368727,-0.022193852812051773,-0.10610962074898501,-0.1301653236150741,0.5556979094498385,721,0.44229887060195755
Gilgit-Baltistan,conventional_alphaearth_embeddings,Conventional + AlphaEarth Embeddings,A29,AlphaEarth A29,AlphaEarth embeddings,0.03934203088283539,-0.013275571167469025,-0.016217011958360672,0.015257718215859431,0.0088581312447786,0.7633635280683434,721,0.43529770077882224
Gilgit-Baltistan,conventional_alphaearth_embeddings,Conventional + AlphaEarth Embeddings,A61,AlphaEarth A61,AlphaEarth embeddings,0.039003048092126846,-0.03186209127306938,-0.03970140963792801,0.06351689131755765,0.0669896230101585,-0.6956125047387507,721,0.43154704464623816
Gilgit-Baltistan,conventional_alphaearth_embeddings,Conventional + AlphaEarth Embeddings,A21,AlphaEarth A21,AlphaEarth embeddings,0.0386258140206337,0.011593555100262165,-0.007188505493104458,-0.05817389153907621,-0.0482276044785976,0.8204517583801115,721,0.4273731593563448
Gilgit-Baltistan,conventional_alphaearth_embeddings,Conventional + AlphaEarth Embeddings,A03,AlphaEarth A03,AlphaEarth embeddings,0.038195282220840454,0.029187103733420372,0.02768789418041706,-0.08923861046278737,-0.0935640111565589,-0.8643089284777591,721,0.42260956433197266
Gilgit-Baltistan,conventional_alphaearth_embeddings,Conventional + AlphaEarth Embeddings,A00,AlphaEarth A00,AlphaEarth embeddings,0.037826716899871826,0.013129735365509987,0.021644776687026024,-0.04956224569291147,-0.0553633235394954,0.2359838235153914,721,0.4185315939475193
Gilgit-Baltistan,conventional_alphaearth_embeddings,Conventional + AlphaEarth Embeddings,A58,AlphaEarth A58,AlphaEarth embeddings,0.03450676053762436,-0.030288364738225937,-0.03348959982395172,-0.1670774448749662,-0.1599999964237213,-0.2760415470291974,721,0.3817981224224674
Gilgit-Baltistan,conventional_alphaearth_embeddings,Conventional + AlphaEarth Embeddings,A33,AlphaEarth A33,AlphaEarth embeddings,0.0330897755920887,0.005767924711108208,-0.00032494525657966733,-0.04522370302987679,-0.051733948290348,-0.7872576934408585,721,0.3661199717274308
Gilgit-Baltistan,conventional_alphaearth_embeddings,Conventional + AlphaEarth Embeddings,A20,AlphaEarth A20,AlphaEarth embeddings,0.033053744584321976,0.007667134050279856,0.012395654805004597,0.027960823907434696,0.0246059205383062,0.004901399629681377,721,0.3657213086567747
Gilgit-Baltistan,conventional_alphaearth_embeddings,Conventional + AlphaEarth Embeddings,A57,AlphaEarth A57,AlphaEarth embeddings,0.02936035953462124,0.023779399693012238,0.031030740588903427,-0.2046113713911183,-0.2069357931613922,-0.8460433756452265,721,0.32485605630074943
Gilgit-Baltistan,conventional_alphaearth_embeddings,Conventional + AlphaEarth Embeddings,A49,AlphaEarth A49,AlphaEarth embeddings,0.027951128780841827,0.019337844103574753,0.02481255866587162,0.08031486869731448,0.084213763475418,0.6968706955289801,721,0.30926370142680165
Gilgit-Baltistan,conventional_alphaearth_embeddings,Conventional + AlphaEarth Embeddings,A32,AlphaEarth A32,AlphaEarth embeddings,0.02653532475233078,-0.010805676691234112,-0.005819274112582207,0.04294151235248308,0.0415840074419975,0.6230422409100148,721,0.29359861692214945
Gilgit-Baltistan,conventional_alphaearth_embeddings,Conventional + AlphaEarth Embeddings,A42,AlphaEarth A42,AlphaEarth embeddings,0.026423264294862747,-0.008797822520136833,0.0005250365938991308,-0.02495726335266716,-0.0074432911351323,0.7241966448639449,721,0.29235873025668146
Gilgit-Baltistan,conventional_alphaearth_embeddings,Conventional + AlphaEarth Embeddings,A54,AlphaEarth A54,AlphaEarth embeddings,0.026358582079410553,0.02481756918132305,0.025052370503544807,0.3059476659673262,0.3014225363731384,0.5030010656475242,721,0.29164305750070524
Gilgit-Baltistan,conventional_alphaearth_embeddings,Conventional + AlphaEarth Embeddings,ndvi_amplitude,NDVI amplitude,Vegetation/land cover,0.025768650695681572,-0.0037786071188747883,0.011008059605956078,0.2588493750351849,0.1979999989271164,-0.8361869327706791,721,0.28511579469316845
Gilgit-Baltistan,conventional_alphaearth_embeddings,Conventional + AlphaEarth Embeddings,A07,AlphaEarth A07,AlphaEarth embeddings,0.025670595467090607,0.004425253719091415,0.00880690198391676,0.1199930250540055,0.1245674714446067,0.41062859161897,721,0.2840308680994676
Gilgit-Baltistan,conventional_alphaearth_embeddings,Conventional + AlphaEarth Embeddings,A05,AlphaEarth A05,AlphaEarth embeddings,0.023075781762599945,0.006891599856317043,0.01042233593761921,0.1037710343333201,0.1034063845872879,0.7606772001035595,721,0.2553206969627009
Gilgit-Baltistan,conventional_alphaearth_embeddings,Conventional + AlphaEarth Embeddings,A04,AlphaEarth A04,AlphaEarth embeddings,0.02200668677687645,-0.0039459834806621075,0.007506800349801779,-0.05884662939199398,-0.0591157265007495,-0.2235201549866498,721,0.24349175527472502
Gilgit-Baltistan,conventional_alphaearth_embeddings,Conventional + AlphaEarth Embeddings,A53,AlphaEarth A53,AlphaEarth embeddings,0.020773129537701607,0.002991301938891411,-0.004712757654488087,0.09841702834821457,0.1034063845872879,0.5627663334098026,721,0.22984313017982294
Gilgit-Baltistan,conventional_alphaearth_embeddings,Conventional + AlphaEarth Embeddings,A40,AlphaEarth A40,AlphaEarth embeddings,0.019457800313830376,-0.013921061530709267,-0.0162391047924757,0.011542855791291265,0.0177777782082557,0.263258416294155,721,0.21528974353276645
Gilgit-Baltistan,conventional_alphaearth_embeddings,Conventional + AlphaEarth Embeddings,A41,AlphaEarth A41,AlphaEarth embeddings,0.017957353964447975,-0.0015526608331128955,0.0006676490884274244,0.07839724495988395,0.084213763475418,-0.08742022794644876,721,0.19868813880185524
Gilgit-Baltistan,conventional_alphaearth_embeddings,Conventional + AlphaEarth Embeddings,A23,AlphaEarth A23,AlphaEarth embeddings,0.01595418155193329,0.0035845786333084106,0.0036816117353737354,-0.07313512724830463,-0.0669896230101585,0.1955745910359365,721,0.17652414965680968
Gilgit-Baltistan,conventional_alphaearth_embeddings,Conventional + AlphaEarth Embeddings,A31,AlphaEarth A31,AlphaEarth embeddings,0.015471385791897774,0.0006530243554152548,0.003947555087506771,0.1105174420797807,0.119092658162117,0.5612876967015473,721,0.17118228296682866
Gilgit-Baltistan,conventional_alphaearth_embeddings,Conventional + AlphaEarth Embeddings,A18,AlphaEarth A18,AlphaEarth embeddings,0.014878020621836185,0.008323323912918568,0.010033177211880684,0.01283654371922675,0.0177777782082557,0.0010233858017482922,721,0.1646170272224249
Gilgit-Baltistan,conventional_alphaearth_embeddings,Conventional + AlphaEarth Embeddings,A28,AlphaEarth A28,AlphaEarth embeddings,0.014858780428767204,-0.004112370777875185,-0.0006631197175011039,0.005948848173937121,0.0015378700336441,0.7663600055113424,721,0.16440414518208465
Gilgit-Baltistan,conventional_alphaearth_embeddings,Conventional + AlphaEarth Embeddings,A35,AlphaEarth A35,AlphaEarth embeddings,0.01244923286139965,0.008272284641861916,0.007145180366933346,-0.08876082554092884,-0.0984236821532249,-0.3954979980592247,721,0.13774384085982064
Gilgit-Baltistan,conventional_alphaearth_embeddings,Conventional + AlphaEarth Embeddings,eq_density_ms5,Earthquake density > Ms5,Geology/soil/seismicity,0.012190806679427624,0.0023430127184838057,0.0067230393178761005,1.7004160887656032,1.0,-0.833495228607704,721,0.13488449882004425
Gilgit-Baltistan,conventional_alphaearth_embeddings,Conventional + AlphaEarth Embeddings,A12,AlphaEarth A12,AlphaEarth embeddings,0.011777511797845364,0.005353732965886593,0.00459347665309906,0.06476254472699551,0.0753556340932846,-0.5609940657012703,721,0.13031162071336508
Gilgit-Baltistan,conventional_alphaearth_embeddings,Conventional + AlphaEarth Embeddings,A11,AlphaEarth A11,AlphaEarth embeddings,0.011443634517490864,0.004245783668011427,0.002258730586618185,0.03920480821547438,0.0448442921042442,0.3869411723197752,721,0.12661745421460385
Gilgit-Baltistan,conventional_alphaearth_embeddings,Conventional + AlphaEarth Embeddings,A10,AlphaEarth A10,AlphaEarth embeddings,0.010662823915481567,0.0015858678380027413,-0.0012630874989554286,0.07879346533792789,0.08882737159729,-0.4323619690961502,721,0.11797821896997228
Gilgit-Baltistan,conventional_alphaearth_embeddings,Conventional + AlphaEarth Embeddings,slope_deg,Slope,Topography/morphometry,0.009180090390145779,0.003668750636279583,0.006782660726457834,0.7434119278779473,1.0,0.8929557760958946,721,0.10157259679026061
Gilgit-Baltistan,conventional_alphaearth_embeddings,Conventional + AlphaEarth Embeddings,A62,AlphaEarth A62,AlphaEarth embeddings,0.0091187609359622,-0.002130479086190462,-0.004649415612220764,-0.1550821432746805,-0.1537870019674301,0.6723747615302902,721,0.10089402047386155
Gilgit-Baltistan,conventional_alphaearth_embeddings,Conventional + AlphaEarth Embeddings,A59,AlphaEarth A59,AlphaEarth embeddings,0.007643972989171743,1.794043964764569e-05,0.00177264423109591,-0.055208895285468476,-0.0553633235394954,-0.4881146993342753,721,0.0845763117036645
Gilgit-Baltistan,conventional_alphaearth_embeddings,Conventional + AlphaEarth Embeddings,A63,AlphaEarth A63,AlphaEarth embeddings,0.006304772105067968,-0.0002684091159608215,2.7318204956827685e-05,0.02231212656091008,0.0157477892935276,-0.03196524377984948,721,0.0697587984068185
Gilgit-Baltistan,conventional_alphaearth_embeddings,Conventional + AlphaEarth Embeddings,modis_lc_type1,MODIS land cover,Vegetation/land cover,0.003650609403848648,-0.00010673084034351632,0.00136534683406353,14.295423023578364,16.0,0.796176549076235,721,0.040391963614419706
KP-AJK,conventional_alphaearth_embeddings,Conventional + AlphaEarth Embeddings,log1p_dist_road_m,Distance to roads,Proximity controls,1.3368955850601196,0.35152241587638855,-0.6052252054214478,8.416533221101036,8.804744502429637,-0.9066999054301733,351,14.724181888016865
KP-AJK,conventional_alphaearth_embeddings,Conventional + AlphaEarth Embeddings,A16,AlphaEarth A16,AlphaEarth embeddings,0.8005126118659973,-0.44722285866737366,-0.7269176244735718,-0.033869769965191344,-0.0415840074419975,0.8730669427091498,351,8.816614724803912
KP-AJK,conventional_alphaearth_embeddings,Conventional + AlphaEarth Embeddings,A55,AlphaEarth A55,AlphaEarth embeddings,0.41225048899650574,-0.11674153059720993,0.13883976638317108,0.031178365208797604,0.0177777782082557,0.7987005961748661,351,4.54040783082957
KP-AJK,conventional_alphaearth_embeddings,Conventional + AlphaEarth Embeddings,valley_depth,Valley depth,Topography/morphometry,0.36087551712989807,0.08576559275388718,0.025540005415678024,383.3595287181713,275.80419921875,0.8990199430102641,351,3.9745787274133413
KP-AJK,conventional_alphaearth_embeddings,Conventional + AlphaEarth Embeddings,A44,AlphaEarth A44,AlphaEarth embeddings,0.35446372628211975,0.13838158547878265,-0.04577973112463951,0.09059798397207391,0.1034063845872879,0.869250279389054,351,3.9039611146950195
KP-AJK,conventional_alphaearth_embeddings,Conventional + AlphaEarth Embeddings,profile_curvature,Profile curvature,Topography/morphometry,0.29166945815086365,0.001799019635654986,0.09606663882732391,5.663962422655179,4.454958915710449,0.6965840595121247,351,3.212363180030633
KP-AJK,conventional_alphaearth_embeddings,Conventional + AlphaEarth Embeddings,log1p_dist_fault_m,Distance to active faults,Geology/soil/seismicity,0.283561110496521,0.11429508775472641,-0.032338421791791916,8.499970340872592,9.02738506780082,-0.8761707211070787,351,3.1230601805982223
KP-AJK,conventional_alphaearth_embeddings,Conventional + AlphaEarth Embeddings,elevation_m,Elevation,Topography/morphometry,0.2736666798591614,-0.006975431926548481,0.16872482001781464,1809.3518579814508,1198.484619140625,-0.9471410534785646,351,3.0140857789987896
KP-AJK,conventional_alphaearth_embeddings,Conventional + AlphaEarth Embeddings,tri,Terrain ruggedness,Topography/morphometry,0.2659396231174469,0.0990380197763443,0.2079526036977768,10.31046382891826,10.28591251373291,0.6288569595731225,351,2.9289822075639913
KP-AJK,conventional_alphaearth_embeddings,Conventional + AlphaEarth Embeddings,log1p_dist_river_m,Distance to rivers/streams,Proximity controls,0.19711147248744965,0.039595723152160645,-0.021890778094530106,8.693436305018391,9.116455715745817,-0.868782164538006,351,2.170928833600363
KP-AJK,conventional_alphaearth_embeddings,Conventional + AlphaEarth Embeddings,A47,AlphaEarth A47,AlphaEarth embeddings,0.19251297414302826,0.10157982259988785,-0.04093838483095169,0.1903395904662576,0.1860822737216949,0.8501555613200729,351,2.1202823008481735
KP-AJK,conventional_alphaearth_embeddings,Conventional + AlphaEarth Embeddings,plan_curvature,Plan curvature,Topography/morphometry,0.18294422328472137,0.019086547195911407,0.07523269206285477,20.56480171639695,14.271723747253418,-0.7503790257782487,351,2.014894842281249
KP-AJK,conventional_alphaearth_embeddings,Conventional + AlphaEarth Embeddings,A25,AlphaEarth A25,AlphaEarth embeddings,0.16874641180038452,-0.05280238017439842,-0.11834833025932312,0.01029365208494793,0.0074432911351323,-0.895781596217531,351,1.8585242468186647
KP-AJK,conventional_alphaearth_embeddings,Conventional + AlphaEarth Embeddings,A15,AlphaEarth A15,AlphaEarth embeddings,0.1562448889017105,0.035865668207407,0.06302771717309952,-0.09601549263426667,-0.119092658162117,-0.8924205926061758,351,1.7208360839626207
KP-AJK,conventional_alphaearth_embeddings,Conventional + AlphaEarth Embeddings,A13,AlphaEarth A13,AlphaEarth embeddings,0.131185844540596,-0.05239420384168625,0.0447503961622715,-0.050582342741989694,-0.0482276044785976,-0.8039930826249161,351,1.4448430062411917
KP-AJK,conventional_alphaearth_embeddings,Conventional + AlphaEarth Embeddings,A46,AlphaEarth A46,AlphaEarth embeddings,0.12384346127510071,-0.008569291792809963,0.06046779826283455,0.030778081044209767,0.0297731645405292,0.7837852842527114,351,1.363976117382536
KP-AJK,conventional_alphaearth_embeddings,Conventional + AlphaEarth Embeddings,soil_type,Soil type,Geology/soil/seismicity,0.11972676217556,0.03881121426820755,-0.04374643787741661,14.866096866096866,16.0,-0.6972092088345915,351,1.3186359823733036
KP-AJK,conventional_alphaearth_embeddings,Conventional + AlphaEarth Embeddings,ndvi_median,NDVI median,Vegetation/land cover,0.1190834566950798,-0.07303536683320999,-0.004683397710323334,0.2766625353226709,0.2858000099658966,-0.5795071346307398,351,1.3115508015932933
KP-AJK,conventional_alphaearth_embeddings,Conventional + AlphaEarth Embeddings,A09,AlphaEarth A09,AlphaEarth embeddings,0.11870913952589035,-0.04015662148594856,-0.0906459167599678,0.05218032513731198,0.051733948290348,-0.7470214479466821,351,1.3074281803919485
KP-AJK,conventional_alphaearth_embeddings,Conventional + AlphaEarth Embeddings,A22,AlphaEarth A22,AlphaEarth embeddings,0.11790680140256882,-0.06489584594964981,-0.10296645015478134,0.005659887444984464,0.0074432911351323,-0.6658831076473172,351,1.2985914600111679
KP-AJK,conventional_alphaearth_embeddings,Conventional + AlphaEarth Embeddings,A26,AlphaEarth A26,AlphaEarth embeddings,0.11635341495275497,0.030787771567702293,0.08844559639692307,-0.08243036038803458,-0.08882737159729,0.4649842975637559,351,1.2814829102597591
KP-AJK,conventional_alphaearth_embeddings,Conventional + AlphaEarth Embeddings,A14,AlphaEarth A14,AlphaEarth embeddings,0.1150793507695198,0.0074212681502103806,-0.01238730177283287,-0.013582678914714902,0.0384467504918575,0.8205300781416804,351,1.267450735286185
KP-AJK,conventional_alphaearth_embeddings,Conventional + AlphaEarth Embeddings,A51,AlphaEarth A51,AlphaEarth embeddings,0.11234445124864578,0.020798755809664726,0.0715300589799881,0.04322685440073579,0.0384467504918575,0.6330386619686278,351,1.2373293417826015
KP-AJK,conventional_alphaearth_embeddings,Conventional + AlphaEarth Embeddings,A34,AlphaEarth A34,AlphaEarth embeddings,0.10972832143306732,-0.04286249727010727,0.03537527099251747,-0.0541808707662377,-0.0553633235394954,-0.7892686496526011,351,1.2085160435133062
KP-AJK,conventional_alphaearth_embeddings,Conventional + AlphaEarth Embeddings,A37,AlphaEarth A37,AlphaEarth embeddings,0.10662677884101868,0.026806915178894997,0.049230534583330154,-0.009856914520824852,-0.0088581312447786,0.31674631442196793,351,1.174356549107689
KP-AJK,conventional_alphaearth_embeddings,Conventional + AlphaEarth Embeddings,rain_max_1day,Max 1-day rainfall,Hydro-climate,0.10501144081354141,-0.08486080914735794,-0.0916420966386795,51.68211371538646,53.496726989746094,-0.3546833897399269,351,1.1565656825710657
KP-AJK,conventional_alphaearth_embeddings,Conventional + AlphaEarth Embeddings,A02,AlphaEarth A02,AlphaEarth embeddings,0.10271190106868744,0.007339369039982557,0.03014114499092102,0.03568068816674145,0.0591157265007495,0.8394033639925603,351,1.1312392159117932
KP-AJK,conventional_alphaearth_embeddings,Conventional + AlphaEarth Embeddings,A08,AlphaEarth A08,AlphaEarth embeddings,0.09789154678583145,-0.05728532001376152,-0.01662524603307247,-0.15093944842981552,-0.1537870019674301,-0.8956546511482805,351,1.078149225924085
KP-AJK,conventional_alphaearth_embeddings,Conventional + AlphaEarth Embeddings,A52,AlphaEarth A52,AlphaEarth embeddings,0.09726304560899734,0.036840785294771194,0.07186387479305267,0.03465509120334452,0.0325413309037685,-0.6316020932054952,351,1.0712270954690566
KP-AJK,conventional_alphaearth_embeddings,Conventional + AlphaEarth Embeddings,lithology_code,Lithology/geology,Geology/soil/seismicity,0.09720614552497864,-0.09560752660036087,-0.09221811592578888,19.94017094017094,21.0,-0.7304806277726499,351,1.0706004143760097
KP-AJK,conventional_alphaearth_embeddings,Conventional + AlphaEarth Embeddings,A06,AlphaEarth A06,AlphaEarth embeddings,0.09394217282533646,0.0027192726265639067,-0.016774917021393776,0.02189366144136103,0.0222068428993225,-0.7872777821906891,351,1.0346519616740049
KP-AJK,conventional_alphaearth_embeddings,Conventional + AlphaEarth Embeddings,A60,AlphaEarth A60,AlphaEarth embeddings,0.09072817116975784,0.05292421951889992,0.07953429967164993,0.04303564998537481,0.084213763475418,0.760244090813373,351,0.9992538756200378
KP-AJK,conventional_alphaearth_embeddings,Conventional + AlphaEarth Embeddings,A17,AlphaEarth A17,AlphaEarth embeddings,0.08402284979820251,0.05037500709295273,0.07536599040031433,0.11007206288379938,0.1137408688664436,-0.6666601225407945,351,0.9254034024823412
KP-AJK,conventional_alphaearth_embeddings,Conventional + AlphaEarth Embeddings,A50,AlphaEarth A50,AlphaEarth embeddings,0.07788557559251785,-0.04160839691758156,-0.06607195734977722,0.02023889556357323,0.0246059205383062,-0.7783428725702323,351,0.8578092367816059
KP-AJK,conventional_alphaearth_embeddings,Conventional + AlphaEarth Embeddings,A39,AlphaEarth A39,AlphaEarth embeddings,0.0760946124792099,0.043310701847076416,0.05808737501502037,0.09929225101444782,0.1085121110081672,0.8776829610949762,351,0.8380840862689057
KP-AJK,conventional_alphaearth_embeddings,Conventional + AlphaEarth Embeddings,A27,AlphaEarth A27,AlphaEarth embeddings,0.07195568084716797,0.0342680849134922,-0.003936201799660921,0.003117801552569424,0.0022145328111946,0.8115905861653165,351,0.7924990885673003
KP-AJK,conventional_alphaearth_embeddings,Conventional + AlphaEarth Embeddings,A38,AlphaEarth A38,AlphaEarth embeddings,0.06714604794979095,-0.04963507503271103,-0.059755053371191025,-0.058405062073624094,-0.0591157265007495,-0.5739260885349788,351,0.7395271808229988
KP-AJK,conventional_alphaearth_embeddings,Conventional + AlphaEarth Embeddings,A01,AlphaEarth A01,AlphaEarth embeddings,0.06611552834510803,0.0029573794454336166,-0.030367519706487656,-0.11074837530164468,-0.1417300999164581,-0.5228959203920006,351,0.7281773355036756
KP-AJK,conventional_alphaearth_embeddings,Conventional + AlphaEarth Embeddings,rain_monsoon_total,Monsoon rainfall,Hydro-climate,0.06415004283189774,0.06338406354188919,0.06252206116914749,412.2831394162952,369.61822509765625,0.18732502440372953,351,0.7065300456792655
KP-AJK,conventional_alphaearth_embeddings,Conventional + AlphaEarth Embeddings,twi,TWI,Topography/morphometry,0.06348182260990143,0.006177627015858889,0.0378408282995224,6.933627605438232,6.263105392456055,-0.6572493865745452,351,0.6991704611313951
KP-AJK,conventional_alphaearth_embeddings,Conventional + AlphaEarth Embeddings,A24,AlphaEarth A24,AlphaEarth embeddings,0.05977460369467735,0.019703030586242676,0.03230069577693939,0.003359654684321543,-0.0015378700336441,0.27692706512574367,351,0.6583402226172922
KP-AJK,conventional_alphaearth_embeddings,Conventional + AlphaEarth Embeddings,A43,AlphaEarth A43,AlphaEarth embeddings,0.0572781078517437,-0.020702773705124855,0.01658276841044426,-0.15510422785426792,-0.1537870019674301,0.7909742658682417,351,0.6308445383732754
KP-AJK,conventional_alphaearth_embeddings,Conventional + AlphaEarth Embeddings,A30,AlphaEarth A30,AlphaEarth embeddings,0.05664914473891258,0.007833116687834263,0.006940008141100407,0.0782156321535184,0.084213763475418,-0.6344703412060678,351,0.6239173202885795
KP-AJK,conventional_alphaearth_embeddings,Conventional + AlphaEarth Embeddings,A56,AlphaEarth A56,AlphaEarth embeddings,0.05552085489034653,-0.0019378986908122897,0.023172108456492424,-0.15634924552749646,-0.1599999964237213,0.7691208170591965,351,0.611490661738471
KP-AJK,conventional_alphaearth_embeddings,Conventional + AlphaEarth Embeddings,A36,AlphaEarth A36,AlphaEarth embeddings,0.05514299124479294,0.014016829431056976,0.011898783966898918,-0.0376798319033323,-0.0384467504918575,0.8776479524837619,351,0.6073289806706486
KP-AJK,conventional_alphaearth_embeddings,Conventional + AlphaEarth Embeddings,A45,AlphaEarth A45,AlphaEarth embeddings,0.05141973868012428,0.02380736544728279,0.04291262850165367,0.1711178808572551,0.1727950721979141,0.2862481215511622,351,0.5663221521719657
KP-AJK,conventional_alphaearth_embeddings,Conventional + AlphaEarth Embeddings,A48,AlphaEarth A48,AlphaEarth embeddings,0.05092115327715874,0.01782756857573986,0.018217995762825012,-0.0489372157682784,-0.0482276044785976,0.9227281342729837,351,0.5608308765315837
KP-AJK,conventional_alphaearth_embeddings,Conventional + AlphaEarth Embeddings,aspect_deg,Aspect,Topography/morphometry,0.048710897564888,-0.04791208729147911,-0.04214583709836006,185.07977207977208,161.0,0.07330916788155485,351,0.5364877584225961
KP-AJK,conventional_alphaearth_embeddings,Conventional + AlphaEarth Embeddings,A54,AlphaEarth A54,AlphaEarth embeddings,0.048337146639823914,-0.00610328558832407,0.022739490494132042,0.23969374151311368,0.2441522479057312,0.8215570806010314,351,0.5323713736705208
KP-AJK,conventional_alphaearth_embeddings,Conventional + AlphaEarth Embeddings,A58,AlphaEarth A58,AlphaEarth embeddings,0.0445348359644413,-0.031557030975818634,-0.04074070230126381,-0.11925091288046526,-0.1085121110081672,0.3600728496792048,351,0.4904938219718486
KP-AJK,conventional_alphaearth_embeddings,Conventional + AlphaEarth Embeddings,A19,AlphaEarth A19,AlphaEarth embeddings,0.041407570242881775,-0.007701297756284475,-0.02450944297015667,-0.07413813044224861,-0.084213763475418,0.6172406284633248,351,0.4560510204464534
KP-AJK,conventional_alphaearth_embeddings,Conventional + AlphaEarth Embeddings,ndvi_amplitude,NDVI amplitude,Vegetation/land cover,0.037244781851768494,-0.020735373720526695,0.0005830614827573299,0.3667048428133342,0.3506999909877777,-0.7814936483260986,351,0.41020327129009676
KP-AJK,conventional_alphaearth_embeddings,Conventional + AlphaEarth Embeddings,A61,AlphaEarth A61,AlphaEarth embeddings,0.035890378057956696,-0.00471170898526907,0.0020941789261996746,-0.03214875687586349,-0.0629911571741104,-0.9019673065283652,351,0.3952862590471337
KP-AJK,conventional_alphaearth_embeddings,Conventional + AlphaEarth Embeddings,A04,AlphaEarth A04,AlphaEarth embeddings,0.03568219020962715,-0.02566610835492611,-0.025592010468244553,0.014693625413937393,0.0177777782082557,-0.7034141704508152,351,0.3929933382087863
KP-AJK,conventional_alphaearth_embeddings,Conventional + AlphaEarth Embeddings,A05,AlphaEarth A05,AlphaEarth embeddings,0.03537539765238762,-0.030735110864043236,-0.03116833232343197,0.0061330784806975635,0.0074432911351323,0.32123852983675966,351,0.3896144135828354
KP-AJK,conventional_alphaearth_embeddings,Conventional + AlphaEarth Embeddings,A03,AlphaEarth A03,AlphaEarth embeddings,0.03521762043237686,0.009961940348148346,0.017754700034856796,-0.06449975948177138,-0.071111112833023,-0.9316404757941802,351,0.3878767008465639
KP-AJK,conventional_alphaearth_embeddings,Conventional + AlphaEarth Embeddings,A21,AlphaEarth A21,AlphaEarth embeddings,0.031365446746349335,0.01372639462351799,0.014433586038649082,-0.010397403560342681,0.0138408308848738,0.8112545405043409,351,0.34544997234872765
KP-AJK,conventional_alphaearth_embeddings,Conventional + AlphaEarth Embeddings,A29,AlphaEarth A29,AlphaEarth embeddings,0.03133726865053177,-0.008266803808510303,0.006619593128561974,0.03362984415890809,0.0354325249791145,0.7161300740750762,351,0.34513962693902445
KP-AJK,conventional_alphaearth_embeddings,Conventional + AlphaEarth Embeddings,A33,AlphaEarth A33,AlphaEarth embeddings,0.03079763799905777,-0.016455432400107384,-0.02501571923494339,0.01948424416143637,0.0177777782082557,-0.6752271404735996,351,0.33919629078514313
KP-AJK,conventional_alphaearth_embeddings,Conventional + AlphaEarth Embeddings,A20,AlphaEarth A20,AlphaEarth embeddings,0.02929461933672428,-0.0046073743142187595,-0.003956741653382778,-0.02072330285858712,-0.0222068428993225,0.1833352720117528,351,0.322642477299188
KP-AJK,conventional_alphaearth_embeddings,Conventional + AlphaEarth Embeddings,A42,AlphaEarth A42,AlphaEarth embeddings,0.02799636498093605,-0.014527395367622375,0.0006277293432503939,-0.0400310641118495,-0.0325413309037685,0.6556317436808582,351,0.30834387875106245
KP-AJK,conventional_alphaearth_embeddings,Conventional + AlphaEarth Embeddings,A57,AlphaEarth A57,AlphaEarth embeddings,0.02641470357775688,0.007706514559686184,0.0014271056279540062,-0.1391687397581828,-0.1301653236150741,-0.8747007430635942,351,0.29092391682889124
KP-AJK,conventional_alphaearth_embeddings,Conventional + AlphaEarth Embeddings,A00,AlphaEarth A00,AlphaEarth embeddings,0.024967998266220093,-0.0025886613875627518,0.005795227829366922,0.04779174327591639,0.0591157265007495,-0.2196766307004305,351,0.27499032232572
KP-AJK,conventional_alphaearth_embeddings,Conventional + AlphaEarth Embeddings,A41,AlphaEarth A41,AlphaEarth embeddings,0.024431683123111725,-0.0007139901863411069,0.0022573377937078476,0.09089364062000875,0.0935640111565589,0.02473974491664023,351,0.26908350222348276
KP-AJK,conventional_alphaearth_embeddings,Conventional + AlphaEarth Embeddings,A07,AlphaEarth A07,AlphaEarth embeddings,0.02435462549328804,0.004739405587315559,0.00830849539488554,0.17555553399884916,0.1793771684169769,0.3544482563863854,351,0.26823481174229424
KP-AJK,conventional_alphaearth_embeddings,Conventional + AlphaEarth Embeddings,A32,AlphaEarth A32,AlphaEarth embeddings,0.020809879526495934,-0.00430469261482358,-0.0014762559439986944,0.07869583379748067,0.071111112833023,0.6220054872910878,351,0.22919400336120144
KP-AJK,conventional_alphaearth_embeddings,Conventional + AlphaEarth Embeddings,A31,AlphaEarth A31,AlphaEarth embeddings,0.02075008675456047,-0.002076450502499938,0.002369473921135068,0.10921173261351183,0.1085121110081672,0.702620333921106,351,0.22853546303882696
KP-AJK,conventional_alphaearth_embeddings,Conventional + AlphaEarth Embeddings,A49,AlphaEarth A49,AlphaEarth embeddings,0.019176730886101723,-0.003070977283641696,-0.0021573335397988558,0.008503589095447298,0.0074432911351323,0.643595191483687,351,0.2112069758774878
KP-AJK,conventional_alphaearth_embeddings,Conventional + AlphaEarth Embeddings,A62,AlphaEarth A62,AlphaEarth embeddings,0.018134912475943565,0.01122796069830656,0.006985384505242109,-0.015035900382684582,-0.0074432911351323,0.8198616215053408,351,0.19973268877767403
KP-AJK,conventional_alphaearth_embeddings,Conventional + AlphaEarth Embeddings,eq_density_ms5,Earthquake density > Ms5,Geology/soil/seismicity,0.01731758750975132,-0.006402032449841499,0.004086287692189217,2.3618233618233617,2.0,-0.914251455668524,351,0.19073090763760792
KP-AJK,conventional_alphaearth_embeddings,Conventional + AlphaEarth Embeddings,A40,AlphaEarth A40,AlphaEarth embeddings,0.01655387319624424,-0.008980595506727695,-0.008117488585412502,-0.001340006037966468,-0.0061514801345765,0.08428870654473566,351,0.18231957874384505
KP-AJK,conventional_alphaearth_embeddings,Conventional + AlphaEarth Embeddings,A53,AlphaEarth A53,AlphaEarth embeddings,0.01585240848362446,0.0034577941987663507,-0.0019005986396223307,0.07025235721030858,0.0797231867909431,0.46679940890482075,351,0.17459384897701763
KP-AJK,conventional_alphaearth_embeddings,Conventional + AlphaEarth Embeddings,A35,AlphaEarth A35,AlphaEarth embeddings,0.015164755284786224,-0.004014290403574705,-0.0021581402979791164,0.010698142613341007,0.0103960018604993,-0.7019293333425554,351,0.16702023523431425
KP-AJK,conventional_alphaearth_embeddings,Conventional + AlphaEarth Embeddings,A18,AlphaEarth A18,AlphaEarth embeddings,0.014963791705667973,0.001619949471205473,0.005190858151763678,-0.03021603576594198,-0.0246059205383062,0.5278356851279918,351,0.16480688041074296
KP-AJK,conventional_alphaearth_embeddings,Conventional + AlphaEarth Embeddings,A23,AlphaEarth A23,AlphaEarth embeddings,0.014932289719581604,0.0018881610594689846,0.0012621110072359443,-0.09427344954133651,-0.08882737159729,-0.04372260853343881,351,0.16445992663353481
KP-AJK,conventional_alphaearth_embeddings,Conventional + AlphaEarth Embeddings,A28,AlphaEarth A28,AlphaEarth embeddings,0.013417568989098072,2.5202449251082726e-05,0.00629127211868763,0.0517234330774405,0.071111112833023,0.8174702309047875,351,0.14777722994844827
KP-AJK,conventional_alphaearth_embeddings,Conventional + AlphaEarth Embeddings,A59,AlphaEarth A59,AlphaEarth embeddings,0.013136972673237324,-0.009322176687419415,-0.006764329969882965,-0.01741149301121297,-0.0138408308848738,-0.6693564048947221,351,0.1446868231597571
KP-AJK,conventional_alphaearth_embeddings,Conventional + AlphaEarth Embeddings,A11,AlphaEarth A11,AlphaEarth embeddings,0.012431629933416843,0.0024541416205465794,0.00395000958815217,0.0500322141246127,0.0482276044785976,0.5245557942841061,351,0.13691838192128752
KP-AJK,conventional_alphaearth_embeddings,Conventional + AlphaEarth Embeddings,A10,AlphaEarth A10,AlphaEarth embeddings,0.010234387591481209,-0.00034623415558598936,-0.0012921656016260386,0.03119080852211533,0.0325413309037685,-0.4769782624694731,351,0.11271858931500292
KP-AJK,conventional_alphaearth_embeddings,Conventional + AlphaEarth Embeddings,A12,AlphaEarth A12,AlphaEarth embeddings,0.00983082503080368,0.001975524704903364,0.002932556439191103,-0.10863216121073585,-0.0984236821532249,0.7086966708669044,351,0.1082738678176673
KP-AJK,conventional_alphaearth_embeddings,Conventional + AlphaEarth Embeddings,A63,AlphaEarth A63,AlphaEarth embeddings,0.0088651767000556,-0.0022722147405147552,-0.0004948118585161865,0.011122612307840514,0.0120569011196494,0.25156617055650005,351,0.09763849597510472
KP-AJK,conventional_alphaearth_embeddings,Conventional + AlphaEarth Embeddings,modis_lc_type1,MODIS land cover,Vegetation/land cover,0.008240088820457458,-0.0026371199637651443,-0.003985286224633455,10.131054131054132,10.0,0.01827941662950924,351,0.09075395859009727
KP-AJK,conventional_alphaearth_embeddings,Conventional + AlphaEarth Embeddings,slope_deg,Slope,Topography/morphometry,0.006121756508946419,0.004339565057307482,0.004491463303565979,0.9031339031339032,1.0,0.7928720522630508,351,0.06742325827025956
Balochistan,conventional_alphaearth_embeddings,Conventional + AlphaEarth Embeddings,log1p_dist_road_m,Distance to roads,Proximity controls,1.2739559412002563,0.03000257909297943,-0.7049670219421387,9.125160134235399,9.832552595867032,-0.8912094021278715,992,14.61984226218882
Balochistan,conventional_alphaearth_embeddings,Conventional + AlphaEarth Embeddings,A16,AlphaEarth A16,AlphaEarth embeddings,0.8582290410995483,0.3592796325683594,0.5460312366485596,0.11824552611101205,0.1358861923217773,0.9467479302167379,992,9.84898519636688
Balochistan,conventional_alphaearth_embeddings,Conventional + AlphaEarth Embeddings,valley_depth,Valley depth,Topography/morphometry,0.3643830418586731,-0.2581431269645691,-0.3157191276550293,175.3120724616512,160.3057861328125,0.8305889391440712,992,4.181638016438236
Balochistan,conventional_alphaearth_embeddings,Conventional + AlphaEarth Embeddings,profile_curvature,Profile curvature,Topography/morphometry,0.35717618465423584,-0.059982020407915115,0.06318260729312897,4.809054621465264,3.6896164417266846,0.7837104573207551,992,4.098932553770726
Balochistan,conventional_alphaearth_embeddings,Conventional + AlphaEarth Embeddings,A55,AlphaEarth A55,AlphaEarth embeddings,0.32510873675346375,0.2335118055343628,0.28221189975738525,0.14381683234997553,0.15689349919557571,0.5281914757297966,992,3.73092843769545
Balochistan,conventional_alphaearth_embeddings,Conventional + AlphaEarth Embeddings,tri,Terrain ruggedness,Topography/morphometry,0.3031170964241028,-0.14819882810115814,-0.005978516768664122,5.082745680405248,4.242640495300293,0.6828089280485636,992,3.4785536872789375
Balochistan,conventional_alphaearth_embeddings,Conventional + AlphaEarth Embeddings,elevation_m,Elevation,Topography/morphometry,0.2717190980911255,0.1535857766866684,0.20130471885204315,1101.4515199974298,1093.0858154296875,-0.8441560265401594,992,3.1182321344439807
Balochistan,conventional_alphaearth_embeddings,Conventional + AlphaEarth Embeddings,log1p_dist_river_m,Distance to rivers/streams,Proximity controls,0.26453861594200134,-0.02293894998729229,-0.0046213045716285706,9.034820161182951,9.417723091193913,-0.8988653900319357,992,3.03582935033533
Balochistan,conventional_alphaearth_embeddings,Conventional + AlphaEarth Embeddings,A26,AlphaEarth A26,AlphaEarth embeddings,0.2120773047208786,-0.05457647517323494,0.07074087113142014,-0.10334058859406202,-0.1085121110081672,0.5579454333934936,992,2.4337864773315707
Balochistan,conventional_alphaearth_embeddings,Conventional + AlphaEarth Embeddings,log1p_dist_fault_m,Distance to active faults,Geology/soil/seismicity,0.20400726795196533,0.06761637330055237,0.0008979387348517776,8.594890753929084,8.92760573355639,-0.8737100796483223,992,2.3411752175572187
Balochistan,conventional_alphaearth_embeddings,Conventional + AlphaEarth Embeddings,A44,AlphaEarth A44,AlphaEarth embeddings,0.18692009150981903,-0.03269843012094498,-0.06598769128322601,0.0665859906238614,0.0753556340932846,0.8787419018316726,992,2.145083801668057
Balochistan,conventional_alphaearth_embeddings,Conventional + AlphaEarth Embeddings,A25,AlphaEarth A25,AlphaEarth embeddings,0.16939981281757355,0.031506069004535675,0.08556664735078812,-0.033758976328294166,-0.0354325249791145,-0.8869607663404421,992,1.9440221302346703
Balochistan,conventional_alphaearth_embeddings,Conventional + AlphaEarth Embeddings,A09,AlphaEarth A09,AlphaEarth embeddings,0.165232315659523,0.07340770959854126,0.13108736276626587,-0.024553521577966027,-0.0448442921042442,-0.8502438595629671,992,1.8961961818573543
Balochistan,conventional_alphaearth_embeddings,Conventional + AlphaEarth Embeddings,plan_curvature,Plan curvature,Topography/morphometry,0.1624976396560669,-0.0363876111805439,-0.1165224015712738,29.39213371000463,19.942768096923828,-0.7383017789744643,992,1.8648132034389218
Balochistan,conventional_alphaearth_embeddings,Conventional + AlphaEarth Embeddings,A52,AlphaEarth A52,AlphaEarth embeddings,0.15560147166252136,-0.022038904950022697,-0.0017492511542513967,0.07913246790685072,0.0753556340932846,-0.715808678283707,992,1.785673191591885
Balochistan,conventional_alphaearth_embeddings,Conventional + AlphaEarth Embeddings,A14,AlphaEarth A14,AlphaEarth embeddings,0.1480477899312973,0.10496995598077774,0.04961071163415909,0.07734345366459876,0.0753556340932846,0.8563810944474199,992,1.698987591377777
Balochistan,conventional_alphaearth_embeddings,Conventional + AlphaEarth Embeddings,A24,AlphaEarth A24,AlphaEarth embeddings,0.13309551775455475,-0.04466867446899414,-0.037252068519592285,-0.09849983274597754,-0.08882737159729,0.8380517554110559,992,1.5273962092775948
Balochistan,conventional_alphaearth_embeddings,Conventional + AlphaEarth Embeddings,A60,AlphaEarth A60,AlphaEarth embeddings,0.122828409075737,-0.02534138783812523,0.0533396452665329,-0.07746480876965268,-0.0797231867909431,0.758518212708567,992,1.4095714835404978
Balochistan,conventional_alphaearth_embeddings,Conventional + AlphaEarth Embeddings,A37,AlphaEarth A37,AlphaEarth embeddings,0.1209472194314003,0.012887685559689999,0.0432572066783905,-0.010279359061622651,-0.0188542874529957,0.3599566795299737,992,1.387983063583404
Balochistan,conventional_alphaearth_embeddings,Conventional + AlphaEarth Embeddings,A22,AlphaEarth A22,AlphaEarth embeddings,0.11589760333299637,0.08839292079210281,0.10851321369409561,-0.14089314269562414,-0.1476970463991165,-0.8106951995773313,992,1.3300339709533082
Balochistan,conventional_alphaearth_embeddings,Conventional + AlphaEarth Embeddings,A17,AlphaEarth A17,AlphaEarth embeddings,0.11357805877923965,-0.029543519020080566,-0.07789833843708038,0.20093134237967822,0.2141330242156982,-0.7620886946891714,992,1.3034150162474705
Balochistan,conventional_alphaearth_embeddings,Conventional + AlphaEarth Embeddings,A02,AlphaEarth A02,AlphaEarth embeddings,0.11014650762081146,-0.01192617230117321,-0.003110562451183796,0.029034986437871387,0.0177777782082557,0.8179064290734427,992,1.2640347401889553
Balochistan,conventional_alphaearth_embeddings,Conventional + AlphaEarth Embeddings,A46,AlphaEarth A46,AlphaEarth embeddings,0.1100221574306488,0.005648412741720676,0.06393371522426605,0.007896900803761151,0.0088581312447786,0.7987174427012548,992,1.262607704836588
Balochistan,conventional_alphaearth_embeddings,Conventional + AlphaEarth Embeddings,A51,AlphaEarth A51,AlphaEarth embeddings,0.10512246936559677,-0.028234271332621574,0.03336941450834274,-0.004806774181434447,-0.0074432911351323,0.7300092826758086,992,1.20637917735902
Balochistan,conventional_alphaearth_embeddings,Conventional + AlphaEarth Embeddings,A13,AlphaEarth A13,AlphaEarth embeddings,0.0966281145811081,0.0024990986566990614,0.055441685020923615,-0.0771329886925125,-0.0753556340932846,-0.7265804289744406,992,1.1088984693909785
Balochistan,conventional_alphaearth_embeddings,Conventional + AlphaEarth Embeddings,A38,AlphaEarth A38,AlphaEarth embeddings,0.09399097412824631,0.044742364436388016,-0.009589049033820629,-0.1313850130365843,-0.1417300999164581,-0.80198167474287,992,1.0786348031234054
Balochistan,conventional_alphaearth_embeddings,Conventional + AlphaEarth Embeddings,A47,AlphaEarth A47,AlphaEarth embeddings,0.09218678623437881,0.018963918089866638,-0.03391652926802635,0.13491213077952946,0.1417300999164581,0.7609158703820079,992,1.0579300506538323
Balochistan,conventional_alphaearth_embeddings,Conventional + AlphaEarth Embeddings,A30,AlphaEarth A30,AlphaEarth embeddings,0.0909774973988533,-0.011582251638174057,-0.05866605043411255,0.11614899962349283,0.1137408688664436,-0.5497950187849635,992,1.0440523242324993
Balochistan,conventional_alphaearth_embeddings,Conventional + AlphaEarth Embeddings,twi,TWI,Topography/morphometry,0.0894821509718895,-0.00719649251550436,0.04743318259716034,7.236951338908365,6.53650426864624,-0.7353742576382964,992,1.026891817983797
Balochistan,conventional_alphaearth_embeddings,Conventional + AlphaEarth Embeddings,A50,AlphaEarth A50,AlphaEarth embeddings,0.08540664613246918,0.0036349508445709944,0.03833472728729248,-0.04411622102370233,-0.0415840074419975,-0.8200273350527785,992,0.9801215679585285
Balochistan,conventional_alphaearth_embeddings,Conventional + AlphaEarth Embeddings,A34,AlphaEarth A34,AlphaEarth embeddings,0.08356776833534241,0.01906599849462509,0.04788679629564285,-0.08846337034881267,-0.0797231867909431,-0.6673444053949958,992,0.9590187162318778
Balochistan,conventional_alphaearth_embeddings,Conventional + AlphaEarth Embeddings,soil_type,Soil type,Geology/soil/seismicity,0.08104067295789719,-0.014790697023272514,-0.05120088532567024,14.778225806451612,16.0,-0.7659095550215472,992,0.9300179206745784
Balochistan,conventional_alphaearth_embeddings,Conventional + AlphaEarth Embeddings,A27,AlphaEarth A27,AlphaEarth embeddings,0.07991498708724976,-0.029444359242916107,-0.06052981689572334,-0.042296449530465054,-0.0448442921042442,0.715706853390296,992,0.9170996168828988
Balochistan,conventional_alphaearth_embeddings,Conventional + AlphaEarth Embeddings,A45,AlphaEarth A45,AlphaEarth embeddings,0.07846017181873322,-0.03566565737128258,-0.02543400041759014,0.014246319608299661,0.0088581312447786,0.8930457308902443,992,0.9004042437867954
Balochistan,conventional_alphaearth_embeddings,Conventional + AlphaEarth Embeddings,A08,AlphaEarth A08,AlphaEarth embeddings,0.07740878313779831,0.06433228403329849,0.07276545464992523,-0.30214694167314576,-0.3188927471637726,-0.9042255046898722,992,0.8883385701049904
Balochistan,conventional_alphaearth_embeddings,Conventional + AlphaEarth Embeddings,rain_max_1day,Max 1-day rainfall,Hydro-climate,0.07327932864427567,-0.003514564596116543,0.034028299152851105,13.527069935875554,12.444518089294434,0.4896708304762494,992,0.8409491970727422
Balochistan,conventional_alphaearth_embeddings,Conventional + AlphaEarth Embeddings,A15,AlphaEarth A15,AlphaEarth embeddings,0.07023461163043976,-0.04855446517467499,-0.01855749450623989,-0.02527904921491366,-0.0297731645405292,-0.663392151489085,992,0.80600820654418
Balochistan,conventional_alphaearth_embeddings,Conventional + AlphaEarth Embeddings,A06,AlphaEarth A06,AlphaEarth embeddings,0.06980647146701813,0.009826848283410072,-0.009476816281676292,0.003780369878445664,0.0120569011196494,-0.818081813308569,992,0.8010948956101813
Balochistan,conventional_alphaearth_embeddings,Conventional + AlphaEarth Embeddings,ndvi_median,NDVI median,Vegetation/land cover,0.06698249280452728,0.003720406210049987,0.03242909163236618,0.10394667338245665,0.10225000232458109,0.50891835339042,992,0.7686870852125113
Balochistan,conventional_alphaearth_embeddings,Conventional + AlphaEarth Embeddings,A58,AlphaEarth A58,AlphaEarth embeddings,0.06508348882198334,0.019726091995835304,-0.011214692145586014,-0.013876300656530439,-0.0103960018604993,0.8031831326559368,992,0.7468942289745601
Balochistan,conventional_alphaearth_embeddings,Conventional + AlphaEarth Embeddings,rain_monsoon_total,Monsoon rainfall,Hydro-climate,0.057885169982910156,-0.039336156100034714,-0.04209555685520172,41.78272363249092,35.45973587036133,0.625079663340823,992,0.6642867520777989
Balochistan,conventional_alphaearth_embeddings,Conventional + AlphaEarth Embeddings,A20,AlphaEarth A20,AlphaEarth embeddings,0.05743107944726944,-0.0039869495667517185,-0.003696093335747719,-0.016950862650872048,-0.0199307966977357,0.3857506100881753,992,0.6590756362227518
Balochistan,conventional_alphaearth_embeddings,Conventional + AlphaEarth Embeddings,A43,AlphaEarth A43,AlphaEarth embeddings,0.05592366307973862,0.019369741901755333,0.03420605510473251,-0.11276221309327088,-0.1085121110081672,0.8024401903555523,992,0.6417766160572828
Balochistan,conventional_alphaearth_embeddings,Conventional + AlphaEarth Embeddings,A19,AlphaEarth A19,AlphaEarth embeddings,0.052202608436346054,0.017547093331813812,-0.01591910794377327,0.02302842579721923,0.0177777782082557,0.8268188207078246,992,0.5990740153031857
Balochistan,conventional_alphaearth_embeddings,Conventional + AlphaEarth Embeddings,A03,AlphaEarth A03,AlphaEarth embeddings,0.051994435489177704,-0.03962595388293266,-0.024447280913591385,0.019969800725096225,0.0138408308848738,-0.9145821584635313,992,0.596685034999841
Balochistan,conventional_alphaearth_embeddings,Conventional + AlphaEarth Embeddings,aspect_deg,Aspect,Topography/morphometry,0.0484950914978981,-0.020384609699249268,-0.016730185598134995,154.5695564516129,148.0,-0.21918798487668428,992,0.5565267724421533
Balochistan,conventional_alphaearth_embeddings,Conventional + AlphaEarth Embeddings,A39,AlphaEarth A39,AlphaEarth embeddings,0.04564680531620979,-0.014620098285377026,-0.0276862233877182,0.0063581005914960294,0.0120569011196494,0.7567591618295857,992,0.5238400104065506
Balochistan,conventional_alphaearth_embeddings,Conventional + AlphaEarth Embeddings,A01,AlphaEarth A01,AlphaEarth embeddings,0.04467882215976715,-0.04462626576423645,-0.037867192178964615,0.13678702984618446,0.1476970463991165,0.1053761463233591,992,0.5127314935403283
Balochistan,conventional_alphaearth_embeddings,Conventional + AlphaEarth Embeddings,A56,AlphaEarth A56,AlphaEarth embeddings,0.04437532648444176,0.03999878838658333,0.035651423037052155,-0.06925853582546432,-0.0797231867909431,0.6907301885662481,992,0.5092485953041983
Balochistan,conventional_alphaearth_embeddings,Conventional + AlphaEarth Embeddings,A07,AlphaEarth A07,AlphaEarth embeddings,0.03873603790998459,-0.006187365856021643,0.015841878950595856,0.12418771937823733,0.1245674714446067,0.7520606193070216,992,0.4445324565719188
Balochistan,conventional_alphaearth_embeddings,Conventional + AlphaEarth Embeddings,A36,AlphaEarth A36,AlphaEarth embeddings,0.032555561512708664,-0.01603550836443901,-0.017740583047270775,-0.10592483010711269,-0.1085121110081672,0.7490550299338551,992,0.3736056787210108
Balochistan,conventional_alphaearth_embeddings,Conventional + AlphaEarth Embeddings,A48,AlphaEarth A48,AlphaEarth embeddings,0.029326803982257843,-0.00312588713131845,0.008260493166744709,-0.09430950887009758,-0.0935640111565589,0.7887543162106234,992,0.33655265022021963
Balochistan,conventional_alphaearth_embeddings,Conventional + AlphaEarth Embeddings,A29,AlphaEarth A29,AlphaEarth embeddings,0.026463400572538376,0.0012348851887509227,0.014156263321638107,0.055889608130641005,0.051733948290348,0.6266390859581209,992,0.30369240377898754
Balochistan,conventional_alphaearth_embeddings,Conventional + AlphaEarth Embeddings,A54,AlphaEarth A54,AlphaEarth embeddings,0.02564004622399807,-0.007736431900411844,0.005467381328344345,0.21187452754877026,0.2141330242156982,0.8099064165011514,992,0.2942436384706633
Balochistan,conventional_alphaearth_embeddings,Conventional + AlphaEarth Embeddings,A18,AlphaEarth A18,AlphaEarth embeddings,0.02535317838191986,-0.01230666320770979,-0.001917871180921793,0.11439781281889383,0.1137408688664436,-0.718654127959366,992,0.2909515602553629
Balochistan,conventional_alphaearth_embeddings,Conventional + AlphaEarth Embeddings,A61,AlphaEarth A61,AlphaEarth embeddings,0.024163542315363884,0.006801401264965534,0.005984068848192692,-0.07634352793178137,-0.0797231867909431,-0.8850551478259125,992,0.27729936783646886
Balochistan,conventional_alphaearth_embeddings,Conventional + AlphaEarth Embeddings,A49,AlphaEarth A49,AlphaEarth embeddings,0.022825680673122406,-0.00479119922965765,-0.011872055940330029,-0.009361163653906143,-0.0015378700336441,0.516844426643203,992,0.26194614756750456
Balochistan,conventional_alphaearth_embeddings,Conventional + AlphaEarth Embeddings,A04,AlphaEarth A04,AlphaEarth embeddings,0.021407969295978546,0.00424248306080699,0.013228945434093475,-0.04158822331737608,-0.0448442921042442,-0.7024903931065362,992,0.24567657651183203
Balochistan,conventional_alphaearth_embeddings,Conventional + AlphaEarth Embeddings,A05,AlphaEarth A05,AlphaEarth embeddings,0.021397463977336884,-0.02086806297302246,-0.01806596666574478,-0.07096383543411054,-0.0753556340932846,-0.39349667455417153,992,0.24555601810279443
Balochistan,conventional_alphaearth_embeddings,Conventional + AlphaEarth Embeddings,lithology_code,Lithology/geology,Geology/soil/seismicity,0.020081596449017525,0.017351454123854637,0.014213765040040016,10.013104838709678,14.0,-0.8314052273218032,992,0.2304552009710493
Balochistan,conventional_alphaearth_embeddings,Conventional + AlphaEarth Embeddings,A40,AlphaEarth A40,AlphaEarth embeddings,0.019500423222780228,0.01667609065771103,0.01683630235493183,0.23269096339513892,0.2364629060029983,0.46734305834993706,992,0.2237856917519223
Balochistan,conventional_alphaearth_embeddings,Conventional + AlphaEarth Embeddings,A32,AlphaEarth A32,AlphaEarth embeddings,0.019391465932130814,-0.0016095626633614302,-0.0018538564909249544,0.04105077472465175,0.0384467504918575,-0.540574152110724,992,0.22253530439464128
Balochistan,conventional_alphaearth_embeddings,Conventional + AlphaEarth Embeddings,A57,AlphaEarth A57,AlphaEarth embeddings,0.01920926570892334,-0.01137840561568737,-0.006779996678233147,-0.0531798562421441,-0.051733948290348,-0.7891521564431188,992,0.22044438551959822
Balochistan,conventional_alphaearth_embeddings,Conventional + AlphaEarth Embeddings,A21,AlphaEarth A21,AlphaEarth embeddings,0.018862789496779442,-0.011913882568478584,-0.01378339808434248,-0.15606962607260708,-0.1599999964237213,0.33031827706260686,992,0.21646824521103147
Balochistan,conventional_alphaearth_embeddings,Conventional + AlphaEarth Embeddings,A00,AlphaEarth A00,AlphaEarth embeddings,0.017334138974547386,-0.004484346602112055,0.0007085620891302824,0.10499776775489611,0.1034063845872879,-0.7678277595116143,992,0.19892554315495448
Balochistan,conventional_alphaearth_embeddings,Conventional + AlphaEarth Embeddings,A41,AlphaEarth A41,AlphaEarth embeddings,0.01650308445096016,-0.009764004498720169,-0.006774490233510733,-0.040130285154587414,-0.0482276044785976,0.340297385790253,992,0.1893884110978782
Balochistan,conventional_alphaearth_embeddings,Conventional + AlphaEarth Embeddings,A10,AlphaEarth A10,AlphaEarth embeddings,0.016447672620415688,-0.0073368484154343605,-0.011218235827982426,0.12483269456823755,0.1301653236150741,-0.4881532785639216,992,0.1887525082414136
Balochistan,conventional_alphaearth_embeddings,Conventional + AlphaEarth Embeddings,A33,AlphaEarth A33,AlphaEarth embeddings,0.016160598024725914,0.005226305220276117,0.004928141832351685,-0.06867922994575974,-0.0753556340932846,-0.7175065551255009,992,0.1854580573340204
Balochistan,conventional_alphaearth_embeddings,Conventional + AlphaEarth Embeddings,A31,AlphaEarth A31,AlphaEarth embeddings,0.015732795000076294,0.0006861425354145467,0.0027133941184729338,0.09995597211712762,0.0984236821532249,0.46777856008318625,992,0.1805486153844251
Balochistan,conventional_alphaearth_embeddings,Conventional + AlphaEarth Embeddings,A35,AlphaEarth A35,AlphaEarth embeddings,0.01566145569086075,-0.005972324870526791,-0.004378106910735369,0.026747652993582303,0.0297731645405292,-0.6995736136008643,992,0.17972992973440005
Balochistan,conventional_alphaearth_embeddings,Conventional + AlphaEarth Embeddings,A11,AlphaEarth A11,AlphaEarth embeddings,0.015347224660217762,0.0010845486540347338,0.003878190880641341,0.07427658094357248,0.0753556340932846,-0.11362964361792303,992,0.17612383320208416
Balochistan,conventional_alphaearth_embeddings,Conventional + AlphaEarth Embeddings,A23,AlphaEarth A23,AlphaEarth embeddings,0.014758694916963577,0.001404473907314241,0.00019122290541417897,-0.06417655763356551,-0.06499039009213445,-0.00022378016559233583,992,0.16936990103322422
Balochistan,conventional_alphaearth_embeddings,Conventional + AlphaEarth Embeddings,A62,AlphaEarth A62,AlphaEarth embeddings,0.013880510814487934,0.0013006257358938456,-0.005834685638546944,-0.0659664399627951,-0.0753556340932846,0.7954319421303668,992,0.15929191274482266
Balochistan,conventional_alphaearth_embeddings,Conventional + AlphaEarth Embeddings,eq_density_ms5,Earthquake density > Ms5,Geology/soil/seismicity,0.013851149939000607,-0.0017828451236709952,0.002307324670255184,2.2701612903225805,2.0,-0.849129574854895,992,0.15895496909204604
Balochistan,conventional_alphaearth_embeddings,Conventional + AlphaEarth Embeddings,A59,AlphaEarth A59,AlphaEarth embeddings,0.013118323870003223,0.0008729001274332404,-0.0009537243749946356,-0.1421849537271614,-0.1537870019674301,-0.672950204728388,992,0.1505451009106805
Balochistan,conventional_alphaearth_embeddings,Conventional + AlphaEarth Embeddings,A42,AlphaEarth A42,AlphaEarth embeddings,0.01236764620989561,-0.0011550156632438302,-0.00023269967641681433,0.0031682603269678864,-0.0002460592077113,0.19938283016784916,992,0.1419303689363687
Balochistan,conventional_alphaearth_embeddings,Conventional + AlphaEarth Embeddings,ndvi_amplitude,NDVI amplitude,Vegetation/land cover,0.010785684920847416,0.009395093657076359,0.00899007823318243,0.05410151213553971,0.0406000018119812,-0.33311581591011863,992,0.12377587570563464
Balochistan,conventional_alphaearth_embeddings,Conventional + AlphaEarth Embeddings,slope_deg,Slope,Topography/morphometry,0.01022114884108305,-0.005274774041026831,-0.005805715918540955,0.3215725806451613,0.0,0.8181732587966573,992,0.11729729338535949
Balochistan,conventional_alphaearth_embeddings,Conventional + AlphaEarth Embeddings,A12,AlphaEarth A12,AlphaEarth embeddings,0.010212421417236328,-0.005363678093999624,-0.004158970434218645,-0.16714588714392214,-0.1599999964237213,0.6970914323369215,992,0.11719713799075916
Balochistan,conventional_alphaearth_embeddings,Conventional + AlphaEarth Embeddings,A53,AlphaEarth A53,AlphaEarth embeddings,0.008826380595564842,-0.003969354089349508,-0.0035469746217131615,-0.053090250843466,-0.0553633235394954,-0.5508101697328217,992,0.10129101633736802
Balochistan,conventional_alphaearth_embeddings,Conventional + AlphaEarth Embeddings,A28,AlphaEarth A28,AlphaEarth embeddings,0.008696536533534527,0.006994141265749931,0.007443910464644432,0.11988230308733978,0.1245674714446067,0.5662750633868334,992,0.0998009336397069
Balochistan,conventional_alphaearth_embeddings,Conventional + AlphaEarth Embeddings,modis_lc_type1,MODIS land cover,Vegetation/land cover,0.00631742225959897,0.0012545624049380422,0.0021701876539736986,13.694556451612904,16.0,0.5575849998030692,992,0.07249836038439508
Balochistan,conventional_alphaearth_embeddings,Conventional + AlphaEarth Embeddings,A63,AlphaEarth A63,AlphaEarth embeddings,0.0060114869847893715,-0.0008056730148382485,0.0008682637708261609,0.0007958477161581313,-0.0009842368308454,0.39439949786898204,992,0.0689874654503507
Punjab-Sindh lowland corridor,conventional_alphaearth_embeddings,Conventional + AlphaEarth Embeddings,A16,AlphaEarth A16,AlphaEarth embeddings,1.1295655965805054,-0.8090770244598389,-1.2376594543457031,-0.0999794326271871,-0.1301653236150741,0.8535213759848154,406,11.553720790356905
Punjab-Sindh lowland corridor,conventional_alphaearth_embeddings,Conventional + AlphaEarth Embeddings,log1p_dist_road_m,Distance to roads,Proximity controls,0.8933666944503784,-0.1576349288225174,-0.620475172996521,9.333623224452209,9.69308487228544,-0.835606352238578,406,9.13776887533607
Punjab-Sindh lowland corridor,conventional_alphaearth_embeddings,Conventional + AlphaEarth Embeddings,A55,AlphaEarth A55,AlphaEarth embeddings,0.6651103496551514,-0.5115582942962646,-0.7493224143981934,-0.01892352919682074,-0.0384467504918575,0.8708680036626482,406,6.803057120325982
Punjab-Sindh lowland corridor,conventional_alphaearth_embeddings,Conventional + AlphaEarth Embeddings,profile_curvature,Profile curvature,Topography/morphometry,0.5764032006263733,-0.4771862328052521,-0.6456509232521057,2.200539354455148,0.9837508797645569,0.7973629340571353,406,5.895719259568079
Punjab-Sindh lowland corridor,conventional_alphaearth_embeddings,Conventional + AlphaEarth Embeddings,tri,Terrain ruggedness,Topography/morphometry,0.5650293231010437,-0.5002523064613342,-0.7941226959228516,3.006938397003512,1.0,0.8741879320546703,406,5.779381965276195
Punjab-Sindh lowland corridor,conventional_alphaearth_embeddings,Conventional + AlphaEarth Embeddings,elevation_m,Elevation,Topography/morphometry,0.29598838090896606,0.2899671792984009,0.2684669494628906,267.3042154453071,163.67120361328125,-0.26115491345178526,406,3.0275064330611188
Punjab-Sindh lowland corridor,conventional_alphaearth_embeddings,Conventional + AlphaEarth Embeddings,log1p_dist_fault_m,Distance to active faults,Geology/soil/seismicity,0.29175981879234314,-0.18580225110054016,-0.35327643156051636,9.865365348107323,10.152420877559157,-0.9076536151123986,406,2.9842547386150056
Punjab-Sindh lowland corridor,conventional_alphaearth_embeddings,Conventional + AlphaEarth Embeddings,A44,AlphaEarth A44,AlphaEarth embeddings,0.277713418006897,-0.1766606569290161,-0.1666196584701538,0.012589322487015626,0.023406381718814352,0.8207387007350153,406,2.8405816369591257
Punjab-Sindh lowland corridor,conventional_alphaearth_embeddings,Conventional + AlphaEarth Embeddings,valley_depth,Valley depth,Topography/morphometry,0.2758333086967468,-0.2496444284915924,-0.2948990762233734,142.6737304837833,120.8199462890625,0.8462650015061205,406,2.821351006980146
Punjab-Sindh lowland corridor,conventional_alphaearth_embeddings,Conventional + AlphaEarth Embeddings,A13,AlphaEarth A13,AlphaEarth embeddings,0.27146393060684204,-0.2086811661720276,-0.3716350197792053,-0.020970789822313953,-0.01676278375089165,-0.9037677112315364,406,2.776658981451848
Punjab-Sindh lowland corridor,conventional_alphaearth_embeddings,Conventional + AlphaEarth Embeddings,A25,AlphaEarth A25,AlphaEarth embeddings,0.24895422160625458,-0.21213510632514954,-0.26047515869140625,0.08307301275886728,0.08882737159729,-0.7278570884193526,406,2.546419238268916
Punjab-Sindh lowland corridor,conventional_alphaearth_embeddings,Conventional + AlphaEarth Embeddings,plan_curvature,Plan curvature,Topography/morphometry,0.24042725563049316,-0.161356583237648,-0.25467708706855774,42.85385466913871,43.2021598815918,-0.7123098837198677,406,2.459201475643123
Punjab-Sindh lowland corridor,conventional_alphaearth_embeddings,Conventional + AlphaEarth Embeddings,A34,AlphaEarth A34,AlphaEarth embeddings,0.22289513051509857,-0.1545838564634323,0.009915860369801521,-0.0329887522502445,-0.0297731645405292,-0.8956726074287029,406,2.2798747689356245
Punjab-Sindh lowland corridor,conventional_alphaearth_embeddings,Conventional + AlphaEarth Embeddings,A09,AlphaEarth A09,AlphaEarth embeddings,0.19943676888942719,-0.10033757984638214,-0.19504337012767792,0.06764628234439245,0.084213763475418,-0.783310231863551,406,2.0399317667383956
Punjab-Sindh lowland corridor,conventional_alphaearth_embeddings,Conventional + AlphaEarth Embeddings,A15,AlphaEarth A15,AlphaEarth embeddings,0.18417522311210632,-0.16479969024658203,-0.08176793158054352,0.027000149622791222,0.031157247722148847,-0.8481685863744187,406,1.8838295985471847
Punjab-Sindh lowland corridor,conventional_alphaearth_embeddings,Conventional + AlphaEarth Embeddings,log1p_dist_river_m,Distance to rivers/streams,Proximity controls,0.1361771821975708,-0.0766625702381134,-0.039412014186382294,9.225786099409273,9.49036080323033,-0.8228001351096453,406,1.392883375601427
Punjab-Sindh lowland corridor,conventional_alphaearth_embeddings,Conventional + AlphaEarth Embeddings,A26,AlphaEarth A26,AlphaEarth embeddings,0.13512849807739258,-0.02490222081542015,-0.10423147678375244,0.021727149506968895,0.0354325249791145,-0.5067542605924307,406,1.3821569480628235
Punjab-Sindh lowland corridor,conventional_alphaearth_embeddings,Conventional + AlphaEarth Embeddings,A47,AlphaEarth A47,AlphaEarth embeddings,0.13300977647304535,-0.06983095407485962,-0.11755138635635376,0.12720897429240777,0.1358861923217773,0.6300879554080161,406,1.360485680875482
Punjab-Sindh lowland corridor,conventional_alphaearth_embeddings,Conventional + AlphaEarth Embeddings,twi,TWI,Topography/morphometry,0.12176546454429626,-0.08125337213277817,-0.13345840573310852,9.001749472665082,8.575733184814453,-0.7365111433801973,406,1.2454736435951952
Punjab-Sindh lowland corridor,conventional_alphaearth_embeddings,Conventional + AlphaEarth Embeddings,soil_type,Soil type,Geology/soil/seismicity,0.10394275933504105,0.05955425649881363,0.07925818860530853,14.81527093596059,9.0,-0.779783548133831,406,1.0631747489228147
Punjab-Sindh lowland corridor,conventional_alphaearth_embeddings,Conventional + AlphaEarth Embeddings,A22,AlphaEarth A22,AlphaEarth embeddings,0.1022275909781456,-0.01576836407184601,-0.03465653210878372,-0.05931178392143346,-0.051733948290348,-0.8718636505836633,406,1.0456312115098347
Punjab-Sindh lowland corridor,conventional_alphaearth_embeddings,Conventional + AlphaEarth Embeddings,A02,AlphaEarth A02,AlphaEarth embeddings,0.09580107033252716,0.07869302481412888,0.08954587578773499,0.12117976592675885,0.1301653236150741,0.4442814858819394,406,0.9798977778626743
Punjab-Sindh lowland corridor,conventional_alphaearth_embeddings,Conventional + AlphaEarth Embeddings,ndvi_median,NDVI median,Vegetation/land cover,0.09180600941181183,-0.05331964045763016,-0.01260346919298172,0.27044261051479523,0.25250001251697535,-0.7443689493583879,406,0.9390344419411988
Punjab-Sindh lowland corridor,conventional_alphaearth_embeddings,Conventional + AlphaEarth Embeddings,A17,AlphaEarth A17,AlphaEarth embeddings,0.08996717631816864,0.06966458261013031,0.08226996660232544,0.052474247569245784,0.0325413309037685,-0.4186083969645271,406,0.9202260042476845
Punjab-Sindh lowland corridor,conventional_alphaearth_embeddings,Conventional + AlphaEarth Embeddings,A54,AlphaEarth A54,AlphaEarth embeddings,0.08790893852710724,-0.08516550064086914,-0.09856412559747696,0.14702522473781382,0.1537870019674301,0.7786007925124113,406,0.8991733935537385
Punjab-Sindh lowland corridor,conventional_alphaearth_embeddings,Conventional + AlphaEarth Embeddings,A52,AlphaEarth A52,AlphaEarth embeddings,0.08494739979505539,0.028738975524902344,0.04809769615530968,0.021236546201010058,0.0246059205383062,-0.46754349544400753,406,0.8688814019035519
Punjab-Sindh lowland corridor,conventional_alphaearth_embeddings,Conventional + AlphaEarth Embeddings,A37,AlphaEarth A37,AlphaEarth embeddings,0.08396708965301514,0.011989922262728214,0.01457931473851204,-0.007471775911631417,-0.0157477892935276,0.2590436239734428,406,0.8588543351237423
Punjab-Sindh lowland corridor,conventional_alphaearth_embeddings,Conventional + AlphaEarth Embeddings,A14,AlphaEarth A14,AlphaEarth embeddings,0.08349615335464478,0.05587737634778023,0.04477532207965851,0.0735329155624658,0.0753556340932846,0.8618431337516654,406,0.8540373802537579
Punjab-Sindh lowland corridor,conventional_alphaearth_embeddings,Conventional + AlphaEarth Embeddings,A27,AlphaEarth A27,AlphaEarth embeddings,0.0834815502166748,0.021702036261558533,-0.028275761753320694,-0.006630416999344785,-0.00962706655263895,0.8397917183852013,406,0.8538880125859757
Punjab-Sindh lowland corridor,conventional_alphaearth_embeddings,Conventional + AlphaEarth Embeddings,A50,AlphaEarth A50,AlphaEarth embeddings,0.08146832883358002,-0.003679731860756874,-0.055335402488708496,-0.03130361019419229,-0.0354325249791145,-0.8446488400188743,406,0.833295850590366
Punjab-Sindh lowland corridor,conventional_alphaearth_embeddings,Conventional + AlphaEarth Embeddings,A60,AlphaEarth A60,AlphaEarth embeddings,0.08102262020111084,0.038669273257255554,0.06394088268280029,0.03728493986441408,0.0629911571741104,0.6278937129603837,406,0.8287369359872744
Punjab-Sindh lowland corridor,conventional_alphaearth_embeddings,Conventional + AlphaEarth Embeddings,A24,AlphaEarth A24,AlphaEarth embeddings,0.07639835774898529,0.04427757486701012,0.05246586352586746,-0.029303167125206135,-0.025866974145174,0.8340821054769899,406,0.7814378349922293
Punjab-Sindh lowland corridor,conventional_alphaearth_embeddings,Conventional + AlphaEarth Embeddings,A19,AlphaEarth A19,AlphaEarth embeddings,0.0746196061372757,-0.03527582436800003,-0.06310885399580002,-0.09050903199389666,-0.0984236821532249,0.6984442382468855,406,0.763243938560447
Punjab-Sindh lowland corridor,conventional_alphaearth_embeddings,Conventional + AlphaEarth Embeddings,A38,AlphaEarth A38,AlphaEarth embeddings,0.0743691623210907,-0.06811340898275375,-0.07422977685928345,-0.025298947274852344,-0.0415840074419975,-0.2842219841741542,406,0.7606822830579845
Punjab-Sindh lowland corridor,conventional_alphaearth_embeddings,Conventional + AlphaEarth Embeddings,rain_max_1day,Max 1-day rainfall,Hydro-climate,0.07413455098867416,-0.019191747531294823,0.025128599256277084,24.3077427800653,18.568147659301758,-0.24723929483508322,406,0.7582825695422754
Punjab-Sindh lowland corridor,conventional_alphaearth_embeddings,Conventional + AlphaEarth Embeddings,A30,AlphaEarth A30,AlphaEarth embeddings,0.07249829173088074,-0.0436834879219532,-0.07061108946800232,0.15044505437469027,0.1476970463991165,-0.4343587523080354,406,0.7415461509912749
Punjab-Sindh lowland corridor,conventional_alphaearth_embeddings,Conventional + AlphaEarth Embeddings,A06,AlphaEarth A06,AlphaEarth embeddings,0.07105767726898193,-0.029989581555128098,-0.06138583645224571,0.0391694744488309,0.0535486359149217,-0.8000927525930184,406,0.7268108781485854
Punjab-Sindh lowland corridor,conventional_alphaearth_embeddings,Conventional + AlphaEarth Embeddings,rain_monsoon_total,Monsoon rainfall,Hydro-climate,0.07104577869176865,0.019958648830652237,0.05154692381620407,166.2590991194025,123.44318008422852,0.5031615456212989,406,0.7266891739825406
Punjab-Sindh lowland corridor,conventional_alphaearth_embeddings,Conventional + AlphaEarth Embeddings,A46,AlphaEarth A46,AlphaEarth embeddings,0.06963682919740677,0.04107002541422844,0.0591922290623188,0.0411703724609378,0.0448442921042442,0.6307021930653216,406,0.7122777851133582
Punjab-Sindh lowland corridor,conventional_alphaearth_embeddings,Conventional + AlphaEarth Embeddings,A03,AlphaEarth A03,AlphaEarth embeddings,0.06926829367876053,-0.06497668474912643,-0.07240881770849228,0.048612905576770074,0.0482276044785976,-0.8917270341878976,406,0.7085082329096987
Punjab-Sindh lowland corridor,conventional_alphaearth_embeddings,Conventional + AlphaEarth Embeddings,A01,AlphaEarth A01,AlphaEarth embeddings,0.06714001297950745,-0.06714001297950745,-0.07273334264755249,0.009755399187234247,-0.000768935016822,0.3649534596209399,406,0.6867391908663548
Punjab-Sindh lowland corridor,conventional_alphaearth_embeddings,Conventional + AlphaEarth Embeddings,A43,AlphaEarth A43,AlphaEarth embeddings,0.06601395457983017,0.005854315590113401,0.03473787009716034,-0.10138033315788245,-0.0935640111565589,0.8098590592611217,406,0.6752213433124876
Punjab-Sindh lowland corridor,conventional_alphaearth_embeddings,Conventional + AlphaEarth Embeddings,A58,AlphaEarth A58,AlphaEarth embeddings,0.06437677145004272,-0.027700109407305717,-0.05327792838215828,-0.12199657954309441,-0.13880814611911768,0.7483911628214243,406,0.6584754749702602
Punjab-Sindh lowland corridor,conventional_alphaearth_embeddings,Conventional + AlphaEarth Embeddings,A36,AlphaEarth A36,AlphaEarth embeddings,0.06197453662753105,-0.04148998111486435,-0.05233079195022583,-0.11598267442239399,-0.1137408688664436,0.5155711053913702,406,0.633904303100124
Punjab-Sindh lowland corridor,conventional_alphaearth_embeddings,Conventional + AlphaEarth Embeddings,A51,AlphaEarth A51,AlphaEarth embeddings,0.05728781595826149,0.04749676585197449,0.049370571970939636,0.11911174765239774,0.1245674714446067,0.18259732926981678,406,0.5859663504933355
Punjab-Sindh lowland corridor,conventional_alphaearth_embeddings,Conventional + AlphaEarth Embeddings,A39,AlphaEarth A39,AlphaEarth embeddings,0.0567379891872406,0.03990922123193741,0.048563309013843536,0.09831216885708842,0.0935640111565589,0.8587207189194557,406,0.5803424672813559
Punjab-Sindh lowland corridor,conventional_alphaearth_embeddings,Conventional + AlphaEarth Embeddings,A08,AlphaEarth A08,AlphaEarth embeddings,0.0559447817504406,0.044633395969867706,0.021321391686797142,-0.280545528042199,-0.28029219806194305,-0.8834298429201115,406,0.572229173745004
Punjab-Sindh lowland corridor,conventional_alphaearth_embeddings,Conventional + AlphaEarth Embeddings,A56,AlphaEarth A56,AlphaEarth embeddings,0.054193031042814255,0.05389672517776489,0.050992220640182495,0.02123609144989575,0.0188542874529957,0.3351184059544984,406,0.5543114550826311
Punjab-Sindh lowland corridor,conventional_alphaearth_embeddings,Conventional + AlphaEarth Embeddings,A45,AlphaEarth A45,AlphaEarth embeddings,0.04909088835120201,-0.0032206568866968155,0.02924090065062046,0.05518877732577808,0.0629911571741104,0.8367696381517246,406,0.5021243733674112
Punjab-Sindh lowland corridor,conventional_alphaearth_embeddings,Conventional + AlphaEarth Embeddings,A07,AlphaEarth A07,AlphaEarth embeddings,0.0475350096821785,-0.026771314442157745,-0.039879925549030304,0.09957094946540682,0.08882737159729,0.7706290527613109,406,0.48621012475715925
Punjab-Sindh lowland corridor,conventional_alphaearth_embeddings,Conventional + AlphaEarth Embeddings,A57,AlphaEarth A57,AlphaEarth embeddings,0.03854556009173393,-0.03701581060886383,-0.03952420502901077,0.006384054611619386,0.0049826991744339,-0.5994060338238754,406,0.39426186523030987
Punjab-Sindh lowland corridor,conventional_alphaearth_embeddings,Conventional + AlphaEarth Embeddings,aspect_deg,Aspect,Topography/morphometry,0.03700057044625282,-0.030078254640102386,-0.02143724262714386,182.60098522167488,184.0,0.33791039868379136,406,0.3784589946029474
Punjab-Sindh lowland corridor,conventional_alphaearth_embeddings,Conventional + AlphaEarth Embeddings,A04,AlphaEarth A04,AlphaEarth embeddings,0.03518008813261986,-0.018151935189962387,0.0003273900947533548,-0.015582032718470893,-0.00962706655263895,-0.8732389257337022,406,0.35983825719807977
Punjab-Sindh lowland corridor,conventional_alphaearth_embeddings,Conventional + AlphaEarth Embeddings,A31,AlphaEarth A31,AlphaEarth embeddings,0.03039044886827469,-0.023097235709428787,-0.02534462884068489,0.007522987757900938,-0.0157477892935276,0.7056644027820712,406,0.3108476054693995
Punjab-Sindh lowland corridor,conventional_alphaearth_embeddings,Conventional + AlphaEarth Embeddings,A05,AlphaEarth A05,AlphaEarth embeddings,0.027648329734802246,-0.026529114693403244,-0.02452053874731064,0.01999806838775748,0.0354325249791145,0.07786782819112963,406,0.2827999392356324
Punjab-Sindh lowland corridor,conventional_alphaearth_embeddings,Conventional + AlphaEarth Embeddings,ndvi_amplitude,NDVI amplitude,Vegetation/land cover,0.025892840698361397,-0.016155581921339035,-0.0010934649035334587,0.28873645299999734,0.2880000025033951,-0.8196635107159748,406,0.2648439832123872
Punjab-Sindh lowland corridor,conventional_alphaearth_embeddings,Conventional + AlphaEarth Embeddings,A35,AlphaEarth A35,AlphaEarth embeddings,0.02542882412672043,-0.024507980793714523,-0.024975454434752464,0.19815690541471323,0.2141330242156982,-0.4707077157132724,406,0.2600978065166133
Punjab-Sindh lowland corridor,conventional_alphaearth_embeddings,Conventional + AlphaEarth Embeddings,A20,AlphaEarth A20,AlphaEarth embeddings,0.02474215067923069,-0.00490148738026619,-0.006434188690036535,-0.09916822422433295,-0.0984236821532249,0.12866757197863227,406,0.25307419203112835
Punjab-Sindh lowland corridor,conventional_alphaearth_embeddings,Conventional + AlphaEarth Embeddings,A49,AlphaEarth A49,AlphaEarth embeddings,0.022993557155132294,0.006633297074586153,0.008975675329566002,0.03390980733408284,0.0482276044785976,0.6784965629896552,406,0.23518876650611395
Punjab-Sindh lowland corridor,conventional_alphaearth_embeddings,Conventional + AlphaEarth Embeddings,A00,AlphaEarth A00,AlphaEarth embeddings,0.021448003128170967,-0.018345681950449944,-0.019388899207115173,0.1252680757636975,0.1301653236150741,-0.7544366697330084,406,0.21938012312322364
Punjab-Sindh lowland corridor,conventional_alphaearth_embeddings,Conventional + AlphaEarth Embeddings,lithology_code,Lithology/geology,Geology/soil/seismicity,0.021135399118065834,-0.01927281729876995,-0.021807705983519554,18.226600985221676,19.0,-0.7218984829074628,406,0.21618266432876826
Punjab-Sindh lowland corridor,conventional_alphaearth_embeddings,Conventional + AlphaEarth Embeddings,A41,AlphaEarth A41,AlphaEarth embeddings,0.020411988720297813,-0.007925129495561123,-0.006739228963851929,-0.003688615399593168,-0.0039369473233819,0.6884446571472891,406,0.20878328727801984
Punjab-Sindh lowland corridor,conventional_alphaearth_embeddings,Conventional + AlphaEarth Embeddings,A48,AlphaEarth A48,AlphaEarth embeddings,0.01960051991045475,-0.0025545540265738964,-0.0021481134463101625,-0.07843713028375927,-0.0753556340932846,0.7968700337110586,406,0.20048320794894672
Punjab-Sindh lowland corridor,conventional_alphaearth_embeddings,Conventional + AlphaEarth Embeddings,A21,AlphaEarth A21,AlphaEarth embeddings,0.017877958714962006,0.009620490483939648,0.009156344458460808,0.04397111381243527,0.06499039009213445,0.5527298241914683,406,0.182864053154152
Punjab-Sindh lowland corridor,conventional_alphaearth_embeddings,Conventional + AlphaEarth Embeddings,A33,AlphaEarth A33,AlphaEarth embeddings,0.017559558153152466,0.010936170816421509,0.014027087017893791,-0.09947716194918098,-0.0935640111565589,-0.6948975093872769,406,0.17960730454054638
Punjab-Sindh lowland corridor,conventional_alphaearth_embeddings,Conventional + AlphaEarth Embeddings,A61,AlphaEarth A61,AlphaEarth embeddings,0.017319554463028908,0.0017194944666698575,0.0025526643730700016,-0.07220246867371923,-0.07753941044211385,-0.9117655214655616,406,0.17715243548934886
Punjab-Sindh lowland corridor,conventional_alphaearth_embeddings,Conventional + AlphaEarth Embeddings,A32,AlphaEarth A32,AlphaEarth embeddings,0.016861990094184875,0.002114625182002783,-3.5748351365327835e-05,0.09625233185025653,0.0935640111565589,0.4511791071324458,406,0.1724722549161766
Punjab-Sindh lowland corridor,conventional_alphaearth_embeddings,Conventional + AlphaEarth Embeddings,A29,AlphaEarth A29,AlphaEarth embeddings,0.016179772093892097,0.007297832518815994,0.012412793934345245,0.08700268758458582,0.08882737159729,0.3437900247115721,406,0.16549421281096396
Punjab-Sindh lowland corridor,conventional_alphaearth_embeddings,Conventional + AlphaEarth Embeddings,A42,AlphaEarth A42,AlphaEarth embeddings,0.014951832592487335,-0.009194444864988327,-0.0015220260247588158,-0.05513802013334728,-0.0591157265007495,0.5558935076647442,406,0.15293427809833698
Punjab-Sindh lowland corridor,conventional_alphaearth_embeddings,Conventional + AlphaEarth Embeddings,A62,AlphaEarth A62,AlphaEarth embeddings,0.014934998005628586,0.009115115739405155,0.006779657676815987,-0.010749332738548213,-0.004459823248907899,0.8026103992449577,406,0.1527620861364219
Punjab-Sindh lowland corridor,conventional_alphaearth_embeddings,Conventional + AlphaEarth Embeddings,A12,AlphaEarth A12,AlphaEarth embeddings,0.014848633669316769,-0.013613499701023102,-0.01079501025378704,-0.2727102696198254,-0.2679584920406341,0.6490821705997046,406,0.15187871165067984
Punjab-Sindh lowland corridor,conventional_alphaearth_embeddings,Conventional + AlphaEarth Embeddings,modis_lc_type1,MODIS land cover,Vegetation/land cover,0.014557380229234695,-0.010423076339066029,-0.014198286458849907,11.741379310344827,12.0,0.515061557451883,406,0.14889963638836115
Punjab-Sindh lowland corridor,conventional_alphaearth_embeddings,Conventional + AlphaEarth Embeddings,slope_deg,Slope,Topography/morphometry,0.013707097619771957,-0.012458681128919125,-0.014805376529693604,0.05172413793103448,0.0,0.6435823647421417,406,0.14020255151576216
Punjab-Sindh lowland corridor,conventional_alphaearth_embeddings,Conventional + AlphaEarth Embeddings,A18,AlphaEarth A18,AlphaEarth embeddings,0.012308701872825623,0.005444920156151056,0.008357323706150055,-0.032280574126336524,-0.046535948291420895,-0.2169833847103712,406,0.1258991112697498
Punjab-Sindh lowland corridor,conventional_alphaearth_embeddings,Conventional + AlphaEarth Embeddings,A40,AlphaEarth A40,AlphaEarth embeddings,0.012077458202838898,-0.0010699834674596786,-0.0012927998322993517,0.15885364332349897,0.1537870019674301,0.7564551186411347,406,0.12353384376722312
Punjab-Sindh lowland corridor,conventional_alphaearth_embeddings,Conventional + AlphaEarth Embeddings,A10,AlphaEarth A10,AlphaEarth embeddings,0.011338307522237301,-0.007037637755274773,-0.007941072806715965,0.16531360632535805,0.1727950721979141,-0.0013603561623946687,406,0.11597346780364404
Punjab-Sindh lowland corridor,conventional_alphaearth_embeddings,Conventional + AlphaEarth Embeddings,A23,AlphaEarth A23,AlphaEarth embeddings,0.011229625903069973,-0.0026049374137073755,-0.004361078143119812,-0.0543993880441157,-0.0482276044785976,-0.29062373335256975,406,0.11486182179857404
Punjab-Sindh lowland corridor,conventional_alphaearth_embeddings,Conventional + AlphaEarth Embeddings,A11,AlphaEarth A11,AlphaEarth embeddings,0.011149528436362743,-0.0010719693964347243,-0.002219058107584715,0.081949988949678,0.0797231867909431,0.08188761062038771,406,0.11404254776158874
Punjab-Sindh lowland corridor,conventional_alphaearth_embeddings,Conventional + AlphaEarth Embeddings,A53,AlphaEarth A53,AlphaEarth embeddings,0.01102821808308363,-0.008735374547541142,-0.008623827248811722,-0.10536940113582251,-0.1111264899373054,0.09908117786988305,406,0.11280172920708476
Punjab-Sindh lowland corridor,conventional_alphaearth_embeddings,Conventional + AlphaEarth Embeddings,A59,AlphaEarth A59,AlphaEarth embeddings,0.010901298373937607,-0.007780850864946842,-0.007560102269053459,-0.08012348414528332,-0.084213763475418,-0.6128628243200697,406,0.11150353555927393
Punjab-Sindh lowland corridor,conventional_alphaearth_embeddings,Conventional + AlphaEarth Embeddings,A28,AlphaEarth A28,AlphaEarth embeddings,0.008493384346365929,0.006432035472244024,0.008193165995180607,0.08240544096996266,0.0797231867909431,0.5356028812808883,406,0.0868742741458894
Punjab-Sindh lowland corridor,conventional_alphaearth_embeddings,Conventional + AlphaEarth Embeddings,eq_density_ms5,Earthquake density > Ms5,Geology/soil/seismicity,0.006531380582600832,0.0005304627120494843,0.002574871527031064,1.5689655172413792,1.0,-0.7322884820583699,406,0.06680598971442771
Punjab-Sindh lowland corridor,conventional_alphaearth_embeddings,Conventional + AlphaEarth Embeddings,A63,AlphaEarth A63,AlphaEarth embeddings,0.004800677765160799,-0.00032982148695737123,0.00035466416738927364,0.09598142391665271,0.119092658162117,-0.027592828358761808,406,0.04910355863444479
