sample_id,inventory_id,label,hazard_type,spatial_block_1deg,spatial_fold_5,longitude,latitude,cpec_admin_transfer_domain,feature_set,feature_set_name,stacked_score,threshold,prediction
0,CPEC_ROCKFALL_0520,1,rockfall,67_29,1,67.88231778984266,29.681457692832915,Balochistan,conventional_alphaearth_embeddings,Conventional + AlphaEarth Embeddings,0.9825731160785418,0.3791812820262481,1
1,RMC_100_00221,0,non_landslide,77_37,2,77.50551981972717,37.17790092739155,raster-matched control,conventional_alphaearth_embeddings,Conventional + AlphaEarth Embeddings,0.19169996601136674,0.37467408808820823,0
2,CPEC_ROCKFALL_0224,1,rockfall,65_26,3,65.70390423400063,26.306038591102823,Balochistan,conventional_alphaearth_embeddings,Conventional + AlphaEarth Embeddings,0.9727162403769429,0.5024470513377632,1
3,CPEC_ROCKFALL_0416,1,rockfall,70_29,4,70.0203095946352,29.508533753980288,Punjab-Sindh lowland corridor,conventional_alphaearth_embeddings,Conventional + AlphaEarth Embeddings,0.9656682915827656,0.20592228862794998,1
4,CPEC_ROCKFALL_0650,1,rockfall,69_30,5,69.0186840205049,30.822318697357044,Balochistan,conventional_alphaearth_embeddings,Conventional + AlphaEarth Embeddings,0.9820065102490341,0.2084914554893409,1
5,RMC_100_00240,0,non_landslide,75_37,5,75.45286939551406,37.15319725707826,raster-matched control,conventional_alphaearth_embeddings,Conventional + AlphaEarth Embeddings,0.12924689502247338,0.2084914554893409,0
6,CPEC_ROCKFALL_0937,1,rockfall,75_38,2,75.50003199269902,38.92512512651464,"Kashgar (Xinjiang, China)",conventional_alphaearth_embeddings,Conventional + AlphaEarth Embeddings,0.9408729281536812,0.37467408808820823,1
7,RMC_100_00144,0,non_landslide,75_39,4,75.92673070788712,39.592123253462766,raster-matched control,conventional_alphaearth_embeddings,Conventional + AlphaEarth Embeddings,0.06811516668683418,0.20592228862794998,0
8,RMC_100_00688,0,non_landslide,75_37,5,75.43714887804197,37.2812071850653,raster-matched control,conventional_alphaearth_embeddings,Conventional + AlphaEarth Embeddings,0.07074137635973352,0.2084914554893409,0
9,RMC_100_00192,0,non_landslide,66_29,5,66.0138215476282,29.08183442926436,raster-matched control,conventional_alphaearth_embeddings,Conventional + AlphaEarth Embeddings,0.08625548894635551,0.2084914554893409,0
10,RMC_100_00454,0,non_landslide,64_25,5,64.63715337471503,25.508785386678966,raster-matched control,conventional_alphaearth_embeddings,Conventional + AlphaEarth Embeddings,0.11609378997184074,0.2084914554893409,0
11,CPEC_ROCKFALL_0002,1,rockfall,75_38,2,75.17663568879786,38.74321609903931,"Kashgar (Xinjiang, China)",conventional_alphaearth_embeddings,Conventional + AlphaEarth Embeddings,0.9624205705960507,0.37467408808820823,1
12,CPEC_ROCKFALL_0003,1,rockfall,73_34,2,73.46983895587354,34.40659763332948,KP-AJK,conventional_alphaearth_embeddings,Conventional + AlphaEarth Embeddings,0.4022151830705799,0.37467408808820823,1
13,CPEC_ROCKFALL_0657,1,rockfall,69_31,2,69.19835012015035,31.00422772483237,Balochistan,conventional_alphaearth_embeddings,Conventional + AlphaEarth Embeddings,0.9672264203672043,0.37467408808820823,1
14,CPEC_ROCKFALL_0033,1,rockfall,67_27,2,67.35904674032183,27.93423474975805,Balochistan,conventional_alphaearth_embeddings,Conventional + AlphaEarth Embeddings,0.9473925358728785,0.37467408808820823,1
15,RMC_100_00019,0,non_landslide,65_29,4,65.8184379733322,29.25700590966767,raster-matched control,conventional_alphaearth_embeddings,Conventional + AlphaEarth Embeddings,0.08475037475604001,0.20592228862794998,0
16,RMC_100_00309,0,non_landslide,72_32,2,72.82754297767477,32.713273965317526,raster-matched control,conventional_alphaearth_embeddings,Conventional + AlphaEarth Embeddings,0.2510818860636338,0.37467408808820823,0
17,RMC_100_00380,0,non_landslide,75_39,4,75.62579508770708,39.75157421639398,raster-matched control,conventional_alphaearth_embeddings,Conventional + AlphaEarth Embeddings,0.05743805643825139,0.20592228862794998,0
18,RMC_100_00509,0,non_landslide,65_26,3,65.65449543398039,26.490194834579544,raster-matched control,conventional_alphaearth_embeddings,Conventional + AlphaEarth Embeddings,0.07831158554519511,0.5024470513377632,0
19,RMC_100_00187,0,non_landslide,65_29,4,65.96216841879132,29.048147606109882,raster-matched control,conventional_alphaearth_embeddings,Conventional + AlphaEarth Embeddings,0.06428435324887989,0.20592228862794998,0
20,RMC_100_00476,0,non_landslide,66_29,5,66.87845000859323,29.61633202331548,raster-matched control,conventional_alphaearth_embeddings,Conventional + AlphaEarth Embeddings,0.8880669378994792,0.2084914554893409,1
21,CPEC_ROCKFALL_0370,1,rockfall,66_27,1,66.98175774108873,27.945467225311685,Balochistan,conventional_alphaearth_embeddings,Conventional + AlphaEarth Embeddings,0.9413287757768689,0.3791812820262481,1
22,RMC_100_00675,0,non_landslide,66_27,1,66.59772648230587,27.82868460791763,raster-matched control,conventional_alphaearth_embeddings,Conventional + AlphaEarth Embeddings,0.08676806351205384,0.3791812820262481,0
23,CPEC_ROCKFALL_0840,1,rockfall,74_35,5,74.47819777259453,35.870850482653715,Gilgit-Baltistan,conventional_alphaearth_embeddings,Conventional + AlphaEarth Embeddings,0.973577367865317,0.2084914554893409,1
24,CPEC_ROCKFALL_0846,1,rockfall,74_36,2,74.3052738337419,36.30204555452194,Gilgit-Baltistan,conventional_alphaearth_embeddings,Conventional + AlphaEarth Embeddings,0.1990479298492015,0.37467408808820823,0
25,CPEC_ROCKFALL_0649,1,rockfall,69_30,5,69.0186840205049,30.811090680904464,Balochistan,conventional_alphaearth_embeddings,Conventional + AlphaEarth Embeddings,0.9750934280878608,0.2084914554893409,1
26,CPEC_ROCKFALL_0558,1,rockfall,67_29,1,67.68918074591475,29.59387202994113,Balochistan,conventional_alphaearth_embeddings,Conventional + AlphaEarth Embeddings,0.8618381766215509,0.3791812820262481,1
27,CPEC_ROCKFALL_0796,1,rockfall,76_35,2,76.11313163294152,35.194868599355544,Gilgit-Baltistan,conventional_alphaearth_embeddings,Conventional + AlphaEarth Embeddings,0.9042071931140742,0.37467408808820823,1
28,CPEC_ROCKFALL_0091,1,rockfall,65_27,5,65.64102199094494,27.148211170662936,Balochistan,conventional_alphaearth_embeddings,Conventional + AlphaEarth Embeddings,0.9739294015724045,0.2084914554893409,1
29,RMC_100_00074,0,non_landslide,69_32,4,69.83390729334646,32.24165844115478,raster-matched control,conventional_alphaearth_embeddings,Conventional + AlphaEarth Embeddings,0.05385572402656093,0.20592228862794998,0
30,CPEC_ROCKFALL_0922,1,rockfall,75_38,2,75.49104690407633,38.8846989163641,"Kashgar (Xinjiang, China)",conventional_alphaearth_embeddings,Conventional + AlphaEarth Embeddings,0.12064061364841794,0.37467408808820823,0
31,CPEC_ROCKFALL_0279,1,rockfall,66_27,1,66.2900530674761,27.179652292190784,Balochistan,conventional_alphaearth_embeddings,Conventional + AlphaEarth Embeddings,0.9736040036091056,0.3791812820262481,1
32,CPEC_ROCKFALL_0424,1,rockfall,70_29,4,70.02255252246509,29.515271455672043,Punjab-Sindh lowland corridor,conventional_alphaearth_embeddings,Conventional + AlphaEarth Embeddings,0.979921048231229,0.20592228862794998,1
33,RMC_100_00653,0,non_landslide,69_32,4,69.98437510343648,32.28881999357105,raster-matched control,conventional_alphaearth_embeddings,Conventional + AlphaEarth Embeddings,0.05105834768953548,0.20592228862794998,0
34,CPEC_ROCKFALL_0018,1,rockfall,76_37,1,76.19846990890237,37.77977380722969,"Kashgar (Xinjiang, China)",conventional_alphaearth_embeddings,Conventional + AlphaEarth Embeddings,0.6421832644960566,0.3791812820262481,1
35,RMC_100_00451,0,non_landslide,66_25,2,66.1822556634006,25.78501733654572,raster-matched control,conventional_alphaearth_embeddings,Conventional + AlphaEarth Embeddings,0.4961732200740474,0.37467408808820823,1
36,CPEC_ROCKFALL_0868,1,rockfall,73_35,4,73.43166013265395,35.525002604948455,KP-AJK,conventional_alphaearth_embeddings,Conventional + AlphaEarth Embeddings,0.987483990054684,0.20592228862794998,1
37,CPEC_ROCKFALL_0604,1,rockfall,66_29,5,66.95031661956088,29.843158074334024,Balochistan,conventional_alphaearth_embeddings,Conventional + AlphaEarth Embeddings,0.9778870927079139,0.2084914554893409,1
38,CPEC_ROCKFALL_0356,1,rockfall,66_27,1,66.51238830510198,27.76355819783636,Balochistan,conventional_alphaearth_embeddings,Conventional + AlphaEarth Embeddings,0.9875275201159783,0.3791812820262481,1
39,CPEC_ROCKFALL_0269,1,rockfall,66_26,4,66.33945990714827,26.56655265194829,Balochistan,conventional_alphaearth_embeddings,Conventional + AlphaEarth Embeddings,0.9835941543612555,0.20592228862794998,1
40,RMC_100_00524,0,non_landslide,66_26,4,66.44501288400556,26.30828598954534,raster-matched control,conventional_alphaearth_embeddings,Conventional + AlphaEarth Embeddings,0.08472258018140334,0.20592228862794998,0
41,CPEC_ROCKFALL_0554,1,rockfall,67_29,1,67.69367106067557,29.58938171518032,Balochistan,conventional_alphaearth_embeddings,Conventional + AlphaEarth Embeddings,0.9804171899631552,0.3791812820262481,1
42,CPEC_ROCKFALL_0641,1,rockfall,67_30,3,67.47358320998065,30.359686963062035,Balochistan,conventional_alphaearth_embeddings,Conventional + AlphaEarth Embeddings,0.97643848733695,0.5024470513377632,1
43,CPEC_ROCKFALL_0599,1,rockfall,66_29,5,66.90090977988869,29.96218485875366,Balochistan,conventional_alphaearth_embeddings,Conventional + AlphaEarth Embeddings,0.9417781185100489,0.2084914554893409,1
44,RMC_100_00527,0,non_landslide,74_35,5,74.76116662674204,35.781020660585696,raster-matched control,conventional_alphaearth_embeddings,Conventional + AlphaEarth Embeddings,0.3818551857886134,0.2084914554893409,1
45,CPEC_ROCKFALL_0639,1,rockfall,68_29,2,68.07994514853138,29.955447157061897,Balochistan,conventional_alphaearth_embeddings,Conventional + AlphaEarth Embeddings,0.9673785501855822,0.37467408808820823,1
46,RMC_100_00349,0,non_landslide,74_36,2,74.28730531436898,36.17852517380858,raster-matched control,conventional_alphaearth_embeddings,Conventional + AlphaEarth Embeddings,0.07919069092036991,0.37467408808820823,0
47,CPEC_ROCKFALL_0701,1,rockfall,72_32,2,72.44575734883811,32.56729871260202,Punjab-Sindh lowland corridor,conventional_alphaearth_embeddings,Conventional + AlphaEarth Embeddings,0.9067653174992486,0.37467408808820823,1
48,CPEC_ROCKFALL_0601,1,rockfall,66_29,5,66.90090977988869,29.96442778658354,Balochistan,conventional_alphaearth_embeddings,Conventional + AlphaEarth Embeddings,0.9755514871090435,0.2084914554893409,1
49,CPEC_ROCKFALL_0007,1,rockfall,75_38,2,75.92448490377443,38.433295198521655,"Kashgar (Xinjiang, China)",conventional_alphaearth_embeddings,Conventional + AlphaEarth Embeddings,0.9571262347623931,0.37467408808820823,1
50,CPEC_ROCKFALL_0195,1,rockfall,63_26,1,63.14370244596258,26.180274104991447,Balochistan,conventional_alphaearth_embeddings,Conventional + AlphaEarth Embeddings,0.2907811022206746,0.3791812820262481,0
51,CPEC_ROCKFALL_0948,1,rockfall,75_38,2,75.50676969439078,38.94758115941979,"Kashgar (Xinjiang, China)",conventional_alphaearth_embeddings,Conventional + AlphaEarth Embeddings,0.9559005419612618,0.37467408808820823,1
52,RMC_100_00327,0,non_landslide,73_35,4,73.72810405000459,35.587882874499996,raster-matched control,conventional_alphaearth_embeddings,Conventional + AlphaEarth Embeddings,0.29060736035264323,0.20592228862794998,1
53,RMC_100_00353,0,non_landslide,75_38,2,75.48880200687884,38.82406368554057,raster-matched control,conventional_alphaearth_embeddings,Conventional + AlphaEarth Embeddings,0.3534355841769533,0.37467408808820823,0
54,RMC_100_00500,0,non_landslide,71_33,3,71.17015127847424,33.01196379728727,raster-matched control,conventional_alphaearth_embeddings,Conventional + AlphaEarth Embeddings,0.05309183358802732,0.5024470513377632,0
55,CPEC_ROCKFALL_0422,1,rockfall,70_29,4,70.01806220770425,29.499553124458647,Punjab-Sindh lowland corridor,conventional_alphaearth_embeddings,Conventional + AlphaEarth Embeddings,0.42204692700873997,0.20592228862794998,1
56,CPEC_ROCKFALL_0286,1,rockfall,66_27,1,66.29230045440703,27.188632921712426,Balochistan,conventional_alphaearth_embeddings,Conventional + AlphaEarth Embeddings,0.9886243091010521,0.3791812820262481,1
57,CPEC_ROCKFALL_0212,1,rockfall,65_26,3,65.6769534272336,26.27684485650592,Balochistan,conventional_alphaearth_embeddings,Conventional + AlphaEarth Embeddings,0.9869531650023798,0.5024470513377632,1
58,CPEC_ROCKFALL_0678,1,rockfall,70_29,4,70.02030959463521,29.955447157061897,Punjab-Sindh lowland corridor,conventional_alphaearth_embeddings,Conventional + AlphaEarth Embeddings,0.9544045575406543,0.20592228862794998,1
59,CPEC_ROCKFALL_0686,1,rockfall,70_32,5,70.39086089217655,32.93335969538255,KP-AJK,conventional_alphaearth_embeddings,Conventional + AlphaEarth Embeddings,0.9858794799738465,0.2084914554893409,1
60,RMC_100_00518,0,non_landslide,67_29,1,67.42642233190614,29.582645200160997,raster-matched control,conventional_alphaearth_embeddings,Conventional + AlphaEarth Embeddings,0.3603486283973786,0.3791812820262481,0
61,RMC_100_00417,0,non_landslide,67_25,3,67.1367156527776,25.616583220773308,raster-matched control,conventional_alphaearth_embeddings,Conventional + AlphaEarth Embeddings,0.09619339644827622,0.5024470513377632,0
62,RMC_100_00667,0,non_landslide,77_37,2,77.6380213241348,37.71689009786326,raster-matched control,conventional_alphaearth_embeddings,Conventional + AlphaEarth Embeddings,0.1002819204693793,0.37467408808820823,0
63,RMC_100_00296,0,non_landslide,69_28,1,69.65649002473285,28.92013767812285,raster-matched control,conventional_alphaearth_embeddings,Conventional + AlphaEarth Embeddings,0.09216041243031062,0.3791812820262481,0
64,CPEC_ROCKFALL_0924,1,rockfall,75_38,2,75.49104690407633,38.88694630329503,"Kashgar (Xinjiang, China)",conventional_alphaearth_embeddings,Conventional + AlphaEarth Embeddings,0.9747552356493117,0.37467408808820823,1
65,CPEC_ROCKFALL_0011,1,rockfall,75_37,5,75.85037464426617,37.8628646962596,"Kashgar (Xinjiang, China)",conventional_alphaearth_embeddings,Conventional + AlphaEarth Embeddings,0.8642744505519487,0.2084914554893409,1
66,CPEC_ROCKFALL_0811,1,rockfall,75_35,1,75.80321073242386,35.340846190542194,Gilgit-Baltistan,conventional_alphaearth_embeddings,Conventional + AlphaEarth Embeddings,0.9357732700846042,0.3791812820262481,1
67,CPEC_ROCKFALL_0204,1,rockfall,65_26,3,65.69491914537794,26.299300889411075,Balochistan,conventional_alphaearth_embeddings,Conventional + AlphaEarth Embeddings,0.9897940180272378,0.5024470513377632,1
68,CPEC_ROCKFALL_0492,1,rockfall,68_29,2,68.55829967314084,29.313149323121447,Balochistan,conventional_alphaearth_embeddings,Conventional + AlphaEarth Embeddings,0.9617191633212119,0.37467408808820823,1
69,RMC_100_00633,0,non_landslide,77_37,2,77.79747228706601,37.75956007385894,raster-matched control,conventional_alphaearth_embeddings,Conventional + AlphaEarth Embeddings,0.10151793122166279,0.37467408808820823,0
70,RMC_100_00153,0,non_landslide,67_29,1,67.8643510329144,29.67023094036265,raster-matched control,conventional_alphaearth_embeddings,Conventional + AlphaEarth Embeddings,0.10463556138769263,0.3791812820262481,0
71,RMC_100_00525,0,non_landslide,66_26,4,66.47420813073944,26.328498083438028,raster-matched control,conventional_alphaearth_embeddings,Conventional + AlphaEarth Embeddings,0.08934332880711073,0.20592228862794998,0
72,CPEC_ROCKFALL_0510,1,rockfall,68_29,2,68.40783176719336,29.360313234963748,Balochistan,conventional_alphaearth_embeddings,Conventional + AlphaEarth Embeddings,0.09369941278362758,0.37467408808820823,0
73,RMC_100_00120,0,non_landslide,69_29,3,69.69916000072853,29.0099692065348,raster-matched control,conventional_alphaearth_embeddings,Conventional + AlphaEarth Embeddings,0.34567635277702546,0.5024470513377632,0
74,RMC_100_00160,0,non_landslide,64_26,2,64.05774001645793,26.11065662703905,raster-matched control,conventional_alphaearth_embeddings,Conventional + AlphaEarth Embeddings,0.08120791474737898,0.37467408808820823,0
75,CPEC_ROCKFALL_0113,1,rockfall,65_27,5,65.83864934963366,27.476097789324925,Balochistan,conventional_alphaearth_embeddings,Conventional + AlphaEarth Embeddings,0.9572472834713152,0.2084914554893409,1
76,CPEC_ROCKFALL_0084,1,rockfall,65_27,5,65.638774604014,27.148211170662936,Balochistan,conventional_alphaearth_embeddings,Conventional + AlphaEarth Embeddings,0.7611158596045191,0.2084914554893409,1
77,RMC_100_00559,0,non_landslide,68_30,4,68.36067022739044,30.669606693945617,raster-matched control,conventional_alphaearth_embeddings,Conventional + AlphaEarth Embeddings,0.06303029943385623,0.20592228862794998,0
78,CPEC_ROCKFALL_0094,1,rockfall,65_27,5,65.7308505816666,27.282956286295967,Balochistan,conventional_alphaearth_embeddings,Conventional + AlphaEarth Embeddings,0.9837551153039148,0.2084914554893409,1
79,RMC_100_00672,0,non_landslide,74_35,5,74.60845302844172,35.653010732598666,raster-matched control,conventional_alphaearth_embeddings,Conventional + AlphaEarth Embeddings,0.0911536814460972,0.2084914554893409,0
80,RMC_100_00628,0,non_landslide,67_28,4,67.15692774667028,28.140849169149163,raster-matched control,conventional_alphaearth_embeddings,Conventional + AlphaEarth Embeddings,0.23318017210579495,0.20592228862794998,1
81,RMC_100_00644,0,non_landslide,64_27,4,64.92686005384357,27.554698446261177,raster-matched control,conventional_alphaearth_embeddings,Conventional + AlphaEarth Embeddings,0.10238375770731721,0.20592228862794998,0
82,RMC_100_00141,0,non_landslide,65_26,3,65.68593646892457,26.606975821515082,raster-matched control,conventional_alphaearth_embeddings,Conventional + AlphaEarth Embeddings,0.08779892599790118,0.5024470513377632,0
83,CPEC_ROCKFALL_0889,1,rockfall,75_38,2,75.13845686557826,38.74995380073106,"Kashgar (Xinjiang, China)",conventional_alphaearth_embeddings,Conventional + AlphaEarth Embeddings,0.9601706801960755,0.37467408808820823,1
84,CPEC_ROCKFALL_0900,1,rockfall,75_38,2,75.36977719182681,38.81732635854758,"Kashgar (Xinjiang, China)",conventional_alphaearth_embeddings,Conventional + AlphaEarth Embeddings,0.9207662691452777,0.37467408808820823,1
85,CPEC_ROCKFALL_0855,1,rockfall,74_35,5,74.21319339698825,35.40372843359789,Gilgit-Baltistan,conventional_alphaearth_embeddings,Conventional + AlphaEarth Embeddings,0.9729675623076902,0.2084914554893409,1
86,CPEC_ROCKFALL_0607,1,rockfall,66_29,5,66.94357891786912,29.836420372642262,Balochistan,conventional_alphaearth_embeddings,Conventional + AlphaEarth Embeddings,0.9790730548259132,0.2084914554893409,1
87,CPEC_ROCKFALL_0875,1,rockfall,74_38,1,74.9767609431782,38.13235938662671,"Kashgar (Xinjiang, China)",conventional_alphaearth_embeddings,Conventional + AlphaEarth Embeddings,0.9884154617358097,0.3791812820262481,1
88,CPEC_ROCKFALL_0517,1,rockfall,67_29,1,67.88007040291171,29.67921476500303,Balochistan,conventional_alphaearth_embeddings,Conventional + AlphaEarth Embeddings,0.5785824571762667,0.3791812820262481,1
89,RMC_100_00005,0,non_landslide,78_38,5,78.30277463438324,38.31876133822335,raster-matched control,conventional_alphaearth_embeddings,Conventional + AlphaEarth Embeddings,0.1285027368982886,0.2084914554893409,0
90,CPEC_ROCKFALL_0899,1,rockfall,75_38,2,75.33608868336803,38.80609834209501,"Kashgar (Xinjiang, China)",conventional_alphaearth_embeddings,Conventional + AlphaEarth Embeddings,0.9523984556465582,0.37467408808820823,1
91,RMC_100_00435,0,non_landslide,69_28,1,69.40047016875879,28.834797726131494,raster-matched control,conventional_alphaearth_embeddings,Conventional + AlphaEarth Embeddings,0.08591842540240571,0.3791812820262481,0
92,CPEC_ROCKFALL_0361,1,rockfall,66_27,1,66.82230474651855,27.80397994888585,Balochistan,conventional_alphaearth_embeddings,Conventional + AlphaEarth Embeddings,0.9906208902141663,0.3791812820262481,1
93,RMC_100_00522,0,non_landslide,66_26,4,66.41132606085108,26.198242367240702,raster-matched control,conventional_alphaearth_embeddings,Conventional + AlphaEarth Embeddings,0.07569836371919436,0.20592228862794998,0
94,CPEC_ROCKFALL_0281,1,rockfall,66_27,1,66.28780568054516,27.188632921712426,Balochistan,conventional_alphaearth_embeddings,Conventional + AlphaEarth Embeddings,0.9873455348103962,0.3791812820262481,1
95,CPEC_ROCKFALL_0861,1,rockfall,74_35,5,74.18399966239133,35.39923811883706,Gilgit-Baltistan,conventional_alphaearth_embeddings,Conventional + AlphaEarth Embeddings,0.979584758989119,0.2084914554893409,1
96,CPEC_ROCKFALL_0459,1,rockfall,69_28,1,69.1826273298359,28.866240379140887,Balochistan,conventional_alphaearth_embeddings,Conventional + AlphaEarth Embeddings,0.08866355948693307,0.3791812820262481,0
97,CPEC_ROCKFALL_0916,1,rockfall,75_38,2,75.4843092023846,38.82855437500015,"Kashgar (Xinjiang, China)",conventional_alphaearth_embeddings,Conventional + AlphaEarth Embeddings,0.9028574763138125,0.37467408808820823,1
98,CPEC_ROCKFALL_0049,1,rockfall,63_27,3,63.597353550735946,27.460374999010465,Balochistan,conventional_alphaearth_embeddings,Conventional + AlphaEarth Embeddings,0.22849217454926082,0.5024470513377632,0
99,RMC_100_00321,0,non_landslide,75_35,1,75.78973762705888,35.67996019112225,raster-matched control,conventional_alphaearth_embeddings,Conventional + AlphaEarth Embeddings,0.5171639615256743,0.3791812820262481,1
100,RMC_100_00110,0,non_landslide,66_26,4,66.84251739722845,26.5755347865709,raster-matched control,conventional_alphaearth_embeddings,Conventional + AlphaEarth Embeddings,0.06586976377408461,0.20592228862794998,0
101,CPEC_ROCKFALL_0914,1,rockfall,75_38,2,75.48206627455471,38.821816673308405,"Kashgar (Xinjiang, China)",conventional_alphaearth_embeddings,Conventional + AlphaEarth Embeddings,0.9495786654942721,0.37467408808820823,1
102,RMC_100_00317,0,non_landslide,73_36,1,73.79996927273415,36.30653510179562,raster-matched control,conventional_alphaearth_embeddings,Conventional + AlphaEarth Embeddings,0.47557449109611927,0.3791812820262481,1
103,RMC_100_00139,0,non_landslide,67_29,1,67.53422016600048,29.472601577856356,raster-matched control,conventional_alphaearth_embeddings,Conventional + AlphaEarth Embeddings,0.8086993721156922,0.3791812820262481,1
104,CPEC_ROCKFALL_0501,1,rockfall,68_29,2,68.5178734629903,29.32662472650496,Balochistan,conventional_alphaearth_embeddings,Conventional + AlphaEarth Embeddings,0.9709536623413704,0.37467408808820823,1
105,CPEC_ROCKFALL_0830,1,rockfall,74_35,5,74.73421705957813,35.53174030664021,Gilgit-Baltistan,conventional_alphaearth_embeddings,Conventional + AlphaEarth Embeddings,0.9798499858888237,0.2084914554893409,1
106,CPEC_ROCKFALL_0921,1,rockfall,75_38,2,75.47981888762375,38.84652009314448,"Kashgar (Xinjiang, China)",conventional_alphaearth_embeddings,Conventional + AlphaEarth Embeddings,0.9716051885520002,0.37467408808820823,1
107,RMC_100_00383,0,non_landslide,71_35,2,71.75854778957253,35.52724659282193,raster-matched control,conventional_alphaearth_embeddings,Conventional + AlphaEarth Embeddings,0.12673749280485597,0.37467408808820823,0
108,CPEC_ROCKFALL_0887,1,rockfall,74_38,1,74.97451801534832,38.6376647180032,"Kashgar (Xinjiang, China)",conventional_alphaearth_embeddings,Conventional + AlphaEarth Embeddings,0.06996651551552449,0.3791812820262481,0
109,CPEC_ROCKFALL_0661,1,rockfall,69_31,2,69.55767340123913,31.98114542002551,KP-AJK,conventional_alphaearth_embeddings,Conventional + AlphaEarth Embeddings,0.9323913939054257,0.37467408808820823,1
110,RMC_100_00389,0,non_landslide,71_35,2,71.76303936599312,35.507034498929244,raster-matched control,conventional_alphaearth_embeddings,Conventional + AlphaEarth Embeddings,0.08230892080303771,0.37467408808820823,0
111,RMC_100_00293,0,non_landslide,68_29,2,68.56503695452763,29.08632600568496,raster-matched control,conventional_alphaearth_embeddings,Conventional + AlphaEarth Embeddings,0.0837989676882599,0.37467408808820823,0
112,CPEC_ROCKFALL_0295,1,rockfall,66_27,1,66.47420948188235,27.565926380046594,Balochistan,conventional_alphaearth_embeddings,Conventional + AlphaEarth Embeddings,0.9223578164530013,0.3791812820262481,1
113,CPEC_ROCKFALL_0367,1,rockfall,66_27,1,66.90989040941034,27.8578815624199,Balochistan,conventional_alphaearth_embeddings,Conventional + AlphaEarth Embeddings,0.5872393747770943,0.3791812820262481,1
114,RMC_100_00060,0,non_landslide,78_39,2,78.03103426093709,39.955940943531175,raster-matched control,conventional_alphaearth_embeddings,Conventional + AlphaEarth Embeddings,0.07644929304218046,0.37467408808820823,0
115,RMC_100_00156,0,non_landslide,65_25,1,65.53322287062424,25.715397902026456,raster-matched control,conventional_alphaearth_embeddings,Conventional + AlphaEarth Embeddings,0.08656486952970913,0.3791812820262481,0
116,CPEC_ROCKFALL_0823,1,rockfall,75_35,1,75.98736714683012,35.19936337321741,Gilgit-Baltistan,conventional_alphaearth_embeddings,Conventional + AlphaEarth Embeddings,0.9893966090854813,0.3791812820262481,1
117,CPEC_ROCKFALL_0443,1,rockfall,69_28,1,69.17813701507508,28.832551870682103,Balochistan,conventional_alphaearth_embeddings,Conventional + AlphaEarth Embeddings,0.8980807441071594,0.3791812820262481,1
118,RMC_100_00442,0,non_landslide,66_28,3,66.32598610885972,28.2576301560847,raster-matched control,conventional_alphaearth_embeddings,Conventional + AlphaEarth Embeddings,0.05968662415324005,0.5024470513377632,0
119,CPEC_ROCKFALL_0536,1,rockfall,67_29,1,67.92498692782308,29.694933096216428,Balochistan,conventional_alphaearth_embeddings,Conventional + AlphaEarth Embeddings,0.9841752130687967,0.3791812820262481,1
120,RMC_100_00237,0,non_landslide,74_38,1,74.92510916609385,38.27609136222767,raster-matched control,conventional_alphaearth_embeddings,Conventional + AlphaEarth Embeddings,0.07587792391160536,0.3791812820262481,0
121,RMC_100_00503,0,non_landslide,74_35,5,74.75667505032143,35.518263439980736,raster-matched control,conventional_alphaearth_embeddings,Conventional + AlphaEarth Embeddings,0.1434000079639926,0.2084914554893409,0
122,RMC_100_00453,0,non_landslide,64_25,5,64.15206312129048,25.674973714241077,raster-matched control,conventional_alphaearth_embeddings,Conventional + AlphaEarth Embeddings,0.07247234583391497,0.2084914554893409,0
123,RMC_100_00662,0,non_landslide,75_38,2,75.53147198287452,38.976777283840896,raster-matched control,conventional_alphaearth_embeddings,Conventional + AlphaEarth Embeddings,0.09245549366945795,0.37467408808820823,0
124,RMC_100_00477,0,non_landslide,67_30,3,67.41294760264435,30.013836536538367,raster-matched control,conventional_alphaearth_embeddings,Conventional + AlphaEarth Embeddings,0.06545199958693368,0.5024470513377632,0
125,RMC_100_00460,0,non_landslide,66_26,4,66.91662840816831,26.24989549607757,raster-matched control,conventional_alphaearth_embeddings,Conventional + AlphaEarth Embeddings,0.07273960113198218,0.20592228862794998,0
126,CPEC_ROCKFALL_0564,1,rockfall,67_29,1,67.55892594504255,29.65451134516694,Balochistan,conventional_alphaearth_embeddings,Conventional + AlphaEarth Embeddings,0.9681029048136681,0.3791812820262481,1
127,CPEC_ROCKFALL_0920,1,rockfall,75_38,2,75.47981888762375,38.84427716531461,"Kashgar (Xinjiang, China)",conventional_alphaearth_embeddings,Conventional + AlphaEarth Embeddings,0.21099308558799534,0.37467408808820823,0
128,RMC_100_00532,0,non_landslide,68_29,2,68.63016481262629,29.14022492273213,raster-matched control,conventional_alphaearth_embeddings,Conventional + AlphaEarth Embeddings,0.10004676401765035,0.37467408808820823,0
129,RMC_100_00314,0,non_landslide,72_32,2,72.47944580507844,32.59424719017169,raster-matched control,conventional_alphaearth_embeddings,Conventional + AlphaEarth Embeddings,0.1457183779177263,0.37467408808820823,0
130,RMC_100_00196,0,non_landslide,67_29,1,67.5095164956872,29.463618425015163,raster-matched control,conventional_alphaearth_embeddings,Conventional + AlphaEarth Embeddings,0.7890767904837793,0.3791812820262481,1
131,CPEC_ROCKFALL_0497,1,rockfall,68_29,2,68.52461116468206,29.322134411744138,Balochistan,conventional_alphaearth_embeddings,Conventional + AlphaEarth Embeddings,0.9689099296410745,0.37467408808820823,1
132,CPEC_ROCKFALL_0722,1,rockfall,72_33,4,72.90839354223418,33.83841451799835,KP-AJK,conventional_alphaearth_embeddings,Conventional + AlphaEarth Embeddings,0.15031200916276644,0.20592228862794998,0
133,CPEC_ROCKFALL_0812,1,rockfall,75_35,1,75.81219582104656,35.338598803611255,Gilgit-Baltistan,conventional_alphaearth_embeddings,Conventional + AlphaEarth Embeddings,0.849213472931188,0.3791812820262481,1
134,CPEC_ROCKFALL_0300,1,rockfall,66_27,1,66.5348443380071,27.63779371172497,Balochistan,conventional_alphaearth_embeddings,Conventional + AlphaEarth Embeddings,0.9887889058252909,0.3791812820262481,1
135,CPEC_ROCKFALL_0535,1,rockfall,67_29,1,67.92273954089214,29.69269016838654,Balochistan,conventional_alphaearth_embeddings,Conventional + AlphaEarth Embeddings,0.9845288095701623,0.3791812820262481,1
136,CPEC_ROCKFALL_0449,1,rockfall,69_28,1,69.17588962814415,28.83704218544292,Balochistan,conventional_alphaearth_embeddings,Conventional + AlphaEarth Embeddings,0.8737092717584092,0.3791812820262481,1
137,CPEC_ROCKFALL_0700,1,rockfall,72_32,2,72.45474243746081,32.58751181767729,Punjab-Sindh lowland corridor,conventional_alphaearth_embeddings,Conventional + AlphaEarth Embeddings,0.8093137639641169,0.37467408808820823,1
138,CPEC_ROCKFALL_0571,1,rockfall,67_29,1,67.22205423775787,29.47260231769162,Balochistan,conventional_alphaearth_embeddings,Conventional + AlphaEarth Embeddings,0.9908261707692849,0.3791812820262481,1
139,RMC_100_00508,0,non_landslide,67_28,4,67.34332816812508,28.491192129955778,raster-matched control,conventional_alphaearth_embeddings,Conventional + AlphaEarth Embeddings,0.5293090065412284,0.20592228862794998,1
140,CPEC_ROCKFALL_0288,1,rockfall,66_27,1,66.29454338223691,27.16392950187633,Balochistan,conventional_alphaearth_embeddings,Conventional + AlphaEarth Embeddings,0.9876636673791348,0.3791812820262481,1
141,CPEC_ROCKFALL_0556,1,rockfall,67_29,1,67.69142367374464,29.59387202994113,Balochistan,conventional_alphaearth_embeddings,Conventional + AlphaEarth Embeddings,0.9884558416297596,0.3791812820262481,1
142,RMC_100_00157,0,non_landslide,69_32,4,69.9349677628099,32.140597971691335,raster-matched control,conventional_alphaearth_embeddings,Conventional + AlphaEarth Embeddings,0.06361351813703577,0.20592228862794998,0
143,CPEC_ROCKFALL_0876,1,rockfall,74_38,1,74.92960149043698,38.2805843647443,"Kashgar (Xinjiang, China)",conventional_alphaearth_embeddings,Conventional + AlphaEarth Embeddings,0.9889704514768962,0.3791812820262481,1
144,RMC_100_00378,0,non_landslide,66_28,3,66.09691571140925,28.31602064955247,raster-matched control,conventional_alphaearth_embeddings,Conventional + AlphaEarth Embeddings,0.08521743970833513,0.5024470513377632,0
145,CPEC_ROCKFALL_0319,1,rockfall,66_28,3,66.35742562529262,28.156569987383925,Balochistan,conventional_alphaearth_embeddings,Conventional + AlphaEarth Embeddings,0.968728060589618,0.5024470513377632,1
146,CPEC_ROCKFALL_0509,1,rockfall,68_29,2,68.39660375074078,29.34908521851117,Balochistan,conventional_alphaearth_embeddings,Conventional + AlphaEarth Embeddings,0.9526163894786562,0.37467408808820823,1
147,RMC_100_00465,0,non_landslide,64_28,1,64.96279266520835,28.729245680247452,raster-matched control,conventional_alphaearth_embeddings,Conventional + AlphaEarth Embeddings,0.12904098991237856,0.3791812820262481,0
148,RMC_100_00150,0,non_landslide,66_29,5,66.02505048867968,29.598365717633087,raster-matched control,conventional_alphaearth_embeddings,Conventional + AlphaEarth Embeddings,0.8070697230209741,0.2084914554893409,1
149,RMC_100_00053,0,non_landslide,69_31,2,69.386995439497,31.642032989005003,raster-matched control,conventional_alphaearth_embeddings,Conventional + AlphaEarth Embeddings,0.10131486630663228,0.37467408808820823,0
150,CPEC_ROCKFALL_0684,1,rockfall,70_32,5,70.08094445075994,32.37865198343494,KP-AJK,conventional_alphaearth_embeddings,Conventional + AlphaEarth Embeddings,0.8158198862868484,0.2084914554893409,1
151,RMC_100_00300,0,non_landslide,69_28,1,69.62504898978867,28.95382450127733,raster-matched control,conventional_alphaearth_embeddings,Conventional + AlphaEarth Embeddings,0.08517503119601195,0.3791812820262481,0
152,RMC_100_00393,0,non_landslide,77_37,2,77.37750989174013,37.638287510502806,raster-matched control,conventional_alphaearth_embeddings,Conventional + AlphaEarth Embeddings,0.09933005770775842,0.37467408808820823,0
153,CPEC_ROCKFALL_0620,1,rockfall,67_30,3,67.20633590654447,30.276591614931068,Balochistan,conventional_alphaearth_embeddings,Conventional + AlphaEarth Embeddings,0.966359876217559,0.5024470513377632,1
154,RMC_100_00255,0,non_landslide,65_26,3,65.31762720243556,26.696807349927035,raster-matched control,conventional_alphaearth_embeddings,Conventional + AlphaEarth Embeddings,0.06516914289380756,0.5024470513377632,0
155,CPEC_ROCKFALL_0959,1,rockfall,75_38,2,75.52024509777429,38.96554687756412,"Kashgar (Xinjiang, China)",conventional_alphaearth_embeddings,Conventional + AlphaEarth Embeddings,0.9698797772336265,0.37467408808820823,1
156,RMC_100_00111,0,non_landslide,69_28,1,69.29042654645414,28.855009820024186,raster-matched control,conventional_alphaearth_embeddings,Conventional + AlphaEarth Embeddings,0.07365122498311169,0.3791812820262481,0
157,CPEC_ROCKFALL_0705,1,rockfall,72_32,2,72.57601660881137,32.6414089721103,Punjab-Sindh lowland corridor,conventional_alphaearth_embeddings,Conventional + AlphaEarth Embeddings,0.2569276680932338,0.37467408808820823,0
158,RMC_100_00501,0,non_landslide,75_37,5,75.3899873256257,37.28794454969619,raster-matched control,conventional_alphaearth_embeddings,Conventional + AlphaEarth Embeddings,0.1068624638388198,0.2084914554893409,0
159,RMC_100_00290,0,non_landslide,67_25,3,67.17264826414237,25.771542607283926,raster-matched control,conventional_alphaearth_embeddings,Conventional + AlphaEarth Embeddings,0.0625251179103977,0.5024470513377632,0
160,CPEC_ROCKFALL_0585,1,rockfall,67_29,1,67.49154892812498,29.4681120029308,Balochistan,conventional_alphaearth_embeddings,Conventional + AlphaEarth Embeddings,0.9870773695413717,0.3791812820262481,1
161,RMC_100_00390,0,non_landslide,71_35,2,71.77426830704462,35.518263439980736,raster-matched control,conventional_alphaearth_embeddings,Conventional + AlphaEarth Embeddings,0.36540363076355475,0.37467408808820823,0
162,RMC_100_00371,0,non_landslide,75_38,2,75.34507156141972,38.81283474448908,raster-matched control,conventional_alphaearth_embeddings,Conventional + AlphaEarth Embeddings,0.07489039186560291,0.37467408808820823,0
163,CPEC_ROCKFALL_0813,1,rockfall,75_35,1,75.81444320797749,35.338598803611255,Gilgit-Baltistan,conventional_alphaearth_embeddings,Conventional + AlphaEarth Embeddings,0.8552002524546354,0.3791812820262481,1
164,CPEC_ROCKFALL_0573,1,rockfall,67_29,1,67.22205423775787,29.47035493076068,Balochistan,conventional_alphaearth_embeddings,Conventional + AlphaEarth Embeddings,0.9911049382904221,0.3791812820262481,1
165,RMC_100_00424,0,non_landslide,68_29,2,68.88618466860036,29.003231841903904,raster-matched control,conventional_alphaearth_embeddings,Conventional + AlphaEarth Embeddings,0.1241571034348384,0.37467408808820823,0
166,CPEC_ROCKFALL_0652,1,rockfall,69_30,5,69.13995819185547,30.95033057039937,Balochistan,conventional_alphaearth_embeddings,Conventional + AlphaEarth Embeddings,0.9767953746701152,0.2084914554893409,1
167,RMC_100_00686,0,non_landslide,74_35,5,74.52535886466066,35.47110188756446,raster-matched control,conventional_alphaearth_embeddings,Conventional + AlphaEarth Embeddings,0.05830353861116129,0.2084914554893409,0
168,CPEC_ROCKFALL_0702,1,rockfall,72_32,2,72.44800473576905,32.56505132567108,Punjab-Sindh lowland corridor,conventional_alphaearth_embeddings,Conventional + AlphaEarth Embeddings,0.08319272736914907,0.37467408808820823,0
169,RMC_100_00143,0,non_landslide,67_29,1,67.47807546074301,29.5736620473198,raster-matched control,conventional_alphaearth_embeddings,Conventional + AlphaEarth Embeddings,0.9191117275020416,0.3791812820262481,1
170,RMC_100_00591,0,non_landslide,65_28,2,65.77127642091592,28.100424981363787,raster-matched control,conventional_alphaearth_embeddings,Conventional + AlphaEarth Embeddings,0.09422530202669077,0.37467408808820823,0
171,CPEC_ROCKFALL_0021,1,rockfall,76_37,1,76.21419269921681,37.66074702281006,"Kashgar (Xinjiang, China)",conventional_alphaearth_embeddings,Conventional + AlphaEarth Embeddings,0.9578813328203701,0.3791812820262481,1
172,CPEC_ROCKFALL_0706,1,rockfall,72_32,2,72.57825953664126,32.63916158517935,Punjab-Sindh lowland corridor,conventional_alphaearth_embeddings,Conventional + AlphaEarth Embeddings,0.964230803893334,0.37467408808820823,1
173,CPEC_ROCKFALL_0354,1,rockfall,66_27,1,66.50115582954832,27.772538827358,Balochistan,conventional_alphaearth_embeddings,Conventional + AlphaEarth Embeddings,0.9854743075890042,0.3791812820262481,1
174,RMC_100_00478,0,non_landslide,67_30,3,67.77227371629215,30.696556152469206,raster-matched control,conventional_alphaearth_embeddings,Conventional + AlphaEarth Embeddings,0.05420124262504137,0.5024470513377632,0
175,RMC_100_00449,0,non_landslide,62_25,3,62.21843947222321,25.937730934846037,raster-matched control,conventional_alphaearth_embeddings,Conventional + AlphaEarth Embeddings,0.08197576315165116,0.5024470513377632,0
176,CPEC_ROCKFALL_0713,1,rockfall,71_33,3,71.3655356595398,33.44540272845079,KP-AJK,conventional_alphaearth_embeddings,Conventional + AlphaEarth Embeddings,0.9890729180848745,0.5024470513377632,1
177,RMC_100_00679,0,non_landslide,74_35,5,74.53434201750186,35.47110188756446,raster-matched control,conventional_alphaearth_embeddings,Conventional + AlphaEarth Embeddings,0.05323983664540078,0.2084914554893409,0
178,RMC_100_00629,0,non_landslide,67_29,1,67.54320331884168,29.45014369575337,raster-matched control,conventional_alphaearth_embeddings,Conventional + AlphaEarth Embeddings,0.5345961092668803,0.3791812820262481,1
179,RMC_100_00294,0,non_landslide,67_26,5,67.00645993658026,26.708036290978526,raster-matched control,conventional_alphaearth_embeddings,Conventional + AlphaEarth Embeddings,0.1481428625513246,0.2084914554893409,0
180,RMC_100_00095,0,non_landslide,69_28,1,69.65649002473285,28.704542009934165,raster-matched control,conventional_alphaearth_embeddings,Conventional + AlphaEarth Embeddings,0.17178498692373723,0.3791812820262481,0
181,RMC_100_00077,0,non_landslide,69_32,4,69.85636517544944,32.25737895862687,raster-matched control,conventional_alphaearth_embeddings,Conventional + AlphaEarth Embeddings,0.054984670284718956,0.20592228862794998,0
182,RMC_100_00220,0,non_landslide,76_37,1,76.62067926486944,37.75956007385894,raster-matched control,conventional_alphaearth_embeddings,Conventional + AlphaEarth Embeddings,0.9289928340124051,0.3791812820262481,1
183,CPEC_ROCKFALL_0366,1,rockfall,66_27,1,66.90989040941034,27.8578815624199,Balochistan,conventional_alphaearth_embeddings,Conventional + AlphaEarth Embeddings,0.5872393747770943,0.3791812820262481,1
184,CPEC_ROCKFALL_0445,1,rockfall,69_28,1,69.1826273298359,28.83255187068211,Balochistan,conventional_alphaearth_embeddings,Conventional + AlphaEarth Embeddings,0.9528232162602017,0.3791812820262481,1
185,CPEC_ROCKFALL_0059,1,rockfall,65_27,5,65.14694913512209,27.41096815933829,Balochistan,conventional_alphaearth_embeddings,Conventional + AlphaEarth Embeddings,0.9818086711181673,0.2084914554893409,1
186,RMC_100_00658,0,non_landslide,70_32,5,70.07645242005873,32.392126251244804,raster-matched control,conventional_alphaearth_embeddings,Conventional + AlphaEarth Embeddings,0.099733109845612,0.2084914554893409,0
187,CPEC_ROCKFALL_0804,1,rockfall,75_35,1,75.25075040740718,35.58563746107321,Gilgit-Baltistan,conventional_alphaearth_embeddings,Conventional + AlphaEarth Embeddings,0.9859052265987339,0.3791812820262481,1
188,CPEC_ROCKFALL_0440,1,rockfall,70_29,4,70.03378053891765,29.54895996413082,Punjab-Sindh lowland corridor,conventional_alphaearth_embeddings,Conventional + AlphaEarth Embeddings,0.9829159092351298,0.20592228862794998,1
189,CPEC_ROCKFALL_0466,1,rockfall,69_28,1,69.17813701507508,28.83928957237386,Balochistan,conventional_alphaearth_embeddings,Conventional + AlphaEarth Embeddings,0.09010710450628147,0.3791812820262481,0
190,CPEC_ROCKFALL_0017,1,rockfall,76_37,1,76.20296468276423,37.788754436751326,"Kashgar (Xinjiang, China)",conventional_alphaearth_embeddings,Conventional + AlphaEarth Embeddings,0.9773299470010571,0.3791812820262481,1
191,RMC_100_00361,0,non_landslide,77_37,2,77.19784683491623,37.39798817200084,raster-matched control,conventional_alphaearth_embeddings,Conventional + AlphaEarth Embeddings,0.09637351719864111,0.37467408808820823,0
192,RMC_100_00682,0,non_landslide,74_35,5,74.54332517034305,35.47559346398506,raster-matched control,conventional_alphaearth_embeddings,Conventional + AlphaEarth Embeddings,0.05923501464313506,0.2084914554893409,0
193,RMC_100_00063,0,non_landslide,74_35,5,74.52086728824005,35.46661031114386,raster-matched control,conventional_alphaearth_embeddings,Conventional + AlphaEarth Embeddings,0.07683974848499278,0.2084914554893409,0
194,CPEC_ROCKFALL_0306,1,rockfall,66_27,1,66.54607235445968,27.63554632479404,Balochistan,conventional_alphaearth_embeddings,Conventional + AlphaEarth Embeddings,0.0924565073918911,0.3791812820262481,0
195,RMC_100_00598,0,non_landslide,71_35,2,71.76753094241373,35.673222826491354,raster-matched control,conventional_alphaearth_embeddings,Conventional + AlphaEarth Embeddings,0.1172534386989917,0.37467408808820823,0
196,RMC_100_00387,0,non_landslide,75_39,4,75.58761668813199,39.12275351751032,raster-matched control,conventional_alphaearth_embeddings,Conventional + AlphaEarth Embeddings,0.07702241570018385,0.20592228862794998,0
197,RMC_100_00197,0,non_landslide,67_29,1,67.40845602622375,29.656756211100856,raster-matched control,conventional_alphaearth_embeddings,Conventional + AlphaEarth Embeddings,0.09902328841927771,0.3791812820262481,0
198,CPEC_ROCKFALL_0444,1,rockfall,69_28,1,69.18038440200601,28.828061555921288,Balochistan,conventional_alphaearth_embeddings,Conventional + AlphaEarth Embeddings,0.09695838071502642,0.3791812820262481,0
199,CPEC_ROCKFALL_0089,1,rockfall,65_27,5,65.64326491877482,27.13922608204024,Balochistan,conventional_alphaearth_embeddings,Conventional + AlphaEarth Embeddings,0.9847299838404294,0.2084914554893409,1
200,RMC_100_00070,0,non_landslide,66_27,1,66.43602973116437,27.516520046686097,raster-matched control,conventional_alphaearth_embeddings,Conventional + AlphaEarth Embeddings,0.140061101860908,0.3791812820262481,0
201,RMC_100_00152,0,non_landslide,70_32,5,70.1146308196338,32.12712324242954,raster-matched control,conventional_alphaearth_embeddings,Conventional + AlphaEarth Embeddings,0.10150544618054723,0.2084914554893409,0
202,RMC_100_00320,0,non_landslide,67_29,1,67.13222407635699,29.40971950796799,raster-matched control,conventional_alphaearth_embeddings,Conventional + AlphaEarth Embeddings,0.937079599039037,0.3791812820262481,1
203,RMC_100_00174,0,non_landslide,65_26,3,65.25923670896779,26.391380153326395,raster-matched control,conventional_alphaearth_embeddings,Conventional + AlphaEarth Embeddings,0.06992163853392193,0.5024470513377632,0
204,CPEC_ROCKFALL_0933,1,rockfall,75_38,2,75.49778460576809,38.91838742482288,"Kashgar (Xinjiang, China)",conventional_alphaearth_embeddings,Conventional + AlphaEarth Embeddings,0.8869687163422678,0.37467408808820823,1
205,RMC_100_00035,0,non_landslide,66_27,1,66.28107034465374,27.141473415566196,raster-matched control,conventional_alphaearth_embeddings,Conventional + AlphaEarth Embeddings,0.08569066027238718,0.3791812820262481,0
206,CPEC_ROCKFALL_0560,1,rockfall,67_29,1,67.68693335898382,29.596119416872064,Balochistan,conventional_alphaearth_embeddings,Conventional + AlphaEarth Embeddings,0.9394667791310869,0.3791812820262481,1
207,CPEC_ROCKFALL_0209,1,rockfall,65_26,3,65.68369112892536,26.28358255819768,Balochistan,conventional_alphaearth_embeddings,Conventional + AlphaEarth Embeddings,0.9728511629767755,0.5024470513377632,1
208,CPEC_ROCKFALL_0086,1,rockfall,65_27,5,65.63652721708307,27.15045855759388,Balochistan,conventional_alphaearth_embeddings,Conventional + AlphaEarth Embeddings,0.9838886898271382,0.2084914554893409,1
209,CPEC_ROCKFALL_0880,1,rockfall,75_38,2,75.04189057316484,38.42880488376084,"Kashgar (Xinjiang, China)",conventional_alphaearth_embeddings,Conventional + AlphaEarth Embeddings,0.5907531546521534,0.37467408808820823,1
210,CPEC_ROCKFALL_0862,1,rockfall,73_35,4,73.86958844711286,35.48232900786698,Gilgit-Baltistan,conventional_alphaearth_embeddings,Conventional + AlphaEarth Embeddings,0.9815951753801664,0.20592228862794998,1
211,RMC_100_00210,0,non_landslide,72_33,4,72.65237149727146,33.78451494163006,raster-matched control,conventional_alphaearth_embeddings,Conventional + AlphaEarth Embeddings,0.04898549081603293,0.20592228862794998,0
212,CPEC_ROCKFALL_0588,1,rockfall,67_29,1,67.43091407200022,29.602857118563826,Balochistan,conventional_alphaearth_embeddings,Conventional + AlphaEarth Embeddings,0.9882202550078218,0.3791812820262481,1
213,RMC_100_00352,0,non_landslide,75_38,2,75.29117264437255,38.783639497755196,raster-matched control,conventional_alphaearth_embeddings,Conventional + AlphaEarth Embeddings,0.12249465958062263,0.37467408808820823,0
214,CPEC_ROCKFALL_0890,1,rockfall,75_38,2,75.16540767234528,38.74770641380013,"Kashgar (Xinjiang, China)",conventional_alphaearth_embeddings,Conventional + AlphaEarth Embeddings,0.9354019157789717,0.37467408808820823,1
215,RMC_100_00592,0,non_landslide,65_26,3,65.36254296664154,26.71028207918883,raster-matched control,conventional_alphaearth_embeddings,Conventional + AlphaEarth Embeddings,0.10728147847561807,0.5024470513377632,0
216,CPEC_ROCKFALL_0417,1,rockfall,70_29,4,70.0203095946352,29.508533753980288,Punjab-Sindh lowland corridor,conventional_alphaearth_embeddings,Conventional + AlphaEarth Embeddings,0.9656682915827656,0.20592228862794998,1
217,RMC_100_00615,0,non_landslide,65_26,3,65.20084621550002,26.647400009300462,raster-matched control,conventional_alphaearth_embeddings,Conventional + AlphaEarth Embeddings,0.10664769126272564,0.5024470513377632,0
218,RMC_100_00247,0,non_landslide,65_25,1,65.39398400158572,25.533489056992252,raster-matched control,conventional_alphaearth_embeddings,Conventional + AlphaEarth Embeddings,0.9773141815275085,0.3791812820262481,1
219,CPEC_ROCKFALL_0829,1,rockfall,74_35,5,74.73421705957813,35.5339832344701,Gilgit-Baltistan,conventional_alphaearth_embeddings,Conventional + AlphaEarth Embeddings,0.9778026426175183,0.2084914554893409,1
220,RMC_100_00414,0,non_landslide,68_28,5,68.53584170779375,28.913400313491955,raster-matched control,conventional_alphaearth_embeddings,Conventional + AlphaEarth Embeddings,0.09562270480014717,0.2084914554893409,0
221,CPEC_ROCKFALL_0857,1,rockfall,74_35,5,74.20645569529648,35.40372843359789,Gilgit-Baltistan,conventional_alphaearth_embeddings,Conventional + AlphaEarth Embeddings,0.9810779099428019,0.2084914554893409,1
222,RMC_100_00661,0,non_landslide,70_32,5,70.11238503142351,32.937852786347406,raster-matched control,conventional_alphaearth_embeddings,Conventional + AlphaEarth Embeddings,0.08127583243179204,0.2084914554893409,0
223,RMC_100_00613,0,non_landslide,65_28,2,65.63203755187739,28.27784224997739,raster-matched control,conventional_alphaearth_embeddings,Conventional + AlphaEarth Embeddings,0.21752341117260174,0.37467408808820823,0
224,RMC_100_00159,0,non_landslide,68_26,1,68.91537991533424,26.98875981726588,raster-matched control,conventional_alphaearth_embeddings,Conventional + AlphaEarth Embeddings,0.07792662915766381,0.3791812820262481,0
225,RMC_100_00289,0,non_landslide,67_25,3,67.15468195845999,25.877094653167973,raster-matched control,conventional_alphaearth_embeddings,Conventional + AlphaEarth Embeddings,0.05771778861108333,0.5024470513377632,0
226,CPEC_ROCKFALL_0208,1,rockfall,65_26,3,65.692671758447,26.294810574650256,Balochistan,conventional_alphaearth_embeddings,Conventional + AlphaEarth Embeddings,0.9815213739779942,0.5024470513377632,1
227,CPEC_ROCKFALL_0951,1,rockfall,75_38,2,75.49553721883716,38.9453382315899,"Kashgar (Xinjiang, China)",conventional_alphaearth_embeddings,Conventional + AlphaEarth Embeddings,0.8318864937084479,0.37467408808820823,1
228,RMC_100_00260,0,non_landslide,63_26,1,63.9319758766812,26.06798665104337,raster-matched control,conventional_alphaearth_embeddings,Conventional + AlphaEarth Embeddings,0.07229733878310944,0.3791812820262481,0
229,RMC_100_00507,0,non_landslide,67_28,4,67.24002191045133,28.313774861342175,raster-matched control,conventional_alphaearth_embeddings,Conventional + AlphaEarth Embeddings,0.05965423361164639,0.20592228862794998,0
230,CPEC_ROCKFALL_0377,1,rockfall,66_27,1,66.98400066891861,27.94097245144981,Balochistan,conventional_alphaearth_embeddings,Conventional + AlphaEarth Embeddings,0.9831681499043011,0.3791812820262481,1
231,CPEC_ROCKFALL_0036,1,rockfall,67_27,2,67.32760561879398,27.93872952361993,Balochistan,conventional_alphaearth_embeddings,Conventional + AlphaEarth Embeddings,0.9458375018111053,0.37467408808820823,1
232,RMC_100_00415,0,non_landslide,68_29,2,68.4257980854891,29.468110001435758,raster-matched control,conventional_alphaearth_embeddings,Conventional + AlphaEarth Embeddings,0.11327420675757903,0.37467408808820823,0
233,RMC_100_00631,0,non_landslide,67_26,5,67.17264826414237,26.74172311413301,raster-matched control,conventional_alphaearth_embeddings,Conventional + AlphaEarth Embeddings,0.922911918221429,0.2084914554893409,1
234,CPEC_ROCKFALL_0881,1,rockfall,75_38,2,75.04413796009577,38.43778997238354,"Kashgar (Xinjiang, China)",conventional_alphaearth_embeddings,Conventional + AlphaEarth Embeddings,0.6708924936433454,0.37467408808820823,1
235,CPEC_ROCKFALL_0382,1,rockfall,67_28,4,67.04239259721348,28.00385469450552,Balochistan,conventional_alphaearth_embeddings,Conventional + AlphaEarth Embeddings,0.9066740645068608,0.20592228862794998,1
236,RMC_100_00261,0,non_landslide,63_26,1,63.95218797057389,26.06798665104337,raster-matched control,conventional_alphaearth_embeddings,Conventional + AlphaEarth Embeddings,0.06634172036969917,0.3791812820262481,0
237,RMC_100_00239,0,non_landslide,75_37,5,75.14968798712373,37.92799418963135,raster-matched control,conventional_alphaearth_embeddings,Conventional + AlphaEarth Embeddings,0.14576792218869075,0.2084914554893409,0
238,RMC_100_00495,0,non_landslide,71_33,3,71.67320783758117,33.800235459102154,raster-matched control,conventional_alphaearth_embeddings,Conventional + AlphaEarth Embeddings,0.060934045956898,0.5024470513377632,0
239,CPEC_ROCKFALL_0027,1,rockfall,67_28,4,67.4129483538559,28.10267283295092,Balochistan,conventional_alphaearth_embeddings,Conventional + AlphaEarth Embeddings,0.9826142802870699,0.20592228862794998,1
240,CPEC_ROCKFALL_0324,1,rockfall,66_25,2,66.85149848111547,25.0573832777127,Balochistan,conventional_alphaearth_embeddings,Conventional + AlphaEarth Embeddings,0.9682636366432517,0.37467408808820823,1
241,CPEC_ROCKFALL_0412,1,rockfall,67_26,5,67.18163248670838,26.822571938931887,Punjab-Sindh lowland corridor,conventional_alphaearth_embeddings,Conventional + AlphaEarth Embeddings,0.9643896153620207,0.2084914554893409,1
242,CPEC_ROCKFALL_0403,1,rockfall,67_25,3,67.92498692782308,25.879338293096488,Punjab-Sindh lowland corridor,conventional_alphaearth_embeddings,Conventional + AlphaEarth Embeddings,0.9881236942137506,0.5024470513377632,1
243,CPEC_ROCKFALL_0013,1,rockfall,76_37,1,76.0210556552889,37.84714636504621,"Kashgar (Xinjiang, China)",conventional_alphaearth_embeddings,Conventional + AlphaEarth Embeddings,0.8692112109666136,0.3791812820262481,1
244,RMC_100_00311,0,non_landslide,71_33,3,71.28019490077888,33.31739099388791,raster-matched control,conventional_alphaearth_embeddings,Conventional + AlphaEarth Embeddings,0.0848451723374561,0.5024470513377632,0
245,CPEC_ROCKFALL_0866,1,rockfall,73_35,4,73.59560344198493,35.53847354923092,KP-AJK,conventional_alphaearth_embeddings,Conventional + AlphaEarth Embeddings,0.9839879156287296,0.20592228862794998,1
246,CPEC_ROCKFALL_0277,1,rockfall,66_27,1,66.28331536578433,27.12350775082685,Balochistan,conventional_alphaearth_embeddings,Conventional + AlphaEarth Embeddings,0.9618676837556303,0.3791812820262481,1
247,CPEC_ROCKFALL_0824,1,rockfall,75_35,1,75.99185746159095,35.19936337321741,Gilgit-Baltistan,conventional_alphaearth_embeddings,Conventional + AlphaEarth Embeddings,0.9577790667780577,0.3791812820262481,1
248,RMC_100_00057,0,non_landslide,78_39,2,78.03103426093709,39.95144936711058,raster-matched control,conventional_alphaearth_embeddings,Conventional + AlphaEarth Embeddings,0.12126391191010337,0.37467408808820823,0
249,RMC_100_00635,0,non_landslide,66_29,5,66.90315367890652,29.92175921991612,raster-matched control,conventional_alphaearth_embeddings,Conventional + AlphaEarth Embeddings,0.5693951210002937,0.2084914554893409,1
250,CPEC_ROCKFALL_0202,1,rockfall,65_26,3,65.69716653230887,26.301548276342007,Balochistan,conventional_alphaearth_embeddings,Conventional + AlphaEarth Embeddings,0.9870794046457474,0.5024470513377632,1
251,RMC_100_00557,0,non_landslide,67_27,2,67.24226769866164,27.532240564158187,raster-matched control,conventional_alphaearth_embeddings,Conventional + AlphaEarth Embeddings,0.14298981548745318,0.37467408808820823,0
252,CPEC_ROCKFALL_0198,1,rockfall,65_26,3,65.53322322297788,26.42282244769257,Balochistan,conventional_alphaearth_embeddings,Conventional + AlphaEarth Embeddings,0.9637986759783044,0.5024470513377632,1
253,CPEC_ROCKFALL_0576,1,rockfall,67_29,1,67.21981130992799,29.46586461599985,Balochistan,conventional_alphaearth_embeddings,Conventional + AlphaEarth Embeddings,0.988632059035899,0.3791812820262481,1
254,RMC_100_00126,0,non_landslide,68_28,5,68.97152462059171,28.796619326556417,raster-matched control,conventional_alphaearth_embeddings,Conventional + AlphaEarth Embeddings,0.10062985625188245,0.2084914554893409,0
255,RMC_100_00147,0,non_landslide,65_27,5,65.60284230514351,27.136981839145598,raster-matched control,conventional_alphaearth_embeddings,Conventional + AlphaEarth Embeddings,0.10400376311646418,0.2084914554893409,0
256,RMC_100_00328,0,non_landslide,73_35,4,73.43390579445544,35.56991656881761,raster-matched control,conventional_alphaearth_embeddings,Conventional + AlphaEarth Embeddings,0.11487939690278764,0.20592228862794998,0
257,CPEC_ROCKFALL_0390,1,rockfall,66_29,5,66.53259695107617,29.322134411744138,Balochistan,conventional_alphaearth_embeddings,Conventional + AlphaEarth Embeddings,0.8584685596582659,0.2084914554893409,1
258,CPEC_ROCKFALL_0685,1,rockfall,70_32,5,70.3684048592714,32.9266219936908,KP-AJK,conventional_alphaearth_embeddings,Conventional + AlphaEarth Embeddings,0.9716796840086546,0.2084914554893409,1
259,RMC_100_00101,0,non_landslide,65_26,3,65.27046565001929,26.279090742811455,raster-matched control,conventional_alphaearth_embeddings,Conventional + AlphaEarth Embeddings,0.12175072853884093,0.5024470513377632,0
260,CPEC_ROCKFALL_0439,1,rockfall,70_29,4,70.03378053891764,29.54671257719989,Punjab-Sindh lowland corridor,conventional_alphaearth_embeddings,Conventional + AlphaEarth Embeddings,0.9831098211938095,0.20592228862794998,1
261,RMC_100_00010,0,non_landslide,69_31,2,69.63852371905045,31.819450257618605,raster-matched control,conventional_alphaearth_embeddings,Conventional + AlphaEarth Embeddings,0.08343793252616122,0.37467408808820823,0
262,RMC_100_00024,0,non_landslide,64_26,2,64.43727822399843,26.959564570531995,raster-matched control,conventional_alphaearth_embeddings,Conventional + AlphaEarth Embeddings,0.09268503221935177,0.37467408808820823,0
263,RMC_100_00630,0,non_landslide,67_29,1,67.3073955567603,29.479338942487253,raster-matched control,conventional_alphaearth_embeddings,Conventional + AlphaEarth Embeddings,0.5585983616773003,0.3791812820262481,1
264,RMC_100_00136,0,non_landslide,65_27,5,65.50851920031096,27.008971911158568,raster-matched control,conventional_alphaearth_embeddings,Conventional + AlphaEarth Embeddings,0.11041365955604289,0.2084914554893409,0
265,CPEC_ROCKFALL_0819,1,rockfall,75_35,1,75.83689924088264,35.32737078715868,Gilgit-Baltistan,conventional_alphaearth_embeddings,Conventional + AlphaEarth Embeddings,0.9770548087384943,0.3791812820262481,1
266,CPEC_ROCKFALL_0318,1,rockfall,66_28,3,66.35742562529262,28.158817374314857,Balochistan,conventional_alphaearth_embeddings,Conventional + AlphaEarth Embeddings,0.9628007976459428,0.5024470513377632,1
267,RMC_100_00154,0,non_landslide,65_26,3,65.2524993443369,26.61146739793568,raster-matched control,conventional_alphaearth_embeddings,Conventional + AlphaEarth Embeddings,0.08013202003590268,0.5024470513377632,0
268,RMC_100_00149,0,non_landslide,65_27,5,65.51750235315215,27.008971911158568,raster-matched control,conventional_alphaearth_embeddings,Conventional + AlphaEarth Embeddings,0.11365921727763575,0.2084914554893409,0
269,CPEC_ROCKFALL_0205,1,rockfall,65_26,3,65.69491914537794,26.29705796158119,Balochistan,conventional_alphaearth_embeddings,Conventional + AlphaEarth Embeddings,0.9758110709805878,0.5024470513377632,1
270,RMC_100_00052,0,non_landslide,65_27,5,65.91276107816475,27.711903620982092,raster-matched control,conventional_alphaearth_embeddings,Conventional + AlphaEarth Embeddings,0.07427860856156222,0.2084914554893409,0
271,CPEC_ROCKFALL_0431,1,rockfall,70_29,4,70.02704729632694,29.52874685905556,Punjab-Sindh lowland corridor,conventional_alphaearth_embeddings,Conventional + AlphaEarth Embeddings,0.9755584374098931,0.20592228862794998,1
272,CPEC_ROCKFALL_0595,1,rockfall,67_29,1,67.1704044702558,29.93523405198663,Balochistan,conventional_alphaearth_embeddings,Conventional + AlphaEarth Embeddings,0.9879085765711095,0.3791812820262481,1
273,CPEC_ROCKFALL_0665,1,rockfall,68_30,4,68.36067231445212,30.662870161887927,Balochistan,conventional_alphaearth_embeddings,Conventional + AlphaEarth Embeddings,0.9787091688823181,0.20592228862794998,1
274,RMC_100_00586,0,non_landslide,77_39,1,77.30115309258997,39.297924997913626,raster-matched control,conventional_alphaearth_embeddings,Conventional + AlphaEarth Embeddings,0.0739802045650288,0.3791812820262481,0
275,CPEC_ROCKFALL_0527,1,rockfall,67_29,1,67.90702120967875,29.68370507976385,Balochistan,conventional_alphaearth_embeddings,Conventional + AlphaEarth Embeddings,0.980385505992204,0.3791812820262481,1
276,CPEC_ROCKFALL_0519,1,rockfall,67_29,1,67.88231778984266,29.681457692832915,Balochistan,conventional_alphaearth_embeddings,Conventional + AlphaEarth Embeddings,0.9825731160785418,0.3791812820262481,1
277,RMC_100_00493,0,non_landslide,70_31,3,70.1348429135265,31.62182089511231,raster-matched control,conventional_alphaearth_embeddings,Conventional + AlphaEarth Embeddings,0.04631169242548003,0.5024470513377632,0
278,CPEC_ROCKFALL_0373,1,rockfall,66_27,1,66.98400066891861,27.952204927003443,Balochistan,conventional_alphaearth_embeddings,Conventional + AlphaEarth Embeddings,0.12342772497557412,0.3791812820262481,0
279,RMC_100_00420,0,non_landslide,67_26,5,67.06260464183774,26.809096760441975,raster-matched control,conventional_alphaearth_embeddings,Conventional + AlphaEarth Embeddings,0.09374663909008076,0.2084914554893409,0
280,CPEC_ROCKFALL_0053,1,rockfall,63_27,3,63.534471307680256,27.07634383898455,Balochistan,conventional_alphaearth_embeddings,Conventional + AlphaEarth Embeddings,0.6876781386729809,0.5024470513377632,1
281,RMC_100_00502,0,non_landslide,76_35,2,76.47470303120002,35.105038409285754,raster-matched control,conventional_alphaearth_embeddings,Conventional + AlphaEarth Embeddings,0.09255312151821837,0.37467408808820823,0
282,RMC_100_00645,0,non_landslide,69_30,5,69.02093196121828,30.826811868666532,raster-matched control,conventional_alphaearth_embeddings,Conventional + AlphaEarth Embeddings,0.10776065098040519,0.2084914554893409,0
283,CPEC_ROCKFALL_0293,1,rockfall,66_27,1,66.44725867511532,27.541222960210494,Balochistan,conventional_alphaearth_embeddings,Conventional + AlphaEarth Embeddings,0.7991997069098452,0.3791812820262481,1
284,RMC_100_00619,0,non_landslide,65_27,5,65.18287990981763,27.401984847960858,raster-matched control,conventional_alphaearth_embeddings,Conventional + AlphaEarth Embeddings,0.08823942709649482,0.2084914554893409,0
285,CPEC_ROCKFALL_0531,1,rockfall,67_29,1,67.91151152443956,29.68819539452467,Balochistan,conventional_alphaearth_embeddings,Conventional + AlphaEarth Embeddings,0.9753719271758023,0.3791812820262481,1
286,RMC_100_00544,0,non_landslide,71_31,4,71.92024454071404,31.47359887323259,raster-matched control,conventional_alphaearth_embeddings,Conventional + AlphaEarth Embeddings,0.07049258298217112,0.20592228862794998,0
287,RMC_100_00448,0,non_landslide,66_26,4,66.20246775729329,26.018579310416797,raster-matched control,conventional_alphaearth_embeddings,Conventional + AlphaEarth Embeddings,0.14789007198499327,0.20592228862794998,0
288,CPEC_ROCKFALL_0458,1,rockfall,69_28,1,69.1826273298359,28.863992992209944,Balochistan,conventional_alphaearth_embeddings,Conventional + AlphaEarth Embeddings,0.9857698603292634,0.3791812820262481,1
289,CPEC_ROCKFALL_0229,1,rockfall,65_26,3,65.77352417874808,26.281335171266733,Balochistan,conventional_alphaearth_embeddings,Conventional + AlphaEarth Embeddings,0.9803780589042336,0.5024470513377632,1
290,CPEC_ROCKFALL_0624,1,rockfall,67_30,3,67.21307360823623,30.272101300170256,Balochistan,conventional_alphaearth_embeddings,Conventional + AlphaEarth Embeddings,0.28569091153076576,0.5024470513377632,0
291,CPEC_ROCKFALL_0463,1,rockfall,69_28,1,69.18038440200601,28.872978080832645,Balochistan,conventional_alphaearth_embeddings,Conventional + AlphaEarth Embeddings,0.4424693353089308,0.3791812820262481,1
292,CPEC_ROCKFALL_0820,1,rockfall,75_35,1,75.85486495902698,35.30266736732259,Gilgit-Baltistan,conventional_alphaearth_embeddings,Conventional + AlphaEarth Embeddings,0.32874298751050673,0.3791812820262481,0
293,RMC_100_00520,0,non_landslide,66_26,4,66.34170662633181,26.5732889983606,raster-matched control,conventional_alphaearth_embeddings,Conventional + AlphaEarth Embeddings,0.11782875172496454,0.20592228862794998,0
294,CPEC_ROCKFALL_0935,1,rockfall,75_38,2,75.50003199269902,38.92287773958369,"Kashgar (Xinjiang, China)",conventional_alphaearth_embeddings,Conventional + AlphaEarth Embeddings,0.9573486958170296,0.37467408808820823,1
295,RMC_100_00203,0,non_landslide,66_29,5,66.88294158501382,29.984641289804483,raster-matched control,conventional_alphaearth_embeddings,Conventional + AlphaEarth Embeddings,0.8566490116656803,0.2084914554893409,1
296,RMC_100_00344,0,non_landslide,74_36,2,74.30302583184107,36.18750832664978,raster-matched control,conventional_alphaearth_embeddings,Conventional + AlphaEarth Embeddings,0.10820355145433613,0.37467408808820823,0
297,CPEC_ROCKFALL_0514,1,rockfall,67_29,1,67.89129841936429,29.67247706331128,Balochistan,conventional_alphaearth_embeddings,Conventional + AlphaEarth Embeddings,0.09189292544361541,0.3791812820262481,0
298,RMC_100_00069,0,non_landslide,66_27,1,66.33047768528033,27.725378350243886,raster-matched control,conventional_alphaearth_embeddings,Conventional + AlphaEarth Embeddings,0.06786290988108734,0.3791812820262481,0
299,RMC_100_00230,0,non_landslide,75_35,1,75.43490308983168,35.41720297051729,raster-matched control,conventional_alphaearth_embeddings,Conventional + AlphaEarth Embeddings,0.10384227261645776,0.3791812820262481,0
300,RMC_100_00299,0,non_landslide,67_30,3,67.94295362027486,30.02955705401046,raster-matched control,conventional_alphaearth_embeddings,Conventional + AlphaEarth Embeddings,0.053460203618884414,0.5024470513377632,0
301,CPEC_ROCKFALL_0298,1,rockfall,66_27,1,66.48768488526586,27.58164917036104,Balochistan,conventional_alphaearth_embeddings,Conventional + AlphaEarth Embeddings,0.9834567575662019,0.3791812820262481,1
302,CPEC_ROCKFALL_0328,1,rockfall,66_25,2,66.8537458680464,25.06187359247352,Balochistan,conventional_alphaearth_embeddings,Conventional + AlphaEarth Embeddings,0.9687142240647489,0.37467408808820823,1
303,RMC_100_00670,0,non_landslide,74_35,5,74.32772950215437,35.9629295056199,raster-matched control,conventional_alphaearth_embeddings,Conventional + AlphaEarth Embeddings,0.1359063067122078,0.2084914554893409,0
304,CPEC_ROCKFALL_0073,1,rockfall,63_26,1,63.961171605686594,26.07697011088626,Balochistan,conventional_alphaearth_embeddings,Conventional + AlphaEarth Embeddings,0.9859742791115776,0.3791812820262481,1
305,CPEC_ROCKFALL_0950,1,rockfall,75_38,2,75.49778460576809,38.94758115941979,"Kashgar (Xinjiang, China)",conventional_alphaearth_embeddings,Conventional + AlphaEarth Embeddings,0.4657126475580605,0.37467408808820823,1
306,CPEC_ROCKFALL_0658,1,rockfall,70_31,3,70.0203095946352,31.42643770807789,KP-AJK,conventional_alphaearth_embeddings,Conventional + AlphaEarth Embeddings,0.9354260956904275,0.5024470513377632,1
307,RMC_100_00597,0,non_landslide,67_29,1,67.38599814412076,29.717392492778927,raster-matched control,conventional_alphaearth_embeddings,Conventional + AlphaEarth Embeddings,0.290436607187942,0.3791812820262481,0
308,CPEC_ROCKFALL_0008,1,rockfall,75_38,2,75.87058774934144,38.40859177868556,"Kashgar (Xinjiang, China)",conventional_alphaearth_embeddings,Conventional + AlphaEarth Embeddings,0.3293466423200726,0.37467408808820823,0
309,CPEC_ROCKFALL_0667,1,rockfall,69_30,5,69.15568098216993,30.44502969812393,Balochistan,conventional_alphaearth_embeddings,Conventional + AlphaEarth Embeddings,0.9346331143275564,0.2084914554893409,1
310,CPEC_ROCKFALL_0114,1,rockfall,65_27,5,65.86784754333162,27.478340717154804,Balochistan,conventional_alphaearth_embeddings,Conventional + AlphaEarth Embeddings,0.9847710955649088,0.2084914554893409,1
311,CPEC_ROCKFALL_0504,1,rockfall,68_29,2,68.5111402203996,29.33111504126578,Balochistan,conventional_alphaearth_embeddings,Conventional + AlphaEarth Embeddings,0.965951814032141,0.37467408808820823,1
312,CPEC_ROCKFALL_0555,1,rockfall,67_29,1,67.69367106067557,29.58938171518032,Balochistan,conventional_alphaearth_embeddings,Conventional + AlphaEarth Embeddings,0.9804171899631552,0.3791812820262481,1
313,CPEC_ROCKFALL_0351,1,rockfall,66_27,1,66.49666551478751,27.77703360121988,Balochistan,conventional_alphaearth_embeddings,Conventional + AlphaEarth Embeddings,0.9874470237837336,0.3791812820262481,1
314,CPEC_ROCKFALL_0376,1,rockfall,66_27,1,66.9929857575413,27.965675871285907,Balochistan,conventional_alphaearth_embeddings,Conventional + AlphaEarth Embeddings,0.1106752919112488,0.3791812820262481,0
315,RMC_100_00612,0,non_landslide,65_28,2,65.63877491650828,28.291316979239184,raster-matched control,conventional_alphaearth_embeddings,Conventional + AlphaEarth Embeddings,0.08422314017795779,0.37467408808820823,0
316,RMC_100_00121,0,non_landslide,69_29,3,69.81144941124347,29.045901817899583,raster-matched control,conventional_alphaearth_embeddings,Conventional + AlphaEarth Embeddings,0.1432180271316806,0.5024470513377632,0
317,CPEC_ROCKFALL_0825,1,rockfall,75_35,1,75.99635223545282,35.194868599355544,Gilgit-Baltistan,conventional_alphaearth_embeddings,Conventional + AlphaEarth Embeddings,0.9869545071884802,0.3791812820262481,1
318,CPEC_ROCKFALL_0448,1,rockfall,69_28,1,69.17813701507508,28.83479925761304,Balochistan,conventional_alphaearth_embeddings,Conventional + AlphaEarth Embeddings,0.969396840890352,0.3791812820262481,1
319,CPEC_ROCKFALL_0428,1,rockfall,70_29,4,70.02479990939601,29.519761770432865,Punjab-Sindh lowland corridor,conventional_alphaearth_embeddings,Conventional + AlphaEarth Embeddings,0.9830088841008627,0.20592228862794998,1
320,CPEC_ROCKFALL_0270,1,rockfall,66_27,1,66.2900530674761,27.085328927607247,Balochistan,conventional_alphaearth_embeddings,Conventional + AlphaEarth Embeddings,0.9610913138980802,0.3791812820262481,1
321,RMC_100_00266,0,non_landslide,66_26,4,66.14183147561522,26.699053138137334,raster-matched control,conventional_alphaearth_embeddings,Conventional + AlphaEarth Embeddings,0.9146401395015461,0.20592228862794998,1
322,RMC_100_00235,0,non_landslide,74_38,1,74.96328756566892,38.354693949588125,raster-matched control,conventional_alphaearth_embeddings,Conventional + AlphaEarth Embeddings,0.14957097258723548,0.3791812820262481,0
323,RMC_100_00054,0,non_landslide,69_31,2,69.3825038630764,31.635295624374102,raster-matched control,conventional_alphaearth_embeddings,Conventional + AlphaEarth Embeddings,0.10917747500022223,0.37467408808820823,0
324,CPEC_ROCKFALL_0703,1,rockfall,72_32,2,72.41881100117214,32.57178902736284,Punjab-Sindh lowland corridor,conventional_alphaearth_embeddings,Conventional + AlphaEarth Embeddings,0.9286276109529857,0.37467408808820823,1
325,RMC_100_00538,0,non_landslide,70_31,3,70.23814917120023,31.95868912665713,raster-matched control,conventional_alphaearth_embeddings,Conventional + AlphaEarth Embeddings,0.052894265069724125,0.5024470513377632,0
326,RMC_100_00568,0,non_landslide,70_33,2,70.35717594634608,33.137727937064,raster-matched control,conventional_alphaearth_embeddings,Conventional + AlphaEarth Embeddings,0.08426350936462663,0.37467408808820823,0
327,CPEC_ROCKFALL_0579,1,rockfall,67_29,1,67.21981130992799,29.461374301239044,Balochistan,conventional_alphaearth_embeddings,Conventional + AlphaEarth Embeddings,0.9728472456953462,0.3791812820262481,1
328,CPEC_ROCKFALL_0826,1,rockfall,74_35,5,74.70277593805028,35.54521125092267,Gilgit-Baltistan,conventional_alphaearth_embeddings,Conventional + AlphaEarth Embeddings,0.9769358476278093,0.2084914554893409,1
329,RMC_100_00463,0,non_landslide,66_26,4,66.83128845617695,26.546339539837014,raster-matched control,conventional_alphaearth_embeddings,Conventional + AlphaEarth Embeddings,0.08989339199145546,0.20592228862794998,0
330,CPEC_ROCKFALL_0064,1,rockfall,63_26,1,63.99036534028351,26.398119027856485,Balochistan,conventional_alphaearth_embeddings,Conventional + AlphaEarth Embeddings,0.9876055482679886,0.3791812820262481,1
331,CPEC_ROCKFALL_0087,1,rockfall,65_27,5,65.64551230570576,27.15045855759388,Balochistan,conventional_alphaearth_embeddings,Conventional + AlphaEarth Embeddings,0.9807067265336552,0.2084914554893409,1
332,CPEC_ROCKFALL_0614,1,rockfall,67_30,3,67.20184559178365,30.276591614931068,Balochistan,conventional_alphaearth_embeddings,Conventional + AlphaEarth Embeddings,0.9826094771922592,0.5024470513377632,1
333,CPEC_ROCKFALL_0818,1,rockfall,75_35,1,75.83465185395171,35.32961817408962,Gilgit-Baltistan,conventional_alphaearth_embeddings,Conventional + AlphaEarth Embeddings,0.5916805298207186,0.3791812820262481,1
334,CPEC_ROCKFALL_0106,1,rockfall,65_27,5,65.82293101842026,27.455884684249643,Balochistan,conventional_alphaearth_embeddings,Conventional + AlphaEarth Embeddings,0.9811039117324958,0.2084914554893409,1
335,RMC_100_00177,0,non_landslide,66_26,4,66.43602973116437,26.72151102024032,raster-matched control,conventional_alphaearth_embeddings,Conventional + AlphaEarth Embeddings,0.17179417123613033,0.20592228862794998,0
336,CPEC_ROCKFALL_0581,1,rockfall,67_29,1,67.21981130992799,29.459126914308104,Balochistan,conventional_alphaearth_embeddings,Conventional + AlphaEarth Embeddings,0.984466088473299,0.3791812820262481,1
337,CPEC_ROCKFALL_0336,1,rockfall,66_26,4,66.55281005615144,26.076970110886265,Balochistan,conventional_alphaearth_embeddings,Conventional + AlphaEarth Embeddings,0.9829510192839136,0.20592228862794998,1
338,RMC_100_00089,0,non_landslide,66_27,1,66.71675325745171,27.525503199527293,raster-matched control,conventional_alphaearth_embeddings,Conventional + AlphaEarth Embeddings,0.07265699253283273,0.3791812820262481,0
339,CPEC_ROCKFALL_0488,1,rockfall,68_29,2,68.67283614279965,29.398492058183344,Balochistan,conventional_alphaearth_embeddings,Conventional + AlphaEarth Embeddings,0.8195275849882991,0.37467408808820823,1
340,CPEC_ROCKFALL_0659,1,rockfall,70_31,3,70.14607408074657,31.61508443724497,KP-AJK,conventional_alphaearth_embeddings,Conventional + AlphaEarth Embeddings,0.9670226617450577,0.5024470513377632,1
341,RMC_100_00084,0,non_landslide,68_30,4,68.79410735197811,30.20023695799317,raster-matched control,conventional_alphaearth_embeddings,Conventional + AlphaEarth Embeddings,0.07395609907953873,0.20592228862794998,0
342,CPEC_ROCKFALL_0309,1,rockfall,66_27,1,66.55505744308238,27.61084290495795,Balochistan,conventional_alphaearth_embeddings,Conventional + AlphaEarth Embeddings,0.9583103925704851,0.3791812820262481,1
343,CPEC_ROCKFALL_0388,1,rockfall,66_27,1,66.93459382924642,27.67821546277446,Balochistan,conventional_alphaearth_embeddings,Conventional + AlphaEarth Embeddings,0.7784638260462672,0.3791812820262481,1
344,RMC_100_00655,0,non_landslide,76_39,5,76.86771596800232,39.88182993259131,raster-matched control,conventional_alphaearth_embeddings,Conventional + AlphaEarth Embeddings,0.09988876490897211,0.2084914554893409,0
345,RMC_100_00183,0,non_landslide,74_35,5,74.64663142801679,35.781020660585696,raster-matched control,conventional_alphaearth_embeddings,Conventional + AlphaEarth Embeddings,0.9529427410893052,0.2084914554893409,1
346,CPEC_ROCKFALL_0308,1,rockfall,66_27,1,66.55281005615144,27.613090291888884,Balochistan,conventional_alphaearth_embeddings,Conventional + AlphaEarth Embeddings,0.1566718172337372,0.3791812820262481,0
347,CPEC_ROCKFALL_0405,1,rockfall,67_25,3,67.88007040291171,25.89730847034188,Punjab-Sindh lowland corridor,conventional_alphaearth_embeddings,Conventional + AlphaEarth Embeddings,0.9866211112369029,0.5024470513377632,1
348,CPEC_ROCKFALL_0085,1,rockfall,65_27,5,65.638774604014,27.15045855759388,Balochistan,conventional_alphaearth_embeddings,Conventional + AlphaEarth Embeddings,0.9770262461817284,0.2084914554893409,1
349,CPEC_ROCKFALL_0524,1,rockfall,67_29,1,67.90028350798698,29.681457692832915,Balochistan,conventional_alphaearth_embeddings,Conventional + AlphaEarth Embeddings,0.9815072479075473,0.3791812820262481,1
350,RMC_100_00304,0,non_landslide,71_33,3,71.53172318033235,33.654259225432725,raster-matched control,conventional_alphaearth_embeddings,Conventional + AlphaEarth Embeddings,0.15110351026638816,0.5024470513377632,0
351,CPEC_ROCKFALL_0563,1,rockfall,67_29,1,67.55892594504255,29.65226395823601,Balochistan,conventional_alphaearth_embeddings,Conventional + AlphaEarth Embeddings,0.9700214156044987,0.3791812820262481,1
352,CPEC_ROCKFALL_0030,1,rockfall,67_28,4,67.41070096692495,28.08245972787565,Balochistan,conventional_alphaearth_embeddings,Conventional + AlphaEarth Embeddings,0.8488005293364788,0.20592228862794998,1
353,RMC_100_00556,0,non_landslide,64_28,1,64.94931793594655,28.572040505526537,raster-matched control,conventional_alphaearth_embeddings,Conventional + AlphaEarth Embeddings,0.36800954839302014,0.3791812820262481,0
354,RMC_100_00283,0,non_landslide,65_26,3,65.35131402559004,26.23192919039518,raster-matched control,conventional_alphaearth_embeddings,Conventional + AlphaEarth Embeddings,0.10541253615173948,0.5024470513377632,0
355,CPEC_ROCKFALL_0399,1,rockfall,67_25,3,67.88680810460349,25.868110276643904,Punjab-Sindh lowland corridor,conventional_alphaearth_embeddings,Conventional + AlphaEarth Embeddings,0.21353511217580165,0.5024470513377632,0
356,CPEC_ROCKFALL_0063,1,rockfall,63_26,1,63.98362763859175,26.402609342617307,Balochistan,conventional_alphaearth_embeddings,Conventional + AlphaEarth Embeddings,0.9858806613027931,0.3791812820262481,1
357,CPEC_ROCKFALL_0602,1,rockfall,66_29,5,66.90315270771858,29.96442778658354,Balochistan,conventional_alphaearth_embeddings,Conventional + AlphaEarth Embeddings,0.10883774462203681,0.2084914554893409,0
358,RMC_100_00073,0,non_landslide,66_27,1,66.51687810673512,27.77478569087046,raster-matched control,conventional_alphaearth_embeddings,Conventional + AlphaEarth Embeddings,0.08986131491033125,0.3791812820262481,0
359,RMC_100_00326,0,non_landslide,73_35,4,73.81344400199593,35.437415064409976,raster-matched control,conventional_alphaearth_embeddings,Conventional + AlphaEarth Embeddings,0.06803907477953462,0.20592228862794998,0
360,RMC_100_00257,0,non_landslide,65_28,2,65.94420211310893,28.127374439887372,raster-matched control,conventional_alphaearth_embeddings,Conventional + AlphaEarth Embeddings,0.14774833173530408,0.37467408808820823,0
361,CPEC_ROCKFALL_0525,1,rockfall,67_29,1,67.90253089491793,29.681457692832915,Balochistan,conventional_alphaearth_embeddings,Conventional + AlphaEarth Embeddings,0.7093996677638372,0.3791812820262481,1
362,CPEC_ROCKFALL_0626,1,rockfall,67_30,3,67.20633590654447,30.272101300170256,Balochistan,conventional_alphaearth_embeddings,Conventional + AlphaEarth Embeddings,0.5066478053024835,0.5024470513377632,1
363,RMC_100_00647,0,non_landslide,74_35,5,74.61743618128291,35.67546861470165,raster-matched control,conventional_alphaearth_embeddings,Conventional + AlphaEarth Embeddings,0.08288665306767061,0.2084914554893409,0
364,RMC_100_00342,0,non_landslide,74_36,2,74.40633208951482,36.24365303190725,raster-matched control,conventional_alphaearth_embeddings,Conventional + AlphaEarth Embeddings,0.07284435541054769,0.37467408808820823,0
365,RMC_100_00104,0,non_landslide,66_27,1,66.85823791470054,27.846650913600023,raster-matched control,conventional_alphaearth_embeddings,Conventional + AlphaEarth Embeddings,0.08302252868353555,0.3791812820262481,0
366,RMC_100_00515,0,non_landslide,63_26,1,63.56366661019219,26.11963977988024,raster-matched control,conventional_alphaearth_embeddings,Conventional + AlphaEarth Embeddings,0.16638891789034616,0.3791812820262481,0
367,RMC_100_00480,0,non_landslide,67_30,3,67.82392684512902,30.671852482155916,raster-matched control,conventional_alphaearth_embeddings,Conventional + AlphaEarth Embeddings,0.07494059720540737,0.5024470513377632,0
368,CPEC_ROCKFALL_0234,1,rockfall,66_26,4,66.18674907337092,26.184768878853315,Balochistan,conventional_alphaearth_embeddings,Conventional + AlphaEarth Embeddings,0.9861826722529979,0.20592228862794998,1
369,CPEC_ROCKFALL_0831,1,rockfall,74_35,5,74.73421705957813,35.53174030664021,Gilgit-Baltistan,conventional_alphaearth_embeddings,Conventional + AlphaEarth Embeddings,0.9798499858888237,0.2084914554893409,1
370,CPEC_ROCKFALL_0913,1,rockfall,75_38,2,75.45736285471861,38.81507897161664,"Kashgar (Xinjiang, China)",conventional_alphaearth_embeddings,Conventional + AlphaEarth Embeddings,0.9678816857080647,0.37467408808820823,1
371,CPEC_ROCKFALL_0874,1,rockfall,75_37,5,75.1878681643515,37.923504011485406,"Kashgar (Xinjiang, China)",conventional_alphaearth_embeddings,Conventional + AlphaEarth Embeddings,0.9861004060779759,0.2084914554893409,1
372,RMC_100_00129,0,non_landslide,67_27,2,67.25125085150283,27.179651815141277,raster-matched control,conventional_alphaearth_embeddings,Conventional + AlphaEarth Embeddings,0.09499961338348278,0.37467408808820823,0
373,CPEC_ROCKFALL_0675,1,rockfall,70_29,4,70.00907711908155,29.955447157061897,Punjab-Sindh lowland corridor,conventional_alphaearth_embeddings,Conventional + AlphaEarth Embeddings,0.9851310057512267,0.20592228862794998,1
374,CPEC_ROCKFALL_0708,1,rockfall,72_32,2,72.59173494002476,32.634671270418536,Punjab-Sindh lowland corridor,conventional_alphaearth_embeddings,Conventional + AlphaEarth Embeddings,0.9553281550211635,0.37467408808820823,1
375,CPEC_ROCKFALL_0396,1,rockfall,67_25,3,67.8890554915344,25.86137257495216,Punjab-Sindh lowland corridor,conventional_alphaearth_embeddings,Conventional + AlphaEarth Embeddings,0.9851270165279855,0.5024470513377632,1
376,CPEC_ROCKFALL_0513,1,rockfall,67_29,1,67.89129841936429,29.67022967638034,Balochistan,conventional_alphaearth_embeddings,Conventional + AlphaEarth Embeddings,0.9771866689846201,0.3791812820262481,1
377,RMC_100_00531,0,non_landslide,68_29,2,68.49990909642896,29.115521252418844,raster-matched control,conventional_alphaearth_embeddings,Conventional + AlphaEarth Embeddings,0.08980899188068277,0.37467408808820823,0
378,RMC_100_00466,0,non_landslide,67_29,1,67.03565518331415,29.72412985740982,raster-matched control,conventional_alphaearth_embeddings,Conventional + AlphaEarth Embeddings,0.5560148096791244,0.3791812820262481,1
379,CPEC_ROCKFALL_0798,1,rockfall,72_35,3,72.56029381849693,35.52500260494845,KP-AJK,conventional_alphaearth_embeddings,Conventional + AlphaEarth Embeddings,0.9826911980836076,0.5024470513377632,1
380,RMC_100_00045,0,non_landslide,66_27,1,66.41581763727167,27.460375341428627,raster-matched control,conventional_alphaearth_embeddings,Conventional + AlphaEarth Embeddings,0.09873259815938461,0.3791812820262481,0
381,CPEC_ROCKFALL_0660,1,rockfall,70_31,3,70.20221862211051,31.74533923811718,KP-AJK,conventional_alphaearth_embeddings,Conventional + AlphaEarth Embeddings,0.989599600732581,0.5024470513377632,1
382,CPEC_ROCKFALL_0372,1,rockfall,66_27,1,66.98624805584954,27.95444785483333,Balochistan,conventional_alphaearth_embeddings,Conventional + AlphaEarth Embeddings,0.9812962218357836,0.3791812820262481,1
383,CPEC_ROCKFALL_0863,1,rockfall,73_35,4,73.86734106018193,35.48457639479791,Gilgit-Baltistan,conventional_alphaearth_embeddings,Conventional + AlphaEarth Embeddings,0.9837995200604791,0.20592228862794998,1
384,CPEC_ROCKFALL_0418,1,rockfall,70_29,4,70.0203095946352,29.50628636704935,Punjab-Sindh lowland corridor,conventional_alphaearth_embeddings,Conventional + AlphaEarth Embeddings,0.9347253471870989,0.20592228862794998,1
385,RMC_100_00687,0,non_landslide,73_35,4,73.75954508494877,35.52050922819103,raster-matched control,conventional_alphaearth_embeddings,Conventional + AlphaEarth Embeddings,0.12974026389007748,0.20592228862794998,0
386,CPEC_ROCKFALL_0076,1,rockfall,63_26,1,63.95892421875566,26.07697011088626,Balochistan,conventional_alphaearth_embeddings,Conventional + AlphaEarth Embeddings,0.7496385105634674,0.3791812820262481,1
387,CPEC_ROCKFALL_0898,1,rockfall,75_38,2,75.33159836860722,38.79262293871148,"Kashgar (Xinjiang, China)",conventional_alphaearth_embeddings,Conventional + AlphaEarth Embeddings,0.45929717512603474,0.37467408808820823,1
388,RMC_100_00148,0,non_landslide,65_26,3,65.46584922431528,26.9483356294805,raster-matched control,conventional_alphaearth_embeddings,Conventional + AlphaEarth Embeddings,0.0692153831190896,0.5024470513377632,0
389,CPEC_ROCKFALL_0647,1,rockfall,68_30,4,68.1540598671407,30.040785433022744,Balochistan,conventional_alphaearth_embeddings,Conventional + AlphaEarth Embeddings,0.06728177777291318,0.20592228862794998,0
390,CPEC_ROCKFALL_0310,1,rockfall,66_27,1,66.56179514477414,27.60185781633525,Balochistan,conventional_alphaearth_embeddings,Conventional + AlphaEarth Embeddings,0.39279631109900276,0.3791812820262481,1
391,RMC_100_00041,0,non_landslide,66_27,1,66.44950446042616,27.610843151518647,raster-matched control,conventional_alphaearth_embeddings,Conventional + AlphaEarth Embeddings,0.1413798800292576,0.3791812820262481,0
392,RMC_100_00026,0,non_landslide,66_27,1,66.29454507391554,27.013463487579166,raster-matched control,conventional_alphaearth_embeddings,Conventional + AlphaEarth Embeddings,0.0717599993987172,0.3791812820262481,0
393,RMC_100_00334,0,non_landslide,75_38,2,75.15193377533402,38.74770688639042,raster-matched control,conventional_alphaearth_embeddings,Conventional + AlphaEarth Embeddings,0.11860030028789256,0.37467408808820823,0
394,CPEC_ROCKFALL_0316,1,rockfall,66_27,1,66.59098887937105,27.918516418544662,Balochistan,conventional_alphaearth_embeddings,Conventional + AlphaEarth Embeddings,0.33218356816676253,0.3791812820262481,0
395,RMC_100_00384,0,non_landslide,71_35,2,71.74956463673134,35.518263439980736,raster-matched control,conventional_alphaearth_embeddings,Conventional + AlphaEarth Embeddings,0.07217942319145079,0.37467408808820823,0
396,CPEC_ROCKFALL_0586,1,rockfall,67_29,1,67.48481122643322,29.53323717381637,Balochistan,conventional_alphaearth_embeddings,Conventional + AlphaEarth Embeddings,0.9876447401440607,0.3791812820262481,1
397,CPEC_ROCKFALL_0677,1,rockfall,70_29,4,70.00458680432074,29.95769008489178,Punjab-Sindh lowland corridor,conventional_alphaearth_embeddings,Conventional + AlphaEarth Embeddings,0.15133056758794095,0.20592228862794998,0
398,RMC_100_00664,0,non_landslide,75_38,2,75.5629130178187,38.996989377733584,raster-matched control,conventional_alphaearth_embeddings,Conventional + AlphaEarth Embeddings,0.08180881194807517,0.37467408808820823,0
399,CPEC_ROCKFALL_0956,1,rockfall,75_38,2,75.50901262222067,38.95431886111155,"Kashgar (Xinjiang, China)",conventional_alphaearth_embeddings,Conventional + AlphaEarth Embeddings,0.9260320738914964,0.37467408808820823,1
400,CPEC_ROCKFALL_0469,1,rockfall,69_29,3,69.16466161169157,29.077343141213124,Balochistan,conventional_alphaearth_embeddings,Conventional + AlphaEarth Embeddings,0.2327167429551893,0.5024470513377632,0
401,CPEC_ROCKFALL_0833,1,rockfall,74_35,5,74.7544301646534,35.507032427703066,Gilgit-Baltistan,conventional_alphaearth_embeddings,Conventional + AlphaEarth Embeddings,0.9817611332728492,0.2084914554893409,1
402,CPEC_ROCKFALL_0800,1,rockfall,72_35,3,72.56254120542786,35.52275521801752,KP-AJK,conventional_alphaearth_embeddings,Conventional + AlphaEarth Embeddings,0.9808151927627614,0.5024470513377632,1
403,CPEC_ROCKFALL_0591,1,rockfall,67_29,1,67.41968605554764,29.611842207186527,Balochistan,conventional_alphaearth_embeddings,Conventional + AlphaEarth Embeddings,0.9873599213932686,0.3791812820262481,1
404,RMC_100_00620,0,non_landslide,65_28,2,65.89928634890295,28.006101876531236,raster-matched control,conventional_alphaearth_embeddings,Conventional + AlphaEarth Embeddings,0.08719423318866541,0.37467408808820823,0
405,RMC_100_00432,0,non_landslide,65_25,1,65.41868767189901,25.854636771064982,raster-matched control,conventional_alphaearth_embeddings,Conventional + AlphaEarth Embeddings,0.07730064498359718,0.3791812820262481,0
406,CPEC_ROCKFALL_0105,1,rockfall,65_27,5,65.82517394625015,27.451394369488835,Balochistan,conventional_alphaearth_embeddings,Conventional + AlphaEarth Embeddings,0.9693398371384168,0.2084914554893409,1
407,RMC_100_00618,0,non_landslide,65_27,5,65.73085223313055,27.628809457201037,raster-matched control,conventional_alphaearth_embeddings,Conventional + AlphaEarth Embeddings,0.10256347632253719,0.2084914554893409,0
408,RMC_100_00689,0,non_landslide,75_40,1,75.31812210289614,40.20746922308464,raster-matched control,conventional_alphaearth_embeddings,Conventional + AlphaEarth Embeddings,0.1775185593707996,0.3791812820262481,0
409,RMC_100_00427,0,non_landslide,68_29,2,68.14058298278115,29.870106091079244,raster-matched control,conventional_alphaearth_embeddings,Conventional + AlphaEarth Embeddings,0.07962263810847017,0.37467408808820823,0
410,RMC_100_00555,0,non_landslide,75_39,4,75.97389226030339,39.85038889764713,raster-matched control,conventional_alphaearth_embeddings,Conventional + AlphaEarth Embeddings,0.06657111741230431,0.20592228862794998,0
411,RMC_100_00404,0,non_landslide,66_26,4,66.10814465246074,26.395871729746993,raster-matched control,conventional_alphaearth_embeddings,Conventional + AlphaEarth Embeddings,0.9176739758643457,0.20592228862794998,1
412,RMC_100_00307,0,non_landslide,72_32,2,72.47720001686815,32.5762808844893,raster-matched control,conventional_alphaearth_embeddings,Conventional + AlphaEarth Embeddings,0.08376191788370195,0.37467408808820823,0
413,CPEC_ROCKFALL_0029,1,rockfall,67_28,4,67.40845803909507,28.09144035739729,Balochistan,conventional_alphaearth_embeddings,Conventional + AlphaEarth Embeddings,0.9826056224208184,0.20592228862794998,1
414,RMC_100_00616,0,non_landslide,65_28,2,65.69941119818635,28.13186601630797,raster-matched control,conventional_alphaearth_embeddings,Conventional + AlphaEarth Embeddings,0.09031634489811713,0.37467408808820823,0
415,RMC_100_00474,0,non_landslide,68_30,4,68.05299724257951,30.451765237546635,raster-matched control,conventional_alphaearth_embeddings,Conventional + AlphaEarth Embeddings,0.5273806764670692,0.20592228862794998,1
416,RMC_100_00039,0,non_landslide,76_38,3,76.27931945690402,38.74096952175952,raster-matched control,conventional_alphaearth_embeddings,Conventional + AlphaEarth Embeddings,0.06722133278241625,0.5024470513377632,0
417,RMC_100_00055,0,non_landslide,69_31,2,69.3847496512867,31.62182089511231,raster-matched control,conventional_alphaearth_embeddings,Conventional + AlphaEarth Embeddings,0.08628210310640348,0.37467408808820823,0
418,CPEC_ROCKFALL_0066,1,rockfall,63_26,1,63.96790930737835,26.337479712630675,Balochistan,conventional_alphaearth_embeddings,Conventional + AlphaEarth Embeddings,0.9893500239859484,0.3791812820262481,1
419,RMC_100_00162,0,non_landslide,65_26,3,65.25699092075749,26.618204762566577,raster-matched control,conventional_alphaearth_embeddings,Conventional + AlphaEarth Embeddings,0.06636654969151638,0.5024470513377632,0
420,RMC_100_00113,0,non_landslide,69_29,3,69.7373384003036,29.12675019347034,raster-matched control,conventional_alphaearth_embeddings,Conventional + AlphaEarth Embeddings,0.0737899200956473,0.5024470513377632,0
421,RMC_100_00469,0,non_landslide,67_29,1,67.36803183843837,29.92175921991612,raster-matched control,conventional_alphaearth_embeddings,Conventional + AlphaEarth Embeddings,0.9654051213596111,0.3791812820262481,1
422,CPEC_ROCKFALL_0438,1,rockfall,70_29,4,70.03378053891765,29.54446519026896,Punjab-Sindh lowland corridor,conventional_alphaearth_embeddings,Conventional + AlphaEarth Embeddings,0.976788138350146,0.20592228862794998,1
423,RMC_100_00589,0,non_landslide,65_27,5,65.13347256919106,27.410968000802054,raster-matched control,conventional_alphaearth_embeddings,Conventional + AlphaEarth Embeddings,0.1395660749853098,0.2084914554893409,0
424,CPEC_ROCKFALL_0292,1,rockfall,66_27,1,66.44950606204627,27.5412229602105,Balochistan,conventional_alphaearth_embeddings,Conventional + AlphaEarth Embeddings,0.949088743570951,0.3791812820262481,1
425,RMC_100_00581,0,non_landslide,74_35,5,74.6196819694932,35.51377186356014,raster-matched control,conventional_alphaearth_embeddings,Conventional + AlphaEarth Embeddings,0.07319877849846024,0.2084914554893409,0
426,RMC_100_00593,0,non_landslide,65_28,2,65.76678484449532,28.09593340494319,raster-matched control,conventional_alphaearth_embeddings,Conventional + AlphaEarth Embeddings,0.08946621427882094,0.37467408808820823,0
427,CPEC_ROCKFALL_0669,1,rockfall,69_30,5,69.16241868386169,30.456257714576505,Balochistan,conventional_alphaearth_embeddings,Conventional + AlphaEarth Embeddings,0.9252285379142184,0.2084914554893409,1
428,RMC_100_00558,0,non_landslide,68_30,4,68.91762570354454,30.752700857726673,raster-matched control,conventional_alphaearth_embeddings,Conventional + AlphaEarth Embeddings,0.06845232456392852,0.20592228862794998,0
429,RMC_100_00217,0,non_landslide,73_35,4,73.80895242557534,35.35656668883922,raster-matched control,conventional_alphaearth_embeddings,Conventional + AlphaEarth Embeddings,0.3206213731801011,0.20592228862794998,1
430,RMC_100_00513,0,non_landslide,62_26,5,62.69903814922716,26.146589238403827,raster-matched control,conventional_alphaearth_embeddings,Conventional + AlphaEarth Embeddings,0.1682213310042329,0.2084914554893409,0
431,CPEC_ROCKFALL_0102,1,rockfall,65_27,5,65.81843624455838,27.455884684249643,Balochistan,conventional_alphaearth_embeddings,Conventional + AlphaEarth Embeddings,0.9740633005785587,0.2084914554893409,1
432,RMC_100_00332,0,non_landslide,75_38,2,75.00146596524401,38.58151855882831,raster-matched control,conventional_alphaearth_embeddings,Conventional + AlphaEarth Embeddings,0.07966487847750599,0.37467408808820823,0
433,RMC_100_00178,0,non_landslide,74_35,5,74.8038366027377,35.464364522933565,raster-matched control,conventional_alphaearth_embeddings,Conventional + AlphaEarth Embeddings,0.08076116050562607,0.2084914554893409,0
434,CPEC_ROCKFALL_0363,1,rockfall,66_27,1,66.90764748158045,27.86910957887248,Balochistan,conventional_alphaearth_embeddings,Conventional + AlphaEarth Embeddings,0.9872173202827365,0.3791812820262481,1
435,CPEC_ROCKFALL_0010,1,rockfall,75_37,5,75.73359078767642,37.835918348593616,"Kashgar (Xinjiang, China)",conventional_alphaearth_embeddings,Conventional + AlphaEarth Embeddings,0.9781600070428044,0.2084914554893409,1
436,CPEC_ROCKFALL_0374,1,rockfall,66_27,1,66.98849544278048,27.95893816959414,Balochistan,conventional_alphaearth_embeddings,Conventional + AlphaEarth Embeddings,0.9815127359897392,0.3791812820262481,1
437,RMC_100_00049,0,non_landslide,69_31,2,69.33983388708072,31.81271289298771,raster-matched control,conventional_alphaearth_embeddings,Conventional + AlphaEarth Embeddings,0.09297231281015166,0.37467408808820823,0
438,RMC_100_00364,0,non_landslide,77_37,2,77.13945634144847,37.364301348846354,raster-matched control,conventional_alphaearth_embeddings,Conventional + AlphaEarth Embeddings,0.10358916849211823,0.37467408808820823,0
439,CPEC_ROCKFALL_0938,1,rockfall,75_38,2,75.50452230745985,38.92961544127546,"Kashgar (Xinjiang, China)",conventional_alphaearth_embeddings,Conventional + AlphaEarth Embeddings,0.9335014576957075,0.37467408808820823,1
440,CPEC_ROCKFALL_0455,1,rockfall,69_28,1,69.1826273298359,28.85725529051819,Balochistan,conventional_alphaearth_embeddings,Conventional + AlphaEarth Embeddings,0.5186401720677598,0.3791812820262481,1
441,CPEC_ROCKFALL_0552,1,rockfall,67_29,1,67.69367106067557,29.587138787350423,Balochistan,conventional_alphaearth_embeddings,Conventional + AlphaEarth Embeddings,0.9893228110869788,0.3791812820262481,1
442,RMC_100_00267,0,non_landslide,67_29,1,67.3096413449706,29.629806752577274,raster-matched control,conventional_alphaearth_embeddings,Conventional + AlphaEarth Embeddings,0.8307382539459405,0.3791812820262481,1
443,CPEC_ROCKFALL_0814,1,rockfall,75_35,1,75.81893352273832,35.33635587578137,Gilgit-Baltistan,conventional_alphaearth_embeddings,Conventional + AlphaEarth Embeddings,0.9839167449409977,0.3791812820262481,1
444,CPEC_ROCKFALL_0892,1,rockfall,75_38,2,75.18337339048962,38.7454590268692,"Kashgar (Xinjiang, China)",conventional_alphaearth_embeddings,Conventional + AlphaEarth Embeddings,0.9686926221652373,0.37467408808820823,1
445,RMC_100_00186,0,non_landslide,75_38,2,75.5539298649775,38.985760436682085,raster-matched control,conventional_alphaearth_embeddings,Conventional + AlphaEarth Embeddings,0.16285758272165948,0.37467408808820823,0
446,CPEC_ROCKFALL_0400,1,rockfall,67_25,3,67.88456517677359,25.87035766357484,Punjab-Sindh lowland corridor,conventional_alphaearth_embeddings,Conventional + AlphaEarth Embeddings,0.8856164362552,0.5024470513377632,1
447,CPEC_ROCKFALL_0918,1,rockfall,75_38,2,75.48206627455471,38.83978239145274,"Kashgar (Xinjiang, China)",conventional_alphaearth_embeddings,Conventional + AlphaEarth Embeddings,0.1827892619118539,0.37467408808820823,0
448,RMC_100_00350,0,non_landslide,74_36,2,74.6219277577035,36.304289313585315,raster-matched control,conventional_alphaearth_embeddings,Conventional + AlphaEarth Embeddings,0.08494576105154401,0.37467408808820823,0
449,RMC_100_00215,0,non_landslide,73_36,1,73.37551530098767,36.24365303190725,raster-matched control,conventional_alphaearth_embeddings,Conventional + AlphaEarth Embeddings,0.0984836895848598,0.3791812820262481,0
450,RMC_100_00636,0,non_landslide,65_27,5,65.92174423100595,27.680462586037912,raster-matched control,conventional_alphaearth_embeddings,Conventional + AlphaEarth Embeddings,0.20111510525045478,0.2084914554893409,0
451,RMC_100_00078,0,non_landslide,74_35,5,74.13234592785837,35.32063407747444,raster-matched control,conventional_alphaearth_embeddings,Conventional + AlphaEarth Embeddings,0.14110926006230218,0.2084914554893409,0
452,CPEC_ROCKFALL_0886,1,rockfall,74_38,1,74.9767609431782,38.63092701631144,"Kashgar (Xinjiang, China)",conventional_alphaearth_embeddings,Conventional + AlphaEarth Embeddings,0.9879992449061887,0.3791812820262481,1
453,CPEC_ROCKFALL_0378,1,rockfall,66_27,1,66.98400066891861,27.94097245144981,Balochistan,conventional_alphaearth_embeddings,Conventional + AlphaEarth Embeddings,0.9831681499043011,0.3791812820262481,1
454,CPEC_ROCKFALL_0490,1,rockfall,68_29,2,68.66834136893777,29.39624467125242,Balochistan,conventional_alphaearth_embeddings,Conventional + AlphaEarth Embeddings,0.9728104367897116,0.37467408808820823,1
455,RMC_100_00464,0,non_landslide,66_26,4,66.79086426839157,26.627187915407774,raster-matched control,conventional_alphaearth_embeddings,Conventional + AlphaEarth Embeddings,0.06475445472659558,0.20592228862794998,0
456,RMC_100_00225,0,non_landslide,66_29,5,66.94806944311249,29.214335933671993,raster-matched control,conventional_alphaearth_embeddings,Conventional + AlphaEarth Embeddings,0.60390157223405,0.2084914554893409,1
457,RMC_100_00065,0,non_landslide,73_35,4,73.90552131861818,35.47783925219536,raster-matched control,conventional_alphaearth_embeddings,Conventional + AlphaEarth Embeddings,0.27831827918625157,0.20592228862794998,1
458,CPEC_ROCKFALL_0280,1,rockfall,66_27,1,66.28780568054516,27.184142606951607,Balochistan,conventional_alphaearth_embeddings,Conventional + AlphaEarth Embeddings,0.9878096111813506,0.3791812820262481,1
459,CPEC_ROCKFALL_0101,1,rockfall,65_27,5,65.82517394625015,27.46486531377129,Balochistan,conventional_alphaearth_embeddings,Conventional + AlphaEarth Embeddings,0.9818541350148384,0.2084914554893409,1
460,RMC_100_00273,0,non_landslide,69_31,2,69.86085675187005,31.992375949811613,raster-matched control,conventional_alphaearth_embeddings,Conventional + AlphaEarth Embeddings,0.07938382538161852,0.37467408808820823,0
461,RMC_100_00231,0,non_landslide,74_39,3,74.59946987560052,39.66174268798203,raster-matched control,conventional_alphaearth_embeddings,Conventional + AlphaEarth Embeddings,0.17812873939147883,0.5024470513377632,0
462,RMC_100_00617,0,non_landslide,65_26,3,65.33334771990765,26.800113607600778,raster-matched control,conventional_alphaearth_embeddings,Conventional + AlphaEarth Embeddings,0.451177278569699,0.5024470513377632,0
463,RMC_100_00242,0,non_landslide,74_38,1,74.9857454477719,38.61071380556219,raster-matched control,conventional_alphaearth_embeddings,Conventional + AlphaEarth Embeddings,0.0926573117813853,0.3791812820262481,0
464,RMC_100_00114,0,non_landslide,62_25,3,62.831539653634785,25.683956867082273,raster-matched control,conventional_alphaearth_embeddings,Conventional + AlphaEarth Embeddings,0.06893419656994569,0.5024470513377632,0
465,RMC_100_00264,0,non_landslide,62_26,5,62.26560102463949,26.173538696927412,raster-matched control,conventional_alphaearth_embeddings,Conventional + AlphaEarth Embeddings,0.11368998046212093,0.2084914554893409,0
466,RMC_100_00097,0,non_landslide,65_26,3,65.24800776791629,26.11963977988024,raster-matched control,conventional_alphaearth_embeddings,Conventional + AlphaEarth Embeddings,0.09549704167226741,0.5024470513377632,0
467,RMC_100_00376,0,non_landslide,77_37,2,77.24949996375311,37.43841235978621,raster-matched control,conventional_alphaearth_embeddings,Conventional + AlphaEarth Embeddings,0.09420844495755182,0.37467408808820823,0
468,CPEC_ROCKFALL_0452,1,rockfall,69_28,1,69.17139931338332,28.83704218544292,Balochistan,conventional_alphaearth_embeddings,Conventional + AlphaEarth Embeddings,0.9472838307638276,0.3791812820262481,1
469,CPEC_ROCKFALL_0237,1,rockfall,66_26,4,66.19123938813173,26.18925919361413,Balochistan,conventional_alphaearth_embeddings,Conventional + AlphaEarth Embeddings,0.8207028155871763,0.20592228862794998,1
470,RMC_100_00155,0,non_landslide,67_28,4,67.34557395633539,28.04877185252691,raster-matched control,conventional_alphaearth_embeddings,Conventional + AlphaEarth Embeddings,0.330597095801553,0.20592228862794998,1
471,CPEC_ROCKFALL_0406,1,rockfall,67_25,3,67.89129841936429,25.908536486794453,Punjab-Sindh lowland corridor,conventional_alphaearth_embeddings,Conventional + AlphaEarth Embeddings,0.9856428212033361,0.5024470513377632,1
472,CPEC_ROCKFALL_0821,1,rockfall,75_35,1,75.85486495902698,35.286949036109185,Gilgit-Baltistan,conventional_alphaearth_embeddings,Conventional + AlphaEarth Embeddings,0.96924989622744,0.3791812820262481,1
473,CPEC_ROCKFALL_0386,1,rockfall,66_27,1,66.93459382924642,27.67821546277446,Balochistan,conventional_alphaearth_embeddings,Conventional + AlphaEarth Embeddings,0.7784638260462672,0.3791812820262481,1
474,RMC_100_00365,0,non_landslide,77_37,2,77.22704208165013,37.42044605410382,raster-matched control,conventional_alphaearth_embeddings,Conventional + AlphaEarth Embeddings,0.09389538088447681,0.37467408808820823,0
475,CPEC_ROCKFALL_0873,1,rockfall,75_37,5,75.19011109218138,37.923504011485406,"Kashgar (Xinjiang, China)",conventional_alphaearth_embeddings,Conventional + AlphaEarth Embeddings,0.9862093963065857,0.2084914554893409,1
476,CPEC_ROCKFALL_0712,1,rockfall,71_33,3,71.36328827260886,33.44540272845079,KP-AJK,conventional_alphaearth_embeddings,Conventional + AlphaEarth Embeddings,0.9901226708443132,0.5024470513377632,1
477,RMC_100_00201,0,non_landslide,67_29,1,67.41743917906494,29.61857781152578,raster-matched control,conventional_alphaearth_embeddings,Conventional + AlphaEarth Embeddings,0.07925679235110365,0.3791812820262481,0
478,RMC_100_00472,0,non_landslide,67_30,3,67.70490006998318,30.465239966808426,raster-matched control,conventional_alphaearth_embeddings,Conventional + AlphaEarth Embeddings,0.06508036349612839,0.5024470513377632,0
479,CPEC_ROCKFALL_0103,1,rockfall,65_27,5,65.82517394625015,27.44689959562696,Balochistan,conventional_alphaearth_embeddings,Conventional + AlphaEarth Embeddings,0.967875584373236,0.2084914554893409,1
480,RMC_100_00622,0,non_landslide,66_29,5,66.70103273997962,29.730867222040718,raster-matched control,conventional_alphaearth_embeddings,Conventional + AlphaEarth Embeddings,0.13877933315639945,0.2084914554893409,0
481,RMC_100_00092,0,non_landslide,66_27,1,66.25187509791986,27.47609585890072,raster-matched control,conventional_alphaearth_embeddings,Conventional + AlphaEarth Embeddings,0.10576456904936578,0.3791812820262481,0
482,CPEC_ROCKFALL_0364,1,rockfall,66_27,1,66.90540009464952,27.846649086866268,Balochistan,conventional_alphaearth_embeddings,Conventional + AlphaEarth Embeddings,0.5277264057358398,0.3791812820262481,1
483,RMC_100_00343,0,non_landslide,75_38,2,75.31363052647554,38.7813937095449,raster-matched control,conventional_alphaearth_embeddings,Conventional + AlphaEarth Embeddings,0.2182343126897027,0.37467408808820823,0
484,CPEC_ROCKFALL_0632,1,rockfall,68_29,2,68.0979108666757,29.92849635029487,Balochistan,conventional_alphaearth_embeddings,Conventional + AlphaEarth Embeddings,0.941104770298746,0.37467408808820823,1
485,CPEC_ROCKFALL_0958,1,rockfall,75_38,2,75.51126000915161,38.95656624804248,"Kashgar (Xinjiang, China)",conventional_alphaearth_embeddings,Conventional + AlphaEarth Embeddings,0.9061281053607299,0.37467408808820823,1
486,RMC_100_00254,0,non_landslide,65_27,5,65.56915548198903,27.07859134567783,raster-matched control,conventional_alphaearth_embeddings,Conventional + AlphaEarth Embeddings,0.10752733748937977,0.2084914554893409,0
487,CPEC_ROCKFALL_0019,1,rockfall,76_37,1,76.18724189244979,37.757313315223485,"Kashgar (Xinjiang, China)",conventional_alphaearth_embeddings,Conventional + AlphaEarth Embeddings,0.9817540893596309,0.3791812820262481,1
488,RMC_100_00068,0,non_landslide,66_27,1,66.42480079011287,27.464866917849225,raster-matched control,conventional_alphaearth_embeddings,Conventional + AlphaEarth Embeddings,0.08499387171114474,0.3791812820262481,0
489,CPEC_ROCKFALL_0611,1,rockfall,67_30,3,67.26921814960016,30.07447394148153,Balochistan,conventional_alphaearth_embeddings,Conventional + AlphaEarth Embeddings,0.9381252929583521,0.5024470513377632,1
490,CPEC_ROCKFALL_0710,1,rockfall,71_33,3,71.23303347173665,33.411714219992014,KP-AJK,conventional_alphaearth_embeddings,Conventional + AlphaEarth Embeddings,0.7288481241222602,0.5024470513377632,1
491,RMC_100_00243,0,non_landslide,75_38,2,75.31587631468584,38.774656344914,raster-matched control,conventional_alphaearth_embeddings,Conventional + AlphaEarth Embeddings,0.06128157741572046,0.37467408808820823,0
492,CPEC_ROCKFALL_0026,1,rockfall,67_28,4,67.43540438676104,28.11839116416432,Balochistan,conventional_alphaearth_embeddings,Conventional + AlphaEarth Embeddings,0.9678877510758997,0.20592228862794998,1
493,CPEC_ROCKFALL_0864,1,rockfall,73_35,4,73.84263764034584,35.489066709558735,Gilgit-Baltistan,conventional_alphaearth_embeddings,Conventional + AlphaEarth Embeddings,0.9776186267809371,0.20592228862794998,1
494,RMC_100_00182,0,non_landslide,74_35,5,74.65786036906829,35.5811455098691,raster-matched control,conventional_alphaearth_embeddings,Conventional + AlphaEarth Embeddings,0.3434327446396463,0.2084914554893409,1
495,RMC_100_00386,0,non_landslide,66_28,3,66.07445782930625,28.30254592029068,raster-matched control,conventional_alphaearth_embeddings,Conventional + AlphaEarth Embeddings,0.07200847927975834,0.5024470513377632,0
496,CPEC_ROCKFALL_0468,1,rockfall,69_29,3,69.16466161169157,29.0728528264523,Balochistan,conventional_alphaearth_embeddings,Conventional + AlphaEarth Embeddings,0.983471079360416,0.5024470513377632,1
497,RMC_100_00272,0,non_landslide,66_27,1,66.80209320944307,27.27172913176353,raster-matched control,conventional_alphaearth_embeddings,Conventional + AlphaEarth Embeddings,0.09351803174613012,0.3791812820262481,0
498,RMC_100_00519,0,non_landslide,66_26,4,66.15755199308731,26.283582319232053,raster-matched control,conventional_alphaearth_embeddings,Conventional + AlphaEarth Embeddings,0.1751387691294708,0.20592228862794998,0
499,RMC_100_00398,0,non_landslide,71_35,2,71.79448040093732,35.52050922819103,raster-matched control,conventional_alphaearth_embeddings,Conventional + AlphaEarth Embeddings,0.1513015327487093,0.37467408808820823,0
500,RMC_100_00574,0,non_landslide,73_35,4,73.76628244957966,35.51377186356014,raster-matched control,conventional_alphaearth_embeddings,Conventional + AlphaEarth Embeddings,0.19367188077573932,0.20592228862794998,0
501,RMC_100_00003,0,non_landslide,76_38,3,76.42978726699404,38.01333414162271,raster-matched control,conventional_alphaearth_embeddings,Conventional + AlphaEarth Embeddings,0.0687042300991132,0.5024470513377632,0
502,CPEC_ROCKFALL_0112,1,rockfall,65_27,5,65.83191164794191,27.46936008763316,Balochistan,conventional_alphaearth_embeddings,Conventional + AlphaEarth Embeddings,0.14184681812015215,0.2084914554893409,0
503,RMC_100_00562,0,non_landslide,69_29,3,69.99784983269826,29.941971313808807,raster-matched control,conventional_alphaearth_embeddings,Conventional + AlphaEarth Embeddings,0.09554679772771567,0.5024470513377632,0
504,CPEC_ROCKFALL_0872,1,rockfall,75_37,5,75.2170618989484,37.905538293341074,"Kashgar (Xinjiang, China)",conventional_alphaearth_embeddings,Conventional + AlphaEarth Embeddings,0.9722331236734336,0.2084914554893409,1
505,RMC_100_00517,0,non_landslide,63_26,1,63.489555599252334,26.148835026614126,raster-matched control,conventional_alphaearth_embeddings,Conventional + AlphaEarth Embeddings,0.07964901111459473,0.3791812820262481,0
506,CPEC_ROCKFALL_0856,1,rockfall,74_35,5,74.20870308222742,35.40372843359789,Gilgit-Baltistan,conventional_alphaearth_embeddings,Conventional + AlphaEarth Embeddings,0.974671698943581,0.2084914554893409,1
507,RMC_100_00570,0,non_landslide,72_33,4,72.9600444820824,33.86536331720082,raster-matched control,conventional_alphaearth_embeddings,Conventional + AlphaEarth Embeddings,0.05230218654866321,0.20592228862794998,0
508,CPEC_ROCKFALL_0949,1,rockfall,75_38,2,75.50452230745985,38.94982854635072,"Kashgar (Xinjiang, China)",conventional_alphaearth_embeddings,Conventional + AlphaEarth Embeddings,0.8314291859068862,0.37467408808820823,1
509,CPEC_ROCKFALL_0600,1,rockfall,66_29,5,66.90090977988869,29.96442778658354,Balochistan,conventional_alphaearth_embeddings,Conventional + AlphaEarth Embeddings,0.9755514871090435,0.2084914554893409,1
510,CPEC_ROCKFALL_0612,1,rockfall,67_30,3,67.26921814960016,30.08121164317328,Balochistan,conventional_alphaearth_embeddings,Conventional + AlphaEarth Embeddings,0.5306066482768906,0.5024470513377632,1
511,CPEC_ROCKFALL_0570,1,rockfall,67_29,1,67.22205423775787,29.47260231769162,Balochistan,conventional_alphaearth_embeddings,Conventional + AlphaEarth Embeddings,0.9908261707692849,0.3791812820262481,1
512,RMC_100_00308,0,non_landslide,71_33,3,71.52049423928085,33.67896289574602,raster-matched control,conventional_alphaearth_embeddings,Conventional + AlphaEarth Embeddings,0.0679982424940956,0.5024470513377632,0
513,RMC_100_00656,0,non_landslide,66_27,1,66.59997227051618,27.633301033621635,raster-matched control,conventional_alphaearth_embeddings,Conventional + AlphaEarth Embeddings,0.08662824057249682,0.3791812820262481,0
514,CPEC_ROCKFALL_0915,1,rockfall,75_38,2,75.48206627455471,38.821816673308405,"Kashgar (Xinjiang, China)",conventional_alphaearth_embeddings,Conventional + AlphaEarth Embeddings,0.9495786654942721,0.37467408808820823,1
515,RMC_100_00579,0,non_landslide,73_35,4,73.78874033168265,35.51377186356014,raster-matched control,conventional_alphaearth_embeddings,Conventional + AlphaEarth Embeddings,0.06708564682906336,0.20592228862794998,0
516,CPEC_ROCKFALL_0484,1,rockfall,68_29,2,68.70652019215738,29.407472687704985,Balochistan,conventional_alphaearth_embeddings,Conventional + AlphaEarth Embeddings,0.9653972925305548,0.37467408808820823,1
517,CPEC_ROCKFALL_0111,1,rockfall,65_27,5,65.81394592979757,27.45139436948883,Balochistan,conventional_alphaearth_embeddings,Conventional + AlphaEarth Embeddings,0.979855379328087,0.2084914554893409,1
518,RMC_100_00648,0,non_landslide,74_35,5,74.61519039307261,35.63953600333687,raster-matched control,conventional_alphaearth_embeddings,Conventional + AlphaEarth Embeddings,0.08853936966704044,0.2084914554893409,0
519,RMC_100_00470,0,non_landslide,67_30,3,67.64650957651543,30.519138883855597,raster-matched control,conventional_alphaearth_embeddings,Conventional + AlphaEarth Embeddings,0.06875270520749163,0.5024470513377632,0
520,CPEC_ROCKFALL_0653,1,rockfall,69_30,5,69.14220557878642,30.95257795733032,Balochistan,conventional_alphaearth_embeddings,Conventional + AlphaEarth Embeddings,0.9770498408064864,0.2084914554893409,1
521,CPEC_ROCKFALL_0058,1,rockfall,65_27,5,65.14694913512209,27.40872077240735,Balochistan,conventional_alphaearth_embeddings,Conventional + AlphaEarth Embeddings,0.8799962004650569,0.2084914554893409,1
522,RMC_100_00008,0,non_landslide,76_37,1,76.61843347665913,37.793246897013425,raster-matched control,conventional_alphaearth_embeddings,Conventional + AlphaEarth Embeddings,0.13747102403946226,0.3791812820262481,0
523,CPEC_ROCKFALL_0960,1,rockfall,75_38,2,75.54045374374851,38.98800736957033,"Kashgar (Xinjiang, China)",conventional_alphaearth_embeddings,Conventional + AlphaEarth Embeddings,0.9058367231366379,0.37467408808820823,1
524,CPEC_ROCKFALL_0926,1,rockfall,75_38,2,75.49104690407633,38.88694630329503,"Kashgar (Xinjiang, China)",conventional_alphaearth_embeddings,Conventional + AlphaEarth Embeddings,0.9747552356493117,0.37467408808820823,1
525,CPEC_ROCKFALL_0584,1,rockfall,67_29,1,67.49154892812498,29.47035493076068,Balochistan,conventional_alphaearth_embeddings,Conventional + AlphaEarth Embeddings,0.9884683391806602,0.3791812820262481,1
526,RMC_100_00467,0,non_landslide,66_27,1,66.5393359888381,27.352577507334285,raster-matched control,conventional_alphaearth_embeddings,Conventional + AlphaEarth Embeddings,0.3401657425892174,0.3791812820262481,0
527,RMC_100_00236,0,non_landslide,74_38,1,74.92735495430415,38.28732030327916,raster-matched control,conventional_alphaearth_embeddings,Conventional + AlphaEarth Embeddings,0.07334471023420905,0.3791812820262481,0
528,CPEC_ROCKFALL_0218,1,rockfall,65_26,3,65.67021572554187,26.267859767883227,Balochistan,conventional_alphaearth_embeddings,Conventional + AlphaEarth Embeddings,0.13076612038560934,0.5024470513377632,0
529,CPEC_ROCKFALL_0427,1,rockfall,70_29,4,70.02479990939601,29.517518842602986,Punjab-Sindh lowland corridor,conventional_alphaearth_embeddings,Conventional + AlphaEarth Embeddings,0.9846933782544169,0.20592228862794998,1
530,CPEC_ROCKFALL_0104,1,rockfall,65_27,5,65.82517394625015,27.44914698255789,Balochistan,conventional_alphaearth_embeddings,Conventional + AlphaEarth Embeddings,0.8201787012591587,0.2084914554893409,1
531,RMC_100_00402,0,non_landslide,64_28,1,64.76067172628146,28.41258954259532,raster-matched control,conventional_alphaearth_embeddings,Conventional + AlphaEarth Embeddings,0.07048410743335586,0.3791812820262481,0
532,CPEC_ROCKFALL_0580,1,rockfall,67_29,1,67.21981130992799,29.459126914308104,Balochistan,conventional_alphaearth_embeddings,Conventional + AlphaEarth Embeddings,0.984466088473299,0.3791812820262481,1
533,CPEC_ROCKFALL_0869,1,rockfall,73_35,4,73.2991579448508,35.493561483420606,KP-AJK,conventional_alphaearth_embeddings,Conventional + AlphaEarth Embeddings,0.9840325186427467,0.20592228862794998,1
534,CPEC_ROCKFALL_0025,1,rockfall,67_28,4,67.43091407200022,28.11614377723338,Balochistan,conventional_alphaearth_embeddings,Conventional + AlphaEarth Embeddings,0.9791454240837139,0.20592228862794998,1
535,RMC_100_00135,0,non_landslide,67_25,3,67.93846204385426,25.416708070056714,raster-matched control,conventional_alphaearth_embeddings,Conventional + AlphaEarth Embeddings,0.09429254563529335,0.5024470513377632,0
536,CPEC_ROCKFALL_0461,1,rockfall,69_28,1,69.18038440200601,28.86174560527901,Balochistan,conventional_alphaearth_embeddings,Conventional + AlphaEarth Embeddings,0.958302516912627,0.3791812820262481,1
537,RMC_100_00468,0,non_landslide,67_30,3,67.13222407635699,30.413586837971554,raster-matched control,conventional_alphaearth_embeddings,Conventional + AlphaEarth Embeddings,0.14800061441084555,0.5024470513377632,0
538,RMC_100_00207,0,non_landslide,72_33,4,72.85224664798805,33.49705405071181,raster-matched control,conventional_alphaearth_embeddings,Conventional + AlphaEarth Embeddings,0.09981096036673005,0.20592228862794998,0
539,RMC_100_00170,0,non_landslide,63_25,4,63.13472106202512,25.888323594219464,raster-matched control,conventional_alphaearth_embeddings,Conventional + AlphaEarth Embeddings,0.07475203824731377,0.20592228862794998,0
540,RMC_100_00006,0,non_landslide,78_39,2,78.71824545328852,39.06436302404255,raster-matched control,conventional_alphaearth_embeddings,Conventional + AlphaEarth Embeddings,0.09651785638707201,0.37467408808820823,0
541,CPEC_ROCKFALL_0719,1,rockfall,72_34,1,72.81407017765063,34.01583323071286,KP-AJK,conventional_alphaearth_embeddings,Conventional + AlphaEarth Embeddings,0.7819135175404788,0.3791812820262481,1
542,CPEC_ROCKFALL_0020,1,rockfall,76_37,1,76.19846990890237,37.69218814433791,"Kashgar (Xinjiang, China)",conventional_alphaearth_embeddings,Conventional + AlphaEarth Embeddings,0.9855247695523163,0.3791812820262481,1
543,CPEC_ROCKFALL_0529,1,rockfall,67_29,1,67.90926859660968,29.68370507976385,Balochistan,conventional_alphaearth_embeddings,Conventional + AlphaEarth Embeddings,0.9889035225704168,0.3791812820262481,1
544,RMC_100_00087,0,non_landslide,64_26,2,64.42604928294693,26.3846427886955,raster-matched control,conventional_alphaearth_embeddings,Conventional + AlphaEarth Embeddings,0.1057209728460812,0.37467408808820823,0
545,CPEC_ROCKFALL_0907,1,rockfall,75_38,2,75.40121831335466,38.81507897161664,"Kashgar (Xinjiang, China)",conventional_alphaearth_embeddings,Conventional + AlphaEarth Embeddings,0.9718660430911079,0.37467408808820823,1
546,RMC_100_00194,0,non_landslide,63_26,1,63.81294910153536,26.02531667504769,raster-matched control,conventional_alphaearth_embeddings,Conventional + AlphaEarth Embeddings,0.06749501422390701,0.3791812820262481,0
547,RMC_100_00202,0,non_landslide,67_29,1,67.40621023801344,29.659001999311158,raster-matched control,conventional_alphaearth_embeddings,Conventional + AlphaEarth Embeddings,0.10914579106207078,0.3791812820262481,0
548,CPEC_ROCKFALL_0795,1,rockfall,76_35,2,76.14232536753842,35.197115986286484,Gilgit-Baltistan,conventional_alphaearth_embeddings,Conventional + AlphaEarth Embeddings,0.9620000784676707,0.37467408808820823,1
549,CPEC_ROCKFALL_0069,1,rockfall,63_26,1,63.96566192044742,26.07697011088626,Balochistan,conventional_alphaearth_embeddings,Conventional + AlphaEarth Embeddings,0.9841284822767317,0.3791812820262481,1
550,RMC_100_00590,0,non_landslide,65_27,5,65.13571835740136,27.406476424381456,raster-matched control,conventional_alphaearth_embeddings,Conventional + AlphaEarth Embeddings,0.134584083940051,0.2084914554893409,0
551,RMC_100_00224,0,non_landslide,66_28,3,66.95256101953309,28.895434007809563,raster-matched control,conventional_alphaearth_embeddings,Conventional + AlphaEarth Embeddings,0.0763644019140212,0.5024470513377632,0
552,CPEC_ROCKFALL_0369,1,rockfall,66_27,1,66.91213779634127,27.925254120236417,Balochistan,conventional_alphaearth_embeddings,Conventional + AlphaEarth Embeddings,0.9693851677511616,0.3791812820262481,1
553,RMC_100_00083,0,non_landslide,66_27,1,66.49891180105273,27.747836232346874,raster-matched control,conventional_alphaearth_embeddings,Conventional + AlphaEarth Embeddings,0.3317897282634153,0.3791812820262481,0
554,RMC_100_00606,0,non_landslide,75_39,4,75.59659984097318,39.38326494990498,raster-matched control,conventional_alphaearth_embeddings,Conventional + AlphaEarth Embeddings,0.05729885498402815,0.20592228862794998,0
555,CPEC_ROCKFALL_0379,1,rockfall,66_27,1,66.99747607230212,27.947710153141564,Balochistan,conventional_alphaearth_embeddings,Conventional + AlphaEarth Embeddings,0.62871765246266,0.3791812820262481,1
556,RMC_100_00330,0,non_landslide,75_40,1,75.3810041727845,40.506159055054376,raster-matched control,conventional_alphaearth_embeddings,Conventional + AlphaEarth Embeddings,0.07857805190488643,0.3791812820262481,0
557,CPEC_ROCKFALL_0296,1,rockfall,66_27,1,66.48094718357412,27.577154396499164,Balochistan,conventional_alphaearth_embeddings,Conventional + AlphaEarth Embeddings,0.9804689224883404,0.3791812820262481,1
558,CPEC_ROCKFALL_0502,1,rockfall,68_29,2,68.51338314822948,29.32887211343589,Balochistan,conventional_alphaearth_embeddings,Conventional + AlphaEarth Embeddings,0.961972609515732,0.37467408808820823,1
559,RMC_100_00357,0,non_landslide,75_38,2,75.34057998499912,38.81508053269938,raster-matched control,conventional_alphaearth_embeddings,Conventional + AlphaEarth Embeddings,0.07877748785879005,0.37467408808820823,0
560,CPEC_ROCKFALL_0401,1,rockfall,67_25,3,67.9294772425839,25.881585680027424,Punjab-Sindh lowland corridor,conventional_alphaearth_embeddings,Conventional + AlphaEarth Embeddings,0.986121610096147,0.5024470513377632,1
561,CPEC_ROCKFALL_0670,1,rockfall,69_30,5,69.8563662853042,30.31477043815067,Balochistan,conventional_alphaearth_embeddings,Conventional + AlphaEarth Embeddings,0.9632047667925325,0.2084914554893409,1
562,RMC_100_00546,0,non_landslide,69_29,3,69.60483689589597,29.490567883538745,raster-matched control,conventional_alphaearth_embeddings,Conventional + AlphaEarth Embeddings,0.07191971814625764,0.5024470513377632,0
563,RMC_100_00205,0,non_landslide,67_29,1,67.15468195845999,29.919513431705816,raster-matched control,conventional_alphaearth_embeddings,Conventional + AlphaEarth Embeddings,0.09736086649630699,0.3791812820262481,0
564,CPEC_ROCKFALL_0344,1,rockfall,66_27,1,66.35742562529262,27.73660739106933,Balochistan,conventional_alphaearth_embeddings,Conventional + AlphaEarth Embeddings,0.9783990888336851,0.3791812820262481,1
565,CPEC_ROCKFALL_0062,1,rockfall,64_26,2,64.03303447826393,26.797868519095804,Balochistan,conventional_alphaearth_embeddings,Conventional + AlphaEarth Embeddings,0.9790018336509406,0.37467408808820823,1
566,RMC_100_00455,0,non_landslide,67_26,5,67.13896144098788,26.62943370361807,raster-matched control,conventional_alphaearth_embeddings,Conventional + AlphaEarth Embeddings,0.8957783736791454,0.2084914554893409,1
567,RMC_100_00406,0,non_landslide,65_29,4,65.89928634890295,29.007723418324503,raster-matched control,conventional_alphaearth_embeddings,Conventional + AlphaEarth Embeddings,0.0778800024437269,0.20592228862794998,0
568,RMC_100_00659,0,non_landslide,70_32,5,70.44251589833743,32.949081727398905,raster-matched control,conventional_alphaearth_embeddings,Conventional + AlphaEarth Embeddings,0.10933115537883022,0.2084914554893409,0
569,CPEC_ROCKFALL_0912,1,rockfall,75_38,2,75.42592173319076,38.81507897161664,"Kashgar (Xinjiang, China)",conventional_alphaearth_embeddings,Conventional + AlphaEarth Embeddings,0.9679691430288809,0.37467408808820823,1
570,CPEC_ROCKFALL_0489,1,rockfall,68_29,2,68.67732645756048,29.40298237294417,Balochistan,conventional_alphaearth_embeddings,Conventional + AlphaEarth Embeddings,0.9595609132938783,0.37467408808820823,1
571,RMC_100_00351,0,non_landslide,75_38,2,75.47308148940675,38.819572109119974,raster-matched control,conventional_alphaearth_embeddings,Conventional + AlphaEarth Embeddings,0.20335009623678926,0.37467408808820823,0
572,RMC_100_00456,0,non_landslide,66_26,4,66.77065217449889,26.658628950351954,raster-matched control,conventional_alphaearth_embeddings,Conventional + AlphaEarth Embeddings,0.8237170305843509,0.20592228862794998,1
573,RMC_100_00034,0,non_landslide,71_34,5,71.12298972605797,34.10341686749249,raster-matched control,conventional_alphaearth_embeddings,Conventional + AlphaEarth Embeddings,0.08491242092529191,0.2084914554893409,0
574,RMC_100_00115,0,non_landslide,67_26,5,67.58811908304764,26.11065662703905,raster-matched control,conventional_alphaearth_embeddings,Conventional + AlphaEarth Embeddings,0.16271226073101208,0.2084914554893409,0
575,CPEC_ROCKFALL_0572,1,rockfall,67_29,1,67.22205423775787,29.47035493076068,Balochistan,conventional_alphaearth_embeddings,Conventional + AlphaEarth Embeddings,0.9911049382904221,0.3791812820262481,1
576,RMC_100_00506,0,non_landslide,67_28,4,67.18612299340417,28.82356878508,raster-matched control,conventional_alphaearth_embeddings,Conventional + AlphaEarth Embeddings,0.14887474067049952,0.20592228862794998,0
577,RMC_100_00058,0,non_landslide,66_27,1,66.5505649298896,27.66474206856582,raster-matched control,conventional_alphaearth_embeddings,Conventional + AlphaEarth Embeddings,0.07782866791523384,0.3791812820262481,0
578,CPEC_ROCKFALL_0904,1,rockfall,75_38,2,75.3967235394928,38.81283604378676,"Kashgar (Xinjiang, China)",conventional_alphaearth_embeddings,Conventional + AlphaEarth Embeddings,0.9713353886938665,0.37467408808820823,1
579,CPEC_ROCKFALL_0051,1,rockfall,63_27,3,63.40870682156886,27.224568817102146,Balochistan,conventional_alphaearth_embeddings,Conventional + AlphaEarth Embeddings,0.9708445723336944,0.5024470513377632,1
580,CPEC_ROCKFALL_0203,1,rockfall,65_26,3,65.69716653230887,26.299300889411075,Balochistan,conventional_alphaearth_embeddings,Conventional + AlphaEarth Embeddings,0.736875933628081,0.5024470513377632,1
581,CPEC_ROCKFALL_0843,1,rockfall,74_36,2,74.3120070763326,36.29530785283018,Gilgit-Baltistan,conventional_alphaearth_embeddings,Conventional + AlphaEarth Embeddings,0.8949500080654007,0.37467408808820823,1
582,CPEC_ROCKFALL_0214,1,rockfall,65_26,3,65.67246311247278,26.270107154814166,Balochistan,conventional_alphaearth_embeddings,Conventional + AlphaEarth Embeddings,0.5581408393054523,0.5024470513377632,1
583,RMC_100_00262,0,non_landslide,66_25,2,66.87171264396233,25.043907227147116,raster-matched control,conventional_alphaearth_embeddings,Conventional + AlphaEarth Embeddings,0.09885713504184152,0.37467408808820823,0
584,CPEC_ROCKFALL_0227,1,rockfall,65_26,3,65.692671758447,26.29256764682037,Balochistan,conventional_alphaearth_embeddings,Conventional + AlphaEarth Embeddings,0.9701593675880101,0.5024470513377632,1
585,RMC_100_00175,0,non_landslide,67_29,1,67.55443225989318,29.663493575731756,raster-matched control,conventional_alphaearth_embeddings,Conventional + AlphaEarth Embeddings,0.07161430193685911,0.3791812820262481,0
586,CPEC_ROCKFALL_0015,1,rockfall,76_37,1,76.06596772109923,37.84489897811525,"Kashgar (Xinjiang, China)",conventional_alphaearth_embeddings,Conventional + AlphaEarth Embeddings,0.9776157495655249,0.3791812820262481,1
587,CPEC_ROCKFALL_0115,1,rockfall,65_27,5,65.8700904711615,27.482831031915623,Balochistan,conventional_alphaearth_embeddings,Conventional + AlphaEarth Embeddings,0.9788739885155319,0.2084914554893409,1
588,CPEC_ROCKFALL_0893,1,rockfall,75_38,2,75.19011109218138,38.74995380073106,"Kashgar (Xinjiang, China)",conventional_alphaearth_embeddings,Conventional + AlphaEarth Embeddings,0.9549076594867184,0.37467408808820823,1
589,CPEC_ROCKFALL_0343,1,rockfall,66_27,1,66.35742562529262,27.73660739106933,Balochistan,conventional_alphaearth_embeddings,Conventional + AlphaEarth Embeddings,0.9783990888336851,0.3791812820262481,1
590,CPEC_ROCKFALL_0807,1,rockfall,75_35,1,75.47981888762375,35.40597582052882,Gilgit-Baltistan,conventional_alphaearth_embeddings,Conventional + AlphaEarth Embeddings,0.5193388896556467,0.3791812820262481,1
591,RMC_100_00085,0,non_landslide,66_27,1,66.7437027159753,27.839913548969125,raster-matched control,conventional_alphaearth_embeddings,Conventional + AlphaEarth Embeddings,0.107562945051143,0.3791812820262481,0
592,CPEC_ROCKFALL_0485,1,rockfall,68_29,2,68.70427726432749,29.407472687704985,Balochistan,conventional_alphaearth_embeddings,Conventional + AlphaEarth Embeddings,0.8751636616282591,0.37467408808820823,1
593,RMC_100_00674,0,non_landslide,71_34,5,71.12074393784766,34.110154232123385,raster-matched control,conventional_alphaearth_embeddings,Conventional + AlphaEarth Embeddings,0.061536180535379625,0.2084914554893409,0
594,CPEC_ROCKFALL_0567,1,rockfall,67_29,1,67.2243016246888,29.47934001938337,Balochistan,conventional_alphaearth_embeddings,Conventional + AlphaEarth Embeddings,0.9397462503014066,0.3791812820262481,1
595,RMC_100_00116,0,non_landslide,69_27,4,69.29940969929534,27.444654823956537,raster-matched control,conventional_alphaearth_embeddings,Conventional + AlphaEarth Embeddings,0.07864056226017488,0.20592228862794998,0
596,CPEC_ROCKFALL_0340,1,rockfall,66_27,1,66.15530795184307,27.64902172817756,Balochistan,conventional_alphaearth_embeddings,Conventional + AlphaEarth Embeddings,0.13022830233243865,0.3791812820262481,0
597,RMC_100_00088,0,non_landslide,66_27,1,66.72573641029291,27.5075368938449,raster-matched control,conventional_alphaearth_embeddings,Conventional + AlphaEarth Embeddings,0.07160260317864182,0.3791812820262481,0
598,CPEC_ROCKFALL_0317,1,rockfall,66_28,3,66.3439502219091,28.1520796726231,Balochistan,conventional_alphaearth_embeddings,Conventional + AlphaEarth Embeddings,0.9705278284968079,0.5024470513377632,1
599,CPEC_ROCKFALL_0454,1,rockfall,69_28,1,69.17364670031426,28.83928957237386,Balochistan,conventional_alphaearth_embeddings,Conventional + AlphaEarth Embeddings,0.07567745508054816,0.3791812820262481,0
600,RMC_100_00338,0,non_landslide,75_38,2,75.2103242688018,38.7701647684934,raster-matched control,conventional_alphaearth_embeddings,Conventional + AlphaEarth Embeddings,0.08628987198518219,0.37467408808820823,0
601,RMC_100_00151,0,non_landslide,71_32,1,71.08930290290348,32.066486960751476,raster-matched control,conventional_alphaearth_embeddings,Conventional + AlphaEarth Embeddings,0.10085672350970133,0.3791812820262481,0
602,RMC_100_00668,0,non_landslide,65_26,3,65.25923670896779,26.622696338987176,raster-matched control,conventional_alphaearth_embeddings,Conventional + AlphaEarth Embeddings,0.17248939793092072,0.5024470513377632,0
603,CPEC_ROCKFALL_0955,1,rockfall,75_38,2,75.50901262222067,38.95431886111155,"Kashgar (Xinjiang, China)",conventional_alphaearth_embeddings,Conventional + AlphaEarth Embeddings,0.9260320738914964,0.37467408808820823,1
604,CPEC_ROCKFALL_0962,1,rockfall,75_38,2,75.48206627455471,38.97902228094764,"Kashgar (Xinjiang, China)",conventional_alphaearth_embeddings,Conventional + AlphaEarth Embeddings,0.10652464640435991,0.37467408808820823,0
605,CPEC_ROCKFALL_0546,1,rockfall,67_29,1,67.70040876236733,29.58938171518032,Balochistan,conventional_alphaearth_embeddings,Conventional + AlphaEarth Embeddings,0.841873805641638,0.3791812820262481,1
606,CPEC_ROCKFALL_0483,1,rockfall,68_29,2,68.70876757908832,29.407472687704985,Balochistan,conventional_alphaearth_embeddings,Conventional + AlphaEarth Embeddings,0.9654566434369782,0.37467408808820823,1
607,RMC_100_00499,0,non_landslide,71_33,3,71.35430591171874,33.436417769033746,raster-matched control,conventional_alphaearth_embeddings,Conventional + AlphaEarth Embeddings,0.059067444080014464,0.5024470513377632,0
608,RMC_100_00484,0,non_landslide,69_31,2,69.24101920582757,31.664490871107986,raster-matched control,conventional_alphaearth_embeddings,Conventional + AlphaEarth Embeddings,0.388948939897888,0.37467408808820823,1
609,RMC_100_00452,0,non_landslide,62_25,3,62.029793262558115,25.964680393369626,raster-matched control,conventional_alphaearth_embeddings,Conventional + AlphaEarth Embeddings,0.0835533682485413,0.5024470513377632,0
610,CPEC_ROCKFALL_0837,1,rockfall,74_36,2,74.50739150719146,36.245901013158,Gilgit-Baltistan,conventional_alphaearth_embeddings,Conventional + AlphaEarth Embeddings,0.9618566699587086,0.37467408808820823,1
611,RMC_100_00681,0,non_landslide,74_35,5,74.54781674676364,35.47559346398506,raster-matched control,conventional_alphaearth_embeddings,Conventional + AlphaEarth Embeddings,0.0700999715712696,0.2084914554893409,0
612,RMC_100_00428,0,non_landslide,63_26,1,63.57938712766429,26.23192919039518,raster-matched control,conventional_alphaearth_embeddings,Conventional + AlphaEarth Embeddings,0.07587914185543779,0.3791812820262481,0
613,RMC_100_00038,0,non_landslide,66_27,1,66.29229928570524,27.130244474514704,raster-matched control,conventional_alphaearth_embeddings,Conventional + AlphaEarth Embeddings,0.0724084274480988,0.3791812820262481,0
614,RMC_100_00130,0,non_landslide,69_28,1,69.12872979531264,28.86399297286538,raster-matched control,conventional_alphaearth_embeddings,Conventional + AlphaEarth Embeddings,0.07397613242777945,0.3791812820262481,0
615,RMC_100_00569,0,non_landslide,70_29,4,70.17077552489127,29.962183407701495,raster-matched control,conventional_alphaearth_embeddings,Conventional + AlphaEarth Embeddings,0.04526503903712443,0.20592228862794998,0
616,CPEC_ROCKFALL_0717,1,rockfall,72_34,1,72.79385707257536,34.013585843781925,KP-AJK,conventional_alphaearth_embeddings,Conventional + AlphaEarth Embeddings,0.9847379512528114,0.3791812820262481,1
617,RMC_100_00287,0,non_landslide,67_26,5,67.24226769866164,26.824817277914065,raster-matched control,conventional_alphaearth_embeddings,Conventional + AlphaEarth Embeddings,0.08528951482144535,0.2084914554893409,0
618,RMC_100_00241,0,non_landslide,74_38,1,74.96553335387922,38.66236693439906,raster-matched control,conventional_alphaearth_embeddings,Conventional + AlphaEarth Embeddings,0.07980300001745877,0.3791812820262481,0
619,RMC_100_00297,0,non_landslide,70_31,3,70.07196084363812,31.889069692137866,raster-matched control,conventional_alphaearth_embeddings,Conventional + AlphaEarth Embeddings,0.06455931315561314,0.5024470513377632,0
620,RMC_100_00490,0,non_landslide,67_28,4,67.20633508729685,28.866238761075678,raster-matched control,conventional_alphaearth_embeddings,Conventional + AlphaEarth Embeddings,0.1010926013190847,0.20592228862794998,0
621,RMC_100_00441,0,non_landslide,66_28,3,66.3664102966451,28.109408134204983,raster-matched control,conventional_alphaearth_embeddings,Conventional + AlphaEarth Embeddings,0.060909900726324684,0.5024470513377632,0
622,RMC_100_00363,0,non_landslide,74_35,5,74.14806644533046,35.41271139409669,raster-matched control,conventional_alphaearth_embeddings,Conventional + AlphaEarth Embeddings,0.10817712994830997,0.2084914554893409,0
623,RMC_100_00430,0,non_landslide,68_29,2,68.4415186029612,29.468110001435758,raster-matched control,conventional_alphaearth_embeddings,Conventional + AlphaEarth Embeddings,0.1017068615722409,0.37467408808820823,0
624,CPEC_ROCKFALL_0339,1,rockfall,66_26,4,66.46297700632873,26.297057961581192,Balochistan,conventional_alphaearth_embeddings,Conventional + AlphaEarth Embeddings,0.7963762666200966,0.20592228862794998,1
625,RMC_100_00440,0,non_landslide,65_26,3,65.66797016324217,26.261124437129066,raster-matched control,conventional_alphaearth_embeddings,Conventional + AlphaEarth Embeddings,0.06525814504875323,0.5024470513377632,0
626,RMC_100_00278,0,non_landslide,68_29,2,68.25511818150639,29.70840933993773,raster-matched control,conventional_alphaearth_embeddings,Conventional + AlphaEarth Embeddings,0.26613727316480096,0.37467408808820823,0
627,CPEC_ROCKFALL_0792,1,rockfall,76_35,2,76.13109735108584,35.20385368797823,Gilgit-Baltistan,conventional_alphaearth_embeddings,Conventional + AlphaEarth Embeddings,0.9373715719984036,0.37467408808820823,1
628,CPEC_ROCKFALL_0635,1,rockfall,68_29,2,68.0979108666757,29.930743737225804,Balochistan,conventional_alphaearth_embeddings,Conventional + AlphaEarth Embeddings,0.943680492778183,0.37467408808820823,1
629,RMC_100_00337,0,non_landslide,75_38,2,75.21930742164298,38.7701647684934,raster-matched control,conventional_alphaearth_embeddings,Conventional + AlphaEarth Embeddings,0.06863592688996542,0.37467408808820823,0
630,CPEC_ROCKFALL_0285,1,rockfall,66_27,1,66.2900530674761,27.19537062340418,Balochistan,conventional_alphaearth_embeddings,Conventional + AlphaEarth Embeddings,0.9681265234663659,0.3791812820262481,1
631,RMC_100_00270,0,non_landslide,71_34,5,71.38574694666293,34.32350411210177,raster-matched control,conventional_alphaearth_embeddings,Conventional + AlphaEarth Embeddings,0.08600113007852078,0.2084914554893409,0
632,CPEC_ROCKFALL_0858,1,rockfall,74_35,5,74.19971799360472,35.39923811883707,Gilgit-Baltistan,conventional_alphaearth_embeddings,Conventional + AlphaEarth Embeddings,0.9773963570188111,0.2084914554893409,1
633,CPEC_ROCKFALL_0619,1,rockfall,67_30,3,67.20633590654447,30.276591614931068,Balochistan,conventional_alphaearth_embeddings,Conventional + AlphaEarth Embeddings,0.966359876217559,0.5024470513377632,1
634,RMC_100_00013,0,non_landslide,63_26,1,63.961171123415085,26.34646438912042,raster-matched control,conventional_alphaearth_embeddings,Conventional + AlphaEarth Embeddings,0.08408034580345948,0.3791812820262481,0
635,RMC_100_00549,0,non_landslide,67_27,2,67.27146294539553,27.99487293547974,raster-matched control,conventional_alphaearth_embeddings,Conventional + AlphaEarth Embeddings,0.11281693534022985,0.37467408808820823,0
636,RMC_100_00372,0,non_landslide,66_28,3,66.20920512192419,28.441784789329205,raster-matched control,conventional_alphaearth_embeddings,Conventional + AlphaEarth Embeddings,0.07579268361631017,0.5024470513377632,0
637,CPEC_ROCKFALL_0301,1,rockfall,66_27,1,66.53709172493805,27.640036639554857,Balochistan,conventional_alphaearth_embeddings,Conventional + AlphaEarth Embeddings,0.9876398475837369,0.3791812820262481,1
638,CPEC_ROCKFALL_0587,1,rockfall,67_29,1,67.43316145893115,29.60285711856382,Balochistan,conventional_alphaearth_embeddings,Conventional + AlphaEarth Embeddings,0.986564247077005,0.3791812820262481,1
639,CPEC_ROCKFALL_0395,1,rockfall,67_26,5,67.83740126493129,26.200487210066708,Punjab-Sindh lowland corridor,conventional_alphaearth_embeddings,Conventional + AlphaEarth Embeddings,0.9665686453273402,0.2084914554893409,1
640,RMC_100_00268,0,non_landslide,67_29,1,67.46684651969152,29.286201156401553,raster-matched control,conventional_alphaearth_embeddings,Conventional + AlphaEarth Embeddings,0.8722756781800776,0.3791812820262481,1
641,CPEC_ROCKFALL_0315,1,rockfall,66_27,1,66.593236266302,27.911778716852904,Balochistan,conventional_alphaearth_embeddings,Conventional + AlphaEarth Embeddings,0.9871836758167789,0.3791812820262481,1
642,RMC_100_00614,0,non_landslide,65_29,4,65.94644790131923,29.33111692060753,raster-matched control,conventional_alphaearth_embeddings,Conventional + AlphaEarth Embeddings,0.06117137837527311,0.20592228862794998,0
643,RMC_100_00676,0,non_landslide,71_35,2,71.73833569567984,35.45987294651297,raster-matched control,conventional_alphaearth_embeddings,Conventional + AlphaEarth Embeddings,0.10903045397415873,0.37467408808820823,0
644,CPEC_ROCKFALL_0891,1,rockfall,75_38,2,75.18113046265974,38.7454590268692,"Kashgar (Xinjiang, China)",conventional_alphaearth_embeddings,Conventional + AlphaEarth Embeddings,0.8916108879818252,0.37467408808820823,1
645,CPEC_ROCKFALL_0521,1,rockfall,67_29,1,67.8890554915344,29.68370507976385,Balochistan,conventional_alphaearth_embeddings,Conventional + AlphaEarth Embeddings,0.9830754667999224,0.3791812820262481,1
646,RMC_100_00391,0,non_landslide,77_37,2,77.37301831531954,37.63379593408221,raster-matched control,conventional_alphaearth_embeddings,Conventional + AlphaEarth Embeddings,0.10331289789166709,0.37467408808820823,0
647,CPEC_ROCKFALL_0109,1,rockfall,65_27,5,65.8161933167285,27.451394369488835,Balochistan,conventional_alphaearth_embeddings,Conventional + AlphaEarth Embeddings,0.9191677214496459,0.2084914554893409,1
648,RMC_100_00584,0,non_landslide,74_36,2,74.20421115058792,36.01458263445677,raster-matched control,conventional_alphaearth_embeddings,Conventional + AlphaEarth Embeddings,0.23332464064152383,0.37467408808820823,0
649,CPEC_ROCKFALL_0213,1,rockfall,65_26,3,65.67021572554187,26.270107154814166,Balochistan,conventional_alphaearth_embeddings,Conventional + AlphaEarth Embeddings,0.9869185930598467,0.5024470513377632,1
650,CPEC_ROCKFALL_0282,1,rockfall,66_27,1,66.28780568054516,27.188632921712426,Balochistan,conventional_alphaearth_embeddings,Conventional + AlphaEarth Embeddings,0.9873455348103962,0.3791812820262481,1
651,RMC_100_00072,0,non_landslide,76_38,3,76.5016524897236,38.63541747587548,raster-matched control,conventional_alphaearth_embeddings,Conventional + AlphaEarth Embeddings,0.0725740570057426,0.5024470513377632,0
652,RMC_100_00381,0,non_landslide,77_37,2,77.35954358605775,37.61807541661012,raster-matched control,conventional_alphaearth_embeddings,Conventional + AlphaEarth Embeddings,0.13616068376607762,0.37467408808820823,0
653,RMC_100_00514,0,non_landslide,63_26,1,63.114508968132434,26.117393991669942,raster-matched control,conventional_alphaearth_embeddings,Conventional + AlphaEarth Embeddings,0.08474731299602004,0.3791812820262481,0
654,RMC_100_00457,0,non_landslide,69_28,1,69.07932245468606,28.994248689062708,raster-matched control,conventional_alphaearth_embeddings,Conventional + AlphaEarth Embeddings,0.12149957731920534,0.3791812820262481,0
655,CPEC_ROCKFALL_0347,1,rockfall,66_27,1,66.4921752000267,27.77703360121988,Balochistan,conventional_alphaearth_embeddings,Conventional + AlphaEarth Embeddings,0.9864766567857465,0.3791812820262481,1
656,CPEC_ROCKFALL_0623,1,rockfall,67_30,3,67.20857883437435,30.272101300170256,Balochistan,conventional_alphaearth_embeddings,Conventional + AlphaEarth Embeddings,0.9453735429450677,0.5024470513377632,1
657,CPEC_ROCKFALL_0496,1,rockfall,68_29,2,68.55156197144908,29.313149323121447,Balochistan,conventional_alphaearth_embeddings,Conventional + AlphaEarth Embeddings,0.9731543644592658,0.37467408808820823,1
658,CPEC_ROCKFALL_0808,1,rockfall,75_35,1,75.79872041766305,35.325127859328795,Gilgit-Baltistan,conventional_alphaearth_embeddings,Conventional + AlphaEarth Embeddings,0.3849098064505627,0.3791812820262481,1
659,RMC_100_00017,0,non_landslide,63_26,1,63.97240006446658,26.08370716851546,raster-matched control,conventional_alphaearth_embeddings,Conventional + AlphaEarth Embeddings,0.06052986971474825,0.3791812820262481,0
660,RMC_100_00016,0,non_landslide,65_29,4,65.97115157163252,29.367049531972313,raster-matched control,conventional_alphaearth_embeddings,Conventional + AlphaEarth Embeddings,0.061183445704185886,0.20592228862794998,0
661,RMC_100_00142,0,non_landslide,65_26,3,65.48606131820797,26.98426824084528,raster-matched control,conventional_alphaearth_embeddings,Conventional + AlphaEarth Embeddings,0.10412159421020337,0.5024470513377632,0
662,RMC_100_00248,0,non_landslide,65_26,3,65.69042804534516,26.912403018115718,raster-matched control,conventional_alphaearth_embeddings,Conventional + AlphaEarth Embeddings,0.06386424004978918,0.5024470513377632,0
663,RMC_100_00329,0,non_landslide,75_40,1,75.3787583845742,40.50391326684408,raster-matched control,conventional_alphaearth_embeddings,Conventional + AlphaEarth Embeddings,0.07880165687508424,0.3791812820262481,0
664,RMC_100_00184,0,non_landslide,77_37,2,77.08780321261159,37.514769158936375,raster-matched control,conventional_alphaearth_embeddings,Conventional + AlphaEarth Embeddings,0.10467727333471379,0.37467408808820823,0
665,RMC_100_00582,0,non_landslide,74_39,3,74.8442607905231,39.650513746930535,raster-matched control,conventional_alphaearth_embeddings,Conventional + AlphaEarth Embeddings,0.19869429225753202,0.5024470513377632,0
666,CPEC_ROCKFALL_0353,1,rockfall,66_27,1,66.49891290171844,27.774786214288937,Balochistan,conventional_alphaearth_embeddings,Conventional + AlphaEarth Embeddings,0.9887009389809477,0.3791812820262481,1
667,CPEC_ROCKFALL_0384,1,rockfall,66_27,1,66.93459382924642,27.69842856784973,Balochistan,conventional_alphaearth_embeddings,Conventional + AlphaEarth Embeddings,0.9625812738887707,0.3791812820262481,1
668,RMC_100_00409,0,non_landslide,65_26,3,65.4164418836887,26.860749889278846,raster-matched control,conventional_alphaearth_embeddings,Conventional + AlphaEarth Embeddings,0.05472005757546683,0.5024470513377632,0
669,CPEC_ROCKFALL_0673,1,rockfall,70_29,4,70.0113245060125,29.955447157061897,Punjab-Sindh lowland corridor,conventional_alphaearth_embeddings,Conventional + AlphaEarth Embeddings,0.9761303574245094,0.20592228862794998,1
670,CPEC_ROCKFALL_0822,1,rockfall,75_35,1,75.85486495902698,35.280211334417444,Gilgit-Baltistan,conventional_alphaearth_embeddings,Conventional + AlphaEarth Embeddings,0.7746696220977249,0.3791812820262481,1
671,CPEC_ROCKFALL_0074,1,rockfall,63_26,1,63.95892421875566,26.07697011088626,Balochistan,conventional_alphaearth_embeddings,Conventional + AlphaEarth Embeddings,0.7496385105634674,0.3791812820262481,1
672,CPEC_ROCKFALL_0414,1,rockfall,70_29,4,70.0203095946352,29.510781140911217,Punjab-Sindh lowland corridor,conventional_alphaearth_embeddings,Conventional + AlphaEarth Embeddings,0.9774603704001771,0.20592228862794998,1
673,RMC_100_00585,0,non_landslide,75_36,3,75.0037117534543,36.54458865208729,raster-matched control,conventional_alphaearth_embeddings,Conventional + AlphaEarth Embeddings,0.07094626926592935,0.5024470513377632,0
674,CPEC_ROCKFALL_0810,1,rockfall,75_35,1,75.79872041766305,35.32737078715868,Gilgit-Baltistan,conventional_alphaearth_embeddings,Conventional + AlphaEarth Embeddings,0.9118418998096616,0.3791812820262481,1
675,RMC_100_00429,0,non_landslide,68_26,1,68.85923521007678,26.83380043075526,raster-matched control,conventional_alphaearth_embeddings,Conventional + AlphaEarth Embeddings,0.06859302414151114,0.3791812820262481,0
676,RMC_100_00032,0,non_landslide,69_32,4,69.76653364703749,32.22593792368269,raster-matched control,conventional_alphaearth_embeddings,Conventional + AlphaEarth Embeddings,0.0555613866308813,0.20592228862794998,0
677,CPEC_ROCKFALL_0082,1,rockfall,65_26,3,65.42991476977166,26.880963867226765,Balochistan,conventional_alphaearth_embeddings,Conventional + AlphaEarth Embeddings,0.9865890778454401,0.5024470513377632,1
678,CPEC_ROCKFALL_0608,1,rockfall,66_29,5,66.94357891786912,29.8319255987804,Balochistan,conventional_alphaearth_embeddings,Conventional + AlphaEarth Embeddings,0.9343405328074589,0.2084914554893409,1
679,RMC_100_00208,0,non_landslide,71_34,5,71.90003244682136,34.55257450955225,raster-matched control,conventional_alphaearth_embeddings,Conventional + AlphaEarth Embeddings,0.06500392953570983,0.2084914554893409,0
680,RMC_100_00663,0,non_landslide,74_39,3,74.4400189126693,39.60335219451426,raster-matched control,conventional_alphaearth_embeddings,Conventional + AlphaEarth Embeddings,0.958166583569315,0.5024470513377632,1
681,CPEC_ROCKFALL_0946,1,rockfall,75_38,2,75.51350739608255,38.94084345772803,"Kashgar (Xinjiang, China)",conventional_alphaearth_embeddings,Conventional + AlphaEarth Embeddings,0.4670807663599724,0.37467408808820823,1
682,CPEC_ROCKFALL_0625,1,rockfall,67_30,3,67.20633590654447,30.274348687101185,Balochistan,conventional_alphaearth_embeddings,Conventional + AlphaEarth Embeddings,0.9729368573613233,0.5024470513377632,1
683,RMC_100_00138,0,non_landslide,67_29,1,67.55443225989318,29.48832209532845,raster-matched control,conventional_alphaearth_embeddings,Conventional + AlphaEarth Embeddings,0.39766969504886884,0.3791812820262481,1
684,RMC_100_00649,0,non_landslide,74_35,5,74.6219277577035,35.68220597933255,raster-matched control,conventional_alphaearth_embeddings,Conventional + AlphaEarth Embeddings,0.09072878421874549,0.2084914554893409,0
685,CPEC_ROCKFALL_0836,1,rockfall,74_36,2,74.50514857936156,36.243653626227065,Gilgit-Baltistan,conventional_alphaearth_embeddings,Conventional + AlphaEarth Embeddings,0.9654835030127837,0.37467408808820823,1
686,RMC_100_00348,0,non_landslide,74_36,2,74.60845302844172,36.288568796113225,raster-matched control,conventional_alphaearth_embeddings,Conventional + AlphaEarth Embeddings,0.09043077454566731,0.37467408808820823,0
687,RMC_100_00119,0,non_landslide,61_25,2,61.96241961624915,25.85912834748558,raster-matched control,conventional_alphaearth_embeddings,Conventional + AlphaEarth Embeddings,0.1532125181900917,0.37467408808820823,0
688,RMC_100_00018,0,non_landslide,63_26,1,63.96566269983568,26.08595295672576,raster-matched control,conventional_alphaearth_embeddings,Conventional + AlphaEarth Embeddings,0.0740909825264714,0.3791812820262481,0
689,CPEC_ROCKFALL_0834,1,rockfall,74_35,5,74.75892047941421,35.507032427703066,Gilgit-Baltistan,conventional_alphaearth_embeddings,Conventional + AlphaEarth Embeddings,0.9802948596487873,0.2084914554893409,1
690,CPEC_ROCKFALL_0528,1,rockfall,67_29,1,67.90702120967875,29.68370507976385,Balochistan,conventional_alphaearth_embeddings,Conventional + AlphaEarth Embeddings,0.980385505992204,0.3791812820262481,1
691,RMC_100_00011,0,non_landslide,63_26,1,63.954433758784184,26.422821188270582,raster-matched control,conventional_alphaearth_embeddings,Conventional + AlphaEarth Embeddings,0.06506278291930724,0.3791812820262481,0
692,CPEC_ROCKFALL_0943,1,rockfall,75_38,2,75.50676969439078,38.93860052989815,"Kashgar (Xinjiang, China)",conventional_alphaearth_embeddings,Conventional + AlphaEarth Embeddings,0.966427716456607,0.37467408808820823,1
693,RMC_100_00246,0,non_landslide,74_36,2,74.31874634931316,36.44801975904444,raster-matched control,conventional_alphaearth_embeddings,Conventional + AlphaEarth Embeddings,0.38545818389972003,0.37467408808820823,1
694,CPEC_ROCKFALL_0852,1,rockfall,74_35,5,74.57925883886983,35.489066709558735,Gilgit-Baltistan,conventional_alphaearth_embeddings,Conventional + AlphaEarth Embeddings,0.7769723766411426,0.2084914554893409,1
695,CPEC_ROCKFALL_0566,1,rockfall,67_29,1,67.2243016246888,29.481582947213266,Balochistan,conventional_alphaearth_embeddings,Conventional + AlphaEarth Embeddings,0.9868909617007416,0.3791812820262481,1
696,RMC_100_00498,0,non_landslide,71_33,3,71.74507306031074,33.49705405071181,raster-matched control,conventional_alphaearth_embeddings,Conventional + AlphaEarth Embeddings,0.07109488896950239,0.5024470513377632,0
697,RMC_100_00211,0,non_landslide,74_35,5,74.64887721622709,35.82144484837107,raster-matched control,conventional_alphaearth_embeddings,Conventional + AlphaEarth Embeddings,0.17828643217264853,0.2084914554893409,0
698,RMC_100_00048,0,non_landslide,69_31,2,69.33534231066012,31.808221316567113,raster-matched control,conventional_alphaearth_embeddings,Conventional + AlphaEarth Embeddings,0.20669710175014117,0.37467408808820823,0
699,RMC_100_00061,0,non_landslide,76_39,5,76.8834364854744,39.92449990858699,raster-matched control,conventional_alphaearth_embeddings,Conventional + AlphaEarth Embeddings,0.09880053825428539,0.2084914554893409,0
700,RMC_100_00536,0,non_landslide,70_29,4,70.01581613838066,29.647773058259663,raster-matched control,conventional_alphaearth_embeddings,Conventional + AlphaEarth Embeddings,0.04967007669400619,0.20592228862794998,0
701,RMC_100_00000,0,non_landslide,74_36,2,74.92960074251444,36.48619815861952,raster-matched control,conventional_alphaearth_embeddings,Conventional + AlphaEarth Embeddings,0.20381894726901686,0.37467408808820823,0
702,RMC_100_00185,0,non_landslide,68_29,2,68.6211816597851,29.328871132397232,raster-matched control,conventional_alphaearth_embeddings,Conventional + AlphaEarth Embeddings,0.8844845150512908,0.37467408808820823,1
703,RMC_100_00245,0,non_landslide,74_35,5,74.08069279902149,35.63279863870598,raster-matched control,conventional_alphaearth_embeddings,Conventional + AlphaEarth Embeddings,0.10408386697949375,0.2084914554893409,0
704,CPEC_ROCKFALL_0550,1,rockfall,67_29,1,67.70040876236733,29.58713878735043,Balochistan,conventional_alphaearth_embeddings,Conventional + AlphaEarth Embeddings,0.2794197731886413,0.3791812820262481,0
705,RMC_100_00090,0,non_landslide,66_27,1,66.26534982718165,27.442409035746238,raster-matched control,conventional_alphaearth_embeddings,Conventional + AlphaEarth Embeddings,0.48884036472870884,0.3791812820262481,1
706,CPEC_ROCKFALL_0919,1,rockfall,75_38,2,75.47981888762375,38.84202977838366,"Kashgar (Xinjiang, China)",conventional_alphaearth_embeddings,Conventional + AlphaEarth Embeddings,0.10514593290924103,0.37467408808820823,0
707,CPEC_ROCKFALL_0859,1,rockfall,74_35,5,74.1907373640831,35.39923811883706,Gilgit-Baltistan,conventional_alphaearth_embeddings,Conventional + AlphaEarth Embeddings,0.9823491368780902,0.2084914554893409,1
708,CPEC_ROCKFALL_0655,1,rockfall,69_30,5,69.18712210369777,30.9929997083798,Balochistan,conventional_alphaearth_embeddings,Conventional + AlphaEarth Embeddings,0.9772482884131578,0.2084914554893409,1
709,CPEC_ROCKFALL_0299,1,rockfall,66_27,1,66.48543749833493,27.579401783430097,Balochistan,conventional_alphaearth_embeddings,Conventional + AlphaEarth Embeddings,0.9877313319884113,0.3791812820262481,1
710,CPEC_ROCKFALL_0910,1,rockfall,75_38,2,75.41693664456807,38.817326358547575,"Kashgar (Xinjiang, China)",conventional_alphaearth_embeddings,Conventional + AlphaEarth Embeddings,0.9480873945162394,0.37467408808820823,1
711,RMC_100_00179,0,non_landslide,72_36,5,72.00333870449509,36.02805736371857,raster-matched control,conventional_alphaearth_embeddings,Conventional + AlphaEarth Embeddings,0.1439510967940376,0.2084914554893409,0
712,RMC_100_00023,0,non_landslide,64_28,1,64.72923069133728,28.816831420449105,raster-matched control,conventional_alphaearth_embeddings,Conventional + AlphaEarth Embeddings,0.070795921375661,0.3791812820262481,0
713,CPEC_ROCKFALL_0392,1,rockfall,66_29,5,66.64488603380404,29.31764409698332,Balochistan,conventional_alphaearth_embeddings,Conventional + AlphaEarth Embeddings,0.9819395148828166,0.2084914554893409,1
714,RMC_100_00212,0,non_landslide,66_27,1,66.42929236653347,27.105540804201418,raster-matched control,conventional_alphaearth_embeddings,Conventional + AlphaEarth Embeddings,0.07546350445530722,0.3791812820262481,0
715,CPEC_ROCKFALL_0022,1,rockfall,76_37,1,76.2007172958333,37.65849963587912,"Kashgar (Xinjiang, China)",conventional_alphaearth_embeddings,Conventional + AlphaEarth Embeddings,0.9906504520833656,0.3791812820262481,1
716,RMC_100_00407,0,non_landslide,63_27,3,63.543454516299505,27.08083713388813,raster-matched control,conventional_alphaearth_embeddings,Conventional + AlphaEarth Embeddings,0.06346366774491849,0.5024470513377632,0
717,CPEC_ROCKFALL_0883,1,rockfall,75_38,2,75.00371174994524,38.5657973863248,"Kashgar (Xinjiang, China)",conventional_alphaearth_embeddings,Conventional + AlphaEarth Embeddings,0.9665980483390514,0.37467408808820823,1
718,RMC_100_00666,0,non_landslide,77_37,2,77.49653666688597,37.77977216775163,raster-matched control,conventional_alphaearth_embeddings,Conventional + AlphaEarth Embeddings,0.10166525454246633,0.37467408808820823,0
719,CPEC_ROCKFALL_0613,1,rockfall,67_30,3,67.26697076266923,30.087949344865045,Balochistan,conventional_alphaearth_embeddings,Conventional + AlphaEarth Embeddings,0.9756078150352068,0.5024470513377632,1
720,CPEC_ROCKFALL_0211,1,rockfall,65_26,3,65.67920081416455,26.281335171266733,Balochistan,conventional_alphaearth_embeddings,Conventional + AlphaEarth Embeddings,0.9804945308276942,0.5024470513377632,1
721,CPEC_ROCKFALL_0407,1,rockfall,67_26,5,67.15468167994136,26.934861021659763,Balochistan,conventional_alphaearth_embeddings,Conventional + AlphaEarth Embeddings,0.9686263363144212,0.2084914554893409,1
722,RMC_100_00534,0,non_landslide,70_31,3,70.24937811225173,31.931739668133545,raster-matched control,conventional_alphaearth_embeddings,Conventional + AlphaEarth Embeddings,0.059971347066950696,0.5024470513377632,0
723,CPEC_ROCKFALL_0606,1,rockfall,66_29,5,66.945821845699,29.836420372642262,Balochistan,conventional_alphaearth_embeddings,Conventional + AlphaEarth Embeddings,0.9473704124576886,0.2084914554893409,1
724,RMC_100_00219,0,non_landslide,75_35,1,75.5831251117114,35.51152607534984,raster-matched control,conventional_alphaearth_embeddings,Conventional + AlphaEarth Embeddings,0.09743750145941568,0.3791812820262481,0
725,CPEC_ROCKFALL_0562,1,rockfall,67_29,1,67.68468597205288,29.596119416872064,Balochistan,conventional_alphaearth_embeddings,Conventional + AlphaEarth Embeddings,0.980944046963031,0.3791812820262481,1
726,RMC_100_00578,0,non_landslide,73_35,4,73.79323190810325,35.51152607534984,raster-matched control,conventional_alphaearth_embeddings,Conventional + AlphaEarth Embeddings,0.7218888555481561,0.20592228862794998,1
727,RMC_100_00123,0,non_landslide,65_26,3,65.96890578342222,26.49693219921044,raster-matched control,conventional_alphaearth_embeddings,Conventional + AlphaEarth Embeddings,0.0661922747853541,0.5024470513377632,0
728,RMC_100_00324,0,non_landslide,74_36,2,74.55455411139454,36.24814460832785,raster-matched control,conventional_alphaearth_embeddings,Conventional + AlphaEarth Embeddings,0.07788963696184013,0.37467408808820823,0
729,RMC_100_00020,0,non_landslide,65_29,4,65.96665999521191,29.3917532022856,raster-matched control,conventional_alphaearth_embeddings,Conventional + AlphaEarth Embeddings,0.09481077232544623,0.20592228862794998,0
730,RMC_100_00059,0,non_landslide,77_39,1,77.97488955567962,39.944712002479676,raster-matched control,conventional_alphaearth_embeddings,Conventional + AlphaEarth Embeddings,0.09374272512185007,0.3791812820262481,0
731,RMC_100_00173,0,non_landslide,67_29,1,67.8957920678586,29.721884069199525,raster-matched control,conventional_alphaearth_embeddings,Conventional + AlphaEarth Embeddings,0.073531988685085,0.3791812820262481,0
732,CPEC_ROCKFALL_0476,1,rockfall,69_29,3,69.1444485066163,29.099799174118274,Balochistan,conventional_alphaearth_embeddings,Conventional + AlphaEarth Embeddings,0.9740441525144531,0.5024470513377632,1
733,CPEC_ROCKFALL_0225,1,rockfall,65_26,3,65.70390423400063,26.303795663272943,Balochistan,conventional_alphaearth_embeddings,Conventional + AlphaEarth Embeddings,0.9769573498407113,0.5024470513377632,1
734,CPEC_ROCKFALL_0048,1,rockfall,63_27,3,63.597353550735946,27.460374999010465,Balochistan,conventional_alphaearth_embeddings,Conventional + AlphaEarth Embeddings,0.22849217454926082,0.5024470513377632,0
735,CPEC_ROCKFALL_0473,1,rockfall,69_29,3,69.1444485066163,29.09755624628839,Balochistan,conventional_alphaearth_embeddings,Conventional + AlphaEarth Embeddings,0.09856240913270366,0.5024470513377632,0
736,CPEC_ROCKFALL_0799,1,rockfall,72_35,3,72.56029381849693,35.52275521801752,KP-AJK,conventional_alphaearth_embeddings,Conventional + AlphaEarth Embeddings,0.971033037419809,0.5024470513377632,1
737,CPEC_ROCKFALL_0375,1,rockfall,66_27,1,66.99073837061036,27.96343294345602,Balochistan,conventional_alphaearth_embeddings,Conventional + AlphaEarth Embeddings,0.9056443197222716,0.3791812820262481,1
738,CPEC_ROCKFALL_0332,1,rockfall,66_25,2,66.86048356973815,25.07759192368692,Balochistan,conventional_alphaearth_embeddings,Conventional + AlphaEarth Embeddings,0.9598607376444971,0.37467408808820823,1
739,RMC_100_00646,0,non_landslide,69_31,2,69.29042654645414,31.201858499786432,raster-matched control,conventional_alphaearth_embeddings,Conventional + AlphaEarth Embeddings,0.11430932929999975,0.37467408808820823,0
740,CPEC_ROCKFALL_0643,1,rockfall,67_30,3,67.22654901161974,30.46748573102908,Balochistan,conventional_alphaearth_embeddings,Conventional + AlphaEarth Embeddings,0.9305619231320018,0.5024470513377632,1
741,RMC_100_00588,0,non_landslide,65_27,5,65.14245572203225,27.413213789012353,raster-matched control,conventional_alphaearth_embeddings,Conventional + AlphaEarth Embeddings,0.11267577788896944,0.2084914554893409,0
742,CPEC_ROCKFALL_0450,1,rockfall,69_28,1,69.17588962814415,28.830304483751167,Balochistan,conventional_alphaearth_embeddings,Conventional + AlphaEarth Embeddings,0.9853874625786418,0.3791812820262481,1
743,CPEC_ROCKFALL_0442,1,rockfall,70_29,4,70.03602792584859,29.551202891960703,Punjab-Sindh lowland corridor,conventional_alphaearth_embeddings,Conventional + AlphaEarth Embeddings,0.9823822967464351,0.20592228862794998,1
744,RMC_100_00281,0,non_landslide,71_34,5,71.36778064098054,34.31676674747088,raster-matched control,conventional_alphaearth_embeddings,Conventional + AlphaEarth Embeddings,0.08995351547952866,0.2084914554893409,0
745,CPEC_ROCKFALL_0326,1,rockfall,66_25,2,66.85149848111547,25.059626205542585,Balochistan,conventional_alphaearth_embeddings,Conventional + AlphaEarth Embeddings,0.9530045804973643,0.37467408808820823,1
746,RMC_100_00164,0,non_landslide,67_29,1,67.63528063546393,29.535483647744723,raster-matched control,conventional_alphaearth_embeddings,Conventional + AlphaEarth Embeddings,0.17790604474041477,0.3791812820262481,0
747,CPEC_ROCKFALL_0368,1,rockfall,66_27,1,66.91213779634127,27.89156561177764,Balochistan,conventional_alphaearth_embeddings,Conventional + AlphaEarth Embeddings,0.9312419066772784,0.3791812820262481,1
748,RMC_100_00523,0,non_landslide,66_26,4,66.54607335346901,26.081461380305164,raster-matched control,conventional_alphaearth_embeddings,Conventional + AlphaEarth Embeddings,0.08358369811233166,0.20592228862794998,0
749,CPEC_ROCKFALL_0718,1,rockfall,72_34,1,72.80059477426713,34.01583323071286,KP-AJK,conventional_alphaearth_embeddings,Conventional + AlphaEarth Embeddings,0.9845621355528589,0.3791812820262481,1
750,RMC_100_00426,0,non_landslide,67_28,4,67.54320331884168,28.881959278547768,raster-matched control,conventional_alphaearth_embeddings,Conventional + AlphaEarth Embeddings,0.09016814054613422,0.20592228862794998,0
751,RMC_100_00099,0,non_landslide,77_37,2,77.26971205764579,37.739347979966254,raster-matched control,conventional_alphaearth_embeddings,Conventional + AlphaEarth Embeddings,0.0859637029055019,0.37467408808820823,0
752,CPEC_ROCKFALL_0362,1,rockfall,66_27,1,66.90315270771858,27.860124490249788,Balochistan,conventional_alphaearth_embeddings,Conventional + AlphaEarth Embeddings,0.988879284383887,0.3791812820262481,1
753,RMC_100_00132,0,non_landslide,65_26,3,65.91500686637504,26.395871729746993,raster-matched control,conventional_alphaearth_embeddings,Conventional + AlphaEarth Embeddings,0.48818800534542917,0.5024470513377632,0
754,CPEC_ROCKFALL_0680,1,rockfall,70_29,4,70.09891016890428,29.95769008489178,Punjab-Sindh lowland corridor,conventional_alphaearth_embeddings,Conventional + AlphaEarth Embeddings,0.9856362006772121,0.20592228862794998,1
755,RMC_100_00603,0,non_landslide,76_39,5,76.35792204426448,39.78975261596906,raster-matched control,conventional_alphaearth_embeddings,Conventional + AlphaEarth Embeddings,0.10555435298123192,0.2084914554893409,0
756,CPEC_ROCKFALL_0917,1,rockfall,75_38,2,75.48206627455471,38.83529207669192,"Kashgar (Xinjiang, China)",conventional_alphaearth_embeddings,Conventional + AlphaEarth Embeddings,0.969716462902859,0.37467408808820823,1
757,RMC_100_00112,0,non_landslide,68_28,5,68.84800626902528,28.798865114766713,raster-matched control,conventional_alphaearth_embeddings,Conventional + AlphaEarth Embeddings,0.11029312343776361,0.2084914554893409,0
758,RMC_100_00181,0,non_landslide,66_27,1,66.59323490588528,27.929745077381078,raster-matched control,conventional_alphaearth_embeddings,Conventional + AlphaEarth Embeddings,0.28244095651622686,0.3791812820262481,0
759,RMC_100_00516,0,non_landslide,65_25,1,65.44114555400199,25.544717998043748,raster-matched control,conventional_alphaearth_embeddings,Conventional + AlphaEarth Embeddings,0.0866848652239826,0.3791812820262481,0
760,RMC_100_00539,0,non_landslide,71_31,4,71.90003244682136,31.484827814284085,raster-matched control,conventional_alphaearth_embeddings,Conventional + AlphaEarth Embeddings,0.07130703583511945,0.20592228862794998,0
761,RMC_100_00258,0,non_landslide,63_26,1,63.92074693562971,26.06349507462277,raster-matched control,conventional_alphaearth_embeddings,Conventional + AlphaEarth Embeddings,0.06584210681658624,0.3791812820262481,0
762,RMC_100_00310,0,non_landslide,72_32,2,72.7556777549452,32.69081608321454,raster-matched control,conventional_alphaearth_embeddings,Conventional + AlphaEarth Embeddings,0.09322052129918047,0.37467408808820823,0
763,RMC_100_00233,0,non_landslide,78_40,4,78.10739106008725,40.85874780407129,raster-matched control,conventional_alphaearth_embeddings,Conventional + AlphaEarth Embeddings,0.07026664951636921,0.20592228862794998,0
764,RMC_100_00040,0,non_landslide,66_27,1,66.51238653031453,27.559190022681776,raster-matched control,conventional_alphaearth_embeddings,Conventional + AlphaEarth Embeddings,0.6938507896746041,0.3791812820262481,1
765,RMC_100_00627,0,non_landslide,67_28,4,67.00421414836997,28.008347664741535,raster-matched control,conventional_alphaearth_embeddings,Conventional + AlphaEarth Embeddings,0.20160892223434873,0.20592228862794998,0
766,RMC_100_00654,0,non_landslide,69_30,5,69.12872979531264,30.433798931864246,raster-matched control,conventional_alphaearth_embeddings,Conventional + AlphaEarth Embeddings,0.09824063786466627,0.2084914554893409,0
767,RMC_100_00091,0,non_landslide,67_25,3,67.16141932309088,25.59187955046002,raster-matched control,conventional_alphaearth_embeddings,Conventional + AlphaEarth Embeddings,0.05677239806481266,0.5024470513377632,0
768,RMC_100_00265,0,non_landslide,65_25,1,65.09529416961598,25.50653959846867,raster-matched control,conventional_alphaearth_embeddings,Conventional + AlphaEarth Embeddings,0.08366327542125038,0.3791812820262481,0
769,CPEC_ROCKFALL_0236,1,rockfall,66_26,4,66.19123938813173,26.182521491922376,Balochistan,conventional_alphaearth_embeddings,Conventional + AlphaEarth Embeddings,0.9823571997431305,0.20592228862794998,1
770,CPEC_ROCKFALL_0888,1,rockfall,75_38,2,75.06659399300092,38.7454590268692,"Kashgar (Xinjiang, China)",conventional_alphaearth_embeddings,Conventional + AlphaEarth Embeddings,0.9689003024063737,0.37467408808820823,1
771,RMC_100_00497,0,non_landslide,71_33,3,71.76753094241373,33.5150203563942,raster-matched control,conventional_alphaearth_embeddings,Conventional + AlphaEarth Embeddings,0.0652072317543359,0.5024470513377632,0
772,RMC_100_00301,0,non_landslide,68_29,2,68.18549874698714,29.93523394917791,raster-matched control,conventional_alphaearth_embeddings,Conventional + AlphaEarth Embeddings,0.07161097994066959,0.37467408808820823,0
773,RMC_100_00550,0,non_landslide,68_29,2,68.45050175580239,29.607348870474283,raster-matched control,conventional_alphaearth_embeddings,Conventional + AlphaEarth Embeddings,0.13490520007299442,0.37467408808820823,0
774,RMC_100_00161,0,non_landslide,69_27,4,69.1826287123598,27.73660729129538,raster-matched control,conventional_alphaearth_embeddings,Conventional + AlphaEarth Embeddings,0.07729852042358715,0.20592228862794998,0
775,RMC_100_00657,0,non_landslide,69_30,5,69.52174273211492,30.485452060701114,raster-matched control,conventional_alphaearth_embeddings,Conventional + AlphaEarth Embeddings,0.17445474801216798,0.2084914554893409,0
776,CPEC_ROCKFALL_0569,1,rockfall,67_29,1,67.2243016246888,29.474845245521504,Balochistan,conventional_alphaearth_embeddings,Conventional + AlphaEarth Embeddings,0.7770727929980266,0.3791812820262481,1
777,CPEC_ROCKFALL_0897,1,rockfall,75_38,2,75.32935098167628,38.788132623950666,"Kashgar (Xinjiang, China)",conventional_alphaearth_embeddings,Conventional + AlphaEarth Embeddings,0.9623021290024654,0.37467408808820823,1
778,RMC_100_00421,0,non_landslide,68_26,1,68.85249784544588,26.82257148970377,raster-matched control,conventional_alphaearth_embeddings,Conventional + AlphaEarth Embeddings,0.07199941824404829,0.3791812820262481,0
779,RMC_100_00165,0,non_landslide,62_26,5,62.986499040145404,26.117393991669942,raster-matched control,conventional_alphaearth_embeddings,Conventional + AlphaEarth Embeddings,0.1273782299224602,0.2084914554893409,0
780,RMC_100_00403,0,non_landslide,63_27,3,63.38400355336829,27.123507109883807,raster-matched control,conventional_alphaearth_embeddings,Conventional + AlphaEarth Embeddings,0.06282083683698055,0.5024470513377632,0
781,RMC_100_00067,0,non_landslide,66_27,1,66.3753934494863,27.73660729129538,raster-matched control,conventional_alphaearth_embeddings,Conventional + AlphaEarth Embeddings,0.07574035206684426,0.3791812820262481,0
782,CPEC_ROCKFALL_0331,1,rockfall,66_25,2,66.8537458680464,25.059626205542585,Balochistan,conventional_alphaearth_embeddings,Conventional + AlphaEarth Embeddings,0.942695201933006,0.37467408808820823,1
783,CPEC_ROCKFALL_0849,1,rockfall,74_35,5,74.6151902751585,35.7495807704042,Gilgit-Baltistan,conventional_alphaearth_embeddings,Conventional + AlphaEarth Embeddings,0.9760447389733742,0.2084914554893409,1
784,CPEC_ROCKFALL_0303,1,rockfall,66_27,1,66.53933465276793,27.640036639554857,Balochistan,conventional_alphaearth_embeddings,Conventional + AlphaEarth Embeddings,0.9907212824332924,0.3791812820262481,1
785,RMC_100_00128,0,non_landslide,69_29,3,69.84064465797735,29.227810662933784,raster-matched control,conventional_alphaearth_embeddings,Conventional + AlphaEarth Embeddings,0.07095224053563196,0.5024470513377632,0
786,CPEC_ROCKFALL_0035,1,rockfall,67_27,2,67.32985300572493,27.943219838380752,Balochistan,conventional_alphaearth_embeddings,Conventional + AlphaEarth Embeddings,0.9600231794317389,0.37467408808820823,1
787,RMC_100_00596,0,non_landslide,65_28,2,65.70165698639666,28.295808555659782,raster-matched control,conventional_alphaearth_embeddings,Conventional + AlphaEarth Embeddings,0.07408600791329827,0.37467408808820823,0
788,CPEC_ROCKFALL_0877,1,rockfall,74_38,1,74.93409180519778,38.28282729257419,"Kashgar (Xinjiang, China)",conventional_alphaearth_embeddings,Conventional + AlphaEarth Embeddings,0.9894493117996639,0.3791812820262481,1
789,RMC_100_00226,0,non_landslide,71_35,2,71.6238004969546,35.79449538984749,raster-matched control,conventional_alphaearth_embeddings,Conventional + AlphaEarth Embeddings,0.1226322154538217,0.37467408808820823,0
790,CPEC_ROCKFALL_0894,1,rockfall,75_38,2,75.19235847911231,38.74995380073106,"Kashgar (Xinjiang, China)",conventional_alphaearth_embeddings,Conventional + AlphaEarth Embeddings,0.9717261058100569,0.37467408808820823,1
791,CPEC_ROCKFALL_0724,1,rockfall,72_33,4,72.89267075191972,33.804726009539564,KP-AJK,conventional_alphaearth_embeddings,Conventional + AlphaEarth Embeddings,0.945354285058611,0.20592228862794998,1
792,RMC_100_00385,0,non_landslide,75_39,4,75.64151560517917,39.75382000460428,raster-matched control,conventional_alphaearth_embeddings,Conventional + AlphaEarth Embeddings,0.10254161355033344,0.20592228862794998,0
793,RMC_100_00479,0,non_landslide,68_31,1,68.04176830152801,31.06261963074791,raster-matched control,conventional_alphaearth_embeddings,Conventional + AlphaEarth Embeddings,0.08951409435184539,0.3791812820262481,0
794,CPEC_ROCKFALL_0878,1,rockfall,74_38,1,74.93409180519778,38.28058436474429,"Kashgar (Xinjiang, China)",conventional_alphaearth_embeddings,Conventional + AlphaEarth Embeddings,0.8998876702518364,0.3791812820262481,1
795,RMC_100_00684,0,non_landslide,74_35,5,74.50290098255766,35.47783925219536,raster-matched control,conventional_alphaearth_embeddings,Conventional + AlphaEarth Embeddings,0.07948808595332485,0.2084914554893409,0
796,RMC_100_00580,0,non_landslide,73_35,4,73.38899003024946,35.51377186356014,raster-matched control,conventional_alphaearth_embeddings,Conventional + AlphaEarth Embeddings,0.1510417513868062,0.20592228862794998,0
797,CPEC_ROCKFALL_0426,1,rockfall,70_29,4,70.02255252246509,29.515271455672043,Punjab-Sindh lowland corridor,conventional_alphaearth_embeddings,Conventional + AlphaEarth Embeddings,0.979921048231229,0.20592228862794998,1
798,CPEC_ROCKFALL_0568,1,rockfall,67_29,1,67.22654901161974,29.477092632452432,Balochistan,conventional_alphaearth_embeddings,Conventional + AlphaEarth Embeddings,0.9901550969830747,0.3791812820262481,1
799,RMC_100_00535,0,non_landslide,70_29,4,70.03827402048364,29.645527270049364,raster-matched control,conventional_alphaearth_embeddings,Conventional + AlphaEarth Embeddings,0.05283511468744177,0.20592228862794998,0
800,CPEC_ROCKFALL_0335,1,rockfall,66_26,4,66.56179514477414,26.065742094433684,Balochistan,conventional_alphaearth_embeddings,Conventional + AlphaEarth Embeddings,0.977625684763688,0.20592228862794998,1
801,CPEC_ROCKFALL_0631,1,rockfall,67_30,3,67.19735081792177,30.274348687101185,Balochistan,conventional_alphaearth_embeddings,Conventional + AlphaEarth Embeddings,0.9846406156453015,0.5024470513377632,1
802,RMC_100_00325,0,non_landslide,73_35,4,73.46534682939962,35.599111815551495,raster-matched control,conventional_alphaearth_embeddings,Conventional + AlphaEarth Embeddings,0.5817945635983616,0.20592228862794998,1
803,CPEC_ROCKFALL_0223,1,rockfall,65_26,3,65.70614716183051,26.30828597803377,Balochistan,conventional_alphaearth_embeddings,Conventional + AlphaEarth Embeddings,0.9638237672141424,0.5024470513377632,1
804,CPEC_ROCKFALL_0093,1,rockfall,65_27,5,65.72860765383672,27.28071335846608,Balochistan,conventional_alphaearth_embeddings,Conventional + AlphaEarth Embeddings,0.9796518395792583,0.2084914554893409,1
805,CPEC_ROCKFALL_0061,1,rockfall,64_26,2,64.03528186519486,26.800111446925683,Balochistan,conventional_alphaearth_embeddings,Conventional + AlphaEarth Embeddings,0.977524413277025,0.37467408808820823,1
806,CPEC_ROCKFALL_0936,1,rockfall,75_38,2,75.50003199269902,38.92287773958369,"Kashgar (Xinjiang, China)",conventional_alphaearth_embeddings,Conventional + AlphaEarth Embeddings,0.9573486958170296,0.37467408808820823,1
807,RMC_100_00259,0,non_landslide,66_25,2,66.86048370291084,25.05064459177801,raster-matched control,conventional_alphaearth_embeddings,Conventional + AlphaEarth Embeddings,0.09255573681438385,0.37467408808820823,0
808,RMC_100_00198,0,non_landslide,67_29,1,67.40845602622375,29.65451042289056,raster-matched control,conventional_alphaearth_embeddings,Conventional + AlphaEarth Embeddings,0.1526012952344737,0.3791812820262481,0
809,RMC_100_00599,0,non_landslide,75_39,4,75.55617565318781,39.01720147162627,raster-matched control,conventional_alphaearth_embeddings,Conventional + AlphaEarth Embeddings,0.058080881922924564,0.20592228862794998,0
810,RMC_100_00346,0,non_landslide,77_37,2,77.20233841133683,37.402479748421435,raster-matched control,conventional_alphaearth_embeddings,Conventional + AlphaEarth Embeddings,0.1018319398237039,0.37467408808820823,0
811,RMC_100_00014,0,non_landslide,64_26,2,64.21269940296855,26.06798665104337,raster-matched control,conventional_alphaearth_embeddings,Conventional + AlphaEarth Embeddings,0.0879687622982878,0.37467408808820823,0
812,CPEC_ROCKFALL_0791,1,rockfall,76_35,2,76.13334473801679,35.19711598628648,Gilgit-Baltistan,conventional_alphaearth_embeddings,Conventional + AlphaEarth Embeddings,0.958949976530544,0.37467408808820823,1
813,CPEC_ROCKFALL_0939,1,rockfall,75_38,2,75.50452230745985,38.9318628282064,"Kashgar (Xinjiang, China)",conventional_alphaearth_embeddings,Conventional + AlphaEarth Embeddings,0.9701441397560788,0.37467408808820823,1
814,CPEC_ROCKFALL_0437,1,rockfall,70_29,4,70.03153761108777,29.544465190268944,Punjab-Sindh lowland corridor,conventional_alphaearth_embeddings,Conventional + AlphaEarth Embeddings,0.981516500693016,0.20592228862794998,1
815,RMC_100_00377,0,non_landslide,75_38,2,75.48206464224795,38.864487873325956,raster-matched control,conventional_alphaearth_embeddings,Conventional + AlphaEarth Embeddings,0.08541437763945664,0.37467408808820823,0
816,CPEC_ROCKFALL_0432,1,rockfall,70_29,4,70.02929022415682,29.53548456074731,Punjab-Sindh lowland corridor,conventional_alphaearth_embeddings,Conventional + AlphaEarth Embeddings,0.9070896180936322,0.20592228862794998,1
817,RMC_100_00075,0,non_landslide,69_32,4,69.84289044618765,32.246150017575374,raster-matched control,conventional_alphaearth_embeddings,Conventional + AlphaEarth Embeddings,0.05532346936282047,0.20592228862794998,0
818,CPEC_ROCKFALL_0314,1,rockfall,66_27,1,66.593236266302,27.90953132992197,Balochistan,conventional_alphaearth_embeddings,Conventional + AlphaEarth Embeddings,0.900004354845887,0.3791812820262481,1
819,RMC_100_00608,0,non_landslide,65_28,2,65.75331011523353,28.03529712326512,raster-matched control,conventional_alphaearth_embeddings,Conventional + AlphaEarth Embeddings,0.08616939122166296,0.37467408808820823,0
820,CPEC_ROCKFALL_0012,1,rockfall,75_37,5,75.98736714683012,37.840408663354445,"Kashgar (Xinjiang, China)",conventional_alphaearth_embeddings,Conventional + AlphaEarth Embeddings,0.27068945611547535,0.2084914554893409,1
821,CPEC_ROCKFALL_0794,1,rockfall,76_35,2,76.14008243970854,35.19936337321741,Gilgit-Baltistan,conventional_alphaearth_embeddings,Conventional + AlphaEarth Embeddings,0.9444366906693076,0.37467408808820823,1
822,CPEC_ROCKFALL_0312,1,rockfall,66_27,1,66.59547919413187,27.90953132992197,Balochistan,conventional_alphaearth_embeddings,Conventional + AlphaEarth Embeddings,0.9877611194711822,0.3791812820262481,1
823,RMC_100_00168,0,non_landslide,62_26,5,62.97751588730421,26.108410838828746,raster-matched control,conventional_alphaearth_embeddings,Conventional + AlphaEarth Embeddings,0.09750322851203207,0.2084914554893409,0
824,CPEC_ROCKFALL_0537,1,rockfall,67_29,1,67.92498692782308,29.694933096216428,Balochistan,conventional_alphaearth_embeddings,Conventional + AlphaEarth Embeddings,0.9841752130687967,0.3791812820262481,1
825,RMC_100_00238,0,non_landslide,75_38,2,75.04413594123969,38.45350863084127,raster-matched control,conventional_alphaearth_embeddings,Conventional + AlphaEarth Embeddings,0.076448828076726,0.37467408808820823,0
826,RMC_100_00275,0,non_landslide,67_25,3,67.16591089951147,25.573913244777632,raster-matched control,conventional_alphaearth_embeddings,Conventional + AlphaEarth Embeddings,0.08130811685902102,0.5024470513377632,0
827,RMC_100_00411,0,non_landslide,65_26,3,65.30639826138406,26.45875379963536,raster-matched control,conventional_alphaearth_embeddings,Conventional + AlphaEarth Embeddings,0.06594660596174556,0.5024470513377632,0
828,RMC_100_00358,0,non_landslide,75_38,2,75.32710525573734,38.783639497755196,raster-matched control,conventional_alphaearth_embeddings,Conventional + AlphaEarth Embeddings,0.06239150121660728,0.37467408808820823,0
829,CPEC_ROCKFALL_0271,1,rockfall,66_27,1,66.28556275271528,27.085328927607247,Balochistan,conventional_alphaearth_embeddings,Conventional + AlphaEarth Embeddings,0.9877817228795158,0.3791812820262481,1
830,CPEC_ROCKFALL_0932,1,rockfall,75_38,2,75.49553721883716,38.8981743197476,"Kashgar (Xinjiang, China)",conventional_alphaearth_embeddings,Conventional + AlphaEarth Embeddings,0.7451333618211536,0.37467408808820823,1
831,CPEC_ROCKFALL_0911,1,rockfall,75_38,2,75.419184031499,38.81732635854758,"Kashgar (Xinjiang, China)",conventional_alphaearth_embeddings,Conventional + AlphaEarth Embeddings,0.9475587148948627,0.37467408808820823,1
832,RMC_100_00102,0,non_landslide,66_26,4,66.20022196908299,26.595746880463587,raster-matched control,conventional_alphaearth_embeddings,Conventional + AlphaEarth Embeddings,0.1412758869435749,0.20592228862794998,0
833,RMC_100_00530,0,non_landslide,70_31,3,70.25162390046204,31.965426491288028,raster-matched control,conventional_alphaearth_embeddings,Conventional + AlphaEarth Embeddings,0.050291335623177,0.5024470513377632,0
834,RMC_100_00345,0,non_landslide,75_38,2,75.34057998499912,38.819572109119974,raster-matched control,conventional_alphaearth_embeddings,Conventional + AlphaEarth Embeddings,0.07386586574391518,0.37467408808820823,0
835,RMC_100_00416,0,non_landslide,65_26,3,65.71962329207905,26.3846427886955,raster-matched control,conventional_alphaearth_embeddings,Conventional + AlphaEarth Embeddings,0.08672412639230918,0.5024470513377632,0
836,CPEC_ROCKFALL_0453,1,rockfall,69_28,1,69.17139931338332,28.83928957237386,Balochistan,conventional_alphaearth_embeddings,Conventional + AlphaEarth Embeddings,0.562690524491919,0.3791812820262481,1
837,RMC_100_00125,0,non_landslide,69_28,1,69.02317774942858,28.893188219599264,raster-matched control,conventional_alphaearth_embeddings,Conventional + AlphaEarth Embeddings,0.2540440122066719,0.3791812820262481,0
838,CPEC_ROCKFALL_0851,1,rockfall,74_35,5,74.58374915363065,35.489066709558735,Gilgit-Baltistan,conventional_alphaearth_embeddings,Conventional + AlphaEarth Embeddings,0.9824780086166717,0.2084914554893409,1
839,RMC_100_00418,0,non_landslide,67_25,3,67.16141932309088,25.722135266657354,raster-matched control,conventional_alphaearth_embeddings,Conventional + AlphaEarth Embeddings,0.053307226802773874,0.5024470513377632,0
840,RMC_100_00621,0,non_landslide,66_29,5,66.7594232334474,29.593874141212492,raster-matched control,conventional_alphaearth_embeddings,Conventional + AlphaEarth Embeddings,0.2925406830850275,0.2084914554893409,1
841,CPEC_ROCKFALL_0222,1,rockfall,65_26,3,65.70390423400063,26.30828597803377,Balochistan,conventional_alphaearth_embeddings,Conventional + AlphaEarth Embeddings,0.988633044840224,0.5024470513377632,1
842,RMC_100_00521,0,non_landslide,65_25,1,65.4344081893711,25.38975861153313,raster-matched control,conventional_alphaearth_embeddings,Conventional + AlphaEarth Embeddings,0.45594216723026465,0.3791812820262481,1
843,RMC_100_00319,0,non_landslide,75_35,1,75.59884562918349,35.67996019112225,raster-matched control,conventional_alphaearth_embeddings,Conventional + AlphaEarth Embeddings,0.10920587127069642,0.3791812820262481,0
844,CPEC_ROCKFALL_0289,1,rockfall,66_27,1,66.46747178019059,27.565926380046587,Balochistan,conventional_alphaearth_embeddings,Conventional + AlphaEarth Embeddings,0.6247816253258386,0.3791812820262481,1
845,CPEC_ROCKFALL_0672,1,rockfall,70_29,4,70.00907711908155,29.955447157061897,Punjab-Sindh lowland corridor,conventional_alphaearth_embeddings,Conventional + AlphaEarth Embeddings,0.9851310057512267,0.20592228862794998,1
846,CPEC_ROCKFALL_0348,1,rockfall,66_27,1,66.49441812785658,27.77703360121988,Balochistan,conventional_alphaearth_embeddings,Conventional + AlphaEarth Embeddings,0.9882250242984804,0.3791812820262481,1
847,CPEC_ROCKFALL_0530,1,rockfall,67_29,1,67.91375891137051,29.681457692832915,Balochistan,conventional_alphaearth_embeddings,Conventional + AlphaEarth Embeddings,0.9861578793931149,0.3791812820262481,1
848,RMC_100_00146,0,non_landslide,69_32,4,69.92823039817901,32.12712324242954,raster-matched control,conventional_alphaearth_embeddings,Conventional + AlphaEarth Embeddings,0.10423612104456,0.20592228862794998,0
849,CPEC_ROCKFALL_0283,1,rockfall,66_27,1,66.28780568054516,27.1931276955743,Balochistan,conventional_alphaearth_embeddings,Conventional + AlphaEarth Embeddings,0.9899778591066903,0.3791812820262481,1
850,RMC_100_00176,0,non_landslide,74_35,5,74.6511230044374,35.81470748374018,raster-matched control,conventional_alphaearth_embeddings,Conventional + AlphaEarth Embeddings,0.9324350841026638,0.2084914554893409,1
851,CPEC_ROCKFALL_0216,1,rockfall,65_26,3,65.67021572554187,26.267859767883227,Balochistan,conventional_alphaearth_embeddings,Conventional + AlphaEarth Embeddings,0.13076612038560934,0.5024470513377632,0
852,RMC_100_00594,0,non_landslide,76_39,5,76.35567625605418,39.794244192389655,raster-matched control,conventional_alphaearth_embeddings,Conventional + AlphaEarth Embeddings,0.7602344920816366,0.2084914554893409,1
853,RMC_100_00685,0,non_landslide,74_35,5,74.23116060911151,35.405974029465796,raster-matched control,conventional_alphaearth_embeddings,Conventional + AlphaEarth Embeddings,0.07310310514277918,0.2084914554893409,0
854,CPEC_ROCKFALL_0482,1,rockfall,68_29,2,68.70876757908832,29.409720074635924,Balochistan,conventional_alphaearth_embeddings,Conventional + AlphaEarth Embeddings,0.9618833859918178,0.37467408808820823,1
855,CPEC_ROCKFALL_0603,1,rockfall,66_29,5,66.95031661956088,29.843158074334024,Balochistan,conventional_alphaearth_embeddings,Conventional + AlphaEarth Embeddings,0.9778870927079139,0.2084914554893409,1
856,CPEC_ROCKFALL_0597,1,rockfall,66_29,5,66.593236266302,29.888074599245392,Balochistan,conventional_alphaearth_embeddings,Conventional + AlphaEarth Embeddings,0.2730798072840669,0.2084914554893409,1
857,CPEC_ROCKFALL_0637,1,rockfall,68_29,2,68.08219253546231,29.94421914060932,Balochistan,conventional_alphaearth_embeddings,Conventional + AlphaEarth Embeddings,0.40289749287036614,0.37467408808820823,1
858,CPEC_ROCKFALL_0032,1,rockfall,67_27,2,67.39722556354144,27.97017064514777,Balochistan,conventional_alphaearth_embeddings,Conventional + AlphaEarth Embeddings,0.9428383638803928,0.37467408808820823,1
859,RMC_100_00163,0,non_landslide,65_26,3,65.30864404959436,26.393625941536698,raster-matched control,conventional_alphaearth_embeddings,Conventional + AlphaEarth Embeddings,0.07830319542231708,0.5024470513377632,0
860,RMC_100_00331,0,non_landslide,75_38,2,75.04638172944998,38.482703877575155,raster-matched control,conventional_alphaearth_embeddings,Conventional + AlphaEarth Embeddings,0.09074294551266943,0.37467408808820823,0
861,CPEC_ROCKFALL_0355,1,rockfall,66_27,1,66.51014091817102,27.76580112566624,Balochistan,conventional_alphaearth_embeddings,Conventional + AlphaEarth Embeddings,0.7436825968742877,0.3791812820262481,1
862,RMC_100_00496,0,non_landslide,71_33,3,71.13646445531977,33.40273094587926,raster-matched control,conventional_alphaearth_embeddings,Conventional + AlphaEarth Embeddings,0.11414874518838358,0.5024470513377632,0
863,CPEC_ROCKFALL_0538,1,rockfall,67_29,1,67.92498692782308,29.697180483147367,Balochistan,conventional_alphaearth_embeddings,Conventional + AlphaEarth Embeddings,0.9808029225330818,0.3791812820262481,1
864,CPEC_ROCKFALL_0721,1,rockfall,72_33,4,72.90839354223418,33.840657445828235,KP-AJK,conventional_alphaearth_embeddings,Conventional + AlphaEarth Embeddings,0.9419978247454011,0.20592228862794998,1
865,RMC_100_00554,0,non_landslide,67_29,1,67.4937959782151,29.93523394917791,raster-matched control,conventional_alphaearth_embeddings,Conventional + AlphaEarth Embeddings,0.12972474636823086,0.3791812820262481,0
866,RMC_100_00030,0,non_landslide,66_27,1,66.28107034465374,27.132490262725,raster-matched control,conventional_alphaearth_embeddings,Conventional + AlphaEarth Embeddings,0.06748192694413876,0.3791812820262481,0
867,CPEC_ROCKFALL_0645,1,rockfall,68_30,4,68.35617754059024,30.121633394222773,Balochistan,conventional_alphaearth_embeddings,Conventional + AlphaEarth Embeddings,0.30630841072576576,0.20592228862794998,1
868,CPEC_ROCKFALL_0307,1,rockfall,66_27,1,66.55281005615144,27.61982799358065,Balochistan,conventional_alphaearth_embeddings,Conventional + AlphaEarth Embeddings,0.15536780301383915,0.3791812820262481,0
869,RMC_100_00322,0,non_landslide,72_36,5,72.88144189472193,36.1493299270747,raster-matched control,conventional_alphaearth_embeddings,Conventional + AlphaEarth Embeddings,0.09228126149404539,0.2084914554893409,0
870,RMC_100_00166,0,non_landslide,65_25,1,65.41868767189901,25.589633762249726,raster-matched control,conventional_alphaearth_embeddings,Conventional + AlphaEarth Embeddings,0.091534488854943,0.3791812820262481,0
871,RMC_100_00625,0,non_landslide,68_30,4,68.32024603960507,30.617953565108746,raster-matched control,conventional_alphaearth_embeddings,Conventional + AlphaEarth Embeddings,0.05034594096350666,0.20592228862794998,0
872,RMC_100_00375,0,non_landslide,77_37,2,77.2472541755428,37.43616657157592,raster-matched control,conventional_alphaearth_embeddings,Conventional + AlphaEarth Embeddings,0.09809238532186612,0.37467408808820823,0
873,CPEC_ROCKFALL_0404,1,rockfall,67_25,3,67.92498692782308,25.8770953652666,Punjab-Sindh lowland corridor,conventional_alphaearth_embeddings,Conventional + AlphaEarth Embeddings,0.9844834407500597,0.5024470513377632,1
874,RMC_100_00547,0,non_landslide,68_29,2,68.60321535410272,29.08183442926436,raster-matched control,conventional_alphaearth_embeddings,Conventional + AlphaEarth Embeddings,0.08704118131817058,0.37467408808820823,0
875,RMC_100_00512,0,non_landslide,67_26,5,67.06485043004803,26.398117517957296,raster-matched control,conventional_alphaearth_embeddings,Conventional + AlphaEarth Embeddings,0.5767772098136822,0.2084914554893409,1
876,CPEC_ROCKFALL_0194,1,rockfall,63_26,1,63.12124641305742,26.124129563627505,Balochistan,conventional_alphaearth_embeddings,Conventional + AlphaEarth Embeddings,0.1471305134130352,0.3791812820262481,0
877,CPEC_ROCKFALL_0320,1,rockfall,66_29,5,66.75044187394121,29.616332521947346,Balochistan,conventional_alphaearth_embeddings,Conventional + AlphaEarth Embeddings,0.9792151346133385,0.2084914554893409,1
878,CPEC_ROCKFALL_0430,1,rockfall,70_29,4,70.02704729632694,29.524256544294733,Punjab-Sindh lowland corridor,conventional_alphaearth_embeddings,Conventional + AlphaEarth Embeddings,0.9826273152148917,0.20592228862794998,1
879,RMC_100_00079,0,non_landslide,69_32,4,69.84289044618765,32.237166864734185,raster-matched control,conventional_alphaearth_embeddings,Conventional + AlphaEarth Embeddings,0.050636242589955874,0.20592228862794998,0
880,CPEC_ROCKFALL_0460,1,rockfall,69_28,1,69.18038440200601,28.85950267744912,Balochistan,conventional_alphaearth_embeddings,Conventional + AlphaEarth Embeddings,0.9612131228202248,0.3791812820262481,1
881,CPEC_ROCKFALL_0622,1,rockfall,67_30,3,67.20857883437435,30.274348687101185,Balochistan,conventional_alphaearth_embeddings,Conventional + AlphaEarth Embeddings,0.9419173899722181,0.5024470513377632,1
882,RMC_100_00611,0,non_landslide,65_28,2,65.74208117418203,28.331741167024564,raster-matched control,conventional_alphaearth_embeddings,Conventional + AlphaEarth Embeddings,0.1599817447882755,0.37467408808820823,0
883,RMC_100_00029,0,non_landslide,66_26,4,66.29454507391554,26.986514029055577,raster-matched control,conventional_alphaearth_embeddings,Conventional + AlphaEarth Embeddings,0.05169688640801316,0.20592228862794998,0
884,CPEC_ROCKFALL_0656,1,rockfall,69_30,5,69.18712210369777,30.99524709531073,Balochistan,conventional_alphaearth_embeddings,Conventional + AlphaEarth Embeddings,0.9835920067395314,0.2084914554893409,1
885,CPEC_ROCKFALL_0446,1,rockfall,69_28,1,69.18487471676684,28.83704218544292,Balochistan,conventional_alphaearth_embeddings,Conventional + AlphaEarth Embeddings,0.5043012427104963,0.3791812820262481,1
886,CPEC_ROCKFALL_0067,1,rockfall,63_26,1,63.97015223520823,26.33298939786986,Balochistan,conventional_alphaearth_embeddings,Conventional + AlphaEarth Embeddings,0.9881137752588877,0.3791812820262481,1
887,CPEC_ROCKFALL_0322,1,rockfall,66_29,5,66.75942250346286,29.616332521947346,Balochistan,conventional_alphaearth_embeddings,Conventional + AlphaEarth Embeddings,0.8350488926686901,0.2084914554893409,1
888,RMC_100_00292,0,non_landslide,68_29,2,68.54033328421434,29.097554946736455,raster-matched control,conventional_alphaearth_embeddings,Conventional + AlphaEarth Embeddings,0.08128837339946317,0.37467408808820823,0
889,CPEC_ROCKFALL_0359,1,rockfall,66_27,1,66.51912600679371,27.750082794452847,Balochistan,conventional_alphaearth_embeddings,Conventional + AlphaEarth Embeddings,0.5480081745741879,0.3791812820262481,1
890,RMC_100_00009,0,non_landslide,76_37,1,76.37588834994688,37.665236969026395,raster-matched control,conventional_alphaearth_embeddings,Conventional + AlphaEarth Embeddings,0.5083260361514851,0.3791812820262481,1
891,RMC_100_00256,0,non_landslide,65_28,2,65.95992263058102,28.120637075256475,raster-matched control,conventional_alphaearth_embeddings,Conventional + AlphaEarth Embeddings,0.09155236929864684,0.37467408808820823,0
892,CPEC_ROCKFALL_0200,1,rockfall,65_26,3,65.70390423400063,26.306038591102823,Balochistan,conventional_alphaearth_embeddings,Conventional + AlphaEarth Embeddings,0.9727162403769429,0.5024470513377632,1
893,CPEC_ROCKFALL_0371,1,rockfall,66_27,1,66.98175774108873,27.947710153141564,Balochistan,conventional_alphaearth_embeddings,Conventional + AlphaEarth Embeddings,0.9896355275148715,0.3791812820262481,1
894,RMC_100_00360,0,non_landslide,66_28,3,66.20022196908299,28.43280163648801,raster-matched control,conventional_alphaearth_embeddings,Conventional + AlphaEarth Embeddings,0.16134860756969827,0.5024470513377632,0
895,RMC_100_00368,0,non_landslide,77_37,2,77.20458419954713,37.402479748421435,raster-matched control,conventional_alphaearth_embeddings,Conventional + AlphaEarth Embeddings,0.10911289286006202,0.37467408808820823,0
896,RMC_100_00577,0,non_landslide,73_35,4,73.62928936875143,35.533983957452826,raster-matched control,conventional_alphaearth_embeddings,Conventional + AlphaEarth Embeddings,0.9593827289297613,0.20592228862794998,1
897,CPEC_ROCKFALL_0397,1,rockfall,67_25,3,67.88680810460349,25.86137257495216,Punjab-Sindh lowland corridor,conventional_alphaearth_embeddings,Conventional + AlphaEarth Embeddings,0.9763516034883367,0.5024470513377632,1
898,RMC_100_00446,0,non_landslide,67_26,5,67.86210524470411,26.074724015674263,raster-matched control,conventional_alphaearth_embeddings,Conventional + AlphaEarth Embeddings,0.27711094170251716,0.2084914554893409,1
899,RMC_100_00066,0,non_landslide,65_26,3,65.49279868283887,26.99998875831737,raster-matched control,conventional_alphaearth_embeddings,Conventional + AlphaEarth Embeddings,0.06574565523102002,0.5024470513377632,0
900,CPEC_ROCKFALL_0947,1,rockfall,75_38,2,75.50901262222067,38.9453382315899,"Kashgar (Xinjiang, China)",conventional_alphaearth_embeddings,Conventional + AlphaEarth Embeddings,0.9532203203181256,0.37467408808820823,1
901,RMC_100_00036,0,non_landslide,66_29,5,66.2047135455036,29.589382564791894,raster-matched control,conventional_alphaearth_embeddings,Conventional + AlphaEarth Embeddings,0.10116374597545583,0.2084914554893409,0
902,CPEC_ROCKFALL_0451,1,rockfall,69_28,1,69.17139931338332,28.83479925761304,Balochistan,conventional_alphaearth_embeddings,Conventional + AlphaEarth Embeddings,0.9218591435115165,0.3791812820262481,1
903,CPEC_ROCKFALL_0805,1,rockfall,75_35,1,75.25075040740718,35.58788484800415,Gilgit-Baltistan,conventional_alphaearth_embeddings,Conventional + AlphaEarth Embeddings,0.986518685247239,0.3791812820262481,1
904,CPEC_ROCKFALL_0853,1,rockfall,74_35,5,74.24014420375526,35.410466135289646,Gilgit-Baltistan,conventional_alphaearth_embeddings,Conventional + AlphaEarth Embeddings,0.9691533992770041,0.2084914554893409,1
905,CPEC_ROCKFALL_0385,1,rockfall,66_27,1,66.93459382924642,27.682710236636336,Balochistan,conventional_alphaearth_embeddings,Conventional + AlphaEarth Embeddings,0.980172057879974,0.3791812820262481,1
906,CPEC_ROCKFALL_0235,1,rockfall,66_26,4,66.18674907337092,26.18925919361413,Balochistan,conventional_alphaearth_embeddings,Conventional + AlphaEarth Embeddings,0.12395296601188505,0.20592228862794998,0
907,RMC_100_00094,0,non_landslide,77_37,2,77.14619370607936,37.56417649956295,raster-matched control,conventional_alphaearth_embeddings,Conventional + AlphaEarth Embeddings,0.10545482941739223,0.37467408808820823,0
908,RMC_100_00373,0,non_landslide,77_37,2,77.40445935026372,37.90104473110777,raster-matched control,conventional_alphaearth_embeddings,Conventional + AlphaEarth Embeddings,0.0963600446928197,0.37467408808820823,0
909,RMC_100_00413,0,non_landslide,63_26,1,63.23578153148857,26.36218490659251,raster-matched control,conventional_alphaearth_embeddings,Conventional + AlphaEarth Embeddings,0.07362577761816376,0.3791812820262481,0
910,CPEC_ROCKFALL_0651,1,rockfall,69_30,5,69.13995819185547,30.95033057039937,Balochistan,conventional_alphaearth_embeddings,Conventional + AlphaEarth Embeddings,0.9767953746701152,0.2084914554893409,1
911,RMC_100_00347,0,non_landslide,75_38,2,75.27994370332105,38.7791479213346,raster-matched control,conventional_alphaearth_embeddings,Conventional + AlphaEarth Embeddings,0.06369679093129929,0.37467408808820823,0
912,CPEC_ROCKFALL_0844,1,rockfall,74_36,2,74.30976414850272,36.29530785283018,Gilgit-Baltistan,conventional_alphaearth_embeddings,Conventional + AlphaEarth Embeddings,0.3403345873220572,0.37467408808820823,0
913,RMC_100_00486,0,non_landslide,67_31,5,67.99011517269113,31.0828317246406,raster-matched control,conventional_alphaearth_embeddings,Conventional + AlphaEarth Embeddings,0.09651306475716509,0.2084914554893409,0
914,RMC_100_00218,0,non_landslide,71_35,2,71.6035884030619,35.66423967365016,raster-matched control,conventional_alphaearth_embeddings,Conventional + AlphaEarth Embeddings,0.10254714684500037,0.37467408808820823,0
915,RMC_100_00002,0,non_landslide,75_37,5,75.79198341526919,37.84490002585029,raster-matched control,conventional_alphaearth_embeddings,Conventional + AlphaEarth Embeddings,0.2231386629362369,0.2084914554893409,1
916,CPEC_ROCKFALL_0381,1,rockfall,67_27,2,67.00421377399388,27.9746609599086,Balochistan,conventional_alphaearth_embeddings,Conventional + AlphaEarth Embeddings,0.924520375417153,0.37467408808820823,1
917,RMC_100_00044,0,non_landslide,67_29,1,67.28718346286762,29.87684345571014,raster-matched control,conventional_alphaearth_embeddings,Conventional + AlphaEarth Embeddings,0.1270878677489506,0.3791812820262481,0
918,CPEC_ROCKFALL_0629,1,rockfall,67_30,3,67.20184559178365,30.281086388792943,Balochistan,conventional_alphaearth_embeddings,Conventional + AlphaEarth Embeddings,0.11684383487380698,0.5024470513377632,0
919,CPEC_ROCKFALL_0478,1,rockfall,68_29,2,68.71325789384913,29.41196746156686,Balochistan,conventional_alphaearth_embeddings,Conventional + AlphaEarth Embeddings,0.9660025375182464,0.37467408808820823,1
920,CPEC_ROCKFALL_0004,1,rockfall,76_38,3,76.00533286497446,38.44228028714435,"Kashgar (Xinjiang, China)",conventional_alphaearth_embeddings,Conventional + AlphaEarth Embeddings,0.1320112872808622,0.5024470513377632,0
921,CPEC_ROCKFALL_0387,1,rockfall,66_27,1,66.93459382924642,27.6804628497054,Balochistan,conventional_alphaearth_embeddings,Conventional + AlphaEarth Embeddings,0.9750830562980812,0.3791812820262481,1
922,RMC_100_00359,0,non_landslide,77_37,2,77.23602523449131,37.42942920694502,raster-matched control,conventional_alphaearth_embeddings,Conventional + AlphaEarth Embeddings,0.0923000451932996,0.37467408808820823,0
923,RMC_100_00632,0,non_landslide,66_26,4,66.98849363089786,26.530619022364924,raster-matched control,conventional_alphaearth_embeddings,Conventional + AlphaEarth Embeddings,0.264495409598664,0.20592228862794998,1
924,CPEC_ROCKFALL_0516,1,rockfall,67_29,1,67.88007040291171,29.67921476500303,Balochistan,conventional_alphaearth_embeddings,Conventional + AlphaEarth Embeddings,0.5785824571762667,0.3791812820262481,1
925,RMC_100_00180,0,non_landslide,67_28,4,67.11201198246431,28.924629254543447,raster-matched control,conventional_alphaearth_embeddings,Conventional + AlphaEarth Embeddings,0.964706873134817,0.20592228862794998,1
926,RMC_100_00213,0,non_landslide,73_36,1,73.84039346051952,36.3492050777913,raster-matched control,conventional_alphaearth_embeddings,Conventional + AlphaEarth Embeddings,0.09765008379737831,0.3791812820262481,0
927,CPEC_ROCKFALL_0574,1,rockfall,67_29,1,67.21981130992799,29.47035493076068,Balochistan,conventional_alphaearth_embeddings,Conventional + AlphaEarth Embeddings,0.9720602164631944,0.3791812820262481,1
928,CPEC_ROCKFALL_0648,1,rockfall,68_30,4,68.83228467826876,30.725752404943623,Balochistan,conventional_alphaearth_embeddings,Conventional + AlphaEarth Embeddings,0.9704925971276235,0.20592228862794998,1
929,RMC_100_00669,0,non_landslide,65_28,2,65.70839435102755,28.235172273981714,raster-matched control,conventional_alphaearth_embeddings,Conventional + AlphaEarth Embeddings,0.09032665876638368,0.37467408808820823,0
930,CPEC_ROCKFALL_0474,1,rockfall,69_29,3,69.1444485066163,29.09755624628839,Balochistan,conventional_alphaearth_embeddings,Conventional + AlphaEarth Embeddings,0.09856240913270366,0.5024470513377632,0
931,RMC_100_00051,0,non_landslide,69_31,2,69.43415699191327,31.88457811571727,raster-matched control,conventional_alphaearth_embeddings,Conventional + AlphaEarth Embeddings,0.09439528213266404,0.37467408808820823,0
932,RMC_100_00229,0,non_landslide,74_39,3,74.95430441282772,39.553944853887685,raster-matched control,conventional_alphaearth_embeddings,Conventional + AlphaEarth Embeddings,0.07954936130514592,0.5024470513377632,0
933,RMC_100_00103,0,non_landslide,64_25,5,64.41032876547484,25.674973714241077,raster-matched control,conventional_alphaearth_embeddings,Conventional + AlphaEarth Embeddings,0.1145605319064653,0.2084914554893409,0
934,CPEC_ROCKFALL_0266,1,rockfall,66_27,1,66.11263435476158,27.15270148542376,Balochistan,conventional_alphaearth_embeddings,Conventional + AlphaEarth Embeddings,0.08168643971778577,0.3791812820262481,0
935,RMC_100_00504,0,non_landslide,74_35,5,74.75442926211113,35.720384378907625,raster-matched control,conventional_alphaearth_embeddings,Conventional + AlphaEarth Embeddings,0.8070892175383029,0.2084914554893409,1
936,CPEC_ROCKFALL_0290,1,rockfall,66_27,1,66.46297700632873,27.55918867835483,Balochistan,conventional_alphaearth_embeddings,Conventional + AlphaEarth Embeddings,0.9756003500747137,0.3791812820262481,1
937,RMC_100_00312,0,non_landslide,72_32,2,72.47046265223725,32.5852640373305,raster-matched control,conventional_alphaearth_embeddings,Conventional + AlphaEarth Embeddings,0.5711872366544911,0.37467408808820823,1
938,CPEC_ROCKFALL_0593,1,rockfall,67_29,1,67.19959820485273,29.93523405198663,Balochistan,conventional_alphaearth_embeddings,Conventional + AlphaEarth Embeddings,0.992301611653427,0.3791812820262481,1
939,RMC_100_00171,0,non_landslide,67_29,1,67.6757048232493,29.589382564791894,raster-matched control,conventional_alphaearth_embeddings,Conventional + AlphaEarth Embeddings,0.1150208041770186,0.3791812820262481,0
940,RMC_100_00336,0,non_landslide,75_39,4,75.50901410077154,39.99861091952685,raster-matched control,conventional_alphaearth_embeddings,Conventional + AlphaEarth Embeddings,0.11299610102976407,0.20592228862794998,0
941,CPEC_ROCKFALL_0902,1,rockfall,75_38,2,75.38100520827939,38.81507897161664,"Kashgar (Xinjiang, China)",conventional_alphaearth_embeddings,Conventional + AlphaEarth Embeddings,0.9716839026470265,0.37467408808820823,1
942,RMC_100_00489,0,non_landslide,71_35,2,71.77875988346523,35.89555585931093,raster-matched control,conventional_alphaearth_embeddings,Conventional + AlphaEarth Embeddings,0.08603603649658802,0.37467408808820823,0
943,RMC_100_00551,0,non_landslide,69_32,4,69.9461967038614,32.13161481885014,raster-matched control,conventional_alphaearth_embeddings,Conventional + AlphaEarth Embeddings,0.10123311032747527,0.20592228862794998,0
944,CPEC_ROCKFALL_0304,1,rockfall,66_27,1,66.5438294266298,27.640036639554857,Balochistan,conventional_alphaearth_embeddings,Conventional + AlphaEarth Embeddings,0.9879589437392154,0.3791812820262481,1
945,CPEC_ROCKFALL_0472,1,rockfall,69_29,3,69.14669589354723,29.09530885935745,Balochistan,conventional_alphaearth_embeddings,Conventional + AlphaEarth Embeddings,0.9759903453733899,0.5024470513377632,1
946,CPEC_ROCKFALL_0092,1,rockfall,65_27,5,65.72636026690579,27.278465971535148,Balochistan,conventional_alphaearth_embeddings,Conventional + AlphaEarth Embeddings,0.9820237759451736,0.2084914554893409,1
947,CPEC_ROCKFALL_0464,1,rockfall,69_28,1,69.17813701507508,28.872978080832645,Balochistan,conventional_alphaearth_embeddings,Conventional + AlphaEarth Embeddings,0.9836962839085676,0.3791812820262481,1
948,RMC_100_00639,0,non_landslide,66_30,2,66.82679687975636,30.078964394637033,raster-matched control,conventional_alphaearth_embeddings,Conventional + AlphaEarth Embeddings,0.08303885717729202,0.37467408808820823,0
949,RMC_100_00583,0,non_landslide,75_37,5,75.41918257235957,37.847145814060596,raster-matched control,conventional_alphaearth_embeddings,Conventional + AlphaEarth Embeddings,0.5892078602513886,0.2084914554893409,1
950,RMC_100_00637,0,non_landslide,78_39,2,78.04900056661948,39.944712002479676,raster-matched control,conventional_alphaearth_embeddings,Conventional + AlphaEarth Embeddings,0.08123098163981281,0.37467408808820823,0
951,CPEC_ROCKFALL_0034,1,rockfall,67_27,2,67.35455642556101,27.93199182192817,Balochistan,conventional_alphaearth_embeddings,Conventional + AlphaEarth Embeddings,0.8469206244135445,0.37467408808820823,1
952,CPEC_ROCKFALL_0028,1,rockfall,67_28,4,67.40845803909507,28.09368774432823,Balochistan,conventional_alphaearth_embeddings,Conventional + AlphaEarth Embeddings,0.3573713687778185,0.20592228862794998,1
953,RMC_100_00228,0,non_landslide,76_35,2,76.53758510108838,35.165674690963826,raster-matched control,conventional_alphaearth_embeddings,Conventional + AlphaEarth Embeddings,0.48134006772238014,0.37467408808820823,1
954,CPEC_ROCKFALL_0668,1,rockfall,69_30,5,69.15568098216993,30.44727262595381,Balochistan,conventional_alphaearth_embeddings,Conventional + AlphaEarth Embeddings,0.9754034881736326,0.2084914554893409,1
955,CPEC_ROCKFALL_0642,1,rockfall,67_30,3,67.44887979014456,30.36867205168473,Balochistan,conventional_alphaearth_embeddings,Conventional + AlphaEarth Embeddings,0.9732972238526021,0.5024470513377632,1
956,RMC_100_00692,0,non_landslide,74_38,1,74.97002493029981,38.68033324008145,raster-matched control,conventional_alphaearth_embeddings,Conventional + AlphaEarth Embeddings,0.08388853740924118,0.3791812820262481,0
957,CPEC_ROCKFALL_0640,1,rockfall,67_30,3,67.49379631505592,30.3260029137043,Balochistan,conventional_alphaearth_embeddings,Conventional + AlphaEarth Embeddings,0.5550155291627336,0.5024470513377632,1
958,CPEC_ROCKFALL_0816,1,rockfall,75_35,1,75.83240892612183,35.3318611019195,Gilgit-Baltistan,conventional_alphaearth_embeddings,Conventional + AlphaEarth Embeddings,0.32898432248618303,0.3791812820262481,0
959,CPEC_ROCKFALL_0545,1,rockfall,67_29,1,67.8890554915344,29.68819539452467,Balochistan,conventional_alphaearth_embeddings,Conventional + AlphaEarth Embeddings,0.9844435423936576,0.3791812820262481,1
960,CPEC_ROCKFALL_0617,1,rockfall,67_30,3,67.20408851961353,30.27883900186201,Balochistan,conventional_alphaearth_embeddings,Conventional + AlphaEarth Embeddings,0.9288762369359852,0.5024470513377632,1
961,RMC_100_00305,0,non_landslide,72_32,2,72.45249634655487,32.5785266726996,raster-matched control,conventional_alphaearth_embeddings,Conventional + AlphaEarth Embeddings,0.24410908041776974,0.37467408808820823,0
962,CPEC_ROCKFALL_0508,1,rockfall,68_29,2,68.4010940655016,29.355818461101872,Balochistan,conventional_alphaearth_embeddings,Conventional + AlphaEarth Embeddings,0.951967715249083,0.37467408808820823,1
963,CPEC_ROCKFALL_0802,1,rockfall,75_35,1,75.1631647445154,35.59461809059485,Gilgit-Baltistan,conventional_alphaearth_embeddings,Conventional + AlphaEarth Embeddings,0.9858655316892067,0.3791812820262481,1
964,CPEC_ROCKFALL_0884,1,rockfall,74_38,1,74.99472666132255,38.58601049140008,"Kashgar (Xinjiang, China)",conventional_alphaearth_embeddings,Conventional + AlphaEarth Embeddings,0.9723173525056703,0.3791812820262481,1
965,CPEC_ROCKFALL_0275,1,rockfall,66_27,1,66.28780568054516,27.087576314538182,Balochistan,conventional_alphaearth_embeddings,Conventional + AlphaEarth Embeddings,0.9831529912813111,0.3791812820262481,1
966,CPEC_ROCKFALL_0609,1,rockfall,67_30,3,67.26921814960016,30.0722265545506,Balochistan,conventional_alphaearth_embeddings,Conventional + AlphaEarth Embeddings,0.954115674409058,0.5024470513377632,1
967,RMC_100_00462,0,non_landslide,66_26,4,66.79086426839157,26.633925280038667,raster-matched control,conventional_alphaearth_embeddings,Conventional + AlphaEarth Embeddings,0.07491618558203486,0.20592228862794998,0
968,RMC_100_00445,0,non_landslide,64_25,5,64.291301990329,25.888323594219464,raster-matched control,conventional_alphaearth_embeddings,Conventional + AlphaEarth Embeddings,0.32740705792389907,0.2084914554893409,1
969,CPEC_ROCKFALL_0456,1,rockfall,69_28,1,69.1826273298359,28.85950267744913,Balochistan,conventional_alphaearth_embeddings,Conventional + AlphaEarth Embeddings,0.9447805433314774,0.3791812820262481,1
970,RMC_100_00626,0,non_landslide,67_26,5,67.8800715503865,26.155572391245023,raster-matched control,conventional_alphaearth_embeddings,Conventional + AlphaEarth Embeddings,0.15565246027786803,0.2084914554893409,0
971,CPEC_ROCKFALL_0714,1,rockfall,71_33,3,71.36328827260886,33.44090795458893,KP-AJK,conventional_alphaearth_embeddings,Conventional + AlphaEarth Embeddings,0.5217680556175377,0.5024470513377632,1
972,RMC_100_00158,0,non_landslide,67_29,1,67.4893044017945,29.5736620473198,raster-matched control,conventional_alphaearth_embeddings,Conventional + AlphaEarth Embeddings,0.190525278172724,0.3791812820262481,0
973,RMC_100_00548,0,non_landslide,67_29,1,67.73184952850677,29.870106091079244,raster-matched control,conventional_alphaearth_embeddings,Conventional + AlphaEarth Embeddings,0.10347372891692526,0.3791812820262481,0
974,CPEC_ROCKFALL_0838,1,rockfall,74_35,5,74.20645569529648,35.96517384723726,Gilgit-Baltistan,conventional_alphaearth_embeddings,Conventional + AlphaEarth Embeddings,0.443160411987427,0.2084914554893409,1
975,RMC_100_00214,0,non_landslide,74_39,3,74.460231006562,39.623564288406946,raster-matched control,conventional_alphaearth_embeddings,Conventional + AlphaEarth Embeddings,0.696566408442396,0.5024470513377632,1
976,CPEC_ROCKFALL_0676,1,rockfall,70_29,4,70.0113245060125,29.955447157061897,Punjab-Sindh lowland corridor,conventional_alphaearth_embeddings,Conventional + AlphaEarth Embeddings,0.9761303574245094,0.20592228862794998,1
977,RMC_100_00396,0,non_landslide,77_37,2,77.36178937426804,37.61807541661012,raster-matched control,conventional_alphaearth_embeddings,Conventional + AlphaEarth Embeddings,0.09623958815148342,0.37467408808820823,0
978,CPEC_ROCKFALL_0711,1,rockfall,71_33,3,71.23752378649748,33.411714219992014,KP-AJK,conventional_alphaearth_embeddings,Conventional + AlphaEarth Embeddings,0.9152583958358884,0.5024470513377632,1
979,RMC_100_00431,0,non_landslide,65_26,3,65.86784531395877,26.198242367240702,raster-matched control,conventional_alphaearth_embeddings,Conventional + AlphaEarth Embeddings,0.09538972704852333,0.5024470513377632,0
980,RMC_100_00279,0,non_landslide,68_29,2,68.87944730396947,29.34908322628992,raster-matched control,conventional_alphaearth_embeddings,Conventional + AlphaEarth Embeddings,0.2662123580665588,0.37467408808820823,0
981,CPEC_ROCKFALL_0540,1,rockfall,67_29,1,67.92723431475402,29.6994278700783,Balochistan,conventional_alphaearth_embeddings,Conventional + AlphaEarth Embeddings,0.9883053673840511,0.3791812820262481,1
982,CPEC_ROCKFALL_0267,1,rockfall,66_26,4,66.34170729407921,26.557567563325605,Balochistan,conventional_alphaearth_embeddings,Conventional + AlphaEarth Embeddings,0.9852850730199021,0.20592228862794998,1
983,RMC_100_00291,0,non_landslide,68_27,3,68.95131252669903,27.105540804201418,raster-matched control,conventional_alphaearth_embeddings,Conventional + AlphaEarth Embeddings,0.07797712565288308,0.5024470513377632,0
984,RMC_100_00623,0,non_landslide,68_30,4,68.67957215325288,30.299051639246315,raster-matched control,conventional_alphaearth_embeddings,Conventional + AlphaEarth Embeddings,0.04856254618534857,0.20592228862794998,0
985,RMC_100_00482,0,non_landslide,69_31,2,69.22529868835548,31.651016141846195,raster-matched control,conventional_alphaearth_embeddings,Conventional + AlphaEarth Embeddings,0.15930361966459766,0.37467408808820823,0
986,CPEC_ROCKFALL_0079,1,rockfall,64_26,2,64.03079155043405,26.04777637628935,Balochistan,conventional_alphaearth_embeddings,Conventional + AlphaEarth Embeddings,0.751617069736988,0.37467408808820823,1
987,RMC_100_00401,0,non_landslide,76_37,1,76.20296265775386,37.487819700412786,raster-matched control,conventional_alphaearth_embeddings,Conventional + AlphaEarth Embeddings,0.19701629490925424,0.3791812820262481,0
988,RMC_100_00134,0,non_landslide,67_29,1,67.97664044342935,29.775782986246696,raster-matched control,conventional_alphaearth_embeddings,Conventional + AlphaEarth Embeddings,0.11138180248991093,0.3791812820262481,0
989,RMC_100_00537,0,non_landslide,71_31,4,71.90452402324195,31.48931939070468,raster-matched control,conventional_alphaearth_embeddings,Conventional + AlphaEarth Embeddings,0.07234643700163797,0.20592228862794998,0
990,CPEC_ROCKFALL_0908,1,rockfall,75_38,2,75.4101989428763,38.81732635854758,"Kashgar (Xinjiang, China)",conventional_alphaearth_embeddings,Conventional + AlphaEarth Embeddings,0.9622837552553869,0.37467408808820823,1
991,RMC_100_00354,0,non_landslide,75_38,2,75.39672469025659,38.803851591647884,raster-matched control,conventional_alphaearth_embeddings,Conventional + AlphaEarth Embeddings,0.07579706301058067,0.37467408808820823,0
992,CPEC_ROCKFALL_0436,1,rockfall,70_29,4,70.03153761108777,29.539974875508133,Punjab-Sindh lowland corridor,conventional_alphaearth_embeddings,Conventional + AlphaEarth Embeddings,0.9804723516060653,0.20592228862794998,1
993,RMC_100_00216,0,non_landslide,77_40,3,77.70090339402316,40.854256227650694,raster-matched control,conventional_alphaearth_embeddings,Conventional + AlphaEarth Embeddings,0.061841152954637525,0.5024470513377632,0
994,CPEC_ROCKFALL_0644,1,rockfall,68_30,4,68.38312834735727,30.126128168084648,Balochistan,conventional_alphaearth_embeddings,Conventional + AlphaEarth Embeddings,0.8986093905953417,0.20592228862794998,1
995,CPEC_ROCKFALL_0389,1,rockfall,66_29,5,66.53259695107617,29.3198870248132,Balochistan,conventional_alphaearth_embeddings,Conventional + AlphaEarth Embeddings,0.9796547659825614,0.2084914554893409,1
996,CPEC_ROCKFALL_0226,1,rockfall,65_26,3,65.7016568470697,26.303795663272943,Balochistan,conventional_alphaearth_embeddings,Conventional + AlphaEarth Embeddings,0.983367284066584,0.5024470513377632,1
997,RMC_100_00458,0,non_landslide,69_29,3,69.58462480200329,29.08183442926436,raster-matched control,conventional_alphaearth_embeddings,Conventional + AlphaEarth Embeddings,0.09752364998315617,0.5024470513377632,0
998,RMC_100_00471,0,non_landslide,67_30,3,67.80596053944663,30.736980340254583,raster-matched control,conventional_alphaearth_embeddings,Conventional + AlphaEarth Embeddings,0.06684748234527356,0.5024470513377632,0
999,CPEC_ROCKFALL_0065,1,rockfall,63_26,1,63.96566192044742,26.33972709956161,Balochistan,conventional_alphaearth_embeddings,Conventional + AlphaEarth Embeddings,0.9753676230524014,0.3791812820262481,1
1000,RMC_100_00042,0,non_landslide,67_29,1,67.24900506329253,29.908284490654324,raster-matched control,conventional_alphaearth_embeddings,Conventional + AlphaEarth Embeddings,0.11819531968758683,0.3791812820262481,0
1001,CPEC_ROCKFALL_0037,1,rockfall,66_27,1,66.90540009464952,27.70291888261055,Balochistan,conventional_alphaearth_embeddings,Conventional + AlphaEarth Embeddings,0.9907547339889757,0.3791812820262481,1
1002,CPEC_ROCKFALL_0207,1,rockfall,65_26,3,65.692671758447,26.294810574650256,Balochistan,conventional_alphaearth_embeddings,Conventional + AlphaEarth Embeddings,0.9815213739779942,0.5024470513377632,1
1003,RMC_100_00285,0,non_landslide,67_25,3,67.15468195845999,25.899552535270956,raster-matched control,conventional_alphaearth_embeddings,Conventional + AlphaEarth Embeddings,0.06684018641402302,0.5024470513377632,0
1004,CPEC_ROCKFALL_0016,1,rockfall,76_37,1,76.14457275446937,37.82693325997093,"Kashgar (Xinjiang, China)",conventional_alphaearth_embeddings,Conventional + AlphaEarth Embeddings,0.9876757174728412,0.3791812820262481,1
1005,RMC_100_00510,0,non_landslide,68_29,2,68.4347812383303,29.05488497074078,raster-matched control,conventional_alphaearth_embeddings,Conventional + AlphaEarth Embeddings,0.08998749399629229,0.37467408808820823,0
1006,RMC_100_00340,0,non_landslide,75_39,4,75.53371777108482,39.955940943531175,raster-matched control,conventional_alphaearth_embeddings,Conventional + AlphaEarth Embeddings,0.03461925595165892,0.20592228862794998,0
1007,CPEC_ROCKFALL_0930,1,rockfall,75_38,2,75.49553721883716,38.89143661805585,"Kashgar (Xinjiang, China)",conventional_alphaearth_embeddings,Conventional + AlphaEarth Embeddings,0.9720540022648962,0.37467408808820823,1
1008,CPEC_ROCKFALL_0500,1,rockfall,68_29,2,68.52236823685217,29.32437733957402,Balochistan,conventional_alphaearth_embeddings,Conventional + AlphaEarth Embeddings,0.9739523055027012,0.37467408808820823,1
1009,RMC_100_00222,0,non_landslide,66_29,5,66.9413320784816,29.052639182530477,raster-matched control,conventional_alphaearth_embeddings,Conventional + AlphaEarth Embeddings,0.3612813661658371,0.2084914554893409,1
1010,CPEC_ROCKFALL_0088,1,rockfall,65_27,5,65.65000262046658,27.15270148542376,Balochistan,conventional_alphaearth_embeddings,Conventional + AlphaEarth Embeddings,0.976014468028177,0.2084914554893409,1
1011,CPEC_ROCKFALL_0885,1,rockfall,74_38,1,74.98349864486997,38.61745161292792,"Kashgar (Xinjiang, China)",conventional_alphaearth_embeddings,Conventional + AlphaEarth Embeddings,0.696502079451218,0.3791812820262481,1
1012,RMC_100_00638,0,non_landslide,66_29,5,66.90989104353741,29.93074237275731,raster-matched control,conventional_alphaearth_embeddings,Conventional + AlphaEarth Embeddings,0.1064620477863413,0.2084914554893409,0
1013,RMC_100_00650,0,non_landslide,74_35,5,74.6286651223344,35.67996019112225,raster-matched control,conventional_alphaearth_embeddings,Conventional + AlphaEarth Embeddings,0.11733099048035643,0.2084914554893409,0
1014,RMC_100_00071,0,non_landslide,76_38,3,76.51961879540599,38.62868011124458,raster-matched control,conventional_alphaearth_embeddings,Conventional + AlphaEarth Embeddings,0.07318728077249156,0.5024470513377632,0
1015,CPEC_ROCKFALL_0905,1,rockfall,75_38,2,75.3967235394928,38.81283604378676,"Kashgar (Xinjiang, China)",conventional_alphaearth_embeddings,Conventional + AlphaEarth Embeddings,0.9713353886938665,0.37467408808820823,1
1016,RMC_100_00253,0,non_landslide,69_31,2,69.35780019276311,31.563430401644542,raster-matched control,conventional_alphaearth_embeddings,Conventional + AlphaEarth Embeddings,0.1093118097017788,0.37467408808820823,0
1017,CPEC_ROCKFALL_0707,1,rockfall,72_32,2,72.57601660881137,32.63916158517935,Punjab-Sindh lowland corridor,conventional_alphaearth_embeddings,Conventional + AlphaEarth Embeddings,0.9627504532234348,0.37467408808820823,1
1018,CPEC_ROCKFALL_0305,1,rockfall,66_27,1,66.5438294266298,27.63779371172497,Balochistan,conventional_alphaearth_embeddings,Conventional + AlphaEarth Embeddings,0.9382216873485801,0.3791812820262481,1
1019,CPEC_ROCKFALL_0434,1,rockfall,70_29,4,70.03153761108777,29.5377274885772,Punjab-Sindh lowland corridor,conventional_alphaearth_embeddings,Conventional + AlphaEarth Embeddings,0.9621104340946046,0.20592228862794998,1
1020,CPEC_ROCKFALL_0228,1,rockfall,65_26,3,65.70614716183051,26.312776292794585,Balochistan,conventional_alphaearth_embeddings,Conventional + AlphaEarth Embeddings,0.9830408668586773,0.5024470513377632,1
1021,CPEC_ROCKFALL_0605,1,rockfall,66_29,5,66.94806923262995,29.840910687403085,Balochistan,conventional_alphaearth_embeddings,Conventional + AlphaEarth Embeddings,0.9421022575532061,0.2084914554893409,1
1022,RMC_100_00600,0,non_landslide,70_32,5,70.16852973668098,32.30004893462255,raster-matched control,conventional_alphaearth_embeddings,Conventional + AlphaEarth Embeddings,0.1375108176516716,0.2084914554893409,0
1023,CPEC_ROCKFALL_0803,1,rockfall,75_35,1,75.19460586604325,35.590127775834034,Gilgit-Baltistan,conventional_alphaearth_embeddings,Conventional + AlphaEarth Embeddings,0.6056347318495003,0.3791812820262481,1
1024,RMC_100_00318,0,non_landslide,75_35,1,75.97164647209308,35.12974207959904,raster-matched control,conventional_alphaearth_embeddings,Conventional + AlphaEarth Embeddings,0.6035467822047705,0.3791812820262481,1
1025,CPEC_ROCKFALL_0080,1,rockfall,65_28,2,65.96216644881412,28.15432260045299,Balochistan,conventional_alphaearth_embeddings,Conventional + AlphaEarth Embeddings,0.9774957476995719,0.37467408808820823,1
1026,RMC_100_00382,0,non_landslide,75_38,2,75.49553937150974,38.91389521395253,raster-matched control,conventional_alphaearth_embeddings,Conventional + AlphaEarth Embeddings,0.09335914326545536,0.37467408808820823,0
1027,RMC_100_00609,0,non_landslide,68_30,4,68.01481884300442,30.844778174348924,raster-matched control,conventional_alphaearth_embeddings,Conventional + AlphaEarth Embeddings,0.06833816547324095,0.20592228862794998,0
1028,RMC_100_00564,0,non_landslide,69_30,5,69.66098160115345,30.49443521354231,raster-matched control,conventional_alphaearth_embeddings,Conventional + AlphaEarth Embeddings,0.22174166725303832,0.2084914554893409,1
1029,RMC_100_00027,0,non_landslide,66_27,1,66.28556192107435,27.076345557467533,raster-matched control,conventional_alphaearth_embeddings,Conventional + AlphaEarth Embeddings,0.07569069544676392,0.3791812820262481,0
1030,CPEC_ROCKFALL_0716,1,rockfall,71_33,3,71.8820645482678,33.827186501545775,KP-AJK,conventional_alphaearth_embeddings,Conventional + AlphaEarth Embeddings,0.9642760757632427,0.5024470513377632,1
1031,CPEC_ROCKFALL_0470,1,rockfall,69_29,3,69.16017129693074,29.077343141213124,Balochistan,conventional_alphaearth_embeddings,Conventional + AlphaEarth Embeddings,0.989904651654276,0.5024470513377632,1
1032,RMC_100_00080,0,non_landslide,69_32,4,69.84289044618765,32.21920055905179,raster-matched control,conventional_alphaearth_embeddings,Conventional + AlphaEarth Embeddings,0.042411515838730866,0.20592228862794998,0
1033,CPEC_ROCKFALL_0589,1,rockfall,67_29,1,67.43091407200022,29.602857118563826,Balochistan,conventional_alphaearth_embeddings,Conventional + AlphaEarth Embeddings,0.9882202550078218,0.3791812820262481,1
1034,RMC_100_00665,0,non_landslide,74_35,5,74.73197138000815,35.855131671525555,raster-matched control,conventional_alphaearth_embeddings,Conventional + AlphaEarth Embeddings,0.09221269522907381,0.2084914554893409,0
1035,RMC_100_00315,0,non_landslide,75_35,1,75.565158806029,35.367795629890715,raster-matched control,conventional_alphaearth_embeddings,Conventional + AlphaEarth Embeddings,0.1409752514632976,0.3791812820262481,0
1036,RMC_100_00288,0,non_landslide,66_26,4,66.91662840816831,26.773164149077193,raster-matched control,conventional_alphaearth_embeddings,Conventional + AlphaEarth Embeddings,0.08090778378016363,0.20592228862794998,0
1037,CPEC_ROCKFALL_0287,1,rockfall,66_27,1,66.29230045440703,27.18189967912172,Balochistan,conventional_alphaearth_embeddings,Conventional + AlphaEarth Embeddings,0.9873888852049983,0.3791812820262481,1
1038,RMC_100_00188,0,non_landslide,70_30,1,70.17077552489127,30.667360905735322,raster-matched control,conventional_alphaearth_embeddings,Conventional + AlphaEarth Embeddings,0.10368940656971155,0.3791812820262481,0
1039,RMC_100_00560,0,non_landslide,68_30,4,68.36965338023164,30.671852482155916,raster-matched control,conventional_alphaearth_embeddings,Conventional + AlphaEarth Embeddings,0.04513983744116994,0.20592228862794998,0
1040,RMC_100_00356,0,non_landslide,75_38,2,75.46634412477586,38.819572109119974,raster-matched control,conventional_alphaearth_embeddings,Conventional + AlphaEarth Embeddings,0.4508014888556444,0.37467408808820823,1
1041,CPEC_ROCKFALL_0523,1,rockfall,67_29,1,67.89803612105605,29.68370507976385,Balochistan,conventional_alphaearth_embeddings,Conventional + AlphaEarth Embeddings,0.9856365128993435,0.3791812820262481,1
1042,RMC_100_00271,0,non_landslide,68_29,2,68.58524904842032,29.436668966491574,raster-matched control,conventional_alphaearth_embeddings,Conventional + AlphaEarth Embeddings,0.22838246951427016,0.37467408808820823,0
1043,CPEC_ROCKFALL_0618,1,rockfall,67_30,3,67.20408851961353,30.27883900186201,Balochistan,conventional_alphaearth_embeddings,Conventional + AlphaEarth Embeddings,0.9288762369359852,0.5024470513377632,1
1044,RMC_100_00607,0,non_landslide,66_27,1,66.13958568740492,27.56143581089207,raster-matched control,conventional_alphaearth_embeddings,Conventional + AlphaEarth Embeddings,0.23989639836137427,0.3791812820262481,0
1045,CPEC_ROCKFALL_0031,1,rockfall,67_28,4,67.39722556354144,28.010592396197268,Balochistan,conventional_alphaearth_embeddings,Conventional + AlphaEarth Embeddings,0.9758345838918308,0.20592228862794998,1
1046,CPEC_ROCKFALL_0664,1,rockfall,68_30,4,68.35842492752117,30.665113089717806,Balochistan,conventional_alphaearth_embeddings,Conventional + AlphaEarth Embeddings,0.96711675745127,0.20592228862794998,1
1047,RMC_100_00567,0,non_landslide,69_31,2,69.39148701591759,31.6442787772153,raster-matched control,conventional_alphaearth_embeddings,Conventional + AlphaEarth Embeddings,0.16975917813022162,0.37467408808820823,0
1048,CPEC_ROCKFALL_0590,1,rockfall,67_29,1,67.42866668506929,29.60510450549476,Balochistan,conventional_alphaearth_embeddings,Conventional + AlphaEarth Embeddings,0.9884141844933264,0.3791812820262481,1
1049,CPEC_ROCKFALL_0077,1,rockfall,63_26,1,63.95668129092578,26.07697011088626,Balochistan,conventional_alphaearth_embeddings,Conventional + AlphaEarth Embeddings,0.9852087788022981,0.3791812820262481,1
1050,RMC_100_00274,0,non_landslide,67_26,5,67.01993466584206,26.842783583596457,raster-matched control,conventional_alphaearth_embeddings,Conventional + AlphaEarth Embeddings,0.10674790162313222,0.2084914554893409,0
1051,RMC_100_00461,0,non_landslide,67_27,2,67.09404567678192,27.653513127514323,raster-matched control,conventional_alphaearth_embeddings,Conventional + AlphaEarth Embeddings,0.2365191833994367,0.37467408808820823,0
1052,CPEC_ROCKFALL_0628,1,rockfall,67_30,3,67.19959820485273,30.27883900186201,Balochistan,conventional_alphaearth_embeddings,Conventional + AlphaEarth Embeddings,0.26863968173411795,0.5024470513377632,0
1053,RMC_100_00062,0,non_landslide,66_27,1,66.59548069409558,27.898304042436894,raster-matched control,conventional_alphaearth_embeddings,Conventional + AlphaEarth Embeddings,0.0992875460619385,0.3791812820262481,0
1054,CPEC_ROCKFALL_0895,1,rockfall,75_38,2,75.19460586604325,38.75219672856095,"Kashgar (Xinjiang, China)",conventional_alphaearth_embeddings,Conventional + AlphaEarth Embeddings,0.9649562160830807,0.37467408808820823,1
1055,RMC_100_00388,0,non_landslide,75_39,4,75.7538050156941,39.65500532335113,raster-matched control,conventional_alphaearth_embeddings,Conventional + AlphaEarth Embeddings,0.08473311182813924,0.20592228862794998,0
1056,RMC_100_00475,0,non_landslide,67_30,3,67.18836878161446,30.287822698194823,raster-matched control,conventional_alphaearth_embeddings,Conventional + AlphaEarth Embeddings,0.17634014703475576,0.5024470513377632,0
1057,RMC_100_00571,0,non_landslide,72_33,4,72.86347558903954,33.82044755299484,raster-matched control,conventional_alphaearth_embeddings,Conventional + AlphaEarth Embeddings,0.05256079971383713,0.20592228862794998,0
1058,CPEC_ROCKFALL_0704,1,rockfall,72_32,2,72.60521034340829,32.666112391946385,Punjab-Sindh lowland corridor,conventional_alphaearth_embeddings,Conventional + AlphaEarth Embeddings,0.9152574104748995,0.37467408808820823,1
1059,RMC_100_00100,0,non_landslide,67_26,5,67.21082666371746,26.9438440530599,raster-matched control,conventional_alphaearth_embeddings,Conventional + AlphaEarth Embeddings,0.6797125430906129,0.2084914554893409,1
1060,RMC_100_00046,0,non_landslide,69_31,2,69.32635915781893,31.783517646253827,raster-matched control,conventional_alphaearth_embeddings,Conventional + AlphaEarth Embeddings,0.0882768287340238,0.37467408808820823,0
1061,RMC_100_00563,0,non_landslide,69_30,5,69.31737600497773,30.48096048428052,raster-matched control,conventional_alphaearth_embeddings,Conventional + AlphaEarth Embeddings,0.1008911882737323,0.2084914554893409,0
1062,CPEC_ROCKFALL_0961,1,rockfall,75_38,2,75.48655658931551,38.98126966787858,"Kashgar (Xinjiang, China)",conventional_alphaearth_embeddings,Conventional + AlphaEarth Embeddings,0.925765758985406,0.37467408808820823,1
1063,CPEC_ROCKFALL_0337,1,rockfall,66_26,4,66.46073407849886,26.267859767883227,Balochistan,conventional_alphaearth_embeddings,Conventional + AlphaEarth Embeddings,0.2301161090950503,0.20592228862794998,1
1064,CPEC_ROCKFALL_0610,1,rockfall,67_30,3,67.26921814960016,30.0722265545506,Balochistan,conventional_alphaearth_embeddings,Conventional + AlphaEarth Embeddings,0.954115674409058,0.5024470513377632,1
1065,RMC_100_00306,0,non_landslide,71_34,5,71.99435555165391,34.752449660268844,raster-matched control,conventional_alphaearth_embeddings,Conventional + AlphaEarth Embeddings,0.6420075356748497,0.2084914554893409,1
1066,CPEC_ROCKFALL_0906,1,rockfall,75_38,2,75.40121831335466,38.81507897161664,"Kashgar (Xinjiang, China)",conventional_alphaearth_embeddings,Conventional + AlphaEarth Embeddings,0.9718660430911079,0.37467408808820823,1
1067,CPEC_ROCKFALL_0219,1,rockfall,65_26,3,65.66796833861092,26.267859767883227,Balochistan,conventional_alphaearth_embeddings,Conventional + AlphaEarth Embeddings,0.9851772787433553,0.5024470513377632,1
1068,RMC_100_00043,0,non_landslide,66_27,1,66.3596729320142,27.725378350243886,raster-matched control,conventional_alphaearth_embeddings,Conventional + AlphaEarth Embeddings,0.9440141888663853,0.3791812820262481,1
1069,RMC_100_00193,0,non_landslide,77_37,2,77.16191422355145,37.56417649956295,raster-matched control,conventional_alphaearth_embeddings,Conventional + AlphaEarth Embeddings,0.09749438742059077,0.37467408808820823,0
1070,RMC_100_00109,0,non_landslide,69_29,3,69.82043256408465,29.176157534096916,raster-matched control,conventional_alphaearth_embeddings,Conventional + AlphaEarth Embeddings,0.10372839281166428,0.5024470513377632,0
1071,RMC_100_00394,0,non_landslide,74_35,5,74.6196819694932,35.55195026313522,raster-matched control,conventional_alphaearth_embeddings,Conventional + AlphaEarth Embeddings,0.060586100115930706,0.2084914554893409,0
1072,CPEC_ROCKFALL_0882,1,rockfall,75_38,2,75.03066255671226,38.53435626479696,"Kashgar (Xinjiang, China)",conventional_alphaearth_embeddings,Conventional + AlphaEarth Embeddings,0.9691042093636211,0.37467408808820823,1
1073,RMC_100_00323,0,non_landslide,74_36,2,74.57027462886663,36.272848278641135,raster-matched control,conventional_alphaearth_embeddings,Conventional + AlphaEarth Embeddings,0.08262555592372167,0.37467408808820823,0
1074,RMC_100_00605,0,non_landslide,71_35,2,71.72710675462835,35.630552850495675,raster-matched control,conventional_alphaearth_embeddings,Conventional + AlphaEarth Embeddings,0.13571984408042337,0.37467408808820823,0
1075,CPEC_ROCKFALL_0541,1,rockfall,67_29,1,67.92498692782308,29.701670797908186,Balochistan,conventional_alphaearth_embeddings,Conventional + AlphaEarth Embeddings,0.9825714755328108,0.3791812820262481,1
1076,RMC_100_00025,0,non_landslide,66_27,1,66.28780770928465,27.008971911158568,raster-matched control,conventional_alphaearth_embeddings,Conventional + AlphaEarth Embeddings,0.07772877043045434,0.3791812820262481,0
1077,CPEC_ROCKFALL_0402,1,rockfall,67_25,3,67.92498692782308,25.879338293096488,Punjab-Sindh lowland corridor,conventional_alphaearth_embeddings,Conventional + AlphaEarth Embeddings,0.9881236942137506,0.5024470513377632,1
1078,RMC_100_00118,0,non_landslide,66_26,4,66.7437027159753,26.166801332296515,raster-matched control,conventional_alphaearth_embeddings,Conventional + AlphaEarth Embeddings,0.07583002101272956,0.20592228862794998,0
1079,RMC_100_00280,0,non_landslide,67_26,5,67.05811306541713,26.916894594536316,raster-matched control,conventional_alphaearth_embeddings,Conventional + AlphaEarth Embeddings,0.09884400179138406,0.2084914554893409,0
1080,RMC_100_00399,0,non_landslide,76_37,1,76.26584472764223,37.32836873748157,raster-matched control,conventional_alphaearth_embeddings,Conventional + AlphaEarth Embeddings,0.20647409332509933,0.3791812820262481,0
1081,CPEC_ROCKFALL_0896,1,rockfall,75_38,2,75.20133910863396,38.7679195188754,"Kashgar (Xinjiang, China)",conventional_alphaearth_embeddings,Conventional + AlphaEarth Embeddings,0.8128050008899569,0.37467408808820823,1
1082,RMC_100_00491,0,non_landslide,67_30,3,67.21082666371746,30.42256999081275,raster-matched control,conventional_alphaearth_embeddings,Conventional + AlphaEarth Embeddings,0.06997575227740593,0.5024470513377632,0
1083,CPEC_ROCKFALL_0839,1,rockfall,74_35,5,74.20645569529648,35.96293091940737,Gilgit-Baltistan,conventional_alphaearth_embeddings,Conventional + AlphaEarth Embeddings,0.9453172751199757,0.2084914554893409,1
1084,CPEC_ROCKFALL_0797,1,rockfall,76_35,2,76.0839378983446,35.18364058290297,Gilgit-Baltistan,conventional_alphaearth_embeddings,Conventional + AlphaEarth Embeddings,0.8254192167139301,0.37467408808820823,1
1085,CPEC_ROCKFALL_0499,1,rockfall,68_29,2,68.52461116468206,29.322134411744138,Balochistan,conventional_alphaearth_embeddings,Conventional + AlphaEarth Embeddings,0.9689099296410745,0.37467408808820823,1
1086,RMC_100_00634,0,non_landslide,67_29,1,67.15468195845999,29.888072396761636,raster-matched control,conventional_alphaearth_embeddings,Conventional + AlphaEarth Embeddings,0.144317805752446,0.3791812820262481,0
1087,RMC_100_00250,0,non_landslide,65_25,1,65.62305439903619,25.6345495264557,raster-matched control,conventional_alphaearth_embeddings,Conventional + AlphaEarth Embeddings,0.7892151607013423,0.3791812820262481,1
1088,CPEC_ROCKFALL_0515,1,rockfall,67_29,1,67.88231778984266,29.676967378072103,Balochistan,conventional_alphaearth_embeddings,Conventional + AlphaEarth Embeddings,0.8431404833425337,0.3791812820262481,1
1089,CPEC_ROCKFALL_0616,1,rockfall,67_30,3,67.20408851961353,30.274348687101185,Balochistan,conventional_alphaearth_embeddings,Conventional + AlphaEarth Embeddings,0.7461830873577002,0.5024470513377632,1
1090,RMC_100_00437,0,non_landslide,68_29,2,68.05299724257951,29.89705554960283,raster-matched control,conventional_alphaearth_embeddings,Conventional + AlphaEarth Embeddings,0.07881385132797519,0.37467408808820823,0
1091,RMC_100_00206,0,non_landslide,74_39,3,74.24014376195271,39.79648998059996,raster-matched control,conventional_alphaearth_embeddings,Conventional + AlphaEarth Embeddings,0.13663567369605106,0.5024470513377632,0
1092,RMC_100_00295,0,non_landslide,65_26,3,65.93521896026773,26.472228528897155,raster-matched control,conventional_alphaearth_embeddings,Conventional + AlphaEarth Embeddings,0.10532251931851135,0.5024470513377632,0
1093,CPEC_ROCKFALL_0491,1,rockfall,68_29,2,68.66834136893777,29.39624467125242,Balochistan,conventional_alphaearth_embeddings,Conventional + AlphaEarth Embeddings,0.9728104367897116,0.37467408808820823,1
1094,RMC_100_00249,0,non_landslide,66_26,4,66.1732725105594,26.22294603755399,raster-matched control,conventional_alphaearth_embeddings,Conventional + AlphaEarth Embeddings,0.21883345509807828,0.20592228862794998,1
1095,CPEC_ROCKFALL_0575,1,rockfall,67_29,1,67.21981130992799,29.46586461599985,Balochistan,conventional_alphaearth_embeddings,Conventional + AlphaEarth Embeddings,0.988632059035899,0.3791812820262481,1
1096,CPEC_ROCKFALL_0903,1,rockfall,75_38,2,75.39223322473197,38.81283604378676,"Kashgar (Xinjiang, China)",conventional_alphaearth_embeddings,Conventional + AlphaEarth Embeddings,0.9664016521047278,0.37467408808820823,1
1097,CPEC_ROCKFALL_0199,1,rockfall,65_26,3,65.55792664281397,26.42057506076164,Balochistan,conventional_alphaearth_embeddings,Conventional + AlphaEarth Embeddings,0.6910106371331165,0.5024470513377632,1
1098,CPEC_ROCKFALL_0871,1,rockfall,75_37,5,75.19684879387313,37.92125662455447,"Kashgar (Xinjiang, China)",conventional_alphaearth_embeddings,Conventional + AlphaEarth Embeddings,0.985297702312371,0.2084914554893409,1
1099,CPEC_ROCKFALL_0005,1,rockfall,76_38,3,76.00308547804353,38.406348850855686,"Kashgar (Xinjiang, China)",conventional_alphaearth_embeddings,Conventional + AlphaEarth Embeddings,0.06380328861472691,0.5024470513377632,0
1100,RMC_100_00392,0,non_landslide,75_39,4,75.62130351128647,39.75606579281458,raster-matched control,conventional_alphaearth_embeddings,Conventional + AlphaEarth Embeddings,0.08456702973493409,0.20592228862794998,0
1101,RMC_100_00050,0,non_landslide,69_31,2,69.36004598097341,31.84639971614219,raster-matched control,conventional_alphaearth_embeddings,Conventional + AlphaEarth Embeddings,0.10571595355541144,0.37467408808820823,0
1102,CPEC_ROCKFALL_0654,1,rockfall,69_30,5,69.18487471676684,30.99299970837979,Balochistan,conventional_alphaearth_embeddings,Conventional + AlphaEarth Embeddings,0.9852593085018746,0.2084914554893409,1
1103,CPEC_ROCKFALL_0806,1,rockfall,75_35,1,75.3563017884433,35.491314096489674,Gilgit-Baltistan,conventional_alphaearth_embeddings,Conventional + AlphaEarth Embeddings,0.5517603795204883,0.3791812820262481,1
1104,RMC_100_00282,0,non_landslide,67_26,5,67.07832515930983,26.692315773506436,raster-matched control,conventional_alphaearth_embeddings,Conventional + AlphaEarth Embeddings,0.2086057374796389,0.2084914554893409,1
1105,CPEC_ROCKFALL_0099,1,rockfall,65_27,5,65.73534535552848,27.282956286295967,Balochistan,conventional_alphaearth_embeddings,Conventional + AlphaEarth Embeddings,0.27078318412691466,0.2084914554893409,1
1106,CPEC_ROCKFALL_0415,1,rockfall,70_29,4,70.02255252246509,29.513024068741107,Punjab-Sindh lowland corridor,conventional_alphaearth_embeddings,Conventional + AlphaEarth Embeddings,0.9598755800115557,0.20592228862794998,1
1107,CPEC_ROCKFALL_0206,1,rockfall,65_26,3,65.692671758447,26.29705796158119,Balochistan,conventional_alphaearth_embeddings,Conventional + AlphaEarth Embeddings,0.9886943593210737,0.5024470513377632,1
1108,CPEC_ROCKFALL_0945,1,rockfall,75_38,2,75.51350739608255,38.94084345772803,"Kashgar (Xinjiang, China)",conventional_alphaearth_embeddings,Conventional + AlphaEarth Embeddings,0.4670807663599724,0.37467408808820823,1
1109,RMC_100_00191,0,non_landslide,68_30,4,68.87944730396947,30.355196344503785,raster-matched control,conventional_alphaearth_embeddings,Conventional + AlphaEarth Embeddings,0.5502588734001239,0.20592228862794998,1
1110,CPEC_ROCKFALL_0329,1,rockfall,66_25,2,66.8537458680464,25.055135890781763,Balochistan,conventional_alphaearth_embeddings,Conventional + AlphaEarth Embeddings,0.4551152432988768,0.37467408808820823,1
1111,CPEC_ROCKFALL_0232,1,rockfall,66_26,4,66.17102628305646,26.162308386847105,Balochistan,conventional_alphaearth_embeddings,Conventional + AlphaEarth Embeddings,0.9819684264849871,0.20592228862794998,1
1112,CPEC_ROCKFALL_0457,1,rockfall,69_28,1,69.1826273298359,28.86174560527901,Balochistan,conventional_alphaearth_embeddings,Conventional + AlphaEarth Embeddings,0.8094497587427616,0.3791812820262481,1
1113,CPEC_ROCKFALL_0679,1,rockfall,70_29,4,70.02255252246509,29.955447157061897,Punjab-Sindh lowland corridor,conventional_alphaearth_embeddings,Conventional + AlphaEarth Embeddings,0.9641167679482293,0.20592228862794998,1
1114,RMC_100_00450,0,non_landslide,65_25,1,65.84089585543518,25.605354279721816,raster-matched control,conventional_alphaearth_embeddings,Conventional + AlphaEarth Embeddings,0.08866784219576089,0.3791812820262481,0
1115,CPEC_ROCKFALL_0870,1,rockfall,75_37,5,75.20807681032571,37.90778122117096,"Kashgar (Xinjiang, China)",conventional_alphaearth_embeddings,Conventional + AlphaEarth Embeddings,0.9808897199425141,0.2084914554893409,1
1116,CPEC_ROCKFALL_0848,1,rockfall,74_36,2,74.30302644681096,36.30428848235181,Gilgit-Baltistan,conventional_alphaearth_embeddings,Conventional + AlphaEarth Embeddings,0.7949979735412934,0.37467408808820823,1
1117,CPEC_ROCKFALL_0060,1,rockfall,65_27,5,65.1514394498829,27.41096815933829,Balochistan,conventional_alphaearth_embeddings,Conventional + AlphaEarth Embeddings,0.967328335489472,0.2084914554893409,1
1118,CPEC_ROCKFALL_0828,1,rockfall,74_35,5,74.73196967264718,35.5339832344701,Gilgit-Baltistan,conventional_alphaearth_embeddings,Conventional + AlphaEarth Embeddings,0.9779109022667648,0.2084914554893409,1
1119,CPEC_ROCKFALL_0486,1,rockfall,68_29,2,68.68855447401305,29.40073498601324,Balochistan,conventional_alphaearth_embeddings,Conventional + AlphaEarth Embeddings,0.968637520910314,0.37467408808820823,1
1120,RMC_100_00106,0,non_landslide,66_27,1,66.99073941910817,27.44914640037713,raster-matched control,conventional_alphaearth_embeddings,Conventional + AlphaEarth Embeddings,0.9184085635464215,0.3791812820262481,1
1121,RMC_100_00244,0,non_landslide,73_34,2,73.40695633593185,34.22918100726922,raster-matched control,conventional_alphaearth_embeddings,Conventional + AlphaEarth Embeddings,0.11779077113283228,0.37467408808820823,0
1122,RMC_100_00379,0,non_landslide,75_39,4,75.65723612265126,39.74932842818368,raster-matched control,conventional_alphaearth_embeddings,Conventional + AlphaEarth Embeddings,0.062102826550569715,0.20592228862794998,0
1123,RMC_100_00494,0,non_landslide,70_32,5,70.73671415388657,32.25737895862687,raster-matched control,conventional_alphaearth_embeddings,Conventional + AlphaEarth Embeddings,0.08520930411289253,0.2084914554893409,0
1124,RMC_100_00056,0,non_landslide,65_27,5,65.91051528995445,27.918516136329583,raster-matched control,conventional_alphaearth_embeddings,Conventional + AlphaEarth Embeddings,0.20408770344237942,0.2084914554893409,0
1125,RMC_100_00303,0,non_landslide,69_31,2,69.5621669199003,31.99911331444251,raster-matched control,conventional_alphaearth_embeddings,Conventional + AlphaEarth Embeddings,0.5829146582008087,0.37467408808820823,1
1126,CPEC_ROCKFALL_0522,1,rockfall,67_29,1,67.89354580629524,29.688195394524666,Balochistan,conventional_alphaearth_embeddings,Conventional + AlphaEarth Embeddings,0.13201377704229086,0.3791812820262481,0
1127,CPEC_ROCKFALL_0720,1,rockfall,72_34,1,72.81856049241145,34.03379894885719,KP-AJK,conventional_alphaearth_embeddings,Conventional + AlphaEarth Embeddings,0.977685500535329,0.3791812820262481,1
1128,RMC_100_00610,0,non_landslide,65_26,3,65.33110193169735,26.784393090128688,raster-matched control,conventional_alphaearth_embeddings,Conventional + AlphaEarth Embeddings,0.06696786988445012,0.5024470513377632,0
1129,CPEC_ROCKFALL_0815,1,rockfall,75_35,1,75.83240892612183,35.3318611019195,Gilgit-Baltistan,conventional_alphaearth_embeddings,Conventional + AlphaEarth Embeddings,0.32898432248618303,0.3791812820262481,0
1130,RMC_100_00223,0,non_landslide,75_35,1,75.7358387100117,35.34309195957743,raster-matched control,conventional_alphaearth_embeddings,Conventional + AlphaEarth Embeddings,0.14891483350870124,0.3791812820262481,0
1131,RMC_100_00673,0,non_landslide,74_35,5,74.6196819694932,35.668731250070756,raster-matched control,conventional_alphaearth_embeddings,Conventional + AlphaEarth Embeddings,0.19625830705723188,0.2084914554893409,0
1132,RMC_100_00640,0,non_landslide,65_27,5,65.58038442304053,27.902795618857493,raster-matched control,conventional_alphaearth_embeddings,Conventional + AlphaEarth Embeddings,0.08523898178727833,0.2084914554893409,0
1133,RMC_100_00543,0,non_landslide,68_29,2,68.35842443918014,29.593874141212492,raster-matched control,conventional_alphaearth_embeddings,Conventional + AlphaEarth Embeddings,0.19276798042764998,0.37467408808820823,0
1134,CPEC_ROCKFALL_0357,1,rockfall,66_27,1,66.51238830510198,27.76355819783636,Balochistan,conventional_alphaearth_embeddings,Conventional + AlphaEarth Embeddings,0.9875275201159783,0.3791812820262481,1
1135,CPEC_ROCKFALL_0860,1,rockfall,74_35,5,74.18624704932226,35.39923811883707,Gilgit-Baltistan,conventional_alphaearth_embeddings,Conventional + AlphaEarth Embeddings,0.9800404011302356,0.2084914554893409,1
1136,RMC_100_00641,0,non_landslide,66_30,2,66.79984742123277,30.040785995061952,raster-matched control,conventional_alphaearth_embeddings,Conventional + AlphaEarth Embeddings,0.0951478755504315,0.37467408808820823,0
1137,CPEC_ROCKFALL_0196,1,rockfall,65_26,3,65.31987307397472,26.456506497050302,Balochistan,conventional_alphaearth_embeddings,Conventional + AlphaEarth Embeddings,0.9756494428865286,0.5024470513377632,1
1138,CPEC_ROCKFALL_0671,1,rockfall,70_29,4,70.00458680432074,29.94421914060932,Punjab-Sindh lowland corridor,conventional_alphaearth_embeddings,Conventional + AlphaEarth Embeddings,0.07534191289456633,0.20592228862794998,0
1139,CPEC_ROCKFALL_0413,1,rockfall,69_29,3,69.89229772159287,29.52425654429473,Punjab-Sindh lowland corridor,conventional_alphaearth_embeddings,Conventional + AlphaEarth Embeddings,0.2197106665753802,0.5024470513377632,0
1140,RMC_100_00487,0,non_landslide,65_28,2,65.20084621550002,28.778653020874025,raster-matched control,conventional_alphaearth_embeddings,Conventional + AlphaEarth Embeddings,0.1179007347820952,0.37467408808820823,0
1141,RMC_100_00199,0,non_landslide,65_29,4,65.71962329207905,29.200861204410202,raster-matched control,conventional_alphaearth_embeddings,Conventional + AlphaEarth Embeddings,0.06165025434380828,0.20592228862794998,0
1142,RMC_100_00298,0,non_landslide,70_31,3,70.05848611437634,31.967672279498327,raster-matched control,conventional_alphaearth_embeddings,Conventional + AlphaEarth Embeddings,0.05449464728120386,0.5024470513377632,0
1143,RMC_100_00313,0,non_landslide,72_32,2,72.72199093179071,32.67284977753215,raster-matched control,conventional_alphaearth_embeddings,Conventional + AlphaEarth Embeddings,0.07804868268798808,0.37467408808820823,0
1144,CPEC_ROCKFALL_0297,1,rockfall,66_27,1,66.48094718357412,27.574911468669274,Balochistan,conventional_alphaearth_embeddings,Conventional + AlphaEarth Embeddings,0.920905856689538,0.3791812820262481,1
1145,RMC_100_00395,0,non_landslide,75_39,4,75.98736698956517,39.477588054737524,raster-matched control,conventional_alphaearth_embeddings,Conventional + AlphaEarth Embeddings,0.1353712310128303,0.20592228862794998,0
1146,RMC_100_00601,0,non_landslide,76_39,5,76.35118467963359,39.78975261596906,raster-matched control,conventional_alphaearth_embeddings,Conventional + AlphaEarth Embeddings,0.6852122781484972,0.2084914554893409,1
1147,CPEC_ROCKFALL_0447,1,rockfall,69_28,1,69.18712210369777,28.83704218544293,Balochistan,conventional_alphaearth_embeddings,Conventional + AlphaEarth Embeddings,0.9756505660613966,0.3791812820262481,1
1148,CPEC_ROCKFALL_0107,1,rockfall,65_27,5,65.82068363148933,27.45363729731872,Balochistan,conventional_alphaearth_embeddings,Conventional + AlphaEarth Embeddings,0.9765021148428495,0.2084914554893409,1
1149,CPEC_ROCKFALL_0462,1,rockfall,69_28,1,69.18038440200601,28.863992992209948,Balochistan,conventional_alphaearth_embeddings,Conventional + AlphaEarth Embeddings,0.9838598119233005,0.3791812820262481,1
1150,CPEC_ROCKFALL_0338,1,rockfall,66_26,4,66.46073407849886,26.29481057465025,Balochistan,conventional_alphaearth_embeddings,Conventional + AlphaEarth Embeddings,0.9725720940741927,0.20592228862794998,1
1151,RMC_100_00355,0,non_landslide,74_35,5,74.62641933412411,35.522755016401334,raster-matched control,conventional_alphaearth_embeddings,Conventional + AlphaEarth Embeddings,0.07045545290018047,0.2084914554893409,0
1152,CPEC_ROCKFALL_0630,1,rockfall,67_30,3,67.19735081792177,30.27659161493106,Balochistan,conventional_alphaearth_embeddings,Conventional + AlphaEarth Embeddings,0.9852637357789629,0.5024470513377632,1
1153,RMC_100_00369,0,non_landslide,66_28,3,66.21145091013449,28.444030577539504,raster-matched control,conventional_alphaearth_embeddings,Conventional + AlphaEarth Embeddings,0.0757074363415102,0.5024470513377632,0
1154,CPEC_ROCKFALL_0865,1,rockfall,73_35,4,73.8336570108242,35.48682378172885,Gilgit-Baltistan,conventional_alphaearth_embeddings,Conventional + AlphaEarth Embeddings,0.9778954303431846,0.20592228862794998,1
1155,CPEC_ROCKFALL_0553,1,rockfall,67_29,1,67.69591844760652,29.59162910211125,Balochistan,conventional_alphaearth_embeddings,Conventional + AlphaEarth Embeddings,0.7775043983216366,0.3791812820262481,1
1156,RMC_100_00397,0,non_landslide,75_38,2,75.49553937150974,38.97453149563059,raster-matched control,conventional_alphaearth_embeddings,Conventional + AlphaEarth Embeddings,0.10810727775579022,0.37467408808820823,0
1157,RMC_100_00604,0,non_landslide,65_27,5,65.69042804534516,27.30541595491801,raster-matched control,conventional_alphaearth_embeddings,Conventional + AlphaEarth Embeddings,0.12060556688439933,0.2084914554893409,0
1158,CPEC_ROCKFALL_0096,1,rockfall,65_27,5,65.73309796859755,27.282956286295967,Balochistan,conventional_alphaearth_embeddings,Conventional + AlphaEarth Embeddings,0.9773325702980447,0.2084914554893409,1
1159,CPEC_ROCKFALL_0666,1,rockfall,69_30,5,69.15568098216993,30.442782311193,Balochistan,conventional_alphaearth_embeddings,Conventional + AlphaEarth Embeddings,0.9706433002496849,0.2084914554893409,1
1160,RMC_100_00200,0,non_landslide,67_29,1,67.41743917906494,29.62756096436697,raster-matched control,conventional_alphaearth_embeddings,Conventional + AlphaEarth Embeddings,0.07724201016709456,0.3791812820262481,0
1161,CPEC_ROCKFALL_0349,1,rockfall,66_27,1,66.49441812785658,27.77703360121988,Balochistan,conventional_alphaearth_embeddings,Conventional + AlphaEarth Embeddings,0.9882250242984804,0.3791812820262481,1
1162,RMC_100_00093,0,non_landslide,67_30,3,67.57239856557555,30.18002486410048,raster-matched control,conventional_alphaearth_embeddings,Conventional + AlphaEarth Embeddings,0.06797754805739756,0.5024470513377632,0
1163,RMC_100_00529,0,non_landslide,65_26,3,65.55343496451694,26.240912343236378,raster-matched control,conventional_alphaearth_embeddings,Conventional + AlphaEarth Embeddings,0.0712981151634083,0.5024470513377632,0
1164,RMC_100_00540,0,non_landslide,66_26,4,66.9345947138507,26.74172311413301,raster-matched control,conventional_alphaearth_embeddings,Conventional + AlphaEarth Embeddings,0.08841919504675402,0.20592228862794998,0
1165,RMC_100_00015,0,non_landslide,63_26,1,63.945450605942995,26.315023354176237,raster-matched control,conventional_alphaearth_embeddings,Conventional + AlphaEarth Embeddings,0.0683713661806851,0.3791812820262481,0
1166,RMC_100_00683,0,non_landslide,74_35,5,74.25137270300421,35.41720297051729,raster-matched control,conventional_alphaearth_embeddings,Conventional + AlphaEarth Embeddings,0.06624941005834765,0.2084914554893409,0
1167,CPEC_ROCKFALL_0532,1,rockfall,67_29,1,67.92049661306226,29.69044278145561,Balochistan,conventional_alphaearth_embeddings,Conventional + AlphaEarth Embeddings,0.9784099152831718,0.3791812820262481,1
1168,RMC_100_00565,0,non_landslide,70_29,4,70.01806192659096,29.959937619491196,raster-matched control,conventional_alphaearth_embeddings,Conventional + AlphaEarth Embeddings,0.05363512574339434,0.20592228862794998,0
1169,RMC_100_00167,0,non_landslide,62_25,3,62.93035433488793,25.908535688112153,raster-matched control,conventional_alphaearth_embeddings,Conventional + AlphaEarth Embeddings,0.0689053746718682,0.5024470513377632,0
1170,CPEC_ROCKFALL_0638,1,rockfall,68_29,2,68.07320744683962,29.95319977013096,Balochistan,conventional_alphaearth_embeddings,Conventional + AlphaEarth Embeddings,0.9618889657406099,0.37467408808820823,1
1171,CPEC_ROCKFALL_0944,1,rockfall,75_38,2,75.50901262222067,38.93860052989815,"Kashgar (Xinjiang, China)",conventional_alphaearth_embeddings,Conventional + AlphaEarth Embeddings,0.9756586150557625,0.37467408808820823,1
1172,RMC_100_00137,0,non_landslide,65_26,3,65.48156974178737,26.973039299793786,raster-matched control,conventional_alphaearth_embeddings,Conventional + AlphaEarth Embeddings,0.0800988437533746,0.5024470513377632,0
1173,RMC_100_00124,0,non_landslide,67_26,5,67.53197437779018,26.092690321356656,raster-matched control,conventional_alphaearth_embeddings,Conventional + AlphaEarth Embeddings,0.09305532837678167,0.2084914554893409,0
1174,CPEC_ROCKFALL_0801,1,rockfall,72_35,3,72.56254120542786,35.52050783108658,KP-AJK,conventional_alphaearth_embeddings,Conventional + AlphaEarth Embeddings,0.9646231965892892,0.5024470513377632,1
1175,CPEC_ROCKFALL_0024,1,rockfall,75_37,5,75.7133821417022,37.840408663354445,"Kashgar (Xinjiang, China)",conventional_alphaearth_embeddings,Conventional + AlphaEarth Embeddings,0.14676956646563627,0.2084914554893409,0
1176,RMC_100_00561,0,non_landslide,69_30,5,69.65424423652254,30.47646890785992,raster-matched control,conventional_alphaearth_embeddings,Conventional + AlphaEarth Embeddings,0.9581104152640066,0.2084914554893409,1
1177,CPEC_ROCKFALL_0052,1,rockfall,63_27,3,63.40870682156886,27.217831115410384,Balochistan,conventional_alphaearth_embeddings,Conventional + AlphaEarth Embeddings,0.9679005358163834,0.5024470513377632,1
1178,CPEC_ROCKFALL_0083,1,rockfall,65_26,3,65.4995347145191,26.96405475625668,Balochistan,conventional_alphaearth_embeddings,Conventional + AlphaEarth Embeddings,0.9879995253771717,0.5024470513377632,1
1179,CPEC_ROCKFALL_0480,1,rockfall,68_29,2,68.71101496601925,29.409720074635924,Balochistan,conventional_alphaearth_embeddings,Conventional + AlphaEarth Embeddings,0.9717604870421139,0.37467408808820823,1
1180,CPEC_ROCKFALL_0539,1,rockfall,67_29,1,67.92723431475402,29.697180483147367,Balochistan,conventional_alphaearth_embeddings,Conventional + AlphaEarth Embeddings,0.987622129515617,0.3791812820262481,1
1181,CPEC_ROCKFALL_0627,1,rockfall,67_30,3,67.19510789009189,30.27883900186201,Balochistan,conventional_alphaearth_embeddings,Conventional + AlphaEarth Embeddings,0.07382333578340645,0.5024470513377632,0
1182,RMC_100_00366,0,non_landslide,77_37,2,77.15742264713086,37.37777607810815,raster-matched control,conventional_alphaearth_embeddings,Conventional + AlphaEarth Embeddings,0.10541787231661773,0.37467408808820823,0
1183,RMC_100_00690,0,non_landslide,75_37,5,75.1990953277503,37.89430736647687,raster-matched control,conventional_alphaearth_embeddings,Conventional + AlphaEarth Embeddings,0.38382791310298153,0.2084914554893409,1
1184,RMC_100_00587,0,non_landslide,76_37,1,76.20296265775386,37.395742383790534,raster-matched control,conventional_alphaearth_embeddings,Conventional + AlphaEarth Embeddings,0.2498259794407861,0.3791812820262481,0
1185,RMC_100_00374,0,non_landslide,75_38,2,75.49778515972004,38.911649425742226,raster-matched control,conventional_alphaearth_embeddings,Conventional + AlphaEarth Embeddings,0.09956998832097579,0.37467408808820823,0
1186,CPEC_ROCKFALL_0879,1,rockfall,74_38,1,74.9385821199586,38.28282729257419,"Kashgar (Xinjiang, China)",conventional_alphaearth_embeddings,Conventional + AlphaEarth Embeddings,0.9882578648963815,0.3791812820262481,1
1187,CPEC_ROCKFALL_0321,1,rockfall,66_29,5,66.75493218870204,29.616332521947346,Balochistan,conventional_alphaearth_embeddings,Conventional + AlphaEarth Embeddings,0.976240127147365,0.2084914554893409,1
1188,RMC_100_00031,0,non_landslide,66_27,1,66.33272347349062,27.273974919973824,raster-matched control,conventional_alphaearth_embeddings,Conventional + AlphaEarth Embeddings,0.09038183037716692,0.3791812820262481,0
1189,CPEC_ROCKFALL_0621,1,rockfall,67_30,3,67.20857883437435,30.274348687101185,Balochistan,conventional_alphaearth_embeddings,Conventional + AlphaEarth Embeddings,0.9419173899722181,0.5024470513377632,1
1190,RMC_100_00439,0,non_landslide,68_26,1,68.8277941751326,26.923631959167214,raster-matched control,conventional_alphaearth_embeddings,Conventional + AlphaEarth Embeddings,0.06827785667076677,0.3791812820262481,0
1191,RMC_100_00098,0,non_landslide,67_29,1,67.26247979255433,29.571416259109505,raster-matched control,conventional_alphaearth_embeddings,Conventional + AlphaEarth Embeddings,0.08181525802853246,0.3791812820262481,0
1192,RMC_100_00145,0,non_landslide,62_26,5,62.308271000635166,26.483457469948647,raster-matched control,conventional_alphaearth_embeddings,Conventional + AlphaEarth Embeddings,0.11023444544883595,0.2084914554893409,0
1193,CPEC_ROCKFALL_0927,1,rockfall,75_38,2,75.49329429100727,38.88694630329503,"Kashgar (Xinjiang, China)",conventional_alphaearth_embeddings,Conventional + AlphaEarth Embeddings,0.8738700468452875,0.37467408808820823,1
1194,RMC_100_00576,0,non_landslide,73_35,4,73.7078919561119,35.53173816924253,raster-matched control,conventional_alphaearth_embeddings,Conventional + AlphaEarth Embeddings,0.10326978947768663,0.20592228862794998,0
1195,CPEC_ROCKFALL_0598,1,rockfall,66_29,5,66.89641500602683,29.95769008489178,Balochistan,conventional_alphaearth_embeddings,Conventional + AlphaEarth Embeddings,0.9658776277659589,0.2084914554893409,1
1196,RMC_100_00140,0,non_landslide,64_26,2,64.03303634614464,26.101673474197852,raster-matched control,conventional_alphaearth_embeddings,Conventional + AlphaEarth Embeddings,0.0843094695045188,0.37467408808820823,0
1197,CPEC_ROCKFALL_0901,1,rockfall,75_38,2,75.3720201196567,38.81507897161664,"Kashgar (Xinjiang, China)",conventional_alphaearth_embeddings,Conventional + AlphaEarth Embeddings,0.9711294803059985,0.37467408808820823,1
1198,RMC_100_00643,0,non_landslide,65_27,5,65.88581161964116,27.824193031497032,raster-matched control,conventional_alphaearth_embeddings,Conventional + AlphaEarth Embeddings,0.09689177053637267,0.2084914554893409,0
1199,RMC_100_00127,0,non_landslide,68_28,5,68.88393888039006,28.8258145732903,raster-matched control,conventional_alphaearth_embeddings,Conventional + AlphaEarth Embeddings,0.10896642939605816,0.2084914554893409,0
1200,RMC_100_00492,0,non_landslide,69_31,2,69.99784983269826,31.41520837976482,raster-matched control,conventional_alphaearth_embeddings,Conventional + AlphaEarth Embeddings,0.7384828210895782,0.37467408808820823,1
1201,RMC_100_00022,0,non_landslide,66_25,2,66.88967894964472,25.14496769661056,raster-matched control,conventional_alphaearth_embeddings,Conventional + AlphaEarth Embeddings,0.6502703195065261,0.37467408808820823,1
1202,RMC_100_00037,0,non_landslide,66_27,1,66.27433298002285,27.161685509458884,raster-matched control,conventional_alphaearth_embeddings,Conventional + AlphaEarth Embeddings,0.09361236577227286,0.3791812820262481,0
1203,RMC_100_00001,0,non_landslide,75_37,5,75.9604175310416,37.24302878549022,raster-matched control,conventional_alphaearth_embeddings,Conventional + AlphaEarth Embeddings,0.897826116071916,0.2084914554893409,1
1204,CPEC_ROCKFALL_0793,1,rockfall,76_35,2,76.13334473801679,35.20385368797823,Gilgit-Baltistan,conventional_alphaearth_embeddings,Conventional + AlphaEarth Embeddings,0.9714942119771064,0.37467408808820823,1
1205,RMC_100_00526,0,non_landslide,66_26,4,66.52810704778662,26.148835026614126,raster-matched control,conventional_alphaearth_embeddings,Conventional + AlphaEarth Embeddings,0.27941293686673296,0.20592228862794998,1
1206,CPEC_ROCKFALL_0487,1,rockfall,68_29,2,68.6795738444914,29.398492058183344,Balochistan,conventional_alphaearth_embeddings,Conventional + AlphaEarth Embeddings,0.8996861870554319,0.37467408808820823,1
1207,CPEC_ROCKFALL_0419,1,rockfall,70_29,4,70.01806220770425,29.50628636704935,Punjab-Sindh lowland corridor,conventional_alphaearth_embeddings,Conventional + AlphaEarth Embeddings,0.9846896915112421,0.20592228862794998,1
1208,CPEC_ROCKFALL_0272,1,rockfall,66_27,1,66.28331536578433,27.087576314538182,Balochistan,conventional_alphaearth_embeddings,Conventional + AlphaEarth Embeddings,0.9865176227135646,0.3791812820262481,1
1209,RMC_100_00105,0,non_landslide,66_27,1,66.9435778666919,27.64228418646283,raster-matched control,conventional_alphaearth_embeddings,Conventional + AlphaEarth Embeddings,0.23175852294763982,0.3791812820262481,0
1210,CPEC_ROCKFALL_0409,1,rockfall,67_26,5,67.16366676856406,26.950579352873167,Balochistan,conventional_alphaearth_embeddings,Conventional + AlphaEarth Embeddings,0.971957096949703,0.2084914554893409,1
1211,RMC_100_00652,0,non_landslide,74_35,5,74.6241735459138,35.67996019112225,raster-matched control,conventional_alphaearth_embeddings,Conventional + AlphaEarth Embeddings,0.14528523157341075,0.2084914554893409,0
1212,RMC_100_00190,0,non_landslide,67_30,3,67.6757048232493,30.123880158843008,raster-matched control,conventional_alphaearth_embeddings,Conventional + AlphaEarth Embeddings,0.10722737144382019,0.5024470513377632,0
1213,CPEC_ROCKFALL_0582,1,rockfall,67_29,1,67.21981130992799,29.45687952737717,Balochistan,conventional_alphaearth_embeddings,Conventional + AlphaEarth Embeddings,0.9723572527456463,0.3791812820262481,1
1214,CPEC_ROCKFALL_0534,1,rockfall,67_29,1,67.92273954089214,29.69044278145561,Balochistan,conventional_alphaearth_embeddings,Conventional + AlphaEarth Embeddings,0.9853323461944948,0.3791812820262481,1
1215,RMC_100_00545,0,non_landslide,70_32,5,70.02929086764246,32.13386060706044,raster-matched control,conventional_alphaearth_embeddings,Conventional + AlphaEarth Embeddings,0.08337183807460877,0.2084914554893409,0
1216,RMC_100_00624,0,non_landslide,68_30,4,68.33821234528745,30.620199353319045,raster-matched control,conventional_alphaearth_embeddings,Conventional + AlphaEarth Embeddings,0.11477686072472677,0.20592228862794998,0
1217,CPEC_ROCKFALL_0358,1,rockfall,66_27,1,66.51687861986278,27.743345092761096,Balochistan,conventional_alphaearth_embeddings,Conventional + AlphaEarth Embeddings,0.29866239447428206,0.3791812820262481,0
1218,CPEC_ROCKFALL_0854,1,rockfall,74_35,5,74.21319339698825,35.40372843359789,Gilgit-Baltistan,conventional_alphaearth_embeddings,Conventional + AlphaEarth Embeddings,0.9729675623076902,0.2084914554893409,1
1219,RMC_100_00339,0,non_landslide,75_38,2,75.12498431681044,38.74995267460071,raster-matched control,conventional_alphaearth_embeddings,Conventional + AlphaEarth Embeddings,0.08148643760991342,0.37467408808820823,0
1220,CPEC_ROCKFALL_0441,1,rockfall,70_29,4,70.03602792584859,29.54895996413082,Punjab-Sindh lowland corridor,conventional_alphaearth_embeddings,Conventional + AlphaEarth Embeddings,0.974177044833941,0.20592228862794998,1
1221,RMC_100_00533,0,non_landslide,70_32,5,70.06971505542784,32.102419572116254,raster-matched control,conventional_alphaearth_embeddings,Conventional + AlphaEarth Embeddings,0.10481529714217676,0.2084914554893409,0
1222,CPEC_ROCKFALL_0594,1,rockfall,67_29,1,67.19510789009189,29.93748143891756,Balochistan,conventional_alphaearth_embeddings,Conventional + AlphaEarth Embeddings,0.9915200398420283,0.3791812820262481,1
1223,CPEC_ROCKFALL_0360,1,rockfall,66_27,1,66.82005735958762,27.801737021055967,Balochistan,conventional_alphaearth_embeddings,Conventional + AlphaEarth Embeddings,0.9831520285549802,0.3791812820262481,1
1224,CPEC_ROCKFALL_0334,1,rockfall,66_25,2,66.87395897312167,25.100052415693124,Balochistan,conventional_alphaearth_embeddings,Conventional + AlphaEarth Embeddings,0.09423385594237874,0.37467408808820823,0
1225,CPEC_ROCKFALL_0817,1,rockfall,75_35,1,75.83465185395171,35.33186110191951,Gilgit-Baltistan,conventional_alphaearth_embeddings,Conventional + AlphaEarth Embeddings,0.626748297822537,0.3791812820262481,1
1226,CPEC_ROCKFALL_0380,1,rockfall,67_27,2,67.00196638706294,27.954447854833333,Balochistan,conventional_alphaearth_embeddings,Conventional + AlphaEarth Embeddings,0.9437567504497049,0.37467408808820823,1
1227,CPEC_ROCKFALL_0941,1,rockfall,75_38,2,75.50452230745985,38.93635314296721,"Kashgar (Xinjiang, China)",conventional_alphaearth_embeddings,Conventional + AlphaEarth Embeddings,0.9663002494771822,0.37467408808820823,1
1228,RMC_100_00595,0,non_landslide,65_27,5,65.76903063270562,27.386264330488768,raster-matched control,conventional_alphaearth_embeddings,Conventional + AlphaEarth Embeddings,0.11781751048813764,0.2084914554893409,0
1229,RMC_100_00370,0,non_landslide,77_37,2,77.37526410352984,37.63604172229251,raster-matched control,conventional_alphaearth_embeddings,Conventional + AlphaEarth Embeddings,0.09789825312565614,0.37467408808820823,0
1230,RMC_100_00651,0,non_landslide,69_30,5,69.13097558352293,30.936855490971176,raster-matched control,conventional_alphaearth_embeddings,Conventional + AlphaEarth Embeddings,0.10013796585458805,0.2084914554893409,0
1231,RMC_100_00284,0,non_landslide,65_25,1,65.64551228113919,25.93323935842544,raster-matched control,conventional_alphaearth_embeddings,Conventional + AlphaEarth Embeddings,0.09928055862897575,0.3791812820262481,0
1232,CPEC_ROCKFALL_0909,1,rockfall,75_38,2,75.419184031499,38.80834126992489,"Kashgar (Xinjiang, China)",conventional_alphaearth_embeddings,Conventional + AlphaEarth Embeddings,0.8582603632765677,0.37467408808820823,1
1233,CPEC_ROCKFALL_0687,1,rockfall,70_32,5,70.39310827910748,32.93335969538256,KP-AJK,conventional_alphaearth_embeddings,Conventional + AlphaEarth Embeddings,0.9856067773530072,0.2084914554893409,1
1234,RMC_100_00076,0,non_landslide,65_27,5,65.16491360413524,27.404230636171157,raster-matched control,conventional_alphaearth_embeddings,Conventional + AlphaEarth Embeddings,0.12356449919269002,0.2084914554893409,0
1235,CPEC_ROCKFALL_0543,1,rockfall,67_29,1,67.93172462951483,29.703918184839125,Balochistan,conventional_alphaearth_embeddings,Conventional + AlphaEarth Embeddings,0.9639797511933783,0.3791812820262481,1
1236,CPEC_ROCKFALL_0615,1,rockfall,67_30,3,67.20184559178365,30.276591614931068,Balochistan,conventional_alphaearth_embeddings,Conventional + AlphaEarth Embeddings,0.9826094771922592,0.5024470513377632,1
1237,CPEC_ROCKFALL_0577,1,rockfall,67_29,1,67.21981130992799,29.463617229068923,Balochistan,conventional_alphaearth_embeddings,Conventional + AlphaEarth Embeddings,0.9875761856388139,0.3791812820262481,1
1238,RMC_100_00172,0,non_landslide,68_28,5,68.25511818150639,28.340724319865757,raster-matched control,conventional_alphaearth_embeddings,Conventional + AlphaEarth Embeddings,0.07449053962903099,0.2084914554893409,0
1239,CPEC_ROCKFALL_0108,1,rockfall,65_27,5,65.81394592979757,27.44914698255789,Balochistan,conventional_alphaearth_embeddings,Conventional + AlphaEarth Embeddings,0.9619735376732977,0.2084914554893409,1
1240,RMC_100_00400,0,non_landslide,74_35,5,74.36141632530884,35.75631699027241,raster-matched control,conventional_alphaearth_embeddings,Conventional + AlphaEarth Embeddings,0.0971694602509556,0.2084914554893409,0
1241,RMC_100_00204,0,non_landslide,67_29,1,67.20184351087626,29.939725525598504,raster-matched control,conventional_alphaearth_embeddings,Conventional + AlphaEarth Embeddings,0.11174439055930555,0.3791812820262481,0
1242,CPEC_ROCKFALL_0511,1,rockfall,67_29,1,67.89354580629524,29.663491974688583,Balochistan,conventional_alphaearth_embeddings,Conventional + AlphaEarth Embeddings,0.8269773621010765,0.3791812820262481,1
1243,RMC_100_00367,0,non_landslide,75_39,4,75.5741419588702,39.19237295202958,raster-matched control,conventional_alphaearth_embeddings,Conventional + AlphaEarth Embeddings,0.06943569298148625,0.20592228862794998,0
1244,CPEC_ROCKFALL_0433,1,rockfall,70_29,4,70.02929022415682,29.5377274885772,Punjab-Sindh lowland corridor,conventional_alphaearth_embeddings,Conventional + AlphaEarth Embeddings,0.9684704160689728,0.20592228862794998,1
1245,RMC_100_00680,0,non_landslide,74_35,5,74.22442324448062,35.405974029465796,raster-matched control,conventional_alphaearth_embeddings,Conventional + AlphaEarth Embeddings,0.1176264428404952,0.2084914554893409,0
1246,RMC_100_00541,0,non_landslide,65_25,1,65.7982258794395,25.984892487262314,raster-matched control,conventional_alphaearth_embeddings,Conventional + AlphaEarth Embeddings,0.09451181421086279,0.3791812820262481,0
1247,CPEC_ROCKFALL_0636,1,rockfall,68_29,2,68.09566793884582,29.93298666505569,Balochistan,conventional_alphaearth_embeddings,Conventional + AlphaEarth Embeddings,0.9742596419560376,0.37467408808820823,1
1248,RMC_100_00438,0,non_landslide,64_25,5,64.85499483111401,25.573913244777632,raster-matched control,conventional_alphaearth_embeddings,Conventional + AlphaEarth Embeddings,0.11740365287447681,0.2084914554893409,0
1249,RMC_100_00436,0,non_landslide,65_26,3,65.87009110216907,26.173538696927412,raster-matched control,conventional_alphaearth_embeddings,Conventional + AlphaEarth Embeddings,0.21779526738505212,0.5024470513377632,0
1250,CPEC_ROCKFALL_0394,1,rockfall,66_25,2,66.91438072417115,25.147211868434365,Balochistan,conventional_alphaearth_embeddings,Conventional + AlphaEarth Embeddings,0.9486624182418582,0.37467408808820823,1
1251,CPEC_ROCKFALL_0365,1,rockfall,66_27,1,66.90989040941034,27.85338678855804,Balochistan,conventional_alphaearth_embeddings,Conventional + AlphaEarth Embeddings,0.9836673464464506,0.3791812820262481,1
1252,CPEC_ROCKFALL_0495,1,rockfall,68_29,2,68.55156197144908,29.315396710052383,Balochistan,conventional_alphaearth_embeddings,Conventional + AlphaEarth Embeddings,0.9540341039640089,0.37467408808820823,1
1253,CPEC_ROCKFALL_0006,1,rockfall,76_38,3,76.00308547804353,38.404101463924746,"Kashgar (Xinjiang, China)",conventional_alphaearth_embeddings,Conventional + AlphaEarth Embeddings,0.10649437172937616,0.5024470513377632,0
1254,CPEC_ROCKFALL_0634,1,rockfall,68_29,2,68.0979108666757,29.92849635029487,Balochistan,conventional_alphaearth_embeddings,Conventional + AlphaEarth Embeddings,0.941104770298746,0.37467408808820823,1
1255,RMC_100_00552,0,non_landslide,70_32,5,70.02030771480125,32.13835218348103,raster-matched control,conventional_alphaearth_embeddings,Conventional + AlphaEarth Embeddings,0.09831684531371294,0.2084914554893409,0
1256,RMC_100_00566,0,non_landslide,70_29,4,70.03827402048364,29.955446043070598,raster-matched control,conventional_alphaearth_embeddings,Conventional + AlphaEarth Embeddings,0.10972590217323,0.20592228862794998,0
1257,RMC_100_00481,0,non_landslide,67_30,3,67.8576136682835,30.671852482155916,raster-matched control,conventional_alphaearth_embeddings,Conventional + AlphaEarth Embeddings,0.06258844000675505,0.5024470513377632,0
1258,RMC_100_00117,0,non_landslide,66_26,4,66.79760163302247,26.08370716851546,raster-matched control,conventional_alphaearth_embeddings,Conventional + AlphaEarth Embeddings,0.45839834679175306,0.20592228862794998,1
1259,CPEC_ROCKFALL_0342,1,rockfall,66_27,1,66.35742562529262,27.73885477800027,Balochistan,conventional_alphaearth_embeddings,Conventional + AlphaEarth Embeddings,0.9804110498784695,0.3791812820262481,1
1260,CPEC_ROCKFALL_0001,1,rockfall,73_35,4,73.22504768534253,35.28245426224732,KP-AJK,conventional_alphaearth_embeddings,Conventional + AlphaEarth Embeddings,0.9915591926790516,0.20592228862794998,1
1261,RMC_100_00572,0,non_landslide,73_33,5,73.38000687740826,33.649767649012134,raster-matched control,conventional_alphaearth_embeddings,Conventional + AlphaEarth Embeddings,0.8775095971360211,0.2084914554893409,1
1262,RMC_100_00086,0,non_landslide,66_27,1,66.72798219850321,27.45363797679773,raster-matched control,conventional_alphaearth_embeddings,Conventional + AlphaEarth Embeddings,0.08570864760728536,0.3791812820262481,0
1263,CPEC_ROCKFALL_0311,1,rockfall,66_27,1,66.56179514477414,27.59961488850537,Balochistan,conventional_alphaearth_embeddings,Conventional + AlphaEarth Embeddings,0.9856208992970317,0.3791812820262481,1
1264,RMC_100_00251,0,non_landslide,69_29,3,69.9619172213335,29.629806752577274,raster-matched control,conventional_alphaearth_embeddings,Conventional + AlphaEarth Embeddings,0.06887946975024865,0.5024470513377632,0
1265,RMC_100_00542,0,non_landslide,65_25,1,65.94644790131923,25.919764629163648,raster-matched control,conventional_alphaearth_embeddings,Conventional + AlphaEarth Embeddings,0.07092968492335255,0.3791812820262481,0
1266,RMC_100_00511,0,non_landslide,63_27,3,63.64226919755265,27.390755906909362,raster-matched control,conventional_alphaearth_embeddings,Conventional + AlphaEarth Embeddings,0.11229149551272445,0.5024470513377632,0
1267,CPEC_ROCKFALL_0850,1,rockfall,74_35,5,74.61294288822755,35.74733338347328,Gilgit-Baltistan,conventional_alphaearth_embeddings,Conventional + AlphaEarth Embeddings,0.978218047872974,0.2084914554893409,1
1268,RMC_100_00064,0,non_landslide,74_35,5,74.55679989960484,35.491313981457154,raster-matched control,conventional_alphaearth_embeddings,Conventional + AlphaEarth Embeddings,0.09570737759919778,0.2084914554893409,0
1269,RMC_100_00028,0,non_landslide,66_26,4,66.28556192107435,26.99998875831737,raster-matched control,conventional_alphaearth_embeddings,Conventional + AlphaEarth Embeddings,0.06945934466668184,0.20592228862794998,0
1270,CPEC_ROCKFALL_0408,1,rockfall,67_26,5,67.15917199470218,26.934861021659763,Balochistan,conventional_alphaearth_embeddings,Conventional + AlphaEarth Embeddings,0.36902633554686304,0.2084914554893409,1
1271,RMC_100_00602,0,non_landslide,65_28,2,65.66347858682158,28.255384367874406,raster-matched control,conventional_alphaearth_embeddings,Conventional + AlphaEarth Embeddings,0.06796066990630144,0.37467408808820823,0
1272,CPEC_ROCKFALL_0068,1,rockfall,64_26,2,64.0128258322897,26.12188663579762,Balochistan,conventional_alphaearth_embeddings,Conventional + AlphaEarth Embeddings,0.8861490221750994,0.37467408808820823,1
1273,CPEC_ROCKFALL_0477,1,rockfall,68_29,2,68.71550528078006,29.41196746156686,Balochistan,conventional_alphaearth_embeddings,Conventional + AlphaEarth Embeddings,0.9673283196133619,0.37467408808820823,1
1274,RMC_100_00483,0,non_landslide,67_30,3,67.35455710917658,30.04303178327225,raster-matched control,conventional_alphaearth_embeddings,Conventional + AlphaEarth Embeddings,0.0770302898396619,0.5024470513377632,0
1275,RMC_100_00234,0,non_landslide,74_38,1,74.97227071851012,38.14358985782004,raster-matched control,conventional_alphaearth_embeddings,Conventional + AlphaEarth Embeddings,0.09425163202618667,0.3791812820262481,0
1276,RMC_100_00286,0,non_landslide,67_26,5,67.03790097152445,26.618204762566577,raster-matched control,conventional_alphaearth_embeddings,Conventional + AlphaEarth Embeddings,0.1189244218210741,0.2084914554893409,0
1277,RMC_100_00335,0,non_landslide,75_38,2,75.16091692817523,38.752198462811016,raster-matched control,conventional_alphaearth_embeddings,Conventional + AlphaEarth Embeddings,0.07566496198367009,0.37467408808820823,0
1278,RMC_100_00081,0,non_landslide,77_39,1,77.77726019317333,39.86386362690892,raster-matched control,conventional_alphaearth_embeddings,Conventional + AlphaEarth Embeddings,0.7122725568398398,0.3791812820262481,1
1279,RMC_100_00189,0,non_landslide,65_26,3,65.33783929632826,26.23417497860548,raster-matched control,conventional_alphaearth_embeddings,Conventional + AlphaEarth Embeddings,0.13257834720613784,0.5024470513377632,0
1280,CPEC_ROCKFALL_0420,1,rockfall,70_29,4,70.01806220770425,29.50179605228853,Punjab-Sindh lowland corridor,conventional_alphaearth_embeddings,Conventional + AlphaEarth Embeddings,0.9815269376310066,0.20592228862794998,1
1281,RMC_100_00459,0,non_landslide,66_26,4,66.77738953912979,26.9460898412702,raster-matched control,conventional_alphaearth_embeddings,Conventional + AlphaEarth Embeddings,0.1380421422874589,0.20592228862794998,0
1282,RMC_100_00252,0,non_landslide,64_26,2,64.03752792256525,26.804605184021376,raster-matched control,conventional_alphaearth_embeddings,Conventional + AlphaEarth Embeddings,0.09608838675494555,0.37467408808820823,0
1283,CPEC_ROCKFALL_0526,1,rockfall,67_29,1,67.90926859660968,29.676967378072103,Balochistan,conventional_alphaearth_embeddings,Conventional + AlphaEarth Embeddings,0.9787525378615345,0.3791812820262481,1
1284,RMC_100_00169,0,non_landslide,66_26,4,66.10589886425043,26.3846427886955,raster-matched control,conventional_alphaearth_embeddings,Conventional + AlphaEarth Embeddings,0.46622326466280223,0.20592228862794998,1
1285,CPEC_ROCKFALL_0646,1,rockfall,68_30,4,68.15855018190152,30.04303281995368,Balochistan,conventional_alphaearth_embeddings,Conventional + AlphaEarth Embeddings,0.5267866148213132,0.20592228862794998,1
1286,CPEC_ROCKFALL_0098,1,rockfall,65_27,5,65.73309796859755,27.2852036732269,Balochistan,conventional_alphaearth_embeddings,Conventional + AlphaEarth Embeddings,0.979610814941613,0.2084914554893409,1
1287,CPEC_ROCKFALL_0465,1,rockfall,69_28,1,69.17364670031426,28.863992992209944,Balochistan,conventional_alphaearth_embeddings,Conventional + AlphaEarth Embeddings,0.9723150570340409,0.3791812820262481,1
1288,RMC_100_00209,0,non_landslide,72_33,4,72.82978876588506,33.49031668608092,raster-matched control,conventional_alphaearth_embeddings,Conventional + AlphaEarth Embeddings,0.3651143877405275,0.20592228862794998,1
1289,CPEC_ROCKFALL_0323,1,rockfall,66_25,2,66.85149848111547,25.052888503850827,Balochistan,conventional_alphaearth_embeddings,Conventional + AlphaEarth Embeddings,0.962193490803551,0.37467408808820823,1
1290,RMC_100_00021,0,non_landslide,65_29,4,65.96665999521191,29.3895074140753,raster-matched control,conventional_alphaearth_embeddings,Conventional + AlphaEarth Embeddings,0.0719472679099381,0.20592228862794998,0
1291,CPEC_ROCKFALL_0294,1,rockfall,66_27,1,66.44950606204627,27.53898003238061,Balochistan,conventional_alphaearth_embeddings,Conventional + AlphaEarth Embeddings,0.9572682397951857,0.3791812820262481,1
1292,RMC_100_00422,0,non_landslide,64_25,5,64.95830108878775,25.74683893697064,raster-matched control,conventional_alphaearth_embeddings,Conventional + AlphaEarth Embeddings,0.1096873461963309,0.2084914554893409,0
1293,RMC_100_00575,0,non_landslide,73_35,4,73.92124183609027,35.48457661682625,raster-matched control,conventional_alphaearth_embeddings,Conventional + AlphaEarth Embeddings,0.12021709332311964,0.20592228862794998,0
1294,RMC_100_00412,0,non_landslide,65_26,3,65.17389675697643,26.267861801759963,raster-matched control,conventional_alphaearth_embeddings,Conventional + AlphaEarth Embeddings,0.07687988854857672,0.5024470513377632,0
1295,CPEC_ROCKFALL_0201,1,rockfall,65_26,3,65.7016568470697,26.303795663272943,Balochistan,conventional_alphaearth_embeddings,Conventional + AlphaEarth Embeddings,0.983367284066584,0.5024470513377632,1
1296,CPEC_ROCKFALL_0953,1,rockfall,75_38,2,75.49329429100727,38.9453382315899,"Kashgar (Xinjiang, China)",conventional_alphaearth_embeddings,Conventional + AlphaEarth Embeddings,0.3507987445554633,0.37467408808820823,0
1297,RMC_100_00263,0,non_landslide,67_29,1,67.44663442579883,29.55569574163741,raster-matched control,conventional_alphaearth_embeddings,Conventional + AlphaEarth Embeddings,0.08619948845331304,0.3791812820262481,0
1298,CPEC_ROCKFALL_0507,1,rockfall,68_29,2,68.48194202670163,29.33560981512765,Balochistan,conventional_alphaearth_embeddings,Conventional + AlphaEarth Embeddings,0.9571197890735468,0.37467408808820823,1
1299,CPEC_ROCKFALL_0842,1,rockfall,74_35,5,74.50963889412238,35.857379538371255,Gilgit-Baltistan,conventional_alphaearth_embeddings,Conventional + AlphaEarth Embeddings,0.9820386382630735,0.2084914554893409,1
1300,CPEC_ROCKFALL_0398,1,rockfall,67_25,3,67.88680810460349,25.86361996188309,Punjab-Sindh lowland corridor,conventional_alphaearth_embeddings,Conventional + AlphaEarth Embeddings,0.9842215842894528,0.5024470513377632,1
1301,CPEC_ROCKFALL_0790,1,rockfall,76_35,2,76.13334473801679,35.19262567152566,Gilgit-Baltistan,conventional_alphaearth_embeddings,Conventional + AlphaEarth Embeddings,0.5712326963968948,0.37467408808820823,1
1302,CPEC_ROCKFALL_0231,1,rockfall,66_26,4,66.17102628305646,26.162308386847105,Balochistan,conventional_alphaearth_embeddings,Conventional + AlphaEarth Embeddings,0.9819684264849871,0.20592228862794998,1
1303,RMC_100_00107,0,non_landslide,69_31,2,69.78674574093019,31.927248091712947,raster-matched control,conventional_alphaearth_embeddings,Conventional + AlphaEarth Embeddings,0.08293372750228935,0.37467408808820823,0
1304,CPEC_ROCKFALL_0081,1,rockfall,65_28,2,65.95093843236154,28.147584898761227,Balochistan,conventional_alphaearth_embeddings,Conventional + AlphaEarth Embeddings,0.808626136561296,0.37467408808820823,1
1305,RMC_100_00488,0,non_landslide,68_30,4,68.37639074486253,30.77965031625026,raster-matched control,conventional_alphaearth_embeddings,Conventional + AlphaEarth Embeddings,0.07512671331115468,0.20592228862794998,0
1306,RMC_100_00133,0,non_landslide,68_29,2,68.49092594358777,29.03242708863779,raster-matched control,conventional_alphaearth_embeddings,Conventional + AlphaEarth Embeddings,0.08119468718871302,0.37467408808820823,0
1307,RMC_100_00660,0,non_landslide,70_32,5,70.44925326296833,32.9670480330813,raster-matched control,conventional_alphaearth_embeddings,Conventional + AlphaEarth Embeddings,0.11338078620271579,0.2084914554893409,0
1308,RMC_100_00096,0,non_landslide,66_27,1,66.08344098214745,27.85563406644122,raster-matched control,conventional_alphaearth_embeddings,Conventional + AlphaEarth Embeddings,0.18741257111390403,0.3791812820262481,0
1309,CPEC_ROCKFALL_0583,1,rockfall,67_29,1,67.21756392299704,29.45463659954728,Balochistan,conventional_alphaearth_embeddings,Conventional + AlphaEarth Embeddings,0.9797030835096185,0.3791812820262481,1
1310,RMC_100_00227,0,non_landslide,71_35,2,71.6440125908473,35.7742832959548,raster-matched control,conventional_alphaearth_embeddings,Conventional + AlphaEarth Embeddings,0.1045885666256905,0.37467408808820823,0
1311,RMC_100_00007,0,non_landslide,78_41,1,78.70701651223703,41.07209768404968,raster-matched control,conventional_alphaearth_embeddings,Conventional + AlphaEarth Embeddings,0.08518400646146954,0.3791812820262481,0
1312,CPEC_ROCKFALL_0410,1,rockfall,67_26,5,67.15019136518053,26.867488463843248,Balochistan,conventional_alphaearth_embeddings,Conventional + AlphaEarth Embeddings,0.8511498656004864,0.2084914554893409,1
1313,RMC_100_00269,0,non_landslide,68_29,2,68.2483808168755,29.919513431705816,raster-matched control,conventional_alphaearth_embeddings,Conventional + AlphaEarth Embeddings,0.08019919399027814,0.37467408808820823,0
1314,RMC_100_00434,0,non_landslide,62_26,5,62.34644940021025,26.258878648918767,raster-matched control,conventional_alphaearth_embeddings,Conventional + AlphaEarth Embeddings,0.1011863857872254,0.2084914554893409,0
1315,RMC_100_00677,0,non_landslide,73_35,4,73.23403064373885,35.45762715830267,raster-matched control,conventional_alphaearth_embeddings,Conventional + AlphaEarth Embeddings,0.12798815343990647,0.20592228862794998,0
1316,RMC_100_00195,0,non_landslide,63_26,1,63.83765277184865,26.02531667504769,raster-matched control,conventional_alphaearth_embeddings,Conventional + AlphaEarth Embeddings,0.07261657015768157,0.3791812820262481,0
1317,RMC_100_00108,0,non_landslide,66_27,1,66.32598610885972,27.55245265805088,raster-matched control,conventional_alphaearth_embeddings,Conventional + AlphaEarth Embeddings,0.13412022333202112,0.3791812820262481,0
1318,RMC_100_00642,0,non_landslide,67_30,3,67.25125085150283,30.413586837971554,raster-matched control,conventional_alphaearth_embeddings,Conventional + AlphaEarth Embeddings,0.08905421942848735,0.5024470513377632,0
1319,RMC_100_00341,0,non_landslide,74_36,2,74.56353726423573,36.25263618474845,raster-matched control,conventional_alphaearth_embeddings,Conventional + AlphaEarth Embeddings,0.8666558550944105,0.37467408808820823,1
1320,CPEC_ROCKFALL_0110,1,rockfall,65_27,5,65.82293101842026,27.46486531377129,Balochistan,conventional_alphaearth_embeddings,Conventional + AlphaEarth Embeddings,0.9826469732328104,0.2084914554893409,1
1321,CPEC_ROCKFALL_0827,1,rockfall,74_35,5,74.71625134143379,35.540720936161854,Gilgit-Baltistan,conventional_alphaearth_embeddings,Conventional + AlphaEarth Embeddings,0.9647521553371456,0.2084914554893409,1
1322,RMC_100_00012,0,non_landslide,63_26,1,63.954433758784184,26.44303328216327,raster-matched control,conventional_alphaearth_embeddings,Conventional + AlphaEarth Embeddings,0.06835773320899197,0.3791812820262481,0
1323,RMC_100_00473,0,non_landslide,65_28,2,65.19860042728972,28.780898809084324,raster-matched control,conventional_alphaearth_embeddings,Conventional + AlphaEarth Embeddings,0.10890719638589504,0.37467408808820823,0
1324,RMC_100_00433,0,non_landslide,65_26,3,65.76004747986443,26.548585328047313,raster-matched control,conventional_alphaearth_embeddings,Conventional + AlphaEarth Embeddings,0.06585911499853675,0.5024470513377632,0
1325,RMC_100_00004,0,non_landslide,76_37,1,76.5038982779339,37.86511211974299,raster-matched control,conventional_alphaearth_embeddings,Conventional + AlphaEarth Embeddings,0.11374289855059617,0.3791812820262481,0
1326,CPEC_ROCKFALL_0723,1,rockfall,72_33,4,72.91737417175581,33.82942942937566,KP-AJK,conventional_alphaearth_embeddings,Conventional + AlphaEarth Embeddings,0.8783192824424326,0.20592228862794998,1
1327,RMC_100_00408,0,non_landslide,63_26,1,63.431165105784565,26.957318782321696,raster-matched control,conventional_alphaearth_embeddings,Conventional + AlphaEarth Embeddings,0.09890290886077202,0.3791812820262481,0
1328,RMC_100_00277,0,non_landslide,68_29,2,68.15854928846355,29.829681903293867,raster-matched control,conventional_alphaearth_embeddings,Conventional + AlphaEarth Embeddings,0.8319404308656565,0.37467408808820823,1
1329,RMC_100_00443,0,non_landslide,66_28,3,66.38213081411719,28.09593340494319,raster-matched control,conventional_alphaearth_embeddings,Conventional + AlphaEarth Embeddings,0.08357798953342492,0.5024470513377632,0
1330,RMC_100_00691,0,non_landslide,75_37,5,75.15193377533402,37.921256825000455,raster-matched control,conventional_alphaearth_embeddings,Conventional + AlphaEarth Embeddings,0.0871147050783797,0.2084914554893409,0
1331,CPEC_ROCKFALL_0346,1,rockfall,66_27,1,66.36192039915449,27.7343600041384,Balochistan,conventional_alphaearth_embeddings,Conventional + AlphaEarth Embeddings,0.987943096358747,0.3791812820262481,1
1332,CPEC_ROCKFALL_0050,1,rockfall,63_27,3,63.264976617313145,27.291941374918657,Balochistan,conventional_alphaearth_embeddings,Conventional + AlphaEarth Embeddings,0.08755507542578952,0.5024470513377632,0
1333,CPEC_ROCKFALL_0071,1,rockfall,63_26,1,63.96341899261753,26.07697011088626,Balochistan,conventional_alphaearth_embeddings,Conventional + AlphaEarth Embeddings,0.9833858456610283,0.3791812820262481,1
1334,RMC_100_00573,0,non_landslide,73_33,5,73.39123581845976,33.092812172858025,raster-matched control,conventional_alphaearth_embeddings,Conventional + AlphaEarth Embeddings,0.10128765823459446,0.2084914554893409,0
1335,RMC_100_00553,0,non_landslide,66_26,4,66.13284832277402,26.714773655609424,raster-matched control,conventional_alphaearth_embeddings,Conventional + AlphaEarth Embeddings,0.0764662031383488,0.20592228862794998,0
1336,RMC_100_00528,0,non_landslide,66_26,4,66.21594248655508,26.59125530404299,raster-matched control,conventional_alphaearth_embeddings,Conventional + AlphaEarth Embeddings,0.08805431719518429,0.20592228862794998,0
1337,RMC_100_00047,0,non_landslide,78_39,2,78.46671717373505,39.98962776668566,raster-matched control,conventional_alphaearth_embeddings,Conventional + AlphaEarth Embeddings,0.08914090009379458,0.37467408808820823,0
1338,RMC_100_00485,0,non_landslide,67_30,3,67.51400807210779,30.543842554168883,raster-matched control,conventional_alphaearth_embeddings,Conventional + AlphaEarth Embeddings,0.13763199523920436,0.5024470513377632,0
1339,RMC_100_00276,0,non_landslide,66_26,4,66.5617938709411,26.85625831285825,raster-matched control,conventional_alphaearth_embeddings,Conventional + AlphaEarth Embeddings,0.08659612302987296,0.20592228862794998,0
1340,CPEC_ROCKFALL_0596,1,rockfall,67_29,1,67.16590969639394,29.93523405198663,Balochistan,conventional_alphaearth_embeddings,Conventional + AlphaEarth Embeddings,0.9895652897064665,0.3791812820262481,1
1341,RMC_100_00232,0,non_landslide,76_37,1,76.00084171882698,37.065611516876615,raster-matched control,conventional_alphaearth_embeddings,Conventional + AlphaEarth Embeddings,0.639707817019871,0.3791812820262481,1
1342,CPEC_ROCKFALL_0345,1,rockfall,66_27,1,66.35967301222354,27.73660739106933,Balochistan,conventional_alphaearth_embeddings,Conventional + AlphaEarth Embeddings,0.9728768294678737,0.3791812820262481,1
1343,CPEC_ROCKFALL_0009,1,rockfall,75_37,5,75.6752033184826,37.81345785658741,"Kashgar (Xinjiang, China)",conventional_alphaearth_embeddings,Conventional + AlphaEarth Embeddings,0.4621025153020058,0.2084914554893409,1
1344,RMC_100_00122,0,non_landslide,66_26,4,66.86497527933143,26.55307690446791,raster-matched control,conventional_alphaearth_embeddings,Conventional + AlphaEarth Embeddings,0.09865444024464444,0.20592228862794998,0
1345,CPEC_ROCKFALL_0592,1,rockfall,67_29,1,67.41968605554764,29.614085135016403,Balochistan,conventional_alphaearth_embeddings,Conventional + AlphaEarth Embeddings,0.9892768690492816,0.3791812820262481,1
1346,CPEC_ROCKFALL_0274,1,rockfall,66_27,1,66.28331536578433,27.089819242368065,Balochistan,conventional_alphaearth_embeddings,Conventional + AlphaEarth Embeddings,0.9888398787499348,0.3791812820262481,1
1347,RMC_100_00333,0,non_landslide,75_40,1,75.47981885403765,40.01657722520924,raster-matched control,conventional_alphaearth_embeddings,Conventional + AlphaEarth Embeddings,0.09320063809969213,0.3791812820262481,0
1348,CPEC_ROCKFALL_0954,1,rockfall,75_38,2,75.50901262222067,38.952071474180606,"Kashgar (Xinjiang, China)",conventional_alphaearth_embeddings,Conventional + AlphaEarth Embeddings,0.8423641870264099,0.37467408808820823,1
1349,RMC_100_00410,0,non_landslide,65_26,3,65.51301077673156,26.982022452634983,raster-matched control,conventional_alphaearth_embeddings,Conventional + AlphaEarth Embeddings,0.05271340651017871,0.5024470513377632,0
1350,RMC_100_00419,0,non_landslide,65_25,1,65.4299166129505,25.847899406434088,raster-matched control,conventional_alphaearth_embeddings,Conventional + AlphaEarth Embeddings,0.07508227040771227,0.3791812820262481,0
1351,CPEC_ROCKFALL_0023,1,rockfall,76_37,1,76.18948927938072,37.65849963587912,"Kashgar (Xinjiang, China)",conventional_alphaearth_embeddings,Conventional + AlphaEarth Embeddings,0.9888756663838448,0.3791812820262481,1
1352,CPEC_ROCKFALL_0929,1,rockfall,75_38,2,75.49329429100727,38.889193690225966,"Kashgar (Xinjiang, China)",conventional_alphaearth_embeddings,Conventional + AlphaEarth Embeddings,0.9572623943476825,0.37467408808820823,1
1353,CPEC_ROCKFALL_0565,1,rockfall,67_29,1,67.55892594504255,29.656754272996825,Balochistan,conventional_alphaearth_embeddings,Conventional + AlphaEarth Embeddings,0.9836652852507366,0.3791812820262481,1
1354,RMC_100_00671,0,non_landslide,73_35,4,73.95043708282417,35.491313981457154,raster-matched control,conventional_alphaearth_embeddings,Conventional + AlphaEarth Embeddings,0.540045748531466,0.20592228862794998,1
1355,CPEC_ROCKFALL_0210,1,rockfall,65_26,3,65.68144374199443,26.281335171266733,Balochistan,conventional_alphaearth_embeddings,Conventional + AlphaEarth Embeddings,0.9841381595200234,0.5024470513377632,1
1356,CPEC_ROCKFALL_0014,1,rockfall,75_37,5,75.91999458901361,37.82244294521011,"Kashgar (Xinjiang, China)",conventional_alphaearth_embeddings,Conventional + AlphaEarth Embeddings,0.9824692110043508,0.2084914554893409,1
1357,CPEC_ROCKFALL_0429,1,rockfall,70_29,4,70.02479990939601,29.5220091573638,Punjab-Sindh lowland corridor,conventional_alphaearth_embeddings,Conventional + AlphaEarth Embeddings,0.9825425902811726,0.20592228862794998,1
1358,RMC_100_00082,0,non_landslide,77_39,1,77.75929388749094,39.875092567960415,raster-matched control,conventional_alphaearth_embeddings,Conventional + AlphaEarth Embeddings,0.13977374243173302,0.3791812820262481,0
1359,CPEC_ROCKFALL_0393,1,rockfall,66_29,5,66.64264310597416,29.3198870248132,Balochistan,conventional_alphaearth_embeddings,Conventional + AlphaEarth Embeddings,0.9809541349644048,0.2084914554893409,1
1360,CPEC_ROCKFALL_0867,1,rockfall,73_35,4,73.5776377238406,35.536230621401025,KP-AJK,conventional_alphaearth_embeddings,Conventional + AlphaEarth Embeddings,0.9837046517232421,0.20592228862794998,1
1361,RMC_100_00405,0,non_landslide,68_30,4,68.57851168378943,30.121634370632712,raster-matched control,conventional_alphaearth_embeddings,Conventional + AlphaEarth Embeddings,0.06300168308135938,0.20592228862794998,0
1362,CPEC_ROCKFALL_0471,1,rockfall,69_29,3,69.1669089986225,29.0728528264523,Balochistan,conventional_alphaearth_embeddings,Conventional + AlphaEarth Embeddings,0.9578062929641594,0.5024470513377632,1
1363,RMC_100_00425,0,non_landslide,65_26,3,65.76229326807473,26.452016435004467,raster-matched control,conventional_alphaearth_embeddings,Conventional + AlphaEarth Embeddings,0.0613039764150931,0.5024470513377632,0
1364,RMC_100_00362,0,non_landslide,77_37,2,77.13271897681757,37.359809772425756,raster-matched control,conventional_alphaearth_embeddings,Conventional + AlphaEarth Embeddings,0.09170693242351442,0.37467408808820823,0
1365,CPEC_ROCKFALL_0215,1,rockfall,65_26,3,65.67021572554187,26.26561684005334,Balochistan,conventional_alphaearth_embeddings,Conventional + AlphaEarth Embeddings,0.9498444032875989,0.5024470513377632,1
1366,CPEC_ROCKFALL_0698,1,rockfall,72_32,2,72.45474243746081,32.59424506026799,Punjab-Sindh lowland corridor,conventional_alphaearth_embeddings,Conventional + AlphaEarth Embeddings,0.8935171391693378,0.37467408808820823,1
1367,CPEC_ROCKFALL_0233,1,rockfall,66_26,4,66.18674907337092,26.182521491922376,Balochistan,conventional_alphaearth_embeddings,Conventional + AlphaEarth Embeddings,0.9188296857292808,0.20592228862794998,1
1368,RMC_100_00444,0,non_landslide,64_25,5,64.55855078735456,25.74908472518094,raster-matched control,conventional_alphaearth_embeddings,Conventional + AlphaEarth Embeddings,0.1159048349508274,0.2084914554893409,0
1369,CPEC_ROCKFALL_0841,1,rockfall,74_35,5,74.48268808735536,35.868607554823825,Gilgit-Baltistan,conventional_alphaearth_embeddings,Conventional + AlphaEarth Embeddings,0.9834334609044894,0.2084914554893409,1
1370,CPEC_ROCKFALL_0291,1,rockfall,66_27,1,66.45399637680708,27.554698363594007,Balochistan,conventional_alphaearth_embeddings,Conventional + AlphaEarth Embeddings,0.9773463436229094,0.3791812820262481,1
1371,CPEC_ROCKFALL_0411,1,rockfall,67_26,5,67.15243429301042,26.867488463843248,Balochistan,conventional_alphaearth_embeddings,Conventional + AlphaEarth Embeddings,0.146190002017858,0.2084914554893409,0
1372,CPEC_ROCKFALL_0341,1,rockfall,66_27,1,66.34844499577096,27.7343600041384,Balochistan,conventional_alphaearth_embeddings,Conventional + AlphaEarth Embeddings,0.9843150029383765,0.3791812820262481,1
1373,CPEC_ROCKFALL_0467,1,rockfall,69_29,3,69.16241868386169,29.07060543952136,Balochistan,conventional_alphaearth_embeddings,Conventional + AlphaEarth Embeddings,0.9298115612525167,0.5024470513377632,1
1374,RMC_100_00678,0,non_landslide,73_35,4,73.23852222015944,35.45987294651297,raster-matched control,conventional_alphaearth_embeddings,Conventional + AlphaEarth Embeddings,0.10915934698729249,0.20592228862794998,0
1375,CPEC_ROCKFALL_0057,1,rockfall,63_27,3,63.534471307680256,27.07634383898455,Balochistan,conventional_alphaearth_embeddings,Conventional + AlphaEarth Embeddings,0.6876781386729809,0.5024470513377632,1
1376,RMC_100_00316,0,non_landslide,75_35,1,75.92448491967681,35.17690363201532,raster-matched control,conventional_alphaearth_embeddings,Conventional + AlphaEarth Embeddings,0.1344061358232419,0.3791812820262481,0
1377,CPEC_ROCKFALL_0383,1,rockfall,67_28,4,67.07832403350214,28.02406779958078,Balochistan,conventional_alphaearth_embeddings,Conventional + AlphaEarth Embeddings,0.9761166558037349,0.20592228862794998,1
1378,RMC_100_00505,0,non_landslide,71_34,5,71.2465080776244,34.05400952686591,raster-matched control,conventional_alphaearth_embeddings,Conventional + AlphaEarth Embeddings,0.0837924928984652,0.2084914554893409,0
1379,RMC_100_00033,0,non_landslide,66_26,4,66.29454507391554,26.982022452634983,raster-matched control,conventional_alphaearth_embeddings,Conventional + AlphaEarth Embeddings,0.12000375440443029,0.20592228862794998,0
1380,CPEC_ROCKFALL_0699,1,rockfall,72_32,2,72.45474243746081,32.598739834129866,Punjab-Sindh lowland corridor,conventional_alphaearth_embeddings,Conventional + AlphaEarth Embeddings,0.9781271141994422,0.37467408808820823,1
1381,RMC_100_00447,0,non_landslide,67_26,5,67.39947287338255,26.265616013549664,raster-matched control,conventional_alphaearth_embeddings,Conventional + AlphaEarth Embeddings,0.9547429366377278,0.2084914554893409,1
1382,RMC_100_00423,0,non_landslide,64_25,5,64.94033478310536,25.742347360550042,raster-matched control,conventional_alphaearth_embeddings,Conventional + AlphaEarth Embeddings,0.11989966543252517,0.2084914554893409,0
1383,CPEC_ROCKFALL_0578,1,rockfall,67_29,1,67.21981130992799,29.463617229068923,Balochistan,conventional_alphaearth_embeddings,Conventional + AlphaEarth Embeddings,0.9875761856388139,0.3791812820262481,1
1384,RMC_100_00302,0,non_landslide,69_30,5,69.11300927784055,30.914397608868185,raster-matched control,conventional_alphaearth_embeddings,Conventional + AlphaEarth Embeddings,0.08925647672821356,0.2084914554893409,0
1385,RMC_100_00131,0,non_landslide,63_26,1,63.559175033771595,26.492440622789843,raster-matched control,conventional_alphaearth_embeddings,Conventional + AlphaEarth Embeddings,0.07060358173369695,0.3791812820262481,0
