segment_id,length_km,route_code,is_kkh_proxy,iso_cc,road_type,road_rank,sample_n,mean_probability,max_probability,mean_uncertainty_std,mean_reliability_score,mean_added_value_fused_minus_conventional,mean_positive_added_value,high80_share,high90_share,very_high_zone_share,uncertainty_norm,priority_score,hotspot_rank
1613,10.000000000000027,N35,True,PK,Highway,1,11,0.9936825,0.9945911,0.007918435,0.9769919,-0.0032960663,0.0,1.0,1.0,1.0,0.016797537,1.0769910573959351,1
1597,9.999999999999972,N35,True,PK,Highway,1,10,0.99452436,0.99494183,0.008724334,0.97611886,-0.003971708,0.0,1.0,1.0,1.0,0.018507106,1.076118564605713,2
1596,10.000000000000048,N35,True,PK,Highway,1,11,0.99423563,0.9947805,0.008646169,0.97600037,-0.0041859094,0.0,1.0,1.0,1.0,0.018341294,1.0760000705718995,3
1598,10.000000000000027,N35,True,PK,Highway,1,11,0.994395,0.99491346,0.008793636,0.97584575,-0.0041775485,0.0,1.0,1.0,1.0,0.01865412,1.0758454561233521,4
1595,9.999999999999982,N35,True,PK,Highway,1,10,0.9941479,0.9948455,0.008891207,0.97539747,-0.004401219,0.0,1.0,1.0,1.0,0.018861098,1.0753971695899964,5
1594,10.0,N35,True,PK,Highway,1,11,0.9940248,0.9947705,0.0088544125,0.9753544,-0.004215105,0.0,1.0,1.0,1.0,0.018783046,1.075354015827179,6
1619,10.000000000000009,N35,True,PK,Highway,1,11,0.99356884,0.99472976,0.008674276,0.9752896,-0.0042364816,0.0,1.0,1.0,1.0,0.018400919,1.0752862453460694,7
1618,10.000000000000046,N35,True,PK,Highway,1,11,0.99409425,0.994781,0.008969641,0.9751799,-0.004081607,0.0,1.0,1.0,1.0,0.019027483,1.075179135799408,8
1556,10.000000000000007,N15,False,PK,Major road,2,11,0.994014,0.99466866,0.0091025,0.97482073,-0.0033542297,0.0,1.0,1.0,1.0,0.019309318,1.0748202562332154,9
1592,10.000000000000012,N35,True,PK,Highway,1,11,0.99370766,0.9943896,0.009023611,0.97468716,-0.0038869272,0.0,1.0,1.0,1.0,0.01914197,1.0746861457824708,10
1633,7.928253035307745,N35,True,PK,Highway,1,10,0.9934654,0.9947104,0.009186199,0.9741133,-0.004107666,0.0,1.0,1.0,1.0,0.01948687,1.0741058945655824,11
1593,9.999999999999979,N35,True,PK,Highway,1,10,0.9936495,0.99483305,0.009280563,0.97409236,-0.0045619966,0.0,1.0,1.0,1.0,0.019687047,1.0740874767303468,12
1547,9.999999999999867,N35,True,PK,Highway,1,10,0.9935015,0.99433494,0.009448208,0.97359115,-0.0044954955,0.0,1.0,1.0,1.0,0.020042676,1.073589062690735,13
1549,4.317699410477829,N35,True,PK,Highway,1,7,0.99285394,0.99368984,0.009410173,0.9730359,-0.0044004745,0.0,1.0,1.0,1.0,0.01996199,1.0730345606803895,14
1607,9.999999999999957,N35,True,PK,Highway,1,10,0.99394625,0.9949822,0.009947171,0.9729804,-0.004559636,0.0,1.0,1.0,1.0,0.021101138,1.072972869873047,15
1599,9.999999999999995,N35,True,PK,Highway,1,10,0.99385566,0.9945575,0.01010642,0.97254974,-0.00445447,0.0,1.0,1.0,1.0,0.021438954,1.0725484251976014,16
1632,10.000000000000073,N35,True,PK,Highway,1,11,0.99247515,0.9948353,0.009627379,0.97222275,-0.0046022753,0.0,1.0,1.0,1.0,0.020422755,1.0722060561180116,17
1697,9.999999999999888,314,True,CN,Highway,1,10,0.99400187,0.99460423,0.010561852,0.97173226,-0.004499167,0.0,1.0,1.0,1.0,0.022405071,1.071731185913086,18
1591,10.000000000000009,N35,True,PK,Highway,1,11,0.9925678,0.99416775,0.0099195205,0.9716866,-0.0049395184,0.0,1.0,1.0,1.0,0.021042481,1.0716817140579225,19
1545,9.999999999999911,N35,True,PK,Highway,1,10,0.99314976,0.99470913,0.01021996,0.9716452,-0.0051820637,0.0,1.0,1.0,1.0,0.021679807,1.0716184735298158,20
1698,10.000000000000115,314,True,CN,Highway,1,11,0.9937832,0.9948515,0.010663232,0.97130686,-0.0047119204,0.0,1.0,1.0,1.0,0.02262013,1.0713036417961121,21
1064,9.999999999999966,N45,False,PK,Major road,2,10,0.9925977,0.99437284,0.010190576,0.9711436,-0.0050007342,0.0,1.0,1.0,1.0,0.021617476,1.0711402654647828,22
1628,9.999999999999972,N35,True,PK,Highway,1,10,0.99172485,0.99406064,0.009833321,0.97104895,-0.0047771335,0.0,1.0,1.0,1.0,0.020859623,1.0710378646850587,23
1636,9.999999999999991,N35,True,CN,Highway,1,10,0.9919631,0.99283206,0.009947953,0.9710304,-0.002282846,0.0,1.0,1.0,1.0,0.021102795,1.0710298776626588,24
1611,9.999999999999957,N35,True,PK,Highway,1,10,0.99252224,0.9946739,0.010237835,0.9709772,-0.0049134614,0.0,1.0,1.0,1.0,0.021717729,1.070966935157776,25
1634,10.0,N35,True,CN,Highway,1,11,0.9923538,0.9933608,0.010265406,0.9707476,-0.003488183,0.0,1.0,1.0,1.0,0.021776214,1.0707440733909608,26
1548,9.999999999999993,N35,True,PK,Highway,1,10,0.9920518,0.9936818,0.010219753,0.970549,-0.0052053453,0.0,1.0,1.0,1.0,0.02167937,1.0705447554588319,27
1608,9.999999999999947,N35,True,PK,Highway,1,10,0.9938364,0.99482775,0.011271124,0.9700915,-0.004713559,0.0,1.0,1.0,1.0,0.023909664,1.0700740575790406,28
1635,9.99999999999999,N35,True,CN,Highway,1,10,0.9921616,0.99304086,0.010712079,0.96961814,-0.00420416,0.0,1.0,1.0,1.0,0.022723751,1.069615936279297,29
1067,9.999999999999998,N45,False,PK,Major road,2,10,0.9924277,0.99439466,0.010930438,0.9694191,-0.005480313,0.0,1.0,1.0,1.0,0.02318696,1.0694163203239442,30
1600,10.00000000000001,N35,True,PK,Highway,1,11,0.99255127,0.994943,0.011408884,0.9685659,-0.0053757755,0.0,1.0,1.0,1.0,0.024201898,1.0685296416282655,31
1637,9.999999999999993,N35,True,CN,Highway,1,10,0.9915199,0.9925406,0.011181632,0.96800214,-0.0019634068,0.0,1.0,1.0,1.0,0.023719823,1.0680012464523316,32
1546,10.000000000000092,N35,True,PK,Highway,1,11,0.99243313,0.99464005,0.011876426,0.96745324,-0.0058380584,0.0,1.0,1.0,1.0,0.025193702,1.067430055141449,33
1627,10.00000000000007,N35,True,PK,Highway,1,11,0.9911713,0.9931372,0.012107179,0.9657599,-0.0028634125,0.0003682429,1.0,1.0,1.0,0.025683204,1.0658069014549256,34
1557,9.999999999999995,N15,False,PK,Major road,2,10,0.9918823,0.99430656,0.012730792,0.9651208,-0.003890115,0.0,1.0,1.0,1.0,0.027006088,1.0650954604148866,35
1555,6.1817507923624575,N90,False,PK,Major road,2,8,0.99066573,0.99219024,0.0130594,0.96322185,-0.0050091594,0.0,1.0,1.0,1.0,0.027703172,1.0632211327552796,36
1068,10.000000000000021,N45,False,PK,Major road,2,11,0.99006575,0.9941501,0.013041031,0.9627136,-0.00627651,0.0,1.0,1.0,1.0,0.027664203,1.0626764059066773,37
1605,9.999999999999966,N35,True,PK,Highway,1,10,0.99112606,0.99462914,0.013714169,0.96236736,-0.006150341,0.0,1.0,1.0,1.0,0.029092146,1.0622920751571656,38
1609,10.000000000000068,N35,True,PK,Highway,1,11,0.9915381,0.99456733,0.014023486,0.9620882,-0.006348599,0.0,1.0,1.0,1.0,0.029748306,1.0620414972305299,39
1617,9.999999999999991,N35,True,PK,Highway,1,10,0.98856604,0.9945054,0.01269034,0.9620881,-0.0050783753,0.00018630028,1.0,1.0,1.0,0.026920276,1.0620001316070558,40
1066,10.000000000000004,N45,False,PK,Major road,2,11,0.9901989,0.9945667,0.014282444,0.9602463,-0.0073403176,0.0,1.0,1.0,1.0,0.030297639,1.060198223590851,41
1616,9.99999999999999,N35,True,PK,Highway,1,10,0.9880203,0.99460715,0.014795005,0.9572703,-0.0067369817,0.0,1.0,1.0,1.0,0.031384945,1.057011342048645,42
1065,9.999999999999977,N45,False,PK,Major road,2,10,0.9898073,0.9943931,0.016352048,0.95558625,-0.007707423,0.0,1.0,1.0,1.0,0.034687933,1.0554729461669923,43
1614,6.452888340405099,N35,True,PK,Highway,1,9,0.98281205,0.9933275,0.014069359,0.9535866,-0.0068122214,0.00046896935,1.0,1.0,1.0,0.029845618,1.0535966515541078,44
1544,9.999999999999941,N35,True,PK,Highway,1,10,0.98801434,0.9940027,0.016755026,0.95307493,-0.00819884,0.0,1.0,1.0,1.0,0.03554278,1.0528975486755372,45
105,2.9611364457484495,N10,False,PK,Highway,1,5,0.9856127,0.98984766,0.01628339,0.9515964,-0.0015986204,0.0031765818,1.0,1.0,1.0,0.034542285,1.0523615837097169,46
1603,9.999999999999956,N35,True,PK,Highway,1,10,0.987572,0.9949692,0.016810793,0.95277536,-0.009319156,0.0,1.0,1.0,1.0,0.03566108,1.05235413312912,47
1601,9.99999999999999,N35,True,PK,Highway,1,10,0.98832285,0.9945616,0.017244313,0.95245105,-0.009249556,0.0,1.0,1.0,1.0,0.03658071,1.0521693587303163,48
1696,9.999999999999922,314,True,CN,Highway,1,10,0.99274284,0.9942025,0.019279463,0.95219004,-0.0054846583,0.0,1.0,1.0,1.0,0.040897917,1.0521417617797852,49
1631,10.000000000000002,N35,True,PK,Highway,1,11,0.9873375,0.99374753,0.017126622,0.9515625,-0.009128825,0.0,1.0,1.0,1.0,0.03633105,1.0514665007591248,50
1622,10.000000000000028,N35,True,PK,Highway,1,11,0.9920635,0.994825,0.01973291,0.9509813,-0.005854184,0.0,1.0,1.0,1.0,0.04185982,1.0505359530448914,51
1018,3.029296425694566,N5,False,PK,Highway,1,6,0.9862203,0.9917914,0.017613653,0.94939566,-0.0069480636,0.0,1.0,1.0,1.0,0.0373642,1.0493709802627564,52
1515,9.999999999999956,N75,False,PK,Major road,2,10,0.9845745,0.9882263,0.01701399,0.9490601,-0.010142905,0.0,1.0,1.0,1.0,0.03609212,1.0490391612052918,53
1543,9.999999999999975,N35,True,PK,Highway,1,10,0.9880036,0.9926561,0.01879304,0.94869804,-0.009119207,0.0,1.0,1.0,1.0,0.03986606,1.0486157894134522,54
1638,10.000000000000055,N35,True,CN,Highway,1,11,0.98887277,0.99262244,0.02030537,0.9463629,-0.0035677662,0.0,1.0,1.0,1.0,0.043074198,1.0462778568267823,55
1621,3.8398309654177187,N35,True,PK,Highway,1,5,0.98831284,0.9936942,0.020616537,0.94552994,-0.00712316,0.0,1.0,1.0,1.0,0.04373428,1.0450896978378297,56
1612,9.999999999999908,N35,True,PK,Highway,1,10,0.98042727,0.99464345,0.018138934,0.9430928,-0.01112113,0.0,1.0,1.0,1.0,0.03847849,1.0427018761634828,57
1625,10.000000000000018,N35,True,PK,Highway,1,11,0.9893113,0.9935143,0.023211984,0.9410835,-0.004804053,7.586588e-05,1.0,1.0,1.0,0.049240053,1.0406164884567262,58
1620,9.999999999999988,N35,True,PK,Highway,1,10,0.9870073,0.9943552,0.022161053,0.9410097,-0.007640964,0.0,1.0,1.0,1.0,0.047010694,1.0406073689460755,59
1626,9.99999999999995,N35,True,PK,Highway,1,10,0.98970574,0.99353534,0.024726342,0.93832684,-0.004616344,0.0,1.0,1.0,1.0,0.052452493,1.0377931952476502,60
1663,10.00000000000005,219,False,CN,Major road,2,11,0.9831005,0.98807037,0.025201034,0.9309049,0.006816268,0.006816268,1.0,1.0,1.0,0.053459466,1.0322484731674195,61
1540,9.999999999999996,N35,True,PK,Highway,1,10,0.98612577,0.9939158,0.025916848,0.9322597,-0.0081914365,0.0,1.0,1.0,1.0,0.05497794,1.0319105744361878,62
1069,3.0848956123807576,N45,False,PK,Major road,2,5,0.9836365,0.9878594,0.025305858,0.93085825,-0.010458767,0.0,1.0,1.0,1.0,0.05368183,1.0308330416679383,63
1514,10.000000000000052,N75,False,PK,Major road,2,11,0.9819523,0.99055475,0.024779659,0.9308861,-0.012141574,0.0,1.0,1.0,1.0,0.052565593,1.0303354024887086,64
1692,10.000000000000023,314,True,CN,Highway,1,11,0.98867553,0.9938898,0.030221557,0.92577356,-0.007032107,0.0,1.0,1.0,1.0,0.0641096,1.0252918958663941,65
1058,10.000000000000036,N45,False,PK,Major road,2,11,0.9831429,0.98922443,0.029055672,0.9226082,-0.0131596,0.0,1.0,1.0,1.0,0.06163639,1.0225455522537232,66
1542,10.000000000000005,N35,True,PK,Highway,1,11,0.98178965,0.9923659,0.02957535,0.9204016,-0.013322678,0.0,1.0,1.0,1.0,0.06273879,1.020193374156952,67
668,9.999999999999934,N50,False,PK,Highway,1,10,0.98573625,0.99230695,0.032005183,0.9189369,-0.009528363,0.0,1.0,1.0,1.0,0.067893244,1.0188113808631898,68
1513,9.999999999999968,N75,False,PK,Major road,2,10,0.98052996,0.9886474,0.03021299,0.91872644,-0.014181703,0.0,1.0,1.0,1.0,0.06409143,1.017686402797699,69
1623,9.999999999999961,N35,True,PK,Highway,1,10,0.9845077,0.9942614,0.03312395,0.9157778,-0.011245042,0.0,1.0,1.0,1.0,0.070266515,1.0153298139572144,70
1796,9.999999999999972,unknown,False,CN,Major road,2,10,0.98716676,0.9899435,0.035737775,0.9123394,-0.009831458,0.0,1.0,1.0,1.0,0.07581127,1.0123284220695496,71
1699,10.000000000000048,314,True,CN,Highway,1,11,0.9874306,0.994704,0.037411466,0.9129048,-0.010518903,0.0,1.0,1.0,1.0,0.07936171,1.0090664386749268,72
1630,10.000000000000002,N35,True,PK,Highway,1,11,0.9856829,0.9931465,0.037517115,0.90872896,-0.009169942,0.0,1.0,1.0,1.0,0.07958582,1.0072365760803224,73
1604,9.99999999999997,N35,True,PK,Highway,1,10,0.9860481,0.99475735,0.038221486,0.90769356,-0.011972671,0.0,1.0,1.0,1.0,0.08108001,1.006099319458008,74
1602,10.00000000000005,N35,True,PK,Highway,1,11,0.98259735,0.9931605,0.0373597,0.9052138,-0.013918594,0.0,1.0,1.0,1.0,0.07925189,1.004724657535553,75
498,10.000000000000004,N65,False,PK,Highway,1,11,0.9873404,0.9939441,0.040177595,0.90389764,-0.008186498,0.0,1.0,1.0,1.0,0.085229546,1.0031898379325868,76
1695,9.999999999999986,314,True,CN,Highway,1,10,0.99074876,0.9941602,0.042430386,0.90177727,-0.0071694194,0.0,1.0,1.0,1.0,0.09000844,1.0015730023384095,77
1700,10.000000000000043,314,True,CN,Highway,1,11,0.9854414,0.9933967,0.040508535,0.90445924,-0.012189415,0.0,1.0,1.0,1.0,0.08593158,1.0007608294487,78
1606,10.000000000000089,N35,True,PK,Highway,1,11,0.98394054,0.9946296,0.041578997,0.90000653,-0.013550487,0.0,1.0,1.0,1.0,0.08820237,0.997154688835144,79
1694,10.000000000000034,314,True,CN,Highway,1,11,0.9796974,0.9905573,0.041599676,0.8937945,-0.011878512,0.0,1.0,1.0,1.0,0.08824624,0.9932428359985351,80
1629,9.999999999999998,N35,True,PK,Highway,1,10,0.9855223,0.9942942,0.044791732,0.8944799,-0.009897077,0.0,1.0,1.0,1.0,0.09501761,0.9918802738189697,81
1662,9.999999999999972,219,False,CN,Major road,2,10,0.98159045,0.9879322,0.044639107,0.8890935,0.009776771,0.009776771,1.0,1.0,1.0,0.09469385,0.99108407497406,82
1639,9.999999999999998,N35,True,CN,Highway,1,10,0.9860891,0.99223125,0.046249412,0.8898653,-0.0057456433,2.926588e-06,1.0,1.0,1.0,0.09810982,0.9893447518348694,83
1568,10.000000000000021,N15,False,PK,Major road,2,11,0.98401815,0.9903145,0.046795487,0.88692206,-0.0026772998,0.0012914971,1.0,1.0,1.0,0.09926822,0.9866593241691589,84
1554,10.000000000000005,N90,False,PK,Major road,2,11,0.98163986,0.9904547,0.046020314,0.88679504,-0.004600644,0.0011449727,1.0,1.0,1.0,0.097623825,0.9860946297645569,85
1797,9.999999999999995,unknown,False,CN,Major road,2,10,0.98712003,0.98963726,0.049338054,0.88402206,-0.010374474,0.0,1.0,1.0,1.0,0.104661815,0.9838062286376953,86
1610,9.999999999999948,N35,True,PK,Highway,1,10,0.9741688,0.99456733,0.045461304,0.891343,-0.018268382,0.0,1.0,1.0,1.0,0.09643799,0.9802219033241272,87
1693,9.999999999999915,314,True,CN,Highway,1,10,0.98185253,0.98879564,0.051537536,0.875051,-0.011887652,0.0,1.0,1.0,1.0,0.10932762,0.9745089173316955,88
1541,10.000000000000066,N35,True,PK,Highway,1,11,0.96662104,0.9902467,0.048942436,0.86836773,-0.024211131,0.0,1.0,1.0,1.0,0.10382258,0.9662639260292053,89
667,9.999999999999998,N50,False,PK,Highway,1,10,0.93703043,0.99127513,0.037442647,0.86953926,-0.030047059,0.0,1.0,1.0,1.0,0.079427846,0.9626041412353515,90
1516,4.3934180974405095,N75,False,PK,Major road,2,7,0.9675762,0.9842861,0.051403113,0.8625026,-0.025819626,0.0,1.0,1.0,1.0,0.109042466,0.962069308757782,91
1057,10.0,N45,False,PK,Major road,2,11,0.97034186,0.9864804,0.059001602,0.84934735,-0.021805448,0.0,1.0,1.0,1.0,0.1251613,0.9488926291465759,92
1570,9.999999999999956,N15,False,PK,Major road,2,10,0.98330116,0.9883206,0.067116424,0.8436449,0.0114200115,0.012297732,1.0,1.0,1.0,0.14237544,0.9463776111602783,93
269,3.7979647460337427,M8,False,PK,Highway,1,5,0.9637507,0.99157786,0.0600212,0.8425228,0.0018996596,0.007885504,1.0,1.0,1.0,0.1273242,0.9430132865905761,94
87,9.999999999999968,N10,False,PK,Highway,1,10,0.9773289,0.98864454,0.066052124,0.8412449,-0.008011949,0.00068954227,1.0,1.0,1.0,0.14011772,0.9405601978302002,95
1016,9.999999999999973,N5,False,PK,Highway,1,10,0.98080796,0.9917124,0.06743844,0.8427232,-0.011402011,0.0,1.0,1.0,1.0,0.14305854,0.9404949903488159,96
1060,9.999999999999993,N45,False,PK,Major road,2,10,0.97551376,0.98699063,0.06724969,0.8375443,-0.019216437,0.0,1.0,1.0,1.0,0.14265814,0.936348831653595,97
946,9.999999999999991,unknown,False,PK,Major road,2,10,0.97388184,0.98169804,0.06855965,0.8325036,-0.020114195,0.0,1.0,1.0,1.0,0.14543697,0.9322433829307556,98
1666,10.000000000000046,219,False,CN,Major road,2,11,0.9772675,0.98685133,0.07093824,0.8310845,0.0054525407,0.0072185616,1.0,1.0,1.0,0.15048273,0.932010269165039,99
1539,9.999999999999968,N35,True,PK,Highway,1,10,0.9717391,0.98936105,0.06949619,0.83465564,-0.01976959,3.6942958e-05,1.0,1.0,1.0,0.14742368,0.9284909725189209,100
1571,10.000000000000016,N15,False,PK,Major road,2,11,0.9791008,0.9895733,0.07390742,0.82591206,-0.0072989357,0.0025542974,1.0,1.0,1.0,0.15678132,0.9262346982955932,101
1521,9.999999999999977,unknown,False,PK,Major road,2,10,0.96372336,0.9826757,0.06901272,0.8246765,-0.02838875,0.0,1.0,1.0,1.0,0.14639808,0.9226361274719238,102
1520,10.0,unknown,False,PK,Major road,2,11,0.959754,0.9781131,0.06769131,0.82267225,-0.028454065,0.0,1.0,1.0,1.0,0.14359495,0.921938157081604,103
1615,9.999999999999988,N35,True,PK,Highway,1,10,0.90037423,0.99375147,0.045956008,0.81935346,-0.0300817,0.007092601,1.0,1.0,1.0,0.09748741,0.9143723011016845,104
1664,10.000000000000007,219,False,CN,Major road,2,11,0.9762335,0.9858454,0.078975916,0.8150179,-0.0011484082,0.0030924408,1.0,1.0,1.0,0.16753322,0.9134551048278808,105
505,10.000000000000092,N65,False,PK,Highway,1,11,0.9844713,0.9916536,0.0835334,0.8116885,-0.0112425415,0.0,1.0,1.0,1.0,0.17720109,0.9100219368934631,106
1667,10.000000000000052,219,False,CN,Major road,2,11,0.9741674,0.9823926,0.08446108,0.80077684,0.028116731,0.028116731,1.0,1.0,1.0,0.179169,0.906656002998352,107
1519,9.999999999999986,unknown,False,PK,Major road,2,10,0.95904124,0.97367823,0.077739514,0.8015652,-0.019751906,9.252429e-05,1.0,1.0,1.0,0.1649104,0.9009084463119507,108
665,9.99999999999999,N50,False,PK,Highway,1,10,0.90668833,0.9898039,0.05510078,0.81725025,-0.06747105,0.0,1.0,1.0,1.0,0.11688641,0.9007088303565979,109
1522,10.000000000000043,unknown,False,PK,Major road,2,11,0.96035177,0.99163336,0.079974525,0.80400044,-0.03203309,0.0002901771,1.0,1.0,1.0,0.16965158,0.8974991202354431,110
1523,9.168443350450024,unknown,False,PK,Major road,2,12,0.9529678,0.9901766,0.078148946,0.8003723,-0.035222467,0.0,1.0,1.0,1.0,0.16577895,0.894985830783844,111
1056,9.9999999999999,N45,False,PK,Major road,2,10,0.9595264,0.9891423,0.08158541,0.79852545,-0.028981209,0.0,1.0,1.0,1.0,0.17306878,0.8934623956680298,112
1005,10.00000000000001,unknown,False,PK,Major road,2,11,0.9401731,0.9856911,0.07450003,0.80177635,-0.048649587,0.0,1.0,1.0,1.0,0.15803844,0.891589617729187,113
1665,10.00000000000001,219,False,CN,Major road,2,11,0.97771645,0.98451334,0.092562705,0.78674704,-0.0023130125,0.00044925103,1.0,1.0,1.0,0.19635515,0.8858490943908691,114
271,10.000000000000075,N85,False,PK,Major road,2,11,0.9781855,0.9860308,0.095964454,0.7795658,-0.0073434385,0.003321057,1.0,1.0,1.0,0.20357135,0.8798852324485779,115
1569,9.999999999999991,N15,False,PK,Major road,2,10,0.9801796,0.9900707,0.09902625,0.7774038,0.0032951832,0.0072152675,1.0,1.0,1.0,0.2100664,0.8760806679725647,116
1682,10.000000000000032,314,True,CN,Highway,1,11,0.970207,0.9924083,0.10070414,0.7672672,-0.023746539,0.0,1.0,1.0,1.0,0.21362574,0.862945830821991,117
1061,9.99999999999995,N45,False,PK,Major road,2,10,0.9695469,0.98352045,0.10251973,0.75991136,-0.02086429,0.0,1.0,1.0,1.0,0.21747719,0.8586925625801086,118
1778,9.999999999999943,unknown,False,CN,Major road,2,10,0.93694735,0.9855414,0.093086556,0.76516503,-0.049501576,0.0,1.0,1.0,1.0,0.1974664,0.8519317269325256,119
1566,10.00000000000001,N15,False,PK,Major road,2,11,0.97647303,0.9910683,0.10939646,0.75532824,-0.0021535158,0.0065191877,1.0,1.0,1.0,0.23206493,0.8514976263046264,120
1017,10.000000000000005,N5,False,PK,Highway,1,11,0.8992937,0.98997885,0.07757914,0.76281047,-0.058132634,0.00015936657,1.0,1.0,1.0,0.16457021,0.8513365745544433,121
1059,9.999999999999936,N45,False,PK,Major road,2,10,0.9649722,0.9910572,0.106399536,0.7546926,-0.030600537,0.0,1.0,1.0,1.0,0.2257075,0.8471706867218017,122
937,9.999999999999996,unknown,False,PK,Major road,2,10,0.96110475,0.9893584,0.10872557,0.74281335,-0.028648818,0.0,1.0,1.0,1.0,0.23064177,0.8394338250160217,123
1680,9.999999999999991,314,True,CN,Highway,1,10,0.9480718,0.980282,0.104012586,0.744192,-0.03188927,0.0,1.0,1.0,1.0,0.22064401,0.8388854026794433,124
647,9.999999999999932,N70,False,PK,Major road,2,10,0.930658,0.9920927,0.10375993,0.7402223,-0.048736833,0.0,1.0,1.0,1.0,0.22010805,0.8258126735687256,125
1624,4.167247565622875,N35,True,PK,Highway,1,6,0.9674918,0.9896058,0.11884687,0.72990626,-0.02136296,0.0,1.0,1.0,1.0,0.25211227,0.823575234413147,126
86,10.000000000000059,N10,False,PK,Highway,1,11,0.9486292,0.9871227,0.11457996,0.72103316,-0.0057136687,0.0028803295,1.0,1.0,1.0,0.2430608,0.818774676322937,127
1691,10.00000000000002,314,True,CN,Highway,1,11,0.97421175,0.98581946,0.1267169,0.7132313,-0.015826035,0.0,1.0,1.0,1.0,0.26880714,0.8123366594314575,128
499,10.00000000000003,N65,False,PK,Highway,1,11,0.92642516,0.9919119,0.10742769,0.74877715,-0.06537851,0.0,1.0,0.9090909090909091,1.0,0.22788854,0.8062125715342435,129
1004,9.999999999999993,unknown,False,PK,Major road,2,10,0.9024202,0.98855937,0.102957845,0.7388674,-0.08385221,0.0,1.0,1.0,1.0,0.21840657,0.805325722694397,130
411,0.30848614532409524,N25,False,PK,Highway,1,3,0.9728043,0.97922295,0.13082923,0.7034634,-0.019448578,0.0,1.0,1.0,1.0,0.2775307,0.8028212547302246,131
1553,10.0,N90,False,PK,Major road,2,11,0.96534103,0.98582196,0.13263096,0.69645715,-0.0126336375,0.0017854843,1.0,1.0,1.0,0.28135276,0.7941860318183899,132
1701,9.999999999999991,314,True,CN,Highway,1,10,0.8810829,0.9934774,0.10016264,0.75331485,-0.11399569,0.0,1.0,1.0,1.0,0.21247704,0.7938729882240295,133
1572,9.999999999999998,N15,False,PK,Major road,2,10,0.95278823,0.98984474,0.130442,0.6963993,-0.030181086,0.0,1.0,1.0,1.0,0.27670926,0.7891428828239441,134
1063,9.99999999999998,N45,False,PK,Major road,2,10,0.9454686,0.99335974,0.12788129,0.71324223,-0.048312884,0.0,1.0,1.0,1.0,0.2712772,0.7889845132827759,135
85,9.999999999999964,N10,False,PK,Highway,1,10,0.933544,0.984211,0.13221978,0.6763176,0.029733557,0.034471054,1.0,1.0,1.0,0.2804805,0.7803208589553833,136
932,9.999999999999996,unknown,False,PK,Major road,2,10,0.9365672,0.98760796,0.13311468,0.6783977,-0.043769054,0.0,1.0,1.0,1.0,0.28237888,0.7721003651618957,137
1779,10.000000000000052,unknown,False,CN,Major road,2,11,0.892893,0.9622259,0.1182003,0.6816194,-0.07922251,0.0,1.0,1.0,1.0,0.2507407,0.7690083742141723,138
669,10.00000000000006,N50,False,PK,Highway,1,11,0.93941635,0.9885836,0.13724509,0.6784575,-0.04111544,0.0,1.0,1.0,1.0,0.2911408,0.7659139394760132,139
1657,10.000000000000012,219,False,CN,Major road,2,11,0.96998143,0.98319507,0.14860831,0.6658096,-0.0073015746,0.0012528842,1.0,1.0,1.0,0.31524584,0.764512038230896,140
1039,9.999999999999988,N95,False,PK,Major road,2,10,0.80734,0.9852429,0.090137795,0.66476375,-0.08407356,0.0,1.0,1.0,1.0,0.19121113,0.752967631816864,141
1518,9.999999999999991,unknown,False,PK,Major road,2,10,0.93539846,0.97405964,0.14546758,0.65039533,-0.03266262,0.0004137337,1.0,1.0,1.0,0.30858335,0.7468534469604492,142
90,10.000000000000009,N10,False,PK,Highway,1,11,0.79614294,0.9884262,0.079807825,0.7107914,-0.07828424,0.008534816,1.0,0.8181818181818182,1.0,0.16929796,0.7453094905072992,143
84,10.000000000000016,N10,False,PK,Highway,1,11,0.9271084,0.9872262,0.14669925,0.6449716,-0.0042460454,0.0137217585,1.0,1.0,1.0,0.3111961,0.7420263051986694,144
1798,10.000000000000032,unknown,False,CN,Major road,2,11,0.973665,0.98436195,0.16490012,0.6338921,-0.021724403,0.0,1.0,1.0,1.0,0.34980598,0.7330711841583252,145
666,9.999999999999991,N50,False,PK,Highway,1,10,0.93791926,0.9852746,0.15370624,0.6385702,-0.04962031,0.0,1.0,1.0,1.0,0.32606018,0.7321011185646057,146
1469,2.7954074035215672,unknown,False,PK,Major road,2,5,0.86497843,0.98918283,0.12782718,0.6539782,-0.09950339,0.0,1.0,1.0,1.0,0.2711624,0.7304287910461426,147
502,10.000000000000002,N65,False,PK,Highway,1,11,0.96450156,0.99261147,0.16424285,0.63579106,-0.019370735,0.0013416138,1.0,1.0,1.0,0.3484117,0.7287933588027954,148
1040,9.999999999999982,N95,False,PK,Major road,2,10,0.8266853,0.9794209,0.11698387,0.6414354,-0.11343014,0.0,1.0,1.0,1.0,0.24816026,0.7215348839759826,149
646,9.999999999999966,N70,False,PK,Major road,2,10,0.9562647,0.99282783,0.16563909,0.63167995,-0.038690936,0.0,1.0,1.0,1.0,0.35137355,0.7202585697174072,150
1517,10.000000000000007,unknown,False,PK,Major road,2,11,0.93398666,0.98247486,0.15867911,0.6272904,-0.036462918,0.00048318776,1.0,1.0,1.0,0.3366092,0.7197189092636108,151
1690,9.99999999999996,314,True,CN,Highway,1,10,0.97388065,0.98711663,0.17312813,0.61757326,-0.014974874,0.0,1.0,1.0,1.0,0.36726022,0.7162130236625671,152
89,1.938349630080468,N10,False,PK,Highway,1,3,0.8184975,0.9709317,0.12758902,0.6500303,-0.042270582,0.070854984,1.0,1.0,1.0,0.27065718,0.7146789789199829,153
1683,9.999999999999938,314,True,CN,Highway,1,10,0.94095385,0.9924083,0.16929826,0.614541,-0.04832997,0.0,1.0,1.0,1.0,0.35913584,0.7030235886573791,154
1777,10.00000000000002,unknown,False,CN,Major road,2,11,0.9089291,0.9750945,0.16202916,0.6038014,-0.041923128,0.008828646,1.0,1.0,1.0,0.34371576,0.6987229943275451,155
971,10.000000000000004,unknown,False,PK,Major road,2,11,0.940408,0.98362696,0.17290162,0.6028564,-0.046604406,0.0,1.0,1.0,1.0,0.3667797,0.6954854488372803,156
664,10.000000000000046,N50,False,PK,Highway,1,11,0.8315382,0.9855051,0.12916979,0.62197393,-0.09676282,0.0,1.0,0.9090909090909091,1.0,0.2740105,0.6945970329371366,157
1681,9.999999999999947,314,True,CN,Highway,1,10,0.9299797,0.9734253,0.17343764,0.59518176,-0.049604535,0.0,1.0,1.0,1.0,0.3679168,0.6878245234489441,158
944,10.000000000000002,unknown,False,PK,Major road,2,11,0.9474922,0.98587173,0.18269409,0.58586514,-0.037792347,0.0,1.0,1.0,1.0,0.38755268,0.6802890658378601,159
1451,9.999999999999988,unknown,False,PK,Major road,2,10,0.946499,0.99350584,0.18289295,0.5912762,-0.037611462,0.0,1.0,1.0,1.0,0.38797453,0.6792815089225769,160
1780,10.00000000000001,unknown,False,CN,Major road,2,11,0.9120541,0.97320694,0.1743756,0.5849002,-0.06957724,0.0,1.0,1.0,1.0,0.36990649,0.6746793746948242,161
1655,10.000000000000021,219,False,CN,Major road,2,11,0.97365385,0.9828037,0.19349118,0.57509375,-0.015132736,0.0,1.0,1.0,1.0,0.41045678,0.6740110278129577,162
1661,10.00000000000001,219,False,CN,Major road,2,11,0.9553808,0.97799194,0.19019023,0.574746,0.013776883,0.014227417,1.0,1.0,1.0,0.4034544,0.6734850168228149,163
1654,9.999999999999954,219,False,CN,Major road,2,10,0.9731264,0.98401576,0.19536734,0.57119364,-0.014873261,0.0,1.0,1.0,1.0,0.4144367,0.669827139377594,164
1688,9.999999999999982,314,True,CN,Highway,1,10,0.9663774,0.98928934,0.19555071,0.57029366,-0.025181513,0.0,1.0,1.0,1.0,0.4148257,0.6654992461204529,165
1051,10.000000000000002,N45,False,PK,Major road,2,11,0.8210079,0.9889253,0.14795493,0.56722873,-0.11097404,0.0,1.0,1.0,1.0,0.3138598,0.6633265376091003,166
83,9.999999999999975,N10,False,PK,Highway,1,10,0.8233808,0.9889633,0.14204682,0.6328574,-0.09149655,0.028067809,1.0,0.8,1.0,0.3013268,0.662291066646576,167
1512,10.000000000000016,N75,False,PK,Major road,2,11,0.92345923,0.9814334,0.18827423,0.56034,-0.06226535,0.0,1.0,1.0,1.0,0.39938995,0.6546388626098633,168
503,9.999999999999961,N65,False,PK,Highway,1,10,0.9684044,0.9899901,0.20227408,0.55863655,-0.019140745,0.0,1.0,1.0,1.0,0.42908812,0.6528736114501953,169
1552,10.000000000000016,N90,False,PK,Major road,2,11,0.91209894,0.98352885,0.18659335,0.5728829,-0.058838334,0.0013086416,1.0,1.0,1.0,0.39582428,0.6513951778411865,170
709,10.0,unknown,False,PK,Major road,2,11,0.968152,0.9862545,0.20326844,0.5552749,-0.025551168,0.0,1.0,1.0,1.0,0.43119746,0.650687313079834,171
1006,9.999999999999996,unknown,False,PK,Major road,2,10,0.80091316,0.9748547,0.14319928,0.61147875,-0.15021129,0.0,1.0,0.9,1.0,0.30377156,0.647618498802185,172
1775,10.000000000000021,unknown,False,CN,Major road,2,11,0.9066482,0.9652967,0.18700431,0.56396335,-0.06976114,4.1154297e-05,1.0,1.0,1.0,0.39669606,0.6469947457313537,173
1478,10.000000000000002,N55,False,PK,Highway,1,11,0.84717005,0.98127896,0.16706395,0.5529293,-0.09421635,0.0,1.0,1.0,1.0,0.35439616,0.6469362139701843,174
1795,9.999999999999991,unknown,False,CN,Major road,2,10,0.9452863,0.98905635,0.20000497,0.55525374,-0.047769934,0.0,1.0,1.0,1.0,0.4242746,0.6442253351211548,175
933,0.864224400256415,unknown,False,PK,Major road,2,3,0.9017542,0.91454256,0.18719131,0.54368526,-0.0712051,0.0,1.0,1.0,1.0,0.39709273,0.6436741709709167,176
1653,10.000000000000062,219,False,CN,Major road,2,11,0.9791943,0.98988867,0.21064419,0.54400355,-0.015685976,0.0,1.0,1.0,1.0,0.4468438,0.6416473746299743,177
67,10.00000000000008,N10,False,PK,Highway,1,11,0.7633951,0.93438834,0.13741018,0.5477471,-0.034272984,0.030422943,1.0,0.9090909090909091,1.0,0.291491,0.6393870982256803,178
1652,9.999999999999925,219,False,CN,Major road,2,10,0.9526383,0.9918808,0.20523925,0.55266684,-0.041698914,0.0,1.0,1.0,1.0,0.4353782,0.6378803610801697,179
1565,10.000000000000039,N15,False,PK,Major road,2,11,0.97425437,0.9885642,0.21192674,0.5374542,-0.0063807587,0.0032310486,1.0,1.0,1.0,0.44956452,0.637071943283081,180
91,10.000000000000004,N10,False,PK,Highway,1,11,0.69678456,0.9803571,0.103677146,0.5746464,-0.008898559,0.075566046,1.0,0.7272727272727273,1.0,0.21993244,0.6351578333161094,181
1794,10.000000000000046,unknown,False,CN,Major road,2,11,0.931259,0.9862553,0.20066181,0.5487266,-0.060402047,0.0,1.0,1.0,1.0,0.42566797,0.6348518490791321,182
1490,0.6904884066162154,N5,False,PK,Highway,1,3,0.85196084,0.94878834,0.1775536,0.56006545,-0.094827496,0.0018362204,1.0,1.0,1.0,0.37664804,0.631530499458313,183
1530,10.000000000000004,N35,True,PK,Highway,1,11,0.7835724,0.9745324,0.14886513,0.5609774,-0.12476523,0.0,1.0,0.9090909090909091,1.0,0.31579062,0.6270366582003507,184
164,10.000000000000004,N25,False,PK,Highway,1,11,0.92611986,0.99141884,0.20803933,0.5288223,0.004290944,0.02045427,1.0,1.0,1.0,0.44131806,0.6225200057029724,185
670,9.999999999999977,N50,False,PK,Highway,1,10,0.930157,0.9836563,0.20905057,0.5288316,-0.051371157,0.0,1.0,1.0,1.0,0.4434632,0.6176665782928467,186
1468,9.999999999999996,unknown,False,PK,Major road,2,10,0.85457164,0.99003386,0.1857642,0.5261209,-0.11163044,0.0,1.0,0.9,1.0,0.39406535,0.6078145170211792,187
501,10.000000000000002,N65,False,PK,Highway,1,11,0.94459873,0.99096894,0.2189556,0.5150831,-0.034221813,0.0,1.0,1.0,1.0,0.46447498,0.6058562755584717,188
1684,9.999999999999977,314,True,CN,Highway,1,10,0.8338458,0.94916457,0.1860655,0.5138093,-0.11753078,0.0,1.0,1.0,1.0,0.39470452,0.6047230720520019,189
720,10.000000000000004,unknown,False,PK,Major road,2,11,0.9277403,0.9889513,0.21571445,0.5173154,-0.052608002,0.0,1.0,1.0,1.0,0.45759946,0.6032068490982055,190
715,10.00000000000001,unknown,False,PK,Major road,2,11,0.96081644,0.9811474,0.22477785,0.50640523,-0.02187155,0.0,1.0,1.0,1.0,0.47682583,0.6026743412017822,191
1567,9.999999999999996,N15,False,PK,Major road,2,10,0.9685071,0.98589325,0.22722013,0.50490904,-0.009638357,0.0035021782,1.0,1.0,1.0,0.4820067,0.6025557279586792,192
497,10.000000000000016,N65,False,PK,Highway,1,11,0.7901236,0.99001807,0.16094768,0.54396063,-0.088765904,0.00020586903,1.0,0.8181818181818182,1.0,0.34142157,0.6022279446775263,193
947,7.188903400284739,unknown,False,PK,Major road,2,10,0.8825828,0.98623973,0.20623425,0.5127386,-0.09469493,0.0,1.0,1.0,1.0,0.4374889,0.5964626133441925,194
1558,9.999999999999973,N15,False,PK,Major road,2,10,0.9395239,0.98787004,0.22264871,0.5076338,-0.040911008,0.00017074347,1.0,1.0,1.0,0.47230923,0.5958207607269287,195
1689,10.0000000000001,314,True,CN,Highway,1,11,0.972035,0.9813161,0.23249812,0.4942251,-0.01719399,0.0,1.0,1.0,1.0,0.49320298,0.592624431848526,196
662,10.000000000000034,N50,False,PK,Highway,1,11,0.6582052,0.99303436,0.09368565,0.56628966,-0.13482012,0.0,1.0,0.6363636363636364,1.0,0.19873728,0.5910316716540943,197
1041,9.999999999999982,N95,False,PK,Major road,2,10,0.77964705,0.9809649,0.17113458,0.5264789,-0.12830183,0.0,1.0,0.9,1.0,0.36303127,0.5866107904911041,198
268,10.000000000000064,M8,False,PK,Highway,1,11,0.8681393,0.99251753,0.20855202,0.50522584,-0.07609099,0.0,1.0,1.0,1.0,0.44240564,0.5840695858001709,199
504,10.000000000000018,N65,False,PK,Highway,1,11,0.970224,0.9844115,0.23768535,0.48364803,-0.022741156,0.0,1.0,1.0,1.0,0.5042068,0.5810304939746856,200
943,10.000000000000002,unknown,False,PK,Major road,2,11,0.85920846,0.9835115,0.20779005,0.508545,-0.10160745,0.0,1.0,1.0,1.0,0.44078925,0.5804786443710327,201
1668,2.7692864213414428,219,False,CN,Major road,2,5,0.954079,0.9638655,0.23841143,0.4730513,0.01641208,0.024968315,1.0,1.0,1.0,0.505747,0.5777984321117401,202
33,10.0,M9,False,PK,Highway,1,11,0.6220529,0.914697,0.10391276,0.47172582,0.05502831,0.07721415,1.0,0.7272727272727273,1.0,0.22043225,0.5769631960175254,203
716,10.000000000000009,unknown,False,PK,Major road,2,11,0.8667769,0.98739547,0.2078314,0.50475955,-0.09211607,0.0,1.0,0.9090909090909091,1.0,0.44087696,0.5755440267649564,204
64,9.999999999999936,N10,False,PK,Highway,1,10,0.7010978,0.93784004,0.15092623,0.49230996,-0.09203062,0.028961921,1.0,0.9,1.0,0.3201629,0.5738727712631225,205
163,10.000000000000057,N25,False,PK,Highway,1,11,0.8865061,0.9789381,0.22503705,0.46862403,0.015303812,0.04089822,1.0,1.0,1.0,0.4773757,0.5735341966152191,206
605,9.999999999999975,N25,False,PK,Highway,1,10,0.83895856,0.98410237,0.20929983,0.48605332,-0.035424948,0.027158033,1.0,1.0,1.0,0.443992,0.5732571542263031,207
1686,10.000000000000025,314,True,CN,Highway,1,11,0.96510273,0.9797598,0.240593,0.4739122,-0.024485236,0.0,1.0,1.0,1.0,0.51037484,0.5725385904312134,208
500,9.999999999999975,N65,False,PK,Highway,1,10,0.91087544,0.991527,0.22686395,0.4814617,-0.05625559,0.0,1.0,1.0,1.0,0.48125112,0.5725156128406524,209
1015,10.000000000000002,N5,False,PK,Highway,1,11,0.7296323,0.9869019,0.15347268,0.49184743,-0.1025824,0.0,1.0,0.7272727272727273,1.0,0.3255647,0.5648170211098411,210
1562,10.000000000000016,N15,False,PK,Major road,2,11,0.8818369,0.97796744,0.22484231,0.4849634,-0.05510037,0.010898796,1.0,1.0,1.0,0.47696257,0.5639584124088287,211
1573,10.000000000000062,N15,False,PK,Major road,2,11,0.8964546,0.9777883,0.2284891,0.48321962,-0.08784761,0.0,1.0,1.0,1.0,0.48469856,0.5619443416595459,212
248,10.000000000000002,M8,False,PK,Highway,1,11,0.9393555,0.9813884,0.23995152,0.46436346,-0.034651443,0.0,1.0,1.0,1.0,0.50901407,0.5612103402614593,213
75,9.999999999999986,N10,False,PK,Highway,1,10,0.7541189,0.95476204,0.18669389,0.4631184,-0.0340695,0.040885873,1.0,0.9,1.0,0.39603755,0.5556809568405151,214
1679,10.000000000000027,314,True,CN,Highway,1,11,0.9298054,0.9778199,0.24105573,0.46052724,-0.04887196,0.0,1.0,1.0,1.0,0.5113564,0.5543434381484985,215
2,6.448257365609441,unknown,False,PK,Major road,1,9,0.65526944,0.8377054,0.14490421,0.47086108,-0.07485596,0.04574315,1.0,0.8888888888888888,1.0,0.30738825,0.5541719847255283,216
88,10.000000000000044,N10,False,PK,Highway,1,11,0.75732714,0.9855083,0.17743096,0.5070959,-0.15896662,0.0,1.0,0.8181818181818182,1.0,0.3763879,0.5540965681726282,217
1055,9.99999999999997,N45,False,PK,Major road,2,10,0.91371095,0.9691202,0.23963289,0.4527678,-0.056865364,0.0,1.0,1.0,1.0,0.5083381,0.5492368698120117,218
604,10.000000000000025,N25,False,PK,Highway,1,11,0.8759806,0.977625,0.23536639,0.44476202,0.010271972,0.03096548,1.0,1.0,1.0,0.49928752,0.5463558197021484,219
663,9.999999999999982,N50,False,PK,Highway,1,10,0.72116506,0.9512346,0.1732881,0.44524375,-0.13181134,0.0,1.0,0.9,1.0,0.36759958,0.5460650587081909,220
410,9.999999999999973,N25,False,PK,Highway,1,10,0.89404744,0.98207104,0.2363236,0.45457506,-0.05900066,0.0,1.0,1.0,1.0,0.50131804,0.5458453357219696,221
171,10.000000000000018,N25,False,PK,Highway,1,11,0.890217,0.98767847,0.23682393,0.45397758,-0.07679127,0.0,1.0,1.0,1.0,0.5023794,0.5429903030395508,222
1564,9.999999999999995,N15,False,PK,Major road,2,10,0.9456337,0.97709864,0.2514531,0.44710463,-0.03032567,0.00027443765,1.0,1.0,1.0,0.5334126,0.5412893950939178,223
249,9.999999999999973,M8,False,PK,Highway,1,10,0.96571475,0.9831406,0.25729665,0.44100532,-0.022172278,0.0,1.0,1.0,1.0,0.5458086,0.538619315624237,224
719,9.999999999999998,unknown,False,PK,Major road,2,10,0.85451317,0.98355883,0.22467689,0.45776662,-0.081643246,0.0,1.0,0.9,1.0,0.47661167,0.5372422301769256,225
1656,10.000000000000059,219,False,CN,Major road,2,11,0.96260816,0.98319507,0.25736234,0.43955585,-0.018824149,0.0,1.0,1.0,1.0,0.54594797,0.5370741844177246,226
938,8.111893561678126,unknown,False,PK,Major road,2,10,0.8992802,0.9848851,0.24234414,0.44864377,-0.070873335,0.0,1.0,1.0,1.0,0.5140895,0.5369696676731109,227
1685,10.000000000000043,314,True,CN,Highway,1,11,0.9123613,0.96953154,0.24620181,0.4367935,-0.059425417,0.0,1.0,1.0,1.0,0.5222729,0.535859739780426,228
276,10.000000000000044,N85,False,PK,Major road,2,11,0.84366,0.9858909,0.22886871,0.4523387,-0.084986016,0.0017304041,1.0,1.0,1.0,0.48550385,0.5344924390316009,229
1575,5.9887681859043385,N15,False,PK,Major road,2,8,0.8747826,0.96463895,0.23885816,0.43819323,-0.08265834,0.0,1.0,1.0,1.0,0.5066947,0.5315349161624908,230
487,9.999999999999844,N40,False,PK,Highway,1,10,0.90783393,0.9794492,0.24747415,0.44120604,-0.061525874,0.0,1.0,1.0,1.0,0.52497196,0.5312465786933899,231
886,10.0,unknown,False,PK,Major road,2,11,0.8342628,0.99273634,0.21772061,0.47785628,-0.13391146,0.0,1.0,0.8181818181818182,1.0,0.46185517,0.5307723766023462,232
1774,7.707682436842686,unknown,False,CN,Major road,2,10,0.89988804,0.9767928,0.2413518,0.4523654,-0.082118586,0.0,1.0,0.9,1.0,0.51198447,0.5291593337059021,233
945,10.000000000000004,unknown,False,PK,Major road,2,11,0.94634783,0.983434,0.25819203,0.43487784,-0.042920586,0.0,1.0,1.0,1.0,0.54770803,0.5280255138874054,234
44,1.9207608829072937,unknown,False,PK,Major road,2,3,0.7039909,0.7685541,0.18700492,0.42797694,-0.04365045,0.0016829172,1.0,1.0,1.0,0.39669734,0.5251402914524078,235
71,10.000000000000108,N10,False,PK,Highway,1,11,0.678734,0.95831656,0.17858978,0.43100384,-0.12299337,0.009789673,1.0,1.0,1.0,0.37884614,0.5240456521511078,236
245,10.000000000000005,M8,False,PK,Highway,1,11,0.94244426,0.98430556,0.26236448,0.41898572,-0.0038238494,0.0140603995,1.0,1.0,1.0,0.5565591,0.5214334487915039,237
169,10.000000000000012,N25,False,PK,Highway,1,11,0.95980036,0.98546666,0.26593673,0.42213288,-0.00147321,0.009900901,1.0,1.0,1.0,0.564137,0.5208167195320129,238
272,9.99999999999996,N85,False,PK,Major road,2,10,0.8318119,0.9818613,0.22794321,0.4525931,-0.118974164,0.0,1.0,0.9,1.0,0.48354056,0.5195971393585205,239
68,10.000000000000043,N10,False,PK,Highway,1,11,0.64839166,0.98465973,0.14558692,0.5022935,-0.16152962,0.026260328,1.0,0.6363636363636364,1.0,0.3088365,0.5183461319316517,240
996,10.000000000000007,unknown,False,PK,Major road,2,11,0.6723271,0.98627836,0.16733387,0.47187904,-0.25218898,0.0,1.0,0.8181818181818182,1.0,0.35496876,0.5154901331121271,241
282,10.00000000000005,N85,False,PK,Major road,2,11,0.88664645,0.99198556,0.25266975,0.4197435,-0.030122675,0.0019396977,1.0,1.0,1.0,0.53599346,0.511894679069519,242
967,9.999999999999995,unknown,False,PK,Major road,2,10,0.9517087,0.98440206,0.26832014,0.41508666,-0.04193271,0.0,1.0,1.0,1.0,0.569193,0.5100027680397033,243
1050,9.999999999999984,N45,False,PK,Major road,2,10,0.64287937,0.99084705,0.1420048,0.47576123,-0.15262118,0.0,1.0,0.6,1.0,0.30123767,0.5092198526859284,244
128,9.999999999999936,unknown,False,PK,Highway,1,10,0.54709685,0.8515634,0.11571467,0.38758025,0.15313506,0.17983481,1.0,0.5,1.0,0.24546789,0.5077608406543732,245
66,10.00000000000001,N10,False,PK,Highway,1,11,0.6838068,0.865082,0.18464479,0.42063582,-0.113591574,0.010628879,1.0,0.8181818181818182,1.0,0.39169073,0.5004413908178156,246
266,10.000000000000117,M8,False,PK,Highway,1,11,0.8110929,0.988263,0.23933879,0.43850648,-0.15248328,0.0,1.0,1.0,1.0,0.5077142,0.4992895185947418,247
1473,10.000000000000025,unknown,False,PK,Major road,2,11,0.8564165,0.97795933,0.2486189,0.40988195,-0.07715766,0.0,1.0,0.9090909090909091,1.0,0.5274003,0.4956512722102079,248
1640,6.113761840626358,N35,True,CN,Highway,1,8,0.9216147,0.9808995,0.27138874,0.4046091,-0.06312214,0.0,1.0,1.0,1.0,0.5757024,0.4910388946533203,249
56,9.99999999999996,N10,False,PK,Highway,1,10,0.6045708,0.8347384,0.15495838,0.41790953,-0.113619044,0.014490145,1.0,0.8,1.0,0.32871637,0.48946099162101747,250
1038,10.000000000000012,N95,False,PK,Major road,2,11,0.6163628,0.98669046,0.1531294,0.44350225,-0.20116043,0.0,1.0,0.7272727272727273,1.0,0.32483652,0.48887295506217265,251
1507,10.000000000000027,N75,False,PK,Major road,2,11,0.865967,0.9333131,0.26089865,0.39915162,-0.09604719,0.0,1.0,1.0,1.0,0.55344963,0.4866978585720062,252
409,10.00000000000003,N25,False,PK,Highway,1,11,0.955007,0.97862643,0.2810333,0.38792107,-0.025972746,0.0,1.0,1.0,1.0,0.59616166,0.4856684565544128,253
476,10.000000000000085,N40,False,PK,Highway,1,11,0.8667991,0.9796911,0.2670326,0.38363907,-0.004331941,0.0378577,1.0,1.0,1.0,0.5664617,0.4852550387382507,254
966,10.000000000000005,unknown,False,PK,Major road,2,11,0.85135275,0.9733825,0.2531454,0.4164128,-0.121750265,0.0,1.0,0.9090909090909091,1.0,0.5370025,0.48508327928456396,255
308,10.000000000000046,N85,False,PK,Major road,2,11,0.9131943,0.97219926,0.27578938,0.38460168,-0.044604693,0.0027320818,1.0,1.0,1.0,0.58503765,0.4796242773532867,256
210,9.999999999999828,N55,False,PK,Highway,1,10,0.5760547,0.9881883,0.122647226,0.50402856,-0.19208704,0.002809608,0.8,0.5,0.8,0.26017407,0.47688262462615966,257
1563,9.999999999999988,N15,False,PK,Major road,2,10,0.8639027,0.982706,0.26622853,0.3981254,-0.08577875,0.0030440271,1.0,1.0,1.0,0.564756,0.476769483089447,258
165,10.000000000000059,N25,False,PK,Highway,1,11,0.85474324,0.9922437,0.2650616,0.38763955,-0.056244027,0.006550361,1.0,1.0,1.0,0.56228054,0.47577533721923826,259
1008,10.000000000000046,unknown,False,PK,Major road,2,11,0.75816613,0.94355255,0.23260479,0.39807814,-0.17144966,0.0,1.0,0.9090909090909091,1.0,0.49342927,0.4749738248911771,260
995,9.999999999999998,unknown,False,PK,Major road,2,10,0.68244344,0.8718952,0.21523793,0.380259,-0.23390308,0.0,1.0,1.0,1.0,0.4565886,0.47084752321243284,261
808,9.999999999999865,N55,False,PK,Highway,1,10,0.74655914,0.98263395,0.22554564,0.42647886,-0.193198,0.0,1.0,0.8,1.0,0.47845456,0.46936448097229005,262
964,9.999999999999993,unknown,False,PK,Major road,2,10,0.85821724,0.96141094,0.2685718,0.37988275,-0.11717804,0.0,1.0,1.0,1.0,0.5697268,0.46926785111427305,263
1673,10.0,314,True,CN,Highway,1,11,0.9372574,0.97865796,0.28763652,0.3676383,-0.040104922,0.0,1.0,1.0,1.0,0.6101692,0.46537182331085203,264
615,10.000000000000098,N25,False,PK,Highway,1,11,0.88118327,0.96512496,0.27631783,0.3751548,-0.09449522,0.0,1.0,1.0,1.0,0.58615863,0.46467009782791135,265
130,9.999999999999972,unknown,False,PK,Highway,1,10,0.54039085,0.7165989,0.15880847,0.34936967,0.008952087,0.060585123,1.0,0.9,1.0,0.33688363,0.4634882771968842,266
36,9.999999999999996,M9,False,PK,Highway,1,10,0.5420849,0.86036307,0.1417423,0.3803068,-0.11956974,0.03903688,1.0,0.7,1.0,0.30068085,0.45884952664375306,267
1677,10.000000000000004,314,True,CN,Highway,1,11,0.9256649,0.9746933,0.2930383,0.35640955,-0.060452722,0.0,1.0,1.0,1.0,0.6216281,0.4502455949783325,268
506,9.999999999999952,N65,False,PK,Highway,1,10,0.76350105,0.9866739,0.24453893,0.4133907,-0.19398943,0.0,1.0,0.8,1.0,0.5187454,0.44743837594985963,269
404,9.999999999999977,N25,False,PK,Highway,1,10,0.8573945,0.96088135,0.28307226,0.35030144,-0.058660425,0.005725193,1.0,1.0,1.0,0.60048693,0.4439716100692749,270
1781,10.0,unknown,False,CN,Major road,2,11,0.90566885,0.98656493,0.29267585,0.35247138,-0.08632616,0.0,1.0,1.0,1.0,0.62085927,0.443375951051712,271
74,10.00000000000014,N10,False,PK,Highway,1,11,0.65671545,0.94717944,0.20938402,0.37585163,-0.15168668,0.017048549,1.0,0.7272727272727273,1.0,0.4441706,0.4420111872933128,272
238,9.999999999999991,M8,False,PK,Highway,1,10,0.668369,0.8821111,0.21082294,0.349392,-0.081255354,0.010179305,1.0,0.7,1.0,0.44722298,0.44200385332107545,273
634,10.000000000000066,N70,False,PK,Major road,2,11,0.81589085,0.9709149,0.2686013,0.35468146,-0.11684641,0.00027734583,1.0,0.9090909090909091,1.0,0.5697894,0.4419833394614133,274
278,10.000000000000016,N85,False,PK,Major road,2,11,0.7652439,0.9766338,0.25081307,0.3692611,-0.11789265,0.007935947,1.0,0.8181818181818182,1.0,0.53205484,0.44189434105699715,275
3,9.99999999999999,unknown,False,PK,Major road,2,10,0.49006438,0.7739173,0.12240384,0.3605371,-0.104433514,0.032121193,1.0,0.7,1.0,0.25965774,0.44084567546844483,276
1676,10.000000000000059,314,True,CN,Highway,1,11,0.92727315,0.9732602,0.29863045,0.34500787,-0.05582093,0.0,1.0,1.0,1.0,0.63349086,0.4398540914058685,277
1450,10.000000000000005,unknown,False,PK,Major road,2,11,0.7576303,0.97079945,0.25301796,0.36170965,-0.15558538,0.011937699,1.0,0.8181818181818182,1.0,0.53673214,0.43578838164156136,278
408,9.999999999999995,N25,False,PK,Highway,1,10,0.86340106,0.98714995,0.29011986,0.3433841,-0.071180746,0.008788896,1.0,1.0,1.0,0.61543715,0.4342292010784149,279
43,10.000000000000005,unknown,False,PK,Major road,2,11,0.6090979,0.82858425,0.20234154,0.34268072,-0.12099147,0.010375126,1.0,0.8181818181818182,1.0,0.42923123,0.43206604177301583,280
813,2.4424752256115205,N55,False,PK,Highway,1,5,0.9496247,0.9726686,0.3067537,0.3308312,-0.04150666,0.0,1.0,1.0,1.0,0.65072286,0.4316822052001953,281
1406,10.0,M2,False,PK,Highway,1,11,0.7454534,0.98143053,0.24555804,0.35384083,-0.16134049,0.0,0.9090909090909091,0.7272727272727273,0.9090909090909091,0.5209073,0.429868588664315,282
794,9.99999999999999,N55,False,PK,Highway,1,10,0.7354854,0.9648729,0.25390935,0.35682565,-0.19727173,0.0,1.0,0.9,1.0,0.5386231,0.42933597803115847,283
250,9.999999999999993,M8,False,PK,Highway,1,10,0.89532506,0.9612215,0.29985836,0.32785863,-0.02506653,0.012843251,1.0,1.0,1.0,0.63609564,0.4290235102176666,284
714,10.000000000000005,unknown,False,PK,Major road,2,11,0.78746563,0.9765432,0.27032068,0.35552648,-0.16945545,0.0,1.0,0.9090909090909091,1.0,0.57343674,0.42681300369176,285
1670,10.000000000000014,314,True,CN,Highway,1,11,0.94689023,0.9591256,0.3093849,0.32617748,-0.036250565,0.0,1.0,1.0,1.0,0.6563045,0.42544192671775816,286
170,10.000000000000032,N25,False,PK,Highway,1,11,0.95119,0.99113417,0.31045076,0.32838097,-0.021396983,0.00018233602,1.0,1.0,1.0,0.6585655,0.42481464743614195,287
965,10.000000000000014,unknown,False,PK,Major road,2,11,0.85828936,0.94454616,0.29308042,0.32545745,-0.117717125,0.0,1.0,1.0,1.0,0.62171745,0.42467588782310484,288
139,10.000000000000082,unknown,False,PK,Highway,1,11,0.58247334,0.84602404,0.19719161,0.32700208,-0.0076839733,0.049420044,1.0,0.7272727272727273,1.0,0.41830656,0.42390317700125957,289
1007,10.000000000000004,unknown,False,PK,Major road,2,11,0.78648114,0.94610095,0.2779151,0.32427633,-0.16753905,0.0,1.0,1.0,1.0,0.5895469,0.42281360030174253,290
620,9.999999999999996,N70,False,PK,Major road,2,10,0.8940838,0.97178864,0.30124462,0.32833958,-0.08769693,0.0,1.0,1.0,1.0,0.63903636,0.42273173332214353,291
138,9.999999999999957,unknown,False,PK,Highway,1,10,0.68027157,0.9693132,0.24831,0.31752414,-0.053007912,0.042571794,1.0,0.9,1.0,0.5267451,0.4225847983360291,292
1009,9.999999999999984,unknown,False,PK,Major road,2,10,0.7732738,0.91940707,0.2750431,0.32939324,-0.18700822,0.0,1.0,1.0,1.0,0.58345455,0.42210370898246763,293
309,9.999999999999975,N85,False,PK,Major road,2,10,0.9333118,0.9816854,0.30898637,0.32790095,-0.041120518,0.0,1.0,1.0,1.0,0.65545905,0.4215641379356384,294
225,9.999999999999961,M8,False,PK,Highway,1,10,0.68668216,0.8877177,0.26099414,0.2935584,-0.024116963,0.05560749,1.0,1.0,1.0,0.55365217,0.42040095329284666,295
241,9.99999999999995,M8,False,PK,Highway,1,10,0.60966843,0.9191249,0.20692742,0.32851964,-0.07319188,0.031029295,1.0,0.7,1.0,0.43895933,0.4198061001300812,296
688,10.00000000000003,N50,False,PK,Highway,1,11,0.781295,0.9866904,0.27408296,0.358166,-0.18861523,0.0,1.0,0.9090909090909091,1.0,0.58141774,0.41794532266530127,297
142,2.8204144637224897,unknown,False,IR,Highway,1,5,0.53747475,0.7880601,0.1654612,0.34409502,-0.063945435,0.030848932,1.0,0.6,1.0,0.3509962,0.416535404920578,298
509,6.903660687475713,N65,False,PK,Highway,1,8,0.6761294,0.91763693,0.24785537,0.31754577,-0.022989009,0.08286976,1.0,0.75,1.0,0.5257806,0.41635112166404725,299
1535,10.000000000000028,N35,True,PK,Highway,1,11,0.7729527,0.9664683,0.2733681,0.31702963,-0.14670311,0.0,1.0,0.9090909090909091,1.0,0.5799013,0.41562550989064306,300
648,10.00000000000007,N70,False,PK,Major road,2,11,0.742754,0.9681057,0.26581383,0.33085492,-0.16216025,0.0,1.0,0.9090909090909091,1.0,0.5638763,0.41484173861416906,301
619,2.878181717095977,unknown,False,PK,Major road,2,4,0.6035202,0.84858465,0.2207857,0.31305763,0.01023896,0.07480618,1.0,0.75,1.0,0.4683572,0.4145587205886841,302
968,10.000000000000018,unknown,False,PK,Major road,2,11,0.7080129,0.9842021,0.25073698,0.33704463,-0.18074484,0.0,1.0,0.8181818181818182,1.0,0.53189343,0.41324366981332955,303
145,9.999999999999973,N25,False,PK,Highway,1,10,0.5892943,0.9454596,0.20091884,0.36741042,-0.21027544,0.020004224,1.0,0.7,1.0,0.4262132,0.41313035011291505,304
239,9.999999999999966,M8,False,PK,Highway,1,10,0.702799,0.8357709,0.2662192,0.30049527,-0.045991354,0.028390419,1.0,1.0,1.0,0.5647362,0.4130005896091461,305
270,9.999999999999947,N85,False,PK,Major road,2,10,0.82991046,0.9741824,0.29371807,0.3224322,-0.11230083,0.0,1.0,1.0,1.0,0.6230701,0.41281805038452146,306
246,9.999999999999957,M8,False,PK,Highway,1,10,0.93794537,0.982698,0.31446663,0.3121643,-0.011005426,0.002035606,1.0,1.0,1.0,0.66708446,0.41276550889015196,307
705,5.0131092492362495,N50,False,PK,Highway,1,8,0.7240559,0.95129347,0.2803495,0.29632455,-0.07548835,0.061565876,1.0,1.0,1.0,0.59471107,0.40884331464767454,308
1675,10.000000000000009,314,True,CN,Highway,1,11,0.9150354,0.97239935,0.3127394,0.31178993,-0.059104335,0.0,1.0,1.0,1.0,0.66342044,0.40798223614692686,309
124,9.999999999999954,unknown,False,PK,Highway,1,10,0.72248876,0.8895752,0.2833043,0.2846362,0.04431613,0.075979814,1.0,1.0,1.0,0.6009792,0.40728298425674436,310
1432,8.022493324150798,N5,False,PK,Highway,1,11,0.49904346,0.8958755,0.14945786,0.33482105,-0.15545112,0.006231958,1.0,0.6363636363636364,1.0,0.31704798,0.406017095934261,311
718,0.8215756300805788,unknown,False,PK,Major road,2,2,0.59335184,0.6476108,0.22835001,0.3055663,-0.16956404,0.0,1.0,1.0,1.0,0.48440352,0.4059301376342773,312
674,9.999999999999988,N50,False,PK,Highway,1,10,0.7727278,0.956687,0.28628737,0.3044835,-0.1680657,0.0,1.0,1.0,1.0,0.6073072,0.4034446537494659,313
1506,9.999999999999995,N75,False,PK,Major road,2,10,0.806595,0.95501035,0.29415095,0.30388445,-0.16091976,0.0,1.0,1.0,1.0,0.6239884,0.40328908562660215,314
1674,9.999999999999986,314,True,CN,Highway,1,10,0.9556122,0.9701854,0.3231987,0.30192623,-0.030666923,0.0,1.0,1.0,1.0,0.68560797,0.40043685436248777,315
1678,9.99999999999999,314,True,CN,Highway,1,10,0.917618,0.96715206,0.31728762,0.30323574,-0.061393816,0.0,1.0,1.0,1.0,0.6730687,0.39999804496765134,316
603,10.000000000000027,N25,False,PK,Highway,1,11,0.63025784,0.98841524,0.24287467,0.31955993,-0.18164034,0.0075582047,1.0,0.9090909090909091,1.0,0.515215,0.3983381959525022,317
226,10.000000000000085,M8,False,PK,Highway,1,11,0.859943,0.9454359,0.31319323,0.28560618,0.004287286,0.038353518,1.0,1.0,1.0,0.6643832,0.39819971323013303,318
70,9.999999999999952,N10,False,PK,Highway,1,10,0.5314156,0.9422278,0.17413211,0.36265296,-0.21335569,0.012204575,1.0,0.6,1.0,0.36938998,0.39816710114479065,319
807,10.000000000000249,N55,False,PK,Highway,1,11,0.74802977,0.97636676,0.28358033,0.29670978,-0.20172915,0.0,1.0,1.0,1.0,0.6015647,0.3980414628982544,320
1550,10.000000000000005,N90,False,PK,Major road,2,11,0.70091736,0.95033866,0.26534745,0.29912516,-0.1887308,0.0,1.0,0.9090909090909091,1.0,0.56288695,0.3972892138091001,321
237,10.000000000000036,M8,False,PK,Highway,1,11,0.66438967,0.83821684,0.24800085,0.30748695,-0.14183441,0.00085675175,1.0,0.8181818181818182,1.0,0.52608925,0.39689378792589364,322
1538,9.999999999999993,N35,True,PK,Highway,1,10,0.8239336,0.946501,0.30181488,0.30360797,-0.12789683,0.0,1.0,1.0,1.0,0.64024603,0.39641339182853697,323
178,9.99999999999997,N25,False,PK,Highway,1,10,0.92289865,0.9822019,0.32075638,0.29710075,-0.04752452,0.0012669206,1.0,1.0,1.0,0.680427,0.3952502071857452,324
632,10.00000000000001,N70,False,PK,Major road,2,11,0.70862794,0.97752315,0.26319796,0.33692405,-0.21398725,0.0,1.0,0.8181818181818182,1.0,0.5583272,0.39479987675493416,325
1436,0.4197507259109927,N75,False,PK,Major road,2,2,0.5984353,0.63019705,0.24041653,0.29287216,-0.33273438,0.0,1.0,1.0,1.0,0.51000047,0.39323300719261167,326
717,10.000000000000027,unknown,False,PK,Major road,2,11,0.63893324,0.96671337,0.24877547,0.3046989,-0.18012899,0.0,1.0,0.9090909090909091,1.0,0.52773243,0.3926565322009,327
275,9.99999999999995,N85,False,PK,Major road,2,10,0.78479874,0.9894956,0.2852543,0.32889724,-0.15322594,0.0,1.0,0.8,1.0,0.6051158,0.3899046349525452,328
1799,9.99999999999998,unknown,False,CN,Major road,2,10,0.84670484,0.96533704,0.31113195,0.30027315,-0.14029372,0.0,1.0,1.0,1.0,0.6600105,0.38787073493003843,329
618,10.0,unknown,False,PK,Major road,2,11,0.65478396,0.92490923,0.26311028,0.27049997,-0.034180824,0.029098094,1.0,0.9090909090909091,1.0,0.5581412,0.3875056776133451,330
391,9.999999999999995,N25,False,PK,Highway,1,10,0.7980384,0.97654235,0.2963812,0.31930256,-0.15367337,0.00078573823,1.0,0.9,1.0,0.62871945,0.3864925765991211,331
251,10.000000000000002,M8,False,PK,Highway,1,11,0.7669106,0.97126067,0.29780066,0.29011843,-0.13997187,0.0035539975,1.0,1.0,1.0,0.6317306,0.38331819176673887,332
168,9.99999999999991,N25,False,PK,Highway,1,10,0.8170481,0.969964,0.30975887,0.28874165,-0.09505353,0.011140799,1.0,1.0,1.0,0.6570978,0.38295278549194334,333
179,8.60966559326263,N25,False,PK,Highway,1,10,0.92073125,0.9707682,0.32710513,0.28286743,-0.036124844,0.0038369535,1.0,1.0,1.0,0.6938948,0.3827998697757721,334
144,10.00000000000003,N25,False,PK,Highway,1,11,0.517,0.9361387,0.17363743,0.34383908,-0.21526419,0.005894558,1.0,0.5454545454545454,1.0,0.3683406,0.382587008042769,335
602,9.999999999999964,N25,False,PK,Highway,1,10,0.7451647,0.9817105,0.29317576,0.30905342,-0.19193353,0.0,1.0,1.0,1.0,0.6219197,0.38173208236694334,336
485,10.000000000000048,N40,False,PK,Highway,1,11,0.8341601,0.9710676,0.31385013,0.28448543,-0.10522613,0.007219905,1.0,1.0,1.0,0.66577667,0.38060072660446165,337
35,9.999999999999968,M9,False,PK,Highway,1,10,0.453628,0.88502187,0.14148682,0.31510752,-0.21694493,0.0023328841,1.0,0.6,1.0,0.3001389,0.37805983185768127,338
274,9.999999999999954,N85,False,PK,Major road,2,10,0.6635944,0.98084635,0.24818003,0.33656377,-0.19934848,0.009556508,1.0,0.6,1.0,0.52646935,0.37662142276763916,339
1531,10.000000000000005,N35,True,PK,Highway,1,11,0.54718286,0.88081765,0.20197819,0.31905916,-0.22016072,0.0,1.0,0.6363636363636364,1.0,0.42846045,0.37637299407612196,340
993,7.376833549463582,unknown,False,PK,Major road,2,9,0.7904971,0.96714723,0.3006419,0.29616585,-0.16916905,0.0,1.0,0.8888888888888888,1.0,0.6377578,0.37524033122592504,341
804,10.00000000000015,N55,False,PK,Highway,1,11,0.69758654,0.941388,0.26718944,0.32003868,-0.2473865,0.0,1.0,0.7272727272727273,1.0,0.5667944,0.37492568276145244,342
977,10.000000000000007,unknown,False,PK,Major road,2,11,0.6213609,0.8951029,0.24937315,0.30994335,-0.28914386,0.0,1.0,0.8181818181818182,1.0,0.52900034,0.3744789546186274,343
415,10.000000000000004,unknown,False,PK,Major road,2,11,0.92558825,0.9722795,0.3317584,0.2750205,-0.04255365,0.0,1.0,1.0,1.0,0.70376587,0.37419084310531614,344
472,10.000000000000112,N40,False,PK,Highway,1,11,0.6199597,0.97210366,0.24760032,0.29911268,-0.14720474,0.02391572,1.0,0.7272727272727273,1.0,0.5252396,0.3730385401032188,345
129,10.000000000000012,unknown,False,PK,Highway,1,11,0.4815625,0.8155328,0.17831315,0.29586443,-0.030061739,0.066868,1.0,0.5454545454545454,1.0,0.3782593,0.3706694467501207,346
405,9.999999999999957,N25,False,PK,Highway,1,10,0.6193889,0.97500664,0.2403115,0.32496232,-0.17953701,0.027524894,1.0,0.6,1.0,0.50977767,0.3705194866657257,347
633,9.999999999999998,N70,False,PK,Major road,2,10,0.8182432,0.9729809,0.31571728,0.271381,-0.109791294,0.0,1.0,1.0,1.0,0.66973746,0.3702350914478302,348
1687,10.00000000000001,314,True,CN,Highway,1,11,0.94549924,0.95816106,0.33684865,0.2700951,-0.042447176,0.0,1.0,1.0,1.0,0.7145639,0.36987960934638975,349
671,9.999999999999991,N50,False,PK,Highway,1,10,0.7398845,0.9658263,0.29324406,0.31282243,-0.2351512,0.0,1.0,0.9,1.0,0.6220646,0.3696285450458527,350
32,9.99999999999997,M9,False,PK,Highway,1,10,0.402783,0.9293105,0.07073848,0.3450226,-0.05163039,0.025309289,1.0,0.2,1.0,0.15005897,0.3686691415309906,351
125,10.000000000000023,unknown,False,PK,Highway,1,11,0.7182478,0.90313065,0.29803538,0.23860222,-0.027020471,0.017113078,1.0,1.0,1.0,0.6322285,0.36842933893203733,352
649,9.999999999999979,N70,False,PK,Major road,2,10,0.6016342,0.9200413,0.23971161,0.28721443,-0.16378322,0.002561134,1.0,0.7,1.0,0.5085051,0.36634040594100953,353
1331,9.999999999999984,Grand Trunk Rd,False,PK,Major road,1,10,0.3809736,0.5439943,0.07729005,0.31381202,-0.051060595,0.016621768,1.0,0.4,1.0,0.16395696,0.362665810585022,354
1533,10.000000000000036,N35,True,PK,Highway,1,11,0.54988873,0.80958337,0.22410302,0.28876504,-0.23783955,0.0,1.0,0.7272727272727273,1.0,0.47539428,0.3612020709297874,355
931,10.000000000000012,unknown,False,PK,Major road,2,11,0.73946136,0.9528288,0.30507803,0.2593575,-0.1844251,0.0,1.0,1.0,1.0,0.6471682,0.36090547442436216,356
336,9.999999999999941,N5,False,PK,Highway,1,10,0.45272484,0.86891055,0.14798717,0.31884366,-0.10082209,0.03701923,0.9,0.4,0.9,0.3139282,0.3598565542697907,357
1471,10.000000000000005,unknown,False,PK,Major road,2,11,0.65787226,0.9788294,0.26026735,0.26989865,-0.17038725,0.0,1.0,0.6363636363636364,1.0,0.55211043,0.3582904945720326,358
424,10.000000000000004,unknown,False,PK,Major road,2,11,0.6910053,0.95760584,0.29387954,0.23977633,-0.0525552,0.06266555,1.0,0.8181818181818182,1.0,0.62341267,0.35770841295068917,359
166,9.999999999999932,N25,False,PK,Highway,1,10,0.9008317,0.9782711,0.33710116,0.25798887,-0.048797697,0.0031633854,1.0,1.0,1.0,0.7150996,0.3574381828308105,360
689,9.99999999999987,N50,False,PK,Highway,1,10,0.7206577,0.9726691,0.30405408,0.26934475,-0.22312684,0.0,1.0,1.0,1.0,0.6449961,0.3558362782001495,361
597,9.99999999999999,N25,False,PK,Highway,1,10,0.6610744,0.97680086,0.2752153,0.29249942,-0.22082095,0.0,1.0,0.8,1.0,0.5838198,0.35512606978416444,362
725,6.622894421903888,unknown,False,PK,Major road,2,9,0.761091,0.94002056,0.31367052,0.26407716,-0.20650512,0.0,1.0,1.0,1.0,0.6653956,0.35466439127922056,363
983,10.000000000000014,unknown,False,PK,Major road,2,11,0.7447535,0.9393386,0.3056814,0.26204094,-0.20033951,0.0,1.0,0.9090909090909091,1.0,0.64844817,0.35272854295643896,364
255,9.9999999999999,M8,False,PK,Highway,1,10,0.68296015,0.9859169,0.2912763,0.27154735,-0.17425685,0.0016143143,1.0,0.9,1.0,0.61789036,0.35136922836303713,365
264,9.999999999999964,M8,False,PK,Highway,1,10,0.8201138,0.9711061,0.3272321,0.25464523,-0.1355147,0.0012425721,1.0,1.0,1.0,0.6941641,0.35113087892532346,366
240,10.000000000000028,M8,False,PK,Highway,1,11,0.525631,0.85108197,0.20630056,0.28585064,-0.17340906,0.0,1.0,0.5454545454545454,1.0,0.43762958,0.35014479593797165,367
984,10.00000000000002,unknown,False,PK,Major road,2,11,0.7481536,0.9414325,0.3139098,0.26070115,-0.21118584,0.0,1.0,1.0,1.0,0.6659032,0.34995572865009306,368
969,4.7652839640040785,unknown,False,PK,Major road,2,6,0.69017357,0.95763576,0.27910748,0.278877,-0.21581906,0.0,1.0,0.6666666666666666,1.0,0.59207636,0.3482047657171885,369
1491,9.999999999999998,N5,False,PK,Highway,1,10,0.51037717,0.9414744,0.19675203,0.2795963,-0.17765717,0.0,1.0,0.5,1.0,0.41737407,0.3473589599132538,370
277,9.99999999999998,N85,False,PK,Major road,2,10,0.6331986,0.9729525,0.2763055,0.2603071,-0.15998395,0.01733101,1.0,0.8,1.0,0.58613247,0.3463930952548981,371
1773,10.000000000000021,unknown,False,CN,Major road,2,11,0.6892966,0.95857674,0.29168126,0.28590316,-0.27391756,0.0,1.0,0.8181818181818182,1.0,0.6187494,0.3446129446679896,372
626,10.000000000000043,N70,False,PK,Major road,2,11,0.7000713,0.973709,0.29452288,0.28718358,-0.2459322,0.0,1.0,0.8181818181818182,1.0,0.6247774,0.3445007687265223,373
675,10.000000000000055,N50,False,PK,Highway,1,11,0.6732848,0.86618036,0.2940757,0.25439894,-0.22685027,0.0,1.0,0.9090909090909091,1.0,0.62382877,0.34417947855862707,374
418,9.99999999999996,unknown,False,PK,Major road,2,10,0.84713686,0.9707143,0.33558017,0.23338719,-0.053470053,0.0,1.0,1.0,1.0,0.71187305,0.3440829575061798,375
607,9.999999999999995,N25,False,PK,Highway,1,10,0.55008924,0.94126874,0.23729107,0.2681157,-0.15834506,0.03887584,1.0,0.6,1.0,0.50337034,0.3429095721244812,376
982,9.999999999999995,unknown,False,PK,Major road,2,10,0.75998753,0.9761941,0.31043404,0.27155188,-0.19276126,0.0,1.0,0.8,1.0,0.65853006,0.33951290130615236,377
673,10.000000000000014,N50,False,PK,Highway,1,11,0.65871096,0.79722124,0.29423413,0.25135604,-0.28301176,0.0,1.0,0.9090909090909091,1.0,0.6241648,0.338475835594264,378
425,10.00000000000008,unknown,False,PK,Major road,2,11,0.668556,0.966468,0.28935754,0.23344259,-0.089352295,0.029161187,1.0,0.7272727272727273,1.0,0.61382,0.3382005193016746,379
406,10.000000000000075,N25,False,PK,Highway,1,11,0.64650095,0.96254915,0.27149054,0.27248242,-0.19983655,0.00015456026,0.9090909090909091,0.6363636363636364,0.9090909090909091,0.57591844,0.33784413446079603,380
1407,9.999999999999973,M2,False,PK,Highway,1,10,0.6624633,0.89725804,0.28794175,0.26105335,-0.30007285,0.0,1.0,0.8,1.0,0.6108167,0.33781965255737306,381
606,9.999999999999977,N25,False,PK,Highway,1,10,0.58670753,0.95389104,0.24538806,0.2668953,-0.17596035,0.01919425,1.0,0.5,1.0,0.5205467,0.3360974371433258,382
417,10.00000000000001,unknown,False,PK,Major road,2,11,0.9446005,0.96999055,0.35372013,0.23449622,-0.021239687,0.0,1.0,1.0,1.0,0.7503537,0.3358160316944122,383
684,9.999999999999908,N50,False,PK,Highway,1,10,0.75204533,0.98156035,0.31780034,0.26639464,-0.21125416,0.0,1.0,0.9,1.0,0.6741563,0.3350492233037949,384
219,9.999999999999917,N55,False,PK,Highway,1,10,0.4716168,0.73668027,0.2014691,0.25025696,-0.14064875,0.019533182,1.0,0.6,1.0,0.42738047,0.33494028210639953,385
220,10.00000000000001,N55,False,PK,Highway,1,11,0.45962074,0.8910424,0.1868805,0.29438055,-0.17387557,0.04066375,1.0,0.45454545454545453,1.0,0.3964334,0.3330322043462233,386
137,10.000000000000014,unknown,False,PK,Highway,1,11,0.7108483,0.8953206,0.30749568,0.2223602,-0.076094024,0.0141434185,1.0,0.8181818181818182,1.0,0.65229684,0.3325182383710688,387
471,9.999999999999881,N40,False,PK,Highway,1,10,0.542924,0.7592631,0.24626508,0.26227325,-0.17450008,0.012159312,1.0,0.7,1.0,0.5224071,0.33233646273612977,388
1671,10.000000000000012,314,True,CN,Highway,1,11,0.9179758,0.93474597,0.35223022,0.23234248,-0.061007377,0.0,1.0,1.0,1.0,0.74719316,0.3320705652236938,389
1429,9.999999999999975,N5,False,PK,Highway,1,10,0.5102307,0.9290746,0.21111634,0.27905247,-0.29527602,0.0,1.0,0.5,1.0,0.4478454,0.33172624111175536,390
247,9.999999999999993,M8,False,PK,Highway,1,10,0.96900684,0.9790815,0.35967422,0.23019752,-0.018793112,0.0,1.0,1.0,1.0,0.7629842,0.329669913649559,391
475,10.00000000000005,N40,False,PK,Highway,1,11,0.60790396,0.94241905,0.2645558,0.26207554,-0.13110901,0.029366922,1.0,0.5454545454545454,1.0,0.56120765,0.3286307974295183,392
162,10.000000000000059,N25,False,PK,Highway,1,11,0.7338648,0.9389645,0.31514713,0.20384175,-0.04454648,0.012677539,1.0,0.8181818181818182,1.0,0.668528,0.3282431846315211,393
972,9.999999999999996,unknown,False,PK,Major road,2,10,0.56021196,0.96876824,0.23752388,0.2697386,-0.23289649,0.0,0.9,0.5,0.9,0.5038642,0.3279411971569061,394
416,9.999999999999993,unknown,False,PK,Major road,2,10,0.6628933,0.9737235,0.2885855,0.26395482,-0.21667206,0.0,1.0,0.7,1.0,0.6121823,0.3270817470550537,395
1658,10.000000000000064,219,False,CN,Major road,2,11,0.90844667,0.96252817,0.35387918,0.22820091,-0.046172973,0.00034673105,1.0,1.0,1.0,0.7506911,0.3265705019235611,396
37,10.000000000000028,M9,False,PK,Highway,1,11,0.37150648,0.7664637,0.11483657,0.28738138,-0.223771,0.0,1.0,0.45454545454545453,1.0,0.24360515,0.326460136608644,397
134,9.99999999999991,unknown,False,PK,Highway,1,10,0.52100426,0.7795186,0.24010448,0.25124818,-0.18291895,0.0011227131,1.0,0.7,1.0,0.5093385,0.32591740012168885,398
135,9.999999999999977,unknown,False,PK,Highway,1,10,0.62937534,0.8239312,0.29533568,0.21469775,-0.14472024,0.003008461,1.0,0.9,1.0,0.62650156,0.32582282662391665,399
227,9.999999999999893,M8,False,PK,Highway,1,10,0.7881323,0.9050065,0.33215848,0.21653494,-0.055583484,0.010593188,1.0,0.9,1.0,0.7046145,0.3254511320590973,400
936,9.999999999999996,unknown,False,PK,Major road,2,10,0.76275843,0.956877,0.33286014,0.22604947,-0.19275746,0.0,1.0,1.0,1.0,0.70610297,0.324172443151474,401
1435,9.99999999999999,N75,False,PK,Major road,2,10,0.51573074,0.74397963,0.24843964,0.2475801,-0.3210284,0.0,1.0,0.8,1.0,0.52702004,0.32393031001091005,402
143,9.999999999999995,N25,False,PK,Highway,1,10,0.46353707,0.7649071,0.19788006,0.26499546,-0.19986215,0.019037738,1.0,0.5,1.0,0.419767,0.323718923330307,403
1509,10.000000000000016,N75,False,PK,Major road,2,11,0.7606583,0.9530547,0.3339585,0.22484364,-0.15198082,0.0,1.0,1.0,1.0,0.708433,0.32178289294242857,404
65,10.00000000000004,N10,False,PK,Highway,1,11,0.5034957,0.9084517,0.21508631,0.30172402,-0.27787557,0.009427802,1.0,0.45454545454545453,1.0,0.45626697,0.3215787248177962,405
1494,0.8131497569125639,N5,False,PK,Highway,1,2,0.3829467,0.5922801,0.13714729,0.26476905,-0.18810256,0.0,1.0,0.5,1.0,0.29093334,0.3215347111225128,406
1529,10.000000000000002,N35,True,PK,Highway,1,11,0.47471178,0.8439765,0.19789505,0.25673878,-0.22222409,0.0,1.0,0.45454545454545453,1.0,0.4197988,0.3208829001946883,407
423,10.000000000000007,unknown,False,PK,Major road,2,11,0.47525445,0.8984196,0.21844907,0.22862428,-0.098767035,0.03897039,1.0,0.5454545454545454,1.0,0.46340045,0.3193093462423845,408
892,10.00000000000001,unknown,False,PK,Major road,2,11,0.45111653,0.9851772,0.18531348,0.32207176,-0.2984673,0.0,0.6363636363636364,0.45454545454545453,0.6363636363636364,0.39310926,0.3192329840226607,409
1790,9.99999999999992,unknown,False,CN,Major road,2,10,0.73646265,0.91512597,0.3311763,0.22885609,-0.21834075,0.0,1.0,1.0,1.0,0.70253104,0.3190747857093811,410
710,9.999999999999996,unknown,False,PK,Major road,2,10,0.64183486,0.9825778,0.28861535,0.30245256,-0.31418115,0.0,1.0,0.7,1.0,0.6122456,0.3188742768764496,411
1439,10.000000000000012,N75,False,PK,Major road,2,11,0.51486033,0.8913926,0.23832002,0.24640402,-0.26339844,0.0,0.9090909090909091,0.6363636363636364,0.9090909090909091,0.5055531,0.31820744384418836,412
682,9.999999999999984,N50,False,PK,Highway,1,10,0.6647343,0.9922476,0.29622477,0.23260403,-0.20759185,0.0,1.0,0.7,1.0,0.62838763,0.31702349305152894,413
234,9.999999999999936,M8,False,PK,Highway,1,10,0.4901548,0.7913758,0.20618924,0.27778777,-0.21787235,0.0,1.0,0.4,1.0,0.43739343,0.31576431632041935,414
432,10.000000000000046,unknown,False,PK,Major road,2,11,0.68533903,0.97345525,0.31061214,0.23429923,-0.19881386,0.0,1.0,0.8181818181818182,1.0,0.65890783,0.3155819659883326,415
167,10.000000000000071,N25,False,PK,Highway,1,11,0.9289787,0.969964,0.36298367,0.21514632,-0.022282623,0.0069145723,1.0,1.0,1.0,0.77000463,0.3153894305229187,416
243,9.999999999999993,M8,False,PK,Highway,1,10,0.5132744,0.7204115,0.23770857,0.24897385,-0.17683865,0.0016666471,1.0,0.6,1.0,0.504256,0.31486934185028076,417
1003,3.5157736792500347,unknown,False,PK,Major road,2,5,0.8141243,0.8893625,0.34789276,0.21635056,-0.15931366,0.0,1.0,1.0,1.0,0.737992,0.31330708265304563,418
1800,10.000000000000021,unknown,False,CN,Major road,2,11,0.6980212,0.9341766,0.32182762,0.23782323,-0.28147367,0.0,1.0,0.9090909090909091,1.0,0.6826995,0.31239156154069037,419
1002,10.000000000000028,unknown,False,PK,Major road,2,11,0.60733926,0.8893625,0.28540453,0.26521075,-0.31166637,0.0,1.0,0.7272727272727273,1.0,0.6054344,0.31236244223334575,420
1442,0.06946869441404292,unknown,False,PK,Major road,2,2,0.514015,0.514015,0.27686813,0.21212064,-0.3285709,0.0,1.0,1.0,1.0,0.587326,0.3121206372976303,421
133,10.000000000000048,unknown,False,PK,Highway,1,11,0.5738316,0.80391175,0.2828872,0.21815771,-0.17594646,0.0,1.0,0.8181818181818182,1.0,0.6000944,0.3112966751510447,422
1042,10.000000000000043,N95,False,PK,Major road,2,11,0.5542781,0.9635086,0.269954,0.25086495,-0.27112895,0.0,1.0,0.7272727272727273,1.0,0.5726589,0.30959307632663036,423
242,9.999999999999925,M8,False,PK,Highway,1,10,0.5248147,0.80562794,0.24580827,0.23976544,-0.13946553,0.03365342,1.0,0.5,1.0,0.52143806,0.3095697045326233,424
1470,9.999999999999995,unknown,False,PK,Major road,2,10,0.41326696,0.97266936,0.16569456,0.24809735,-0.13690522,0.0015977323,1.0,0.4,1.0,0.35149124,0.30840668916702274,425
1702,10.000000000000002,314,True,CN,Highway,1,11,0.6754731,0.9755991,0.30753496,0.26535237,-0.29074004,0.0,1.0,0.7272727272727273,1.0,0.65238017,0.30753512165763164,426
1793,10.000000000000014,unknown,False,CN,Major road,2,11,0.78762895,0.95936614,0.34222028,0.21575297,-0.17940298,0.0,1.0,0.9090909090909091,1.0,0.7259588,0.30675185945901007,427
126,10.00000000000001,unknown,False,PK,Highway,1,11,0.51133144,0.83358294,0.2396159,0.22537588,-0.12334106,0.0030209476,1.0,0.5454545454545454,1.0,0.5083021,0.3067212923006578,428
257,10.00000000000012,M8,False,PK,Highway,1,11,0.6694321,0.991362,0.30668446,0.24921575,-0.26282704,0.0,1.0,0.7272727272727273,1.0,0.650576,0.30664291463115,429
1483,0.28078484030627165,N55,False,PK,Highway,1,2,0.30686334,0.30686334,0.019253643,0.2943301,0.04706809,0.04706809,1.0,0.0,1.0,0.040843144,0.3060971200466156,430
147,10.000000000000087,N25,False,PK,Highway,1,11,0.48037192,0.94136775,0.21718979,0.28348657,-0.33036307,0.0,1.0,0.45454545454545453,1.0,0.46072912,0.3045051233334975,431
429,10.000000000000002,unknown,False,PK,Major road,2,11,0.6434648,0.96441483,0.30924875,0.20326453,-0.2066905,0.0,1.0,0.8181818181818182,1.0,0.65601563,0.30316001529043374,432
1776,9.999999999999973,unknown,False,CN,Major road,2,10,0.70006406,0.82616115,0.32905993,0.21333233,-0.2578897,0.0,1.0,0.9,1.0,0.6980415,0.3013903015851975,433
708,10.000000000000002,unknown,False,PK,Major road,2,11,0.7853267,0.9792662,0.33971727,0.22622277,-0.17148751,0.0,1.0,0.8181818181818182,1.0,0.7206491,0.30119988674467263,434
244,10.000000000000025,M8,False,PK,Highway,1,11,0.47754782,0.9338916,0.21147753,0.26281515,-0.25885642,0.003574317,1.0,0.36363636363636365,1.0,0.4486116,0.30057156573642385,435
1489,10.000000000000012,N5,False,PK,Highway,1,11,0.48013946,0.94878834,0.23066391,0.22840486,-0.21532883,0.0032426172,0.9090909090909091,0.5454545454545454,0.9090909090909091,0.48931205,0.3005575461821123,436
508,9.999999999999975,N65,False,PK,Highway,1,10,0.5896114,0.92455983,0.2980024,0.2349822,-0.25922182,0.011937732,1.0,0.8,1.0,0.6321585,0.29986797451972963,437
1053,9.999999999999972,N45,False,PK,Major road,2,10,0.5298382,0.9364433,0.2767454,0.23145565,-0.276716,0.0,1.0,0.8,1.0,0.58706564,0.29878840029239656,438
1532,10.000000000000043,N35,True,PK,Highway,1,11,0.59251326,0.76222557,0.29879448,0.2151986,-0.28025627,0.0,1.0,0.8181818181818182,1.0,0.63383883,0.2987735306674784,439
979,4.166348514327732,unknown,False,PK,Major road,2,6,0.45144495,0.61384565,0.21189398,0.2726795,-0.3576533,0.0,1.0,0.5,1.0,0.449495,0.2985227286815643,440
617,10.000000000000002,unknown,False,PK,Major road,2,11,0.48716372,0.7350024,0.23686057,0.23371401,-0.16548373,0.005205512,1.0,0.5454545454545454,1.0,0.50245714,0.2982316686348482,441
970,10.0,unknown,False,PK,Major road,2,11,0.58858705,0.9777777,0.28425762,0.25977162,-0.31166485,0.0,1.0,0.6363636363636364,1.0,0.6030015,0.2973045568574559,442
1422,10.000000000000023,N5,False,PK,Highway,1,11,0.67619926,0.97589827,0.31516123,0.2278171,-0.24799876,0.0,1.0,0.7272727272727273,1.0,0.66855794,0.29684814295985484,443
1479,9.999999999999988,N55,False,PK,Highway,1,10,0.46826133,0.9653755,0.20279339,0.25185826,-0.23268585,0.0,1.0,0.3,1.0,0.43018973,0.296820102930069,444
1417,10.000000000000002,M2,False,PK,Highway,1,11,0.5596959,0.9036422,0.27607104,0.2307197,-0.26590455,0.004381917,1.0,0.6363636363636364,1.0,0.5856351,0.29665015746246687,445
92,10.000000000000002,N10,False,PK,Highway,1,11,0.4261594,0.9557826,0.1879034,0.26944298,-0.21120399,0.014271363,1.0,0.36363636363636365,1.0,0.39860332,0.29622233401645315,446
228,10.000000000000071,M8,False,PK,Highway,1,11,0.7985063,0.9551907,0.3558602,0.18373875,-0.10476956,0.0,1.0,1.0,1.0,0.7548935,0.2957191079854965,447
1536,10.000000000000023,N35,True,PK,Highway,1,11,0.7351555,0.9664683,0.34072325,0.20373692,-0.18381478,0.0,1.0,0.9090909090909091,1.0,0.72278315,0.2947065952149305,448
253,10.000000000000009,M8,False,PK,Highway,1,11,0.62099195,0.78519076,0.30990404,0.21461792,-0.2615832,0.0,1.0,0.8181818181818182,1.0,0.65740573,0.294566456025297,449
414,10.00000000000001,unknown,False,PK,Major road,2,11,0.7362148,0.97316873,0.33022565,0.22508903,-0.1997599,0.0,1.0,0.7272727272727273,1.0,0.7005144,0.2932130195877769,450
1551,10.0,N90,False,PK,Major road,2,11,0.7270275,0.95033866,0.3407582,0.2111199,-0.21060081,0.0,1.0,0.9090909090909091,1.0,0.7228573,0.29239944842728705,451
310,10.000000000000044,N85,False,PK,Major road,2,11,0.75192744,0.97326887,0.34037855,0.19897844,-0.15608697,0.0,1.0,0.8181818181818182,1.0,0.7220519,0.2908149694854563,452
177,10.00000000000008,N25,False,PK,Highway,1,11,0.6628947,0.9941839,0.31674552,0.2399653,-0.27928197,0.0,1.0,0.7272727272727273,1.0,0.6719187,0.2902106442234733,453
305,10.00000000000001,N85,False,PK,Major road,2,11,0.6539078,0.9583397,0.31490648,0.19111806,-0.17527619,0.0,1.0,0.7272727272727273,1.0,0.6680175,0.289813200452111,454
1672,10.000000000000012,314,True,CN,Highway,1,11,0.88821775,0.920543,0.37071654,0.18923527,-0.08367584,0.0,1.0,1.0,1.0,0.78640854,0.28971572816371916,455
934,10.000000000000002,unknown,False,PK,Major road,2,11,0.90001035,0.9663051,0.37236288,0.18664399,-0.066040605,0.0,1.0,1.0,1.0,0.78990096,0.28909130990505216,456
511,8.735919624037527,N40,False,PK,Highway,1,10,0.7396909,0.90772694,0.34474027,0.183784,-0.15788335,0.0,1.0,0.9,1.0,0.7313045,0.2887515985965729,457
285,9.999999999999956,N85,False,PK,Major road,2,10,0.514157,0.8501889,0.25463134,0.22190651,-0.19051628,0.008926499,1.0,0.5,1.0,0.54015464,0.2886643439531326,458
1660,9.999999999999938,219,False,CN,Major road,2,10,0.8879508,0.9460973,0.37200716,0.18826547,-0.043956347,0.0013602972,1.0,1.0,1.0,0.78914636,0.287567725777626,459
1574,9.999999999999943,N15,False,PK,Major road,2,10,0.5623583,0.9041596,0.2893591,0.21064527,-0.24761303,0.0,1.0,0.7,1.0,0.61382335,0.2871696424484253,460
20,9.999999999999979,N5,False,PK,Highway,1,10,0.36393112,0.6817433,0.14808998,0.21921758,-0.10160651,0.027196158,1.0,0.3,1.0,0.31414628,0.28640255212783816,461
1482,10.000000000000023,N55,False,PK,Highway,1,11,0.3270369,0.60546947,0.109536245,0.2594486,-0.092684604,0.03230894,1.0,0.2727272727272727,1.0,0.23236147,0.28639608242295006,462
34,10.000000000000018,M9,False,PK,Highway,1,11,0.32786837,0.914697,0.10412355,0.25689268,-0.15189281,0.013122076,0.8181818181818182,0.2727272727272727,0.8181818181818182,0.2208794,0.28600224473259667,463
1472,10.000000000000002,unknown,False,PK,Major road,2,11,0.6342606,0.98883325,0.29943925,0.23859356,-0.25754002,0.0,1.0,0.5454545454545454,1.0,0.6352066,0.28591953949494797,464
1474,9.99999999999999,unknown,False,PK,Major road,2,10,0.5628314,0.8709274,0.28417638,0.202005,-0.18993858,0.0062247873,1.0,0.6,1.0,0.60282916,0.2850964194536209,465
254,10.000000000000243,M8,False,PK,Highway,1,11,0.6240967,0.8325509,0.32512,0.18988985,-0.24743667,0.0014675584,1.0,0.9090909090909091,1.0,0.6896837,0.2849433842030439,466
1503,10.000000000000007,unknown,False,PK,Major road,2,11,0.46021292,0.95180094,0.21719152,0.2753451,-0.30145094,0.0,0.7272727272727273,0.36363636363636365,0.7272727272727273,0.4607328,0.28454135846007955,467
261,10.000000000000053,M8,False,PK,Highway,1,11,0.70296955,0.9765414,0.32943857,0.21337251,-0.22279643,0.0,1.0,0.7272727272727273,1.0,0.69884473,0.2844302602789619,468
1801,9.999999999999991,unknown,False,CN,Major road,2,10,0.72520554,0.8545318,0.35208485,0.18365428,-0.25214952,0.0,1.0,1.0,1.0,0.74688476,0.2835605651140213,469
161,9.999999999999936,N25,False,PK,Highway,1,10,0.44677344,0.9226305,0.22539492,0.20239958,-0.20108032,0.0,0.9,0.5,0.9,0.47813484,0.2831554740667343,470
236,10.000000000000028,M8,False,PK,Highway,1,11,0.5399376,0.836949,0.28130066,0.21227975,-0.3099203,0.0,1.0,0.6363636363636364,1.0,0.5967288,0.28137765933166853,471
517,1.2990167429944204,unknown,False,PK,Major road,2,3,0.306012,0.4980814,0.095968425,0.22543813,-0.012119536,0.015478298,1.0,0.3333333333333333,1.0,0.20357977,0.28091706534226735,472
1802,9.999999999999941,unknown,False,CN,Major road,2,10,0.8065815,0.9199116,0.36594996,0.17937994,-0.17556018,0.0,1.0,1.0,1.0,0.7762971,0.2804346293210983,473
94,9.999999999999922,N10,False,PK,Highway,1,10,0.365427,0.7379037,0.15872003,0.2603743,-0.18262845,0.03190866,1.0,0.3,1.0,0.33669603,0.2803663301467896,474
42,4.994245651293305,M9,False,PK,Highway,1,6,0.3376476,0.5303786,0.103454374,0.24973084,-0.14632104,0.0,1.0,0.16666666666666666,1.0,0.21945986,0.2802141467730204,475
1511,9.99999999999999,N75,False,PK,Major road,2,10,0.8340057,0.9177941,0.36963722,0.17904256,-0.13186625,0.0,1.0,1.0,1.0,0.78411895,0.28004602193832395,476
645,9.999999999999998,N70,False,PK,Major road,2,10,0.86335933,0.9571546,0.3732044,0.18218026,-0.1262449,0.0,1.0,1.0,1.0,0.7916861,0.2798497289419174,477
136,10.000000000000043,unknown,False,PK,Highway,1,11,0.5881549,0.8697804,0.29818368,0.18286099,-0.18667078,0.0,1.0,0.6363636363636364,1.0,0.6325431,0.27975794781338087,478
1561,9.999999999999961,N15,False,PK,Major road,2,10,0.7871931,0.9287828,0.3639987,0.18044111,-0.15345785,0.0,1.0,1.0,1.0,0.77215785,0.27935577034950254,479
642,10.000000000000087,N70,False,PK,Major road,2,11,0.6356606,0.9605064,0.3181698,0.2305188,-0.3138115,0.0,1.0,0.7272727272727273,1.0,0.67494005,0.2793550737879493,480
1010,10.000000000000018,unknown,False,PK,Major road,2,11,0.62312776,0.7931198,0.32207957,0.19409527,-0.28896934,0.0,1.0,0.8181818181818182,1.0,0.6832339,0.27920392507856545,481
1475,10.000000000000002,unknown,False,PK,Major road,2,11,0.5110321,0.9633038,0.2485963,0.2035665,-0.18405752,0.002658015,1.0,0.36363636363636365,1.0,0.5273524,0.27856624614108694,482
1043,1.0319188378817628,N95,False,PK,Major road,2,3,0.57424253,0.8603535,0.29757142,0.19518091,-0.3500891,0.0,1.0,0.6666666666666666,1.0,0.6312443,0.27842186788717904,483
235,9.999999999999975,M8,False,PK,Highway,1,10,0.5712631,0.8544262,0.29128662,0.21476737,-0.2901623,0.0,1.0,0.6,1.0,0.61791223,0.2782726263999939,484
433,10.000000000000032,unknown,False,PK,Major road,2,11,0.7230475,0.97345525,0.34355158,0.20117778,-0.22615032,0.0,1.0,0.8181818181818182,1.0,0.72878295,0.27792099470441994,485
93,10.000000000000012,N10,False,PK,Highway,1,11,0.42038763,0.85512704,0.20370993,0.23772302,-0.23516963,0.009734615,1.0,0.36363636363636365,1.0,0.43213403,0.27752112339843404,486
1782,9.999999999999972,unknown,False,CN,Major road,2,10,0.71288705,0.92009735,0.35423508,0.18399008,-0.2639392,0.0,1.0,1.0,1.0,0.75144607,0.27719088494777677,487
810,9.999999999999838,N55,False,PK,Highway,1,10,0.38797948,0.9784566,0.18346368,0.2557297,-0.36390886,0.0,0.7,0.4,0.7,0.38918522,0.2769836121797562,488
676,10.000000000000036,N50,False,PK,Highway,1,11,0.7109367,0.9379196,0.35416567,0.16871427,-0.2207777,0.0,1.0,1.0,1.0,0.75129884,0.2768107861280441,489
1037,10.000000000000005,N95,False,PK,Major road,2,11,0.41942894,0.95704126,0.20155816,0.2863981,-0.33326006,0.0,0.9090909090909091,0.36363636363636365,0.9090909090909091,0.42756942,0.27645759772170675,490
1,9.999999999999995,unknown,False,PK,Major road,1,10,0.31283578,0.5750777,0.10611669,0.24406736,-0.1091406,0.013693142,1.0,0.3,1.0,0.22510749,0.27583739042282107,491
1062,10.00000000000002,N45,False,PK,Major road,2,11,0.8341076,0.95548797,0.37285158,0.179131,-0.14684857,0.0,1.0,1.0,1.0,0.79093766,0.2743804812431335,492
935,10.000000000000004,unknown,False,PK,Major road,2,11,0.81099164,0.956877,0.37022457,0.17123109,-0.16481194,0.0,1.0,1.0,1.0,0.7853649,0.27406725883483884,493
724,9.999999999999996,unknown,False,PK,Major road,2,10,0.74545825,0.90057397,0.3617704,0.17245005,-0.21806483,0.0,1.0,1.0,1.0,0.7674309,0.2733705550432205,494
304,9.999999999999975,N85,False,PK,Major road,2,10,0.539503,0.94243056,0.2778662,0.20227218,-0.22927931,0.0055361567,0.9,0.5,0.9,0.58944327,0.27288061678409575,495
1784,9.999999999999973,unknown,False,CN,Major road,2,10,0.7478517,0.96816117,0.36275366,0.17951511,-0.21817374,0.0,1.0,1.0,1.0,0.7695167,0.2723673343658447,496
252,9.999999999999984,M8,False,PK,Highway,1,10,0.5640664,0.7813588,0.31906685,0.17776838,-0.3112318,0.0,1.0,0.9,1.0,0.676843,0.2722820156812668,497
1669,9.999999999999986,314,True,CN,Highway,1,10,0.87262946,0.9566499,0.37844226,0.1736236,-0.1080749,0.0,1.0,1.0,1.0,0.80279726,0.2720849275588989,498
635,10.00000000000001,N70,False,PK,Major road,2,11,0.54975325,0.9757071,0.28564098,0.23931712,-0.32180545,0.0,1.0,0.5454545454545454,1.0,0.60593605,0.271183393760161,499
679,10.000000000000027,N50,False,PK,Highway,1,11,0.51769227,0.9926604,0.26631334,0.26870084,-0.358203,0.0,1.0,0.45454545454545453,1.0,0.5649359,0.2706838534636931,500
175,9.999999999999991,N25,False,PK,Highway,1,10,0.7680198,0.95783025,0.361061,0.17985424,-0.19399662,0.0,1.0,0.9,1.0,0.76592606,0.26977342009544375,501
639,9.999999999999988,N70,False,PK,Major road,2,10,0.68663096,0.9562911,0.33430153,0.20113859,-0.25886855,0.0,1.0,0.7,1.0,0.7091606,0.2696993124485016,502
962,10.0,unknown,False,PK,Major road,2,11,0.6918911,0.9086749,0.3435149,0.1861535,-0.2554853,0.0,1.0,0.8181818181818182,1.0,0.7287051,0.2695246970111674,503
638,9.99999999999999,N70,False,PK,Major road,2,10,0.6961126,0.91539073,0.35662633,0.1594167,-0.23891349,0.0,1.0,1.0,1.0,0.75651866,0.2694904267787933,504
930,9.999999999999996,unknown,False,PK,Major road,2,10,0.80437917,0.9643022,0.36717743,0.1622775,-0.121871926,0.0005212963,1.0,0.9,1.0,0.7789009,0.2679778152704239,505
1428,9.999999999999998,N5,False,PK,Highway,1,10,0.46719152,0.86321974,0.24182749,0.22285959,-0.3635078,0.0,1.0,0.4,1.0,0.5129936,0.26752526402473453,506
431,10.000000000000027,unknown,False,PK,Major road,2,11,0.6935286,0.9597091,0.3392459,0.1725202,-0.197152,0.0,1.0,0.7272727272727273,1.0,0.7196492,0.2671585776589134,507
1000,9.999999999999988,unknown,False,PK,Major road,2,10,0.59153706,0.9561476,0.3236107,0.1913957,-0.33488148,0.0,1.0,0.8,1.0,0.68648195,0.2654575425386429,508
721,9.999999999999998,unknown,False,PK,Major road,2,10,0.7495789,0.96740264,0.3674744,0.16896373,-0.22543725,0.0,1.0,1.0,1.0,0.77953094,0.2652589589357376,509
986,10.000000000000002,unknown,False,PK,Major road,2,11,0.5167091,0.95880336,0.27200973,0.23240067,-0.35231924,0.0,1.0,0.45454545454545453,1.0,0.57701975,0.26401229067282245,510
287,10.000000000000062,N85,False,PK,Major road,2,11,0.63805234,0.9447829,0.33690274,0.16788189,-0.23363961,0.0,1.0,0.8181818181818182,1.0,0.71467865,0.26386814171617684,511
997,10.000000000000004,unknown,False,PK,Major road,2,11,0.49378178,0.9727883,0.2640663,0.24001282,-0.4169403,0.0,1.0,0.45454545454545453,1.0,0.5601692,0.2626349614425139,512
1537,9.999999999999966,N35,True,PK,Highway,1,10,0.5713391,0.8788848,0.3044445,0.18003996,-0.23320794,0.0,1.0,0.6,1.0,0.6458243,0.26235440135002136,513
73,9.999999999999941,N10,False,PK,Highway,1,10,0.49872342,0.76795214,0.28147203,0.19414835,-0.31679702,0.0,1.0,0.6,1.0,0.59709233,0.26093949139118194,514
1052,10.000000000000012,N45,False,PK,Major road,2,11,0.4455079,0.90419644,0.23463707,0.22524597,-0.30735782,0.0,1.0,0.36363636363636365,1.0,0.4977404,0.2601242710243572,515
141,7.932443684125377,unknown,False,PK,Highway,1,9,0.5065711,0.7887319,0.27090192,0.18976186,-0.23077938,0.0,1.0,0.4444444444444444,1.0,0.5746697,0.2599044766690996,516
283,9.99999999999993,N85,False,PK,Major road,2,10,0.56925577,0.92915046,0.3067127,0.17758043,-0.25614896,0.0023103417,1.0,0.6,1.0,0.65063584,0.2594551420211792,517
1498,0.5355940316839859,N5,False,PK,Highway,1,3,0.35286793,0.4065645,0.12511069,0.25653622,-0.20966434,0.0,1.0,0.0,1.0,0.26539984,0.259216845035553,518
685,9.999999999999966,N50,False,PK,Highway,1,10,0.69487846,0.98271596,0.35010496,0.19594102,-0.268076,0.0,1.0,0.8,1.0,0.7426848,0.2588028031587601,519
233,9.999999999999957,M8,False,PK,Highway,1,10,0.48218066,0.6910585,0.26731732,0.20293061,-0.2932535,0.0,1.0,0.5,1.0,0.56706566,0.2587525725364685,520
1650,10.000000000000062,219,False,CN,Major road,2,11,0.8777008,0.9702882,0.3862425,0.1619541,-0.11288998,0.0,1.0,1.0,1.0,0.8193441,0.2585618257522583,521
256,10.000000000000032,M8,False,PK,Highway,1,11,0.6098276,0.86095357,0.33488935,0.16837819,-0.28182313,0.0,1.0,0.8181818181818182,1.0,0.7104076,0.2584196066314524,522
72,10.000000000000071,N10,False,PK,Highway,1,11,0.44121304,0.9377639,0.23789836,0.23220953,-0.2945318,0.0133236805,1.0,0.36363636363636365,1.0,0.50465864,0.25824562202800405,523
21,9.99999999999991,N5,False,PK,Highway,1,10,0.28609982,0.79408586,0.113471605,0.2042267,-0.10117237,0.041575447,0.6,0.3,0.6,0.24070962,0.25762671113014224,524
1430,10.000000000000027,N5,False,PK,Highway,1,11,0.3912136,0.6399706,0.20499802,0.21989146,-0.32648587,0.0,1.0,0.36363636363636365,1.0,0.43486646,0.2574515689503063,525
711,10.000000000000007,unknown,False,PK,Major road,2,11,0.65147394,0.93316746,0.34436557,0.17354247,-0.28183815,0.0,1.0,0.8181818181818182,1.0,0.7305097,0.25738409513776955,526
614,10.000000000000009,N25,False,PK,Highway,1,11,0.67587036,0.9478562,0.34265336,0.19027539,-0.2859439,0.0,1.0,0.7272727272727273,1.0,0.72687757,0.2573226340792396,527
990,9.999999999999996,unknown,False,PK,Major road,2,10,0.5899159,0.96483475,0.31437,0.21162231,-0.3275736,0.0,1.0,0.6,1.0,0.6668795,0.2565130865573883,528
1447,10.000000000000025,M1,False,PK,Highway,1,11,0.4454568,0.93144506,0.2540977,0.18872003,-0.23060654,0.022443749,0.8181818181818182,0.45454545454545453,0.8181818181818182,0.5390226,0.25641099973158404,529
41,10.000000000000027,M9,False,PK,Highway,1,11,0.32471916,0.86154765,0.11570506,0.24209042,-0.18178257,0.0048708213,1.0,0.09090909090909091,1.0,0.24544749,0.25532626482573423,530
640,9.999999999999975,N70,False,PK,Major road,2,10,0.7501132,0.95396894,0.36797777,0.16257289,-0.21638861,0.0,1.0,0.9,1.0,0.7805987,0.2545758152008057,531
11,10.000000000000018,N5,False,PK,Highway,1,11,0.30623874,0.5428505,0.13018017,0.21890116,-0.1366635,0.020452214,1.0,0.2727272727272727,1.0,0.27615383,0.2540555260398171,532
1054,10.000000000000025,N45,False,PK,Major road,2,11,0.685639,0.9645269,0.35298443,0.17769064,-0.25933054,0.0,1.0,0.8181818181818182,1.0,0.74879307,0.25405545884912667,533
132,10.000000000000025,unknown,False,PK,Highway,1,11,0.43613958,0.77551115,0.22698309,0.2054006,-0.199342,0.0,1.0,0.2727272727272727,1.0,0.48150384,0.2534094265916131,534
1659,10.000000000000007,219,False,CN,Major road,2,11,0.87455446,0.9071829,0.38920557,0.15229942,-0.06373144,0.0,1.0,1.0,1.0,0.8256297,0.2524963080883026,535
980,10.000000000000002,unknown,False,PK,Major road,2,11,0.54965013,0.9692404,0.30968308,0.19613765,-0.34023076,0.0,1.0,0.6363636363636364,1.0,0.656937,0.2522009919990193,536
29,10.000000000000014,M9,False,PK,Highway,1,11,0.31935298,0.81078666,0.14521033,0.20520824,-0.16744995,0.010559163,0.9090909090909091,0.2727272727272727,0.9090909090909091,0.3080376,0.25089275457642296,537
1783,10.000000000000018,unknown,False,CN,Major road,2,11,0.6915544,0.9283137,0.3562483,0.1736447,-0.26106536,0.0,1.0,0.8181818181818182,1.0,0.75571674,0.25075334662740884,538
1803,6.555262482915365,unknown,False,CN,Major road,2,9,0.804983,0.88469315,0.3832313,0.15087003,-0.17459923,0.0,1.0,1.0,1.0,0.8129564,0.2505669206380844,539
1477,2.3002659613620775,unknown,False,PK,Major road,2,4,0.66120124,0.9538911,0.3468556,0.17993766,-0.2850234,0.0,1.0,0.75,1.0,0.73579186,0.2496947467327118,540
127,10.000000000000052,unknown,False,PK,Highway,1,11,0.36553773,0.71859175,0.18731694,0.19208536,-0.18443799,0.0,1.0,0.2727272727272727,1.0,0.39735922,0.2475606612183831,541
55,9.999999999999982,N10,False,PK,Highway,1,10,0.39475816,0.72261125,0.22499084,0.23083028,-0.3302017,0.0036675334,1.0,0.4,1.0,0.47727767,0.24726580917835236,542
1585,10.000000000000032,N5,False,PK,Highway,1,11,0.496315,0.8169523,0.28858674,0.15627062,-0.25532514,0.0,1.0,0.5454545454545454,1.0,0.6121849,0.24702391759915784,543
428,10.000000000000032,unknown,False,PK,Major road,2,11,0.56086403,0.94712925,0.3107438,0.18941563,-0.28228864,0.0046279375,1.0,0.5454545454545454,1.0,0.65918714,0.24685212211175397,544
598,10.00000000000003,N25,False,PK,Highway,1,11,0.43770382,0.99274004,0.24518496,0.22937463,-0.30573165,0.0,1.0,0.36363636363636365,1.0,0.52011585,0.2464107621799816,545
1001,10.000000000000002,unknown,False,PK,Major road,2,11,0.47306195,0.7519684,0.2731571,0.20044781,-0.3209417,0.004997188,1.0,0.45454545454545453,1.0,0.5794537,0.24564829333262012,546
1454,10.000000000000014,N80,False,PK,Major road,2,11,0.43543738,0.98173976,0.24508904,0.20820741,-0.29462555,0.0,0.8181818181818182,0.36363636363636365,0.8181818181818182,0.51991236,0.24541174363006246,547
288,10.000000000000021,N85,False,PK,Major road,2,11,0.6761484,0.912239,0.36369693,0.14715838,-0.24541475,0.0,1.0,0.9090909090909091,1.0,0.7715177,0.24539704349907962,548
22,10.000000000000071,N5,False,PK,Highway,1,11,0.2736784,0.5180827,0.11936603,0.1941023,-0.075143345,0.013575476,0.6363636363636364,0.36363636363636365,0.6363636363636364,0.25321358,0.24413681517947805,549
1560,10.00000000000003,N15,False,PK,Major road,2,11,0.65896654,0.899858,0.36869755,0.14186507,-0.26984215,0.0,1.0,1.0,1.0,0.7821256,0.24357194304466248,550
1021,1.1983147628597224,unknown,False,PK,Major road,2,3,0.27983654,0.5318261,0.119380824,0.20968135,-0.15936697,0.0,0.6666666666666666,0.3333333333333333,0.6666666666666666,0.25324497,0.24230267306168873,551
477,9.99999999999996,N40,False,PK,Highway,1,10,0.4173852,0.8456931,0.25098616,0.18123193,-0.26024207,0.027381921,1.0,0.4,1.0,0.53242207,0.2420055800676346,552
1013,7.417976885227783,unknown,False,PK,Major road,2,9,0.48730808,0.7573346,0.31271008,0.1544084,-0.35710633,0.0,1.0,0.7777777777777778,1.0,0.6633583,0.24182601736651527,553
1350,2.683597014194509,unknown,False,PK,Major road,2,5,0.34101585,0.40302986,0.13737914,0.24520531,-0.13026004,0.0,1.0,0.0,1.0,0.29142517,0.2416352480649948,554
1485,10.0,N5,False,PK,Highway,1,11,0.45149425,0.72139275,0.26707885,0.19582376,-0.32938823,0.0,1.0,0.45454545454545453,1.0,0.5665598,0.24115030332045123,555
479,10.0,N40,False,PK,Highway,1,11,0.40535364,0.9793367,0.22558473,0.23420286,-0.3123244,0.009205499,1.0,0.2727272727272727,1.0,0.47853747,0.24095084883949974,556
623,9.999999999999995,N70,False,PK,Major road,2,10,0.6763738,0.872237,0.3668062,0.15003872,-0.28108442,0.0,1.0,0.9,1.0,0.7781135,0.240078222155571,557
1431,10.000000000000009,N5,False,PK,Highway,1,11,0.39477107,0.71049285,0.218477,0.2133429,-0.28906775,0.0,1.0,0.2727272727272727,1.0,0.4634597,0.239083301208236,558
680,9.999999999999973,N50,False,PK,Highway,1,10,0.5872066,0.94690156,0.3282063,0.15584952,-0.29777437,0.0,1.0,0.6,1.0,0.6962307,0.23837533354759216,559
704,9.999999999999815,N50,False,PK,Highway,1,10,0.5128328,0.84361756,0.2894605,0.18815577,-0.28044537,0.0,1.0,0.4,1.0,0.61403847,0.23793374836444856,560
637,9.999999999999927,N70,False,PK,Major road,2,10,0.6773163,0.92672557,0.36884236,0.13466409,-0.26521572,0.0,1.0,0.9,1.0,0.7824328,0.23736181497573855,561
291,9.999999999999917,N85,False,PK,Major road,2,10,0.5290458,0.80839556,0.31351408,0.15101787,-0.28960592,0.0,1.0,0.6,1.0,0.6650638,0.23719659209251404,562
981,10.0,unknown,False,PK,Major road,2,11,0.5337224,0.9634945,0.3102662,0.20676617,-0.3846634,0.0,1.0,0.5454545454545454,1.0,0.658174,0.2369856609539552,563
289,9.999999999999975,N85,False,PK,Major road,2,10,0.6757759,0.9179462,0.36225325,0.1460837,-0.24477553,0.0,1.0,0.8,1.0,0.7684552,0.236472384929657,564
1508,9.999999999999984,N75,False,PK,Major road,2,10,0.73055923,0.9069992,0.37696612,0.14071825,-0.21622813,0.0,1.0,0.9,1.0,0.79966587,0.23635594189167025,565
232,10.00000000000007,M8,False,PK,Highway,1,11,0.54925007,0.8680994,0.33198828,0.14930047,-0.3392844,0.0,1.0,0.7272727272727273,1.0,0.7042535,0.23516606769778514,566
1433,10.000000000000007,Islamabad Highway,False,PK,Major road,2,11,0.4467386,0.9170612,0.2712483,0.16193108,-0.31788144,0.0,1.0,0.45454545454545453,1.0,0.5754046,0.2351377145810561,567
290,9.999999999999988,N85,False,PK,Major road,2,10,0.55353445,0.930744,0.32239088,0.15965793,-0.29121464,0.0,1.0,0.6,1.0,0.68389434,0.23497538030147552,568
422,9.999999999999979,unknown,False,PK,Major road,2,10,0.3312874,0.6131382,0.17990634,0.2007086,-0.18559778,0.0,1.0,0.3,1.0,0.38163897,0.23485521852970123,569
173,10.000000000000107,N25,False,PK,Highway,1,11,0.64802176,0.97935826,0.34694913,0.17833012,-0.30460894,0.0,1.0,0.6363636363636364,1.0,0.7359902,0.2347204398025166,570
1651,9.99999999999999,219,False,CN,Major road,2,10,0.88761884,0.9387695,0.40096197,0.13298407,-0.10085213,0.0,1.0,1.0,1.0,0.8505688,0.23263797760009766,571
53,9.99999999999995,N10,False,PK,Highway,1,10,0.39128298,0.68915385,0.23034672,0.2053725,-0.2998101,0.0,1.0,0.3,1.0,0.48863918,0.2300867873430252,572
488,9.999999999999943,N40,False,PK,Highway,1,10,0.5853623,0.88654953,0.3368774,0.15287477,-0.31019524,0.0,1.0,0.6,1.0,0.7146249,0.22704784333705902,573
1499,10.000000000000002,N5,False,PK,Highway,1,11,0.27969682,0.4314556,0.08933899,0.22724451,-0.13509712,0.0009312792,0.9090909090909091,0.0,0.9090909090909091,0.18951662,0.22692245244979858,574
6,5.236014195985486,unknown,False,PK,Major road,2,8,0.2957474,0.7022031,0.14976835,0.18423577,-0.17985484,0.0,0.875,0.25,0.875,0.31770664,0.22678648829460143,575
701,10.000000000000014,N50,False,PK,Highway,1,11,0.48521024,0.93205386,0.2865484,0.17476551,-0.32000434,0.0,1.0,0.36363636363636365,1.0,0.607861,0.22663350890983236,576
1423,9.999999999999995,N5,False,PK,Highway,1,10,0.43657374,0.8785293,0.28139696,0.18221709,-0.38643935,0.0,1.0,0.5,1.0,0.59693307,0.2259684383869171,577
723,10.000000000000004,unknown,False,PK,Major road,2,11,0.6364615,0.8437726,0.3717222,0.13386172,-0.3279897,0.0,1.0,0.9090909090909091,1.0,0.78854185,0.2254940542307767,578
229,9.99999999999997,M8,False,PK,Highway,1,10,0.45791537,0.6254061,0.30124277,0.16546091,-0.3584679,0.0,1.0,0.6,1.0,0.6390324,0.22529260575771332,579
284,10.000000000000052,N85,False,PK,Major road,2,11,0.45924807,0.89806956,0.2874215,0.17250217,-0.33441946,0.0,1.0,0.45454545454545453,1.0,0.6097131,0.22469305856661365,580
1559,10.00000000000002,N15,False,PK,Major road,2,11,0.6027906,0.792491,0.3670128,0.1304425,-0.32656783,0.0,1.0,0.9090909090909091,1.0,0.7785517,0.22439604726704684,581
1647,9.999999999999908,219,False,CN,Major road,2,10,0.5727828,0.9816584,0.31990358,0.22185726,-0.3766509,0.0,1.0,0.4,1.0,0.67861795,0.22408210575580598,582
687,9.999999999999947,N50,False,PK,Highway,1,10,0.5554456,0.8136797,0.3492213,0.13852179,-0.37409508,0.0,1.0,0.8,1.0,0.7408102,0.22396582543849947,583
1085,6.680979384201125,N70,False,PK,Major road,2,9,0.25857618,0.6878661,0.084961265,0.19201268,-0.053416327,0.0026072164,0.7777777777777778,0.1111111111111111,0.7777777777777778,0.18023007,0.22373589939541286,584
307,9.999999999999979,N85,False,PK,Major road,2,10,0.48240843,0.92997533,0.29224485,0.1504331,-0.27324393,0.0,1.0,0.4,1.0,0.61994493,0.22334177136421204,585
321,1.37936249742693,unknown,False,PK,Major road,2,4,0.25912258,0.47202453,0.11069675,0.18152133,-0.06673571,0.0,0.75,0.25,0.75,0.23482326,0.22327458262443542,586
608,10.000000000000028,N25,False,PK,Highway,1,11,0.45811626,0.90636414,0.27985182,0.20648956,-0.37678576,0.0,1.0,0.36363636363636365,1.0,0.59365535,0.22251673530448568,587
403,9.99999999999996,N25,False,PK,Highway,1,10,0.58685267,0.9041534,0.3410801,0.15407164,-0.31720763,0.0,1.0,0.6,1.0,0.7235401,0.22224122047424316,588
624,10.0,N70,False,PK,Major road,2,11,0.69674116,0.9437439,0.37031496,0.14349647,-0.26217645,0.0,1.0,0.7272727272727273,1.0,0.7855567,0.2221387722275474,589
978,10.000000000000018,unknown,False,PK,Major road,2,11,0.4789596,0.8951029,0.3064944,0.17765929,-0.4151905,0.0,1.0,0.5454545454545454,1.0,0.6501728,0.22209853665395216,590
596,9.999999999999988,N25,False,PK,Highway,1,10,0.6369043,0.75600034,0.37365675,0.12747616,-0.31627074,0.0,1.0,0.9,1.0,0.79264563,0.2220648938417435,591
260,10.000000000000128,M8,False,PK,Highway,1,11,0.48408964,0.8472179,0.31020412,0.14344098,-0.32268053,0.0072739287,1.0,0.5454545454545454,1.0,0.6580423,0.22190210954709486,592
1394,10.000000000000005,unknown,False,PK,Major road,2,11,0.52383924,0.954149,0.32121083,0.17027502,-0.39408082,0.0,1.0,0.5454545454545454,1.0,0.68139106,0.22144531445069746,593
98,9.99999999999996,N10,False,PK,Highway,1,10,0.36695737,0.86310416,0.22468975,0.19469608,-0.26159608,0.03736379,1.0,0.2,1.0,0.47663894,0.22139214396476747,594
131,10.00000000000002,unknown,False,PK,Highway,1,11,0.3268708,0.63403463,0.17838097,0.19004966,-0.19949612,0.0,1.0,0.18181818181818182,1.0,0.37840316,0.22136366611177272,595
1789,10.000000000000087,unknown,False,CN,Major road,2,11,0.5233892,0.78608847,0.32999232,0.15450859,-0.38773155,0.0,1.0,0.6363636363636364,1.0,0.7000194,0.22064297009598127,596
722,10.000000000000005,unknown,False,PK,Major road,2,11,0.58321106,0.806912,0.35982952,0.13980691,-0.3685403,0.0,1.0,0.8181818181818182,1.0,0.76331365,0.21985628063028512,597
677,10.000000000000005,N50,False,PK,Highway,1,11,0.585787,0.9379196,0.3457995,0.13756275,-0.30917794,0.0,1.0,0.6363636363636364,1.0,0.7335515,0.219718427549709,598
1484,10.000000000000004,N5,False,PK,Highway,1,11,0.40000087,0.6980371,0.24548464,0.19235422,-0.3120918,0.0,1.0,0.2727272727272727,1.0,0.52075154,0.21897253014824608,599
907,9.999999999999996,unknown,False,PK,Major road,2,10,0.36775002,0.9298822,0.22931118,0.14578612,-0.2673537,0.0,0.6,0.3,0.6,0.48644248,0.21886080384254455,600
297,9.99999999999991,N85,False,PK,Major road,2,10,0.5378435,0.9608898,0.3237209,0.15546419,-0.33083546,0.0,1.0,0.5,1.0,0.6867157,0.2184979200363159,601
230,10.000000000000071,M8,False,PK,Highway,1,11,0.48974732,0.81869954,0.3061333,0.1649298,-0.36371917,0.0,1.0,0.45454545454545453,1.0,0.6494068,0.21715663238005206,602
678,9.999999999999993,N50,False,PK,Highway,1,10,0.5579811,0.81284493,0.34723878,0.1368171,-0.3480075,0.0,1.0,0.7,1.0,0.7366047,0.21696960151195527,603
963,9.999999999999995,unknown,False,PK,Major road,2,10,0.6801014,0.8899286,0.37665737,0.13556086,-0.2837519,0.0,1.0,0.8,1.0,0.79901093,0.21669294118881227,604
991,10.000000000000004,unknown,False,PK,Major road,2,11,0.53360295,0.9410567,0.3361912,0.13778535,-0.35858342,0.0,1.0,0.6363636363636364,1.0,0.7131692,0.21669010926376692,605
1425,10.000000000000012,N5,False,PK,Highway,1,11,0.3160582,0.55038893,0.18935119,0.17980014,-0.26842114,0.0,0.9090909090909091,0.2727272727272727,0.9090909090909091,0.4016745,0.21637840189717034,606
1446,9.999999999999975,M1,False,PK,Highway,1,10,0.5358265,0.9328383,0.33385968,0.1614175,-0.35270423,0.0,1.0,0.6,1.0,0.70822334,0.21634167194366455,607
1441,10.000000000000002,unknown,False,PK,Major road,2,11,0.40277222,0.72139275,0.2506716,0.1910409,-0.3343121,0.0,1.0,0.2727272727272727,1.0,0.53175473,0.2158689162947915,608
259,10.000000000000089,M8,False,PK,Highway,1,11,0.5039333,0.948362,0.32921958,0.1368483,-0.34398785,0.0,1.0,0.6363636363636364,1.0,0.6983802,0.21563264835964552,609
686,9.999999999999972,N50,False,PK,Highway,1,10,0.59815794,0.9542772,0.3647114,0.13708344,-0.36059207,0.0,1.0,0.8,1.0,0.7736697,0.21538125157356264,610
595,10.000000000000023,N25,False,PK,Highway,1,11,0.4740631,0.8636569,0.31177267,0.12841164,-0.3327081,0.0,1.0,0.5454545454545454,1.0,0.66136974,0.21507757143540815,611
1786,10.000000000000016,unknown,False,CN,Major road,2,11,0.61469555,0.9128657,0.362548,0.13934386,-0.3374214,0.0,1.0,0.7272727272727273,1.0,0.76908046,0.21467248580672527,612
140,9.999999999999906,unknown,False,PK,Highway,1,10,0.3398931,0.7941314,0.18777204,0.18293802,-0.19638197,0.0,1.0,0.1,1.0,0.39832464,0.2145053094625473,613
1792,8.360651896661713,unknown,False,CN,Major road,2,10,0.5685805,0.7600387,0.36013263,0.13511227,-0.37474,0.0,1.0,0.8,1.0,0.76395667,0.21420963287353517,614
473,9.999999999999934,N40,False,PK,Highway,1,10,0.4079609,0.78711146,0.2702227,0.16350016,-0.31850415,0.0,1.0,0.4,1.0,0.5732289,0.2141059273481369,615
1510,9.999999999999988,N75,False,PK,Major road,2,10,0.5533333,0.75801635,0.3498971,0.13972506,-0.3376834,0.0,1.0,0.7,1.0,0.7422438,0.21262506365776063,616
28,1.3788334896213297,N5,False,PK,Highway,1,4,0.24366719,0.33481878,0.07266127,0.20219709,-0.067645855,0.02531182,1.0,0.0,1.0,0.15413783,0.21243681013584137,617
106,9.999999999999998,N5,False,PK,Highway,1,10,0.2339191,0.5374238,0.072151974,0.19413647,-0.049544387,0.01586696,0.9,0.1,0.9,0.15305746,0.21208276808261872,618
1649,9.999999999999956,219,False,CN,Major road,2,10,0.8477899,0.9303474,0.40930074,0.110883,-0.14446835,0.0,1.0,1.0,1.0,0.868258,0.2116895377635956,619
1476,9.999999999999998,unknown,False,PK,Major road,2,10,0.43363395,0.90572244,0.28519866,0.1709557,-0.3555196,0.0,1.0,0.4,1.0,0.6049977,0.21128640413284303,620
1014,7.235928344740656,unknown,False,AF,Major road,2,10,0.62028146,0.92379344,0.36457098,0.13549682,-0.3315176,0.0,1.0,0.7,1.0,0.7733718,0.21057326316833497,621
641,10.000000000000005,N70,False,PK,Major road,2,11,0.6462302,0.92215425,0.37089235,0.13037543,-0.30164355,0.0,1.0,0.7272727272727273,1.0,0.7867815,0.21051552376963878,622
1453,9.999999999999988,N80,False,PK,Major road,2,10,0.3494853,0.8710286,0.21588469,0.18012264,-0.27624786,0.0,1.0,0.2,1.0,0.45796058,0.20943481147289278,623
306,9.999999999999888,N85,False,PK,Major road,2,10,0.4053945,0.5717403,0.28606755,0.15684608,-0.36524224,0.0,1.0,0.5,1.0,0.6068409,0.2093845337629318,624
1233,10.0,N5,False,PK,Highway,1,11,0.32128948,0.4342138,0.16507505,0.20380865,-0.21657051,0.0,1.0,0.0,1.0,0.35017705,0.20878127217292786,625
636,10.000000000000027,N70,False,PK,Major road,2,11,0.55951095,0.94441384,0.3415117,0.14561702,-0.3466198,0.0,1.0,0.5454545454545454,1.0,0.7244557,0.2087155057625337,626
407,9.999999999999956,N25,False,PK,Highway,1,10,0.42789736,0.93927544,0.28558832,0.14322923,-0.33934262,0.0,1.0,0.4,1.0,0.6058243,0.20866675019264222,627
382,10.000000000000021,N65,False,PK,Highway,1,11,0.5564388,0.81708616,0.36402434,0.12528715,-0.37917712,0.0,1.0,0.8181818181818182,1.0,0.77221227,0.20856811458414254,628
295,10.000000000000068,N85,False,PK,Major road,2,11,0.6088628,0.8090345,0.373493,0.1222589,-0.34728843,0.0,1.0,0.8181818181818182,1.0,0.79229826,0.20828004533594308,629
1785,9.99999999999997,unknown,False,CN,Major road,2,10,0.6350812,0.9304901,0.37624332,0.13084333,-0.33080554,0.0,1.0,0.8,1.0,0.7981326,0.2082021850347519,630
1534,9.999999999999977,N35,True,PK,Highway,1,10,0.3963143,0.57309407,0.2611648,0.1721765,-0.3554086,0.0,1.0,0.3,1.0,0.5540142,0.2067505407333374,631
1497,10.000000000000002,N5,False,PK,Highway,1,11,0.26634648,0.47287273,0.12207223,0.19259696,-0.19940034,0.0,1.0,0.09090909090909091,1.0,0.2589543,0.20646583410826597,632
622,10.000000000000014,N70,False,PK,Major road,2,11,0.63030416,0.90022445,0.37161863,0.128819,-0.3288248,0.0,1.0,0.7272727272727273,1.0,0.78832215,0.20614870867945934,633
223,10.000000000000094,N55,False,PK,Highway,1,11,0.22871141,0.59828246,0.08105553,0.18655762,-0.09547364,0.027559472,1.0,0.09090909090909091,1.0,0.17194474,0.20536645623770627,634
661,9.999999999999991,N50,False,PK,Highway,1,10,0.317222,0.90145993,0.19631884,0.1786443,-0.29522362,0.0,0.5,0.2,0.5,0.41645515,0.20511326611042024,635
1419,9.999999999999995,N5,False,PK,Highway,1,10,0.36797243,0.6313753,0.24722023,0.15171732,-0.29975644,0.0,0.9,0.3,0.9,0.5244333,0.20499543726444244,636
707,9.999999999999991,unknown,False,PK,Major road,2,10,0.5911957,0.9329686,0.36394265,0.12571163,-0.33693153,0.0,1.0,0.7,1.0,0.77203894,0.20476960361003876,637
713,10.000000000000007,unknown,False,PK,Major road,2,11,0.60638934,0.92794544,0.35523957,0.14761561,-0.32558906,0.0,1.0,0.5454545454545454,1.0,0.75357693,0.20397377745671705,638
478,10.000000000000032,N40,False,PK,Highway,1,11,0.38657773,0.9793367,0.24519807,0.21332507,-0.37201366,0.0,1.0,0.18181818181818182,1.0,0.5201436,0.2036836022680456,639
1788,10.000000000000004,unknown,False,CN,Major road,2,11,0.48551652,0.6121777,0.3354891,0.14148818,-0.42981175,0.0,1.0,0.6363636363636364,1.0,0.7116798,0.20362056900154463,640
703,10.000000000000064,N50,False,PK,Highway,1,11,0.46996105,0.84361756,0.32198656,0.14182554,-0.3637789,0.0,1.0,0.5454545454545454,1.0,0.6830366,0.20350589589639143,641
392,9.99999999999998,N25,False,PK,Highway,1,10,0.46837902,0.7153478,0.33780432,0.12378462,-0.4161992,0.0,1.0,0.7,1.0,0.7165912,0.2027427476644516,642
1711,9.999999999999984,314,True,CN,Highway,1,10,0.6899158,0.9439484,0.38760018,0.12205175,-0.2995412,0.0,1.0,0.8,1.0,0.82222414,0.20265037000179292,643
9,10.0,M10,False,PK,Highway,1,11,0.2681533,0.96151054,0.14800382,0.17879775,-0.21537256,0.0006151741,0.6363636363636364,0.18181818181818182,0.6363636363636364,0.3139635,0.20229856913739985,644
1440,8.523716101252406,N75,False,PK,Major road,2,11,0.37296906,0.563399,0.22727327,0.1942738,-0.29593384,0.0,1.0,0.09090909090909091,1.0,0.4821194,0.20224433514204893,645
13,9.999999999999984,N5,False,PK,Highway,1,10,0.28524643,0.7627328,0.17360014,0.16143334,-0.20799144,0.0061778994,0.9,0.2,0.9,0.36826152,0.20174561858177187,646
672,9.999999999999968,N50,False,PK,Highway,1,10,0.580734,0.90572166,0.3573397,0.12759611,-0.3484142,0.0,1.0,0.6,1.0,0.75803196,0.20051906764507293,647
63,9.999999999999972,N10,False,PK,Highway,1,10,0.39074323,0.9806237,0.2542362,0.20381145,-0.37950853,0.0,1.0,0.2,1.0,0.5393164,0.20000899255275728,648
172,9.99999999999999,N25,False,PK,Highway,1,10,0.47833258,0.9848695,0.31401077,0.19330937,-0.4411978,0.0,1.0,0.4,1.0,0.6661174,0.19970690548419953,649
492,9.99999999999995,N40,False,PK,Highway,1,10,0.56841415,0.93733364,0.35586905,0.11656201,-0.3303204,0.0,1.0,0.6,1.0,0.75491226,0.19931134343147278,650
176,9.99999999999999,N25,False,PK,Highway,1,10,0.50859535,0.83364767,0.34347084,0.15277383,-0.43624812,0.0,0.9,0.6,0.9,0.7286117,0.19802681863307953,651
702,10.000000000000016,N50,False,PK,Highway,1,11,0.46548378,0.9362122,0.29880297,0.1583957,-0.33875683,0.0,1.0,0.2727272727272727,1.0,0.63385683,0.19770642735741356,652
348,10.000000000000021,unknown,False,PK,Major road,2,11,0.51053417,0.92444664,0.3396288,0.13271108,-0.3548824,0.0,1.0,0.5454545454545454,1.0,0.7204614,0.19725944833322004,653
1385,0.5719832681175125,unknown,False,PK,Major road,2,3,0.27046803,0.300792,0.13018158,0.19822653,-0.14848544,0.0,1.0,0.0,1.0,0.27615684,0.19577643275260925,654
625,9.999999999999998,N70,False,PK,Major road,2,10,0.5482106,0.93088853,0.34632832,0.13709189,-0.36617866,0.0,1.0,0.5,1.0,0.7346733,0.19545489847660064,655
985,4.845446688472615,unknown,False,PK,Major road,2,6,0.5098422,0.8593978,0.33699563,0.14140773,-0.39397505,0.0,1.0,0.5,1.0,0.7148757,0.19536841213703154,656
76,10.00000000000007,N10,False,PK,Highway,1,11,0.40499717,0.8017745,0.29834864,0.13285948,-0.37509155,0.0,1.0,0.45454545454545453,1.0,0.632893,0.19413183494047687,657
27,10.000000000000018,N5,False,PK,Highway,1,11,0.22919492,0.43815792,0.08031006,0.19188032,-0.13294028,0.014253151,0.8181818181818182,0.0,0.8181818181818182,0.17036337,0.1937117874622345,658
12,10.000000000000016,N5,False,PK,Highway,1,11,0.27312067,0.44683462,0.15856889,0.18793029,-0.23525691,0.013026321,0.9090909090909091,0.09090909090909091,0.9090909090909091,0.33637542,0.19359707209196958,659
222,10.000000000000057,N55,False,PK,Highway,1,11,0.2586242,0.5503448,0.15573637,0.16372396,-0.23574814,0.0089072725,1.0,0.18181818181818182,1.0,0.33036673,0.193591999465769,660
265,10.000000000000032,M8,False,PK,Highway,1,11,0.49691936,0.81971383,0.34072182,0.13209796,-0.4113184,0.0,1.0,0.5454545454545454,1.0,0.7227801,0.1923013849691911,661
8,9.999999999999998,M10,False,PK,Highway,1,10,0.34471905,0.9766897,0.23769596,0.19842596,-0.4078384,0.0015716493,0.9,0.2,0.9,0.5042293,0.1912945103645325,662
280,10.0,N85,False,PK,Major road,2,11,0.396606,0.9041872,0.27039486,0.16143309,-0.3487606,0.0078079267,1.0,0.18181818181818182,1.0,0.5735941,0.18924893682653254,663
630,9.999999999999977,N70,False,PK,Major road,2,10,0.44559067,0.87803364,0.31374803,0.14335862,-0.39863795,0.0,1.0,0.4,1.0,0.66556007,0.18902330935001374,664
1351,9.999999999999995,N5,False,PK,Highway,1,10,0.26459813,0.52667785,0.15295468,0.1736658,-0.21761224,0.0,0.9,0.1,0.9,0.32446587,0.18874506115913392,665
426,10.00000000000002,unknown,False,PK,Major road,2,11,0.33049873,0.81766665,0.22850713,0.14695574,-0.26493555,0.0,1.0,0.18181818181818182,1.0,0.48473683,0.188475655967539,666
31,10.000000000000005,M9,False,PK,Highway,1,11,0.22194004,0.5626978,0.095308274,0.1800711,-0.14958218,0.00864366,0.8181818181818182,0.09090909090909091,0.8181818181818182,0.20217939,0.1883201685818759,667
395,10.000000000000012,N25,False,PK,Highway,1,11,0.5222043,0.9409746,0.35940757,0.12518983,-0.4128297,0.0,1.0,0.6363636363636364,1.0,0.76241857,0.18770240355621687,668
1438,8.968906775024621,Shahrah-e-Kashmir,False,PK,Major road,2,10,0.35436413,0.55143946,0.2483511,0.16537172,-0.3679426,0.0,1.0,0.2,1.0,0.5268322,0.18767369210720064,669
806,9.99999999999987,N55,False,PK,Highway,1,10,0.41814813,0.95370936,0.30515397,0.1472975,-0.41811714,0.0,1.0,0.4,1.0,0.64732933,0.18746858179569245,670
696,9.999999999999979,N50,False,PK,Highway,1,10,0.43215904,0.68519646,0.32190055,0.12969853,-0.4159618,0.0,1.0,0.5,1.0,0.6828542,0.18705743849277495,671
627,10.000000000000005,N70,False,PK,Major road,2,11,0.5096457,0.8898507,0.34083912,0.14517953,-0.4111404,0.0,1.0,0.45454545454545453,1.0,0.72302896,0.18661165101961658,672
1528,10.000000000000009,N35,True,PK,Highway,1,11,0.2733104,0.4621538,0.16565634,0.17608762,-0.2333241,0.0,1.0,0.09090909090909091,1.0,0.35141018,0.18635725351897153,673
320,10.000000000000002,unknown,False,PK,Major road,2,11,0.23221458,0.47202453,0.13932115,0.15803322,-0.13947009,0.015585587,0.7272727272727273,0.18181818181818182,0.7272727272727273,0.29554477,0.1856630021875555,674
286,10.000000000000004,N85,False,PK,Major road,2,11,0.38107738,0.47576192,0.27552637,0.15709792,-0.37412378,0.0,1.0,0.2727272727272727,1.0,0.5844797,0.18561811365864495,675
394,10.000000000000002,N25,False,PK,Highway,1,11,0.40388688,0.8340206,0.28669575,0.15805814,-0.38441676,0.0,1.0,0.2727272727272727,1.0,0.60817355,0.18552629270336846,676
1648,10.000000000000062,219,False,CN,Major road,2,11,0.61775804,0.96494895,0.37842968,0.12726519,-0.34537256,0.0,1.0,0.6363636363636364,1.0,0.80277056,0.18547643829475752,677
435,5.125400245619066,84,False,IR,Highway,1,8,0.39474845,0.88339376,0.27999622,0.13632368,-0.35191137,0.0,1.0,0.25,1.0,0.59396166,0.18528299927711486,678
430,9.999999999999977,unknown,False,PK,Major road,2,10,0.46509647,0.93082815,0.3344653,0.10958718,-0.3864357,0.0,1.0,0.5,1.0,0.70950806,0.18510677218437194,679
212,10.00000000000007,N55,False,PK,Highway,1,11,0.35064644,0.93128663,0.24771467,0.15734169,-0.34824178,0.0,1.0,0.18181818181818182,1.0,0.5254822,0.18456980829889125,680
1527,9.999999999999988,N35,True,PK,Highway,1,10,0.31827933,0.479778,0.213364,0.16652934,-0.32094866,0.0,1.0,0.1,1.0,0.4526134,0.18422182857990266,681
1239,10.000000000000014,unknown,False,PK,Major road,1,11,0.22267915,0.43238044,0.091009185,0.18081608,-0.116248205,0.010891538,0.9090909090909091,0.0,0.9090909090909091,0.19305964,0.18241168558597565,682
413,10.0,unknown,False,PK,Major road,2,11,0.41807577,0.6005659,0.31757545,0.1345004,-0.41624352,0.0,1.0,0.45454545454545453,1.0,0.6736793,0.18188132210211322,683
1787,10.00000000000005,unknown,False,CN,Major road,2,11,0.51922226,0.76344824,0.36438522,0.11678881,-0.42843723,0.0,1.0,0.6363636363636364,1.0,0.77297777,0.1815113585103642,684
1487,9.999999999999972,N5,False,PK,Highway,1,10,0.30329442,0.6123043,0.23618856,0.13115604,-0.3305537,0.0,1.0,0.3,1.0,0.5010316,0.18133434534072876,685
805,9.999999999999938,N55,False,PK,Highway,1,10,0.41566953,0.7316335,0.32264653,0.12460737,-0.4289731,0.0,1.0,0.5,1.0,0.6844366,0.1811700791120529,686
155,9.99999999999999,N25,False,PK,Highway,1,10,0.26021963,0.6259674,0.16173504,0.15826969,-0.20341048,0.0,0.8,0.1,0.8,0.34309185,0.18094039916992188,687
1496,4.224612592752728,unknown,False,PK,Major road,2,6,0.24273074,0.3162865,0.1207917,0.1779535,-0.18790686,0.0,1.0,0.0,1.0,0.2562379,0.18053393065929413,688
1502,8.350863147265292,N5,False,PK,Highway,1,11,0.2311594,0.51543915,0.12378722,0.17439921,-0.19126767,0.0024819917,0.9090909090909091,0.09090909090909091,0.9090909090909091,0.26259235,0.18017012747851285,689
263,9.999999999999977,M8,False,PK,Highway,1,10,0.6567327,0.9584758,0.39276922,0.101294026,-0.30339855,0.0,1.0,0.7,1.0,0.8331893,0.17955002903938294,690
146,9.999999999999948,N25,False,PK,Highway,1,10,0.26096871,0.5058455,0.18526354,0.147544,-0.29476243,0.0,1.0,0.2,1.0,0.3930033,0.17840713679790499,691
231,9.999999999999917,M8,False,PK,Highway,1,10,0.43872207,0.6317432,0.3342662,0.12043176,-0.4429931,0.0,1.0,0.5,1.0,0.70908564,0.1776305466890335,692
1294,3.6826373224760185,unknown,False,PK,Major road,2,6,0.18528621,0.2967364,0.039654735,0.16862969,0.0029033683,0.029330196,0.8333333333333334,0.0,0.8333333333333334,0.0841204,0.17703241109848022,693
218,9.99999999999987,N55,False,PK,Highway,1,10,0.31430167,0.81776327,0.22118983,0.15114847,-0.3272467,0.0,1.0,0.1,1.0,0.46921447,0.1768267846107483,694
1421,9.999999999999998,N5,False,PK,Highway,1,10,0.33096778,0.4710847,0.26283145,0.13858114,-0.36630422,0.0,1.0,0.3,1.0,0.5575497,0.17643679559230804,695
1234,1.6753710712709455,N5,False,PK,Highway,1,4,0.31739858,0.38848013,0.20937528,0.17628689,-0.28674534,0.0,1.0,0.0,1.0,0.44415203,0.17642536759376526,696
699,10.000000000000032,N50,False,PK,Highway,1,11,0.4136398,0.80719036,0.32358712,0.112637885,-0.42313996,0.0,1.0,0.45454545454545453,1.0,0.68643194,0.1751587824387984,697
600,10.0,N25,False,PK,Highway,1,11,0.42873794,0.8864075,0.318845,0.11999413,-0.3864568,0.0,1.0,0.36363636363636365,1.0,0.6763724,0.17511506866325033,698
298,9.999999999999897,N85,False,PK,Major road,2,10,0.4060451,0.82492346,0.31506968,0.121393226,-0.42455134,0.0,1.0,0.4,1.0,0.6683637,0.1746593052148819,699
809,10.000000000000025,N55,False,PK,Highway,1,11,0.31262162,0.9784566,0.22285251,0.18596834,-0.37461856,0.0,0.9090909090909091,0.09090909090909091,0.9090909090909091,0.47274157,0.17392327758398923,700
610,10.000000000000025,N25,False,PK,Highway,1,11,0.35732782,0.8278807,0.27854753,0.12240905,-0.36888215,0.0,1.0,0.2727272727272727,1.0,0.5908885,0.1734596452929757,701
14,9.999999999999988,N5,False,PK,Highway,1,10,0.21520719,0.52247417,0.11360453,0.16169274,-0.18948455,0.0,1.0,0.1,1.0,0.2409916,0.17334407031536103,702
1524,10.000000000000007,N35,True,PK,Highway,1,11,0.401372,0.56833255,0.311284,0.1292468,-0.41879547,0.0,1.0,0.36363636363636365,1.0,0.6603331,0.17269641648639333,703
401,9.999999999999973,N25,False,PK,Highway,1,10,0.4416844,0.86821616,0.3300528,0.12274921,-0.41615742,0.0,1.0,0.4,1.0,0.7001477,0.17244009017944337,704
712,10.000000000000002,unknown,False,PK,Major road,2,11,0.5515865,0.86380786,0.3714998,0.109383844,-0.39755803,0.0,1.0,0.5454545454545454,1.0,0.7880701,0.1714431344108148,705
601,10.000000000000014,N25,False,PK,Highway,1,11,0.38096648,0.76207954,0.30487344,0.12964547,-0.40432605,0.0,1.0,0.36363636363636365,1.0,0.64673424,0.17094605158675802,706
367,9.999999999999986,N65,False,PK,Highway,1,10,0.2302278,0.58452773,0.14287952,0.15126047,-0.25346714,0.0,0.9,0.1,0.9,0.30309322,0.17044731438159944,707
1409,9.999999999999984,M2,False,PK,Highway,1,10,0.37307185,0.7173795,0.30688283,0.12629415,-0.4498902,0.0,1.0,0.4,1.0,0.6509968,0.1702032619714737,708
381,10.000000000000028,N65,False,PK,Highway,1,11,0.30924612,0.59495896,0.26741907,0.109301694,-0.3932956,0.0,0.9090909090909091,0.36363636363636365,0.9090909090909091,0.5672815,0.17018016170371664,709
1288,9.999999999999995,unknown,False,PK,Major road,2,10,0.19739833,0.32137012,0.073255524,0.16265166,-0.07078512,0.013024576,0.7,0.0,0.7,0.15539843,0.16997908055782318,710
383,9.999999999999996,N65,False,PK,Highway,1,10,0.47200507,0.57600164,0.36208755,0.10617645,-0.45296687,0.0,1.0,0.6,1.0,0.76810366,0.16945624858140945,711
1427,9.999999999999982,N5,False,PK,Highway,1,10,0.27182755,0.4849445,0.21232626,0.13698077,-0.29967454,0.0,1.0,0.2,1.0,0.450412,0.16939315617084505,712
292,10.000000000000085,N85,False,PK,Major road,2,11,0.49673185,0.71842206,0.37165728,0.10089534,-0.4441866,0.0,1.0,0.6363636363636364,1.0,0.78840417,0.16874275464903227,713
97,10.00000000000007,N10,False,PK,Highway,1,11,0.27008438,0.5090719,0.19312806,0.16147017,-0.2846136,0.0,1.0,0.09090909090909091,1.0,0.40968648,0.1685253766450015,714
1238,9.696416568460679,unknown,False,PK,Major road,2,11,0.26550853,0.41414198,0.1727947,0.16748859,-0.27912477,0.0,1.0,0.0,1.0,0.36655292,0.16818559169769287,715
1495,9.999999999999998,unknown,False,PK,Major road,2,10,0.21842256,0.57316893,0.13586311,0.15559185,-0.2241381,0.0075592697,0.9,0.1,0.9,0.28820917,0.1673610007762909,716
1580,10.000000000000002,unknown,False,PK,Major road,2,11,0.20513235,0.5011513,0.109408095,0.15573977,-0.17400447,0.0,0.7272727272727273,0.09090909090909091,0.7272727272727273,0.23208962,0.1666141686114398,717
599,9.999999999999975,N25,False,PK,Highway,1,10,0.4379744,0.7326124,0.34665766,0.1119892,-0.45262823,0.0,1.0,0.5,1.0,0.73537195,0.16590030789375304,718
400,9.999999999999991,N25,False,PK,Highway,1,10,0.3718049,0.7837073,0.3118363,0.11688248,-0.44602758,0.0,1.0,0.4,1.0,0.6615047,0.16585420906543732,719
706,10.000000000000005,unknown,False,PK,Major road,2,11,0.40286553,0.63693583,0.29867166,0.14740705,-0.42665812,0.0,1.0,0.18181818181818182,1.0,0.6335783,0.16580048447305507,720
1386,10.000000000000004,unknown,False,PK,Major road,2,11,0.21788082,0.44114128,0.11572585,0.1638213,-0.1844441,0.0,0.9090909090909091,0.0,0.9090909090909091,0.24549161,0.16439290344715118,721
158,10.000000000000004,N25,False,PK,Highway,1,11,0.31464368,0.60776144,0.2796067,0.11747727,-0.40232956,0.0,0.9090909090909091,0.36363636363636365,0.9090909090909091,0.59313536,0.16438103209842336,722
613,9.999999999999973,N25,False,PK,Highway,1,10,0.32913336,0.91553974,0.2504421,0.13829958,-0.36577156,0.0,1.0,0.1,1.0,0.5312679,0.1642753726243973,723
366,1.2731306838398422,unknown,False,PK,Major road,2,3,0.23140347,0.30639613,0.13772537,0.17293878,-0.25642362,0.0,1.0,0.0,1.0,0.29215962,0.16379672288894653,724
484,10.000000000000018,N40,False,PK,Highway,1,11,0.38828135,0.90283406,0.29722166,0.15594858,-0.4235059,0.007219905,1.0,0.18181818181818182,1.0,0.63050234,0.1634558463638479,725
474,10.000000000000004,N40,False,PK,Highway,1,11,0.350877,0.5145392,0.28952292,0.13093372,-0.41192886,0.0,1.0,0.2727272727272727,1.0,0.61417085,0.162651296637275,726
1714,9.99999999999993,314,True,CN,Highway,1,10,0.49411893,0.83138114,0.37427348,0.10109153,-0.46342057,0.0,1.0,0.6,1.0,0.79395396,0.1618112525343895,727
612,10.000000000000055,N25,False,PK,Highway,1,11,0.25022498,0.47690126,0.18411602,0.14879629,-0.2622571,0.0,1.0,0.09090909090909091,1.0,0.39056906,0.16158574196425352,728
396,9.999999999999979,N25,False,PK,Highway,1,10,0.4487227,0.7063899,0.35418865,0.10339592,-0.4552117,0.0,1.0,0.5,1.0,0.7513476,0.16157597601413726,729
192,10.000000000000027,N55,False,PK,Highway,1,11,0.18665479,0.5009313,0.105511144,0.13646184,-0.10730039,0.025385678,0.5454545454545454,0.09090909090909091,0.5454545454545454,0.22382294,0.16031449410048398,730
1642,10.000000000000028,219,False,CN,Major road,2,11,0.47792214,0.80114025,0.36712816,0.080949,-0.42281815,0.0,0.7272727272727273,0.5454545454545454,0.7272727272727273,0.77879643,0.1602635382251306,731
79,1.0563388207122568,N10,False,PK,Highway,1,3,0.3293375,0.6744448,0.28999075,0.08895785,-0.40010944,0.0,1.0,0.3333333333333333,1.0,0.61516327,0.16007450421651204,732
811,10.000000000000018,N55,False,PK,Highway,1,11,0.33731604,0.8673661,0.28673095,0.11442396,-0.4224163,0.0,0.8181818181818182,0.2727272727272727,0.8181818181818182,0.6082482,0.15941689529202202,733
994,10.0,unknown,False,PK,Major road,2,11,0.33476204,0.5188069,0.27337626,0.14286111,-0.46741393,0.0,1.0,0.18181818181818182,1.0,0.5799186,0.15880911296064204,734
25,10.000000000000021,N5,False,PK,Highway,1,11,0.20963801,0.62789655,0.13645934,0.13142909,-0.19124322,0.0,0.6363636363636364,0.09090909090909091,0.6363636363636364,0.28947395,0.15804418298331174,735
876,0.7018845482351308,unknown,False,PK,Major road,2,2,0.22561894,0.24329413,0.14119077,0.15911055,-0.17470682,0.0,1.0,0.0,1.0,0.29951084,0.15804362297058105,736
402,10.000000000000036,N25,False,PK,Highway,1,11,0.4774144,0.7671429,0.36054775,0.10775306,-0.44941303,0.0,1.0,0.45454545454545453,1.0,0.76483727,0.15772462500767276,737
1791,10.00000000000003,unknown,False,CN,Major road,2,11,0.45523947,0.7398511,0.3465579,0.124111325,-0.46115902,0.0,1.0,0.36363636363636365,1.0,0.7351603,0.15692912529815328,738
1703,10.000000000000028,314,True,CN,Highway,1,11,0.39519235,0.70677,0.34938702,0.094260685,-0.5042008,0.0,1.0,0.5454545454545454,1.0,0.74116176,0.1568363456563516,739
695,10.000000000000059,N50,False,PK,Highway,1,11,0.35839346,0.6797002,0.31338412,0.115349606,-0.4512336,0.0,1.0,0.36363636363636365,1.0,0.6647881,0.1565013800155033,740
30,10.0,M9,False,PK,Highway,1,11,0.20364743,0.55988514,0.13328062,0.1357613,-0.21454735,0.0,0.9090909090909091,0.09090909090909091,0.9090909090909091,0.28273088,0.15516092750159177,741
1437,9.999999999999998,Shahrah-e-Kashmir,False,PK,Major road,2,10,0.37475908,0.68714875,0.28968266,0.14258951,-0.43720084,0.0,1.0,0.1,1.0,0.6145097,0.15446598291397096,742
39,9.999999999999998,M9,False,PK,Highway,1,10,0.26735586,0.8317177,0.21694338,0.15117125,-0.3758434,0.0,1.0,0.1,1.0,0.46020642,0.15431698620319367,743
486,9.999999999999961,N40,False,PK,Highway,1,10,0.35497087,0.81435776,0.30637798,0.11592291,-0.44933456,0.0,1.0,0.3,1.0,0.6499258,0.1542661327123642,744
1710,9.999999999999964,314,True,CN,Highway,1,10,0.40997496,0.8206017,0.35193673,0.09826942,-0.49588943,0.0,1.0,0.5,1.0,0.7465705,0.1538997396826744,745
631,9.999999999999986,N70,False,PK,Major road,2,10,0.34540048,0.7815252,0.2889826,0.14070252,-0.4514242,0.0,1.0,0.2,1.0,0.61302465,0.1536614787578583,746
26,10.000000000000023,N5,False,PK,Highway,1,11,0.2087283,0.75715655,0.14541493,0.14216584,-0.23169331,0.0007884828,0.45454545454545453,0.09090909090909091,0.45454545454545453,0.30847165,0.15362956496802244,747
1643,10.000000000000044,219,False,CN,Major road,2,11,0.5507267,0.8996185,0.395076,0.087674275,-0.42650178,0.0,1.0,0.6363636363636364,1.0,0.8380828,0.15280849594961515,748
1731,9.999999999999869,314,True,CN,Highway,1,10,0.50372326,0.6815512,0.38471824,0.09118113,-0.4642784,0.0,1.0,0.6,1.0,0.8161106,0.15262936562299728,749
458,9.999999999999982,N40,False,PK,Highway,1,10,0.25261325,0.5781035,0.20543453,0.13253275,-0.29564172,0.0,1.0,0.1,1.0,0.43579245,0.1525262987613678,750
898,9.99999999999998,unknown,False,PK,Major road,2,10,0.25341168,0.8195058,0.2253246,0.09726255,-0.32511654,0.0,0.7,0.2,0.7,0.47798565,0.1522845369577408,751
1457,10.000000000000004,N80,False,PK,Major road,2,11,0.27439442,0.95446855,0.22554722,0.16138242,-0.3757637,0.00033874402,0.8181818181818182,0.09090909090909091,0.8181818181818182,0.47845793,0.15228382619944486,752
681,9.999999999999943,N50,False,PK,Highway,1,10,0.31838915,0.5565263,0.29090023,0.11388141,-0.44588327,0.0,1.0,0.3,1.0,0.61709255,0.1519135746359825,753
315,4.8388419045132265,N85,False,PK,Major road,2,6,0.29422146,0.45279577,0.25487152,0.1446824,-0.4111645,0.0,1.0,0.16666666666666666,1.0,0.54066414,0.15181313554445902,754
1391,10.00000000000001,unknown,False,PK,Major road,2,11,0.3835803,0.9577826,0.30720618,0.12532501,-0.47210214,0.0,1.0,0.18181818181818182,1.0,0.65168273,0.1517894590442831,755
1330,8.274977631946454,unknown,False,PK,Major road,2,10,0.17369895,0.45764962,0.0882207,0.12640604,-0.092725426,0.0023743086,0.5,0.1,0.5,0.18714437,0.15178574085235597,756
998,10.000000000000014,unknown,False,PK,Major road,2,11,0.38872233,0.60515404,0.32158792,0.12199438,-0.51127714,0.0,1.0,0.2727272727272727,1.0,0.682191,0.1508121750571511,757
643,9.999999999999977,N70,False,PK,Major road,2,10,0.45101228,0.8064564,0.36637026,0.10321889,-0.4907555,0.0,1.0,0.5,1.0,0.77718866,0.15049065202474593,758
1493,9.999999999999988,N5,False,PK,Highway,1,10,0.2079953,0.31007862,0.13042393,0.1491188,-0.216219,0.0,0.9,0.0,0.9,0.27667093,0.15044903755187988,759
526,2.0692513307114107,unknown,False,PK,Major road,2,5,0.15985925,0.18945855,0.040360443,0.14596955,0.007812391,0.016395574,0.6,0.0,0.6,0.08561743,0.15027141571044922,760
493,10.000000000000032,N40,False,PK,Highway,1,11,0.36288375,0.75383776,0.3236337,0.101795696,-0.46761578,0.0,1.0,0.36363636363636365,1.0,0.68653077,0.15011652301658285,761
1232,10.000000000000007,N5,False,PK,Highway,1,11,0.20825896,0.29130408,0.13241561,0.14642723,-0.23063932,0.0,0.9090909090909091,0.0,0.9090909090909091,0.28089592,0.14975985884666443,762
1587,10.0,N5,False,PK,Highway,1,11,0.22354998,0.6216392,0.17607242,0.12787706,-0.2754812,0.0,0.7272727272727273,0.09090909090909091,0.7272727272727273,0.373506,0.14914362999525937,763
901,10.00000000000001,unknown,False,PK,Major road,2,11,0.35884783,0.84327596,0.31154028,0.10318098,-0.43403357,0.0,0.9090909090909091,0.2727272727272727,0.9090909090909091,0.66087675,0.1489663682200692,764
1480,10.000000000000028,N55,False,PK,Highway,1,11,0.2203678,0.45557287,0.17315397,0.1225734,-0.27042994,0.0,0.8181818181818182,0.09090909090909091,0.8181818181818182,0.36731502,0.1485142943533984,765
390,3.9152970668059033,N65,False,PK,Highway,1,6,0.5154894,0.8502748,0.38132378,0.081171654,-0.41584995,0.0,1.0,0.5,1.0,0.8089099,0.1485049232840538,766
294,9.999999999999936,N85,False,PK,Major road,2,10,0.41086864,0.54877925,0.35857898,0.09517843,-0.5060302,0.0,1.0,0.5,1.0,0.7606609,0.14833693504333495,767
459,10.000000000000103,N40,False,PK,Highway,1,11,0.25345147,0.49327263,0.22934324,0.11756044,-0.346166,0.0,0.8181818181818182,0.18181818181818182,0.8181818181818182,0.48651046,0.14832650368863887,768
1012,10.000000000000032,unknown,False,PK,Major road,2,11,0.37081507,0.5882623,0.306012,0.12391791,-0.44398645,0.0,1.0,0.18181818181818182,1.0,0.6491495,0.14828248565847224,769
385,10.000000000000012,N65,False,PK,Highway,1,11,0.42778632,0.72991693,0.35809657,0.099615574,-0.4792407,0.0,1.0,0.45454545454545453,1.0,0.75963753,0.14827831699089572,770
1337,10.00000000000002,unknown,False,PK,Major road,2,11,0.17866851,0.33411893,0.091964595,0.13898093,-0.081967734,0.015640413,0.8181818181818182,0.0,0.8181818181818182,0.19508636,0.14772284030914307,771
10,9.285438045458442,M10,False,PK,Highway,1,12,0.20859218,0.47201136,0.1567994,0.12415466,-0.25682148,0.0,0.75,0.08333333333333333,0.75,0.33262175,0.1475432147582372,772
38,9.999999999999956,M9,False,PK,Highway,1,10,0.24338491,0.47981977,0.20538588,0.12689917,-0.37042412,0.0,1.0,0.1,1.0,0.43568924,0.14734473288059236,773
375,9.999999999999966,N65,False,PK,Highway,1,10,0.20037909,0.4341774,0.13422379,0.13185519,-0.1639525,0.014238295,0.8,0.0,0.8,0.28473166,0.14688439667224884,774
1395,10.0,unknown,False,PK,Major road,2,11,0.29904872,0.954149,0.268976,0.10979242,-0.43112135,0.0,0.6363636363636364,0.18181818181818182,0.6363636363636364,0.57058424,0.1465980583971197,775
788,10.00000000000002,N55,False,PK,Highway,1,11,0.24510708,0.42173892,0.19068651,0.14462578,-0.26137593,0.0021848977,0.8181818181818182,0.0,0.8181818181818182,0.40450716,0.14650574326515198,776
23,9.999999999999991,N5,False,PK,Highway,1,10,0.20148072,0.4519984,0.15297015,0.13231517,-0.23081557,0.0,0.7,0.1,0.7,0.32449868,0.14610050082206727,777
1644,9.999999999999938,219,False,CN,Major road,2,10,0.57601327,0.9470405,0.39290875,0.0934125,-0.39506015,0.0,1.0,0.5,1.0,0.8334853,0.14591467678546904,778
616,7.943743332540612,N25,False,PK,Highway,1,10,0.38804388,0.7295264,0.3310128,0.115955725,-0.4913374,0.0,1.0,0.3,1.0,0.70218414,0.14556562036275864,779
1252,0.9433386216364296,unknown,False,PK,Major road,1,2,0.21705547,0.22800429,0.15727742,0.14452784,-0.2505881,0.0,1.0,0.0,1.0,0.33363578,0.14463798701763153,780
916,9.999999999999998,unknown,False,PK,Major road,2,10,0.32730976,0.77585435,0.29202396,0.11337298,-0.431554,0.0,0.9,0.2,0.9,0.6194764,0.1445490908622742,781
1586,10.000000000000005,N5,False,PK,Highway,1,11,0.20627408,0.47188523,0.16241308,0.117698,-0.23440051,0.0,0.7272727272727273,0.09090909090909091,0.7272727272727273,0.34453017,0.1442973402413455,782
1355,10.000000000000004,N5,False,PK,Highway,1,11,0.16523255,0.45566028,0.086043954,0.12736216,-0.12755038,0.0,0.5454545454545454,0.09090909090909091,0.5454545454545454,0.18252678,0.1441640940579501,783
1424,9.999999999999979,N5,False,PK,Highway,1,10,0.29293343,0.44291553,0.2555688,0.12757097,-0.38565746,0.0,1.0,0.1,1.0,0.5421433,0.14412153720855714,784
1206,4.5862312391957385,unknown,False,PK,Major road,2,7,0.16013314,0.42306948,0.050269075,0.1329724,-0.046177145,0.0034963596,0.42857142857142855,0.0,0.42857142857142855,0.10663681,0.14393113553524017,785
1709,9.999999999999945,314,True,CN,Highway,1,10,0.4496324,0.64761084,0.37297636,0.09427478,-0.5172899,0.0,1.0,0.5,1.0,0.79120237,0.14388218075037001,786
224,0.03187046925486758,N55,False,PK,Highway,1,3,0.15632357,0.15632357,0.039972417,0.14306822,-0.07452081,0.0,1.0,0.0,1.0,0.0847943,0.14306822419166565,787
683,10.000000000000018,N50,False,PK,Highway,1,11,0.46995255,0.8172713,0.3644893,0.10312762,-0.4713392,0.0,1.0,0.36363636363636365,1.0,0.77319854,0.14294955622066152,788
1182,9.999999999999995,unknown,False,PK,Major road,2,10,0.15656833,0.33593768,0.046353143,0.13850038,-0.037901826,0.004521072,0.6,0.0,0.6,0.098329864,0.1423032581806183,789
421,10.000000000000014,unknown,False,PK,Major road,2,11,0.19559899,0.45963565,0.15207432,0.132135,-0.22868147,0.0,0.9090909090909091,0.09090909090909091,0.9090909090909091,0.32259834,0.1415899929675189,790
1336,8.091878059215238,unknown,False,PK,Major road,2,11,0.20363687,0.31324783,0.14405407,0.13579302,-0.2265603,0.0,0.8181818181818182,0.0,0.8181818181818182,0.30558482,0.1414085328578949,791
1456,9.193139593031006,N80,False,PK,Major road,2,11,0.26849714,0.75325906,0.2557223,0.10786631,-0.41358614,0.0,0.6363636363636364,0.18181818181818182,0.6363636363636364,0.54246897,0.14102759456092662,792
1579,9.372656524382508,unknown,False,PK,Major road,2,11,0.17787553,0.33686057,0.09905767,0.13923614,-0.14509834,0.0,0.8181818181818182,0.0,0.8181818181818182,0.21013305,0.14049799740314484,793
1413,9.999999999999991,M2,False,PK,Highway,1,10,0.31369123,0.763363,0.29048017,0.103422366,-0.4319388,0.0,0.9,0.2,0.9,0.61620146,0.14039423733949663,794
1488,9.999999999999979,N5,False,PK,Highway,1,10,0.22709195,0.5264338,0.20080765,0.11514457,-0.30463457,0.0,0.8,0.1,0.8,0.42597735,0.14035592436790467,795
741,6.742197343581606,unknown,False,PK,Major road,2,9,0.1822506,0.47103417,0.1377781,0.12198811,-0.19988412,0.0007586115,0.5555555555555556,0.1111111111111111,0.5555555555555556,0.2922715,0.14028470284408992,796
1334,10.000000000000023,unknown,False,PK,Major road,2,11,0.17111742,0.33411893,0.08536034,0.13267757,-0.09928452,0.00040798026,0.5454545454545454,0.0,0.5454545454545454,0.18107663,0.1402340531349182,797
820,0.11096407386161047,unknown,False,PK,Major road,2,3,0.25130197,0.3124185,0.20840912,0.122995906,-0.30995774,0.0,1.0,0.0,1.0,0.4421025,0.14020074903964996,798
628,9.99999999999998,N70,False,PK,Major road,2,10,0.39583987,0.853401,0.3409901,0.103924155,-0.48005646,0.0,1.0,0.3,1.0,0.7233492,0.1395094084739685,799
482,10.0,N40,False,PK,Highway,1,11,0.354898,0.5423489,0.33474678,0.099447735,-0.5097373,0.0,1.0,0.36363636363636365,1.0,0.7101051,0.13924675177444112,800
1125,2.6348387696836957,unknown,False,PK,Major road,2,4,0.17155221,0.28600192,0.09051391,0.13868354,-0.089522064,0.0,0.75,0.0,0.75,0.19200899,0.13861264288425446,801
54,10.000000000000052,N10,False,PK,Highway,1,11,0.31648198,0.590481,0.278765,0.12356524,-0.443087,0.0,1.0,0.09090909090909091,1.0,0.59134984,0.13842132064429197,802
148,9.999999999999936,N25,False,PK,Highway,1,10,0.22923739,0.61074495,0.20769167,0.11188643,-0.35941094,0.0,0.8,0.1,0.8,0.44058058,0.13823984026908875,803
1445,9.999999999999993,M1,False,PK,Highway,1,10,0.30221188,0.6290171,0.27158362,0.119604506,-0.39966422,0.0,1.0,0.1,1.0,0.57611585,0.13810282409191132,804
1392,9.999999999999991,unknown,False,PK,Major road,2,10,0.34694606,0.7602701,0.3110362,0.110202275,-0.4731377,0.0,1.0,0.2,1.0,0.65980744,0.1380284693837166,805
1046,9.999999999999979,N45,False,PK,Major road,2,10,0.1836535,0.35237885,0.117992856,0.13062066,-0.18033078,0.0,0.8,0.0,0.8,0.25030065,0.1376849114894867,806
1416,9.999999999999988,M2,False,PK,Highway,1,10,0.30340472,0.7286394,0.28874794,0.10783241,-0.42920256,0.0,0.9,0.2,0.9,0.6125269,0.13756116896867754,807
895,10.000000000000002,unknown,False,PK,Major road,2,11,0.26964572,0.7667629,0.27895525,0.11375023,-0.44650772,0.0,0.7272727272727273,0.2727272727272727,0.7272727272727273,0.5917534,0.1373546681620858,808
1525,10.0,N35,True,PK,Highway,1,11,0.29017535,0.56833255,0.27826107,0.10333126,-0.4253968,0.0,0.9090909090909091,0.18181818181818182,0.9090909090909091,0.59028083,0.1370722228830511,809
1492,10.000000000000005,N5,False,PK,Highway,1,11,0.18359452,0.28477544,0.119860865,0.13222499,-0.1731263,0.0,0.8181818181818182,0.0,0.8181818181818182,0.25426328,0.13691318035125732,810
1584,9.999999999999977,N5,False,PK,Highway,1,10,0.27041113,0.5954889,0.25055188,0.11781621,-0.40069383,0.0,0.9,0.1,0.9,0.5315008,0.13668739259243012,811
987,9.999999999999998,unknown,False,PK,Major road,2,10,0.33685362,0.7110921,0.308137,0.121171735,-0.50883347,0.0,1.0,0.2,1.0,0.65365726,0.1366668087244034,812
1420,9.999999999999984,N5,False,PK,Highway,1,10,0.35284558,0.85463333,0.30222765,0.1184293,-0.44064936,0.0,1.0,0.1,1.0,0.6411216,0.13662865221500398,813
57,10.000000000000075,N10,False,PK,Highway,1,11,0.29865184,0.43549627,0.25575235,0.13147798,-0.4032829,0.0,1.0,0.0,1.0,0.5425327,0.13662345707416534,814
691,10.000000000000005,N50,False,PK,Highway,1,11,0.41301832,0.751063,0.34688976,0.10420635,-0.48458198,0.0,1.0,0.2727272727272727,1.0,0.7358643,0.13636561848900536,815
300,9.999999999999936,N85,False,PK,Major road,2,10,0.3662391,0.8736927,0.32180953,0.092916235,-0.4437399,0.0,0.9,0.2,0.9,0.6826611,0.1362219047546387,816
1582,10.000000000000004,unknown,False,PK,Major road,2,11,0.1697177,0.44175982,0.09367447,0.134617,-0.13231622,0.0,0.7272727272727273,0.0,0.7272727272727273,0.19871357,0.13599249720573425,817
1486,10.00000000000002,N5,False,PK,Highway,1,11,0.2749911,0.47784317,0.25442055,0.113394044,-0.394359,0.0,0.9090909090909091,0.09090909090909091,0.9090909090909091,0.5397075,0.13566725823012266,818
384,9.999999999999968,N65,False,PK,Highway,1,10,0.36836016,0.5924651,0.32469788,0.10684053,-0.4721167,0.0,1.0,0.2,1.0,0.68878824,0.13463801562786104,819
812,9.99999999999984,N55,False,PK,Highway,1,10,0.34019822,0.9454913,0.31272277,0.091716155,-0.45478266,0.0,0.9,0.2,0.9,0.66338515,0.1345157739520073,820
156,10.00000000000001,N25,False,PK,Highway,1,11,0.20021106,0.35994497,0.15509287,0.12811211,-0.23461221,0.0,0.9090909090909091,0.0,0.9090909090909091,0.32900164,0.1343412846326828,821
974,9.99999999999999,unknown,False,PK,Major road,2,10,0.2856322,0.48825505,0.28454176,0.106377766,-0.48955736,0.0,1.0,0.2,1.0,0.6036042,0.1332234036922455,822
1408,10.000000000000005,M2,False,PK,Highway,1,11,0.345125,0.6538027,0.32684848,0.099576764,-0.53014016,0.0,1.0,0.2727272727272727,1.0,0.6933503,0.1331051997163079,823
540,10.00000000000001,N5,False,PK,Highway,1,11,0.15432803,0.54265416,0.09451792,0.10096235,-0.120225266,0.0022422238,0.45454545454545453,0.09090909090909091,0.45454545454545453,0.20050278,0.1330363092097369,824
465,10.00000000000004,N40,False,PK,Highway,1,11,0.25181553,0.7928935,0.2649698,0.11353648,-0.4107025,0.01770887,0.6363636363636364,0.18181818181818182,0.6363636363636364,0.5620858,0.13288262730295008,825
1356,10.000000000000007,N5,False,PK,Highway,1,11,0.16792522,0.24950907,0.098557584,0.13288532,-0.16297747,0.0,0.9090909090909091,0.0,0.9090909090909091,0.2090722,0.13281671702861786,826
1158,2.094446147456714,unknown,False,PK,Major road,2,5,0.15983668,0.18214849,0.07987045,0.13183089,-0.09974551,0.0,0.8,0.0,0.8,0.1694308,0.13275542855262756,827
1646,10.00000000000008,219,False,CN,Major road,2,11,0.48827747,0.8665269,0.38721964,0.0858878,-0.4932518,0.0,1.0,0.45454545454545453,1.0,0.8214169,0.1326526389880614,828
279,9.999999999999986,N85,False,PK,Major road,2,10,0.26452932,0.4891869,0.2713456,0.10676708,-0.45389423,0.0,1.0,0.2,1.0,0.57561094,0.13226335167884828,829
481,10.00000000000001,N40,False,PK,Highway,1,11,0.2689129,0.50525665,0.25549108,0.12366558,-0.40332106,0.0,1.0,0.09090909090909091,1.0,0.5419784,0.13225882622328672,830
1388,10.000000000000021,unknown,False,PK,Major road,2,11,0.16309176,0.31119645,0.08961482,0.13018875,-0.16153857,0.0,0.6363636363636364,0.0,0.6363636363636364,0.19010174,0.13208773732185364,831
436,10.000000000000027,N40,False,PK,Highway,1,11,0.3024725,0.6854703,0.2940451,0.11497633,-0.47547224,0.0,1.0,0.18181818181818182,1.0,0.62376386,0.13198290264064616,832
875,10.000000000000016,unknown,False,PK,Major road,2,11,0.18738307,0.48231468,0.16444407,0.12037697,-0.24732842,0.003035467,0.7272727272727273,0.09090909090909091,0.7272727272727273,0.34883857,0.13186640414324674,833
99,10.000000000000016,N10,False,PK,Highway,1,11,0.20688881,0.31055498,0.17180282,0.12895049,-0.26746714,0.0,1.0,0.0,1.0,0.36444882,0.13148842751979828,834
828,9.671072791390783,unknown,False,PK,Major road,2,11,0.18250011,0.3692339,0.13392884,0.12912832,-0.18305239,0.0,0.6363636363636364,0.0,0.6363636363636364,0.28410596,0.13065074384212494,835
154,10.000000000000004,N25,False,PK,Highway,1,11,0.15226386,0.34460324,0.076441996,0.12963848,-0.09928458,0.009645679,0.5454545454545454,0.0,0.5454545454545454,0.16215795,0.12998449802398682,836
1194,8.252792580257035,unknown,False,PK,Major road,2,10,0.14389826,0.19081558,0.04806527,0.12836535,-0.05968111,0.0029749647,0.6,0.0,0.6,0.101961836,0.12996987998485565,837
1713,10.000000000000066,314,True,CN,Highway,1,11,0.4494133,0.7636405,0.38292372,0.08357982,-0.51852953,0.0,1.0,0.45454545454545453,1.0,0.8123039,0.12980767204002902,838
480,10.000000000000032,N40,False,PK,Highway,1,11,0.25956872,0.44954684,0.2523444,0.111240484,-0.40624836,0.0,0.9090909090909091,0.09090909090909091,0.9090909090909091,0.5353033,0.1297116366299716,839
1011,9.999999999999988,unknown,False,PK,Major road,2,10,0.36594945,0.5109593,0.31746978,0.11803527,-0.46785998,0.0,1.0,0.1,1.0,0.6734551,0.12949892342090608,840
1082,5.7750419924438,unknown,False,PK,Major road,2,7,0.15886173,0.34509015,0.08732502,0.11703932,-0.12960716,0.0,0.42857142857142855,0.0,0.42857142857142855,0.18524434,0.1294334977865219,841
109,9.999999999999986,N5,False,PK,Highway,1,10,0.13678016,0.26317996,0.04691284,0.11934326,-0.0075105964,0.02296063,0.4,0.0,0.4,0.09951717,0.12890833616256714,842
393,10.000000000000021,N25,False,PK,Highway,1,11,0.3485185,0.7231695,0.33420703,0.0909097,-0.50768256,0.0,0.9090909090909091,0.2727272727272727,0.9090909090909091,0.7089602,0.12870549031279305,843
40,10.00000000000001,M9,False,PK,Highway,1,11,0.19840501,0.478383,0.18727098,0.12053041,-0.3463051,0.0,0.8181818181818182,0.09090909090909091,0.8181818181818182,0.39726174,0.1286771980198947,844
621,10.000000000000005,N70,False,PK,Major road,2,11,0.4683161,0.94560814,0.3785599,0.09389759,-0.48065794,0.0,1.0,0.36363636363636365,1.0,0.80304676,0.12860000621188772,845
1772,9.99999999999997,unknown,False,CN,Major road,2,10,0.37189156,0.9718253,0.33387798,0.14676975,-0.5450405,0.0,1.0,0.2,1.0,0.70826215,0.1284948480129242,846
460,9.999999999999998,N40,False,PK,Highway,1,10,0.23145428,0.49327263,0.23032323,0.11031489,-0.36740008,0.0,1.0,0.1,1.0,0.48858935,0.12836818605661393,847
427,9.999999999999972,unknown,False,PK,Major road,2,10,0.2863935,0.7818464,0.2768448,0.11097361,-0.42796558,0.0,1.0,0.1,1.0,0.5872765,0.12820132285356522,848
339,9.999999999999991,N5,False,PK,Highway,1,10,0.16848904,0.29926357,0.11315717,0.12242393,-0.14907752,0.0,0.6,0.0,0.6,0.2400426,0.1280445009469986,849
273,10.00000000000007,N85,False,PK,Major road,2,11,0.31494686,0.8651257,0.32353413,0.10792845,-0.5258629,0.007739988,1.0,0.2727272727272727,1.0,0.68631953,0.12800040461800316,850
335,10.000000000000044,N5,False,PK,Highway,1,11,0.16379498,0.39289427,0.10318888,0.11359015,-0.1444977,0.0,0.36363636363636365,0.0,0.36363636363636365,0.21889667,0.1279408037662506,851
1708,9.999999999999924,314,True,CN,Highway,1,10,0.4123319,0.7785061,0.38254303,0.07702136,-0.54816,0.0,1.0,0.5,1.0,0.8114963,0.1277260810136795,852
205,9.999999999999917,N55,False,PK,Highway,1,10,0.14990446,0.28175637,0.07629068,0.12220474,-0.07593699,0.0073318137,0.6,0.0,0.6,0.16183698,0.12747731804847717,853
748,9.999999999999998,N55,False,PK,Highway,1,10,0.24545029,0.41547295,0.22663395,0.11015366,-0.35139492,0.0,0.9,0.0,0.9,0.4807632,0.12744683027267456,854
611,10.000000000000009,N25,False,PK,Highway,1,11,0.2518919,0.5470239,0.25020155,0.10783394,-0.4124258,0.0,1.0,0.09090909090909091,1.0,0.53075767,0.12728925916281614,855
46,9.99999999999999,unknown,False,PK,Major road,1,10,0.32781145,0.4427398,0.30323067,0.111642204,-0.47785586,0.0,1.0,0.1,1.0,0.6432494,0.12694693565368653,856
690,9.999999999999934,N50,False,PK,Highway,1,10,0.33986205,0.67458695,0.3094362,0.11200871,-0.47486192,0.0,1.0,0.1,1.0,0.6564133,0.12677207052707673,857
697,9.99999999999994,N50,False,PK,Highway,1,10,0.40145034,0.872762,0.35833973,0.086596146,-0.4952259,0.0,1.0,0.3,1.0,0.76015335,0.12628652036190033,858
1712,10.000000000000043,314,True,CN,Highway,1,11,0.43758285,0.8852228,0.37509874,0.089068845,-0.5167116,0.0,1.0,0.36363636363636365,1.0,0.7957046,0.12575980018485677,859
692,10.000000000000009,N50,False,PK,Highway,1,11,0.3757779,0.60891676,0.35928586,0.088738985,-0.5426295,0.0,1.0,0.36363636363636365,1.0,0.7621604,0.12573849152434957,860
330,10.00000000000009,N5,False,PK,Highway,1,11,0.18749686,0.43026468,0.15548246,0.1136981,-0.23168848,0.0,0.7272727272727273,0.0,0.7272727272727273,0.32982808,0.1256551295518875,861
69,9.999999999999986,N10,False,PK,Highway,1,10,0.3549163,0.7064135,0.31798896,0.10952916,-0.48272285,0.0,1.0,0.1,1.0,0.67455643,0.12550522595643998,862
267,9.999999999999954,M8,False,PK,Highway,1,10,0.39220244,0.9189102,0.35694528,0.091454044,-0.522097,0.0,1.0,0.3,1.0,0.7571953,0.12522859752178192,863
1180,10.0,unknown,False,PK,Major road,2,11,0.13486552,0.52832186,0.067515574,0.09713793,-0.086572245,0.0,0.36363636363636365,0.09090909090909091,0.36363636363636365,0.14322217,0.12464070442047986,864
312,10.000000000000044,N85,False,PK,Major road,2,11,0.3309054,0.82956094,0.33282268,0.09531965,-0.50530916,0.0,0.9090909090909091,0.2727272727272727,0.9090909090909091,0.7060235,0.12455113597891547,865
1467,7.185047678100454,N80,False,PK,Major road,2,9,0.30844867,0.51659054,0.29822826,0.11460083,-0.47850704,0.0,1.0,0.1111111111111111,1.0,0.6326377,0.12442353434032864,866
211,9.999999999999966,N55,False,PK,Highway,1,10,0.20894341,0.958365,0.21393256,0.14293009,-0.40835696,0.0005749345,0.3,0.1,0.3,0.45381948,0.12426454782485963,867
1464,10.000000000000023,N80,False,PK,Major road,2,11,0.22201256,0.520895,0.22726259,0.116219446,-0.3783557,0.0,0.8181818181818182,0.09090909090909091,0.8181818181818182,0.48209673,0.12407194199887189,868
365,10.000000000000014,unknown,False,PK,Major road,2,11,0.15245765,0.3770788,0.09493715,0.11514676,-0.123282194,0.008874514,0.5454545454545454,0.0,0.5454545454545454,0.20139211,0.12397251278162003,869
527,9.999999999999993,unknown,False,PK,Major road,2,10,0.12837812,0.4396156,0.042475164,0.10902983,-0.0014206816,0.02822958,0.4,0.0,0.4,0.09010343,0.12386821210384369,870
1373,9.999999999999984,unknown,False,PK,Major road,2,10,0.20227194,0.32553282,0.18319117,0.11703558,-0.30679637,0.0,0.9,0.0,0.9,0.38860714,0.12366762012243271,871
1418,9.360026952551515,M2,False,PK,Highway,1,11,0.26314923,0.6092477,0.2830118,0.09293756,-0.46337977,0.0,0.9090909090909091,0.18181818181818182,0.9090909090909091,0.60035866,0.12334712838584727,872
299,10.000000000000128,N85,False,PK,Major road,2,11,0.28699794,0.59475905,0.28419793,0.111335166,-0.46404323,0.0,1.0,0.09090909090909091,1.0,0.6028748,0.12306501838293943,873
831,4.512736623583911,unknown,False,PK,Major road,2,6,0.16325359,0.3530829,0.116255075,0.11755735,-0.16379385,0.0,0.6666666666666666,0.0,0.6666666666666666,0.24661425,0.12299293279647827,874
351,10.00000000000001,unknown,False,PK,Major road,2,11,0.19419676,0.677466,0.1954399,0.10291016,-0.33607084,0.0,0.6363636363636364,0.09090909090909091,0.6363636363636364,0.41459066,0.12277550372210416,875
510,10.000000000000004,N40,False,PK,Highway,1,11,0.3035033,0.58764,0.30910978,0.09727425,-0.48416272,0.0,0.9090909090909091,0.18181818181818182,0.9090909090909091,0.65572083,0.12267168110067195,876
62,10.000000000000071,N10,False,PK,Highway,1,11,0.2776863,0.4484476,0.2790932,0.10594561,-0.4553379,0.0,1.0,0.09090909090909091,1.0,0.5920461,0.12237411859360608,877
1022,10.000000000000007,M1,False,PK,Highway,1,11,0.18449496,0.31892702,0.15899578,0.117255256,-0.27358767,0.0,0.7272727272727273,0.0,0.7272727272727273,0.337281,0.12226831912994385,878
24,9.999999999999932,N5,False,PK,Highway,1,10,0.19636968,0.36277926,0.17861006,0.1111231,-0.28708526,0.0,0.6,0.0,0.6,0.37888914,0.12196733802556992,879
1500,9.999999999999998,N5,False,PK,Highway,1,10,0.17596667,0.23800083,0.14540133,0.11568816,-0.23241036,0.0,1.0,0.0,1.0,0.3084428,0.1216910108923912,880
18,9.999999999999977,N5,False,PK,Highway,1,10,0.15653303,0.3240138,0.11068507,0.1252532,-0.18264022,0.005116063,0.5,0.0,0.5,0.23479849,0.12105832993984222,881
1293,10.000000000000014,unknown,False,PK,Major road,2,11,0.13306528,0.2503271,0.050908204,0.116179414,-0.05679125,0.0075916406,0.36363636363636365,0.0,0.36363636363636365,0.10799261,0.1205931305885315,882
1410,10.000000000000002,M2,False,PK,Highway,1,11,0.24863225,0.89427125,0.27792633,0.107583396,-0.48844355,0.0,0.5454545454545454,0.18181818181818182,0.5454545454545454,0.58957076,0.12022776400501078,883
1526,10.00000000000001,N35,True,PK,Highway,1,11,0.21085137,0.50631475,0.22331005,0.09912377,-0.36621138,0.0,0.5454545454545454,0.09090909090909091,0.5454545454545454,0.47371215,0.12005942436781797,884
1358,10.000000000000007,N5,False,PK,Highway,1,11,0.14140742,0.23481777,0.07165421,0.11946225,-0.10931194,0.0,0.45454545454545453,0.0,0.45454545454545453,0.15200153,0.11991327255964279,885
314,9.999999999999922,N85,False,PK,Major road,2,10,0.34123594,0.82883,0.33346504,0.08924886,-0.50694424,0.0,1.0,0.2,1.0,0.7073862,0.11985034167766571,886
108,10.000000000000034,N5,False,PK,Highway,1,11,0.13560215,0.26570162,0.059432004,0.11519123,-0.053225562,0.0045318333,0.45454545454545453,0.0,0.45454545454545453,0.12607431,0.11963915824890137,887
1501,9.999999999999988,N5,False,PK,Highway,1,10,0.16232052,0.2706993,0.1242123,0.12005699,-0.20113584,0.0,0.6,0.0,0.6,0.26349407,0.11955002695322037,888
1390,4.894647457163384,unknown,False,PK,Major road,2,7,0.1410283,0.29533166,0.07282027,0.11845334,-0.10170639,0.0,0.42857142857142855,0.0,0.42857142857142855,0.15447512,0.11924294382333755,889
1578,9.999999999999995,unknown,False,PK,Major road,2,10,0.14785485,0.28417203,0.09241924,0.1186254,-0.13426122,0.0,0.4,0.0,0.4,0.19605081,0.11886778473854065,890
1357,10.00000000000001,N5,False,PK,Highway,1,11,0.15669525,0.30619225,0.1142446,0.117030814,-0.18711957,0.0,0.8181818181818182,0.0,0.8181818181818182,0.2423494,0.11872024834156036,891
1354,10.0,N5,False,PK,Highway,1,11,0.15911345,0.45566028,0.14735673,0.10548825,-0.25245783,0.0,0.5454545454545454,0.09090909090909091,0.5454545454545454,0.31259084,0.11846695217219266,892
1770,5.247869187457312,315,False,CN,Major road,2,8,0.3884373,0.6050273,0.35846364,0.09494588,-0.54303455,0.0,1.0,0.25,1.0,0.7604162,0.11806327998638153,893
420,10.000000000000034,unknown,False,PK,Major road,2,11,0.22856635,0.41442388,0.22915064,0.10220612,-0.36761382,0.0,1.0,0.0,1.0,0.4861019,0.11745981872081757,894
1144,10.000000000000004,unknown,False,PK,Major road,2,11,0.1599781,0.4917572,0.15217166,0.09713006,-0.24666175,0.0,0.36363636363636365,0.09090909090909091,0.36363636363636365,0.32280484,0.1174273130568591,895
448,10.000000000000002,N40,False,PK,Highway,1,11,0.20490652,0.63745075,0.23032908,0.10838881,-0.3800348,0.013981066,0.6363636363636364,0.09090909090909091,0.6363636363636364,0.48860177,0.1173750025304881,896
1444,10.000000000000005,M1,False,PK,Highway,1,11,0.19091244,0.30331567,0.18241805,0.11394275,-0.29102305,0.0,0.8181818181818182,0.0,0.8181818181818182,0.38696712,0.11703560501337051,897
58,9.99999999999995,N10,False,PK,Highway,1,10,0.25588962,0.43549627,0.25584313,0.11294583,-0.4367103,0.0,1.0,0.0,1.0,0.54272527,0.11701186001300812,898
655,10.0,N50,False,PK,Highway,1,11,0.16807696,0.4247112,0.14360408,0.10259538,-0.22385725,0.0,0.45454545454545453,0.0,0.45454545454545453,0.30463028,0.11687563359737396,899
960,9.999999999999995,unknown,False,PK,Major road,2,10,0.26577702,0.5285169,0.30067426,0.09511369,-0.50564414,0.0,0.9,0.2,0.9,0.63782644,0.11625741094350815,900
419,10.000000000000012,unknown,False,PK,Major road,2,11,0.21670546,0.35089234,0.2192722,0.11205494,-0.36498174,0.0,1.0,0.0,1.0,0.46514657,0.11590566486120224,901
698,10.00000000000001,N50,False,PK,Highway,1,11,0.28064576,0.71172994,0.30789426,0.084562354,-0.49469575,0.0,1.0,0.18181818181818182,1.0,0.65314233,0.11552594845945185,902
952,10.0,unknown,False,PK,Major road,2,11,0.1698938,0.713245,0.17617178,0.1104147,-0.3202194,0.0,0.36363636363636365,0.09090909090909091,0.36363636363636365,0.37371677,0.11549254628744993,903
1070,9.999999999999995,unknown,False,PK,Major road,2,10,0.13683572,0.36847737,0.07941358,0.111280836,-0.089994,0.006643613,0.3,0.0,0.3,0.16846164,0.11544506251811981,904
1732,10.00000000000005,314,True,CN,Highway,1,11,0.39310846,0.7052113,0.37690565,0.07589045,-0.54719925,0.0,1.0,0.36363636363636365,1.0,0.7995376,0.11516710113395345,905
209,9.99999999999998,N55,False,PK,Highway,1,10,0.15147735,0.5066969,0.14940564,0.10041238,-0.24091788,0.0051323683,0.3,0.1,0.3,0.31693724,0.11475163906812669,906
653,9.999999999999984,N70,False,PK,Major road,2,10,0.17527878,0.37075296,0.1630427,0.10410102,-0.2661915,0.0,0.6,0.0,0.6,0.3458658,0.11465585231781006,907
149,9.999999999999991,N25,False,PK,Highway,1,10,0.13087693,0.30295587,0.06735661,0.111358166,-0.10045904,0.00771963,0.4,0.0,0.4,0.14288494,0.11410649120807648,908
992,10.0,unknown,False,PK,Major road,2,11,0.28471333,0.59547186,0.2978186,0.09818502,-0.48568857,0.0,1.0,0.09090909090909091,1.0,0.63176864,0.11393128457394514,909
470,10.000000000000078,N40,False,PK,Highway,1,11,0.22447796,0.6481967,0.27081487,0.098081395,-0.473684,0.0,0.6363636363636364,0.18181818181818182,0.6363636363636364,0.57448506,0.11370054131204432,910
1118,2.642606664281459,unknown,False,PK,Major road,2,4,0.14490637,0.32210854,0.10945209,0.11368211,-0.15453547,0.009296,0.25,0.0,0.25,0.23218295,0.11358557641506195,911
1230,9.999999999999961,N5,False,PK,Highway,1,10,0.13269898,0.1831067,0.068029925,0.11164476,-0.095596716,0.0,0.5,0.0,0.5,0.14431326,0.11354875564575195,912
78,10.000000000000151,N10,False,PK,Highway,1,11,0.24833594,0.42048204,0.2559395,0.10825619,-0.43540904,0.0,1.0,0.0,1.0,0.5429297,0.113506980240345,913
541,9.999999999999961,N5,False,PK,Highway,1,10,0.13005689,0.54265416,0.09767313,0.08186099,-0.14001419,0.0,0.2,0.1,0.2,0.207196,0.11310962051153184,914
45,9.99999999999998,unknown,False,PK,Major road,1,10,0.277335,0.5597475,0.2966095,0.10467978,-0.49235016,0.0,1.0,0.1,1.0,0.62920374,0.11283477604389192,915
293,10.000000000000034,N85,False,PK,Major road,2,11,0.2942086,0.5807561,0.31998318,0.084256895,-0.51187855,0.0,1.0,0.18181818181818182,1.0,0.6787868,0.11268549656326121,916
515,10.000000000000005,unknown,False,PK,Major road,2,11,0.11790349,0.45531884,0.07632219,0.092317946,-0.09061667,0.018729644,0.18181818181818182,0.09090909090909091,0.18181818181818182,0.16190381,0.11258779588070783,917
973,9.999999999999998,unknown,False,PK,Major road,2,10,0.22072999,0.6240501,0.25308564,0.091808245,-0.44275117,0.0,0.8,0.1,0.8,0.5368757,0.1122254154086113,918
1256,9.999999999999996,M2,False,PK,Highway,1,10,0.16385272,0.26494506,0.14914092,0.10689117,-0.25583273,0.0,0.8,0.0,0.8,0.31637567,0.11201370507478714,919
217,10.000000000000032,N55,False,PK,Highway,1,11,0.17432597,0.35876524,0.16872638,0.10780118,-0.29982182,0.0,0.9090909090909091,0.0,0.9090909090909091,0.3579227,0.11193075776100159,920
221,9.999999999999948,N55,False,PK,Highway,1,10,0.16878912,0.37247476,0.15943415,0.10883777,-0.27278125,0.0,0.6,0.0,0.6,0.3382109,0.11170279234647751,921
281,9.999999999999945,N85,False,PK,Major road,2,10,0.28243753,0.40503198,0.28546327,0.11284901,-0.48014536,0.0,1.0,0.0,1.0,0.60555905,0.11140492558479309,922
61,10.000000000000048,N10,False,PK,Highway,1,11,0.26831463,0.41697103,0.27616063,0.10412669,-0.45709983,0.0,1.0,0.0,1.0,0.58582515,0.11112917214632034,923
96,9.999999999999972,N10,False,PK,Highway,1,10,0.18234836,0.21457595,0.1843768,0.1104792,-0.31082764,0.0,1.0,0.0,1.0,0.39112228,0.11102785170078278,924
1412,9.999999999999993,M2,False,PK,Highway,1,10,0.23239279,0.46456307,0.26652592,0.0928217,-0.44885164,0.0,0.9,0.1,0.9,0.5653869,0.11100094974040986,925
412,9.99999999999999,unknown,False,PK,Major road,2,10,0.23428455,0.4443575,0.26867443,0.1035973,-0.45702368,0.0,1.0,0.1,1.0,0.56994456,0.11075534880161286,926
1481,9.999999999999966,N55,False,PK,Highway,1,10,0.14311977,0.26462138,0.10718217,0.1091789,-0.16526994,0.0,0.6,0.0,0.6,0.22736771,0.11057895421981812,927
887,9.999999999999996,unknown,False,PK,Major road,2,10,0.15052898,0.83527285,0.15658686,0.062380083,-0.24939623,0.0,0.1,0.1,0.1,0.33217087,0.11052764415740968,928
999,10.000000000000021,unknown,False,PK,Major road,2,11,0.345149,0.5983395,0.34555888,0.093209855,-0.5500317,0.0,1.0,0.18181818181818182,1.0,0.7330411,0.11032241826707667,929
1044,10.000000000000005,N45,False,PK,Major road,2,11,0.20245251,0.35137823,0.2147605,0.105371974,-0.377005,0.0,0.9090909090909091,0.0,0.9090909090909091,0.45557582,0.1102200448513031,930
1047,10.000000000000005,N45,False,PK,Major road,2,11,0.16054349,0.3254248,0.14878012,0.10435932,-0.2644994,0.0,0.6363636363636364,0.0,0.6363636363636364,0.3156103,0.10987430810928345,931
867,10.000000000000005,unknown,False,PK,Major road,2,11,0.16116494,0.3641683,0.15024258,0.10457855,-0.285843,0.0,0.5454545454545454,0.0,0.5454545454545454,0.31871265,0.10979963093996048,932
95,10.000000000000034,N10,False,PK,Highway,1,11,0.21370944,0.38739726,0.2294582,0.10239962,-0.38251498,0.0,1.0,0.0,1.0,0.48675433,0.10968545079231262,933
1271,0.5035588993114315,unknown,False,PK,Major road,2,2,0.14350146,0.17366678,0.111187704,0.10513975,-0.17514017,0.0,0.5,0.0,0.5,0.23586474,0.10965452343225479,934
215,9.999999999999998,N55,False,PK,Highway,1,10,0.14951198,0.35967475,0.12642184,0.101826,-0.22065611,0.0,0.6,0.0,0.6,0.2681812,0.10941567271947861,935
570,3.974885533140015,N5,False,PK,Highway,1,5,0.11832406,0.17443177,0.037466697,0.10807352,-0.025588235,0.0016928032,0.2,0.0,0.2,0.07947887,0.10934299975633621,936
47,10.000000000000055,unknown,False,PK,Major road,1,11,0.2911042,0.5748814,0.30950424,0.09197197,-0.50071675,0.0,1.0,0.09090909090909091,1.0,0.6565576,0.1090684247287837,937
1384,10.000000000000025,unknown,False,PK,Major road,2,11,0.13686544,0.26053944,0.09632599,0.10644939,-0.15038133,0.0,0.45454545454545453,0.0,0.45454545454545453,0.20433828,0.1088985875248909,938
80,9.999999999999972,N10,False,PK,Highway,1,10,0.26043984,0.75166416,0.29324335,0.08263196,-0.48362476,0.0,1.0,0.1,1.0,0.6220631,0.10842982888221742,939
1352,10.00000000000001,N5,False,PK,Highway,1,11,0.14455093,0.2694266,0.118372865,0.10596193,-0.20211862,0.0,0.6363636363636364,0.0,0.6363636363636364,0.25110677,0.10825321823358536,940
904,1.810282991368771,unknown,False,PK,Major road,2,3,0.18570961,0.1929987,0.19685693,0.1091607,-0.33241108,0.0,1.0,0.0,1.0,0.4175966,0.10815791040658951,941
452,9.99999999999997,N40,False,PK,Highway,1,10,0.19669802,0.28966606,0.21243005,0.105256334,-0.35128266,0.0,1.0,0.0,1.0,0.45063218,0.10805955529212952,942
775,10.000000000000092,N55,False,PK,Highway,1,11,0.14570874,0.36767888,0.12201238,0.09930391,-0.19856085,0.0,0.5454545454545454,0.0,0.5454545454545454,0.25882733,0.10799533873796463,943
1190,10.000000000000012,unknown,False,PK,Major road,2,11,0.14212802,0.3047746,0.11380127,0.09692423,-0.19726247,0.0,0.45454545454545453,0.0,0.45454545454545453,0.24140894,0.10781704634428024,944
851,2.9617911965536523,unknown,False,PK,Major road,2,5,0.18090664,0.31871244,0.19133961,0.08943589,-0.32149395,0.0,0.6,0.0,0.6,0.4058926,0.10747797042131424,945
1338,9.999999999999961,unknown,False,PK,Major road,2,10,0.12347637,0.3189407,0.06617926,0.094453454,-0.0794212,0.0051505743,0.4,0.0,0.4,0.14038742,0.10742948949337006,946
451,9.999999999999984,N40,False,PK,Highway,1,10,0.19618972,0.5021701,0.23753853,0.08610635,-0.40326786,0.0,0.8,0.1,0.8,0.50389534,0.10733062982559205,947
826,9.999999999999998,unknown,False,PK,Major road,2,10,0.14653076,0.427226,0.12883851,0.09707093,-0.19758427,0.002933106,0.3,0.0,0.3,0.27330774,0.10721605271100998,948
1576,10.00000000000002,unknown,False,PK,Major road,2,11,0.13094519,0.33332166,0.0857169,0.10038833,-0.15092279,0.0,0.2727272727272727,0.0,0.2727272727272727,0.18183301,0.10713502764701843,949
897,9.999999999999995,unknown,False,PK,Major road,2,10,0.17868444,0.5323613,0.21535893,0.09544566,-0.37473363,0.0,0.5,0.1,0.5,0.45684528,0.10705329686403275,950
894,9.999999999999977,unknown,False,PK,Major road,2,10,0.20110807,0.9250348,0.24404958,0.09851928,-0.44088244,0.0,0.4,0.1,0.4,0.51770735,0.10699294716119767,951
1189,2.9854715564842147,unknown,False,PK,Major road,2,4,0.13721123,0.21006206,0.1040554,0.105619796,-0.16403942,0.0,0.5,0.0,0.5,0.22073483,0.10692393779754639,952
988,10.00000000000001,unknown,False,PK,Major road,2,11,0.2693048,0.8197644,0.31708556,0.08827836,-0.53792083,0.0,0.8181818181818182,0.18181818181818182,0.8181818181818182,0.67264,0.10634143149310893,953
1237,10.000000000000007,unknown,False,PK,Major road,2,11,0.14453526,0.34696364,0.124702975,0.10531321,-0.2379521,0.0,0.45454545454545453,0.0,0.45454545454545453,0.26453495,0.10630062967538834,954
1589,9.999999999999991,N5,False,PK,Highway,1,10,0.1268141,0.2865994,0.076577604,0.108076856,-0.11853556,0.0,0.2,0.0,0.2,0.16244563,0.10621369630098343,955
1229,10.00000000000003,N5,False,PK,Highway,1,11,0.12753175,0.16529338,0.082619004,0.10396781,-0.12416198,0.0032574073,0.5454545454545454,0.0,0.5454545454545454,0.17526138,0.10599470883607864,956
1345,9.999999999999996,unknown,False,PK,Major road,2,10,0.12331333,0.33411893,0.06650962,0.09590362,-0.08335918,0.0,0.4,0.0,0.4,0.1410882,0.10591527819633484,957
213,9.999999999999957,N55,False,PK,Highway,1,10,0.16041192,0.4868535,0.18976769,0.08182851,-0.33570474,0.0,0.4,0.1,0.4,0.40255806,0.10583680331707002,958
1443,10.000000000000004,M1,False,PK,Highway,1,11,0.18959683,0.34278324,0.20892978,0.104959294,-0.35631737,0.0,0.8181818181818182,0.0,0.8181818181818182,0.443207,0.10556618124246597,959
1332,10.000000000000004,Grand Trunk Rd,False,PK,Major road,1,11,0.12901112,0.20274155,0.08580231,0.10397566,-0.1414782,0.0,0.45454545454545453,0.0,0.45454545454545453,0.18201418,0.10552927106618881,960
399,9.999999999999961,N25,False,PK,Highway,1,10,0.26908723,0.4716808,0.3040671,0.09485023,-0.51315105,0.0,1.0,0.1,1.0,0.6450237,0.10551958739757539,961
1192,5.523541976331622,unknown,False,PK,Major road,2,7,0.15600526,0.26890287,0.15280056,0.099460006,-0.26156762,0.0,0.5714285714285714,0.0,0.5714285714285714,0.32413894,0.10543788224458694,962
1084,9.999999999999977,N70,False,PK,Major road,2,10,0.124095716,0.18038435,0.071327396,0.10442565,-0.1018462,0.0,0.5,0.0,0.5,0.15130825,0.10531900823116302,963
1183,10.000000000000012,unknown,False,PK,Major road,2,11,0.116236135,0.2707897,0.04561095,0.104179166,-0.057262138,5.8141623e-06,0.2727272727272727,0.0,0.2727272727272727,0.09675544,0.10499110817909241,964
793,10.000000000000055,N55,False,PK,Highway,1,11,0.31490687,0.61450726,0.3552562,0.08057838,-0.5963369,0.0,0.9090909090909091,0.2727272727272727,0.9090909090909091,0.7536122,0.10486193367026068,965
939,9.999999999999998,unknown,False,PK,Major road,2,10,0.29496795,0.9533062,0.33587283,0.14275055,-0.6156212,0.0,0.7,0.2,0.7,0.71249384,0.10480510115623475,966
762,10.000000000000096,N55,False,PK,Highway,1,11,0.12996334,0.40557146,0.10229371,0.09655973,-0.14154358,0.011847859,0.36363636363636365,0.0,0.36363636363636365,0.21699773,0.10472355037927628,967
1045,9.999999999999998,N45,False,PK,Major road,2,10,0.15583885,0.29912695,0.15653759,0.09840516,-0.26565588,0.0,0.6,0.0,0.6,0.3320664,0.10408999770879745,968
107,9.999999999999961,N5,False,PK,Highway,1,10,0.10975208,0.26523283,0.04399167,0.09776363,-0.021464122,0.018241653,0.3,0.0,0.3,0.09332042,0.10407038033008575,969
1403,0.8830910442669039,unknown,False,PK,Major road,2,3,0.18260925,0.36864927,0.20285992,0.07969427,-0.34491098,0.0,0.3333333333333333,0.0,0.3333333333333333,0.43033087,0.10402684658765793,970
650,10.000000000000199,N70,False,PK,Major road,2,11,0.20119086,0.6261603,0.25050837,0.078621574,-0.43319914,0.0,0.45454545454545453,0.09090909090909091,0.45454545454545453,0.5314085,0.10336724045601758,971
1048,10.000000000000025,N45,False,PK,Major road,2,11,0.19120313,0.27259508,0.21679807,0.09860272,-0.37426957,0.0,0.9090909090909091,0.0,0.9090909090909091,0.45989814,0.10326917469501495,972
52,7.382282562070076,unknown,False,PK,Major road,1,9,0.23296785,0.37371695,0.2628168,0.09641262,-0.446859,0.0,1.0,0.0,1.0,0.5575186,0.10308393836021423,973
342,9.999999999999993,N5,False,PK,Highway,1,10,0.1364421,0.37367517,0.11556427,0.098884776,-0.17709787,0.0,0.3,0.0,0.3,0.24514884,0.10299347341060638,974
376,10.000000000000036,N65,False,PK,Highway,1,11,0.16660427,0.3197059,0.18007232,0.10016188,-0.3177602,0.0,0.6363636363636364,0.0,0.6363636363636364,0.3819911,0.1029629185795784,975
700,9.999999999999948,N50,False,PK,Highway,1,10,0.23654065,0.43376982,0.26670924,0.097311065,-0.45360368,0.0,0.9,0.0,0.9,0.56577575,0.10271168500185013,976
1260,10.000000000000025,unknown,False,PK,Major road,2,11,0.11943951,0.29116875,0.0665963,0.093949825,-0.087857425,0.00032788378,0.36363636363636365,0.0,0.36363636363636365,0.14127208,0.10264801979064941,977
821,10.0,unknown,False,PK,Major road,2,11,0.1199811,0.27732706,0.07013614,0.098475695,-0.08844803,0.00012511828,0.36363636363636365,0.0,0.36363636363636365,0.14878121,0.1021614521741867,978
910,10.000000000000002,unknown,False,PK,Major road,2,11,0.22186989,0.43564707,0.25534168,0.09355574,-0.43636325,0.0,0.8181818181818182,0.0,0.8181818181818182,0.5416615,0.10169150680303574,979
59,10.000000000000085,N10,False,PK,Highway,1,11,0.2762389,0.4372584,0.29844654,0.0936207,-0.49518338,0.0,1.0,0.0,1.0,0.6331007,0.10135185718536377,980
917,10.000000000000014,unknown,False,PK,Major road,2,11,0.25705191,0.34871906,0.28573573,0.09714534,-0.47103947,0.0,1.0,0.0,1.0,0.606137,0.10124324262142181,981
913,3.0585854799913497,unknown,False,PK,Major road,2,6,0.2266633,0.35466868,0.2608936,0.09677478,-0.44397584,0.0,0.8333333333333334,0.0,0.8333333333333334,0.5534389,0.10121901333332062,982
4,9.999999999999988,unknown,False,PK,Major road,2,10,0.1401854,0.3078,0.13190249,0.10266942,-0.22496705,0.0005517602,0.4,0.0,0.4,0.27980742,0.10109841823577881,983
49,9.999999999999968,unknown,False,PK,Major road,1,10,0.25290632,0.37471515,0.2830811,0.09500559,-0.4819389,0.0,1.0,0.0,1.0,0.6005057,0.10103463381528854,984
1434,1.7750415655094829,Islamabad Highway,False,PK,Major road,2,3,0.24091457,0.24896263,0.27391264,0.10090384,-0.4691236,0.0,1.0,0.0,1.0,0.5810565,0.10092959553003311,985
885,3.8054583978858947,unknown,False,PK,Major road,2,6,0.13794309,0.24219723,0.12652709,0.098244965,-0.20883389,0.0,0.5,0.0,0.5,0.26840448,0.10091854631900787,986
609,10.00000000000003,N25,False,PK,Highway,1,11,0.23484087,0.34600502,0.26899818,0.10181815,-0.46506852,0.0,0.9090909090909091,0.0,0.9090909090909091,0.5706313,0.10083331167697906,987
507,10.000000000000009,N65,False,PK,Highway,1,11,0.32547614,0.6497967,0.35252854,0.08364005,-0.565822,0.0,1.0,0.18181818181818182,1.0,0.747826,0.10025844221765345,988
100,10.000000000000014,N10,False,PK,Highway,1,11,0.20851746,0.34498852,0.24495426,0.09323358,-0.41993704,0.0,1.0,0.0,1.0,0.51962644,0.10016627609729767,989
1131,10.000000000000005,unknown,False,PK,Major road,2,11,0.12229993,0.42046613,0.08537826,0.09362695,-0.12532838,0.0,0.2727272727272727,0.0,0.2727272727272727,0.18111464,0.10014961659908295,990
1292,9.999999999999986,unknown,False,PK,Major road,2,10,0.117228426,0.3491438,0.080685385,0.094885446,-0.10218537,0.011270695,0.2,0.0,0.2,0.17115955,0.09998133778572083,991
1393,9.99999999999999,unknown,False,PK,Major road,2,10,0.2855801,0.60977316,0.3230647,0.0910517,-0.55031264,0.0,0.9,0.1,0.9,0.6853238,0.09986526727676392,992
905,9.999999999999998,unknown,False,PK,Major road,2,10,0.21032505,0.48411703,0.27006608,0.08823992,-0.47385344,0.0,0.8,0.1,0.8,0.57289666,0.09983053267002107,993
1257,0.9681863036131311,M2,False,PK,Highway,1,3,0.124676056,0.13915373,0.09511101,0.10001916,-0.16059442,0.0,0.6666666666666666,0.0,0.6666666666666666,0.20176092,0.09952130168676376,994
744,9.999999999999982,N55,False,PK,Highway,1,10,0.1338062,0.27351615,0.12110553,0.08713281,-0.20352992,0.0,0.4,0.0,0.4,0.25690362,0.09943089634180069,995
101,10.000000000000016,N10,False,PK,Highway,1,11,0.1888319,0.27768043,0.22347218,0.09124832,-0.38732898,0.0,1.0,0.0,1.0,0.47405607,0.09931498765945435,996
1349,9.999999999999995,unknown,False,PK,Major road,2,10,0.12633125,0.2841007,0.1012069,0.095255636,-0.16818732,0.0,0.4,0.0,0.4,0.21469225,0.09920891374349594,997
1205,9.999999999999993,unknown,False,PK,Major road,2,10,0.114311196,0.28098878,0.0634696,0.09574817,-0.08615124,0.0,0.2,0.0,0.2,0.13463937,0.09892040491104126,998
1193,9.999999999999988,unknown,False,PK,Major road,2,10,0.119613424,0.22288628,0.08219525,0.096184075,-0.12643664,0.0,0.4,0.0,0.4,0.17436247,0.09875733405351639,999
1645,9.99999999999997,219,False,CN,Major road,2,10,0.39223304,0.6202281,0.388831,0.069472775,-0.58133525,0.0,1.0,0.3,1.0,0.82483506,0.0987054768204689,1000
457,9.999999999999979,N40,False,PK,Highway,1,10,0.18908094,0.36751202,0.22622414,0.089551724,-0.38844597,0.0,0.9,0.0,0.9,0.47989386,0.0983421579003334,1001
1716,10.000000000000034,314,True,CN,Highway,1,11,0.3921654,0.8888999,0.38610685,0.07007568,-0.5719676,0.0,1.0,0.2727272727272727,1.0,0.81905633,0.098232570967891,1002
1359,10.000000000000009,N5,False,PK,Highway,1,11,0.11944234,0.3203714,0.083820395,0.09425238,-0.1388012,0.0,0.2727272727272727,0.0,0.2727272727272727,0.17780991,0.09820431470870972,1003
102,9.999999999999947,N10,False,PK,Highway,1,10,0.17806965,0.27768043,0.21183138,0.09146286,-0.37103552,0.0,1.0,0.0,1.0,0.44936222,0.09805187582969666,1004
920,10.0,unknown,False,PK,Major road,2,11,0.12839647,0.40106422,0.11392668,0.098130375,-0.17826676,0.0021588153,0.36363636363636365,0.0,0.36363636363636365,0.24167497,0.0979059636592865,1005
453,9.999999999999988,N40,False,PK,Highway,1,10,0.18820181,0.39808843,0.22620249,0.09223391,-0.3859139,0.0,1.0,0.0,1.0,0.47984794,0.09789356589317322,1006
174,10.000000000000009,N25,False,PK,Highway,1,11,0.2819536,0.44338834,0.32329938,0.08996132,-0.5601206,0.0,0.9090909090909091,0.09090909090909091,0.9090909090909091,0.68582153,0.09767466160384092,1007
873,10.000000000000016,unknown,False,PK,Major road,2,11,0.1841049,0.47719777,0.24583445,0.094626114,-0.42187378,0.0016496642,0.6363636363636364,0.09090909090909091,0.6363636363636364,0.5214936,0.09759870293465528,1008
1379,10.000000000000002,unknown,False,PK,Major road,2,11,0.12173688,0.23914596,0.09383075,0.09513987,-0.15641981,0.0,0.36363636363636365,0.0,0.36363636363636365,0.19904508,0.09750575572252274,1009
1242,10.00000000000004,unknown,False,PK,Major road,1,11,0.14371507,0.35718596,0.1520194,0.081173845,-0.26692244,0.0,0.5454545454545454,0.0,0.5454545454545454,0.32248184,0.09736956655979156,1010
15,10.000000000000007,N5,False,PK,Highway,1,11,0.16502944,0.38076186,0.20155473,0.097685345,-0.36917412,0.0114150755,0.5454545454545454,0.0,0.5454545454545454,0.42756215,0.09732286632061005,1011
816,9.999999999999995,unknown,False,PK,Major road,2,10,0.1134367,0.3878364,0.06798823,0.09075337,-0.0874895,0.0,0.2,0.0,0.2,0.14422482,0.09707631170749664,1012
1588,9.999999999999996,N5,False,PK,Highway,1,10,0.13897595,0.224937,0.14212896,0.09254278,-0.24678583,0.0,0.6,0.0,0.6,0.30150107,0.09707455337047577,1013
976,10.000000000000005,unknown,False,PK,Major road,2,11,0.29369277,0.69590217,0.34480307,0.08275148,-0.5804402,0.0,0.8181818181818182,0.18181818181818182,0.8181818181818182,0.73143774,0.09705660736018962,1014
693,9.999999999999984,N50,False,PK,Highway,1,10,0.31651723,0.41345614,0.32686436,0.09556712,-0.5308027,0.0,1.0,0.0,1.0,0.693384,0.09704925119876862,1015
726,10.0,unknown,False,PK,Major road,2,11,0.12002116,0.3554212,0.091709085,0.08804189,-0.15012361,0.0,0.18181818181818182,0.0,0.18181818181818182,0.19454435,0.09667172282934189,1016
258,9.999999999999929,M8,False,PK,Highway,1,10,0.27333805,0.48096204,0.32233638,0.08807275,-0.5583428,0.0,1.0,0.1,1.0,0.6837787,0.09643531054258347,1017
444,9.999999999999954,N40,False,PK,Highway,1,10,0.16593221,0.3652783,0.19806233,0.092621945,-0.34006009,0.0,0.7,0.0,0.7,0.42015365,0.09621518850326538,1018
1049,9.999999999999996,N45,False,PK,Major road,2,10,0.18268271,0.2980716,0.22438471,0.08433585,-0.39547795,0.0,0.7,0.0,0.7,0.47599185,0.09572722762823105,1019
921,10.000000000000004,unknown,False,PK,Major road,2,11,0.14060551,0.26544428,0.15090407,0.088964894,-0.2587117,0.0,0.5454545454545454,0.0,0.5454545454545454,0.3201159,0.09559544920921326,1020
914,10.000000000000007,unknown,False,PK,Major road,2,11,0.1823391,0.55125624,0.24809979,0.08344447,-0.44712365,0.0,0.8181818181818182,0.09090909090909091,0.8181818181818182,0.5262991,0.095465102520856,1021
296,10.00000000000011,N85,False,PK,Major road,2,11,0.27244866,0.6888565,0.32210156,0.075864226,-0.52997446,0.0,1.0,0.09090909090909091,1.0,0.6832806,0.09538068744269285,1022
746,9.999999999999995,N55,False,PK,Highway,1,10,0.23269165,0.47953048,0.29847392,0.06335008,-0.50657314,0.0,0.5,0.1,0.5,0.6331588,0.09536088466644288,1023
116,9.999999999999927,N5,False,PK,Highway,1,10,0.110010825,0.19434634,0.0648972,0.09397111,-0.09903559,0.0,0.2,0.0,0.2,0.13766776,0.09486588090658188,1024
1452,6.484042833861513,unknown,False,PK,Major road,2,8,0.19383082,0.60616124,0.27192736,0.07078924,-0.47247285,0.0,0.625,0.125,0.625,0.57684505,0.09452046900987625,1025
522,9.999999999999991,unknown,False,PK,Major road,2,10,0.10236224,0.3114103,0.036550306,0.08734782,-0.044862457,0.0,0.2,0.0,0.2,0.07753491,0.09442558884620667,1026
441,9.999999999999993,N40,False,PK,Highway,1,10,0.2155095,0.37223184,0.26492047,0.08847572,-0.45324937,0.0,1.0,0.0,1.0,0.5619812,0.09439721703529358,1027
1323,9.999999999999998,unknown,False,PK,Major road,2,10,0.11963078,0.22288628,0.09959966,0.09048408,-0.16297022,0.0,0.3,0.0,0.3,0.21128279,0.09435485303401947,1028
1387,9.999999999999979,unknown,False,PK,Major road,2,10,0.124246515,0.27040014,0.113695666,0.090051726,-0.18945578,0.0,0.5,0.0,0.5,0.24118493,0.09428012371063232,1029
438,10.000000000000044,N40,False,PK,Highway,1,11,0.20021583,0.41175333,0.24949774,0.090251,-0.4307374,0.0,1.0,0.0,1.0,0.5292646,0.09424867480993271,1030
593,10.000000000000002,N70,False,PK,Major road,2,11,0.119161606,0.20243156,0.099328116,0.095844895,-0.15998168,0.00048401274,0.36363636363636365,0.0,0.36363636363636365,0.21070676,0.09417445212602615,1031
357,10.000000000000014,unknown,False,PK,Major road,2,11,0.11460493,0.3622674,0.08783182,0.090003684,-0.1298512,0.0035034826,0.2727272727272727,0.0,0.2727272727272727,0.18631943,0.09412766993045807,1032
303,10.000000000000052,N85,False,PK,Major road,2,11,0.22639231,0.44139832,0.2755288,0.08661913,-0.47938147,0.0,0.9090909090909091,0.0,0.9090909090909091,0.5844848,0.09406944364309311,1033
447,9.999999999999938,N40,False,PK,Highway,1,10,0.17532791,0.27547258,0.21870863,0.089482434,-0.38152128,0.0,1.0,0.0,1.0,0.46395108,0.09398433566093445,1034
1251,10.000000000000018,unknown,False,PK,Major road,1,11,0.13395345,0.22690518,0.14076886,0.0883393,-0.25030786,0.0,0.45454545454545453,0.0,0.45454545454545453,0.29861584,0.09395283460617065,1035
1231,9.999999999999986,N5,False,PK,Highway,1,10,0.14625648,0.22590788,0.17006926,0.08892904,-0.31234568,0.0,0.6,0.0,0.6,0.3607714,0.0934913232922554,1036
1733,10.00000000000004,314,True,CN,Highway,1,11,0.29438528,0.5629498,0.36545908,0.06216203,-0.60393316,0.0,1.0,0.2727272727272727,1.0,0.7752558,0.09343411394140937,1037
60,9.999999999999918,N10,False,PK,Highway,1,10,0.24909088,0.43041313,0.29544276,0.08849097,-0.51004684,0.0,1.0,0.0,1.0,0.6267287,0.09297847002744675,1038
747,10.000000000000007,N55,False,PK,Highway,1,11,0.20531021,0.4393902,0.25854674,0.08363895,-0.44757816,0.0,0.8181818181818182,0.0,0.8181818181818182,0.5484605,0.09270567446947098,1039
1402,9.999999999999984,unknown,False,PK,Major road,2,10,0.14775667,0.26684347,0.17588861,0.08503296,-0.31212103,0.0,0.5,0.0,0.5,0.3731161,0.09262626618146896,1040
50,9.999999999999964,unknown,False,PK,Major road,1,10,0.22791564,0.40144727,0.28010017,0.08718223,-0.4940895,0.0,1.0,0.0,1.0,0.5941822,0.0924922302365303,1041
1740,5.403200840055524,314,True,CN,Highway,1,7,0.3592947,0.4743014,0.38756678,0.06466135,-0.60789025,0.0,1.0,0.2857142857142857,1.0,0.8221533,0.09247081897088459,1042
1036,3.9150596960553976,unknown,False,PK,Major road,2,5,0.15344799,0.19155192,0.18895867,0.08515596,-0.33796602,0.0,0.6,0.0,0.6,0.4008419,0.09193960577249527,1043
929,9.999999999999991,unknown,False,PK,Major road,2,10,0.21081817,0.39636126,0.26601145,0.077117935,-0.4653639,0.0,0.5,0.0,0.5,0.5642955,0.09185443073511124,1044
1319,0.05251177038566117,unknown,False,PK,Major road,2,2,0.101754315,0.101754315,0.046034496,0.09181761,-0.052605562,0.0,0.0,0.0,0.0,0.09765391,0.09181760996580124,1045
912,10.000000000000009,unknown,False,PK,Major road,2,11,0.19869731,0.3873138,0.2539052,0.088140875,-0.43795174,0.0,0.8181818181818182,0.0,0.8181818181818182,0.5386143,0.09167610108852386,1046
738,9.54232433662228,unknown,False,PK,Major road,2,12,0.1127533,0.3570471,0.08838234,0.088059306,-0.13129295,0.0,0.25,0.0,0.25,0.18748726,0.09161349385976791,1047
1225,9.999999999999982,N5,False,PK,Highway,1,10,0.09766801,0.12949134,0.0327649,0.09068447,-0.024557088,0.0018851086,0.1,0.0,0.1,0.06950485,0.09135088324546814,1048
344,10.00000000000004,N5,False,PK,Highway,1,11,0.112112544,0.28332728,0.08835532,0.08745306,-0.13703398,0.00015712055,0.2727272727272727,0.0,0.2727272727272727,0.18742993,0.0911385789513588,1049
1024,10.0,M1,False,PK,Highway,1,11,0.11052392,0.18850578,0.08290201,0.09074332,-0.13068298,0.0,0.18181818181818182,0.0,0.18181818181818182,0.17586172,0.0910869911313057,1050
814,9.999999999999995,unknown,False,PK,Major road,2,10,0.103843406,0.296421,0.05876091,0.08812587,-0.08058021,0.0,0.2,0.0,0.2,0.12465072,0.09089925140142441,1051
461,9.999999999999973,N40,False,PK,Highway,1,10,0.21902363,0.44267777,0.29787776,0.07615525,-0.5213617,0.0,1.0,0.1,1.0,0.6318942,0.09062387257814408,1052
398,10.000000000000044,N25,False,PK,Highway,1,11,0.33595344,0.70913374,0.36994708,0.06960316,-0.58378553,0.0,1.0,0.18181818181818182,1.0,0.7847763,0.09048696851188487,1053
1426,10.000000000000032,N5,False,PK,Highway,1,11,0.15700032,0.2131805,0.19992694,0.08709763,-0.3572004,0.0,0.7272727272727273,0.0,0.7272727272727273,0.4241091,0.09041505306959152,1054
1290,3.962544816152114,unknown,False,PK,Major road,2,5,0.097448416,0.1307976,0.035780746,0.09020104,-0.04654225,0.0,0.2,0.0,0.2,0.075902425,0.09005184471607208,1055
1414,9.999999999999991,M2,False,PK,Highway,1,10,0.20846966,0.41586298,0.26795116,0.08596219,-0.4754359,0.0,0.9,0.0,0.9,0.5684102,0.08997337520122528,1056
1035,9.99999999999998,unknown,False,PK,Major road,2,10,0.12171968,0.18035074,0.12296648,0.08904163,-0.21316977,0.0,0.4,0.0,0.4,0.2608513,0.08996894955635071,1057
1226,10.000000000000004,N5,False,PK,Highway,1,11,0.09882447,0.13886619,0.04477128,0.088859186,-0.0602025,0.001899065,0.18181818181818182,0.0,0.18181818181818182,0.09497423,0.08991345763206482,1058
1031,9.999999999999998,unknown,False,PK,Major road,2,10,0.14245632,0.17760135,0.17529432,0.08953099,-0.31423923,0.0,0.7,0.0,0.7,0.3718554,0.08948317170143127,1059
1734,10.00000000000014,314,True,CN,Highway,1,11,0.34408367,0.5802152,0.37379903,0.07148228,-0.5886867,0.0,1.0,0.18181818181818182,1.0,0.7929475,0.08942520862275904,1060
1291,10.000000000000004,unknown,False,PK,Major road,2,11,0.103041045,0.1670304,0.064726606,0.08502212,-0.09664791,0.0020592376,0.36363636363636365,0.0,0.36363636363636365,0.13730587,0.08940771967172623,1061
989,10.000000000000004,unknown,False,PK,Major road,2,11,0.2865137,0.43667072,0.32435712,0.08542892,-0.5415872,0.0,1.0,0.0,1.0,0.68806535,0.08937354385852814,1062
48,10.0,unknown,False,PK,Major road,1,11,0.23579988,0.40423906,0.29288557,0.08504743,-0.5105378,0.0,1.0,0.0,1.0,0.6213041,0.08929644525051117,1063
1253,10.000000000000002,unknown,False,PK,Major road,2,11,0.10967181,0.15486144,0.087735936,0.08926187,-0.14306746,0.0,0.2727272727272727,0.0,0.2727272727272727,0.18611602,0.08926012367010117,1064
51,10.000000000000012,unknown,False,PK,Major road,1,11,0.20229298,0.38678175,0.26381534,0.08564319,-0.47053945,0.0,1.0,0.0,1.0,0.55963683,0.08908237516880035,1065
594,7.498652965722756,N70,False,PK,Major road,2,9,0.09736925,0.13538057,0.040482312,0.088842504,-0.045679577,0.0,0.1111111111111111,0.0,0.1111111111111111,0.08587595,0.08900757879018784,1066
262,10.000000000000185,M8,False,PK,Highway,1,11,0.24609815,0.65200084,0.33589685,0.07965468,-0.5916836,0.0,1.0,0.18181818181818182,1.0,0.7125448,0.08892400806600398,1067
755,9.999999999999968,N55,False,PK,Highway,1,10,0.10933298,0.23239434,0.08810251,0.086559,-0.14510195,0.0,0.3,0.0,0.3,0.18689366,0.08889933675527573,1068
1322,9.159889677131291,unknown,False,PK,Major road,2,11,0.11160388,0.1907526,0.09663764,0.085480176,-0.16191535,0.0,0.2727272727272727,0.0,0.2727272727272727,0.20499939,0.08872514963150024,1069
1227,9.999999999999986,N5,False,PK,Highway,1,10,0.097981535,0.2174926,0.044955667,0.08677357,-0.0747829,0.0,0.2,0.0,0.2,0.09536537,0.08863749355077744,1070
900,9.999999999999996,unknown,False,PK,Major road,2,10,0.2742866,0.4199055,0.31919813,0.09021812,-0.55060244,0.0,1.0,0.0,1.0,0.67712146,0.08856125921010971,1071
1335,9.99999999999996,unknown,False,PK,Major road,2,10,0.12353028,0.185027,0.13396522,0.08439831,-0.23620138,0.0,0.2,0.0,0.2,0.28418314,0.08842506259679794,1072
1179,8.786858903152863,unknown,False,PK,Major road,2,10,0.13760439,0.25717908,0.16893217,0.07725053,-0.3056925,0.0,0.4,0.0,0.4,0.35835925,0.08829258382320404,1073
644,9.999999999999948,N70,False,PK,Major road,2,10,0.24890094,0.60517466,0.34260106,0.05981376,-0.5933062,0.0,0.6,0.2,0.6,0.7267666,0.08800805032253266,1074
103,10.000000000000002,N10,False,PK,Highway,1,11,0.12774175,0.17028698,0.14879076,0.08496021,-0.26616067,0.0,0.36363636363636365,0.0,0.36363636363636365,0.31563288,0.08742225915193558,1075
353,9.99999999999999,unknown,False,PK,Major road,2,10,0.15788865,0.35605592,0.2104958,0.07344324,-0.37739733,0.0,0.5,0.0,0.5,0.44652903,0.08738678693771362,1076
450,10.0,N40,False,PK,Highway,1,11,0.1493894,0.22782207,0.19687027,0.08631463,-0.35137194,0.0,0.8181818181818182,0.0,0.8181818181818182,0.4176249,0.08700066804885864,1077
1236,9.999999999999995,unknown,False,PK,Major road,2,10,0.103071034,0.2260506,0.075691596,0.08472957,-0.12605259,0.0,0.2,0.0,0.2,0.16056612,0.08652132004499435,1078
1353,9.999999999999993,N5,False,PK,Highway,1,10,0.11629321,0.2694266,0.121229626,0.08431518,-0.22620746,0.0,0.3,0.0,0.3,0.25716686,0.08638644963502884,1079
153,9.999999999999979,N25,False,PK,Highway,1,10,0.19244263,0.40410563,0.2600276,0.07910857,-0.4607647,0.0,0.9,0.0,0.9,0.5516018,0.08629091829061508,1080
1396,10.000000000000007,unknown,False,PK,Major road,2,11,0.14369284,0.2441137,0.18845285,0.08434459,-0.34741962,0.0,0.45454545454545453,0.0,0.45454545454545453,0.39976886,0.08624891936779022,1081
445,10.000000000000076,N40,False,PK,Highway,1,11,0.14847527,0.26591375,0.19816941,0.08254754,-0.35323298,0.0,0.7272727272727273,0.0,0.7272727272727273,0.4203808,0.08605911582708359,1082
1032,9.999999999999996,unknown,False,PK,Major road,2,10,0.12811843,0.26486322,0.15495731,0.078448154,-0.27776477,0.0,0.5,0.0,0.5,0.3287141,0.08600408583879471,1083
1240,9.999999999999998,unknown,False,PK,Major road,1,10,0.10143451,0.19214332,0.07271969,0.08505271,-0.118340515,0.0,0.1,0.0,0.1,0.15426177,0.08578704297542572,1084
160,10.000000000000064,N25,False,PK,Highway,1,11,0.11605304,0.16090305,0.12434185,0.08368152,-0.22763473,0.0,0.36363636363636365,0.0,0.36363636363636365,0.2637689,0.08544185757637024,1085
200,9.999999999999892,N55,False,PK,Highway,1,10,0.102692805,0.5076677,0.12617247,0.06431571,-0.22090197,0.0,0.2,0.1,0.2,0.2676522,0.08520684599876405,1086
739,9.999999999999993,unknown,False,PK,Major road,2,10,0.1103155,0.3295853,0.11534768,0.08363774,-0.18895467,0.0069045364,0.2,0.0,0.2,0.24468939,0.0850486010313034,1087
483,10.000000000000021,N40,False,PK,Highway,1,11,0.2803707,0.46706018,0.34397557,0.07402534,-0.5837097,0.0,1.0,0.09090909090909091,1.0,0.7296824,0.08488004776564512,1088
1706,9.999999999999972,314,True,CN,Highway,1,10,0.32041144,0.52710116,0.37617743,0.06329088,-0.6197114,0.0,1.0,0.2,1.0,0.7979928,0.08472541391849518,1089
573,10.000000000000012,unknown,False,PK,Major road,2,11,0.094548106,0.30828783,0.05533537,0.08079149,-0.06573115,0.0043763127,0.36363636363636365,0.0,0.36363636363636365,0.11738405,0.08454374223947525,1090
1329,9.999999999999993,unknown,False,PK,Major road,2,10,0.092391804,0.13183968,0.040881965,0.08433448,-0.051154576,0.0005319528,0.3,0.0,0.3,0.086723745,0.08451222628355026,1091
1324,10.000000000000016,unknown,False,PK,Major road,2,11,0.11865852,0.2640529,0.13599247,0.08075058,-0.24863666,0.0,0.45454545454545453,0.0,0.45454545454545453,0.2884836,0.08442748337984085,1092
1176,9.99999999999999,unknown,False,PK,Major road,2,10,0.10115115,0.20227697,0.07843913,0.08155048,-0.14546946,0.0,0.2,0.0,0.2,0.16639453,0.08432015776634216,1093
577,9.999999999999961,unknown,False,PK,Major road,2,10,0.10585575,0.25243592,0.09592282,0.08087737,-0.16322601,0.0,0.2,0.0,0.2,0.20348303,0.08431589603424072,1094
884,9.999999999999972,unknown,False,PK,Major road,2,10,0.10304253,0.16114494,0.08625978,0.08347052,-0.1435748,0.0,0.2,0.0,0.2,0.18298464,0.0841873288154602,1095
345,10.0,N5,False,PK,Highway,1,11,0.097839326,0.20364195,0.065998904,0.080217354,-0.10317094,0.0,0.18181818181818182,0.0,0.18181818181818182,0.14000481,0.08414135128259659,1096
1204,5.6602101612166145,unknown,False,PK,Major road,2,8,0.105181,0.28098878,0.09444876,0.07871935,-0.15709528,0.0,0.25,0.0,0.25,0.20035608,0.08410734683275223,1097
908,7.7656447168153235,unknown,False,PK,Major road,2,9,0.21073999,0.5827466,0.3089894,0.06116701,-0.5418964,0.0,0.4444444444444444,0.1111111111111111,0.4444444444444444,0.6554655,0.08371830797857709,1098
737,9.999999999999982,unknown,False,PK,Major road,2,10,0.11547606,0.22324339,0.12993947,0.08064471,-0.22790079,0.0,0.3,0.0,0.3,0.27564323,0.08364586532115936,1099
1143,2.7381694819089506,unknown,False,PK,Major road,2,5,0.1228735,0.3124185,0.15052187,0.07135222,-0.26745993,0.0,0.2,0.0,0.2,0.31930512,0.08363936096429825,1100
909,9.999999999999998,unknown,False,PK,Major road,2,10,0.15411957,0.49915838,0.24665542,0.06515945,-0.45120305,0.0,0.5,0.1,0.5,0.52323514,0.08347879558801652,1101
7,9.99999999999998,M10,False,PK,Highway,1,10,0.21752855,0.49436393,0.31239635,0.077874936,-0.58236444,0.0,0.8,0.1,0.8,0.6626927,0.0833739659190178,1102
1235,9.999999999999996,unknown,False,PK,Major road,2,10,0.10944283,0.14495687,0.112759195,0.081588164,-0.21555623,0.0,0.4,0.0,0.4,0.23919837,0.08326428383588791,1103
1449,4.468686757686565,M1,False,PK,Highway,1,6,0.12483535,0.15137409,0.15716802,0.08320183,-0.2822081,0.0,0.5,0.0,0.5,0.3334037,0.08321478217840195,1104
1019,9.999999999999998,unknown,False,PK,Major road,2,10,0.13335118,0.27178764,0.17771256,0.07583095,-0.32405454,0.0,0.5,0.0,0.5,0.37698525,0.0830797478556633,1105
1397,10.000000000000005,unknown,False,PK,Major road,2,11,0.13696371,0.23333369,0.18618093,0.08369417,-0.3452516,0.0,0.5454545454545454,0.0,0.5454545454545454,0.3949494,0.08286996930837631,1106
1744,10.000000000000004,315,False,CN,Major road,2,11,0.17335767,0.37411526,0.24626769,0.07892566,-0.44191504,0.0,0.5454545454545454,0.0,0.5454545454545454,0.52241266,0.08279342949390411,1107
157,10.000000000000066,N25,False,PK,Highway,1,11,0.17881502,0.297033,0.25331438,0.0784551,-0.46398413,0.0,0.8181818181818182,0.0,0.8181818181818182,0.53736097,0.08272680640220642,1108
325,10.000000000000039,N5,False,PK,Highway,1,11,0.09188103,0.48473388,0.09387066,0.0494926,-0.16138247,0.0,0.09090909090909091,0.09090909090909091,0.09090909090909091,0.19912975,0.08267568918791685,1109
928,10.0,unknown,False,PK,Major road,2,11,0.19413823,0.43657804,0.2710018,0.07670851,-0.4959587,0.0,0.8181818181818182,0.0,0.8181818181818182,0.5748816,0.08253172785043716,1110
1109,10.000000000000004,unknown,False,PK,Major road,2,11,0.09960478,0.19002378,0.081094354,0.08210669,-0.13481888,0.0,0.18181818181818182,0.0,0.18181818181818182,0.1720271,0.08247005939483643,1111
528,5.098742900722617,unknown,False,PK,Major road,2,7,0.0859922,0.20629355,0.031797595,0.079843976,-0.03532957,0.008753793,0.14285714285714285,0.0,0.14285714285714285,0.067452885,0.08238022774457932,1112
1455,9.999999999999995,N80,False,PK,Major road,2,10,0.1507347,0.28122336,0.21470456,0.0814629,-0.39569864,0.0,0.7,0.0,0.7,0.45545715,0.08208149671554565,1113
544,10.000000000000025,N5,False,PK,Highway,1,11,0.091024324,0.13536397,0.050125584,0.08048748,-0.06918938,0.0020701282,0.09090909090909091,0.0,0.09090909090909091,0.10633242,0.08186302334070206,1114
1020,9.999999999999995,unknown,False,PK,Major road,2,10,0.10696387,0.22689103,0.11092623,0.079686664,-0.19947466,0.0,0.3,0.0,0.3,0.23531008,0.08179419487714767,1115
1318,10.000000000000009,unknown,False,PK,Major road,2,11,0.09449646,0.11808965,0.06384533,0.08144483,-0.09479532,0.00011570752,0.0,0.0,0.0,0.1354364,0.08172711730003357,1116
1153,5.857853694751796,unknown,False,PK,Major road,2,7,0.087913856,0.10729789,0.033602428,0.08148988,-0.04080564,0.0,0.0,0.0,0.0,0.071281515,0.08164722472429276,1117
456,10.00000000000004,N40,False,PK,Highway,1,11,0.17972845,0.30121112,0.25771278,0.073393635,-0.46246478,0.0,0.9090909090909091,0.0,0.9090909090909091,0.54669136,0.08147245645523071,1118
1374,0.6597089208665838,unknown,False,PK,Major road,2,2,0.1626147,0.19790803,0.23543957,0.081104666,-0.4337036,0.0,1.0,0.0,1.0,0.49944276,0.08139796555042267,1119
1762,9.999999999999984,315,False,CN,Major road,2,10,0.30644187,0.6453938,0.37700963,0.057549603,-0.6201993,0.0,0.8,0.2,0.8,0.7997582,0.08136247515678406,1120
1133,3.4576711011784274,unknown,False,PK,Major road,2,6,0.0959489,0.15199314,0.07168961,0.07936991,-0.121253096,0.0,0.3333333333333333,0.0,0.3333333333333333,0.15207663,0.08135731518268585,1121
1344,2.3585875039522333,unknown,False,PK,Major road,2,4,0.09418695,0.19088884,0.06578974,0.0789668,-0.10384139,0.0,0.25,0.0,0.25,0.1395611,0.08104211091995239,1122
1023,5.696012888522664,M1,False,PK,Highway,1,7,0.09606874,0.14270528,0.07429523,0.08172785,-0.123026684,0.0,0.14285714285714285,0.0,0.14285714285714285,0.15760398,0.08092792332172394,1123
151,10.000000000000059,N25,False,PK,Highway,1,11,0.12321977,0.17271611,0.16300058,0.078968346,-0.29855242,0.0,0.18181818181818182,0.0,0.18181818181818182,0.34577644,0.08061327785253525,1124
318,10.00000000000005,unknown,False,PK,Major road,2,11,0.108678676,0.21601361,0.12176475,0.07769055,-0.21720223,0.0,0.2727272727272727,0.0,0.2727272727272727,0.25830203,0.08060675114393234,1125
899,7.21339728854331,unknown,False,PK,Major road,2,10,0.13024244,0.2311126,0.17973039,0.07613732,-0.3340555,0.0,0.5,0.0,0.5,0.38126573,0.08058545738458633,1126
512,10.000000000000014,unknown,False,PK,Major road,2,11,0.092426494,0.30501503,0.060758356,0.073279746,-0.09120502,0.0,0.2727272727272727,0.0,0.2727272727272727,0.12888794,0.0805138349533081,1127
1028,9.999999999999996,M1,False,PK,Highway,1,10,0.12470953,0.15610781,0.16708395,0.08016203,-0.30939722,0.0,0.5,0.0,0.5,0.35443857,0.08050766587257385,1128
1729,9.999999999999964,314,True,CN,Highway,1,10,0.35622543,0.70813787,0.39138696,0.06296209,-0.60984516,0.0,1.0,0.2,1.0,0.8302571,0.08046673282980919,1129
1166,9.999999999999998,unknown,False,PK,Major road,2,10,0.09750069,0.21176286,0.08311717,0.073934406,-0.14008087,0.0,0.3,0.0,0.3,0.17631815,0.08030954748392105,1130
1224,10.00000000000003,N5,False,PK,Highway,1,11,0.09049671,0.12917186,0.053249255,0.07893365,-0.077596694,0.0,0.09090909090909091,0.0,0.09090909090909091,0.11295873,0.0802743211388588,1131
1333,0.2125836380670701,Grand Trunk Rd,False,PK,Major road,1,2,0.097535595,0.097535595,0.08359516,0.0802394,-0.15058044,0.0,0.0,0.0,0.0,0.1773321,0.08023940026760101,1132
1320,9.999999999999993,unknown,False,PK,Major road,2,10,0.094990894,0.19049503,0.07320969,0.07955936,-0.1297463,0.0,0.2,0.0,0.2,0.1553012,0.0802386924624443,1133
1361,2.5282581299261615,N5,False,PK,Highway,1,5,0.16605905,0.29809496,0.24392447,0.08244997,-0.46850553,0.0,0.6,0.0,0.6,0.5174419,0.08013313263654709,1134
446,9.999999999999961,N40,False,PK,Highway,1,10,0.15953848,0.23695071,0.23476422,0.075726055,-0.4255577,0.0,1.0,0.0,1.0,0.4980101,0.08008670806884766,1135
694,9.999999999999956,N50,False,PK,Highway,1,10,0.24703589,0.31050947,0.31869093,0.07916573,-0.55527914,0.0,1.0,0.0,1.0,0.67604554,0.08002837747335434,1136
442,9.999999999999988,N40,False,PK,Highway,1,10,0.19964893,0.33925653,0.28261963,0.07307062,-0.50021994,0.0,1.0,0.0,1.0,0.59952676,0.07995405048131943,1137
374,9.999999999999979,N65,False,PK,Highway,1,10,0.10182965,0.20105174,0.101880156,0.07678346,-0.17411935,0.0,0.4,0.0,0.4,0.21612045,0.07982217520475388,1138
1389,9.999999999999977,unknown,False,PK,Major road,2,10,0.105704464,0.22901753,0.11643891,0.071858846,-0.20848243,0.0,0.3,0.0,0.3,0.24700423,0.07959501445293427,1139
1101,10.000000000000007,unknown,False,PK,Major road,2,11,0.12290668,0.31172594,0.16612227,0.06847742,-0.30559734,0.0,0.2727272727272727,0.0,0.2727272727272727,0.35239854,0.07959454506635666,1140
1146,9.999999999999993,unknown,False,PK,Major road,2,10,0.09320518,0.19491237,0.06936792,0.07409565,-0.12123158,0.0,0.3,0.0,0.3,0.14715159,0.07948988676071167,1141
216,9.999999999999988,N55,False,PK,Highway,1,10,0.113020495,0.21859021,0.14009936,0.07399391,-0.25885293,0.0,0.5,0.0,0.5,0.2971956,0.07943130284547806,1142
954,10.00000000000002,unknown,False,PK,Major road,2,11,0.09987852,0.21722598,0.09672579,0.07462657,-0.17408249,0.0,0.18181818181818182,0.0,0.18181818181818182,0.20518638,0.07938481122255325,1143
437,9.999999999999979,N40,False,PK,Highway,1,10,0.18149157,0.28453287,0.26531523,0.07689245,-0.48074883,0.0,0.9,0.0,0.9,0.5628186,0.079344742000103,1144
152,9.999999999999991,N25,False,PK,Highway,1,10,0.16611151,0.29228452,0.24624634,0.071241155,-0.4489432,0.0,0.9,0.0,0.9,0.52236736,0.07934027910232544,1145
1465,9.999999999999993,N80,False,PK,Major road,2,10,0.18288147,0.33693644,0.26689568,0.0728354,-0.48133117,0.0,0.9,0.0,0.9,0.5661712,0.07933924347162247,1146
1213,10.000000000000009,unknown,False,PK,Major road,2,11,0.098840766,0.13868438,0.09316115,0.07923908,-0.16619284,0.0,0.18181818181818182,0.0,0.18181818181818182,0.19762464,0.07930739969015121,1147
803,10.000000000000073,N55,False,PK,Highway,1,11,0.24071431,0.51675045,0.33395973,0.07889496,-0.6220148,0.0,0.9090909090909091,0.09090909090909091,0.9090909090909091,0.70843554,0.07927464815703306,1148
915,9.99999999999999,unknown,False,PK,Major road,2,10,0.19286703,0.42829967,0.2776482,0.07922465,-0.4987842,0.0,0.8,0.0,0.8,0.5889808,0.07927205413579941,1149
778,9.999999999999975,N55,False,PK,Highway,1,10,0.12148402,0.34640208,0.16388358,0.066538684,-0.29631978,0.0,0.2,0.0,0.2,0.34764957,0.07925014942884445,1150
104,1.5076577189878924,N10,False,PK,Highway,1,3,0.12561518,0.15396442,0.17400093,0.07529492,-0.31834468,0.0,0.3333333333333333,0.0,0.3333333333333333,0.36911172,0.07924914360046387,1151
115,9.999999999999964,N5,False,PK,Highway,1,10,0.08373931,0.15738718,0.032197088,0.07784087,-0.03210955,0.004275673,0.1,0.0,0.1,0.06830034,0.07908880710601807,1152
326,10.000000000000004,N5,False,PK,Highway,1,11,0.088924535,0.16628826,0.05222049,0.07824063,-0.07377431,0.0,0.09090909090909091,0.0,0.09090909090909091,0.11077639,0.07907380163669586,1153
1100,10.000000000000009,unknown,False,PK,Major road,2,11,0.11875627,0.2678184,0.15807432,0.0709046,-0.29850313,0.0,0.2727272727272727,0.0,0.2727272727272727,0.33532625,0.07893417775630951,1154
1033,10.000000000000007,unknown,False,PK,Major road,2,11,0.12220542,0.22877611,0.16720279,0.06977069,-0.3069443,0.0,0.36363636363636365,0.0,0.36363636363636365,0.35469067,0.07886029779911041,1155
1249,10.000000000000025,unknown,False,PK,Major road,1,11,0.08696427,0.1330994,0.04419047,0.07829527,-0.05737666,0.0,0.09090909090909091,0.0,0.09090909090909091,0.09374214,0.07881205528974533,1156
1165,7.853214416480101,N5,False,PK,Highway,1,10,0.08717702,0.12230437,0.046961572,0.07743853,-0.065485746,0.0009064719,0.0,0.0,0.0,0.099620536,0.07871901988983154,1157
1307,10.000000000000005,M2,False,PK,Highway,1,11,0.09033757,0.19137727,0.060713653,0.075143926,-0.09439466,0.0,0.18181818181818182,0.0,0.18181818181818182,0.1287931,0.07870271056890488,1158
455,10.000000000000046,N40,False,PK,Highway,1,11,0.13559547,0.23538432,0.19785634,0.07343925,-0.3624347,0.0,0.2727272727272727,0.0,0.2727272727272727,0.41971666,0.07868379354476929,1159
207,10.0,N55,False,PK,Highway,1,11,0.10101342,0.35230812,0.10438645,0.07288459,-0.17996985,0.0,0.18181818181818182,0.0,0.18181818181818182,0.2214371,0.07864530384540558,1160
1751,10.000000000000039,315,False,CN,Major road,2,11,0.16090101,0.23499143,0.24111995,0.075424805,-0.44022113,0.0,0.8181818181818182,0.0,0.8181818181818182,0.51149267,0.07860132306814194,1161
731,7.950110955551956,unknown,False,PK,Major road,2,9,0.09762724,0.15147105,0.092147596,0.07883443,-0.16109002,0.0,0.1111111111111111,0.0,0.1111111111111111,0.19547457,0.07854359596967697,1162
1258,10.000000000000002,Sargooma Rd,False,PK,Major road,2,11,0.08343244,0.11555957,0.02880802,0.078116305,-0.027812148,0.00032920798,0.0,0.0,0.0,0.06111104,0.07841610163450241,1163
1505,5.479332418174141,unknown,False,PK,Major road,2,8,0.1088518,0.2052738,0.13182914,0.075891376,-0.24207655,0.0,0.375,0.0,0.375,0.27965185,0.07841118425130844,1164
890,10.000000000000004,unknown,False,PK,Major road,2,11,0.098195456,0.23365162,0.09539798,0.07667512,-0.17260307,0.00030580434,0.36363636363636365,0.0,0.36363636363636365,0.20236968,0.07840012013912201,1165
1284,9.999999999999998,unknown,False,PK,Major road,2,10,0.096108496,0.28542894,0.0877325,0.06996058,-0.1495112,0.0,0.2,0.0,0.2,0.18610874,0.0782218649983406,1166
1458,9.999999999999995,N80,False,PK,Major road,2,10,0.13726121,0.21605858,0.2029682,0.076301,-0.37963155,0.0,0.5,0.0,0.5,0.43056056,0.07816193997859955,1167
1173,9.999999999999975,unknown,False,PK,Major road,2,10,0.08405941,0.2288543,0.036678232,0.07698272,-0.049200647,0.0024742722,0.2,0.0,0.2,0.07780628,0.07813762873411179,1168
1325,9.999999999999998,unknown,False,PK,Major road,2,10,0.11110786,0.17935155,0.1400097,0.070974395,-0.25726438,0.0,0.5,0.0,0.5,0.29700541,0.07810822874307632,1169
358,0.33013673253030457,unknown,False,PK,Major road,2,2,0.10280015,0.1272252,0.11430435,0.080485575,-0.20191893,0.0,0.5,0.0,0.5,0.24247614,0.07787357270717621,1170
333,9.999999999999991,N5,False,PK,Highway,1,10,0.094316915,0.21071549,0.08253419,0.077199124,-0.13936134,0.0,0.2,0.0,0.2,0.17508145,0.07780377566814423,1171
440,10.000000000000025,N40,False,PK,Highway,1,11,0.166693,0.3749106,0.25156042,0.073233716,-0.4559246,0.0,0.8181818181818182,0.0,0.8181818181818182,0.5336402,0.07773891091346741,1172
918,10.00000000000001,unknown,False,PK,Major road,2,11,0.18197098,0.42940983,0.27052835,0.06900913,-0.49395752,0.0,0.6363636363636364,0.0,0.6363636363636364,0.5738773,0.07754196971654892,1173
787,9.999999999999973,N55,False,PK,Highway,1,10,0.10330643,0.17638838,0.11784349,0.072793886,-0.21246544,0.0,0.2,0.0,0.2,0.24998379,0.07748149335384369,1174
800,9.9999999999998,N55,False,PK,Highway,1,10,0.26393098,0.466708,0.3508973,0.055991016,-0.60046154,0.0,0.7,0.1,0.7,0.74436563,0.07746982783079148,1175
758,10.00000000000001,N55,False,PK,Highway,1,11,0.09020355,0.28852135,0.069781475,0.071664035,-0.10720916,0.0023614413,0.18181818181818182,0.0,0.18181818181818182,0.14802887,0.07744118571281433,1176
150,9.999999999999964,N25,False,PK,Highway,1,10,0.108380795,0.1450469,0.13487837,0.076362886,-0.24800031,0.0,0.2,0.0,0.2,0.28612024,0.07737085968255997,1177
368,10.000000000000007,N65,False,PK,Highway,1,11,0.10741124,0.1836312,0.13389519,0.06989965,-0.24220261,0.0014314787,0.36363636363636365,0.0,0.36363636363636365,0.28403458,0.07726059854030609,1178
334,9.999999999999979,N5,False,PK,Highway,1,10,0.09019263,0.16913837,0.068311974,0.077362984,-0.11091139,3.941208e-05,0.1,0.0,0.1,0.14491159,0.07713252305984497,1179
869,9.999999999999996,unknown,False,PK,Major road,2,10,0.10408636,0.27399486,0.12215785,0.070108816,-0.21882185,0.0,0.2,0.0,0.2,0.25913593,0.07711384445428848,1180
180,10.000000000000002,N55,False,PK,Highway,1,11,0.0959742,0.21798952,0.09399751,0.07110317,-0.1742091,0.0,0.2727272727272727,0.0,0.2727272727272727,0.19939883,0.07683705538511276,1181
1466,9.999999999999991,N80,False,PK,Major road,2,10,0.14978154,0.2777034,0.22961776,0.075441256,-0.42513114,0.0,0.7,0.0,0.7,0.48709282,0.07682402431964874,1182
1246,10.000000000000004,unknown,False,PK,Major road,1,11,0.09010949,0.2296532,0.07203376,0.076140784,-0.11950736,0.0,0.18181818181818182,0.0,0.18181818181818182,0.15280668,0.07634015381336212,1183
114,9.999999999999984,N5,False,PK,Highway,1,10,0.08389543,0.2618142,0.043770652,0.07083078,-0.061722953,0.0,0.1,0.0,0.1,0.09285157,0.07610560953617096,1184
1771,9.999999999999991,unknown,False,CN,Major road,2,10,0.28758436,0.65217376,0.3630878,0.063377924,-0.6136003,0.0,1.0,0.1,1.0,0.7702255,0.0760795494914055,1185
1581,3.1289530468506856,unknown,False,PK,Major road,2,6,0.09664122,0.13483109,0.101040125,0.07577894,-0.18026344,0.0,0.16666666666666666,0.0,0.16666666666666666,0.21433847,0.07592728734016418,1186
829,9.999999999999998,unknown,False,PK,Major road,2,10,0.09483541,0.3124185,0.094830826,0.06398224,-0.16549665,0.0,0.1,0.0,0.1,0.20116656,0.075757697224617,1187
736,10.0,unknown,False,PK,Major road,2,11,0.09236419,0.1634688,0.08477685,0.07290881,-0.14781031,0.0,0.2727272727272727,0.0,0.2727272727272727,0.17983885,0.07575352489948273,1188
1228,10.00000000000001,N5,False,PK,Highway,1,11,0.08388098,0.14212132,0.046233658,0.07434631,-0.07394614,0.0,0.18181818181818182,0.0,0.18181818181818182,0.098076396,0.07565423846244812,1189
443,10.000000000000044,N40,False,PK,Highway,1,11,0.15883408,0.20871393,0.24711329,0.074469306,-0.4527633,0.0,0.9090909090909091,0.0,0.9090909090909091,0.52420646,0.07557222992181778,1190
462,9.999999999999917,N40,False,PK,Highway,1,10,0.18224907,0.2313707,0.27595472,0.07712292,-0.502333,0.0,1.0,0.0,1.0,0.58538836,0.07556258141994476,1191
513,9.999999999999966,unknown,False,PK,Major road,2,10,0.082893856,0.12861913,0.047727905,0.07452999,-0.063928686,0.003644444,0.1,0.0,0.1,0.10124618,0.07541228085756302,1192
1207,9.999999999999986,unknown,False,PK,Major road,2,10,0.08078167,0.28098878,0.03209264,0.0708981,-0.03432893,0.0,0.1,0.0,0.1,0.068078764,0.07528215646743774,1193
845,10.0,unknown,False,PK,Major road,2,11,0.13507399,0.30579665,0.20884848,0.06187111,-0.3860321,0.0,0.18181818181818182,0.0,0.18181818181818182,0.44303453,0.07523154467344284,1194
955,10.000000000000016,unknown,False,PK,Major road,2,11,0.0982992,0.2564589,0.11074292,0.06454695,-0.19991764,0.0,0.2727272727272727,0.0,0.2727272727272727,0.2349212,0.07520662993192673,1195
1401,10.000000000000004,unknown,False,PK,Major road,2,11,0.11700165,0.2042862,0.16939843,0.07157612,-0.31686342,0.0,0.36363636363636365,0.0,0.36363636363636365,0.35934833,0.07495731115341187,1196
327,10.00000000000002,N5,False,PK,Highway,1,11,0.08680665,0.14092942,0.06647143,0.073255934,-0.108037494,0.00092492386,0.18181818181818182,0.0,0.18181818181818182,0.14100718,0.07479751855134964,1197
1707,10.00000000000008,314,True,CN,Highway,1,11,0.27853665,0.49098855,0.36033547,0.06306695,-0.6151593,0.0,1.0,0.09090909090909091,1.0,0.76438695,0.07471777620640668,1198
1730,9.9999999999999,314,True,CN,Highway,1,10,0.2810092,0.45467868,0.36289364,0.062167525,-0.6168833,0.0,1.0,0.1,1.0,0.76981366,0.07468448042869569,1199
827,10.000000000000012,unknown,False,PK,Major road,2,11,0.09873284,0.13077497,0.115184136,0.07349972,-0.20898575,0.0,0.18181818181818182,0.0,0.18181818181818182,0.24434245,0.074608214199543,1200
190,10.000000000000083,N55,False,PK,Highway,1,11,0.10182932,0.36122328,0.13142362,0.072798856,-0.23048425,0.004482074,0.18181818181818182,0.0,0.18181818181818182,0.2787916,0.07456067204475403,1201
1313,9.076434863832263,M2,False,PK,Highway,1,11,0.101297356,0.17557853,0.124460705,0.073339276,-0.22594954,0.0,0.2727272727272727,0.0,0.2727272727272727,0.264021,0.07455272227525711,1202
1327,9.99999999999999,unknown,False,PK,Major road,2,10,0.0810969,0.11725357,0.03851649,0.074068256,-0.059823237,0.0,0.0,0.0,0.0,0.081705816,0.07447081804275513,1203
785,9.999999999999911,N55,False,PK,Highway,1,10,0.09275247,0.18971613,0.09297644,0.073098674,-0.16212289,0.0,0.3,0.0,0.3,0.19723283,0.07445863634347916,1204
182,9.999999999999986,N55,False,PK,Highway,1,10,0.09566065,0.26094732,0.104688585,0.06439697,-0.1881431,0.0,0.2,0.0,0.2,0.22207803,0.07441651821136475,1205
1765,9.999999999999952,315,False,CN,Major road,2,10,0.290081,0.5161796,0.383124,0.0507708,-0.6472739,0.0,0.9,0.2,0.9,0.8127287,0.07432384461164475,1206
379,10.00000000000001,N65,False,PK,Highway,1,11,0.097711556,0.13691129,0.11335375,0.07450414,-0.2123823,0.0,0.18181818181818182,0.0,0.18181818181818182,0.24045962,0.07421587407588959,1207
835,10.000000000000005,unknown,False,PK,Major road,2,11,0.15117685,0.48705915,0.2683836,0.058667496,-0.5017161,0.0,0.2727272727272727,0.09090909090909091,0.2727272727272727,0.5693276,0.07419861229983243,1208
1216,10.000000000000002,N5,False,PK,Highway,1,11,0.089703925,0.15780115,0.081630774,0.07199826,-0.14327385,0.0,0.09090909090909091,0.0,0.09090909090909091,0.17316502,0.07417034357786179,1209
1108,2.515581421982866,unknown,False,PK,Major road,2,5,0.09121386,0.29745865,0.088111684,0.05437375,-0.15252331,0.0,0.2,0.0,0.2,0.1869131,0.07416479289531708,1210
362,9.999999999999995,unknown,False,PK,Major road,2,10,0.09160085,0.3710092,0.090336025,0.07076464,-0.17485048,0.0,0.1,0.0,0.1,0.19163164,0.07404722273349762,1211
1214,1.7947183550818284,unknown,False,PK,Major road,2,4,0.10890695,0.14495687,0.15094943,0.07219479,-0.2861747,0.0,0.25,0.0,0.25,0.3202121,0.07403362542390823,1212
629,9.999999999999982,N70,False,PK,Major road,2,10,0.27357545,0.68664116,0.36108652,0.06319602,-0.629912,0.0,1.0,0.1,1.0,0.7659802,0.07402207911014558,1213
1087,9.999999999999982,N5,False,PK,Highway,1,10,0.07961573,0.11099115,0.034005214,0.07344062,-0.04106564,0.00033841134,0.0,0.0,0.0,0.07213595,0.0739571750164032,1214
490,9.999999999999934,N40,False,PK,Highway,1,10,0.22424562,0.38132647,0.31600517,0.066497274,-0.56242615,0.0,1.0,0.0,1.0,0.67034817,0.07392297685146332,1215
301,10.000000000000032,N85,False,PK,Major road,2,11,0.17496048,0.2517697,0.27273625,0.071953505,-0.5050674,0.0,0.8181818181818182,0.0,0.8181818181818182,0.57856095,0.07373517751693726,1216
789,9.999999999999982,N55,False,PK,Highway,1,10,0.09508124,0.24866113,0.106418036,0.0688386,-0.18930188,0.0,0.2,0.0,0.2,0.22574675,0.07361695915460587,1217
118,9.999999999999982,N5,False,PK,Highway,1,10,0.08633557,0.17902996,0.07057617,0.0723644,-0.11889899,0.0,0.2,0.0,0.2,0.14971466,0.07340987026691437,1218
1448,10.000000000000009,M1,False,PK,Highway,1,11,0.10407205,0.14706784,0.1391862,0.071527906,-0.25678113,0.0,0.36363636363636365,0.0,0.36363636363636365,0.29525852,0.07334388792514801,1219
1259,4.3859436737327755,Sargooma Rd,False,PK,Major road,2,6,0.08444265,0.12034326,0.06306024,0.071941115,-0.104609706,0.0,0.0,0.0,0.0,0.13377097,0.07314667850732803,1220
1289,10.0,unknown,False,PK,Major road,2,11,0.07892867,0.15786524,0.034687094,0.07225316,-0.040260945,0.0,0.09090909090909091,0.0,0.09090909090909091,0.07358244,0.07312090694904327,1221
77,9.999999999999961,N10,False,PK,Highway,1,10,0.16861118,0.29483888,0.2671404,0.07028629,-0.49539042,0.0,1.0,0.0,1.0,0.5666903,0.07306085526943207,1222
113,10.000000000000108,N5,False,PK,Highway,1,11,0.07674585,0.15114036,0.029561765,0.07162356,-0.031263992,0.004471674,0.09090909090909091,0.0,0.09090909090909091,0.06270997,0.07305103540420532,1223
449,10.000000000000046,N40,False,PK,Highway,1,11,0.24451512,0.3696945,0.3307244,0.07042212,-0.5753692,0.0,1.0,0.0,1.0,0.70157236,0.07297006994485855,1224
1763,9.999999999999964,315,False,CN,Major road,2,10,0.2953958,0.4476518,0.37093475,0.06446614,-0.62653124,0.0,1.0,0.1,1.0,0.78687143,0.07295727938413621,1225
543,9.999999999999986,N5,False,PK,Highway,1,10,0.07688966,0.17406587,0.028334022,0.07166817,-0.0277847,0.002339627,0.1,0.0,0.1,0.060105536,0.07285306602716446,1226
542,10.000000000000034,N5,False,PK,Highway,1,11,0.08204372,0.12921993,0.057224896,0.07012345,-0.08833062,0.0026968785,0.18181818181818182,0.0,0.18181818181818182,0.12139233,0.07275846600532532,1227
545,9.999999999999982,N5,False,PK,Highway,1,10,0.084292606,0.12008115,0.067864716,0.07219683,-0.112093255,0.0,0.0,0.0,0.0,0.1439628,0.0721576064825058,1228
1738,9.999999999999924,314,True,CN,Highway,1,10,0.34398714,0.5596522,0.39997274,0.054646082,-0.64253265,0.0,1.0,0.2,1.0,0.8484703,0.0721242767572403,1229
906,10.0,unknown,False,PK,Major road,2,11,0.1372853,0.29712525,0.22387548,0.06532747,-0.4165846,0.0,0.2727272727272727,0.0,0.2727272727272727,0.4749116,0.07208692282438278,1230
1030,6.3591481942203885,M1,False,PK,Highway,1,9,0.1199073,0.15703976,0.18804115,0.07214267,-0.35264066,0.0,0.4444444444444444,0.0,0.4444444444444444,0.3988955,0.07207681238651276,1231
1372,4.32339126837019,unknown,False,PK,Major road,2,7,0.08518771,0.20989531,0.075339615,0.067938246,-0.1276312,0.0017800501,0.2857142857142857,0.0,0.2857142857142857,0.15981945,0.07201807200908661,1232
1309,9.999999999999982,M2,False,PK,Highway,1,10,0.08241602,0.1301524,0.059505273,0.07008432,-0.09681827,0.0,0.1,0.0,0.1,0.12622975,0.07201266288757324,1233
372,9.999999999999991,N65,False,PK,Highway,1,10,0.09453247,0.25608692,0.114045605,0.06120234,-0.20881212,0.0,0.2,0.0,0.2,0.24192727,0.07166248559951782,1234
866,9.999999999999998,unknown,False,PK,Major road,2,10,0.09505068,0.19068415,0.1168038,0.070434906,-0.21634586,0.0,0.2,0.0,0.2,0.24777828,0.07149918377399445,1235
529,10.000000000000018,unknown,False,PK,Major road,2,11,0.08128209,0.18945855,0.060094688,0.0717118,-0.100840494,0.0020954947,0.18181818181818182,0.0,0.18181818181818182,0.12748009,0.07144410908222198,1236
1735,10.000000000000146,314,True,CN,Highway,1,11,0.26184765,0.5802152,0.37568524,0.054601133,-0.6521349,0.0,1.0,0.18181818181818182,1.0,0.79694873,0.07135031616145915,1237
865,10.000000000000002,unknown,False,PK,Major road,2,11,0.09810951,0.20291519,0.12866177,0.07270145,-0.23957853,0.0,0.2727272727272727,0.0,0.2727272727272727,0.27293283,0.07133220881223679,1238
489,9.999999999999838,N40,False,PK,Highway,1,10,0.18720362,0.3073564,0.29182303,0.07119192,-0.5402277,0.0,1.0,0.0,1.0,0.61905015,0.07131519168615341,1239
371,9.999999999999988,N65,False,PK,Highway,1,10,0.08465842,0.17817457,0.07431068,0.07292461,-0.12650421,0.0,0.3,0.0,0.3,0.15763676,0.07131314277648926,1240
183,9.999999999999998,N55,False,PK,Highway,1,10,0.09393483,0.19529606,0.113974825,0.06508745,-0.21602193,0.0,0.3,0.0,0.3,0.2417771,0.07122353464365005,1241
1261,9.999999999999973,unknown,False,PK,Major road,2,10,0.07700817,0.14094749,0.035792843,0.07037645,-0.048523553,0.0,0.1,0.0,0.1,0.075928085,0.07116109132766724,1242
1119,10.000000000000005,unknown,False,PK,Major road,2,11,0.09511037,0.29745865,0.12046389,0.059328303,-0.22158815,0.0,0.2727272727272727,0.0,0.2727272727272727,0.25554252,0.0708056315779686,1243
81,10.000000000000055,N10,False,PK,Highway,1,11,0.19621223,0.30581558,0.30138057,0.06684642,-0.5546789,0.0,1.0,0.0,1.0,0.6393247,0.07076890021562576,1244
1102,10.000000000000002,unknown,False,PK,Major road,2,11,0.15114655,0.31172594,0.25070542,0.058873978,-0.46568635,0.0,0.36363636363636365,0.0,0.36363636363636365,0.5318265,0.07076280564069748,1245
1348,9.999999999999982,unknown,False,PK,Major road,2,10,0.07983623,0.16955829,0.054535657,0.06978973,-0.088535905,0.0,0.1,0.0,0.1,0.1156876,0.07060016691684723,1246
795,9.999999999999885,N55,False,PK,Highway,1,10,0.27499586,0.6294072,0.38487655,0.052374106,-0.6643167,0.0,1.0,0.2,1.0,0.8164464,0.07047647282481194,1247
1122,9.999999999999998,unknown,False,PK,Major road,2,10,0.09818803,0.12119748,0.13315403,0.069371715,-0.24797006,0.0,0.0,0.0,0.0,0.28246236,0.07045360654592514,1248
1328,9.999999999999982,unknown,False,PK,Major road,2,10,0.07752001,0.156702,0.043340318,0.069043055,-0.06906507,0.0,0.1,0.0,0.1,0.0919387,0.07039292901754379,1249
1199,6.802643295287197,unknown,False,PK,Major road,2,9,0.080999225,0.36784047,0.062445574,0.047657654,-0.10095385,0.0003421522,0.1111111111111111,0.0,0.1111111111111111,0.13246706,0.07035503536462784,1250
760,10.00000000000001,N55,False,PK,Highway,1,11,0.07884064,0.23911138,0.050740365,0.0679343,-0.07629749,0.0,0.18181818181818182,0.0,0.18181818181818182,0.10763657,0.07035450637340546,1251
1079,9.999999999999973,unknown,False,PK,Major road,2,10,0.07906456,0.14042476,0.052093394,0.06831771,-0.09579033,0.0,0.2,0.0,0.2,0.11050677,0.07032739371061325,1252
1219,10.00000000000001,N5,False,PK,Highway,1,11,0.11851037,0.23147428,0.19202447,0.062153187,-0.37157318,0.0,0.36363636363636365,0.0,0.36363636363636365,0.4073454,0.0702357143163681,1253
1404,9.999999999999998,M2,False,PK,Highway,1,10,0.13409305,0.24047068,0.22457008,0.061259497,-0.424081,0.0,0.5,0.0,0.5,0.4763851,0.07021311670541763,1254
870,10.000000000000007,unknown,False,PK,Major road,2,11,0.088948004,0.26444745,0.09931144,0.06794279,-0.17880066,0.0,0.09090909090909091,0.0,0.09090909090909091,0.21067138,0.07020920515060425,1255
1034,10.000000000000014,unknown,False,PK,Major road,2,11,0.11107717,0.17880315,0.17371295,0.06712443,-0.32763997,0.0,0.2727272727272727,0.0,0.2727272727272727,0.36850083,0.0701451376080513,1256
586,10.000000000000032,unknown,False,PK,Major road,2,11,0.08477581,0.115528755,0.08183786,0.06861849,-0.14626278,0.0,0.0,0.0,0.0,0.17360432,0.07005836814641953,1257
1362,10.000000000000002,unknown,False,PK,Major road,2,11,0.089456946,0.30342093,0.10301446,0.07046182,-0.20157248,0.0,0.18181818181818182,0.0,0.18181818181818182,0.21852668,0.06990821659564972,1258
1314,9.999999999999991,unknown,False,PK,Major road,2,10,0.07693592,0.11999567,0.043291442,0.070149526,-0.062161643,0.0,0.0,0.0,0.0,0.091835015,0.06987050920724869,1259
733,2.3612743378378083,unknown,False,PK,Major road,2,5,0.103867866,0.14867619,0.15449056,0.06976277,-0.301857,0.0,0.2,0.0,0.2,0.32772398,0.06982787698507309,1260
1415,10.000000000000023,M2,False,PK,Highway,1,11,0.15408982,0.32895553,0.2579372,0.06432575,-0.48059836,0.0,0.6363636363636364,0.0,0.6363636363636364,0.5471674,0.06977689266204834,1261
361,8.87014515111005,N55,False,PK,Highway,1,11,0.08988777,0.16128452,0.10554279,0.065323286,-0.19205116,0.0,0.36363636363636365,0.0,0.36363636363636365,0.22389007,0.06976278871297836,1262
772,9.999999999999972,N55,False,PK,Highway,1,10,0.092769,0.22042377,0.11713542,0.065759204,-0.21888344,0.0,0.3,0.0,0.3,0.24848175,0.06971759349107742,1263
337,9.999999999999986,N5,False,PK,Highway,1,10,0.09826805,0.1752269,0.13704675,0.063884884,-0.2567904,0.0,0.2,0.0,0.2,0.29072008,0.06969954818487167,1264
117,10.000000000000039,N5,False,PK,Highway,1,11,0.083194405,0.17902996,0.07655073,0.06766843,-0.13489556,0.0,0.18181818181818182,0.0,0.18181818181818182,0.16238862,0.06968457996845245,1265
1310,9.99999999999996,M2,False,PK,Highway,1,10,0.07685928,0.09342553,0.04436133,0.069647305,-0.066968754,0.0,0.0,0.0,0.0,0.094104595,0.06962647289037704,1266
380,9.999999999999984,N65,False,PK,Highway,1,10,0.09917228,0.13987318,0.14057073,0.06839892,-0.26542243,0.0,0.3,0.0,0.3,0.29819554,0.06959954649209976,1267
1170,10.000000000000018,unknown,False,PK,Major road,2,11,0.075532265,0.13520497,0.037385765,0.0685086,-0.06585345,0.0,0.2727272727272727,0.0,0.2727272727272727,0.07930718,0.06954201310873032,1268
847,9.999999999999975,unknown,False,PK,Major road,2,10,0.0912432,0.11826136,0.11214266,0.069533005,-0.20952065,0.0,0.0,0.0,0.0,0.23789051,0.06953731179237366,1269
1366,9.999999999999984,unknown,False,PK,Major road,2,10,0.08505333,0.19445689,0.0864123,0.06744004,-0.1533925,0.0,0.1,0.0,0.1,0.18330817,0.0694623589515686,1270
341,9.999999999999956,N5,False,PK,Highway,1,10,0.08112824,0.14179723,0.06802392,0.06868604,-0.11681564,0.0,0.1,0.0,0.1,0.14430052,0.06942139565944672,1271
1140,9.999999999999986,unknown,False,PK,Major road,2,10,0.1039832,0.20294017,0.15720119,0.0669904,-0.29537594,0.0,0.2,0.0,0.2,0.33347407,0.06930750608444214,1272
199,10.000000000000002,N55,False,PK,Highway,1,11,0.09909734,0.2877416,0.14218026,0.0634255,-0.26501778,0.0,0.2727272727272727,0.0,0.2727272727272727,0.30160987,0.06920860707759857,1273
1184,9.999999999999998,unknown,False,PK,Major road,2,10,0.08020474,0.121178485,0.06470475,0.06743729,-0.111395136,0.0,0.0,0.0,0.0,0.13725951,0.06919588148593903,1274
850,9.999999999999979,unknown,False,PK,Major road,2,10,0.08787738,0.11483073,0.10103033,0.06813163,-0.18604676,0.0,0.0,0.0,0.0,0.2143177,0.06904370337724686,1275
1248,9.999999999999982,unknown,False,PK,Major road,1,10,0.07639299,0.1468691,0.04576864,0.067934856,-0.071592346,0.0,0.1,0.0,0.1,0.097089946,0.06897599995136261,1276
868,10.0,unknown,False,PK,Major road,2,11,0.09839661,0.27399486,0.14104337,0.06313472,-0.26368815,0.0,0.18181818181818182,0.0,0.18181818181818182,0.29919815,0.06895652413368225,1277
1134,10.000000000000016,unknown,False,PK,Major road,2,11,0.082935244,0.2739058,0.082091324,0.06448814,-0.14127506,0.0,0.18181818181818182,0.0,0.18181818181818182,0.17414199,0.06849273294210434,1278
159,9.999999999999895,N25,False,PK,Highway,1,10,0.09919532,0.14245375,0.1459288,0.064209424,-0.27592173,0.0,0.1,0.0,0.1,0.30956173,0.0684882402420044,1279
454,9.999999999999936,N40,False,PK,Highway,1,10,0.14010872,0.18042992,0.24105382,0.0636704,-0.45242357,0.0,0.6,0.0,0.6,0.51135236,0.06846379488706589,1280
1398,10.000000000000018,unknown,False,PK,Major road,2,11,0.11677675,0.20245486,0.19522549,0.065436214,-0.37205637,0.0,0.2727272727272727,0.0,0.2727272727272727,0.4141358,0.0684153139591217,1281
1135,9.999999999999996,unknown,False,PK,Major road,2,10,0.09600307,0.12362418,0.13549447,0.068009235,-0.25549468,0.0,0.0,0.0,0.0,0.2874272,0.06840917468070984,1282
745,9.999999999999991,N55,False,PK,Highway,1,10,0.11724919,0.21708362,0.19716391,0.05741958,-0.3731319,0.0,0.3,0.0,0.3,0.41824782,0.06820997595787048,1283
1295,9.999999999999996,M2,False,PK,Highway,1,10,0.09145217,0.14956892,0.120314695,0.064261176,-0.22489607,0.0,0.2,0.0,0.2,0.25522602,0.06811119616031647,1284
5,10.000000000000012,unknown,False,PK,Major road,2,11,0.10178345,0.15150824,0.15777263,0.065893315,-0.30407122,0.0,0.09090909090909091,0.0,0.09090909090909091,0.33468628,0.06771792471408844,1285
561,10.000000000000009,N5,False,PK,Highway,1,11,0.07398624,0.11597377,0.040499974,0.067252405,-0.06232183,0.0,0.0,0.0,0.0,0.08591342,0.06762982904911041,1286
1130,3.892300054147031,unknown,False,PK,Major road,2,6,0.08506272,0.29745865,0.0966509,0.051058073,-0.17397289,0.0,0.16666666666666666,0.0,0.16666666666666666,0.20502752,0.06762252002954483,1287
1769,9.999999999999922,315,False,CN,Major road,2,10,0.306041,0.6831323,0.38273117,0.05987957,-0.6514802,0.0,1.0,0.1,1.0,0.81189543,0.06756771191954614,1288
1460,9.99999999999999,N80,False,PK,Major road,2,10,0.13854012,0.21545936,0.2415827,0.05902921,-0.4552303,0.0,0.5,0.0,0.5,0.5124743,0.06754186749458313,1289
1212,3.4633605464326935,unknown,False,PK,Major road,2,5,0.087960295,0.10771481,0.10963521,0.06716058,-0.20568588,0.0,0.0,0.0,0.0,0.23257141,0.06750324368476868,1290
1117,10.000000000000012,unknown,False,PK,Major road,2,11,0.089565285,0.14699845,0.11713675,0.064485535,-0.2192495,0.0,0.09090909090909091,0.0,0.09090909090909091,0.24848457,0.06730969250202179,1291
1093,9.99999999999999,N5,False,PK,Highway,1,10,0.07255483,0.141746,0.03485777,0.066570975,-0.05485812,0.0,0.1,0.0,0.1,0.073944494,0.06718979775905609,1292
1210,10.000000000000014,unknown,False,PK,Major road,2,11,0.08937866,0.15462741,0.11791928,0.06601104,-0.22943011,0.0,0.2727272727272727,0.0,0.2727272727272727,0.25014457,0.06702107191085815,1293
734,9.999999999999998,unknown,False,PK,Major road,2,10,0.0789389,0.20154451,0.07119771,0.06279574,-0.124791756,0.0,0.1,0.0,0.1,0.15103315,0.06701651215553284,1294
1504,9.999999999999982,unknown,False,PK,Major road,2,10,0.107950926,0.26375934,0.178987,0.056852363,-0.34035832,0.0,0.3,0.0,0.3,0.37968877,0.06696317344903946,1295
1463,10.000000000000018,N80,False,PK,Major road,2,11,0.16360094,0.42904946,0.27866432,0.06123378,-0.51722395,0.0,0.7272727272727273,0.0,0.7272727272727273,0.5911363,0.06689048558473587,1296
434,0.5155463739263885,unknown,False,PK,Major road,2,3,0.22333173,0.36601973,0.33086058,0.059222832,-0.58976406,0.0,1.0,0.0,1.0,0.70186126,0.06658384203910828,1297
1277,2.7478632551226623,M3,False,PK,Highway,1,5,0.07204476,0.103880376,0.03685353,0.066015966,-0.056682926,0.0,0.0,0.0,0.0,0.078178145,0.06641243398189545,1298
346,10.000000000000009,N5,False,PK,Highway,1,11,0.07470477,0.15329993,0.052531626,0.06509024,-0.08801745,0.0,0.09090909090909091,0.0,0.09090909090909091,0.111436404,0.06637994199991226,1299
1027,10.000000000000005,M1,False,PK,Highway,1,11,0.096185185,0.15610781,0.14614572,0.06597055,-0.27700317,0.0,0.2727272727272727,0.0,0.2727272727272727,0.31002188,0.06636567413806915,1300
922,10.000000000000002,unknown,False,PK,Major road,2,11,0.11053174,0.15590137,0.18844314,0.065587975,-0.3607949,0.0,0.18181818181818182,0.0,0.18181818181818182,0.39974827,0.06634686887264252,1301
1405,9.999999999999996,M2,False,PK,Highway,1,10,0.10692241,0.12670587,0.17899565,0.06555148,-0.3414728,0.0,0.1,0.0,0.1,0.37970713,0.06632321327924728,1302
1399,10.000000000000018,unknown,False,PK,Major road,2,11,0.10386555,0.20245486,0.1708571,0.062443003,-0.32618314,0.0,0.09090909090909091,0.0,0.09090909090909091,0.36244264,0.0662202462553978,1303
1411,9.999999999999986,M2,False,PK,Highway,1,10,0.15041105,0.22791803,0.26402056,0.06074234,-0.50181437,0.0,0.5,0.0,0.5,0.5600722,0.06617000699043274,1304
111,9.999999999999998,N5,False,PK,Highway,1,10,0.072015785,0.12191514,0.03856858,0.065823145,-0.059881877,0.0,0.0,0.0,0.0,0.08181631,0.06612371653318405,1305
347,7.168014518391841,N5,False,PK,Highway,1,9,0.07712111,0.15176958,0.06783479,0.062403135,-0.11844138,0.0,0.2222222222222222,0.0,0.2222222222222222,0.1438993,0.06602343171834946,1306
852,10.000000000000002,unknown,False,PK,Major road,2,11,0.07789562,0.3124185,0.073124275,0.055785775,-0.12959963,0.0,0.09090909090909091,0.0,0.09090909090909091,0.15512002,0.06581244617700577,1307
1583,3.179781206918828,unknown,False,PK,Major road,2,6,0.09124872,0.17918229,0.13151143,0.061479706,-0.24841075,0.0,0.16666666666666666,0.0,0.16666666666666666,0.27897787,0.06579234451055527,1308
843,10.000000000000005,unknown,False,PK,Major road,2,11,0.09451942,0.1369259,0.14369631,0.065031774,-0.273315,0.0,0.09090909090909091,0.0,0.09090909090909091,0.3048259,0.06570745259523392,1309
1121,10.000000000000009,unknown,False,PK,Major road,2,11,0.09257534,0.12808448,0.13709757,0.06451262,-0.26012948,0.0,0.09090909090909091,0.0,0.09090909090909091,0.29082787,0.06565184891223907,1310
569,10.000000000000004,N5,False,PK,Highway,1,11,0.07277566,0.10710668,0.046371005,0.066388465,-0.07560884,0.0,0.0,0.0,0.0,0.09836776,0.06561688333749771,1311
514,1.622821665750141,unknown,False,PK,Major road,2,3,0.07031739,0.08614398,0.03183083,0.06552263,-0.04364417,0.0,0.0,0.0,0.0,0.06752338,0.06556931883096695,1312
1086,10.000000000000007,N5,False,PK,Highway,1,11,0.070085056,0.10395159,0.033781398,0.06445724,-0.048254207,0.00072094053,0.0,0.0,0.0,0.07166117,0.06524291634559631,1313
550,10.0,N5,False,PK,Highway,1,11,0.073871754,0.10957252,0.05510482,0.06399845,-0.093501695,0.0,0.0,0.0,0.0,0.11689497,0.06523651629686356,1314
830,10.000000000000004,unknown,False,PK,Major road,2,11,0.09173289,0.2124317,0.13634346,0.057381418,-0.25815675,0.0,0.2727272727272727,0.0,0.2727272727272727,0.28922817,0.06520114839076996,1315
958,10.000000000000007,unknown,False,PK,Major road,2,11,0.11639294,0.16889459,0.20797838,0.06297812,-0.39906883,0.0,0.2727272727272727,0.0,0.2727272727272727,0.44118878,0.0650416761636734,1316
1154,9.99999999999999,unknown,False,PK,Major road,2,10,0.08004311,0.20719528,0.088500716,0.055898715,-0.16281417,0.0,0.2,0.0,0.2,0.18773837,0.06501594930887222,1317
331,9.9999999999999,N5,False,PK,Highway,1,10,0.08555695,0.16788869,0.1132414,0.06450186,-0.21242997,0.0,0.2,0.0,0.2,0.24022128,0.06500434875488281,1318
495,9.99999999999999,N65,False,PK,Highway,1,10,0.21303387,0.42023796,0.32791707,0.06332512,-0.599028,0.0,0.6,0.0,0.6,0.69561714,0.06484385579824448,1319
496,9.999999999999998,N65,False,PK,Highway,1,10,0.13396412,0.20492233,0.24346825,0.06207972,-0.46732944,0.0,0.4,0.0,0.4,0.5164742,0.06477510929107666,1320
957,9.999999999999972,unknown,False,PK,Major road,2,10,0.09736214,0.17318715,0.15808575,0.06435852,-0.30475226,0.0,0.4,0.0,0.4,0.3353505,0.06471169739961624,1321
1296,10.000000000000009,M2,False,PK,Highway,1,11,0.08489514,0.18486193,0.11216876,0.05938621,-0.21085149,0.0,0.18181818181818182,0.0,0.18181818181818182,0.23794587,0.06469469517469406,1322
525,10.000000000000028,unknown,False,PK,Major road,2,11,0.068179995,0.12209371,0.026552677,0.06407264,-0.03203992,0.0014158352,0.0,0.0,0.0,0.056326736,0.06469359993934631,1323
328,9.99999999999994,N5,False,PK,Highway,1,10,0.072618484,0.11278958,0.051473238,0.06367191,-0.08736359,0.0,0.0,0.0,0.0,0.109191224,0.06468918174505234,1324
861,9.999999999999991,unknown,False,PK,Major road,2,10,0.09612821,0.13270418,0.15459941,0.06384964,-0.29666895,0.0,0.1,0.0,0.1,0.3279549,0.06460249423980713,1325
1241,9.999999999999979,unknown,False,PK,Major road,1,10,0.07567389,0.13571735,0.069643795,0.06348427,-0.123965524,0.0,0.1,0.0,0.1,0.1477368,0.0644940733909607,1326
1577,9.99999999999996,unknown,False,PK,Major road,2,10,0.07967211,0.16182488,0.09115142,0.06406695,-0.16786124,0.0,0.1,0.0,0.1,0.19336136,0.06426660716533661,1327
1641,9.999999999999995,219,False,CN,Major road,2,10,0.17524645,0.41027188,0.2987395,0.05692957,-0.5527848,0.0,0.4,0.0,0.4,0.6337222,0.0641888827085495,1328
1114,10.000000000000009,unknown,False,PK,Major road,2,11,0.07986682,0.14452021,0.09339201,0.063313134,-0.1741273,0.0,0.09090909090909091,0.0,0.09090909090909091,0.19811437,0.0640440508723259,1329
1080,9.999999999999996,unknown,False,PK,Major road,2,10,0.070044264,0.15794553,0.042478446,0.06309064,-0.06647913,0.0012431234,0.1,0.0,0.1,0.09011039,0.064043328166008,1330
872,9.999999999999979,unknown,False,PK,Major road,2,10,0.17378089,0.26699448,0.2977695,0.059636306,-0.55429006,0.0,0.8,0.0,0.8,0.63166445,0.06400968134403229,1331
516,9.99999999999999,unknown,False,PK,Major road,2,10,0.07162075,0.11378731,0.050240528,0.06239575,-0.08455868,0.0,0.0,0.0,0.0,0.10657626,0.06398767232894897,1332
652,9.999999999999996,N70,False,PK,Major road,2,10,0.09041738,0.12834188,0.13798581,0.06234308,-0.26443207,0.0,0.1,0.0,0.1,0.2927121,0.06395111978054047,1333
961,6.470974442612079,unknown,False,PK,Major road,2,9,0.13966753,0.22844686,0.25577223,0.061939433,-0.48693526,0.0,0.5555555555555556,0.0,0.5555555555555556,0.5425748,0.06388743966817856,1334
1181,9.74562821343513,unknown,False,PK,Major road,2,12,0.068092935,0.108572625,0.0314913,0.0637858,-0.041994724,0.0013726056,0.0,0.0,0.0,0.066803135,0.06388726085424423,1335
942,7.369849146621217,unknown,False,PK,Major road,2,10,0.16070315,0.43657804,0.2840524,0.059228778,-0.5393566,0.0,0.4,0.0,0.4,0.6025661,0.06386888027191162,1336
1321,10.000000000000014,unknown,False,PK,Major road,2,11,0.07617629,0.12039374,0.07758309,0.0618577,-0.14012891,0.0,0.0,0.0,0.0,0.16457859,0.06363930553197861,1337
1764,10.000000000000012,315,False,CN,Major road,2,11,0.29247114,0.7175773,0.38348863,0.05180904,-0.64193153,0.0,0.9090909090909091,0.09090909090909091,0.9090909090909091,0.8135022,0.06363613652912053,1338
317,10.000000000000002,unknown,False,PK,Major road,2,11,0.08721754,0.21414293,0.1275124,0.060134016,-0.242143,0.0,0.09090909090909091,0.0,0.09090909090909091,0.27049464,0.06362566351890564,1339
19,10.000000000000078,N5,False,PK,Highway,1,11,0.07825249,0.19736497,0.08850377,0.061599478,-0.1764941,0.0,0.09090909090909091,0.0,0.09090909090909091,0.18774484,0.06356098502874374,1340
1083,10.000000000000021,N70,False,PK,Major road,2,11,0.075528495,0.13558045,0.07480055,0.06114805,-0.1356931,0.0,0.09090909090909091,0.0,0.09090909090909091,0.15867592,0.06354394555091858,1341
546,9.99999999999998,N5,False,PK,Highway,1,10,0.06938868,0.09761333,0.04107905,0.06375328,-0.063607015,0.0007978886,0.0,0.0,0.0,0.08714183,0.06354150176048279,1342
491,9.999999999999865,N40,False,PK,Highway,1,10,0.1943426,0.3734795,0.31749135,0.061267424,-0.5862254,0.0,1.0,0.0,1.0,0.67350084,0.06345269829034805,1343
538,9.999999999999982,N5,False,PK,Highway,1,10,0.069788,0.10349105,0.0429115,0.06352455,-0.06898812,0.0,0.0,0.0,0.0,0.09102904,0.06343526393175125,1344
1220,9.99999999999998,N5,False,PK,Highway,1,10,0.099213906,0.18856554,0.17030928,0.06060801,-0.3303857,0.0,0.2,0.0,0.2,0.36128053,0.06336984783411026,1345
855,10.000000000000002,unknown,False,PK,Major road,2,11,0.10300932,0.20666967,0.18148962,0.059130587,-0.34778997,0.0,0.09090909090909091,0.0,0.09090909090909091,0.3849976,0.06335097551345825,1346
82,9.999999999999956,N10,False,PK,Highway,1,10,0.23156007,0.33532643,0.34245235,0.058566622,-0.6149955,0.0,1.0,0.0,1.0,0.7264511,0.06334300339221954,1347
1312,10.000000000000004,M2,False,PK,Highway,1,11,0.0791208,0.12528332,0.094300725,0.061595127,-0.17503451,0.0,0.0,0.0,0.0,0.20004204,0.06329331547021866,1348
1360,9.99999999999997,N5,False,PK,Highway,1,10,0.07688675,0.13790622,0.08402253,0.06157891,-0.15522616,0.0,0.2,0.0,0.2,0.1782387,0.06318255513906479,1349
562,10.000000000000021,N5,False,PK,Highway,1,11,0.07388,0.08977036,0.0684385,0.06262619,-0.12561788,0.0,0.0,0.0,0.0,0.14517999,0.06315410137176514,1350
560,10.00000000000006,N5,False,PK,Highway,1,11,0.07122599,0.124968454,0.053512346,0.06292383,-0.09124899,0.0,0.0,0.0,0.0,0.11351683,0.06314064562320709,1351
364,3.2938858860287525,unknown,False,PK,Major road,2,5,0.07380632,0.09740019,0.068617605,0.061797224,-0.12312774,0.0,0.0,0.0,0.0,0.14555992,0.06306308507919312,1352
1286,9.999999999999993,unknown,False,PK,Major road,2,10,0.0788226,0.13051815,0.09459631,0.060492646,-0.17597166,0.0,0.1,0.0,0.1,0.20066908,0.06300534307956696,1353
846,10.000000000000004,unknown,False,PK,Major road,2,11,0.11374997,0.17730124,0.21094918,0.058016934,-0.40552807,0.0,0.2727272727272727,0.0,0.2727272727272727,0.44749078,0.06284790486097336,1354
214,9.99999999999998,N55,False,PK,Highway,1,10,0.09032415,0.12442896,0.14357656,0.061005257,-0.27663654,0.0,0.0,0.0,0.0,0.30457187,0.06281395256519318,1355
119,10.000000000000007,N5,False,PK,Highway,1,11,0.072750136,0.13353494,0.065011956,0.061924133,-0.117036656,0.0,0.09090909090909091,0.0,0.09090909090909091,0.13791119,0.06271708011627197,1356
352,10.000000000000018,unknown,False,PK,Major road,2,11,0.09506739,0.21101622,0.16049467,0.05744358,-0.31964558,0.0,0.36363636363636365,0.0,0.36363636363636365,0.3404606,0.06270068883895874,1357
1705,10.000000000000135,314,True,CN,Highway,1,11,0.20286593,0.3442987,0.32602012,0.059411597,-0.5975319,0.0,0.9090909090909091,0.0,0.9090909090909091,0.6915931,0.06256525218486786,1358
537,10.000000000000009,N5,False,PK,Highway,1,11,0.074101046,0.12037106,0.073558085,0.061816942,-0.13098747,0.0,0.0,0.0,0.0,0.15604027,0.06253830343484879,1359
1103,9.999999999999995,unknown,False,PK,Major road,2,10,0.08019552,0.12769245,0.10382386,0.058380812,-0.19529179,0.0,0.1,0.0,0.1,0.22024368,0.06253296136856079,1360
874,9.999999999999973,unknown,False,PK,Major road,2,10,0.11620196,0.19521604,0.21791872,0.061288476,-0.42015448,0.0,0.2,0.0,0.2,0.46227542,0.062484655529260635,1361
319,9.999999999999941,unknown,False,PK,Major road,2,10,0.07821573,0.1788967,0.094811924,0.058115613,-0.17828636,0.0,0.1,0.0,0.1,0.20112646,0.06248448044061661,1362
302,9.999999999999988,N85,False,PK,Major road,2,10,0.14145316,0.17537616,0.2633852,0.062284254,-0.50503445,0.0,0.7,0.0,0.7,0.5587244,0.0624198280274868,1363
1113,9.999999999999991,unknown,False,PK,Major road,2,10,0.07702346,0.15168422,0.08974631,0.05875092,-0.1682299,0.0,0.1,0.0,0.1,0.19038068,0.062359683215618134,1364
112,9.999999999999948,N5,False,PK,Highway,1,10,0.06710711,0.1092507,0.033714566,0.061498247,-0.048748333,0.00015728846,0.0,0.0,0.0,0.0715194,0.06234697252511978,1365
1270,10.00000000000001,unknown,False,PK,Major road,2,11,0.07261053,0.18487765,0.068110704,0.055036183,-0.12500662,0.0,0.18181818181818182,0.0,0.18181818181818182,0.14448462,0.06211942061781883,1366
17,10.000000000000044,N5,False,PK,Highway,1,11,0.092407495,0.19802816,0.15464245,0.054735824,-0.30050853,0.0,0.18181818181818182,0.0,0.18181818181818182,0.32804617,0.06209356710314751,1367
1099,9.99999999999998,unknown,False,PK,Major road,2,10,0.0742142,0.106021635,0.07735978,0.061504953,-0.14223579,0.0,0.0,0.0,0.0,0.16410488,0.06203528493642807,1368
1461,10.000000000000004,N80,False,PK,Major road,2,11,0.11598206,0.23992863,0.21936144,0.057886757,-0.42187688,0.0,0.2727272727272727,0.0,0.2727272727272727,0.46533588,0.06201145052909851,1369
1315,9.999999999999998,unknown,False,PK,Major road,2,10,0.072850935,0.099933766,0.07040101,0.061015148,-0.12652667,0.0,0.0,0.0,0.0,0.1493431,0.06197114661335945,1370
902,10.000000000000002,unknown,False,PK,Major road,2,11,0.17065495,0.26148495,0.30035195,0.061153386,-0.56456965,0.0,0.9090909090909091,0.0,0.9090909090909091,0.6371427,0.06192339211702347,1371
1141,10.000000000000002,unknown,False,PK,Major road,2,11,0.08590447,0.10972894,0.13177736,0.060847044,-0.25233212,0.0,0.0,0.0,0.0,0.279542,0.06189056485891342,1372
1311,10.00000000000001,M2,False,PK,Highway,1,11,0.0734296,0.11702195,0.07421779,0.06143794,-0.13522865,0.0,0.0,0.0,0.0,0.15743971,0.06186886504292488,1373
110,10.000000000000027,N5,False,PK,Highway,1,11,0.06862586,0.10318522,0.047309637,0.06131562,-0.07882117,0.00049448555,0.0,0.0,0.0,0.100358896,0.061862263828516006,1374
1078,10.00000000000001,unknown,False,PK,Major road,2,11,0.068692945,0.15317218,0.047220252,0.0598138,-0.08282296,0.0,0.18181818181818182,0.0,0.18181818181818182,0.10016928,0.06181202083826065,1375
1317,10.0,unknown,False,PK,Major road,2,11,0.069879524,0.10115444,0.054497447,0.060591463,-0.09499151,0.0,0.0,0.0,0.0,0.11560654,0.0618009939789772,1376
585,10.000000000000009,unknown,False,PK,Major road,2,11,0.07776904,0.14380358,0.09780128,0.05872384,-0.18517499,0.0,0.09090909090909091,0.0,0.09090909090909091,0.20746785,0.06163446605205536,1377
729,9.999999999999988,unknown,False,PK,Major road,2,10,0.077314295,0.1183365,0.09588513,0.059531022,-0.18135093,0.0,0.0,0.0,0.0,0.20340307,0.06158833205699921,1378
1164,10.0,N5,False,PK,Highway,1,11,0.066033006,0.098228626,0.034018908,0.06110823,-0.049391247,0.0011917197,0.0,0.0,0.0,0.072165,0.061565663665533066,1379
849,9.999999999999991,unknown,False,PK,Major road,2,10,0.09439714,0.13055961,0.16427831,0.061728865,-0.31714088,0.0,0.1,0.0,0.1,0.34848693,0.061500973999500275,1380
1211,9.99999999999998,unknown,False,PK,Major road,2,10,0.080844626,0.120184995,0.112969264,0.059514444,-0.215205,0.0,0.0,0.0,0.0,0.23964399,0.061470698565244675,1381
878,10.0,unknown,False,PK,Major road,2,11,0.0792933,0.21096338,0.106051736,0.060050882,-0.19832882,0.0,0.2727272727272727,0.0,0.2727272727272727,0.2249697,0.061454713344573975,1382
1263,5.820598194148776,unknown,False,PK,Major road,2,8,0.06546348,0.20334895,0.029147567,0.060718335,-0.04441101,0.0,0.125,0.0,0.125,0.061831325,0.061415787786245346,1383
439,9.999999999999906,N40,False,PK,Highway,1,10,0.15674466,0.23314296,0.2867754,0.06163193,-0.5392224,0.0,0.8,0.0,0.8,0.6083425,0.061390217393636703,1384
464,9.999999999999979,N40,False,PK,Highway,1,10,0.152809,0.462333,0.31290102,0.047538035,-0.59476197,0.0,0.3,0.1,0.3,0.6637633,0.061379993557929995,1385
1316,10.000000000000012,unknown,False,PK,Major road,2,11,0.07246449,0.12741612,0.07286287,0.06167932,-0.13232714,0.0,0.09090909090909091,0.0,0.09090909090909091,0.15456548,0.06126398220658302,1386
1091,9.999999999999998,N5,False,PK,Highway,1,10,0.065981075,0.089309655,0.037797295,0.060232162,-0.058412373,0.0016189672,0.0,0.0,0.0,0.08018017,0.06109544262290001,1387
1382,10.000000000000014,unknown,False,PK,Major road,2,11,0.07698078,0.12295661,0.09752056,0.058913577,-0.1836022,0.0,0.0,0.0,0.0,0.20687234,0.06105558201670647,1388
769,10.000000000000021,N55,False,PK,Highway,1,11,0.07048419,0.21199302,0.063866146,0.059156105,-0.11165089,0.0,0.18181818181818182,0.0,0.18181818181818182,0.13548055,0.06093495711684227,1389
1365,10.000000000000005,unknown,False,PK,Major road,2,11,0.0737937,0.16277266,0.082360536,0.055006765,-0.15059811,0.0,0.09090909090909091,0.0,0.09090909090909091,0.17471308,0.06090097874403,1390
1462,9.99999999999999,N80,False,PK,Major road,2,10,0.10376058,0.1453675,0.19510499,0.059163235,-0.37798065,0.0,0.1,0.0,0.1,0.41388017,0.06081613153219223,1391
728,9.99999999999999,unknown,False,PK,Major road,2,10,0.07452896,0.2024729,0.08677068,0.059931733,-0.1619508,0.0,0.1,0.0,0.1,0.18406841,0.06081053242087364,1392
1725,9.999999999999899,314,True,CN,Highway,1,10,0.19256815,0.5731728,0.3472423,0.053819697,-0.6358379,0.0,0.6,0.1,0.6,0.73661214,0.060720114260911943,1393
1748,9.999999999999993,315,False,CN,Major road,2,10,0.13994408,0.23149636,0.26699838,0.05885783,-0.5093807,0.0,0.6,0.0,0.6,0.5663891,0.06068127974867821,1394
1287,7.680600581937921,unknown,False,PK,Major road,2,9,0.0698056,0.10473834,0.062241104,0.0604258,-0.112348184,0.0,0.0,0.0,0.0,0.13203332,0.060588933527469635,1395
896,9.999999999999993,unknown,False,PK,Major road,2,10,0.124422,0.20940353,0.24191408,0.057966135,-0.4647232,0.0,0.4,0.0,0.4,0.5131773,0.06057145819067955,1396
1089,9.999999999999993,N5,False,PK,Highway,1,10,0.06664057,0.08911058,0.043299355,0.060015135,-0.072606966,0.0,0.0,0.0,0.0,0.0918518,0.0605195127427578,1397
1126,9.99999999999999,unknown,False,PK,Major road,2,10,0.071507365,0.14064361,0.07262747,0.060746163,-0.1319759,0.0,0.1,0.0,0.1,0.15406613,0.060490500181913376,1398
521,5.042059192938868,unknown,False,PK,Major road,2,8,0.06364861,0.105804384,0.024056805,0.060219463,-0.030985018,0.0,0.0,0.0,0.0,0.05103219,0.06040048226714134,1399
494,4.15190827561375,N40,False,PK,Highway,1,7,0.17792018,0.23202802,0.31143132,0.058120437,-0.58539647,0.0,1.0,0.0,1.0,0.6606456,0.06037799268960953,1400
1223,9.99999999999996,N5,False,PK,Highway,1,10,0.066638775,0.13068722,0.04442723,0.058971334,-0.07837304,0.0,0.1,0.0,0.1,0.09424439,0.0603584460914135,1401
1088,10.000000000000016,N5,False,PK,Highway,1,11,0.06531206,0.11453994,0.03580936,0.05951096,-0.059854053,0.0,0.0,0.0,0.0,0.075963125,0.060350749641656876,1402
1203,9.999999999999991,unknown,False,PK,Major road,2,10,0.06678064,0.2837408,0.045462888,0.051362652,-0.074452646,0.0,0.1,0.0,0.1,0.09644135,0.06034022942185402,1403
1752,9.99999999999994,315,False,CN,Major road,2,10,0.11857171,0.21473247,0.23154262,0.062023498,-0.44422263,0.0,0.4,0.0,0.4,0.49117607,0.060332126915454865,1404
1222,10.000000000000027,N5,False,PK,Highway,1,11,0.06630003,0.10680103,0.04276667,0.059813656,-0.07233456,0.0,0.0,0.0,0.0,0.09072181,0.06028516963124275,1405
530,9.939838757066582,unknown,False,PK,Major road,2,11,0.065081075,0.10075271,0.035846736,0.05940225,-0.05709188,0.0,0.0,0.0,0.0,0.07604241,0.06013215333223343,1406
770,9.999999999999948,N55,False,PK,Highway,1,10,0.07040196,0.21199302,0.069449335,0.054401524,-0.12699917,0.0,0.2,0.0,0.2,0.1473243,0.06003003939986229,1407
844,10.000000000000002,unknown,False,PK,Major road,2,11,0.11254266,0.2100692,0.22016157,0.054354187,-0.4249379,0.0,0.18181818181818182,0.0,0.18181818181818182,0.4670332,0.05998149886727333,1408
1175,9.999999999999995,unknown,False,PK,Major road,2,10,0.06663854,0.10663186,0.047781434,0.059120648,-0.085734166,0.0,0.0,0.0,0.0,0.101359725,0.059884071350097656,1409
551,10.000000000000009,N5,False,PK,Highway,1,11,0.069241785,0.1189986,0.0639149,0.0571596,-0.11626587,0.0,0.0,0.0,0.0,0.13558398,0.05985370650887489,1410
397,9.99999999999997,N25,False,PK,Highway,1,10,0.19746442,0.28037825,0.3287244,0.05881021,-0.60871756,0.0,0.9,0.0,0.9,0.69732976,0.059766605496406555,1411
1275,9.999999999999998,M3,False,PK,Highway,1,10,0.06690029,0.09702559,0.050395228,0.058901113,-0.086143196,0.0,0.0,0.0,0.0,0.106904425,0.05974835157394409,1412
1174,10.00000000000001,unknown,False,PK,Major road,2,11,0.06494402,0.13736098,0.039479572,0.059373613,-0.06608724,0.00089405343,0.09090909090909091,0.0,0.09090909090909091,0.08374882,0.05972855165600777,1413
463,9.999999999999975,N40,False,PK,Highway,1,10,0.19074026,0.37291798,0.32412556,0.054244734,-0.59551114,0.0,0.6,0.0,0.6,0.68757415,0.05959218740463257,1414
1120,9.999999999999991,unknown,False,PK,Major road,2,10,0.09331463,0.13030514,0.1705086,0.05674199,-0.3312262,0.0,0.2,0.0,0.2,0.36170334,0.05956241860985756,1415
316,9.99999999999999,unknown,False,PK,Major road,2,10,0.07618678,0.2142171,0.1031454,0.05946628,-0.1951778,0.0,0.2,0.0,0.2,0.21880443,0.0595167800784111,1416
1217,9.999999999999998,N5,False,PK,Highway,1,10,0.09519529,0.13138066,0.17712101,0.05674717,-0.34346712,0.0,0.2,0.0,0.2,0.3757304,0.05942752957344055,1417
1110,10.00000000000001,unknown,False,PK,Major road,2,11,0.07189704,0.10845894,0.08301102,0.05759764,-0.15546273,0.0,0.0,0.0,0.0,0.17609297,0.059236474335193634,1418
959,9.999999999999998,unknown,False,PK,Major road,2,10,0.17852889,0.28327635,0.3150801,0.051798612,-0.5896412,0.0,0.7,0.0,0.7,0.66838586,0.05920270457863808,1419
587,10.000000000000002,unknown,False,PK,Major road,2,11,0.06586494,0.113039754,0.047787655,0.058195543,-0.08362344,0.0,0.0,0.0,0.0,0.10137293,0.05918801948428154,1420
1459,10.000000000000004,N80,False,PK,Major road,2,11,0.1307038,0.2759959,0.2581022,0.05315776,-0.49458504,0.0,0.45454545454545453,0.0,0.45454545454545453,0.5475175,0.059141188859939575,1421
548,9.999999999999984,N5,False,PK,Highway,1,10,0.06258697,0.08408676,0.027531927,0.058840524,-0.038461465,0.000660076,0.0,0.0,0.0,0.058404036,0.05909665673971176,1422
790,9.999999999999932,N55,False,PK,Highway,1,10,0.099965036,0.19912241,0.19285262,0.048053198,-0.37453172,0.0,0.3,0.0,0.3,0.40910217,0.05906911939382553,1423
1243,9.999999999999968,unknown,False,PK,Major road,1,10,0.07003985,0.19702037,0.073842965,0.05294749,-0.13777101,0.0,0.1,0.0,0.1,0.15664458,0.05906848981976509,1424
727,10.000000000000007,unknown,False,PK,Major road,2,11,0.06492045,0.082685895,0.04296483,0.058928408,-0.07352364,0.0,0.0,0.0,0.0,0.09114217,0.05900345742702484,1425
842,10.000000000000009,unknown,False,PK,Major road,2,11,0.10874459,0.16800949,0.21576689,0.056730125,-0.41985944,0.0,0.18181818181818182,0.0,0.18181818181818182,0.45771068,0.05897102877497673,1426
349,7.529605188811579,unknown,False,PK,Major road,2,10,0.19725798,0.40524313,0.33081394,0.056837313,-0.6148107,0.0,1.0,0.0,1.0,0.7017623,0.058829762041568756,1427
1138,9.999999999999998,unknown,False,PK,Major road,2,10,0.09064493,0.18205802,0.16571689,0.055122156,-0.3224398,0.0,0.1,0.0,0.1,0.3515386,0.05877973884344101,1428
1092,10.000000000000016,N5,False,PK,Highway,1,11,0.066710606,0.09621825,0.05611281,0.058221176,-0.09974328,0.0,0.0,0.0,0.0,0.11903325,0.0587698295712471,1429
824,10.000000000000014,unknown,False,PK,Major road,2,11,0.06689643,0.34697482,0.057415154,0.053856328,-0.09631923,0.0,0.09090909090909091,0.0,0.09090909090909091,0.12179593,0.05874871835112572,1430
1376,10.000000000000032,unknown,False,PK,Major road,2,11,0.07490497,0.22097924,0.101906344,0.05236086,-0.19439097,0.0,0.09090909090909091,0.0,0.09090909090909091,0.216176,0.05871231108903885,1431
848,9.999999999999996,unknown,False,PK,Major road,2,10,0.07270203,0.15350617,0.09080742,0.055540156,-0.17199056,0.0,0.1,0.0,0.1,0.19263163,0.05869732052087784,1432
549,10.000000000000018,N5,False,PK,Highway,1,11,0.064499825,0.122986935,0.04253349,0.057494104,-0.07209074,0.0,0.0,0.0,0.0,0.09022716,0.05868019163608551,1433
1172,10.00000000000003,unknown,False,PK,Major road,2,11,0.064558126,0.15971902,0.04292681,0.058493543,-0.07452385,0.0,0.18181818181818182,0.0,0.18181818181818182,0.09106152,0.05867936462163925,1434
1090,10.000000000000004,N5,False,PK,Highway,1,11,0.062470432,0.09614308,0.029055161,0.058393862,-0.044454,0.0,0.0,0.0,0.0,0.061635304,0.05862004682421684,1435
791,10.000000000000044,N55,False,PK,Highway,1,11,0.1587454,0.3291779,0.29741904,0.05433388,-0.5628898,0.0,0.5454545454545454,0.0,0.5454545454545454,0.63092107,0.05858958140015602,1436
856,10.000000000000002,unknown,False,PK,Major road,2,11,0.09189609,0.12196221,0.17103046,0.05691277,-0.33268088,0.0,0.0,0.0,0.0,0.3628104,0.0585552342236042,1437
948,10.000000000000005,unknown,False,PK,Major road,2,11,0.073382854,0.15841506,0.09529224,0.05565152,-0.18432504,0.0,0.18181818181818182,0.0,0.18181818181818182,0.20214537,0.05854885280132294,1438
592,10.000000000000002,N70,False,PK,Major road,2,11,0.07213355,0.10549042,0.08904434,0.057378467,-0.1684097,0.0,0.0,0.0,0.0,0.18889157,0.05850812792778015,1439
879,10.000000000000016,unknown,False,PK,Major road,2,11,0.08440077,0.1335592,0.14487956,0.057857934,-0.28070113,0.0,0.09090909090909091,0.0,0.09090909090909091,0.30733597,0.05846137925982475,1440
889,9.375804258117777,unknown,False,PK,Major road,2,12,0.07546666,0.24219723,0.10688696,0.05511019,-0.20462234,0.0,0.08333333333333333,0.0,0.08333333333333333,0.22674148,0.058355238288640976,1441
1185,10.000000000000014,unknown,False,PK,Major road,2,11,0.071099095,0.11484167,0.08485587,0.05680302,-0.16388465,0.0,0.0,0.0,0.0,0.18000647,0.058300796896219254,1442
202,9.99999999999992,N55,False,PK,Highway,1,10,0.07577794,0.12816617,0.108781114,0.056614727,-0.20913704,0.0,0.1,0.0,0.1,0.23075959,0.05829145014286041,1443
911,10.000000000000009,unknown,False,PK,Major road,2,11,0.119827345,0.16974184,0.24227628,0.056994557,-0.4670722,0.0,0.36363636363636365,0.0,0.36363636363636365,0.5139456,0.05824261158704758,1444
757,10.000000000000023,N55,False,PK,Highway,1,11,0.067701034,0.11571465,0.065861546,0.05607519,-0.12096481,0.0,0.0,0.0,0.0,0.13971344,0.05824229121208191,1445
1308,10.000000000000025,M2,False,PK,Highway,1,11,0.066799894,0.09062526,0.06066769,0.058475375,-0.1086844,0.0,0.0,0.0,0.0,0.1286956,0.058203041553497314,1446
765,9.999999999999936,N55,False,PK,Highway,1,10,0.072943196,0.2354708,0.095485695,0.05271557,-0.18278219,0.0,0.1,0.0,0.1,0.20255575,0.05816813185811043,1447
1400,9.99999999999998,unknown,False,PK,Major road,2,10,0.08925889,0.18761349,0.1647973,0.052988164,-0.3214797,0.0,0.1,0.0,0.1,0.3495879,0.05805505812168121,1448
340,9.999999999999984,N5,False,PK,Highway,1,10,0.07029582,0.11270655,0.08218627,0.055933576,-0.15391432,0.0,0.0,0.0,0.0,0.17434339,0.058040205389261246,1449
1152,10.000000000000014,unknown,False,PK,Major road,2,11,0.06511905,0.11831615,0.05358342,0.056099497,-0.09315843,0.001253082,0.0,0.0,0.0,0.1136676,0.0580303929746151,1450
660,9.999999999999984,N50,False,PK,Highway,1,10,0.10436612,0.14156102,0.20951164,0.05782201,-0.41478577,0.0,0.2,0.0,0.2,0.4444413,0.05798150599002838,1451
16,9.999999999999945,N5,False,PK,Highway,1,10,0.08721664,0.12525737,0.15804286,0.05460435,-0.3081704,0.0,0.0,0.0,0.0,0.33525953,0.05797642841935158,1452
924,0.6584303444982316,unknown,False,PK,Major road,2,3,0.1488746,0.16701475,0.28790626,0.057919994,-0.57640713,0.0,1.0,0.0,1.0,0.6107414,0.05795072019100189,1453
732,10.0,unknown,False,PK,Major road,2,11,0.07695179,0.10451186,0.11667809,0.05720755,-0.22512397,0.0,0.0,0.0,0.0,0.2475116,0.057905323803424835,1454
1157,10.000000000000005,unknown,False,PK,Major road,2,11,0.0661016,0.120165214,0.05920976,0.057711974,-0.10805729,0.0,0.0,0.0,0.0,0.12560287,0.05779905244708061,1455
1071,10.000000000000002,unknown,False,PK,Major road,2,11,0.064050905,0.120489754,0.046129216,0.0578319,-0.078714915,0.0,0.0,0.0,0.0,0.097854845,0.05778321251273155,1456
206,10.000000000000096,N55,False,PK,Highway,1,11,0.06782765,0.11549435,0.069960505,0.055932153,-0.13014641,0.0,0.0,0.0,0.0,0.14840864,0.05776143819093704,1457
1139,9.999999999999995,unknown,False,PK,Major road,2,10,0.08812783,0.12243328,0.16277774,0.05501709,-0.31682482,0.0,0.0,0.0,0.0,0.3453037,0.05769696086645126,1458
1250,10.000000000000007,unknown,False,PK,Major road,1,11,0.073039256,0.14885648,0.09990916,0.05374742,-0.19133724,0.0,0.18181818181818182,0.0,0.18181818181818182,0.21193932,0.057559363543987274,1459
1029,9.999999999999977,M1,False,PK,Highway,1,10,0.083043516,0.10681153,0.14501217,0.057403643,-0.28264958,0.0,0.0,0.0,0.0,0.30761728,0.057497892528772354,1460
360,10.000000000000007,N55,False,PK,Highway,1,11,0.07303826,0.33902824,0.100493126,0.046372328,-0.18931828,0.0,0.09090909090909091,0.0,0.09090909090909091,0.21317811,0.057468101382255554,1461
1255,0.5517004366422655,unknown,False,PK,Major road,2,3,0.073812224,0.08327622,0.10446909,0.05665639,-0.20052443,0.0,0.0,0.0,0.0,0.22161241,0.05745451897382736,1462
534,9.999999999999979,unknown,False,PK,Major road,2,10,0.06361447,0.14769189,0.04592895,0.056482308,-0.07757566,0.0,0.2,0.0,0.2,0.09743002,0.057416513562202454,1463
185,10.00000000000002,N55,False,PK,Highway,1,11,0.06774544,0.17721666,0.07189426,0.054142997,-0.13422519,0.0,0.09090909090909091,0.0,0.09090909090909091,0.15251075,0.057413529604673386,1464
590,9.999999999999988,N70,False,PK,Major road,2,10,0.06650092,0.12886633,0.064612366,0.056268375,-0.119644806,0.0,0.1,0.0,0.1,0.13706353,0.057386066764593124,1465
1098,10.000000000000014,unknown,False,PK,Major road,2,11,0.06929822,0.11186538,0.08145148,0.05686271,-0.15283059,0.0,0.0,0.0,0.0,0.17278469,0.05732455104589462,1466
871,10.000000000000005,unknown,False,PK,Major road,2,11,0.09282527,0.12832394,0.1804831,0.056108806,-0.35224998,0.0,0.09090909090909091,0.0,0.09090909090909091,0.38286248,0.057285960763692856,1467
1722,10.000000000000034,314,True,CN,Highway,1,11,0.29676583,0.8487711,0.3948909,0.04845164,-0.6637421,0.0,1.0,0.09090909090909091,1.0,0.8376901,0.05725893872705373,1468
343,9.999999999999957,N5,False,PK,Highway,1,10,0.06731511,0.09519075,0.07080633,0.05671975,-0.13085148,0.0,0.0,0.0,0.0,0.15020292,0.05720418319106102,1469
1326,10.000000000000002,unknown,False,PK,Major road,2,11,0.065642565,0.16264632,0.06074433,0.05391865,-0.11329795,0.0,0.09090909090909091,0.0,0.09090909090909091,0.12885818,0.05718398094177246,1470
1097,6.869637556650723,N5,False,PK,Highway,1,8,0.06782971,0.14021073,0.07508438,0.056229576,-0.14131221,0.0,0.125,0.0,0.125,0.15927802,0.05702592805027962,1471
584,9.999999999999952,unknown,False,PK,Major road,2,10,0.08001844,0.11329959,0.1360074,0.056337185,-0.27045977,0.0,0.0,0.0,0.0,0.28851527,0.05693189799785614,1472
523,10.000000000000014,unknown,False,PK,Major road,2,11,0.062474392,0.09853995,0.04405505,0.055317808,-0.076625034,0.00018362227,0.0,0.0,0.0,0.09345487,0.056681763380765915,1473
557,9.999999999999993,N5,False,PK,Highway,1,10,0.062129986,0.08361442,0.041489437,0.055988323,-0.07145682,0.0,0.0,0.0,0.0,0.08801239,0.05666177719831467,1474
817,9.999999999999986,unknown,False,PK,Major road,2,10,0.06520701,0.10036909,0.06190117,0.056446947,-0.11432,0.0,0.0,0.0,0.0,0.1313122,0.056644536554813385,1475
1737,10.000000000000018,314,True,CN,Highway,1,11,0.2635525,0.5401352,0.40270913,0.04002203,-0.711622,0.0,1.0,0.18181818181818182,1.0,0.85427505,0.05658799281174487,1476
378,9.999999999999979,N65,False,PK,Highway,1,10,0.06939093,0.12671296,0.08719484,0.056916595,-0.16616239,0.0,0.1,0.0,0.1,0.18496819,0.056555815041065216,1477
1136,9.999999999999984,unknown,False,PK,Major road,2,10,0.091495395,0.12343962,0.1802127,0.055425536,-0.35291883,0.0,0.0,0.0,0.0,0.38228887,0.05651772394776344,1478
313,9.999999999999945,N85,False,PK,Major road,2,10,0.16767332,0.23886321,0.3125458,0.05587555,-0.59383476,0.0,0.9,0.0,0.9,0.66300976,0.0565042719244957,1479
735,10.000000000000014,unknown,False,PK,Major road,2,11,0.06369812,0.1223678,0.055022467,0.056552436,-0.09929203,0.0,0.0,0.0,0.0,0.11672028,0.056263260543346405,1480
553,10.00000000000004,N5,False,PK,Highway,1,11,0.0629993,0.08659375,0.051951703,0.05594585,-0.093853,0.0,0.0,0.0,0.0,0.1102062,0.05605638772249222,1481
1367,10.000000000000009,unknown,False,PK,Major road,2,11,0.06376122,0.24809812,0.05756493,0.054477457,-0.10255018,0.0,0.09090909090909091,0.0,0.09090909090909091,0.12211365,0.05597510561347008,1482
588,9.999999999999996,unknown,False,PK,Major road,2,10,0.063832626,0.090632685,0.058214106,0.05512019,-0.10675736,0.0,0.0,0.0,0.0,0.123490766,0.05594988539814949,1483
1298,10.000000000000018,M2,False,PK,Highway,1,11,0.061988473,0.09277144,0.045991298,0.055188082,-0.08189678,0.0,0.0,0.0,0.0,0.097562276,0.05594073608517647,1484
1178,10.000000000000007,unknown,False,PK,Major road,2,11,0.06632294,0.09843944,0.07398689,0.055906404,-0.14039586,0.0,0.0,0.0,0.0,0.1569499,0.05591356009244919,1485
1115,10.000000000000005,unknown,False,PK,Major road,2,11,0.0663651,0.094250016,0.07426643,0.055102166,-0.14024818,0.0,0.0,0.0,0.0,0.1575429,0.05590975284576416,1486
518,9.999999999999993,unknown,False,PK,Major road,2,10,0.06320236,0.10694434,0.055160515,0.05466927,-0.10084629,0.0,0.0,0.0,0.0,0.11701312,0.055806856602430344,1487
187,9.999999999999972,N55,False,PK,Highway,1,10,0.06635104,0.14705318,0.075162895,0.055217575,-0.14179961,0.0,0.1,0.0,0.1,0.15944457,0.05577172711491585,1488
531,10.000000000000014,unknown,False,PK,Major road,2,11,0.06556348,0.16258328,0.07053631,0.05188806,-0.13508223,0.0,0.09090909090909091,0.0,0.09090909090909091,0.1496301,0.055753208696842194,1489
1276,9.99999999999999,M3,False,PK,Highway,1,10,0.061438937,0.122187175,0.044379193,0.053901576,-0.077810146,0.0,0.0,0.0,0.0,0.09414248,0.055654920637607574,1490
1268,10.000000000000004,unknown,False,PK,Major road,2,11,0.062429275,0.105265446,0.051262125,0.05584027,-0.08921259,0.0,0.0,0.0,0.0,0.10874339,0.05564050376415253,1491
1149,9.565404929120385,unknown,False,PK,Major road,2,11,0.0631094,0.100594,0.056405816,0.054848053,-0.104430035,0.0,0.0,0.0,0.0,0.119654804,0.05555805563926697,1492
1111,10.000000000000004,unknown,False,PK,Major road,2,11,0.06484217,0.089578055,0.06811036,0.05526391,-0.12766637,0.0,0.0,0.0,0.0,0.1444839,0.05547352135181427,1493
858,9.999999999999991,unknown,False,PK,Major road,2,10,0.08618359,0.13207498,0.168001,0.053100426,-0.32939473,0.0,0.1,0.0,0.1,0.35638392,0.055469147861003876,1494
782,9.999999999999975,N55,False,PK,Highway,1,10,0.06930887,0.27830443,0.094489545,0.05403027,-0.17704593,0.0,0.1,0.0,0.1,0.2004426,0.055416420102119446,1495
1299,10.000000000000025,M2,False,PK,Highway,1,11,0.059923764,0.11686217,0.03626983,0.053874,-0.06026418,0.0,0.0,0.0,0.0,0.076939926,0.05531323328614235,1496
563,10.000000000000025,N5,False,PK,Highway,1,11,0.06041312,0.12743324,0.039865837,0.05405779,-0.07041109,0.0,0.09090909090909091,0.0,0.09090909090909091,0.08456821,0.055304091423749924,1497
356,10.000000000000004,unknown,False,PK,Major road,2,11,0.06583171,0.12481439,0.07555667,0.05310321,-0.14361703,0.0,0.0,0.0,0.0,0.1602799,0.05528021603822708,1498
1161,10.000000000000002,unknown,False,PK,Major road,2,11,0.060523633,0.0856486,0.04134775,0.05498495,-0.071745925,0.0,0.0,0.0,0.0,0.08771182,0.05521499365568161,1499
891,9.999999999999998,unknown,False,PK,Major road,2,10,0.08071052,0.13574561,0.14925556,0.05132562,-0.29391605,0.0,0.2,0.0,0.2,0.31661886,0.05515604838728905,1500
329,9.999999999999973,N5,False,PK,Highway,1,10,0.060112555,0.09834278,0.038993243,0.055176638,-0.06686379,0.0,0.0,0.0,0.0,0.08271716,0.055140212178230286,1501
208,10.000000000000027,N55,False,PK,Highway,1,11,0.07221326,0.10035825,0.11161201,0.055078257,-0.2172512,0.0,0.0,0.0,0.0,0.23676482,0.055115703493356705,1502
524,9.999999999999975,unknown,False,PK,Major road,2,10,0.06343629,0.09853995,0.061865777,0.053891294,-0.114666186,0.0,0.0,0.0,0.0,0.13123713,0.05511109530925751,1503
1306,10.000000000000012,M2,False,PK,Highway,1,11,0.06532277,0.14762233,0.073700994,0.052224528,-0.13830824,0.0,0.18181818181818182,0.0,0.18181818181818182,0.15634342,0.055109988898038864,1504
862,10.000000000000007,unknown,False,PK,Major road,2,11,0.06556246,0.086447485,0.07629207,0.05488907,-0.14601868,0.0,0.0,0.0,0.0,0.16183992,0.05495183542370796,1505
853,10.000000000000004,unknown,False,PK,Major road,2,11,0.06840479,0.09636659,0.09272185,0.054647423,-0.1788039,0.0,0.0,0.0,0.0,0.19669275,0.054950058460235596,1506
1262,9.99999999999999,unknown,False,PK,Major road,2,10,0.06465539,0.09108416,0.07114486,0.054096587,-0.1329747,0.0,0.0,0.0,0.0,0.15092103,0.05489753186702728,1507
1717,9.999999999999883,314,True,CN,Highway,1,10,0.26381937,0.5135826,0.3912989,0.048031926,-0.69505835,0.0,1.0,0.1,1.0,0.8300703,0.05483074322342873,1508
657,9.999999999999998,N50,False,PK,Highway,1,10,0.076188564,0.096753426,0.13234676,0.0553615,-0.25899616,0.0,0.0,0.0,0.0,0.2807499,0.054798632860183716,1509
1245,10.000000000000004,unknown,False,PK,Major road,1,11,0.059059035,0.12032656,0.034187637,0.053346455,-0.057610348,0.0,0.0,0.0,0.0,0.07252293,0.0547759011387825,1510
578,10.000000000000032,unknown,False,PK,Major road,2,11,0.061268356,0.13269325,0.050434183,0.053019524,-0.09095688,0.0,0.09090909090909091,0.0,0.09090909090909091,0.10698706,0.05471343547105789,1511
777,9.999999999999954,N55,False,PK,Highway,1,10,0.06566147,0.11118614,0.079320535,0.054923046,-0.15125959,0.0,0.0,0.0,0.0,0.16826427,0.05461299046874046,1512
369,10.000000000000032,N65,False,PK,Highway,1,11,0.06271967,0.13483004,0.060949866,0.053681634,-0.113293,0.0,0.09090909090909091,0.0,0.09090909090909091,0.12929419,0.05461038649082184,1513
123,7.052685996456581,N5,False,PK,Highway,1,9,0.062995486,0.12037704,0.06294692,0.053189658,-0.11527722,0.0,0.0,0.0,0.0,0.13353059,0.05458366125822067,1514
1155,9.999999999999996,unknown,False,PK,Major road,2,10,0.06436406,0.19946633,0.07168986,0.049897388,-0.13606612,0.0,0.1,0.0,0.1,0.15207715,0.054575759917497635,1515
1209,10.000000000000016,unknown,False,PK,Major road,2,11,0.069110595,0.15462741,0.09991352,0.05361537,-0.2017573,0.0,0.09090909090909091,0.0,0.09090909090909091,0.21194859,0.054462701082229614,1516
1025,9.999999999999996,M1,False,PK,Highway,1,10,0.07196948,0.10897635,0.114894666,0.053277064,-0.22462073,0.0,0.0,0.0,0.0,0.24372838,0.054428473114967346,1517
854,9.999999999999996,unknown,False,PK,Major road,2,10,0.07362868,0.10391007,0.12299909,0.054370333,-0.24058902,0.0,0.0,0.0,0.0,0.26092046,0.0544174499809742,1518
1715,9.999999999999961,314,True,CN,Highway,1,10,0.2568782,0.55490094,0.39029,0.04510708,-0.69897544,0.0,1.0,0.1,1.0,0.8279301,0.05420100897550583,1519
1363,9.999999999999973,unknown,False,PK,Major road,2,10,0.060860187,0.10177669,0.05168907,0.054071188,-0.09531431,0.0,0.0,0.0,0.0,0.10964908,0.054186925292015076,1520
1342,10.000000000000023,unknown,False,PK,Major road,2,11,0.059214424,0.14097022,0.04012881,0.054133996,-0.0683872,0.0,0.09090909090909091,0.0,0.09090909090909091,0.08512606,0.05417373403906822,1521
552,9.999999999999943,N5,False,PK,Highway,1,10,0.062692955,0.07837303,0.064081505,0.053758614,-0.119782925,0.0,0.0,0.0,0.0,0.1359374,0.0541706383228302,1522
1171,9.999999999999973,unknown,False,PK,Major road,2,10,0.060259122,0.14362013,0.049654923,0.053886127,-0.08856668,0.0,0.1,0.0,0.1,0.105334,0.05391179025173187,1523
1196,10.000000000000046,unknown,False,PK,Major road,2,11,0.056741472,0.09251246,0.025590401,0.053138636,-0.03857194,3.0663203e-05,0.0,0.0,0.0,0.054285437,0.053668905049562454,1524
818,10.000000000000014,unknown,False,PK,Major road,2,11,0.06865147,0.10760888,0.1029531,0.052366078,-0.20035271,0.0,0.0,0.0,0.0,0.2183965,0.05365822836756706,1525
558,9.99999999999995,N5,False,PK,Highway,1,10,0.05752477,0.09182268,0.035109997,0.052523457,-0.059654582,0.0015530564,0.0,0.0,0.0,0.07447955,0.05362861603498459,1526
1254,9.999999999999982,unknown,False,PK,Major road,2,10,0.06720958,0.09957248,0.09535052,0.05277257,-0.18485403,0.0,0.0,0.0,0.0,0.20226899,0.05361516773700714,1527
567,10.000000000000027,N5,False,PK,Highway,1,11,0.05708998,0.1275682,0.028834503,0.05316583,-0.048004963,0.0,0.09090909090909091,0.0,0.09090909090909091,0.061167218,0.05359794571995735,1528
1112,10.000000000000009,unknown,False,PK,Major road,2,11,0.06400985,0.082411304,0.07805783,0.052563902,-0.1497454,0.0,0.0,0.0,0.0,0.16558567,0.053410738706588745,1529
1745,9.999999999999961,315,False,CN,Major road,2,10,0.13682841,0.37411526,0.2874402,0.046111565,-0.55212915,0.0,0.2,0.0,0.2,0.6097528,0.053396906703710556,1530
949,10.000000000000004,unknown,False,PK,Major road,2,11,0.083184965,0.14246641,0.16950108,0.050960973,-0.33500984,0.0,0.09090909090909091,0.0,0.09090909090909091,0.3595661,0.05327447131276131,1531
651,10.000000000000055,N70,False,PK,Major road,2,11,0.09825206,0.14569639,0.21586257,0.049743358,-0.4242259,0.0,0.18181818181818182,0.0,0.18181818181818182,0.45791367,0.05326110124588013,1532
756,10.000000000000064,N55,False,PK,Highway,1,11,0.06333708,0.14107366,0.08193316,0.050017904,-0.15340418,0.0037193068,0.09090909090909091,0.0,0.09090909090909091,0.17380649,0.0532585084438324,1533
1380,9.999999999999988,unknown,False,PK,Major road,2,10,0.06528767,0.1312804,0.0874128,0.051099252,-0.16712412,0.0,0.1,0.0,0.1,0.18543054,0.05318134278059006,1534
754,10.000000000000053,N55,False,PK,Highway,1,11,0.06460107,0.11972679,0.08386155,0.049624145,-0.16267978,0.0,0.0,0.0,0.0,0.17789721,0.05310872197151184,1535
1590,0.04012584968896969,N5,False,PK,Highway,1,2,0.17021058,0.17021058,0.32452026,0.053035676,-0.6310082,0.0,1.0,0.0,1.0,0.6884114,0.0530356764793396,1536
556,10.000000000000027,N5,False,PK,Highway,1,11,0.059752844,0.11688081,0.05659304,0.052086018,-0.103283696,0.0012782626,0.0,0.0,0.0,0.120051965,0.052898962050676346,1537
323,10.000000000000044,N5,False,PK,Highway,1,11,0.06545475,0.13181263,0.09051576,0.04856528,-0.17680833,0.0,0.09090909090909091,0.0,0.09090909090909091,0.19201292,0.05288659408688545,1538
774,9.999999999999934,N55,False,PK,Highway,1,10,0.067062125,0.11896689,0.09972115,0.052278887,-0.19516549,0.0,0.0,0.0,0.0,0.2115405,0.05287576839327812,1539
386,9.99999999999997,N65,False,PK,Highway,1,10,0.16220915,0.3243967,0.31776994,0.050199024,-0.60581833,0.0,0.5,0.0,0.5,0.6740918,0.05286528915166855,1540
1145,8.40647420620666,unknown,False,PK,Major road,2,11,0.07340632,0.14399302,0.13222641,0.04966426,-0.25995257,0.0,0.09090909090909091,0.0,0.09090909090909091,0.28049457,0.052816241979599,1541
1077,9.999999999999973,unknown,False,PK,Major road,2,10,0.056130785,0.121023215,0.028241375,0.052501313,-0.046028323,0.0,0.0,0.0,0.0,0.059909005,0.0527680478990078,1542
189,9.999999999999972,N55,False,PK,Highway,1,10,0.07647884,0.16543974,0.14624625,0.047382712,-0.28784636,0.0,0.1,0.0,0.1,0.31023514,0.05275241658091545,1543
1749,9.999999999999975,315,False,CN,Major road,2,10,0.12841564,0.20154186,0.27780956,0.052100856,-0.53690374,0.0,0.5,0.0,0.5,0.58932304,0.052737344056367874,1544
863,9.999999999999982,unknown,False,PK,Major road,2,10,0.06549455,0.10833919,0.09265752,0.052548002,-0.1812173,0.0,0.0,0.0,0.0,0.19655629,0.05262118577957153,1545
547,10.000000000000007,N5,False,PK,Highway,1,11,0.056496534,0.07784287,0.032546416,0.052084062,-0.055892643,0.0,0.0,0.0,0.0,0.06904137,0.05259593576192856,1546
1383,10.000000000000009,unknown,False,PK,Major road,2,11,0.064363346,0.12414628,0.086207,0.0528299,-0.16655242,0.0,0.0,0.0,0.0,0.18287267,0.05259304866194725,1547
1159,10.000000000000007,unknown,False,PK,Major road,2,11,0.056741938,0.10354685,0.03455368,0.05254296,-0.059694946,0.0,0.0,0.0,0.0,0.07329942,0.052582789212465286,1548
1195,9.999999999999979,unknown,False,PK,Major road,2,10,0.05833581,0.095130324,0.046694692,0.052392423,-0.08464667,0.0,0.0,0.0,0.0,0.0990544,0.05255739390850067,1549
857,10.000000000000012,unknown,False,PK,Major road,2,11,0.09613176,0.12196221,0.21376759,0.05173869,-0.4210336,0.0,0.0,0.0,0.0,0.45346954,0.05253893509507179,1550
819,9.999999999999993,unknown,False,PK,Major road,2,10,0.06418939,0.09714289,0.085598394,0.052001793,-0.16565363,0.0,0.0,0.0,0.0,0.18158162,0.05253377556800842,1551
322,9.999999999999945,N5,False,PK,Highway,1,10,0.0658253,0.16253245,0.095553085,0.05034708,-0.18588504,0.0,0.1,0.0,0.1,0.20269871,0.052482593804597855,1552
766,10.000000000000007,N55,False,PK,Highway,1,11,0.06270266,0.09527875,0.07837966,0.052362833,-0.15067026,0.0,0.0,0.0,0.0,0.16626836,0.05227719619870186,1553
1163,3.559199447075083,unknown,False,PK,Major road,2,6,0.054848332,0.108572625,0.02230581,0.052175637,-0.033793814,0.0,0.0,0.0,0.0,0.04731777,0.052253033965826035,1554
903,9.999999999999995,unknown,False,PK,Major road,2,10,0.13296595,0.17211494,0.28624302,0.052593935,-0.5567304,0.0,0.5,0.0,0.5,0.60721314,0.05222727730870247,1555
1218,10.000000000000012,N5,False,PK,Highway,1,11,0.09051349,0.17457294,0.19951048,0.05369612,-0.39422262,0.0,0.2727272727272727,0.0,0.2727272727272727,0.42322564,0.05220586061477661,1556
925,9.999999999999998,unknown,False,PK,Major road,2,10,0.14528957,0.43657804,0.30219156,0.05105129,-0.5855407,0.0,0.2,0.0,0.2,0.6410451,0.05215240269899368,1557
1074,9.99999999999998,unknown,False,PK,Major road,2,10,0.057437964,0.08972651,0.044778876,0.052563082,-0.079338916,4.1048228e-05,0.0,0.0,0.0,0.09499034,0.05199217423796654,1558
1142,9.999999999999986,unknown,False,PK,Major road,2,10,0.07514109,0.11825379,0.14528987,0.048004795,-0.28700382,0.0,0.0,0.0,0.0,0.30820635,0.051982130855321884,1559
1704,10.00000000000004,314,True,CN,Highway,1,11,0.19758214,0.24175131,0.34757102,0.049532972,-0.6477203,0.0,1.0,0.0,1.0,0.73730946,0.05190296098589897,1560
773,9.999999999999922,N55,False,PK,Highway,1,10,0.06345598,0.096761666,0.0859742,0.050477248,-0.16711056,0.0,0.0,0.0,0.0,0.18237883,0.051882948726415634,1561
1160,9.999999999999995,unknown,False,PK,Major road,2,10,0.063158214,0.11078416,0.08423481,0.04883211,-0.16358185,0.0,0.0,0.0,0.0,0.17868902,0.05187253654003143,1562
1150,10.000000000000005,unknown,False,PK,Major road,2,11,0.06459271,0.10180277,0.0935725,0.052827336,-0.18331456,0.0,0.0,0.0,0.0,0.19849724,0.05177123844623566,1563
956,10.000000000000004,unknown,False,PK,Major road,2,11,0.06772968,0.17182349,0.11138985,0.04624583,-0.2206417,0.0,0.09090909090909091,0.0,0.09090909090909091,0.23629355,0.0517255961894989,1564
122,10.000000000000059,N5,False,PK,Highway,1,11,0.06450544,0.25093663,0.0934155,0.047311068,-0.18273911,0.0,0.09090909090909091,0.0,0.09090909090909091,0.1981642,0.05172277241945267,1565
350,9.999999999999988,unknown,False,PK,Major road,2,10,0.06569506,0.1341288,0.100959815,0.047970273,-0.19718283,0.0,0.1,0.0,0.1,0.2141681,0.05162527784705162,1566
1274,10.000000000000016,M3,False,PK,Highway,1,11,0.05840435,0.09122302,0.054942194,0.050354753,-0.10294974,0.0,0.0,0.0,0.0,0.11654999,0.05159732326865196,1567
1339,10.000000000000025,unknown,False,PK,Major road,2,11,0.05695783,0.102553934,0.044568367,0.04972718,-0.08107369,0.0,0.0,0.0,0.0,0.094543785,0.05157281830906868,1568
658,9.999999999999998,N50,False,PK,Highway,1,10,0.102298275,0.14154533,0.23381671,0.0491842,-0.46098107,0.0,0.1,0.0,0.1,0.49600014,0.05155831202864647,1569
1215,9.999999999999991,N5,False,PK,Highway,1,10,0.056438636,0.086491846,0.04162251,0.05157448,-0.07563646,0.0,0.0,0.0,0.0,0.08829467,0.05145540460944176,1570
1073,10.000000000000004,unknown,False,PK,Major road,2,11,0.0575876,0.079631895,0.050603736,0.05189476,-0.09329941,0.0,0.0,0.0,0.0,0.107346736,0.051405761390924454,1571
1191,10.000000000000004,unknown,False,PK,Major road,2,11,0.0655958,0.10448802,0.102571584,0.04952183,-0.20102213,0.0,0.0,0.0,0.0,0.21758719,0.05132299289107323,1572
1169,9.999999999999993,unknown,False,PK,Major road,2,10,0.057498027,0.1305871,0.05081609,0.049667917,-0.09394574,0.0,0.1,0.0,0.1,0.107797205,0.05129989981651306,1573
659,10.000000000000016,N50,False,PK,Highway,1,11,0.08675425,0.12378149,0.19272088,0.052582595,-0.3827314,0.0,0.0,0.0,0.0,0.40882272,0.05128714069724083,1574
193,10.00000000000001,N55,False,PK,Highway,1,11,0.061231896,0.16823007,0.07657387,0.04657155,-0.14869326,0.0,0.18181818181818182,0.0,0.18181818181818182,0.1624377,0.051285527646541595,1575
468,9.999999999999984,N40,False,PK,Highway,1,10,0.12798496,0.20015979,0.282746,0.04864146,-0.5523189,0.0,0.2,0.0,0.2,0.5997948,0.05122024565935135,1576
554,9.99999999999995,N5,False,PK,Highway,1,10,0.0588348,0.08948476,0.06189578,0.0507289,-0.117887974,0.0,0.0,0.0,0.0,0.13130078,0.05110974237322807,1577
832,10.000000000000002,unknown,False,PK,Major road,2,11,0.06334612,0.17654352,0.091773316,0.046559107,-0.18016297,0.0,0.18181818181818182,0.0,0.18181818181818182,0.1946806,0.05101386085152626,1578
591,10.000000000000012,N70,False,PK,Major road,2,11,0.06015751,0.104416564,0.072560936,0.04983538,-0.13991696,0.0,0.0,0.0,0.0,0.15392499,0.05089776590466499,1579
860,10.0,unknown,False,PK,Major road,2,11,0.0641826,0.095861174,0.09792879,0.051068507,-0.19204777,0.0,0.0,0.0,0.0,0.20773834,0.050849415361881256,1580
338,9.999999999999927,N5,False,PK,Highway,1,10,0.0669096,0.102414094,0.11320243,0.04774264,-0.22371697,0.0,0.0,0.0,0.0,0.24013862,0.05084201693534851,1581
1188,10.000000000000007,unknown,False,PK,Major road,2,11,0.06206764,0.09483876,0.085335955,0.051175844,-0.16597436,0.0,0.0,0.0,0.0,0.1810249,0.05083185061812401,1582
771,9.999999999999893,N55,False,PK,Highway,1,10,0.0689853,0.15255797,0.12479112,0.051169045,-0.24519698,0.0,0.1,0.0,0.1,0.26472196,0.050723373889923096,1583
579,10.000000000000014,unknown,False,PK,Major road,2,11,0.054893676,0.07841548,0.03621205,0.050273146,-0.06408506,0.0,0.0,0.0,0.0,0.076817356,0.05067688971757889,1584
377,10.000000000000018,N65,False,PK,Highway,1,11,0.06434825,0.11032143,0.10029381,0.048524316,-0.1973997,0.0,0.0,0.0,0.0,0.2127553,0.05065781623125076,1585
953,9.999999999999996,unknown,False,PK,Major road,2,10,0.081767626,0.14134309,0.17988397,0.046882182,-0.35679266,0.0,0.1,0.0,0.1,0.38159153,0.05056579038500786,1586
559,9.999999999999948,N5,False,PK,Highway,1,10,0.05243478,0.08843258,0.017964382,0.05028527,-0.027308103,0.0,0.0,0.0,0.0,0.038108207,0.050436582416296005,1587
1096,9.999999999999984,N5,False,PK,Highway,1,10,0.055683076,0.08942528,0.045093007,0.049931772,-0.08240881,0.0,0.0,0.0,0.0,0.095656715,0.05035661906003952,1588
1343,10.0,unknown,False,PK,Major road,2,11,0.058607064,0.1270676,0.066436194,0.050373327,-0.12657794,0.0,0.09090909090909091,0.0,0.09090909090909091,0.14093246,0.050347428768873215,1589
576,9.999999999999972,unknown,False,PK,Major road,2,10,0.051836334,0.130507,0.020333324,0.049323,-0.028909761,0.0018334336,0.1,0.0,0.1,0.043133494,0.05005881190299988,1590
120,9.999999999999956,N5,False,PK,Highway,1,10,0.06216631,0.109307505,0.09183743,0.05028377,-0.18077244,0.0,0.0,0.0,0.0,0.1948166,0.050055284053087234,1591
332,10.000000000000048,N5,False,PK,Highway,1,11,0.072635025,0.13512912,0.14659151,0.047098067,-0.29053777,0.0,0.09090909090909091,0.0,0.09090909090909091,0.31096756,0.05004788935184479,1592
1124,9.999999999999993,unknown,False,PK,Major road,2,10,0.05821696,0.097968295,0.06712808,0.049461246,-0.12866262,0.0,0.0,0.0,0.0,0.14240016,0.04992685467004776,1593
196,9.99999999999996,N55,False,PK,Highway,1,10,0.058413178,0.2056575,0.06869887,0.04730086,-0.13236982,0.0,0.1,0.0,0.1,0.14573231,0.049900490790605545,1594
950,9.999999999999991,unknown,False,PK,Major road,2,10,0.101411164,0.20206419,0.23947127,0.042050004,-0.47339097,0.0,0.3,0.0,0.3,0.5079953,0.04989476874470711,1595
1282,9.999999999999995,unknown,False,PK,Major road,2,10,0.05552239,0.10771276,0.047870222,0.0487565,-0.08893338,0.0,0.0,0.0,0.0,0.101548076,0.04988419637084007,1596
1123,10.000000000000004,unknown,False,PK,Major road,2,11,0.065355964,0.12161842,0.11180046,0.046474632,-0.22089528,0.0,0.0,0.0,0.0,0.23716459,0.04985584318637848,1597
1381,9.999999999999972,unknown,False,PK,Major road,2,10,0.060983162,0.12148924,0.08613278,0.049023345,-0.16818084,0.0,0.0,0.0,0.0,0.18271522,0.04984061047434807,1598
1081,9.999999999999984,unknown,False,PK,Major road,2,10,0.053752135,0.080008924,0.035417296,0.049717084,-0.062411807,0.0,0.0,0.0,0.0,0.07513143,0.04971366003155708,1599
919,1.8550943718063497,unknown,False,PK,Major road,2,4,0.10118111,0.15529153,0.23982477,0.047435995,-0.4749967,0.0,0.25,0.0,0.25,0.5087452,0.04970570653676987,1600
571,10.000000000000009,unknown,False,PK,Major road,2,11,0.0556792,0.14237526,0.050577868,0.046669994,-0.09532309,0.0,0.09090909090909091,0.0,0.09090909090909091,0.10729186,0.049705274403095245,1601
1341,9.99999999999998,unknown,False,PK,Major road,2,10,0.055703007,0.101814605,0.05084289,0.04823548,-0.095678344,0.0,0.0,0.0,0.0,0.10785405,0.0496952123939991,1602
1076,10.00000000000001,unknown,False,PK,Major road,2,11,0.051922683,0.09845625,0.024854712,0.049173724,-0.041174073,0.0019713477,0.0,0.0,0.0,0.052724805,0.049677908420562744,1603
564,9.999999999999932,N5,False,PK,Highway,1,10,0.053239774,0.08011952,0.031690456,0.04908677,-0.056416623,0.0,0.0,0.0,0.0,0.067225605,0.04966070130467415,1604
1340,9.99999999999998,unknown,False,PK,Major road,2,10,0.055834014,0.18664727,0.052602608,0.045352902,-0.10069444,0.0,0.1,0.0,0.1,0.11158698,0.0496036633849144,1605
1364,10.000000000000043,unknown,False,PK,Major road,2,11,0.05947101,0.104998104,0.079144925,0.047016744,-0.15345263,0.0,0.0,0.0,0.0,0.16789174,0.049486320465803146,1606
469,10.000000000000027,N40,False,PK,Highway,1,11,0.12539187,0.18560454,0.28550604,0.04656786,-0.5587427,0.0,0.2727272727272727,0.0,0.2727272727272727,0.60564977,0.04944831132888794,1607
825,10.000000000000002,unknown,False,PK,Major road,2,11,0.059147023,0.12849276,0.07765851,0.045482483,-0.15188302,0.0,0.09090909090909091,0.0,0.09090909090909091,0.16473858,0.049403224140405655,1608
951,9.999999999999998,unknown,False,PK,Major road,2,10,0.08353217,0.14347307,0.19272533,0.05114489,-0.38566238,0.0,0.1,0.0,0.1,0.40883216,0.04938152804970741,1609
555,9.999999999999986,N5,False,PK,Highway,1,10,0.055238504,0.06799457,0.05008964,0.048901714,-0.09450944,0.0,0.0,0.0,0.0,0.10625617,0.049369070678949356,1610
204,9.999999999999977,N55,False,PK,Highway,1,10,0.06211976,0.11641076,0.09698708,0.049431287,-0.1912678,0.0,0.0,0.0,0.0,0.20574068,0.04933919757604599,1611
582,9.999999999999986,unknown,False,PK,Major road,2,10,0.05583624,0.07848898,0.05496017,0.049158692,-0.105448104,0.0,0.0,0.0,0.0,0.11658812,0.04932640120387077,1612
370,9.999999999999998,N65,False,PK,Highway,1,10,0.058068346,0.11422641,0.071009964,0.048682626,-0.1382859,0.0,0.0,0.0,0.0,0.15063488,0.04932122677564621,1613
1269,9.999999999999979,unknown,False,PK,Major road,2,10,0.057154287,0.094006896,0.06530761,0.04805299,-0.12534323,0.0,0.0,0.0,0.0,0.13853836,0.049236226826906204,1614
466,9.999999999999948,N40,False,PK,Highway,1,10,0.12146994,0.2208027,0.28058785,0.046227053,-0.5488102,0.0,0.3,0.0,0.3,0.5952167,0.04916900396347046,1615
1281,10.000000000000002,unknown,False,PK,Major road,2,11,0.054991424,0.07552859,0.050688986,0.049150348,-0.095494896,0.0,0.0,0.0,0.0,0.10752758,0.049078330397605896,1616
1221,9.999999999999998,N5,False,PK,Highway,1,10,0.054721527,0.09039627,0.049248017,0.04948935,-0.09211324,0.0,0.0,0.0,0.0,0.10447082,0.04900472238659859,1617
359,9.999999999999995,N55,False,PK,Highway,1,10,0.0612579,0.11293426,0.09663747,0.048701998,-0.19081153,0.0,0.0,0.0,0.0,0.20499903,0.04870009049773216,1618
798,10.000000000000044,N55,False,PK,Highway,1,11,0.0961327,0.30518854,0.23271929,0.04090996,-0.46271467,0.0,0.18181818181818182,0.0,0.18181818181818182,0.49367216,0.04867466539144516,1619
1177,10.000000000000007,unknown,False,PK,Major road,2,11,0.055385806,0.08540799,0.05744623,0.047992263,-0.11049498,0.0,0.0,0.0,0.0,0.12186185,0.048636388033628464,1620
1132,10.000000000000007,unknown,False,PK,Major road,2,11,0.055759754,0.099195324,0.06141548,0.048876714,-0.11723074,0.0,0.0,0.0,0.0,0.13028191,0.04849526658654213,1621
859,9.999999999999996,unknown,False,PK,Major road,2,10,0.06653491,0.09358695,0.12898222,0.048433375,-0.25735766,0.0,0.0,0.0,0.0,0.2736126,0.048330117017030716,1622
1297,9.999999999999968,M2,False,PK,Highway,1,10,0.05546554,0.09254901,0.060706593,0.048090823,-0.11718263,0.0,0.0,0.0,0.0,0.12877813,0.04832279309630394,1623
1147,10.000000000000007,unknown,False,PK,Major road,2,11,0.0505841,0.106496386,0.022398522,0.047889527,-0.03979739,0.0,0.0,0.0,0.0,0.04751444,0.04818062484264374,1624
742,9.999999999999991,N55,False,PK,Highway,1,10,0.054709338,0.11293426,0.056599278,0.04746565,-0.109812245,0.0,0.0,0.0,0.0,0.1200652,0.04814064875245094,1625
1116,10.000000000000002,unknown,False,PK,Major road,2,11,0.058097277,0.13717619,0.08086922,0.047290266,-0.15940388,0.0,0.09090909090909091,0.0,0.09090909090909091,0.17154951,0.048130717128515244,1626
1137,10.000000000000009,unknown,False,PK,Major road,2,11,0.07825858,0.12244044,0.18160431,0.046866808,-0.36292464,0.0,0.0,0.0,0.0,0.3852409,0.048110175877809525,1627
656,10.0,N50,False,PK,Highway,1,11,0.071256846,0.1980943,0.15483716,0.04042931,-0.3090152,0.0,0.09090909090909091,0.0,0.09090909090909091,0.32845923,0.04785187542438507,1628
749,10.000000000000004,N55,False,PK,Highway,1,11,0.064058796,0.15284005,0.12002847,0.04423815,-0.23963994,0.0,0.09090909090909091,0.0,0.09090909090909091,0.25461885,0.04774821549654007,1629
893,10.000000000000002,unknown,False,PK,Major road,2,11,0.09698608,0.21132953,0.23950295,0.040693037,-0.47702616,0.0,0.2727272727272727,0.0,0.2727272727272727,0.5080625,0.0477110892534256,1630
181,10.000000000000002,N55,False,PK,Highway,1,11,0.060886685,0.14177494,0.10299242,0.04440638,-0.20471412,0.0,0.09090909090909091,0.0,0.09090909090909091,0.21847992,0.0475841648876667,1631
836,10.000000000000002,unknown,False,PK,Major road,2,11,0.09785151,0.1802848,0.24230771,0.050618313,-0.48170948,0.0,0.2727272727272727,0.0,0.2727272727272727,0.5140123,0.047554630786180496,1632
1750,9.99999999999998,315,False,CN,Major road,2,10,0.098635875,0.14231823,0.24449785,0.045482337,-0.48478127,0.0,0.3,0.0,0.3,0.5186583,0.047477561980485916,1633
730,10.000000000000012,unknown,False,PK,Major road,2,11,0.060178567,0.097034656,0.099680185,0.045555614,-0.19815046,0.0,0.0,0.0,0.0,0.2114536,0.047453589737415314,1634
1746,10.00000000000004,315,False,CN,Major road,2,11,0.11029938,0.17922679,0.2688783,0.044552796,-0.53036696,0.0,0.2727272727272727,0.0,0.2727272727272727,0.57037705,0.04738714545965195,1635
797,9.999999999999824,N55,False,PK,Highway,1,10,0.12615845,0.24965177,0.2946008,0.043505546,-0.57742393,0.0,0.4,0.0,0.4,0.6249427,0.047316644340753555,1636
184,10.00000000000001,N55,False,PK,Highway,1,11,0.05743523,0.143487,0.08449692,0.047057852,-0.16615106,0.0,0.09090909090909091,0.0,0.09090909090909091,0.17924504,0.047140248119831085,1637
389,9.999999999999975,N65,False,PK,Highway,1,10,0.1290609,0.21844439,0.2993698,0.041928362,-0.58528304,0.0,0.3,0.0,0.3,0.6350593,0.04709957167506218,1638
877,10.0,unknown,False,PK,Major road,2,11,0.058886565,0.13979636,0.094721295,0.04380081,-0.18807934,0.0,0.09090909090909091,0.0,0.09090909090909091,0.20093422,0.0470542386174202,1639
1759,10.000000000000028,315,False,CN,Major road,2,11,0.12080944,0.17856738,0.28802368,0.046008516,-0.5650152,0.0,0.36363636363636365,0.0,0.36363636363636365,0.61099046,0.04699602723121643,1640
753,10.000000000000002,N55,False,PK,Highway,1,11,0.052946344,0.071323454,0.05318552,0.04703674,-0.102737315,0.0,0.0,0.0,0.0,0.11282352,0.04697274789214134,1641
1075,10.0,unknown,False,PK,Major road,2,11,0.048590448,0.09845625,0.020947786,0.04640893,-0.033656728,0.0019713477,0.0,0.0,0.0,0.044436965,0.04692407324910164,1642
1285,10.000000000000009,unknown,False,PK,Major road,2,11,0.052929584,0.09668019,0.055207994,0.04692639,-0.10618562,0.0,0.0,0.0,0.0,0.11711384,0.04673079773783684,1643
815,10.000000000000012,unknown,False,PK,Major road,2,11,0.052629266,0.081627406,0.052842557,0.046823498,-0.10177159,0.0,0.0,0.0,0.0,0.11209599,0.046729736030101776,1644
1346,10.000000000000002,unknown,False,PK,Major road,2,11,0.04927063,0.09685873,0.027376236,0.046618585,-0.046772823,0.0010758374,0.0,0.0,0.0,0.058073767,0.04667825624346733,1645
121,9.99999999999993,N5,False,PK,Highway,1,10,0.053033173,0.09838861,0.056799702,0.0466712,-0.11048822,0.0,0.0,0.0,0.0,0.120490365,0.04664318636059761,1646
1201,10.000000000000025,unknown,False,PK,Major road,2,11,0.050714776,0.09767054,0.03880194,0.045242146,-0.07258909,0.0,0.0,0.0,0.0,0.08231134,0.04654037579894066,1647
1283,10.000000000000004,unknown,False,PK,Major road,2,11,0.053096797,0.08641543,0.058368407,0.045742355,-0.11262986,0.0,0.0,0.0,0.0,0.12381809,0.04652245342731476,1648
776,9.999999999999918,N55,False,PK,Highway,1,10,0.054814953,0.09378472,0.0713806,0.045848127,-0.14134583,0.0,0.0,0.0,0.0,0.15142111,0.04651481285691261,1649
589,2.5131467737709254,unknown,False,PK,Major road,2,4,0.04978309,0.06252407,0.030971088,0.046334095,-0.057719473,0.0,0.0,0.0,0.0,0.0656996,0.046512361615896225,1650
1767,10.000000000000043,315,False,CN,Major road,2,11,0.23281154,0.3863001,0.37726316,0.045407504,-0.68528485,0.0,0.9090909090909091,0.0,0.9090909090909091,0.800296,0.04649339243769646,1651
823,9.999999999999993,unknown,False,PK,Major road,2,10,0.061716396,0.12718318,0.116410494,0.04286739,-0.2331764,0.0,0.1,0.0,0.1,0.24694395,0.04647590592503548,1652
532,10.000000000000009,unknown,False,PK,Major road,2,11,0.050707474,0.08220622,0.04071261,0.045806006,-0.077155024,0.0,0.0,0.0,0.0,0.086364485,0.04632814973592758,1653
1095,9.999999999999993,N5,False,PK,Highway,1,10,0.05070088,0.081714734,0.04129085,0.04658175,-0.07731762,0.0,0.0,0.0,0.0,0.08759112,0.046259935945272446,1654
583,10.000000000000055,unknown,False,PK,Major road,2,11,0.061753724,0.10178497,0.11892142,0.043688938,-0.23783328,0.0,0.0,0.0,0.0,0.25227043,0.04617508500814438,1655
363,10.000000000000002,unknown,False,PK,Major road,2,11,0.05084362,0.080084026,0.04337537,0.045608558,-0.0830715,0.0,0.0,0.0,0.0,0.09201305,0.0461653433740139,1656
784,9.999999999999996,N55,False,PK,Highway,1,10,0.05885757,0.13816841,0.102826655,0.045876093,-0.20635195,0.0,0.1,0.0,0.1,0.21812828,0.046019069850444794,1657
761,9.999999999999957,N55,False,PK,Highway,1,10,0.053880114,0.088698186,0.07095556,0.04580797,-0.14026146,0.0,0.0,0.0,0.0,0.15051948,0.045770104974508286,1658
1156,10.000000000000007,unknown,False,PK,Major road,2,11,0.060299836,0.20135406,0.12457477,0.045912,-0.24352135,0.0055389185,0.09090909090909091,0.0,0.09090909090909091,0.264263,0.04574954882264137,1659
759,10.000000000000016,N55,False,PK,Highway,1,11,0.059255872,0.102646634,0.10816082,0.04500912,-0.21573786,0.0,0.0,0.0,0.0,0.22944376,0.04565998166799545,1660
779,10.0,N55,False,PK,Highway,1,11,0.053459525,0.11878602,0.07022371,0.045681372,-0.13863963,0.0,0.0,0.0,0.0,0.14896698,0.04549582302570343,1661
799,10.000000000000195,N55,False,PK,Highway,1,11,0.08547931,0.1751388,0.22098108,0.04072364,-0.44351438,0.0,0.09090909090909091,0.0,0.09090909090909091,0.46877164,0.04540903493762016,1662
654,8.900211948659654,N70,False,PK,Major road,2,10,0.05928474,0.0812291,0.11046616,0.044166513,-0.2218746,0.0,0.0,0.0,0.0,0.23433411,0.04539230093359947,1663
975,10.000000000000018,unknown,False,PK,Major road,2,11,0.16193509,0.33920467,0.33938825,0.04957935,-0.6537583,0.0,0.7272727272727273,0.0,0.7272727272727273,0.7199512,0.04534972459077835,1664
539,10.000000000000009,N5,False,PK,Highway,1,11,0.052458,0.0741974,0.06462209,0.044672545,-0.12737168,0.0,0.0,0.0,0.0,0.13708416,0.04526684060692787,1665
1280,9.999999999999982,unknown,False,PK,Major road,2,10,0.049654845,0.0853866,0.042253196,0.045394935,-0.08031291,0.0,0.0,0.0,0.0,0.08963256,0.04520415514707565,1666
186,10.000000000000002,N55,False,PK,Highway,1,11,0.052189805,0.09635756,0.06413825,0.045188345,-0.12673184,0.0,0.0,0.0,0.0,0.13605776,0.04508897662162781,1667
467,10.000000000000098,N40,False,PK,Highway,1,11,0.13872992,0.20015979,0.31829384,0.04112495,-0.6202266,0.0,0.45454545454545453,0.0,0.45454545454545453,0.6752032,0.04505903273820877,1668
834,9.999999999999998,unknown,False,PK,Major road,2,10,0.092599995,0.13480149,0.24236491,0.04567774,-0.48557433,0.0,0.1,0.0,0.1,0.51413363,0.04499122500419617,1669
1200,9.999999999999998,unknown,False,PK,Major road,2,10,0.048953727,0.108572625,0.0398181,0.044908036,-0.07634361,0.0,0.0,0.0,0.0,0.08446695,0.044818755239248276,1670
1747,9.999999999999993,315,False,CN,Major road,2,10,0.08514474,0.13724595,0.22344784,0.04268108,-0.4475011,0.0,0.1,0.0,0.1,0.47400445,0.0447857566177845,1671
574,9.99999999999996,unknown,False,PK,Major road,2,10,0.04860725,0.08275501,0.03748443,0.04456032,-0.0710641,0.0,0.0,0.0,0.0,0.079516485,0.044742170721292496,1672
1723,9.999999999999956,314,True,CN,Highway,1,10,0.21954341,0.39195883,0.3754777,0.0424797,-0.68656737,0.0,1.0,0.0,1.0,0.7965085,0.04467521980404854,1673
1202,9.999999999999996,unknown,False,PK,Major road,2,10,0.050137065,0.09767054,0.051736064,0.043216772,-0.10034498,0.0,0.0,0.0,0.0,0.109748766,0.044634584337472916,1674
354,9.999999999999991,unknown,False,PK,Major road,2,10,0.0629318,0.11539113,0.13712847,0.040142216,-0.2761342,0.0,0.0,0.0,0.0,0.2908934,0.04462535306811333,1675
1198,10.000000000000012,unknown,False,PK,Major road,2,11,0.048914697,0.1055074,0.042368826,0.044765744,-0.08014917,0.00018852543,0.0,0.0,0.0,0.08987785,0.04456548020243645,1676
1279,10.00000000000001,unknown,False,PK,Major road,2,11,0.051268246,0.09540442,0.06226099,0.04416118,-0.123328835,0.0,0.0,0.0,0.0,0.1320755,0.044496968388557434,1677
1247,9.999999999999995,unknown,False,PK,Major road,1,10,0.04938086,0.09653715,0.048761457,0.043615032,-0.094362006,0.0,0.0,0.0,0.0,0.10343867,0.04427297040820122,1678
1736,10.00000000000009,314,True,CN,Highway,1,11,0.2726252,0.37283492,0.39500427,0.04477315,-0.694614,0.0,1.0,0.0,1.0,0.8379306,0.04418419674038887,1679
1129,10.000000000000021,unknown,False,PK,Major road,2,11,0.047190357,0.095774345,0.03095715,0.04411959,-0.056940448,0.0,0.0,0.0,0.0,0.06567003,0.0440913662314415,1680
941,10.000000000000002,unknown,False,PK,Major road,2,11,0.10664077,0.16047709,0.2774963,0.041131545,-0.55892354,0.0,0.18181818181818182,0.0,0.18181818181818182,0.5886586,0.04386576637625694,1681
1208,10.000000000000004,unknown,False,PK,Major road,2,11,0.050180815,0.06963017,0.061949525,0.04350579,-0.1227781,0.0,0.0,0.0,0.0,0.13141479,0.04358631372451782,1682
355,10.00000000000001,unknown,False,PK,Major road,2,11,0.04991169,0.12565616,0.060887896,0.04272213,-0.12100952,0.0,0.0,0.0,0.0,0.12916273,0.04346495866775513,1683
1168,9.999999999999979,unknown,False,PK,Major road,2,10,0.049059212,0.08400994,0.054201014,0.043329958,-0.10647664,0.0,0.0,0.0,0.0,0.11497772,0.04341849684715271,1684
1378,10.000000000000014,unknown,False,PK,Major road,2,11,0.059250202,0.09921517,0.12613909,0.043657485,-0.25486636,0.0,0.0,0.0,0.0,0.2675814,0.04339595139026642,1685
520,10.0,unknown,False,PK,Major road,2,11,0.050243903,0.08683025,0.06550868,0.042649657,-0.1313302,0.0,0.0,0.0,0.0,0.13896489,0.04326176270842552,1686
1753,10.000000000000071,315,False,CN,Major road,2,11,0.11548459,0.19098309,0.2957691,0.040329635,-0.584474,0.0,0.2727272727272727,0.0,0.2727272727272727,0.627421,0.0430271290242672,1687
198,10.000000000000034,N55,False,PK,Highway,1,11,0.048648395,0.08147934,0.05635862,0.042561095,-0.11231646,0.0,0.0,0.0,0.0,0.11955469,0.04283225163817406,1688
940,10.000000000000009,unknown,False,PK,Major road,2,11,0.119583935,0.17365342,0.30267164,0.041514304,-0.6037864,0.0,0.18181818181818182,0.0,0.18181818181818182,0.6420635,0.042803455144166946,1689
1026,10.000000000000009,M1,False,PK,Highway,1,11,0.0607507,0.15111992,0.13967173,0.04237913,-0.2837058,0.0,0.09090909090909091,0.0,0.09090909090909091,0.2962885,0.04275096580386162,1690
581,10.000000000000025,unknown,False,PK,Major road,2,11,0.04589999,0.0855243,0.033179667,0.04189756,-0.06348923,0.0,0.0,0.0,0.0,0.0703847,0.04266933351755142,1691
1267,10.000000000000012,unknown,False,PK,Major road,2,11,0.047111057,0.07341793,0.045816902,0.042048264,-0.089984246,0.0,0.0,0.0,0.0,0.097192325,0.04253222420811653,1692
1264,9.999999999999998,unknown,False,PK,Major road,2,10,0.0534667,0.11316947,0.097154856,0.03997428,-0.1964062,0.0,0.0,0.0,0.0,0.20609657,0.042447395622730255,1693
188,10.00000000000002,N55,False,PK,Highway,1,11,0.05727221,0.117668375,0.12314436,0.042236038,-0.24965477,0.0,0.0,0.0,0.0,0.26122862,0.04231106862425804,1694
833,5.288627852416184,unknown,False,PK,Major road,2,7,0.06227801,0.09018054,0.15266013,0.038395375,-0.3100086,0.0,0.0,0.0,0.0,0.32384104,0.042109835892915726,1695
1766,9.999999999999952,315,False,CN,Major road,2,10,0.18543985,0.3878543,0.36439246,0.040259145,-0.6885619,0.0,1.0,0.0,1.0,0.77299315,0.04209611937403679,1696
881,10.0,unknown,False,PK,Major road,2,11,0.050423145,0.08699765,0.07936258,0.042059314,-0.16060106,0.0,0.0,0.0,0.0,0.16835345,0.041934236884117126,1697
566,10.000000000000012,N5,False,PK,Highway,1,11,0.045813225,0.06817766,0.040456712,0.04141523,-0.07930405,0.0,0.0,0.0,0.0,0.08582164,0.041881460696458817,1698
763,9.999999999999957,N55,False,PK,Highway,1,10,0.04836356,0.082843795,0.06391856,0.040591247,-0.12927374,0.0,0.0,0.0,0.0,0.13559175,0.04180585965514183,1699
373,10.00000000000002,N65,False,PK,Highway,1,11,0.046223782,0.10159514,0.045605507,0.041163992,-0.0907471,0.0,0.0,0.0,0.0,0.09674389,0.0417519137263298,1700
1305,9.999999999999998,M2,False,PK,Highway,1,10,0.04417419,0.075853504,0.02627787,0.0414119,-0.048611343,0.0,0.0,0.0,0.0,0.05574378,0.041711755096912384,1701
751,10.000000000000009,N55,False,PK,Highway,1,11,0.050245393,0.0895349,0.08072491,0.04011731,-0.16401313,0.0,0.0,0.0,0.0,0.1712434,0.041641198098659515,1702
1167,10.000000000000025,unknown,False,PK,Major road,2,11,0.04331188,0.058252208,0.019507043,0.041597817,-0.03569301,0.0,0.0,0.0,0.0,0.04138069,0.04151960462331772,1703
201,10.000000000000057,N55,False,PK,Highway,1,11,0.052195612,0.13592026,0.09671996,0.041502204,-0.19632602,0.0,0.09090909090909091,0.0,0.09090909090909091,0.20517401,0.04148642718791962,1704
1151,9.999999999999975,unknown,False,PK,Major road,2,10,0.046854075,0.08239517,0.054227985,0.041286025,-0.10818193,0.0,0.0,0.0,0.0,0.11503493,0.041464220732450485,1705
1272,9.999999999999995,M3,False,PK,Highway,1,10,0.04996615,0.065626726,0.08058597,0.041247196,-0.16328265,0.0,0.0,0.0,0.0,0.17094865,0.04142450541257858,1706
764,10.000000000000004,N55,False,PK,Highway,1,11,0.051261064,0.10539719,0.090515904,0.041786555,-0.18401703,0.0,0.0,0.0,0.0,0.19201323,0.04141825810074806,1707
536,1.1904359967756284,unknown,False,PK,Major road,2,3,0.043914005,0.0745721,0.027434776,0.041072566,-0.051575657,0.0,0.0,0.0,0.0,0.05819795,0.04135829955339432,1708
1265,10.0,unknown,False,PK,Major road,2,11,0.04619489,0.12349279,0.051580492,0.03951904,-0.10376322,0.0,0.0,0.0,0.0,0.10941875,0.04114030301570892,1709
1761,10.000000000000028,315,False,CN,Major road,2,11,0.17945184,0.38846025,0.36333844,0.03848285,-0.6896715,0.0,0.7272727272727273,0.0,0.7272727272727273,0.7707572,0.04113804176449776,1710
1370,10.00000000000002,unknown,False,PK,Major road,2,11,0.05457377,0.1185143,0.116536625,0.042920753,-0.23553914,0.0,0.0,0.0,0.0,0.24721152,0.04108250513672829,1711
1300,9.999999999999954,M2,False,PK,Highway,1,10,0.043559186,0.06078303,0.02773872,0.040934987,-0.054133136,0.0,0.0,0.0,0.0,0.05884271,0.040996044874191284,1712
796,9.99999999999999,N55,False,PK,Highway,1,10,0.18074499,0.3701711,0.36459166,0.04131388,-0.69521064,0.0,0.7,0.0,0.7,0.7734157,0.04095397889614105,1713
311,10.00000000000005,N85,False,PK,Major road,2,11,0.16463692,0.24339548,0.35414883,0.03899302,-0.6828169,0.0,1.0,0.0,1.0,0.75126314,0.04095127061009407,1714
388,9.99999999999999,N65,False,PK,Highway,1,10,0.1669473,0.31785494,0.3559924,0.03894348,-0.6821617,0.0,0.9,0.0,0.9,0.7551739,0.040873054414987564,1715
580,9.99999999999998,unknown,False,PK,Major road,2,10,0.045759153,0.07023081,0.050518274,0.040642824,-0.09945334,0.0,0.0,0.0,0.0,0.10716544,0.04085535183548927,1716
883,10.000000000000009,unknown,False,PK,Major road,2,11,0.051801573,0.09924845,0.1003247,0.0409945,-0.20398737,0.0,0.0,0.0,0.0,0.21282083,0.04077712073922157,1717
743,10.000000000000012,N55,False,PK,Highway,1,11,0.050486814,0.08963184,0.091262534,0.038916185,-0.18589588,0.0,0.0,0.0,0.0,0.19359706,0.040712714195251465,1718
1094,10.000000000000004,N5,False,PK,Highway,1,11,0.044562206,0.07741489,0.04125444,0.040985063,-0.081100866,0.0,0.0,0.0,0.0,0.08751388,0.04066239669919014,1719
1148,9.999999999999996,unknown,False,PK,Major road,2,10,0.044169508,0.06451995,0.039624345,0.040541258,-0.07910129,0.0,0.0,0.0,0.0,0.08405593,0.040456801652908325,1720
1743,9.999999999999961,315,False,CN,Major road,2,10,0.13457292,0.20288105,0.33018056,0.037205327,-0.6471535,0.0,0.5,0.0,0.5,0.7004187,0.04031553119421005,1721
767,10.000000000000004,N55,False,PK,Highway,1,11,0.04876482,0.1050022,0.08363771,0.039334342,-0.16993038,0.0,0.0,0.0,0.0,0.17742237,0.040112849324941635,1722
535,9.999999999999991,unknown,False,PK,Major road,2,10,0.04612174,0.09241945,0.061950315,0.039811745,-0.1251459,0.0,0.0,0.0,0.0,0.13141647,0.040060583502054214,1723
923,9.999999999999998,unknown,False,PK,Major road,2,10,0.106905326,0.14634912,0.2949065,0.038929354,-0.5893705,0.0,0.1,0.0,0.1,0.62559116,0.04002629965543747,1724
203,10.000000000000108,N55,False,PK,Highway,1,11,0.049305107,0.071671225,0.08905299,0.039760735,-0.18192118,0.0,0.0,0.0,0.0,0.18890992,0.03999088332056999,1725
1724,10.000000000000055,314,True,CN,Highway,1,11,0.18071106,0.41815048,0.3671451,0.03920878,-0.6963324,0.0,0.9090909090909091,0.0,0.9090909090909091,0.7788324,0.03996743634343147,1726
740,10.000000000000005,unknown,False,PK,Major road,2,11,0.04951348,0.13370587,0.091461994,0.040031835,-0.18528032,0.0,0.09090909090909091,0.0,0.09090909090909091,0.19402018,0.03990686684846878,1727
533,9.999999999999986,unknown,False,PK,Major road,2,10,0.043868788,0.06565072,0.04278947,0.040073693,-0.085657865,0.0,0.0,0.0,0.0,0.09077017,0.03988680988550186,1728
1186,10.000000000000004,unknown,False,PK,Major road,2,11,0.052434716,0.08478972,0.115032196,0.037055384,-0.23516728,0.0,0.0,0.0,0.0,0.24402013,0.03963959217071533,1729
768,10.000000000000016,N55,False,PK,Highway,1,11,0.05312477,0.13427623,0.12005821,0.03584938,-0.24554381,0.0,0.09090909090909091,0.0,0.09090909090909091,0.25468192,0.039594851434230804,1730
519,10.000000000000009,unknown,False,PK,Major road,2,11,0.044500023,0.064215526,0.05220339,0.039655432,-0.105743796,0.0,0.0,0.0,0.0,0.11074012,0.039572086185216904,1731
1375,9.999999999999979,unknown,False,PK,Major road,2,10,0.04549701,0.12734017,0.06550559,0.039335296,-0.13283259,0.0,0.1,0.0,0.1,0.13895833,0.039174821227788925,1732
926,10.0,unknown,False,PK,Major road,2,11,0.09674119,0.15585428,0.28083068,0.037372466,-0.5651933,0.0,0.09090909090909091,0.0,0.09090909090909091,0.59573185,0.03910938277840614,1733
786,10.000000000000009,N55,False,PK,Highway,1,11,0.04750302,0.084796816,0.08412529,0.038612574,-0.17258753,0.0,0.0,0.0,0.0,0.17845668,0.039025790989398956,1734
1768,10.000000000000068,315,False,CN,Major road,2,11,0.18991809,0.2799618,0.37453687,0.036800772,-0.7086708,0.0,0.9090909090909091,0.0,0.9090909090909091,0.7945127,0.03902575746178627,1735
1278,9.999999999999993,unknown,False,PK,Major road,2,10,0.044258554,0.11316947,0.055866886,0.038424578,-0.11359086,0.0,0.0,0.0,0.0,0.11851156,0.03901340439915657,1736
1304,10.000000000000039,M2,False,PK,Highway,1,11,0.043037128,0.06841395,0.04498489,0.03846767,-0.09052456,0.0,0.0,0.0,0.0,0.09542736,0.03893020749092102,1737
1162,10.000000000000005,unknown,False,PK,Major road,2,11,0.04208324,0.06694141,0.03588077,0.038691904,-0.07251405,0.0,0.0,0.0,0.0,0.07611461,0.03888009116053581,1738
752,10.0,N55,False,PK,Highway,1,11,0.049084436,0.07581377,0.1005286,0.038186114,-0.2068203,0.0,0.0,0.0,0.0,0.21325336,0.03861701488494873,1739
1266,9.99999999999999,unknown,False,PK,Major road,2,10,0.043529294,0.114294805,0.05543766,0.036764674,-0.11308201,0.0,0.0,0.0,0.0,0.11760104,0.03841020539402962,1740
191,9.999999999999904,N55,False,PK,Highway,1,10,0.04571306,0.08349077,0.077554114,0.038238496,-0.15966454,0.0,0.0,0.0,0.0,0.16451712,0.03819248080253601,1741
324,10.000000000000009,N5,False,PK,Highway,1,11,0.042908624,0.06798105,0.05367509,0.03783728,-0.110156804,0.0,0.0,0.0,0.0,0.11386206,0.0380229614675045,1742
780,10.000000000000018,N55,False,PK,Highway,1,11,0.048994843,0.0950489,0.107012995,0.037367586,-0.22006464,0.0,0.0,0.0,0.0,0.22700883,0.03787258267402649,1743
1187,9.999999999999993,unknown,False,PK,Major road,2,10,0.057883263,0.08778489,0.16337936,0.037139945,-0.334701,0.0,0.0,0.0,0.0,0.34657994,0.03782208636403084,1744
864,0.8710695857448693,unknown,False,PK,Major road,2,2,0.04237628,0.04929022,0.050701827,0.037886985,-0.10419978,0.0,0.0,0.0,0.0,0.107554816,0.037818506360054016,1745
1244,10.00000000000002,unknown,False,PK,Major road,1,11,0.04109987,0.12032656,0.037838947,0.03605682,-0.077691816,0.0,0.0,0.0,0.0,0.080268525,0.03780084475874901,1746
1739,10.00000000000002,314,True,CN,Highway,1,11,0.22663404,0.30894026,0.39304733,0.037588976,-0.72144616,0.0,1.0,0.0,1.0,0.8337793,0.037671275436878204,1747
1197,9.999999999999966,unknown,False,PK,Major road,2,10,0.039891534,0.0667378,0.026401052,0.03742338,-0.05229075,0.0,0.0,0.0,0.0,0.05600509,0.03765740245580673,1748
838,9.999999999999998,unknown,False,PK,Major road,2,10,0.04368537,0.0636617,0.06568913,0.037967138,-0.13470328,0.0,0.0,0.0,0.0,0.13934769,0.037597913295030594,1749
1303,9.999999999999977,M2,False,PK,Highway,1,10,0.04245753,0.06533417,0.055050027,0.03760322,-0.11211771,0.0,0.0,0.0,0.0,0.11677874,0.03749939054250717,1750
1760,9.999999999999975,315,False,CN,Major road,2,10,0.14553747,0.17411087,0.35071793,0.036323484,-0.68543255,0.0,0.9,0.0,0.9,0.74398506,0.03725976496934891,1751
781,9.999999999999986,N55,False,PK,Highway,1,10,0.043442618,0.087107815,0.072597876,0.037011337,-0.1501719,0.0,0.0,0.0,0.0,0.15400335,0.036752309650182724,1752
927,4.734510011179955,unknown,False,PK,Major road,2,7,0.10523415,0.16701475,0.3068377,0.036750335,-0.6185325,0.0,0.14285714285714285,0.0,0.14285714285714285,0.6509011,0.03673712909221649,1753
387,10.0,N65,False,PK,Highway,1,11,0.115865804,0.1673041,0.32305992,0.035726037,-0.6439653,0.0,0.36363636363636365,0.0,0.36363636363636365,0.6853136,0.036461394280195236,1754
880,9.999999999999984,unknown,False,PK,Major road,2,10,0.045390427,0.12594366,0.093980476,0.03573167,-0.19433531,0.0,0.0,0.0,0.0,0.1993627,0.03634126856923103,1755
1104,10.00000000000001,unknown,False,PK,Major road,2,11,0.040815298,0.07834464,0.05301137,0.035898432,-0.10928774,0.0,0.0,0.0,0.0,0.112454094,0.03622544929385185,1756
575,10.000000000000053,unknown,False,PK,Major road,2,11,0.039309524,0.05810903,0.037249938,0.036276557,-0.076214604,0.0,0.0,0.0,0.0,0.07901905,0.03620332106947899,1757
1106,9.999999999999991,unknown,False,PK,Major road,2,10,0.040440395,0.08127198,0.05088182,0.03596879,-0.10424004,0.0,0.0,0.0,0.0,0.10793664,0.036075394600629807,1758
1368,9.999999999999991,unknown,False,PK,Major road,2,10,0.04107194,0.069646396,0.05945484,0.03577175,-0.12287146,0.0,0.0,0.0,0.0,0.12612276,0.035891834646463394,1759
783,9.999999999999956,N55,False,PK,Highway,1,10,0.045626204,0.07182299,0.101156734,0.035565432,-0.21015961,0.0,0.0,0.0,0.0,0.21458584,0.03583546727895737,1760
822,9.999999999999991,unknown,False,PK,Major road,2,10,0.040842157,0.07303074,0.06273893,0.03432303,-0.13079575,0.0,0.0,0.0,0.0,0.13308938,0.03540650010108948,1761
1105,9.999999999999993,unknown,False,PK,Major road,2,10,0.037453152,0.07408651,0.02784441,0.03515494,-0.05699979,0.0,0.0,0.0,0.0,0.059066914,0.035240910947322845,1762
572,9.99999999999999,unknown,False,PK,Major road,2,10,0.036586173,0.05304681,0.018694537,0.035146248,-0.038742576,0.0,0.0,0.0,0.0,0.0396571,0.03513526916503906,1763
565,9.999999999999961,N5,False,PK,Highway,1,10,0.03606812,0.06696741,0.015357541,0.034931697,-0.030249069,0.00052635,0.0,0.0,0.0,0.032578263,0.03502466902136803,1764
839,10.000000000000016,unknown,False,PK,Major road,2,11,0.04421923,0.08988246,0.09970133,0.033166565,-0.20691477,0.0,0.0,0.0,0.0,0.21149845,0.03486693277955055,1765
568,9.999999999999947,N5,False,PK,Highway,1,10,0.0371226,0.053496122,0.029592257,0.034838695,-0.061814237,0.0,0.0,0.0,0.0,0.06277466,0.03479224070906639,1766
888,9.999999999999998,unknown,False,PK,Major road,2,10,0.04128223,0.07768712,0.075167105,0.03410453,-0.15690477,0.0,0.0,0.0,0.0,0.15945351,0.034699633717536926,1767
1301,10.000000000000025,M2,False,PK,Highway,1,11,0.037927605,0.07233903,0.040950406,0.034551237,-0.08499886,0.0,0.0,0.0,0.0,0.08686893,0.03463287279009819,1768
1347,10.000000000000005,unknown,False,PK,Major road,2,11,0.036054607,0.05120617,0.023708882,0.034250256,-0.049799953,0.0,0.0,0.0,0.0,0.050294135,0.034241270273923874,1769
792,10.000000000000057,N55,False,PK,Highway,1,11,0.15209745,0.27061543,0.3653064,0.031411216,-0.710511,0.0,0.5454545454545454,0.0,0.5454545454545454,0.7749319,0.034232281148433685,1770
1377,9.999999999999998,unknown,False,PK,Major road,2,10,0.04137128,0.0717846,0.08148084,0.034286186,-0.16976777,0.0,0.0,0.0,0.0,0.17284696,0.0342203788459301,1771
1127,10.000000000000002,unknown,False,PK,Major road,2,11,0.03826664,0.06855777,0.049908087,0.03423391,-0.10405712,0.0,0.0,0.0,0.0,0.10587104,0.03421531245112419,1772
1758,9.999999999999977,315,False,CN,Major road,2,10,0.19031453,0.30721894,0.38779226,0.032404803,-0.7350179,0.0,0.7,0.0,0.7,0.8226316,0.03375578299164772,1773
1072,10.000000000000018,unknown,False,PK,Major road,2,11,0.036600526,0.07371619,0.040696528,0.03344493,-0.085226364,0.0,0.0,0.0,0.0,0.08633037,0.03344079107046127,1774
802,10.000000000000027,N55,False,PK,Highway,1,11,0.14833452,0.2742233,0.36646956,0.02905258,-0.7164616,0.0,0.5454545454545454,0.0,0.5454545454545454,0.77739936,0.03301936015486717,1775
1273,10.000000000000004,M3,False,PK,Highway,1,11,0.0360763,0.06280914,0.043240238,0.0324611,-0.091380045,0.0,0.0,0.0,0.0,0.09172639,0.032767150551080704,1776
197,10.0,N55,False,PK,Highway,1,11,0.039844926,0.056366947,0.08422462,0.031950507,-0.17671591,0.0,0.0,0.0,0.0,0.1786674,0.03272593766450882,1777
882,9.999999999999993,unknown,False,PK,Major road,2,10,0.040982112,0.05641777,0.09593328,0.03228015,-0.20100601,0.0,0.0,0.0,0.0,0.20350522,0.03264204040169716,1778
1726,10.000000000000052,314,True,CN,Highway,1,11,0.14424933,0.28674507,0.36511964,0.031389162,-0.7140939,0.0,0.45454545454545453,0.0,0.45454545454545453,0.7745357,0.03252307325601578,1779
841,9.99999999999999,unknown,False,PK,Major road,2,10,0.041710615,0.086796835,0.104027525,0.03239495,-0.21736991,0.0,0.0,0.0,0.0,0.2206757,0.03250609710812569,1780
1107,10.0,unknown,False,PK,Major road,2,11,0.035435893,0.05872119,0.03980437,0.032195114,-0.08358627,0.0,0.0,0.0,0.0,0.08443782,0.03244376182556152,1781
1369,10.000000000000021,unknown,False,PK,Major road,2,11,0.036424942,0.06976729,0.052019175,0.032421995,-0.10911443,0.0,0.0,0.0,0.0,0.110349335,0.03240547329187393,1782
194,9.999999999999956,N55,False,PK,Highway,1,10,0.03797031,0.052295133,0.06949395,0.032197893,-0.14631037,0.0,0.0,0.0,0.0,0.14741893,0.032372765243053436,1783
195,10.000000000000032,N55,False,PK,Highway,1,11,0.03582063,0.043802984,0.04759961,0.032150496,-0.101197846,0.0,0.0,0.0,0.0,0.10097402,0.03220367804169655,1784
750,9.999999999999988,N55,False,PK,Highway,1,10,0.038179003,0.05226351,0.07598681,0.03188314,-0.15985112,0.0,0.0,0.0,0.0,0.16119237,0.03202483803033829,1785
1757,10.00000000000006,315,False,CN,Major road,2,11,0.22719043,0.4140305,0.40503463,0.03311827,-0.746492,0.0,1.0,0.0,1.0,0.8592082,0.0319865457713604,1786
1302,10.000000000000002,M2,False,PK,Highway,1,11,0.03452654,0.04660131,0.041902494,0.03132859,-0.0892969,0.0,0.0,0.0,0.0,0.088888615,0.03145752474665642,1787
1128,10.000000000000002,unknown,False,PK,Major road,2,11,0.035464678,0.047141526,0.06539342,0.030316858,-0.1386615,0.0,0.0,0.0,0.0,0.1387204,0.030545003712177277,1788
1727,10.00000000000001,314,True,CN,Highway,1,11,0.12088976,0.13998243,0.3568784,0.02927011,-0.711109,0.0,0.36363636363636365,0.0,0.36363636363636365,0.75705343,0.02936975285410881,1789
1371,10.000000000000032,unknown,False,PK,Major road,2,11,0.035957977,0.049583133,0.09119748,0.027938848,-0.19335413,0.0,0.0,0.0,0.0,0.19345908,0.02900157868862152,1790
837,9.0130235853096,unknown,False,PK,Major road,2,11,0.08619775,0.16701475,0.3150554,0.028184991,-0.6447598,0.0,0.09090909090909091,0.0,0.09090909090909091,0.6683334,0.0285889133810997,1791
840,9.999999999999982,unknown,False,PK,Major road,2,10,0.035719126,0.04379856,0.10599369,0.027084727,-0.22474983,0.0,0.0,0.0,0.0,0.22484657,0.02768780291080475,1792
1741,10.000000000000014,315,False,CN,Major road,2,11,0.20834316,0.2662845,0.40967014,0.027370391,-0.7694313,0.0,1.0,0.0,1.0,0.8690416,0.027284283190965652,1793
1728,9.999999999999996,314,True,CN,Highway,1,10,0.14726344,0.23377474,0.38574627,0.025874754,-0.7566577,0.0,0.5,0.0,0.5,0.8182914,0.026759028434753418,1794
801,10.000000000000199,N55,False,PK,Highway,1,11,0.12886633,0.22992186,0.38334846,0.023314763,-0.7639145,0.0,0.36363636363636365,0.0,0.36363636363636365,0.8132049,0.024071600288152695,1795
1742,10.000000000000018,315,False,CN,Major road,2,11,0.15448761,0.22774553,0.39951432,0.022336295,-0.782075,0.0,0.6363636363636364,0.0,0.6363636363636364,0.8474978,0.023559696972370148,1796
1754,9.99999999999997,315,False,CN,Major road,2,10,0.16003847,0.21743782,0.40209255,0.02292892,-0.78417706,0.0,0.8,0.0,0.8,0.8529671,0.023530922830104828,1797
1718,10.00000000000003,314,True,CN,Highway,1,11,0.14852524,0.21290666,0.3975282,0.02289198,-0.78205895,0.0,0.7272727272727273,0.0,0.7272727272727273,0.84328467,0.023276181891560555,1798
1756,10.00000000000002,315,False,CN,Major road,2,11,0.14740112,0.22304294,0.4111447,0.01868523,-0.8111196,0.0,0.6363636363636364,0.0,0.6363636363636364,0.8721696,0.018842343240976334,1799
1719,10.000000000000128,314,True,CN,Highway,1,11,0.11826739,0.19691175,0.39762303,0.018324552,-0.7993557,0.0,0.2727272727272727,0.0,0.2727272727272727,0.84348583,0.018510522320866585,1800
1755,9.999999999999996,315,False,CN,Major road,2,10,0.12490995,0.22085783,0.40798157,0.016117763,-0.8166993,0.0,0.4,0.0,0.4,0.8654596,0.016805432736873627,1801
1721,9.999999999999934,314,True,CN,Highway,1,10,0.13229299,0.2654882,0.4124524,0.016655056,-0.82196844,0.0,0.3,0.0,0.3,0.8749437,0.016544075682759285,1802
1720,9.999999999999947,314,True,CN,Highway,1,10,0.12058417,0.20299977,0.42273888,0.012471129,-0.85092163,0.0,0.3,0.0,0.3,0.8967646,0.012448557652533054,1803
