sample_id,inventory_id,label,hazard_type,spatial_block_1deg,spatial_fold_5,longitude,latitude,cpec_admin_transfer_domain,feature_set,feature_set_name,stacked_score,threshold,prediction
0,,0,non_landslide,63_26,1,63.45587073341117,26.23641864635537,Balochistan,conventional_alphaearth_embeddings_no_road_distance,Conventional + AlphaEarth Embeddings (road-distance ablation),0.8937976151933323,0.46324479531582,1
1,,0,non_landslide,63_26,1,63.044888766618215,26.609221789928725,Balochistan,conventional_alphaearth_embeddings_no_road_distance,Conventional + AlphaEarth Embeddings (road-distance ablation),0.30084710166058776,0.46324479531582,0
2,,0,non_landslide,63_26,1,63.72760835160816,26.263369453122408,Balochistan,conventional_alphaearth_embeddings_no_road_distance,Conventional + AlphaEarth Embeddings (road-distance ablation),0.28385374663043944,0.46324479531582,0
3,,0,non_landslide,63_26,1,63.875833329725744,26.76867478449889,Balochistan,conventional_alphaearth_embeddings_no_road_distance,Conventional + AlphaEarth Embeddings (road-distance ablation),0.06882580176770663,0.46324479531582,0
4,,0,non_landslide,63_26,1,63.30315544053276,26.24989404973889,Balochistan,conventional_alphaearth_embeddings_no_road_distance,Conventional + AlphaEarth Embeddings (road-distance ablation),0.09201165953055296,0.46324479531582,0
5,,0,non_landslide,63_26,1,63.67371119717515,26.301548276342007,Balochistan,conventional_alphaearth_embeddings_no_road_distance,Conventional + AlphaEarth Embeddings (road-distance ablation),0.23731911509635364,0.46324479531582,0
6,,0,non_landslide,63_26,1,63.87133855586387,26.19374950837496,Balochistan,conventional_alphaearth_embeddings_no_road_distance,Conventional + AlphaEarth Embeddings (road-distance ablation),0.07632172052294063,0.46324479531582,0
7,,0,non_landslide,63_26,1,63.71413294822464,26.050019304119232,Balochistan,conventional_alphaearth_embeddings_no_road_distance,Conventional + AlphaEarth Embeddings (road-distance ablation),0.24728138394710436,0.46324479531582,0
8,,0,non_landslide,63_26,1,63.5120152747751,26.05226669105017,Balochistan,conventional_alphaearth_embeddings_no_road_distance,Conventional + AlphaEarth Embeddings (road-distance ablation),0.7361981536840757,0.46324479531582,1
9,,0,non_landslide,63_26,1,63.646760390408126,26.98875817609277,Balochistan,conventional_alphaearth_embeddings_no_road_distance,Conventional + AlphaEarth Embeddings (road-distance ablation),0.22950134373485395,0.46324479531582,0
10,,0,non_landslide,63_26,1,63.16167262320796,26.19150658054507,Balochistan,conventional_alphaearth_embeddings_no_road_distance,Conventional + AlphaEarth Embeddings (road-distance ablation),0.1851503964242031,0.46324479531582,0
11,,0,non_landslide,63_26,1,63.27396170593584,26.139852353941954,Balochistan,conventional_alphaearth_embeddings_no_road_distance,Conventional + AlphaEarth Embeddings (road-distance ablation),0.4407341912490805,0.46324479531582,0
12,,0,non_landslide,63_26,1,63.19984698732652,26.717020557895776,Balochistan,conventional_alphaearth_embeddings_no_road_distance,Conventional + AlphaEarth Embeddings (road-distance ablation),0.09351044512921683,0.46324479531582,0
13,,0,non_landslide,63_26,1,63.19760405949663,26.13536203918113,Balochistan,conventional_alphaearth_embeddings_no_road_distance,Conventional + AlphaEarth Embeddings (road-distance ablation),0.56239040117799,0.46324479531582,1
14,,0,non_landslide,63_26,1,63.83091680481439,26.51489842534518,Balochistan,conventional_alphaearth_embeddings_no_road_distance,Conventional + AlphaEarth Embeddings (road-distance ablation),0.329367794778246,0.46324479531582,0
15,,0,non_landslide,63_26,1,63.61980958364111,26.35769281770595,Balochistan,conventional_alphaearth_embeddings_no_road_distance,Conventional + AlphaEarth Embeddings (road-distance ablation),0.16084455902817002,0.46324479531582,0
16,,0,non_landslide,63_26,1,63.1796383413523,26.67884173467617,Balochistan,conventional_alphaearth_embeddings_no_road_distance,Conventional + AlphaEarth Embeddings (road-distance ablation),0.09182554441741124,0.46324479531582,0
17,,0,non_landslide,63_26,1,63.50078279922147,26.47671960212558,Balochistan,conventional_alphaearth_embeddings_no_road_distance,Conventional + AlphaEarth Embeddings (road-distance ablation),0.5867108585060667,0.46324479531582,1
18,,0,non_landslide,63_26,1,63.698414617011245,26.7507046072535,Balochistan,conventional_alphaearth_embeddings_no_road_distance,Conventional + AlphaEarth Embeddings (road-distance ablation),0.1689291965468757,0.46324479531582,0
19,,0,non_landslide,63_26,1,63.761296860066935,26.485704690748268,Balochistan,conventional_alphaearth_embeddings_no_road_distance,Conventional + AlphaEarth Embeddings (road-distance ablation),0.08475938957994987,0.46324479531582,0
20,,0,non_landslide,63_26,1,63.17514356749042,26.63167782283388,Balochistan,conventional_alphaearth_embeddings_no_road_distance,Conventional + AlphaEarth Embeddings (road-distance ablation),0.07322862407963698,0.46324479531582,0
21,,0,non_landslide,63_26,1,63.71862772208652,26.227438016833734,Balochistan,conventional_alphaearth_embeddings_no_road_distance,Conventional + AlphaEarth Embeddings (road-distance ablation),0.16397413622623644,0.46324479531582,0
22,,0,non_landslide,63_26,1,63.90053674956183,26.512651038414244,Balochistan,conventional_alphaearth_embeddings_no_road_distance,Conventional + AlphaEarth Embeddings (road-distance ablation),0.08868518146926029,0.46324479531582,0
23,,0,non_landslide,64_28,1,64.60795975438786,28.244155650275705,Balochistan,conventional_alphaearth_embeddings_no_road_distance,Conventional + AlphaEarth Embeddings (road-distance ablation),0.0651436579441527,0.46324479531582,0
24,,0,non_landslide,64_28,1,64.91563326797457,28.71127769933154,Balochistan,conventional_alphaearth_embeddings_no_road_distance,Conventional + AlphaEarth Embeddings (road-distance ablation),0.32643936182741623,0.46324479531582,0
25,,0,non_landslide,64_28,1,64.67757969913532,28.30479050640046,Balochistan,conventional_alphaearth_embeddings_no_road_distance,Conventional + AlphaEarth Embeddings (road-distance ablation),0.050249052071049405,0.46324479531582,0
26,,0,non_landslide,64_28,1,64.04426695381756,28.06449400973132,Balochistan,conventional_alphaearth_embeddings_no_road_distance,Conventional + AlphaEarth Embeddings (road-distance ablation),0.05474676665839343,0.46324479531582,0
27,,0,non_landslide,64_28,1,64.7180014501848,28.055508921108625,Balochistan,conventional_alphaearth_embeddings_no_road_distance,Conventional + AlphaEarth Embeddings (road-distance ablation),0.060707011194895924,0.46324479531582,0
28,,0,non_landslide,64_28,1,64.04875726857837,28.062246622800384,Balochistan,conventional_alphaearth_embeddings_no_road_distance,Conventional + AlphaEarth Embeddings (road-distance ablation),0.05741669637342959,0.46324479531582,0
29,,0,non_landslide,64_28,1,64.96953042240757,28.72251017488517,Balochistan,conventional_alphaearth_embeddings_no_road_distance,Conventional + AlphaEarth Embeddings (road-distance ablation),0.11734338827671834,0.46324479531582,0
30,,0,non_landslide,64_28,1,64.53609242270947,28.74945652255114,Balochistan,conventional_alphaearth_embeddings_no_road_distance,Conventional + AlphaEarth Embeddings (road-distance ablation),0.08252662487408574,0.46324479531582,0
31,,0,non_landslide,64_28,1,64.1161298263949,28.45301548451805,Balochistan,conventional_alphaearth_embeddings_no_road_distance,Conventional + AlphaEarth Embeddings (road-distance ablation),0.7892291107727648,0.46324479531582,1
32,,0,non_landslide,64_28,1,64.19248747283412,28.666365633521227,Balochistan,conventional_alphaearth_embeddings_no_road_distance,Conventional + AlphaEarth Embeddings (road-distance ablation),0.2626486778682673,0.46324479531582,0
33,,0,non_landslide,64_28,1,64.90440079242094,28.149832285692163,Balochistan,conventional_alphaearth_embeddings_no_road_distance,Conventional + AlphaEarth Embeddings (road-distance ablation),0.06481516628267901,0.46324479531582,0
34,,0,non_landslide,64_28,1,64.05773789810002,28.41932697605928,Balochistan,conventional_alphaearth_embeddings_no_road_distance,Conventional + AlphaEarth Embeddings (road-distance ablation),0.2080247392066359,0.46324479531582,0
35,,0,non_landslide,64_28,1,64.35867370999497,28.97403468800688,Balochistan,conventional_alphaearth_embeddings_no_road_distance,Conventional + AlphaEarth Embeddings (road-distance ablation),0.09861949059589083,0.46324479531582,0
36,,0,non_landslide,64_28,1,64.92910421225703,28.58551321322015,Balochistan,conventional_alphaearth_embeddings_no_road_distance,Conventional + AlphaEarth Embeddings (road-distance ablation),0.21888885160188623,0.46324479531582,0
37,,0,non_landslide,64_28,1,64.10939212470313,28.22394254520044,Balochistan,conventional_alphaearth_embeddings_no_road_distance,Conventional + AlphaEarth Embeddings (road-distance ablation),0.05289575878148473,0.46324479531582,0
38,,0,non_landslide,64_28,1,64.385624516762,28.059999235869444,Balochistan,conventional_alphaearth_embeddings_no_road_distance,Conventional + AlphaEarth Embeddings (road-distance ablation),0.055868368041230576,0.46324479531582,0
39,,0,non_landslide,64_28,1,64.79884941138485,28.73598111916763,Balochistan,conventional_alphaearth_embeddings_no_road_distance,Conventional + AlphaEarth Embeddings (road-distance ablation),0.37922102843771327,0.46324479531582,0
40,,0,non_landslide,66_27,1,66.43603065866274,27.76355819783636,Balochistan,conventional_alphaearth_embeddings_no_road_distance,Conventional + AlphaEarth Embeddings (road-distance ablation),0.06786006470281311,0.46324479531582,0
41,,0,non_landslide,66_27,1,66.12386683031522,27.774786214288937,Balochistan,conventional_alphaearth_embeddings_no_road_distance,Conventional + AlphaEarth Embeddings (road-distance ablation),0.230875569840239,0.46324479531582,0
42,,0,non_landslide,66_27,1,66.24289361473485,27.561436065285765,Balochistan,conventional_alphaearth_embeddings_no_road_distance,Conventional + AlphaEarth Embeddings (road-distance ablation),0.9049058384424027,0.46324479531582,1
43,,0,non_landslide,66_27,1,66.48543749833493,27.92974443499724,Balochistan,conventional_alphaearth_embeddings_no_road_distance,Conventional + AlphaEarth Embeddings (road-distance ablation),0.14913905732023922,0.46324479531582,0
44,,0,non_landslide,66_27,1,66.7369664705577,27.172914590499023,Balochistan,conventional_alphaearth_embeddings_no_road_distance,Conventional + AlphaEarth Embeddings (road-distance ablation),0.43442227753201995,0.46324479531582,0
45,,0,non_landslide,66_27,1,66.0497521117059,27.89156561177764,Balochistan,conventional_alphaearth_embeddings_no_road_distance,Conventional + AlphaEarth Embeddings (road-distance ablation),0.7993938273088907,0.46324479531582,1
46,,0,non_landslide,66_27,1,66.55730037091226,27.50978183868265,Balochistan,conventional_alphaearth_embeddings_no_road_distance,Conventional + AlphaEarth Embeddings (road-distance ablation),0.288887760982478,0.46324479531582,0
47,,0,non_landslide,66_27,1,66.84925555328557,27.947710153141564,Balochistan,conventional_alphaearth_embeddings_no_road_distance,Conventional + AlphaEarth Embeddings (road-distance ablation),0.8494609934141371,0.46324479531582,1
48,,0,non_landslide,66_27,1,66.08119323323375,27.597367501574432,Balochistan,conventional_alphaearth_embeddings_no_road_distance,Conventional + AlphaEarth Embeddings (road-distance ablation),0.9099638765381989,0.46324479531582,1
49,,0,non_landslide,66_27,1,66.78637331022989,27.50080120916101,Balochistan,conventional_alphaearth_embeddings_no_road_distance,Conventional + AlphaEarth Embeddings (road-distance ablation),0.979261835438429,0.46324479531582,1
50,,0,non_landslide,66_27,1,66.44950606204627,27.334610512899083,Balochistan,conventional_alphaearth_embeddings_no_road_distance,Conventional + AlphaEarth Embeddings (road-distance ablation),0.07683414188897064,0.46324479531582,0
51,,0,non_landslide,66_27,1,66.67857454226284,27.925254120236417,Balochistan,conventional_alphaearth_embeddings_no_road_distance,Conventional + AlphaEarth Embeddings (road-distance ablation),0.5572432054837576,0.46324479531582,1
52,,0,non_landslide,66_27,1,66.93908414400725,27.69393825308892,Balochistan,conventional_alphaearth_embeddings_no_road_distance,Conventional + AlphaEarth Embeddings (road-distance ablation),0.9043795910191842,0.46324479531582,1
53,,0,non_landslide,66_27,1,66.68306485702365,27.47160301546305,Balochistan,conventional_alphaearth_embeddings_no_road_distance,Conventional + AlphaEarth Embeddings (road-distance ablation),0.16315104534526076,0.46324479531582,0
54,,0,non_landslide,66_27,1,66.34170729407921,27.76355819783636,Balochistan,conventional_alphaearth_embeddings_no_road_distance,Conventional + AlphaEarth Embeddings (road-distance ablation),0.39066177024901166,0.46324479531582,0
55,,0,non_landslide,66_27,1,66.89417207819695,27.101047258820643,Balochistan,conventional_alphaearth_embeddings_no_road_distance,Conventional + AlphaEarth Embeddings (road-distance ablation),0.22333391869979094,0.46324479531582,0
56,,0,non_landslide,66_27,1,66.33721697931838,27.058378120840217,Balochistan,conventional_alphaearth_embeddings_no_road_distance,Conventional + AlphaEarth Embeddings (road-distance ablation),0.6049292077721696,0.46324479531582,1
57,,0,non_landslide,66_27,1,66.62467738782983,27.09880433099075,Balochistan,conventional_alphaearth_embeddings_no_road_distance,Conventional + AlphaEarth Embeddings (road-distance ablation),0.9270490535943563,0.46324479531582,1
58,,0,non_landslide,66_27,1,66.64264310597416,27.28745106015784,Balochistan,conventional_alphaearth_embeddings_no_road_distance,Conventional + AlphaEarth Embeddings (road-distance ablation),0.22940558444096956,0.46324479531582,0
59,,0,non_landslide,66_27,1,66.9929857575413,27.6422840264858,Balochistan,conventional_alphaearth_embeddings_no_road_distance,Conventional + AlphaEarth Embeddings (road-distance ablation),0.9317063006211213,0.46324479531582,1
60,,0,non_landslide,67_24,1,67.36129412725278,24.99674396248689,Punjab-Sindh lowland corridor,conventional_alphaearth_embeddings_no_road_distance,Conventional + AlphaEarth Embeddings (road-distance ablation),0.29119204370683127,0.46324479531582,0
61,,0,non_landslide,67_24,1,67.54769346948892,24.145590753405138,Punjab-Sindh lowland corridor,conventional_alphaearth_embeddings_no_road_distance,Conventional + AlphaEarth Embeddings (road-distance ablation),0.06066874412425107,0.46324479531582,0
62,,0,non_landslide,67_24,1,67.5813819779477,24.94284680805389,Punjab-Sindh lowland corridor,conventional_alphaearth_embeddings_no_road_distance,Conventional + AlphaEarth Embeddings (road-distance ablation),0.32086466009499576,0.46324479531582,0
63,,0,non_landslide,67_24,1,67.92273954089214,24.996743962486885,Punjab-Sindh lowland corridor,conventional_alphaearth_embeddings_no_road_distance,Conventional + AlphaEarth Embeddings (road-distance ablation),0.13357654348656592,0.46324479531582,0
64,,0,non_landslide,67_24,1,67.05137768583617,24.81932970887344,Punjab-Sindh lowland corridor,conventional_alphaearth_embeddings_no_road_distance,Conventional + AlphaEarth Embeddings (road-distance ablation),0.47239914988698645,0.46324479531582,1
65,,0,non_landslide,67_24,1,67.63977390624257,24.4689870573063,Punjab-Sindh lowland corridor,conventional_alphaearth_embeddings_no_road_distance,Conventional + AlphaEarth Embeddings (road-distance ablation),0.052835549846963,0.46324479531582,0
66,,0,non_landslide,67_24,1,67.9519377345901,24.72724927211978,Punjab-Sindh lowland corridor,conventional_alphaearth_embeddings_no_road_distance,Conventional + AlphaEarth Embeddings (road-distance ablation),0.056981991230724,0.46324479531582,0
67,,0,non_landslide,67_24,1,67.97215083966537,24.666614415995024,Punjab-Sindh lowland corridor,conventional_alphaearth_embeddings_no_road_distance,Conventional + AlphaEarth Embeddings (road-distance ablation),0.07455431639811048,0.46324479531582,0
68,,0,non_landslide,67_29,1,67.40621065216413,29.08857115766569,Balochistan,conventional_alphaearth_embeddings_no_road_distance,Conventional + AlphaEarth Embeddings (road-distance ablation),0.9085549196836993,0.46324479531582,1
69,,0,non_landslide,67_29,1,67.19286050316096,29.407472687704978,Balochistan,conventional_alphaearth_embeddings_no_road_distance,Conventional + AlphaEarth Embeddings (road-distance ablation),0.26022514249138945,0.46324479531582,0
70,,0,non_landslide,67_29,1,67.13222564703621,29.360313234963748,Balochistan,conventional_alphaearth_embeddings_no_road_distance,Conventional + AlphaEarth Embeddings (road-distance ablation),0.7266588232866904,0.46324479531582,1
71,,0,non_landslide,67_29,1,67.17489478501662,29.97566026213717,Balochistan,conventional_alphaearth_embeddings_no_road_distance,Conventional + AlphaEarth Embeddings (road-distance ablation),0.9134082303909209,0.46324479531582,1
72,,0,non_landslide,67_29,1,67.77900933663642,29.322134411744138,Balochistan,conventional_alphaearth_embeddings_no_road_distance,Conventional + AlphaEarth Embeddings (road-distance ablation),0.09111410612006966,0.46324479531582,0
73,,0,non_landslide,67_29,1,67.05811092842688,29.11327457750179,Balochistan,conventional_alphaearth_embeddings_no_road_distance,Conventional + AlphaEarth Embeddings (road-distance ablation),0.25375446044427885,0.46324479531582,0
74,,0,non_landslide,67_29,1,67.52299004965282,29.8319255987804,Balochistan,conventional_alphaearth_embeddings_no_road_distance,Conventional + AlphaEarth Embeddings (road-distance ablation),0.8621158571177497,0.46324479531582,1
75,,0,non_landslide,67_29,1,67.7835041104983,29.7241312899144,Balochistan,conventional_alphaearth_embeddings_no_road_distance,Conventional + AlphaEarth Embeddings (road-distance ablation),0.51237822201368,0.46324479531582,1
76,,0,non_landslide,67_29,1,67.2871838677445,29.214335643777083,Balochistan,conventional_alphaearth_embeddings_no_road_distance,Conventional + AlphaEarth Embeddings (road-distance ablation),0.7169552267349163,0.46324479531582,1
77,,0,non_landslide,67_29,1,67.03340750859078,29.126749980885293,Balochistan,conventional_alphaearth_embeddings_no_road_distance,Conventional + AlphaEarth Embeddings (road-distance ablation),0.10700070334176613,0.46324479531582,0
78,,0,non_landslide,67_29,1,67.14794397824961,29.79375123466184,Balochistan,conventional_alphaearth_embeddings_no_road_distance,Conventional + AlphaEarth Embeddings (road-distance ablation),0.10834740034424072,0.46324479531582,0
79,,0,non_landslide,67_29,1,67.02442687906915,29.01895121291825,Balochistan,conventional_alphaearth_embeddings_no_road_distance,Conventional + AlphaEarth Embeddings (road-distance ablation),0.3827524639855101,0.46324479531582,0
80,,0,non_landslide,67_29,1,67.10302745333824,29.55569766582257,Balochistan,conventional_alphaearth_embeddings_no_road_distance,Conventional + AlphaEarth Embeddings (road-distance ablation),0.8520175139211,0.46324479531582,1
81,,0,non_landslide,67_29,1,67.43765177369198,29.398492058183344,Balochistan,conventional_alphaearth_embeddings_no_road_distance,Conventional + AlphaEarth Embeddings (road-distance ablation),0.6914449084452607,0.46324479531582,1
82,,0,non_landslide,67_29,1,67.42866668506929,29.97566026213717,Balochistan,conventional_alphaearth_embeddings_no_road_distance,Conventional + AlphaEarth Embeddings (road-distance ablation),0.2337794178126029,0.46324479531582,0
83,,0,non_landslide,67_29,1,67.12997826010526,29.34459044464929,Balochistan,conventional_alphaearth_embeddings_no_road_distance,Conventional + AlphaEarth Embeddings (road-distance ablation),0.43166026047141365,0.46324479531582,0
84,,0,non_landslide,67_29,1,67.05811092842688,29.79375123466184,Balochistan,conventional_alphaearth_embeddings_no_road_distance,Conventional + AlphaEarth Embeddings (road-distance ablation),0.4020264537032102,0.46324479531582,0
85,,0,non_landslide,67_29,1,67.8665949995282,29.98688827858976,Balochistan,conventional_alphaearth_embeddings_no_road_distance,Conventional + AlphaEarth Embeddings (road-distance ablation),0.15651867315764018,0.46324479531582,0
86,,0,non_landslide,68_26,1,68.38761866211809,26.31727106665646,Punjab-Sindh lowland corridor,conventional_alphaearth_embeddings_no_road_distance,Conventional + AlphaEarth Embeddings (road-distance ablation),0.05320874804951035,0.46324479531582,0
87,,0,non_landslide,68_26,1,68.87944859011107,26.59574638654521,Punjab-Sindh lowland corridor,conventional_alphaearth_embeddings_no_road_distance,Conventional + AlphaEarth Embeddings (road-distance ablation),0.05559018993105763,0.46324479531582,0
88,,0,non_landslide,68_26,1,68.62791961788828,26.72824857434836,Punjab-Sindh lowland corridor,conventional_alphaearth_embeddings_no_road_distance,Conventional + AlphaEarth Embeddings (road-distance ablation),0.07358582281792167,0.46324479531582,0
89,,0,non_landslide,68_26,1,68.52910593854392,26.734986276040104,Punjab-Sindh lowland corridor,conventional_alphaearth_embeddings_no_road_distance,Conventional + AlphaEarth Embeddings (road-distance ablation),0.0628850777447592,0.46324479531582,0
90,,0,non_landslide,68_26,1,68.28206728108196,26.66087601653184,Punjab-Sindh lowland corridor,conventional_alphaearth_embeddings_no_road_distance,Conventional + AlphaEarth Embeddings (road-distance ablation),0.053373377956009306,0.46324479531582,0
91,,0,non_landslide,68_26,1,68.6166916014357,26.777655414020533,Punjab-Sindh lowland corridor,conventional_alphaearth_embeddings_no_road_distance,Conventional + AlphaEarth Embeddings (road-distance ablation),0.05769777513578218,0.46324479531582,0
92,,0,non_landslide,68_26,1,68.65487042465531,26.0949358290306,Punjab-Sindh lowland corridor,conventional_alphaearth_embeddings_no_road_distance,Conventional + AlphaEarth Embeddings (road-distance ablation),0.053077504614864435,0.46324479531582,0
93,,0,non_landslide,68_26,1,68.50664544653772,26.39138132616473,Punjab-Sindh lowland corridor,conventional_alphaearth_embeddings_no_road_distance,Conventional + AlphaEarth Embeddings (road-distance ablation),0.06395634050864303,0.46324479531582,0
94,,0,non_landslide,68_26,1,68.69753956263574,26.45875388398124,Punjab-Sindh lowland corridor,conventional_alphaearth_embeddings_no_road_distance,Conventional + AlphaEarth Embeddings (road-distance ablation),0.057136978574549024,0.46324479531582,0
95,,0,non_landslide,68_26,1,68.7334709989244,26.883206795056648,Punjab-Sindh lowland corridor,conventional_alphaearth_embeddings_no_road_distance,Conventional + AlphaEarth Embeddings (road-distance ablation),0.05774008826859451,0.46324479531582,0
96,,0,non_landslide,68_26,1,68.0148199776458,26.667613718223595,Punjab-Sindh lowland corridor,conventional_alphaearth_embeddings_no_road_distance,Conventional + AlphaEarth Embeddings (road-distance ablation),0.053943112440031936,0.46324479531582,0
97,,0,non_landslide,68_26,1,68.73122361199347,26.124129563627505,Punjab-Sindh lowland corridor,conventional_alphaearth_embeddings_no_road_distance,Conventional + AlphaEarth Embeddings (road-distance ablation),0.054938606301074805,0.46324479531582,0
98,,0,non_landslide,69_28,1,69.74856751733715,28.286824788256123,Punjab-Sindh lowland corridor,conventional_alphaearth_embeddings_no_road_distance,Conventional + AlphaEarth Embeddings (road-distance ablation),0.05138778111921212,0.46324479531582,0
99,,0,non_landslide,69_28,1,69.99784910262898,28.814586152537768,Punjab-Sindh lowland corridor,conventional_alphaearth_embeddings_no_road_distance,Conventional + AlphaEarth Embeddings (road-distance ablation),0.05427123235166175,0.46324479531582,0
100,,0,non_landslide,69_28,1,69.10851707032764,28.97403468800688,Balochistan,conventional_alphaearth_embeddings_no_road_distance,Conventional + AlphaEarth Embeddings (road-distance ablation),0.7996834007033907,0.46324479531582,1
101,,0,non_landslide,69_28,1,69.52174196495046,28.06898432449214,Punjab-Sindh lowland corridor,conventional_alphaearth_embeddings_no_road_distance,Conventional + AlphaEarth Embeddings (road-distance ablation),0.05650837543948898,0.46324479531582,0
102,,0,non_landslide,69_28,1,69.6407687493701,28.298052804708707,Punjab-Sindh lowland corridor,conventional_alphaearth_embeddings_no_road_distance,Conventional + AlphaEarth Embeddings (road-distance ablation),0.05338790515372817,0.46324479531582,0
103,,0,non_landslide,69_28,1,69.02317879436679,28.10716314771174,Punjab-Sindh lowland corridor,conventional_alphaearth_embeddings_no_road_distance,Conventional + AlphaEarth Embeddings (road-distance ablation),0.055404567384072394,0.46324479531582,0
104,,0,non_landslide,69_28,1,69.02317879436679,28.003854694505502,Punjab-Sindh lowland corridor,conventional_alphaearth_embeddings_no_road_distance,Conventional + AlphaEarth Embeddings (road-distance ablation),0.054982960494239175,0.46324479531582,0
105,,0,non_landslide,69_28,1,69.21856322522562,28.38114815283967,Punjab-Sindh lowland corridor,conventional_alphaearth_embeddings_no_road_distance,Conventional + AlphaEarth Embeddings (road-distance ablation),0.052453014271597646,0.46324479531582,0
106,,0,non_landslide,69_28,1,69.08606103742248,28.33623162792831,Punjab-Sindh lowland corridor,conventional_alphaearth_embeddings_no_road_distance,Conventional + AlphaEarth Embeddings (road-distance ablation),0.05197505985396996,0.46324479531582,0
107,,0,non_landslide,69_28,1,69.56665848986182,28.048771219416867,Punjab-Sindh lowland corridor,conventional_alphaearth_embeddings_no_road_distance,Conventional + AlphaEarth Embeddings (road-distance ablation),0.051862877824286335,0.46324479531582,0
108,,0,non_landslide,69_28,1,69.59360929662884,28.87297808083264,Punjab-Sindh lowland corridor,conventional_alphaearth_embeddings_no_road_distance,Conventional + AlphaEarth Embeddings (road-distance ablation),0.11060833814840382,0.46324479531582,0
109,,0,non_landslide,70_30,1,70.3055226162157,30.204728742353737,Punjab-Sindh lowland corridor,conventional_alphaearth_embeddings_no_road_distance,Conventional + AlphaEarth Embeddings (road-distance ablation),0.8132841744640561,0.46324479531582,1
110,,0,non_landslide,70_30,1,70.47620362723845,30.15083158792074,Punjab-Sindh lowland corridor,conventional_alphaearth_embeddings_no_road_distance,Conventional + AlphaEarth Embeddings (road-distance ablation),0.06003980281424442,0.46324479531582,0
111,,0,non_landslide,70_30,1,70.96353878136954,30.029557416570167,Punjab-Sindh lowland corridor,conventional_alphaearth_embeddings_no_road_distance,Conventional + AlphaEarth Embeddings (road-distance ablation),0.050591060968987696,0.46324479531582,0
112,,0,non_landslide,70_30,1,70.22692204194661,30.701048985107533,Punjab-Sindh lowland corridor,conventional_alphaearth_embeddings_no_road_distance,Conventional + AlphaEarth Embeddings (road-distance ablation),0.7121865137312509,0.46324479531582,1
113,,0,non_landslide,70_30,1,70.54132879812401,30.370914979514605,Punjab-Sindh lowland corridor,conventional_alphaearth_embeddings_no_road_distance,Conventional + AlphaEarth Embeddings (road-distance ablation),0.722527513396687,0.46324479531582,1
114,,0,non_landslide,70_30,1,70.5592989753694,30.57079418423532,Punjab-Sindh lowland corridor,conventional_alphaearth_embeddings_no_road_distance,Conventional + AlphaEarth Embeddings (road-distance ablation),0.05932974040786049,0.46324479531582,0
115,,0,non_landslide,70_30,1,70.56154190319928,30.108157990839256,Punjab-Sindh lowland corridor,conventional_alphaearth_embeddings_no_road_distance,Conventional + AlphaEarth Embeddings (road-distance ablation),0.050710997851351,0.46324479531582,0
116,,0,non_landslide,70_30,1,70.49416934538277,30.1867630242094,Punjab-Sindh lowland corridor,conventional_alphaearth_embeddings_no_road_distance,Conventional + AlphaEarth Embeddings (road-distance ablation),0.0814039529373215,0.46324479531582,0
117,,0,non_landslide,70_30,1,70.13484160519295,30.72350501801268,Punjab-Sindh lowland corridor,conventional_alphaearth_embeddings_no_road_distance,Conventional + AlphaEarth Embeddings (road-distance ablation),0.10312453862542156,0.46324479531582,0
118,,0,non_landslide,70_30,1,70.37963287572397,30.027310029639235,Punjab-Sindh lowland corridor,conventional_alphaearth_embeddings_no_road_distance,Conventional + AlphaEarth Embeddings (road-distance ablation),0.05970134969033291,0.46324479531582,0
119,,0,non_landslide,70_30,1,70.53234816860238,30.489941763934244,Punjab-Sindh lowland corridor,conventional_alphaearth_embeddings_no_road_distance,Conventional + AlphaEarth Embeddings (road-distance ablation),0.6609654463094868,0.46324479531582,1
120,,0,non_landslide,70_30,1,70.07195936213725,30.61795363697656,Balochistan,conventional_alphaearth_embeddings_no_road_distance,Conventional + AlphaEarth Embeddings (road-distance ablation),0.8933203788475548,0.46324479531582,1
121,,0,non_landslide,70_30,1,70.8782005054087,30.516892570701263,Punjab-Sindh lowland corridor,conventional_alphaearth_embeddings_no_road_distance,Conventional + AlphaEarth Embeddings (road-distance ablation),0.06366623397818756,0.46324479531582,0
122,,0,non_landslide,70_30,1,70.5368384833632,30.64040966988172,Punjab-Sindh lowland corridor,conventional_alphaearth_embeddings_no_road_distance,Conventional + AlphaEarth Embeddings (road-distance ablation),0.9679060288849552,0.46324479531582,1
123,,0,non_landslide,70_30,1,70.07869706382901,30.17328762082589,Punjab-Sindh lowland corridor,conventional_alphaearth_embeddings_no_road_distance,Conventional + AlphaEarth Embeddings (road-distance ablation),0.18184296605932473,0.46324479531582,0
124,,0,non_landslide,70_30,1,70.12361358874037,30.739227808327133,Punjab-Sindh lowland corridor,conventional_alphaearth_embeddings_no_road_distance,Conventional + AlphaEarth Embeddings (road-distance ablation),0.7709188800778687,0.46324479531582,1
125,,0,non_landslide,70_30,1,70.20446154994039,30.47197604578991,Punjab-Sindh lowland corridor,conventional_alphaearth_embeddings_no_road_distance,Conventional + AlphaEarth Embeddings (road-distance ablation),0.6400486665662947,0.46324479531582,1
126,,0,non_landslide,70_30,1,70.64688463826118,30.108157990839256,Punjab-Sindh lowland corridor,conventional_alphaearth_embeddings_no_road_distance,Conventional + AlphaEarth Embeddings (road-distance ablation),0.056722109047913465,0.46324479531582,0
127,,0,non_landslide,70_30,1,70.296537527593,30.786387261068377,Punjab-Sindh lowland corridor,conventional_alphaearth_embeddings_no_road_distance,Conventional + AlphaEarth Embeddings (road-distance ablation),0.6307665097033688,0.46324479531582,1
128,,0,non_landslide,70_30,1,70.26509640606515,30.47197604578991,Punjab-Sindh lowland corridor,conventional_alphaearth_embeddings_no_road_distance,Conventional + AlphaEarth Embeddings (road-distance ablation),0.4513421171011112,0.46324479531582,0
129,,0,non_landslide,70_30,1,70.1258609756713,30.82681347121892,Balochistan,conventional_alphaearth_embeddings_no_road_distance,Conventional + AlphaEarth Embeddings (road-distance ablation),0.22180748536453315,0.46324479531582,0
130,,0,non_landslide,71_32,1,71.17913631730364,32.791876878057764,Punjab-Sindh lowland corridor,conventional_alphaearth_embeddings_no_road_distance,Conventional + AlphaEarth Embeddings (road-distance ablation),0.06672723081430929,0.46324479531582,0
131,,0,non_landslide,71_32,1,71.3947293941367,32.53810051890405,Punjab-Sindh lowland corridor,conventional_alphaearth_embeddings_no_road_distance,Conventional + AlphaEarth Embeddings (road-distance ablation),0.06645495374579295,0.46324479531582,0
132,,0,non_landslide,71_32,1,71.91126274196577,32.28657600578234,Punjab-Sindh lowland corridor,conventional_alphaearth_embeddings_no_road_distance,Conventional + AlphaEarth Embeddings (road-distance ablation),0.05044795921413775,0.46324479531582,0
133,,0,non_landslide,71_32,1,71.22404838311395,32.55831362397932,KP-AJK,conventional_alphaearth_embeddings_no_road_distance,Conventional + AlphaEarth Embeddings (road-distance ablation),0.07069217071109192,0.46324479531582,0
134,,0,non_landslide,71_32,1,71.90003026641214,32.67509748056907,Punjab-Sindh lowland corridor,conventional_alphaearth_embeddings_no_road_distance,Conventional + AlphaEarth Embeddings (road-distance ablation),0.06184049993579344,0.46324479531582,0
135,,0,non_landslide,71_32,1,71.36328827260886,32.22369376272664,Punjab-Sindh lowland corridor,conventional_alphaearth_embeddings_no_road_distance,Conventional + AlphaEarth Embeddings (road-distance ablation),0.05792905480778303,0.46324479531582,0
136,,0,non_landslide,71_32,1,71.37002597430062,32.017081315415226,Punjab-Sindh lowland corridor,conventional_alphaearth_embeddings_no_road_distance,Conventional + AlphaEarth Embeddings (road-distance ablation),0.05318142039631608,0.46324479531582,0
137,,0,non_landslide,71_32,1,71.7518097473956,32.96255788908051,Punjab-Sindh lowland corridor,conventional_alphaearth_embeddings_no_road_distance,Conventional + AlphaEarth Embeddings (road-distance ablation),0.10951884422323732,0.46324479531582,0
138,,0,non_landslide,71_32,1,71.74731943263478,32.104666978307016,Punjab-Sindh lowland corridor,conventional_alphaearth_embeddings_no_road_distance,Conventional + AlphaEarth Embeddings (road-distance ablation),0.05478482746732655,0.46324479531582,0
139,,0,non_landslide,71_32,1,71.54744468701512,32.02157163017605,Punjab-Sindh lowland corridor,conventional_alphaearth_embeddings_no_road_distance,Conventional + AlphaEarth Embeddings (road-distance ablation),0.055449056447159424,0.46324479531582,0
140,,0,non_landslide,71_32,1,71.99660101792662,32.35619149142873,Punjab-Sindh lowland corridor,conventional_alphaearth_embeddings_no_road_distance,Conventional + AlphaEarth Embeddings (road-distance ablation),0.057093504777556446,0.46324479531582,0
141,,0,non_landslide,72_29,1,72.34470074166387,29.645526256544247,Punjab-Sindh lowland corridor,conventional_alphaearth_embeddings_no_road_distance,Conventional + AlphaEarth Embeddings (road-distance ablation),0.05444587726868966,0.46324479531582,0
142,,0,non_landslide,72_29,1,72.06397357574313,29.39624467125242,Punjab-Sindh lowland corridor,conventional_alphaearth_embeddings_no_road_distance,Conventional + AlphaEarth Embeddings (road-distance ablation),0.05277130244967768,0.46324479531582,0
143,,0,non_landslide,72_29,1,72.58274985140207,29.259252168688445,Punjab-Sindh lowland corridor,conventional_alphaearth_embeddings_no_road_distance,Conventional + AlphaEarth Embeddings (road-distance ablation),0.049488026407955625,0.46324479531582,0
144,,0,non_landslide,72_29,1,72.99822213295585,29.252514466996686,Punjab-Sindh lowland corridor,conventional_alphaearth_embeddings_no_road_distance,Conventional + AlphaEarth Embeddings (road-distance ablation),0.04909223465683795,0.46324479531582,0
145,,0,non_landslide,72_29,1,72.23690197369682,29.75781533927212,Punjab-Sindh lowland corridor,conventional_alphaearth_embeddings_no_road_distance,Conventional + AlphaEarth Embeddings (road-distance ablation),0.04989747388204006,0.46324479531582,0
146,,0,non_landslide,72_29,1,72.62317606155261,29.6612490468587,Punjab-Sindh lowland corridor,conventional_alphaearth_embeddings_no_road_distance,Conventional + AlphaEarth Embeddings (road-distance ablation),0.04893375833318132,0.46324479531582,0
147,,0,non_landslide,72_34,1,72.33122533828036,34.13935032989331,KP-AJK,conventional_alphaearth_embeddings_no_road_distance,Conventional + AlphaEarth Embeddings (road-distance ablation),0.060919563112679306,0.46324479531582,0
148,,0,non_landslide,72_34,1,72.41881100117214,34.74795965537498,KP-AJK,conventional_alphaearth_embeddings_no_road_distance,Conventional + AlphaEarth Embeddings (road-distance ablation),0.1595261909324873,0.46324479531582,0
149,,0,non_landslide,72_34,1,72.76690626580834,34.828807616575006,KP-AJK,conventional_alphaearth_embeddings_no_road_distance,Conventional + AlphaEarth Embeddings (road-distance ablation),0.17202856431150987,0.46324479531582,0
150,,0,non_landslide,72_34,1,72.89716106668054,34.75244997013581,KP-AJK,conventional_alphaearth_embeddings_no_road_distance,Conventional + AlphaEarth Embeddings (road-distance ablation),0.8693934988943564,0.46324479531582,1
151,,0,non_landslide,72_34,1,72.98699411650327,34.99275092590599,KP-AJK,conventional_alphaearth_embeddings_no_road_distance,Conventional + AlphaEarth Embeddings (road-distance ablation),0.08083258742287619,0.46324479531582,0
152,,0,non_landslide,72_34,1,72.1313505926607,34.48969298146044,KP-AJK,conventional_alphaearth_embeddings_no_road_distance,Conventional + AlphaEarth Embeddings (road-distance ablation),0.1343874334222296,0.46324479531582,0
153,,0,non_landslide,72_34,1,72.18300036016277,34.86922936762449,KP-AJK,conventional_alphaearth_embeddings_no_road_distance,Conventional + AlphaEarth Embeddings (road-distance ablation),0.29212877712226376,0.46324479531582,0
154,,0,non_landslide,72_34,1,72.44575734883811,34.4043547054996,KP-AJK,conventional_alphaearth_embeddings_no_road_distance,Conventional + AlphaEarth Embeddings (road-distance ablation),0.7256107511009364,0.46324479531582,1
155,,0,non_landslide,72_34,1,72.65012686831965,34.208970274640755,KP-AJK,conventional_alphaearth_embeddings_no_road_distance,Conventional + AlphaEarth Embeddings (road-distance ablation),0.484375283643953,0.46324479531582,1
156,,0,non_landslide,72_34,1,72.65461718308046,34.33697768858203,KP-AJK,conventional_alphaearth_embeddings_no_road_distance,Conventional + AlphaEarth Embeddings (road-distance ablation),0.1781881725090672,0.46324479531582,0
157,,0,non_landslide,72_34,1,72.83427882362486,34.828807616575006,KP-AJK,conventional_alphaearth_embeddings_no_road_distance,Conventional + AlphaEarth Embeddings (road-distance ablation),0.12636631261195563,0.46324479531582,0
158,,0,non_landslide,72_34,1,72.52660531003814,34.86024873810285,KP-AJK,conventional_alphaearth_embeddings_no_road_distance,Conventional + AlphaEarth Embeddings (road-distance ablation),0.13871023253150977,0.46324479531582,0
159,,0,non_landslide,72_34,1,72.87021471901457,34.72549916336876,KP-AJK,conventional_alphaearth_embeddings_no_road_distance,Conventional + AlphaEarth Embeddings (road-distance ablation),0.24709297499906013,0.46324479531582,0
160,,0,non_landslide,72_34,1,72.96453808359811,34.29879886536243,KP-AJK,conventional_alphaearth_embeddings_no_road_distance,Conventional + AlphaEarth Embeddings (road-distance ablation),0.34654893683985083,0.46324479531582,0
161,,0,non_landslide,72_34,1,72.12461289096893,34.97253782083072,KP-AJK,conventional_alphaearth_embeddings_no_road_distance,Conventional + AlphaEarth Embeddings (road-distance ablation),0.24943256447052087,0.46324479531582,0
162,,0,non_landslide,72_34,1,72.00109133268744,34.49643068315221,KP-AJK,conventional_alphaearth_embeddings_no_road_distance,Conventional + AlphaEarth Embeddings (road-distance ablation),0.1064898057935619,0.46324479531582,0
163,,0,non_landslide,72_34,1,72.31325962013602,34.32125935736863,KP-AJK,conventional_alphaearth_embeddings_no_road_distance,Conventional + AlphaEarth Embeddings (road-distance ablation),0.10633932270987514,0.46324479531582,0
164,,0,non_landslide,72_34,1,72.57825953664126,34.37740389873258,KP-AJK,conventional_alphaearth_embeddings_no_road_distance,Conventional + AlphaEarth Embeddings (road-distance ablation),0.3782973709645353,0.46324479531582,0
165,,0,non_landslide,72_34,1,72.28181849860817,34.359438180588235,KP-AJK,conventional_alphaearth_embeddings_no_road_distance,Conventional + AlphaEarth Embeddings (road-distance ablation),0.06891587568629264,0.46324479531582,0
166,,0,non_landslide,72_34,1,72.00109133268744,34.57054094266047,KP-AJK,conventional_alphaearth_embeddings_no_road_distance,Conventional + AlphaEarth Embeddings (road-distance ablation),0.9329222023820699,0.46324479531582,1
167,,0,non_landslide,72_34,1,72.77364396750009,34.73897456675228,KP-AJK,conventional_alphaearth_embeddings_no_road_distance,Conventional + AlphaEarth Embeddings (road-distance ablation),0.46171171549906537,0.46324479531582,0
168,,0,non_landslide,72_34,1,72.66584519953304,34.9298686828503,KP-AJK,conventional_alphaearth_embeddings_no_road_distance,Conventional + AlphaEarth Embeddings (road-distance ablation),0.12058227868911764,0.46324479531582,0
169,,0,non_landslide,72_34,1,72.20321346523804,34.013585843781925,KP-AJK,conventional_alphaearth_embeddings_no_road_distance,Conventional + AlphaEarth Embeddings (road-distance ablation),0.06353268079282491,0.46324479531582,0
170,,0,non_landslide,73_31,1,73.47208634280449,31.23105327721905,Punjab-Sindh lowland corridor,conventional_alphaearth_embeddings_no_road_distance,Conventional + AlphaEarth Embeddings (road-distance ablation),0.04929441332733161,0.46324479531582,0
171,,0,non_landslide,73_31,1,73.35754987314567,31.743091851186247,Punjab-Sindh lowland corridor,conventional_alphaearth_embeddings_no_road_distance,Conventional + AlphaEarth Embeddings (road-distance ablation),0.10218980551996404,0.46324479531582,0
172,,0,non_landslide,73_31,1,73.8875541652572,31.00422772483237,Punjab-Sindh lowland corridor,conventional_alphaearth_embeddings_no_road_distance,Conventional + AlphaEarth Embeddings (road-distance ablation),0.07446692241899512,0.46324479531582,0
173,,0,non_landslide,73_31,1,73.30589564654255,31.1457150012582,Punjab-Sindh lowland corridor,conventional_alphaearth_embeddings_no_road_distance,Conventional + AlphaEarth Embeddings (road-distance ablation),0.050036876707082296,0.46324479531582,0
174,,0,non_landslide,73_31,1,73.78874048591284,31.85538093391412,Punjab-Sindh lowland corridor,conventional_alphaearth_embeddings_no_road_distance,Conventional + AlphaEarth Embeddings (road-distance ablation),0.05306510602741901,0.46324479531582,0
175,,0,non_landslide,73_31,1,73.57314294997873,31.918263176969816,Punjab-Sindh lowland corridor,conventional_alphaearth_embeddings_no_road_distance,Conventional + AlphaEarth Embeddings (road-distance ablation),0.04927225023088697,0.46324479531582,0
176,,0,non_landslide,73_31,1,73.8201816074407,31.9901305086482,Punjab-Sindh lowland corridor,conventional_alphaearth_embeddings_no_road_distance,Conventional + AlphaEarth Embeddings (road-distance ablation),0.05206359916293375,0.46324479531582,0
177,,0,non_landslide,73_31,1,73.43615044741476,31.850890619153297,Punjab-Sindh lowland corridor,conventional_alphaearth_embeddings_no_road_distance,Conventional + AlphaEarth Embeddings (road-distance ablation),0.049817106851886894,0.46324479531582,0
178,,0,non_landslide,73_31,1,73.72810562978808,31.32986695656341,Punjab-Sindh lowland corridor,conventional_alphaearth_embeddings_no_road_distance,Conventional + AlphaEarth Embeddings (road-distance ablation),0.05089439172982021,0.46324479531582,0
179,,0,non_landslide,73_31,1,73.53721151369005,31.6487684866027,Punjab-Sindh lowland corridor,conventional_alphaearth_embeddings_no_road_distance,Conventional + AlphaEarth Embeddings (road-distance ablation),0.05016709467701222,0.46324479531582,0
180,,0,non_landslide,74_38,1,74.21993109868,38.96330394973424,"Kashgar (Xinjiang, China)",conventional_alphaearth_embeddings_no_road_distance,Conventional + AlphaEarth Embeddings (road-distance ablation),0.201177368155269,0.46324479531582,0
181,,0,non_landslide,74_38,1,74.51412920888319,38.902664634508426,"Kashgar (Xinjiang, China)",conventional_alphaearth_embeddings_no_road_distance,Conventional + AlphaEarth Embeddings (road-distance ablation),0.14347520745014428,0.46324479531582,0
182,,0,non_landslide,74_38,1,74.11437971764389,38.83529207669192,"Kashgar (Xinjiang, China)",conventional_alphaearth_embeddings_no_road_distance,Conventional + AlphaEarth Embeddings (road-distance ablation),0.07021886014460611,0.46324479531582,0
183,,0,non_landslide,74_38,1,74.95879522503387,38.7836378500888,"Kashgar (Xinjiang, China)",conventional_alphaearth_embeddings_no_road_distance,Conventional + AlphaEarth Embeddings (road-distance ablation),0.5852814423300557,0.46324479531582,1
184,,0,non_landslide,74_38,1,74.37488931938832,38.83529207669192,"Kashgar (Xinjiang, China)",conventional_alphaearth_embeddings_no_road_distance,Conventional + AlphaEarth Embeddings (road-distance ablation),0.06761019994244515,0.46324479531582,0
185,,0,non_landslide,74_38,1,74.83752551278435,38.0784622321937,"Kashgar (Xinjiang, China)",conventional_alphaearth_embeddings_no_road_distance,Conventional + AlphaEarth Embeddings (road-distance ablation),0.07017798059290999,0.46324479531582,0
186,,0,non_landslide,74_38,1,74.08518598304698,38.74096871210836,"Kashgar (Xinjiang, China)",conventional_alphaearth_embeddings_no_road_distance,Conventional + AlphaEarth Embeddings (road-distance ablation),0.17115642209825682,0.46324479531582,0
187,,0,non_landslide,74_38,1,74.86447186045034,38.34570953562987,"Kashgar (Xinjiang, China)",conventional_alphaearth_embeddings_no_road_distance,Conventional + AlphaEarth Embeddings (road-distance ablation),0.1438404703507177,0.46324479531582,0
188,,0,non_landslide,74_38,1,74.99248373349266,38.53435626479696,"Kashgar (Xinjiang, China)",conventional_alphaearth_embeddings_no_road_distance,Conventional + AlphaEarth Embeddings (road-distance ablation),0.35400709002560243,0.46324479531582,0
189,,0,non_landslide,74_38,1,74.93633919212871,38.47821172343302,"Kashgar (Xinjiang, China)",conventional_alphaearth_embeddings_no_road_distance,Conventional + AlphaEarth Embeddings (road-distance ablation),0.4635250596754464,0.46324479531582,1
190,,0,non_landslide,74_38,1,74.91163577229263,38.46923109391139,"Kashgar (Xinjiang, China)",conventional_alphaearth_embeddings_no_road_distance,Conventional + AlphaEarth Embeddings (road-distance ablation),0.05634267597675337,0.46324479531582,0
191,,0,non_landslide,74_38,1,74.86447186045034,38.22219243644943,"Kashgar (Xinjiang, China)",conventional_alphaearth_embeddings_no_road_distance,Conventional + AlphaEarth Embeddings (road-distance ablation),0.07495250462398943,0.46324479531582,0
192,,0,non_landslide,74_38,1,74.15031115393255,38.738725784278486,"Kashgar (Xinjiang, China)",conventional_alphaearth_embeddings_no_road_distance,Conventional + AlphaEarth Embeddings (road-distance ablation),0.05824503548529969,0.46324479531582,0
193,,0,non_landslide,74_38,1,74.93633919212871,38.24464846935458,"Kashgar (Xinjiang, China)",conventional_alphaearth_embeddings_no_road_distance,Conventional + AlphaEarth Embeddings (road-distance ablation),0.11524817728175328,0.46324479531582,0
194,,0,non_landslide,74_38,1,74.81057470601733,38.967794264495055,"Kashgar (Xinjiang, China)",conventional_alphaearth_embeddings_no_road_distance,Conventional + AlphaEarth Embeddings (road-distance ablation),0.11856466392663065,0.46324479531582,0
195,,0,non_landslide,74_38,1,74.74769246296164,38.70054696105888,"Kashgar (Xinjiang, China)",conventional_alphaearth_embeddings_no_road_distance,Conventional + AlphaEarth Embeddings (road-distance ablation),0.06607045689763354,0.46324479531582,0
196,,0,non_landslide,74_38,1,74.83527812585342,38.81058865685582,"Kashgar (Xinjiang, China)",conventional_alphaearth_embeddings_no_road_distance,Conventional + AlphaEarth Embeddings (road-distance ablation),0.16439926364249838,0.46324479531582,0
197,,0,non_landslide,74_38,1,74.44675665106668,38.69605218719701,"Kashgar (Xinjiang, China)",conventional_alphaearth_embeddings_no_road_distance,Conventional + AlphaEarth Embeddings (road-distance ablation),0.11794510733858747,0.46324479531582,0
198,,0,non_landslide,74_38,1,74.002090634916,38.65114012138671,"Kashgar (Xinjiang, China)",conventional_alphaearth_embeddings_no_road_distance,Conventional + AlphaEarth Embeddings (road-distance ablation),0.11595381140555806,0.46324479531582,0
199,,0,non_landslide,74_38,1,74.88693235245654,38.68482417074444,"Kashgar (Xinjiang, China)",conventional_alphaearth_embeddings_no_road_distance,Conventional + AlphaEarth Embeddings (road-distance ablation),0.0694116018103765,0.46324479531582,0
200,,0,non_landslide,74_38,1,74.87345694907303,38.27833697781336,"Kashgar (Xinjiang, China)",conventional_alphaearth_embeddings_no_road_distance,Conventional + AlphaEarth Embeddings (road-distance ablation),0.18695956143492015,0.46324479531582,0
201,,0,non_landslide,74_38,1,74.52311429750588,38.86448581128882,"Kashgar (Xinjiang, China)",conventional_alphaearth_embeddings_no_road_distance,Conventional + AlphaEarth Embeddings (road-distance ablation),0.15777017647912459,0.46324479531582,0
202,,0,non_landslide,74_38,1,74.21095046915836,38.75219672856095,"Kashgar (Xinjiang, China)",conventional_alphaearth_embeddings_no_road_distance,Conventional + AlphaEarth Embeddings (road-distance ablation),0.1379052244993862,0.46324479531582,0
203,,0,non_landslide,74_38,1,74.900403296739,38.78588523701973,"Kashgar (Xinjiang, China)",conventional_alphaearth_embeddings_no_road_distance,Conventional + AlphaEarth Embeddings (road-distance ablation),0.2683675726246261,0.46324479531582,0
204,,0,non_landslide,74_38,1,74.17501457376864,38.99923538602291,"Kashgar (Xinjiang, China)",conventional_alphaearth_embeddings_no_road_distance,Conventional + AlphaEarth Embeddings (road-distance ablation),0.054119655309966375,0.46324479531582,0
205,,0,non_landslide,74_38,1,74.88693235245654,38.65114012138671,"Kashgar (Xinjiang, China)",conventional_alphaearth_embeddings_no_road_distance,Conventional + AlphaEarth Embeddings (road-distance ablation),0.3220171356891549,0.46324479531582,0
206,,0,non_landslide,74_38,1,74.83976844061424,38.72300299396404,"Kashgar (Xinjiang, China)",conventional_alphaearth_embeddings_no_road_distance,Conventional + AlphaEarth Embeddings (road-distance ablation),0.18073980325534003,0.46324479531582,0
207,,0,non_landslide,74_38,1,74.99472666132255,38.72300299396404,"Kashgar (Xinjiang, China)",conventional_alphaearth_embeddings_no_road_distance,Conventional + AlphaEarth Embeddings (road-distance ablation),0.27803712308698236,0.46324479531582,0
208,,0,non_landslide,74_38,1,74.99472666132255,38.6129612981671,"Kashgar (Xinjiang, China)",conventional_alphaearth_embeddings_no_road_distance,Conventional + AlphaEarth Embeddings (road-distance ablation),0.9105168036632866,0.46324479531582,1
209,,0,non_landslide,74_38,1,74.71849872836472,38.92063035265276,"Kashgar (Xinjiang, China)",conventional_alphaearth_embeddings_no_road_distance,Conventional + AlphaEarth Embeddings (road-distance ablation),0.9505159786968038,0.46324479531582,1
210,,0,non_landslide,74_38,1,74.6443840097554,38.71851267920322,"Kashgar (Xinjiang, China)",conventional_alphaearth_embeddings_no_road_distance,Conventional + AlphaEarth Embeddings (road-distance ablation),0.058389380149753554,0.46324479531582,0
211,,0,non_landslide,74_38,1,74.99023634656172,38.00659490051533,"Kashgar (Xinjiang, China)",conventional_alphaearth_embeddings_no_road_distance,Conventional + AlphaEarth Embeddings (road-distance ablation),0.426465475364449,0.46324479531582,0
212,,0,non_landslide,75_35,1,75.27320644031234,35.262245616273105,Gilgit-Baltistan,conventional_alphaearth_embeddings_no_road_distance,Conventional + AlphaEarth Embeddings (road-distance ablation),0.05229448569423952,0.46324479531582,0
213,,0,non_landslide,75_35,1,75.99635223545282,35.37228731207004,Gilgit-Baltistan,conventional_alphaearth_embeddings_no_road_distance,Conventional + AlphaEarth Embeddings (road-distance ablation),0.051798442710437514,0.46324479531582,0
214,,0,non_landslide,75_35,1,75.20583388249582,35.904538991112496,Gilgit-Baltistan,conventional_alphaearth_embeddings_no_road_distance,Conventional + AlphaEarth Embeddings (road-distance ablation),0.32469169757785965,0.46324479531582,0
215,,0,non_landslide,75_35,1,75.95817341223322,35.96742123416819,Gilgit-Baltistan,conventional_alphaearth_embeddings_no_road_distance,Conventional + AlphaEarth Embeddings (road-distance ablation),0.050204526335139284,0.46324479531582,0
216,,0,non_landslide,75_35,1,75.98736714683012,35.41271352222058,Gilgit-Baltistan,conventional_alphaearth_embeddings_no_road_distance,Conventional + AlphaEarth Embeddings (road-distance ablation),0.05579278322696204,0.46324479531582,0
217,,0,non_landslide,75_35,1,75.7672792961352,35.37228731207004,Gilgit-Baltistan,conventional_alphaearth_embeddings_no_road_distance,Conventional + AlphaEarth Embeddings (road-distance ablation),0.266114304912965,0.46324479531582,0
218,,0,non_landslide,75_35,1,75.38324813610927,35.35432159392571,Gilgit-Baltistan,conventional_alphaearth_embeddings_no_road_distance,Conventional + AlphaEarth Embeddings (road-distance ablation),0.05389647529865453,0.46324479531582,0
219,,0,non_landslide,75_35,1,75.01718715332875,35.9808966375517,Gilgit-Baltistan,conventional_alphaearth_embeddings_no_road_distance,Conventional + AlphaEarth Embeddings (road-distance ablation),0.053031517137360054,0.46324479531582,0
220,,0,non_landslide,75_35,1,75.42592173319076,35.91127669280426,Gilgit-Baltistan,conventional_alphaearth_embeddings_no_road_distance,Conventional + AlphaEarth Embeddings (road-distance ablation),0.05726058211828845,0.46324479531582,0
221,,0,non_landslide,75_35,1,75.74482326323005,35.9045389911125,Gilgit-Baltistan,conventional_alphaearth_embeddings_no_road_distance,Conventional + AlphaEarth Embeddings (road-distance ablation),0.057939533616597545,0.46324479531582,0
222,,0,non_landslide,75_35,1,75.03515287147309,35.9135240797352,Gilgit-Baltistan,conventional_alphaearth_embeddings_no_road_distance,Conventional + AlphaEarth Embeddings (road-distance ablation),0.060327546410173565,0.46324479531582,0
223,,0,non_landslide,75_35,1,75.34956408675156,35.33635587578137,Gilgit-Baltistan,conventional_alphaearth_embeddings_no_road_distance,Conventional + AlphaEarth Embeddings (road-distance ablation),0.2732861877581517,0.46324479531582,0
224,,0,non_landslide,75_35,1,75.6415148100238,35.89780128942075,Gilgit-Baltistan,conventional_alphaearth_embeddings_no_road_distance,Conventional + AlphaEarth Embeddings (road-distance ablation),0.05597652866965619,0.46324479531582,0
225,,0,non_landslide,75_35,1,75.28668184369586,35.64402938936809,Gilgit-Baltistan,conventional_alphaearth_embeddings_no_road_distance,Conventional + AlphaEarth Embeddings (road-distance ablation),0.40609052843522425,0.46324479531582,0
226,,0,non_landslide,75_35,1,75.79198271597129,35.72262996363718,Gilgit-Baltistan,conventional_alphaearth_embeddings_no_road_distance,Conventional + AlphaEarth Embeddings (road-distance ablation),0.05689076703992899,0.46324479531582,0
227,,0,non_landslide,75_35,1,75.49553721883716,35.49580441125049,Gilgit-Baltistan,conventional_alphaearth_embeddings_no_road_distance,Conventional + AlphaEarth Embeddings (road-distance ablation),0.06020401185607041,0.46324479531582,0
228,,0,non_landslide,75_35,1,75.65274282647638,35.563181428168065,Gilgit-Baltistan,conventional_alphaearth_embeddings_no_road_distance,Conventional + AlphaEarth Embeddings (road-distance ablation),0.06977754384116125,0.46324479531582,0
229,,0,non_landslide,75_35,1,75.6280394066403,35.8955539024898,Gilgit-Baltistan,conventional_alphaearth_embeddings_no_road_distance,Conventional + AlphaEarth Embeddings (road-distance ablation),0.06502859708929663,0.46324479531582,0
230,,0,non_landslide,75_35,1,75.59884567204338,35.727120278398,Gilgit-Baltistan,conventional_alphaearth_embeddings_no_road_distance,Conventional + AlphaEarth Embeddings (road-distance ablation),0.9542444637807566,0.46324479531582,1
231,,0,non_landslide,75_35,1,75.80994843411563,35.30940506901435,Gilgit-Baltistan,conventional_alphaearth_embeddings_no_road_distance,Conventional + AlphaEarth Embeddings (road-distance ablation),0.8256431854222396,0.46324479531582,1
232,,0,non_landslide,75_35,1,75.72461015815477,35.78102189193205,Gilgit-Baltistan,conventional_alphaearth_embeddings_no_road_distance,Conventional + AlphaEarth Embeddings (road-distance ablation),0.051641135294084456,0.46324479531582,0
233,,0,non_landslide,75_35,1,75.91325688732185,35.75182369823409,Gilgit-Baltistan,conventional_alphaearth_embeddings_no_road_distance,Conventional + AlphaEarth Embeddings (road-distance ablation),0.055668014494383064,0.46324479531582,0
234,,0,non_landslide,75_35,1,75.89978148393834,35.74733338347327,Gilgit-Baltistan,conventional_alphaearth_embeddings_no_road_distance,Conventional + AlphaEarth Embeddings (road-distance ablation),0.09158792481313618,0.46324479531582,0
235,,0,non_landslide,75_35,1,75.71787245646301,35.22181940612256,Gilgit-Baltistan,conventional_alphaearth_embeddings_no_road_distance,Conventional + AlphaEarth Embeddings (road-distance ablation),0.10296551119220682,0.46324479531582,0
236,,0,non_landslide,75_35,1,75.06659399300092,35.98538695231253,Gilgit-Baltistan,conventional_alphaearth_embeddings_no_road_distance,Conventional + AlphaEarth Embeddings (road-distance ablation),0.06384958595645972,0.46324479531582,0
237,,0,non_landslide,75_35,1,75.85486495902698,35.85064183667951,Gilgit-Baltistan,conventional_alphaearth_embeddings_no_road_distance,Conventional + AlphaEarth Embeddings (road-distance ablation),0.05315635190049331,0.46324479531582,0
238,,0,non_landslide,75_35,1,75.06884137993187,35.26448854410299,Gilgit-Baltistan,conventional_alphaearth_embeddings_no_road_distance,Conventional + AlphaEarth Embeddings (road-distance ablation),0.059245857761656716,0.46324479531582,0
239,,0,non_landslide,75_35,1,75.76503190920427,35.82593841684341,Gilgit-Baltistan,conventional_alphaearth_embeddings_no_road_distance,Conventional + AlphaEarth Embeddings (road-distance ablation),0.060074296747877155,0.46324479531582,0
240,,0,non_landslide,75_35,1,75.78300208644966,35.63729168767634,Gilgit-Baltistan,conventional_alphaearth_embeddings_no_road_distance,Conventional + AlphaEarth Embeddings (road-distance ablation),0.12481657312652202,0.46324479531582,0
241,,0,non_landslide,75_35,1,75.89079639531565,35.172412566450376,Gilgit-Baltistan,conventional_alphaearth_embeddings_no_road_distance,Conventional + AlphaEarth Embeddings (road-distance ablation),0.9702378395264533,0.46324479531582,1
242,,0,non_landslide,75_35,1,75.31587557829276,35.79224990838462,Gilgit-Baltistan,conventional_alphaearth_embeddings_no_road_distance,Conventional + AlphaEarth Embeddings (road-distance ablation),0.050088505864018355,0.46324479531582,0
243,,0,non_landslide,75_35,1,75.3428263850598,35.99212465400428,Gilgit-Baltistan,conventional_alphaearth_embeddings_no_road_distance,Conventional + AlphaEarth Embeddings (road-distance ablation),0.07813003243841014,0.46324479531582,0
244,,0,non_landslide,75_35,1,75.2709590533814,35.924752096187774,Gilgit-Baltistan,conventional_alphaearth_embeddings_no_road_distance,Conventional + AlphaEarth Embeddings (road-distance ablation),0.09859100384588951,0.46324479531582,0
245,,0,non_landslide,75_35,1,75.36977719182681,35.356564521755594,Gilgit-Baltistan,conventional_alphaearth_embeddings_no_road_distance,Conventional + AlphaEarth Embeddings (road-distance ablation),0.06721535409931828,0.46324479531582,0
246,,0,non_landslide,75_35,1,75.06884137993187,35.109530323394694,Gilgit-Baltistan,conventional_alphaearth_embeddings_no_road_distance,Conventional + AlphaEarth Embeddings (road-distance ablation),0.3232184454157108,0.46324479531582,0
247,,0,non_landslide,75_35,1,75.23502761709274,35.23753773733596,Gilgit-Baltistan,conventional_alphaearth_embeddings_no_road_distance,Conventional + AlphaEarth Embeddings (road-distance ablation),0.05136509776953118,0.46324479531582,0
248,,0,non_landslide,75_35,1,75.14744195420096,35.426184466503045,Gilgit-Baltistan,conventional_alphaearth_embeddings_no_road_distance,Conventional + AlphaEarth Embeddings (road-distance ablation),0.056783659915630974,0.46324479531582,0
249,,0,non_landslide,75_35,1,75.9604163400631,35.5564437264763,Gilgit-Baltistan,conventional_alphaearth_embeddings_no_road_distance,Conventional + AlphaEarth Embeddings (road-distance ablation),0.04911680062836736,0.46324479531582,0
250,,0,non_landslide,75_35,1,75.80994843411563,35.727120278398,Gilgit-Baltistan,conventional_alphaearth_embeddings_no_road_distance,Conventional + AlphaEarth Embeddings (road-distance ablation),0.051838417455809443,0.46324479531582,0
251,,0,non_landslide,75_35,1,75.27769675507317,35.71364487501448,Gilgit-Baltistan,conventional_alphaearth_embeddings_no_road_distance,Conventional + AlphaEarth Embeddings (road-distance ablation),0.08232689703810571,0.46324479531582,0
252,,0,non_landslide,75_35,1,75.85711234595792,35.727120278398,Gilgit-Baltistan,conventional_alphaearth_embeddings_no_road_distance,Conventional + AlphaEarth Embeddings (road-distance ablation),0.07831654135934829,0.46324479531582,0
253,,0,non_landslide,75_35,1,75.08006939638445,35.942717814332106,Gilgit-Baltistan,conventional_alphaearth_embeddings_no_road_distance,Conventional + AlphaEarth Embeddings (road-distance ablation),0.07529770091600667,0.46324479531582,0
254,,0,non_landslide,75_35,1,75.60333598680421,35.85288476450938,Gilgit-Baltistan,conventional_alphaearth_embeddings_no_road_distance,Conventional + AlphaEarth Embeddings (road-distance ablation),0.05122320534768754,0.46324479531582,0
255,,0,non_landslide,75_35,1,75.1407042525092,35.906786378043435,Gilgit-Baltistan,conventional_alphaearth_embeddings_no_road_distance,Conventional + AlphaEarth Embeddings (road-distance ablation),0.09319460505961878,0.46324479531582,0
256,,0,non_landslide,75_35,1,75.7672792961352,35.540720936161854,Gilgit-Baltistan,conventional_alphaearth_embeddings_no_road_distance,Conventional + AlphaEarth Embeddings (road-distance ablation),0.06051566575514938,0.46324479531582,0
257,,0,non_landslide,75_35,1,75.83240892612183,35.25101314071947,Gilgit-Baltistan,conventional_alphaearth_embeddings_no_road_distance,Conventional + AlphaEarth Embeddings (road-distance ablation),0.6338861702138174,0.46324479531582,1
258,,0,non_landslide,75_35,1,75.1025254292896,35.358811908686526,Gilgit-Baltistan,conventional_alphaearth_embeddings_no_road_distance,Conventional + AlphaEarth Embeddings (road-distance ablation),0.051553729251002094,0.46324479531582,0
259,,0,non_landslide,75_35,1,75.11600083267311,35.8663601678929,Gilgit-Baltistan,conventional_alphaearth_embeddings_no_road_distance,Conventional + AlphaEarth Embeddings (road-distance ablation),0.05503481159598278,0.46324479531582,0
260,,0,non_landslide,75_35,1,75.09803511452877,35.976406322790886,Gilgit-Baltistan,conventional_alphaearth_embeddings_no_road_distance,Conventional + AlphaEarth Embeddings (road-distance ablation),0.059995094371386934,0.46324479531582,0
261,,0,non_landslide,75_35,1,75.94918832361053,35.41720383698141,Gilgit-Baltistan,conventional_alphaearth_embeddings_no_road_distance,Conventional + AlphaEarth Embeddings (road-distance ablation),0.05894499076553804,0.46324479531582,0
262,,0,non_landslide,75_35,1,75.9065191856301,35.73385798008975,Gilgit-Baltistan,conventional_alphaearth_embeddings_no_road_distance,Conventional + AlphaEarth Embeddings (road-distance ablation),0.12462095425783591,0.46324479531582,0
263,,0,non_landslide,75_35,1,75.94245062191877,35.92025732232589,Gilgit-Baltistan,conventional_alphaearth_embeddings_no_road_distance,Conventional + AlphaEarth Embeddings (road-distance ablation),0.06296522489845134,0.46324479531582,0
264,,0,non_landslide,75_35,1,75.1249859212958,35.70017393073202,Gilgit-Baltistan,conventional_alphaearth_embeddings_no_road_distance,Conventional + AlphaEarth Embeddings (road-distance ablation),0.054925742089974805,0.46324479531582,0
265,,0,non_landslide,75_35,1,75.6280394066403,35.45088788633913,Gilgit-Baltistan,conventional_alphaearth_embeddings_no_road_distance,Conventional + AlphaEarth Embeddings (road-distance ablation),0.08610745826090967,0.46324479531582,0
266,,0,non_landslide,75_35,1,75.82791415225995,35.96068353247644,Gilgit-Baltistan,conventional_alphaearth_embeddings_no_road_distance,Conventional + AlphaEarth Embeddings (road-distance ablation),0.0566253619183804,0.46324479531582,0
267,,0,non_landslide,75_35,1,75.98287683206931,35.475591306175225,Gilgit-Baltistan,conventional_alphaearth_embeddings_no_road_distance,Conventional + AlphaEarth Embeddings (road-distance ablation),0.05374481829711117,0.46324479531582,0
268,,0,non_landslide,75_35,1,75.5651571635846,35.85288476450938,Gilgit-Baltistan,conventional_alphaearth_embeddings_no_road_distance,Conventional + AlphaEarth Embeddings (road-distance ablation),0.057743738834358085,0.46324479531582,0
269,,0,non_landslide,75_35,1,75.53821081591863,35.942717814332106,Gilgit-Baltistan,conventional_alphaearth_embeddings_no_road_distance,Conventional + AlphaEarth Embeddings (road-distance ablation),0.05460929193574038,0.46324479531582,0
270,,0,non_landslide,75_35,1,75.07557908162362,35.46885806358453,Gilgit-Baltistan,conventional_alphaearth_embeddings_no_road_distance,Conventional + AlphaEarth Embeddings (road-distance ablation),0.050260280752019895,0.46324479531582,0
271,,0,non_landslide,76_37,1,76.34893781484983,37.15095137667274,"Kashgar (Xinjiang, China)",conventional_alphaearth_embeddings_no_road_distance,Conventional + AlphaEarth Embeddings (road-distance ablation),0.09160348734110414,0.46324479531582,0
272,,0,non_landslide,76_37,1,76.0749528097219,37.03192459225312,"Kashgar (Xinjiang, China)",conventional_alphaearth_embeddings_no_road_distance,Conventional + AlphaEarth Embeddings (road-distance ablation),0.14522432716282133,0.46324479531582,0
273,,0,non_landslide,76_37,1,76.99572596355111,37.16442678005626,"Kashgar (Xinjiang, China)",conventional_alphaearth_embeddings_no_road_distance,Conventional + AlphaEarth Embeddings (road-distance ablation),0.1463855930539987,0.46324479531582,0
274,,0,non_landslide,76_37,1,76.88343688082324,37.337350718908894,"Kashgar (Xinjiang, China)",conventional_alphaearth_embeddings_no_road_distance,Conventional + AlphaEarth Embeddings (road-distance ablation),0.805073150789644,0.46324479531582,1
275,,0,non_landslide,76_37,1,76.98674087492842,37.64278130466572,"Kashgar (Xinjiang, China)",conventional_alphaearth_embeddings_no_road_distance,Conventional + AlphaEarth Embeddings (road-distance ablation),0.0649721668112038,0.46324479531582,0
276,,0,non_landslide,76_37,1,76.9822505601676,37.94596004439055,"Kashgar (Xinjiang, China)",conventional_alphaearth_embeddings_no_road_distance,Conventional + AlphaEarth Embeddings (road-distance ablation),0.05867854238740471,0.46324479531582,0
277,,0,non_landslide,76_37,1,76.7756381128562,37.33959810583983,"Kashgar (Xinjiang, China)",conventional_alphaearth_embeddings_no_road_distance,Conventional + AlphaEarth Embeddings (road-distance ablation),0.11285133746634653,0.46324479531582,0
278,,0,non_landslide,76_37,1,76.05024938988582,37.58887969113167,"Kashgar (Xinjiang, China)",conventional_alphaearth_embeddings_no_road_distance,Conventional + AlphaEarth Embeddings (road-distance ablation),0.10001173033221995,0.46324479531582,0
279,,0,non_landslide,76_37,1,76.72174095842318,37.67421796709252,"Kashgar (Xinjiang, China)",conventional_alphaearth_embeddings_no_road_distance,Conventional + AlphaEarth Embeddings (road-distance ablation),0.2621942175528466,0.46324479531582,0
280,,0,non_landslide,76_37,1,76.04800200295489,37.79324475151214,"Kashgar (Xinjiang, China)",conventional_alphaearth_embeddings_no_road_distance,Conventional + AlphaEarth Embeddings (road-distance ablation),0.9735307902939908,0.46324479531582,1
281,,0,non_landslide,76_37,1,76.13334473801679,37.38226724382025,"Kashgar (Xinjiang, China)",conventional_alphaearth_embeddings_no_road_distance,Conventional + AlphaEarth Embeddings (road-distance ablation),0.18822318035839083,0.46324479531582,0
282,,0,non_landslide,76_37,1,76.61618957738706,37.65625224894818,"Kashgar (Xinjiang, China)",conventional_alphaearth_embeddings_no_road_distance,Conventional + AlphaEarth Embeddings (road-distance ablation),0.47880223901589225,0.46324479531582,1
283,,0,non_landslide,76_37,1,76.82953972639024,37.4137083653481,"Kashgar (Xinjiang, China)",conventional_alphaearth_embeddings_no_road_distance,Conventional + AlphaEarth Embeddings (road-distance ablation),0.2174878090528617,0.46324479531582,0
284,,0,non_landslide,76_37,1,76.38711663806944,37.036414907013935,"Kashgar (Xinjiang, China)",conventional_alphaearth_embeddings_no_road_distance,Conventional + AlphaEarth Embeddings (road-distance ablation),0.1005485638569559,0.46324479531582,0
285,,0,non_landslide,76_37,1,76.36690353299417,37.036414907013935,"Kashgar (Xinjiang, China)",conventional_alphaearth_embeddings_no_road_distance,Conventional + AlphaEarth Embeddings (road-distance ablation),0.08112486931212058,0.46324479531582,0
286,,0,non_landslide,76_37,1,76.5488125604695,37.53722546452855,"Kashgar (Xinjiang, China)",conventional_alphaearth_embeddings_no_road_distance,Conventional + AlphaEarth Embeddings (road-distance ablation),0.13777038445595377,0.46324479531582,0
287,,0,non_landslide,76_37,1,76.83852035591188,37.32837008938725,"Kashgar (Xinjiang, China)",conventional_alphaearth_embeddings_no_road_distance,Conventional + AlphaEarth Embeddings (road-distance ablation),0.9889085348656919,0.46324479531582,1
288,,0,non_landslide,76_37,1,76.02554597004973,37.97066346422665,"Kashgar (Xinjiang, China)",conventional_alphaearth_embeddings_no_road_distance,Conventional + AlphaEarth Embeddings (road-distance ablation),0.07691745393631973,0.46324479531582,0
289,,0,non_landslide,76_37,1,76.02779335698067,37.39349526027283,"Kashgar (Xinjiang, China)",conventional_alphaearth_embeddings_no_road_distance,Conventional + AlphaEarth Embeddings (road-distance ablation),0.09396002856100859,0.46324479531582,0
290,,0,non_landslide,76_37,1,76.79585121793146,37.12175764207584,"Kashgar (Xinjiang, China)",conventional_alphaearth_embeddings_no_road_distance,Conventional + AlphaEarth Embeddings (road-distance ablation),0.35590169122298493,0.46324479531582,0
291,,0,non_landslide,76_37,1,76.37139830685605,37.23179933787277,"Kashgar (Xinjiang, China)",conventional_alphaearth_embeddings_no_road_distance,Conventional + AlphaEarth Embeddings (road-distance ablation),0.09809313111991273,0.46324479531582,0
292,,0,non_landslide,76_37,1,76.22766810260032,37.20484853110575,"Kashgar (Xinjiang, China)",conventional_alphaearth_embeddings_no_road_distance,Conventional + AlphaEarth Embeddings (road-distance ablation),0.059592174069285096,0.46324479531582,0
293,,0,non_landslide,76_37,1,76.09291852786625,37.33959810583983,"Kashgar (Xinjiang, China)",conventional_alphaearth_embeddings_no_road_distance,Conventional + AlphaEarth Embeddings (road-distance ablation),0.2881787976974886,0.46324479531582,0
294,,0,non_landslide,76_37,1,76.73521636180669,37.389004945512006,"Kashgar (Xinjiang, China)",conventional_alphaearth_embeddings_no_road_distance,Conventional + AlphaEarth Embeddings (road-distance ablation),0.13247297774656122,0.46324479531582,0
295,,0,non_landslide,76_37,1,76.61843250521694,37.20035821634493,"Kashgar (Xinjiang, China)",conventional_alphaearth_embeddings_no_road_distance,Conventional + AlphaEarth Embeddings (road-distance ablation),0.09160875637094068,0.46324479531582,0
296,,0,non_landslide,76_37,1,76.33546241146632,37.48108092316461,"Kashgar (Xinjiang, China)",conventional_alphaearth_embeddings_no_road_distance,Conventional + AlphaEarth Embeddings (road-distance ablation),0.09875868536270613,0.46324479531582,0
297,,0,non_landslide,76_37,1,76.38711663806944,37.69892584602965,"Kashgar (Xinjiang, China)",conventional_alphaearth_embeddings_no_road_distance,Conventional + AlphaEarth Embeddings (road-distance ablation),0.08986834610417736,0.46324479531582,0
298,,0,non_landslide,76_37,1,76.35792290347253,37.20934330496761,"Kashgar (Xinjiang, China)",conventional_alphaearth_embeddings_no_road_distance,Conventional + AlphaEarth Embeddings (road-distance ablation),0.936633608728614,0.46324479531582,1
299,,0,non_landslide,76_37,1,76.98898826185936,37.788754436751326,"Kashgar (Xinjiang, China)",conventional_alphaearth_embeddings_no_road_distance,Conventional + AlphaEarth Embeddings (road-distance ablation),0.0624766124778831,0.46324479531582,0
300,,0,non_landslide,76_37,1,76.73745928963658,37.46311520502029,"Kashgar (Xinjiang, China)",conventional_alphaearth_embeddings_no_road_distance,Conventional + AlphaEarth Embeddings (road-distance ablation),0.12515936738894443,0.46324479531582,0
301,,0,non_landslide,76_37,1,76.6970375385871,37.18463988513154,"Kashgar (Xinjiang, China)",conventional_alphaearth_embeddings_no_road_distance,Conventional + AlphaEarth Embeddings (road-distance ablation),0.1923299954596357,0.46324479531582,0
302,,0,non_landslide,76_37,1,76.74419699132834,37.71239679031212,"Kashgar (Xinjiang, China)",conventional_alphaearth_embeddings_no_road_distance,Conventional + AlphaEarth Embeddings (road-distance ablation),0.10355406615217977,0.46324479531582,0
303,,0,non_landslide,76_37,1,76.34220011315809,37.09705422223975,"Kashgar (Xinjiang, China)",conventional_alphaearth_embeddings_no_road_distance,Conventional + AlphaEarth Embeddings (road-distance ablation),0.2673182719591415,0.46324479531582,0
304,,0,non_landslide,76_37,1,76.95080943863975,37.60010770758424,"Kashgar (Xinjiang, China)",conventional_alphaearth_embeddings_no_road_distance,Conventional + AlphaEarth Embeddings (road-distance ablation),0.07800466017135753,0.46324479531582,0
305,,0,non_landslide,76_37,1,76.22766810260032,37.06111832685002,"Kashgar (Xinjiang, China)",conventional_alphaearth_embeddings_no_road_distance,Conventional + AlphaEarth Embeddings (road-distance ablation),0.05045321748300338,0.46324479531582,0
306,,0,non_landslide,77_39,1,77.00246366524287,39.07559303246211,"Kashgar (Xinjiang, China)",conventional_alphaearth_embeddings_no_road_distance,Conventional + AlphaEarth Embeddings (road-distance ablation),0.06728049043987981,0.46324479531582,0
307,,0,non_landslide,77_39,1,77.8873053827834,39.04864222569508,"Kashgar (Xinjiang, China)",conventional_alphaearth_embeddings_no_road_distance,Conventional + AlphaEarth Embeddings (road-distance ablation),0.0530240923037357,0.46324479531582,0
308,,0,non_landslide,77_39,1,77.73683747683592,39.19911013164257,"Kashgar (Xinjiang, China)",conventional_alphaearth_embeddings_no_road_distance,Conventional + AlphaEarth Embeddings (road-distance ablation),0.07355387403635252,0.46324479531582,0
309,,0,non_landslide,77_39,1,77.09004932813465,39.6415287608623,"Kashgar (Xinjiang, China)",conventional_alphaearth_embeddings_no_road_distance,Conventional + AlphaEarth Embeddings (road-distance ablation),0.05748174766223866,0.46324479531582,0
310,,0,non_landslide,77_39,1,77.00021627831192,39.84589828034383,"Kashgar (Xinjiang, China)",conventional_alphaearth_embeddings_no_road_distance,Conventional + AlphaEarth Embeddings (road-distance ablation),0.07842722248967247,0.46324479531582,0
311,,0,non_landslide,77_39,1,77.82891345448853,39.38550947387871,"Kashgar (Xinjiang, China)",conventional_alphaearth_embeddings_no_road_distance,Conventional + AlphaEarth Embeddings (road-distance ablation),0.055768472756667506,0.46324479531582,0
312,,0,non_landslide,77_39,1,77.36403433326258,39.924498854612914,"Kashgar (Xinjiang, China)",conventional_alphaearth_embeddings_no_road_distance,Conventional + AlphaEarth Embeddings (road-distance ablation),0.06865932062275204,0.46324479531582,0
313,,0,non_landslide,77_39,1,77.97938136043601,39.00148277295384,"Kashgar (Xinjiang, China)",conventional_alphaearth_embeddings_no_road_distance,Conventional + AlphaEarth Embeddings (road-distance ablation),0.0535658794704469,0.46324479531582,0
314,,0,non_landslide,77_39,1,77.99734707858033,39.11826217044253,"Kashgar (Xinjiang, China)",conventional_alphaearth_embeddings_no_road_distance,Conventional + AlphaEarth Embeddings (road-distance ablation),0.05740909625179491,0.46324479531582,0
315,,0,non_landslide,77_39,1,77.32136519528216,39.387756860809645,"Kashgar (Xinjiang, China)",conventional_alphaearth_embeddings_no_road_distance,Conventional + AlphaEarth Embeddings (road-distance ablation),0.05181520190745464,0.46324479531582,0
316,,0,non_landslide,77_39,1,77.55717137719049,39.90204282170777,"Kashgar (Xinjiang, China)",conventional_alphaearth_embeddings_no_road_distance,Conventional + AlphaEarth Embeddings (road-distance ablation),0.1253874905755232,0.46324479531582,0
317,,0,non_landslide,77_39,1,77.16191220071198,39.14296559027862,"Kashgar (Xinjiang, China)",conventional_alphaearth_embeddings_no_road_distance,Conventional + AlphaEarth Embeddings (road-distance ablation),0.06132328813567444,0.46324479531582,0
318,,0,non_landslide,77_39,1,77.09902995765628,39.300171197917855,"Kashgar (Xinjiang, China)",conventional_alphaearth_embeddings_no_road_distance,Conventional + AlphaEarth Embeddings (road-distance ablation),0.05148303831260613,0.46324479531582,0
319,,0,non_landslide,77_39,1,77.5931072725802,39.10927708181984,"Kashgar (Xinjiang, China)",conventional_alphaearth_embeddings_no_road_distance,Conventional + AlphaEarth Embeddings (road-distance ablation),0.054250763675396184,0.46324479531582,0
320,,0,non_landslide,77_39,1,77.43814459277085,39.1384752755178,"Kashgar (Xinjiang, China)",conventional_alphaearth_embeddings_no_road_distance,Conventional + AlphaEarth Embeddings (road-distance ablation),0.0539135471211695,0.46324479531582,0
321,,0,non_landslide,77_39,1,77.48530850461314,39.79424405374071,"Kashgar (Xinjiang, China)",conventional_alphaearth_embeddings_no_road_distance,Conventional + AlphaEarth Embeddings (road-distance ablation),0.06277056497034052,0.46324479531582,0
322,,0,non_landslide,77_39,1,77.74357517852768,39.6886926727046,"Kashgar (Xinjiang, China)",conventional_alphaearth_embeddings_no_road_distance,Conventional + AlphaEarth Embeddings (road-distance ablation),0.06481232351155375,0.46324479531582,0
323,,0,non_landslide,77_39,1,77.92323681907207,39.64602353472417,"Kashgar (Xinjiang, China)",conventional_alphaearth_embeddings_no_road_distance,Conventional + AlphaEarth Embeddings (road-distance ablation),0.07695922397909698,0.46324479531582,0
324,,0,non_landslide,77_39,1,77.11924306273156,39.2170758497869,"Kashgar (Xinjiang, China)",conventional_alphaearth_embeddings_no_road_distance,Conventional + AlphaEarth Embeddings (road-distance ablation),0.05215677206069704,0.46324479531582,0
325,CPEC_LANDSLIDE_0012,1,landslide,74_38,1,74.8083273190864,38.9453382315899,"Kashgar (Xinjiang, China)",conventional_alphaearth_embeddings_no_road_distance,Conventional + AlphaEarth Embeddings (road-distance ablation),0.2653961347805845,0.46324479531582,0
326,CPEC_LANDSLIDE_0013,1,landslide,74_38,1,74.80383700432557,38.93860052989815,"Kashgar (Xinjiang, China)",conventional_alphaearth_embeddings_no_road_distance,Conventional + AlphaEarth Embeddings (road-distance ablation),0.5809353934108731,0.46324479531582,1
327,CPEC_LANDSLIDE_0041,1,landslide,75_35,1,75.13396655081745,35.60585056614848,Gilgit-Baltistan,conventional_alphaearth_embeddings_no_road_distance,Conventional + AlphaEarth Embeddings (road-distance ablation),0.992096820542196,0.46324479531582,1
328,CPEC_LANDSLIDE_0043,1,landslide,75_35,1,75.12947623605662,35.60360317921754,Gilgit-Baltistan,conventional_alphaearth_embeddings_no_road_distance,Conventional + AlphaEarth Embeddings (road-distance ablation),0.9934510015028979,0.46324479531582,1
329,CPEC_LANDSLIDE_0044,1,landslide,75_35,1,75.12947623605662,35.60360317921754,Gilgit-Baltistan,conventional_alphaearth_embeddings_no_road_distance,Conventional + AlphaEarth Embeddings (road-distance ablation),0.9934510015028979,0.46324479531582,1
330,CPEC_LANDSLIDE_0308,1,landslide,72_34,1,72.89491813885066,34.94333962713275,KP-AJK,conventional_alphaearth_embeddings_no_road_distance,Conventional + AlphaEarth Embeddings (road-distance ablation),0.9808141986182956,0.46324479531582,1
331,CPEC_LANDSLIDE_0313,1,landslide,72_34,1,72.94881529328366,34.759187671827554,KP-AJK,conventional_alphaearth_embeddings_no_road_distance,Conventional + AlphaEarth Embeddings (road-distance ablation),0.9825824252910214,0.46324479531582,1
332,CPEC_LANDSLIDE_0314,1,landslide,72_34,1,72.94881529328366,34.77041568828013,KP-AJK,conventional_alphaearth_embeddings_no_road_distance,Conventional + AlphaEarth Embeddings (road-distance ablation),0.9857232635878539,0.46324479531582,1
333,CPEC_LANDSLIDE_0315,1,landslide,72_34,1,72.97351871311976,34.70079574353268,KP-AJK,conventional_alphaearth_embeddings_no_road_distance,Conventional + AlphaEarth Embeddings (road-distance ablation),0.7258101023680721,0.46324479531582,1
334,CPEC_LANDSLIDE_0316,1,landslide,72_34,1,72.96453808359811,34.71876146167701,KP-AJK,conventional_alphaearth_embeddings_no_road_distance,Conventional + AlphaEarth Embeddings (road-distance ablation),0.9399838504918817,0.46324479531582,1
335,CPEC_LANDSLIDE_0363,1,landslide,74_38,1,74.94082950688954,38.28507467950512,"Kashgar (Xinjiang, China)",conventional_alphaearth_embeddings_no_road_distance,Conventional + AlphaEarth Embeddings (road-distance ablation),0.3424032783499101,0.46324479531582,0
336,CPEC_LANDSLIDE_0364,1,landslide,74_38,1,74.94307689382047,38.287322066436055,"Kashgar (Xinjiang, China)",conventional_alphaearth_embeddings_no_road_distance,Conventional + AlphaEarth Embeddings (road-distance ablation),0.3109190984704528,0.46324479531582,0
337,CPEC_LANDSLIDE_0367,1,landslide,74_38,1,74.94531982165036,38.287322066436055,"Kashgar (Xinjiang, China)",conventional_alphaearth_embeddings_no_road_distance,Conventional + AlphaEarth Embeddings (road-distance ablation),0.4123333057821842,0.46324479531582,0
338,CPEC_LANDSLIDE_0371,1,landslide,74_38,1,74.9857460318009,38.374907729327845,"Kashgar (Xinjiang, China)",conventional_alphaearth_embeddings_no_road_distance,Conventional + AlphaEarth Embeddings (road-distance ablation),0.8513005320724062,0.46324479531582,1
339,CPEC_LANDSLIDE_0372,1,landslide,74_38,1,74.9857460318009,38.374907729327845,"Kashgar (Xinjiang, China)",conventional_alphaearth_embeddings_no_road_distance,Conventional + AlphaEarth Embeddings (road-distance ablation),0.8513005320724062,0.46324479531582,1
340,CPEC_LANDSLIDE_0374,1,landslide,74_38,1,74.98349864486997,38.37715065715772,"Kashgar (Xinjiang, China)",conventional_alphaearth_embeddings_no_road_distance,Conventional + AlphaEarth Embeddings (road-distance ablation),0.6474549684704791,0.46324479531582,1
341,CPEC_LANDSLIDE_0375,1,landslide,74_38,1,74.98349864486997,38.372660342396905,"Kashgar (Xinjiang, China)",conventional_alphaearth_embeddings_no_road_distance,Conventional + AlphaEarth Embeddings (road-distance ablation),0.42196587305909145,0.46324479531582,0
342,CPEC_LANDSLIDE_0433,1,landslide,74_38,1,74.99697404825348,38.56804477325574,"Kashgar (Xinjiang, China)",conventional_alphaearth_embeddings_no_road_distance,Conventional + AlphaEarth Embeddings (road-distance ablation),0.9384631695825272,0.46324479531582,1
343,CPEC_LANDSLIDE_0434,1,landslide,74_38,1,74.99922143518441,38.57253508801655,"Kashgar (Xinjiang, China)",conventional_alphaearth_embeddings_no_road_distance,Conventional + AlphaEarth Embeddings (road-distance ablation),0.9580719330554446,0.46324479531582,1
344,CPEC_LANDSLIDE_0435,1,landslide,74_38,1,74.99922143518441,38.574782474947504,"Kashgar (Xinjiang, China)",conventional_alphaearth_embeddings_no_road_distance,Conventional + AlphaEarth Embeddings (road-distance ablation),0.9597186170184506,0.46324479531582,1
345,CPEC_LANDSLIDE_0436,1,landslide,74_38,1,74.99248373349266,38.583763104469135,"Kashgar (Xinjiang, China)",conventional_alphaearth_embeddings_no_road_distance,Conventional + AlphaEarth Embeddings (road-distance ablation),0.9015597312242611,0.46324479531582,1
346,CPEC_LANDSLIDE_0437,1,landslide,74_38,1,74.99248373349266,38.58601049140008,"Kashgar (Xinjiang, China)",conventional_alphaearth_embeddings_no_road_distance,Conventional + AlphaEarth Embeddings (road-distance ablation),0.9491325501331102,0.46324479531582,1
347,CPEC_LANDSLIDE_0438,1,landslide,74_38,1,74.98799341873183,38.5905008061609,"Kashgar (Xinjiang, China)",conventional_alphaearth_embeddings_no_road_distance,Conventional + AlphaEarth Embeddings (road-distance ablation),0.8928473262115446,0.46324479531582,1
348,CPEC_LANDSLIDE_0440,1,landslide,74_38,1,74.98799341873183,38.5905008061609,"Kashgar (Xinjiang, China)",conventional_alphaearth_embeddings_no_road_distance,Conventional + AlphaEarth Embeddings (road-distance ablation),0.8928473262115446,0.46324479531582,1
349,CPEC_LANDSLIDE_0441,1,landslide,74_38,1,74.98799341873183,38.59274819309183,"Kashgar (Xinjiang, China)",conventional_alphaearth_embeddings_no_road_distance,Conventional + AlphaEarth Embeddings (road-distance ablation),0.9303895449866607,0.46324479531582,1
350,CPEC_LANDSLIDE_0442,1,landslide,74_38,1,74.97227062841739,38.6376647180032,"Kashgar (Xinjiang, China)",conventional_alphaearth_embeddings_no_road_distance,Conventional + AlphaEarth Embeddings (road-distance ablation),0.9412758893708247,0.46324479531582,1
351,CPEC_LANDSLIDE_0448,1,landslide,74_38,1,74.97227062841739,38.6376647180032,"Kashgar (Xinjiang, China)",conventional_alphaearth_embeddings_no_road_distance,Conventional + AlphaEarth Embeddings (road-distance ablation),0.9412758893708247,0.46324479531582,1
352,CPEC_LANDSLIDE_0452,1,landslide,74_38,1,74.97227062841739,38.64215503276401,"Kashgar (Xinjiang, China)",conventional_alphaearth_embeddings_no_road_distance,Conventional + AlphaEarth Embeddings (road-distance ablation),0.6601235750280947,0.46324479531582,1
353,CPEC_LANDSLIDE_0454,1,landslide,74_38,1,74.97227062841739,38.65114012138671,"Kashgar (Xinjiang, China)",conventional_alphaearth_embeddings_no_road_distance,Conventional + AlphaEarth Embeddings (road-distance ablation),0.35566398545628586,0.46324479531582,0
354,CPEC_LANDSLIDE_0455,1,landslide,74_38,1,74.9857460318009,38.69156187243619,"Kashgar (Xinjiang, China)",conventional_alphaearth_embeddings_no_road_distance,Conventional + AlphaEarth Embeddings (road-distance ablation),0.9575625589973498,0.46324479531582,1
355,CPEC_LANDSLIDE_0456,1,landslide,74_38,1,74.98799341873183,38.69605218719702,"Kashgar (Xinjiang, China)",conventional_alphaearth_embeddings_no_road_distance,Conventional + AlphaEarth Embeddings (road-distance ablation),0.8849237685375828,0.46324479531582,1
356,CPEC_LANDSLIDE_0457,1,landslide,74_38,1,74.99922143518441,38.702789888888766,"Kashgar (Xinjiang, China)",conventional_alphaearth_embeddings_no_road_distance,Conventional + AlphaEarth Embeddings (road-distance ablation),0.9676293057992366,0.46324479531582,1
357,CPEC_LANDSLIDE_0575,1,landslide,74_38,1,74.97451801534832,38.77690014839705,"Kashgar (Xinjiang, China)",conventional_alphaearth_embeddings_no_road_distance,Conventional + AlphaEarth Embeddings (road-distance ablation),0.9046921826038723,0.46324479531582,1
358,CPEC_LANDSLIDE_0576,1,landslide,74_38,1,74.91163577229263,38.81283604378676,"Kashgar (Xinjiang, China)",conventional_alphaearth_embeddings_no_road_distance,Conventional + AlphaEarth Embeddings (road-distance ablation),0.9521438324586471,0.46324479531582,1
359,CPEC_LANDSLIDE_0578,1,landslide,74_38,1,74.91163577229263,38.81507897161664,"Kashgar (Xinjiang, China)",conventional_alphaearth_embeddings_no_road_distance,Conventional + AlphaEarth Embeddings (road-distance ablation),0.8963885779940757,0.46324479531582,1
360,CPEC_LANDSLIDE_0579,1,landslide,74_38,1,74.91163577229263,38.81507897161664,"Kashgar (Xinjiang, China)",conventional_alphaearth_embeddings_no_road_distance,Conventional + AlphaEarth Embeddings (road-distance ablation),0.8963885779940757,0.46324479531582,1
361,CPEC_LANDSLIDE_0581,1,landslide,74_38,1,74.8936700541483,38.81957374547851,"Kashgar (Xinjiang, China)",conventional_alphaearth_embeddings_no_road_distance,Conventional + AlphaEarth Embeddings (road-distance ablation),0.6933635888419768,0.46324479531582,1
362,CPEC_LANDSLIDE_0582,1,landslide,74_38,1,74.82854042416166,38.86448581128882,"Kashgar (Xinjiang, China)",conventional_alphaearth_embeddings_no_road_distance,Conventional + AlphaEarth Embeddings (road-distance ablation),0.9008723312663326,0.46324479531582,1
363,CPEC_LANDSLIDE_0583,1,landslide,74_38,1,74.82180272246991,38.87347089991152,"Kashgar (Xinjiang, China)",conventional_alphaearth_embeddings_no_road_distance,Conventional + AlphaEarth Embeddings (road-distance ablation),0.9456959960067661,0.46324479531582,1
364,CPEC_LANDSLIDE_0584,1,landslide,74_38,1,74.956552297204,38.68033385598361,"Kashgar (Xinjiang, China)",conventional_alphaearth_embeddings_no_road_distance,Conventional + AlphaEarth Embeddings (road-distance ablation),0.7019703253173744,0.46324479531582,1
365,CPEC_LANDSLIDE_0586,1,landslide,66_27,1,66.88518698957425,27.83766845734464,Balochistan,conventional_alphaearth_embeddings_no_road_distance,Conventional + AlphaEarth Embeddings (road-distance ablation),0.9807434333626329,0.46324479531582,1
366,CPEC_LANDSLIDE_0587,1,landslide,66_27,1,66.90540009464952,27.85563417548897,Balochistan,conventional_alphaearth_embeddings_no_road_distance,Conventional + AlphaEarth Embeddings (road-distance ablation),0.8728963474717496,0.46324479531582,1
367,CPEC_LANDSLIDE_0588,1,landslide,66_27,1,66.90989040941034,27.85338678855804,Balochistan,conventional_alphaearth_embeddings_no_road_distance,Conventional + AlphaEarth Embeddings (road-distance ablation),0.9041704064468444,0.46324479531582,1
368,CPEC_LANDSLIDE_0589,1,landslide,66_27,1,66.91213779634127,27.88482791008588,Balochistan,conventional_alphaearth_embeddings_no_road_distance,Conventional + AlphaEarth Embeddings (road-distance ablation),0.6748251893007596,0.46324479531582,1
369,CPEC_LANDSLIDE_0590,1,landslide,66_27,1,66.91213779634127,27.88707529701681,Balochistan,conventional_alphaearth_embeddings_no_road_distance,Conventional + AlphaEarth Embeddings (road-distance ablation),0.9315659072092718,0.46324479531582,1
370,CPEC_LANDSLIDE_0591,1,landslide,66_27,1,66.9256131997248,27.92974443499724,Balochistan,conventional_alphaearth_embeddings_no_road_distance,Conventional + AlphaEarth Embeddings (road-distance ablation),0.984795488633879,0.46324479531582,1
371,CPEC_LANDSLIDE_0598,1,landslide,64_28,1,64.94482700257149,28.881958710354287,Balochistan,conventional_alphaearth_embeddings_no_road_distance,Conventional + AlphaEarth Embeddings (road-distance ablation),0.9646140330098633,0.46324479531582,1
372,CPEC_LANDSLIDE_0599,1,landslide,64_28,1,64.94482700257149,28.879711323423347,Balochistan,conventional_alphaearth_embeddings_no_road_distance,Conventional + AlphaEarth Embeddings (road-distance ablation),0.961759080261325,0.46324479531582,1
373,CPEC_LANDSLIDE_0600,1,landslide,64_28,1,64.94482700257149,28.879711323423347,Balochistan,conventional_alphaearth_embeddings_no_road_distance,Conventional + AlphaEarth Embeddings (road-distance ablation),0.961759080261325,0.46324479531582,1
374,CPEC_LANDSLIDE_0622,1,landslide,63_26,1,63.96790930737835,26.65862862960089,Balochistan,conventional_alphaearth_embeddings_no_road_distance,Conventional + AlphaEarth Embeddings (road-distance ablation),0.6526177609134657,0.46324479531582,1
375,CPEC_LANDSLIDE_0624,1,landslide,63_26,1,63.96566192044742,26.65862862960089,Balochistan,conventional_alphaearth_embeddings_no_road_distance,Conventional + AlphaEarth Embeddings (road-distance ablation),0.9120509065876734,0.46324479531582,1
376,CPEC_LANDSLIDE_0625,1,landslide,63_26,1,63.93871111368039,26.65638124266996,Balochistan,conventional_alphaearth_embeddings_no_road_distance,Conventional + AlphaEarth Embeddings (road-distance ablation),0.6199155544733419,0.46324479531582,1
377,CPEC_LANDSLIDE_0627,1,landslide,63_26,1,63.93646818585051,26.65413831484008,Balochistan,conventional_alphaearth_embeddings_no_road_distance,Conventional + AlphaEarth Embeddings (road-distance ablation),0.16128180629904443,0.46324479531582,0
378,CPEC_LANDSLIDE_0628,1,landslide,63_26,1,63.93646818585051,26.65638124266996,Balochistan,conventional_alphaearth_embeddings_no_road_distance,Conventional + AlphaEarth Embeddings (road-distance ablation),0.7010749749501012,0.46324479531582,1
379,CPEC_LANDSLIDE_0630,1,landslide,63_26,1,63.934220798919576,26.65638124266997,Balochistan,conventional_alphaearth_embeddings_no_road_distance,Conventional + AlphaEarth Embeddings (road-distance ablation),0.8254694065523841,0.46324479531582,1
380,CPEC_LANDSLIDE_0632,1,landslide,63_26,1,63.918502467706176,26.476719602125577,Balochistan,conventional_alphaearth_embeddings_no_road_distance,Conventional + AlphaEarth Embeddings (road-distance ablation),0.47047929658443666,0.46324479531582,1
381,CPEC_LANDSLIDE_0633,1,landslide,63_26,1,63.91625508077523,26.47447221519464,Balochistan,conventional_alphaearth_embeddings_no_road_distance,Conventional + AlphaEarth Embeddings (road-distance ablation),0.3097188251681569,0.46324479531582,0
382,CPEC_LANDSLIDE_0634,1,landslide,63_26,1,63.9768899369,26.400361955686364,Balochistan,conventional_alphaearth_embeddings_no_road_distance,Conventional + AlphaEarth Embeddings (road-distance ablation),0.5713556422888544,0.46324479531582,1
383,CPEC_LANDSLIDE_0635,1,landslide,63_26,1,63.98362763859175,26.26561684005334,Balochistan,conventional_alphaearth_embeddings_no_road_distance,Conventional + AlphaEarth Embeddings (road-distance ablation),0.0992895413600301,0.46324479531582,0
384,CPEC_LANDSLIDE_0664,1,landslide,63_26,1,63.12798411474918,26.13760496701101,Balochistan,conventional_alphaearth_embeddings_no_road_distance,Conventional + AlphaEarth Embeddings (road-distance ablation),0.8544679231103425,0.46324479531582,1
385,CPEC_LANDSLIDE_0683,1,landslide,66_27,1,66.94357891786912,27.68271023663634,Balochistan,conventional_alphaearth_embeddings_no_road_distance,Conventional + AlphaEarth Embeddings (road-distance ablation),0.934211150707539,0.46324479531582,1
386,CPEC_LANDSLIDE_0685,1,landslide,66_27,1,66.28556275271528,27.087576314538182,Balochistan,conventional_alphaearth_embeddings_no_road_distance,Conventional + AlphaEarth Embeddings (road-distance ablation),0.41356018302690367,0.46324479531582,0
387,CPEC_LANDSLIDE_0687,1,landslide,66_27,1,66.28556275271528,27.123507750826843,Balochistan,conventional_alphaearth_embeddings_no_road_distance,Conventional + AlphaEarth Embeddings (road-distance ablation),0.5036648530233494,0.46324479531582,1
388,CPEC_LANDSLIDE_0689,1,landslide,66_27,1,66.46522439325966,27.565926380046587,Balochistan,conventional_alphaearth_embeddings_no_road_distance,Conventional + AlphaEarth Embeddings (road-distance ablation),0.9426215086113509,0.46324479531582,1
389,CPEC_LANDSLIDE_0690,1,landslide,66_27,1,66.46522439325966,27.563683452216708,Balochistan,conventional_alphaearth_embeddings_no_road_distance,Conventional + AlphaEarth Embeddings (road-distance ablation),0.9699959112529113,0.46324479531582,1
390,CPEC_LANDSLIDE_0691,1,landslide,66_27,1,66.46522439325966,27.561436065285765,Balochistan,conventional_alphaearth_embeddings_no_road_distance,Conventional + AlphaEarth Embeddings (road-distance ablation),0.7222858147826114,0.46324479531582,1
391,CPEC_LANDSLIDE_0692,1,landslide,66_27,1,66.4584866915679,27.556945750524942,Balochistan,conventional_alphaearth_embeddings_no_road_distance,Conventional + AlphaEarth Embeddings (road-distance ablation),0.6104754235001406,0.46324479531582,1
392,CPEC_LANDSLIDE_0693,1,landslide,66_27,1,66.4584866915679,27.550208048833188,Balochistan,conventional_alphaearth_embeddings_no_road_distance,Conventional + AlphaEarth Embeddings (road-distance ablation),0.8787869101962121,0.46324479531582,1
393,CPEC_LANDSLIDE_0694,1,landslide,66_27,1,66.47645240971224,27.568173766977523,Balochistan,conventional_alphaearth_embeddings_no_road_distance,Conventional + AlphaEarth Embeddings (road-distance ablation),0.9691938086165269,0.46324479531582,1
394,CPEC_LANDSLIDE_0695,1,landslide,66_27,1,66.55281005615144,27.61758060664971,Balochistan,conventional_alphaearth_embeddings_no_road_distance,Conventional + AlphaEarth Embeddings (road-distance ablation),0.9633933570022665,0.46324479531582,1
395,CPEC_LANDSLIDE_0696,1,landslide,66_27,1,66.55505744308238,27.613090291888884,Balochistan,conventional_alphaearth_embeddings_no_road_distance,Conventional + AlphaEarth Embeddings (road-distance ablation),0.974410622849688,0.46324479531582,1
396,CPEC_LANDSLIDE_0697,1,landslide,66_27,1,66.55505744308238,27.608595518027013,Balochistan,conventional_alphaearth_embeddings_no_road_distance,Conventional + AlphaEarth Embeddings (road-distance ablation),0.9716817011414794,0.46324479531582,1
397,CPEC_LANDSLIDE_0698,1,landslide,66_27,1,66.55505744308238,27.608595518027013,Balochistan,conventional_alphaearth_embeddings_no_road_distance,Conventional + AlphaEarth Embeddings (road-distance ablation),0.9716817011414794,0.46324479531582,1
398,CPEC_LANDSLIDE_0699,1,landslide,66_27,1,66.55730037091226,27.6041052032662,Balochistan,conventional_alphaearth_embeddings_no_road_distance,Conventional + AlphaEarth Embeddings (road-distance ablation),0.8472588607062944,0.46324479531582,1
399,CPEC_LANDSLIDE_0700,1,landslide,66_27,1,66.56179514477414,27.597367501574432,Balochistan,conventional_alphaearth_embeddings_no_road_distance,Conventional + AlphaEarth Embeddings (road-distance ablation),0.9752177340580365,0.46324479531582,1
400,CPEC_LANDSLIDE_0701,1,landslide,66_27,1,66.56403807260402,27.592877186813613,Balochistan,conventional_alphaearth_embeddings_no_road_distance,Conventional + AlphaEarth Embeddings (road-distance ablation),0.9579385820028018,0.46324479531582,1
401,CPEC_LANDSLIDE_0702,1,landslide,66_27,1,66.59098887937105,27.85563417548897,Balochistan,conventional_alphaearth_embeddings_no_road_distance,Conventional + AlphaEarth Embeddings (road-distance ablation),0.9798949061375173,0.46324479531582,1
402,CPEC_LANDSLIDE_0714,1,landslide,67_29,1,67.92723431475402,29.701670797908186,Balochistan,conventional_alphaearth_embeddings_no_road_distance,Conventional + AlphaEarth Embeddings (road-distance ablation),0.9850010625800387,0.46324479531582,1
403,CPEC_LANDSLIDE_0715,1,landslide,67_29,1,67.93172462951483,29.706165571770057,Balochistan,conventional_alphaearth_embeddings_no_road_distance,Conventional + AlphaEarth Embeddings (road-distance ablation),0.9835214235018856,0.46324479531582,1
404,CPEC_LANDSLIDE_0716,1,landslide,67_29,1,67.21531653606611,29.43217610754107,Balochistan,conventional_alphaearth_embeddings_no_road_distance,Conventional + AlphaEarth Embeddings (road-distance ablation),0.9585956805370065,0.46324479531582,1
405,CPEC_LANDSLIDE_0762,1,landslide,72_34,1,72.79385707257536,34.02032354547369,KP-AJK,conventional_alphaearth_embeddings_no_road_distance,Conventional + AlphaEarth Embeddings (road-distance ablation),0.9747540050133013,0.46324479531582,1
406,CPEC_LANDSLIDE_0763,1,landslide,72_34,1,72.79610000040525,34.01807615854274,KP-AJK,conventional_alphaearth_embeddings_no_road_distance,Conventional + AlphaEarth Embeddings (road-distance ablation),0.9766538405069042,0.46324479531582,1
407,CPEC_LANDSLIDE_0764,1,landslide,72_34,1,72.80508508902794,34.03155156192625,KP-AJK,conventional_alphaearth_embeddings_no_road_distance,Conventional + AlphaEarth Embeddings (road-distance ablation),0.9405984402144952,0.46324479531582,1
408,CPEC_LANDSLIDE_0765,1,landslide,72_34,1,72.80733247595887,34.03155156192625,KP-AJK,conventional_alphaearth_embeddings_no_road_distance,Conventional + AlphaEarth Embeddings (road-distance ablation),0.9569212186511088,0.46324479531582,1
409,CPEC_LANDSLIDE_0767,1,landslide,72_34,1,72.80733247595887,34.03155156192625,KP-AJK,conventional_alphaearth_embeddings_no_road_distance,Conventional + AlphaEarth Embeddings (road-distance ablation),0.9569212186511088,0.46324479531582,1
410,CPEC_LANDSLIDE_0768,1,landslide,72_34,1,72.80733247595887,34.03379894885719,KP-AJK,conventional_alphaearth_embeddings_no_road_distance,Conventional + AlphaEarth Embeddings (road-distance ablation),0.967712198436545,0.46324479531582,1
411,CPEC_LANDSLIDE_0769,1,landslide,72_34,1,72.80957540378876,34.03379894885718,KP-AJK,conventional_alphaearth_embeddings_no_road_distance,Conventional + AlphaEarth Embeddings (road-distance ablation),0.9720082430653242,0.46324479531582,1
412,CPEC_LANDSLIDE_0771,1,landslide,72_34,1,72.80957540378876,34.036041876687065,KP-AJK,conventional_alphaearth_embeddings_no_road_distance,Conventional + AlphaEarth Embeddings (road-distance ablation),0.9725358723408231,0.46324479531582,1
413,CPEC_LANDSLIDE_0772,1,landslide,72_34,1,72.8118227907197,34.03604187668707,KP-AJK,conventional_alphaearth_embeddings_no_road_distance,Conventional + AlphaEarth Embeddings (road-distance ablation),0.972829009490068,0.46324479531582,1
414,CPEC_LANDSLIDE_0775,1,landslide,72_34,1,72.02804213945446,34.53685243420169,KP-AJK,conventional_alphaearth_embeddings_no_road_distance,Conventional + AlphaEarth Embeddings (road-distance ablation),0.9721008887508076,0.46324479531582,1
415,CPEC_LANDSLIDE_0776,1,landslide,72_34,1,72.0302895263854,34.53460950637181,KP-AJK,conventional_alphaearth_embeddings_no_road_distance,Conventional + AlphaEarth Embeddings (road-distance ablation),0.96981275417015,0.46324479531582,1
416,CPEC_LANDSLIDE_0945,1,landslide,75_35,1,75.16091735758447,35.59686547752579,Gilgit-Baltistan,conventional_alphaearth_embeddings_no_road_distance,Conventional + AlphaEarth Embeddings (road-distance ablation),0.9923731555324048,0.46324479531582,1
417,CPEC_LANDSLIDE_0946,1,landslide,75_35,1,75.16989798710611,35.59461809059485,Gilgit-Baltistan,conventional_alphaearth_embeddings_no_road_distance,Conventional + AlphaEarth Embeddings (road-distance ablation),0.993972062001181,0.46324479531582,1
418,CPEC_LANDSLIDE_0947,1,landslide,75_35,1,75.19684879387313,35.59911286445672,Gilgit-Baltistan,conventional_alphaearth_embeddings_no_road_distance,Conventional + AlphaEarth Embeddings (road-distance ablation),0.9896470768912433,0.46324479531582,1
419,CPEC_LANDSLIDE_0948,1,landslide,75_35,1,75.2709590533814,35.58339007414227,Gilgit-Baltistan,conventional_alphaearth_embeddings_no_road_distance,Conventional + AlphaEarth Embeddings (road-distance ablation),0.9929730399700588,0.46324479531582,1
420,CPEC_LANDSLIDE_0949,1,landslide,75_35,1,75.29341954538761,35.58563746107321,Gilgit-Baltistan,conventional_alphaearth_embeddings_no_road_distance,Conventional + AlphaEarth Embeddings (road-distance ablation),0.9817810407965205,0.46324479531582,1
421,CPEC_LANDSLIDE_0950,1,landslide,75_35,1,75.29566247321749,35.58563746107322,Gilgit-Baltistan,conventional_alphaearth_embeddings_no_road_distance,Conventional + AlphaEarth Embeddings (road-distance ablation),0.9777372899119778,0.46324479531582,1
422,CPEC_LANDSLIDE_0951,1,landslide,75_35,1,75.30015724707937,35.58563746107321,Gilgit-Baltistan,conventional_alphaearth_embeddings_no_road_distance,Conventional + AlphaEarth Embeddings (road-distance ablation),0.9631187846054114,0.46324479531582,1
423,CPEC_LANDSLIDE_0952,1,landslide,75_35,1,75.30240017490925,35.58563746107321,Gilgit-Baltistan,conventional_alphaearth_embeddings_no_road_distance,Conventional + AlphaEarth Embeddings (road-distance ablation),0.9783078914112646,0.46324479531582,1
424,CPEC_LANDSLIDE_0953,1,landslide,75_35,1,75.32710359474535,35.59461809059485,Gilgit-Baltistan,conventional_alphaearth_embeddings_no_road_distance,Conventional + AlphaEarth Embeddings (road-distance ablation),0.9899032924928732,0.46324479531582,1
425,CPEC_LANDSLIDE_0954,1,landslide,75_35,1,75.34731669982061,35.52724553277834,Gilgit-Baltistan,conventional_alphaearth_embeddings_no_road_distance,Conventional + AlphaEarth Embeddings (road-distance ablation),0.9935073294515167,0.46324479531582,1
426,CPEC_LANDSLIDE_0955,1,landslide,75_35,1,75.36303949013507,35.48232900786697,Gilgit-Baltistan,conventional_alphaearth_embeddings_no_road_distance,Conventional + AlphaEarth Embeddings (road-distance ablation),0.9883937309346321,0.46324479531582,1
427,CPEC_LANDSLIDE_0956,1,landslide,75_35,1,75.36752980489588,35.47559130617523,Gilgit-Baltistan,conventional_alphaearth_embeddings_no_road_distance,Conventional + AlphaEarth Embeddings (road-distance ablation),0.9889033127025473,0.46324479531582,1
428,CPEC_LANDSLIDE_0957,1,landslide,75_35,1,75.3720201196567,35.46885806358452,Gilgit-Baltistan,conventional_alphaearth_embeddings_no_road_distance,Conventional + AlphaEarth Embeddings (road-distance ablation),0.9879375856036404,0.46324479531582,1
429,CPEC_LANDSLIDE_0958,1,landslide,75_35,1,75.37651043441753,35.4711009914144,Gilgit-Baltistan,conventional_alphaearth_embeddings_no_road_distance,Conventional + AlphaEarth Embeddings (road-distance ablation),0.9898360950855749,0.46324479531582,1
430,CPEC_LANDSLIDE_0959,1,landslide,75_35,1,75.419184031499,35.47334837834533,Gilgit-Baltistan,conventional_alphaearth_embeddings_no_road_distance,Conventional + AlphaEarth Embeddings (road-distance ablation),0.9915331874969725,0.46324479531582,1
431,CPEC_LANDSLIDE_0960,1,landslide,75_35,1,75.473081185932,35.410466135289646,Gilgit-Baltistan,conventional_alphaearth_embeddings_no_road_distance,Conventional + AlphaEarth Embeddings (road-distance ablation),0.991597378752888,0.46324479531582,1
432,CPEC_LANDSLIDE_0961,1,landslide,75_35,1,75.47083379900107,35.410466135289646,Gilgit-Baltistan,conventional_alphaearth_embeddings_no_road_distance,Conventional + AlphaEarth Embeddings (road-distance ablation),0.9894166263807695,0.46324479531582,1
433,CPEC_LANDSLIDE_0962,1,landslide,75_35,1,75.49778460576809,35.36779699730923,Gilgit-Baltistan,conventional_alphaearth_embeddings_no_road_distance,Conventional + AlphaEarth Embeddings (road-distance ablation),0.8032520220591115,0.46324479531582,1
434,CPEC_LANDSLIDE_0963,1,landslide,75_35,1,75.50003199269902,35.36554961037828,Gilgit-Baltistan,conventional_alphaearth_embeddings_no_road_distance,Conventional + AlphaEarth Embeddings (road-distance ablation),0.9923065873006981,0.46324479531582,1
435,CPEC_LANDSLIDE_0964,1,landslide,75_35,1,75.63253418050218,35.21283431749987,Gilgit-Baltistan,conventional_alphaearth_embeddings_no_road_distance,Conventional + AlphaEarth Embeddings (road-distance ablation),0.9833202270888599,0.46324479531582,1
436,CPEC_LANDSLIDE_0965,1,landslide,75_35,1,75.6415148100238,35.24652282595866,Gilgit-Baltistan,conventional_alphaearth_embeddings_no_road_distance,Conventional + AlphaEarth Embeddings (road-distance ablation),0.9858583702607127,0.46324479531582,1
437,CPEC_LANDSLIDE_0966,1,landslide,75_35,1,75.63028679357123,35.268978858863804,Gilgit-Baltistan,conventional_alphaearth_embeddings_no_road_distance,Conventional + AlphaEarth Embeddings (road-distance ablation),0.9791635016443951,0.46324479531582,1
438,CPEC_LANDSLIDE_0967,1,landslide,75_35,1,75.78300208644966,35.30266736732259,Gilgit-Baltistan,conventional_alphaearth_embeddings_no_road_distance,Conventional + AlphaEarth Embeddings (road-distance ablation),0.8481184047402036,0.46324479531582,1
439,CPEC_LANDSLIDE_0968,1,landslide,75_35,1,75.78300208644966,35.30041998039165,Gilgit-Baltistan,conventional_alphaearth_embeddings_no_road_distance,Conventional + AlphaEarth Embeddings (road-distance ablation),0.9391179509139012,0.46324479531582,1
440,CPEC_LANDSLIDE_0969,1,landslide,75_35,1,75.79872041766305,35.32961817408962,Gilgit-Baltistan,conventional_alphaearth_embeddings_no_road_distance,Conventional + AlphaEarth Embeddings (road-distance ablation),0.9896035334128354,0.46324479531582,1
441,CPEC_LANDSLIDE_0970,1,landslide,75_35,1,75.79872041766305,35.3318611019195,Gilgit-Baltistan,conventional_alphaearth_embeddings_no_road_distance,Conventional + AlphaEarth Embeddings (road-distance ablation),0.9913126955741036,0.46324479531582,1
442,CPEC_LANDSLIDE_0971,1,landslide,75_35,1,75.800967804594,35.33410848885044,Gilgit-Baltistan,conventional_alphaearth_embeddings_no_road_distance,Conventional + AlphaEarth Embeddings (road-distance ablation),0.9898401153590286,0.46324479531582,1
443,CPEC_LANDSLIDE_0972,1,landslide,75_35,1,75.800967804594,35.33635587578137,Gilgit-Baltistan,conventional_alphaearth_embeddings_no_road_distance,Conventional + AlphaEarth Embeddings (road-distance ablation),0.9870656276988207,0.46324479531582,1
444,CPEC_LANDSLIDE_0973,1,landslide,75_35,1,75.80321073242386,35.33635587578137,Gilgit-Baltistan,conventional_alphaearth_embeddings_no_road_distance,Conventional + AlphaEarth Embeddings (road-distance ablation),0.9792816940475852,0.46324479531582,1
445,CPEC_LANDSLIDE_0974,1,landslide,75_35,1,75.80321073242386,35.338598803611255,Gilgit-Baltistan,conventional_alphaearth_embeddings_no_road_distance,Conventional + AlphaEarth Embeddings (road-distance ablation),0.9705117174159791,0.46324479531582,1
446,CPEC_LANDSLIDE_0976,1,landslide,75_35,1,75.80321073242386,35.338598803611255,Gilgit-Baltistan,conventional_alphaearth_embeddings_no_road_distance,Conventional + AlphaEarth Embeddings (road-distance ablation),0.9705117174159791,0.46324479531582,1
447,CPEC_LANDSLIDE_0977,1,landslide,75_35,1,75.8054581193548,35.34309357747314,Gilgit-Baltistan,conventional_alphaearth_embeddings_no_road_distance,Conventional + AlphaEarth Embeddings (road-distance ablation),0.9176859373771397,0.46324479531582,1
448,CPEC_LANDSLIDE_0979,1,landslide,75_35,1,75.80770550628574,35.340846190542194,Gilgit-Baltistan,conventional_alphaearth_embeddings_no_road_distance,Conventional + AlphaEarth Embeddings (road-distance ablation),0.9817682525037169,0.46324479531582,1
449,CPEC_LANDSLIDE_0981,1,landslide,75_35,1,75.84812725733522,35.31389538377517,Gilgit-Baltistan,conventional_alphaearth_embeddings_no_road_distance,Conventional + AlphaEarth Embeddings (road-distance ablation),0.9916076296374511,0.46324479531582,1
450,CPEC_LANDSLIDE_0982,1,landslide,75_35,1,75.85037464426617,35.313895383775176,Gilgit-Baltistan,conventional_alphaearth_embeddings_no_road_distance,Conventional + AlphaEarth Embeddings (road-distance ablation),0.9725564398647748,0.46324479531582,1
451,CPEC_LANDSLIDE_0983,1,landslide,75_35,1,75.85037464426617,35.311652455945286,Gilgit-Baltistan,conventional_alphaearth_embeddings_no_road_distance,Conventional + AlphaEarth Embeddings (road-distance ablation),0.9889696045022196,0.46324479531582,1
452,CPEC_LANDSLIDE_0984,1,landslide,75_35,1,75.85261757209607,35.30940506901435,Gilgit-Baltistan,conventional_alphaearth_embeddings_no_road_distance,Conventional + AlphaEarth Embeddings (road-distance ablation),0.9825985811698122,0.46324479531582,1
453,CPEC_LANDSLIDE_0985,1,landslide,75_35,1,75.85486495902698,35.307157682083414,Gilgit-Baltistan,conventional_alphaearth_embeddings_no_road_distance,Conventional + AlphaEarth Embeddings (road-distance ablation),0.9902333880682969,0.46324479531582,1
454,CPEC_LANDSLIDE_0986,1,landslide,75_35,1,75.85486495902698,35.30491475425353,Gilgit-Baltistan,conventional_alphaearth_embeddings_no_road_distance,Conventional + AlphaEarth Embeddings (road-distance ablation),0.9876128383218018,0.46324479531582,1
455,CPEC_LANDSLIDE_0987,1,landslide,75_35,1,75.85486495902698,35.286949036109185,Gilgit-Baltistan,conventional_alphaearth_embeddings_no_road_distance,Conventional + AlphaEarth Embeddings (road-distance ablation),0.9849683576242256,0.46324479531582,1
456,CPEC_LANDSLIDE_0988,1,landslide,75_35,1,75.85486495902698,35.286949036109185,Gilgit-Baltistan,conventional_alphaearth_embeddings_no_road_distance,Conventional + AlphaEarth Embeddings (road-distance ablation),0.9849683576242256,0.46324479531582,1
457,CPEC_LANDSLIDE_0989,1,landslide,75_35,1,75.86385004764968,35.2487702128896,Gilgit-Baltistan,conventional_alphaearth_embeddings_no_road_distance,Conventional + AlphaEarth Embeddings (road-distance ablation),0.9717217253374273,0.46324479531582,1
458,CPEC_LANDSLIDE_0990,1,landslide,75_35,1,75.86385004764968,35.24652282595866,Gilgit-Baltistan,conventional_alphaearth_embeddings_no_road_distance,Conventional + AlphaEarth Embeddings (road-distance ablation),0.9819165300715239,0.46324479531582,1
459,CPEC_LANDSLIDE_0991,1,landslide,75_35,1,75.86609297547956,35.24427543902772,Gilgit-Baltistan,conventional_alphaearth_embeddings_no_road_distance,Conventional + AlphaEarth Embeddings (road-distance ablation),0.9889596255037554,0.46324479531582,1
460,CPEC_LANDSLIDE_0992,1,landslide,75_35,1,75.86609297547956,35.24203251119783,Gilgit-Baltistan,conventional_alphaearth_embeddings_no_road_distance,Conventional + AlphaEarth Embeddings (road-distance ablation),0.9895805645266144,0.46324479531582,1
461,CPEC_LANDSLIDE_0993,1,landslide,75_35,1,75.86834036241049,35.23753773733596,Gilgit-Baltistan,conventional_alphaearth_embeddings_no_road_distance,Conventional + AlphaEarth Embeddings (road-distance ablation),0.9909409455107973,0.46324479531582,1
462,CPEC_LANDSLIDE_0994,1,landslide,75_35,1,75.89079639531565,35.226309720883386,Gilgit-Baltistan,conventional_alphaearth_embeddings_no_road_distance,Conventional + AlphaEarth Embeddings (road-distance ablation),0.9917772879893457,0.46324479531582,1
463,CPEC_LANDSLIDE_0995,1,landslide,75_35,1,75.8930437822466,35.2240667930535,Gilgit-Baltistan,conventional_alphaearth_embeddings_no_road_distance,Conventional + AlphaEarth Embeddings (road-distance ablation),0.9930041757184653,0.46324479531582,1
464,CPEC_LANDSLIDE_0996,1,landslide,75_35,1,75.89753409700741,35.226309720883386,Gilgit-Baltistan,conventional_alphaearth_embeddings_no_road_distance,Conventional + AlphaEarth Embeddings (road-distance ablation),0.9930032501459555,0.46324479531582,1
465,CPEC_LANDSLIDE_0997,1,landslide,75_35,1,75.91549981515173,35.22181940612256,Gilgit-Baltistan,conventional_alphaearth_embeddings_no_road_distance,Conventional + AlphaEarth Embeddings (road-distance ablation),0.9931554512789307,0.46324479531582,1
466,CPEC_LANDSLIDE_0998,1,landslide,75_35,1,75.91549981515173,35.2240667930535,Gilgit-Baltistan,conventional_alphaearth_embeddings_no_road_distance,Conventional + AlphaEarth Embeddings (road-distance ablation),0.9932482367831322,0.46324479531582,1
467,CPEC_LANDSLIDE_0999,1,landslide,75_35,1,75.91549981515173,35.226309720883386,Gilgit-Baltistan,conventional_alphaearth_embeddings_no_road_distance,Conventional + AlphaEarth Embeddings (road-distance ablation),0.9794451684683236,0.46324479531582,1
468,CPEC_LANDSLIDE_1000,1,landslide,75_35,1,75.91999458901361,35.226309720883386,Gilgit-Baltistan,conventional_alphaearth_embeddings_no_road_distance,Conventional + AlphaEarth Embeddings (road-distance ablation),0.9881505226145507,0.46324479531582,1
469,CPEC_LANDSLIDE_1001,1,landslide,75_35,1,75.91999458901361,35.226309720883386,Gilgit-Baltistan,conventional_alphaearth_embeddings_no_road_distance,Conventional + AlphaEarth Embeddings (road-distance ablation),0.9881505226145507,0.46324479531582,1
470,CPEC_LANDSLIDE_1003,1,landslide,75_35,1,75.92448490377443,35.2240667930535,Gilgit-Baltistan,conventional_alphaearth_embeddings_no_road_distance,Conventional + AlphaEarth Embeddings (road-distance ablation),0.992144645191584,0.46324479531582,1
471,CPEC_LANDSLIDE_1004,1,landslide,75_35,1,75.92673229070537,35.2240667930535,Gilgit-Baltistan,conventional_alphaearth_embeddings_no_road_distance,Conventional + AlphaEarth Embeddings (road-distance ablation),0.9924012103008166,0.46324479531582,1
472,CPEC_LANDSLIDE_1005,1,landslide,75_35,1,75.94694093667958,35.20834400273905,Gilgit-Baltistan,conventional_alphaearth_embeddings_no_road_distance,Conventional + AlphaEarth Embeddings (road-distance ablation),0.9940652314401893,0.46324479531582,1
473,CPEC_LANDSLIDE_1006,1,landslide,75_35,1,75.95143571054146,35.203853687978224,Gilgit-Baltistan,conventional_alphaearth_embeddings_no_road_distance,Conventional + AlphaEarth Embeddings (road-distance ablation),0.9945614911916828,0.46324479531582,1
474,CPEC_LANDSLIDE_1007,1,landslide,75_35,1,75.96491111392497,35.19936337321741,Gilgit-Baltistan,conventional_alphaearth_embeddings_no_road_distance,Conventional + AlphaEarth Embeddings (road-distance ablation),0.9894983606466127,0.46324479531582,1
475,CPEC_LANDSLIDE_1008,1,landslide,75_35,1,75.98736714683012,35.19936337321741,Gilgit-Baltistan,conventional_alphaearth_embeddings_no_road_distance,Conventional + AlphaEarth Embeddings (road-distance ablation),0.9892129689222939,0.46324479531582,1
476,CPEC_LANDSLIDE_1030,1,landslide,75_35,1,75.59659828511245,35.01969727357197,Gilgit-Baltistan,conventional_alphaearth_embeddings_no_road_distance,Conventional + AlphaEarth Embeddings (road-distance ablation),0.23699561307813224,0.46324479531582,0
477,CPEC_LANDSLIDE_1034,1,landslide,75_35,1,75.55617653406297,35.181393195972014,Gilgit-Baltistan,conventional_alphaearth_embeddings_no_road_distance,Conventional + AlphaEarth Embeddings (road-distance ablation),0.0614231013364167,0.46324479531582,0
478,CPEC_LANDSLIDE_1035,1,landslide,75_35,1,75.60558337373514,35.1387240579916,Gilgit-Baltistan,conventional_alphaearth_embeddings_no_road_distance,Conventional + AlphaEarth Embeddings (road-distance ablation),0.7814624208557981,0.46324479531582,1
479,CPEC_LANDSLIDE_1036,1,landslide,75_35,1,75.60558337373514,35.14097144492253,Gilgit-Baltistan,conventional_alphaearth_embeddings_no_road_distance,Conventional + AlphaEarth Embeddings (road-distance ablation),0.9203790552466525,0.46324479531582,1
480,CPEC_LANDSLIDE_1037,1,landslide,75_35,1,75.51126000915161,35.170165179519444,Gilgit-Baltistan,conventional_alphaearth_embeddings_no_road_distance,Conventional + AlphaEarth Embeddings (road-distance ablation),0.05966262130373355,0.46324479531582,0
481,CPEC_ROCKFALL_0013,1,rockfall,76_37,1,76.0210556552889,37.84714636504621,"Kashgar (Xinjiang, China)",conventional_alphaearth_embeddings_no_road_distance,Conventional + AlphaEarth Embeddings (road-distance ablation),0.9918067370670848,0.46324479531582,1
482,CPEC_ROCKFALL_0015,1,rockfall,76_37,1,76.06596772109923,37.84489897811525,"Kashgar (Xinjiang, China)",conventional_alphaearth_embeddings_no_road_distance,Conventional + AlphaEarth Embeddings (road-distance ablation),0.9925647558570218,0.46324479531582,1
483,CPEC_ROCKFALL_0016,1,rockfall,76_37,1,76.14457275446937,37.82693325997093,"Kashgar (Xinjiang, China)",conventional_alphaearth_embeddings_no_road_distance,Conventional + AlphaEarth Embeddings (road-distance ablation),0.9924884885506798,0.46324479531582,1
484,CPEC_ROCKFALL_0017,1,rockfall,76_37,1,76.20296468276423,37.788754436751326,"Kashgar (Xinjiang, China)",conventional_alphaearth_embeddings_no_road_distance,Conventional + AlphaEarth Embeddings (road-distance ablation),0.9937050417116373,0.46324479531582,1
485,CPEC_ROCKFALL_0018,1,rockfall,76_37,1,76.19846990890237,37.77977380722969,"Kashgar (Xinjiang, China)",conventional_alphaearth_embeddings_no_road_distance,Conventional + AlphaEarth Embeddings (road-distance ablation),0.9928162187399415,0.46324479531582,1
486,CPEC_ROCKFALL_0019,1,rockfall,76_37,1,76.18724189244979,37.757313315223485,"Kashgar (Xinjiang, China)",conventional_alphaearth_embeddings_no_road_distance,Conventional + AlphaEarth Embeddings (road-distance ablation),0.9560838680674085,0.46324479531582,1
487,CPEC_ROCKFALL_0020,1,rockfall,76_37,1,76.19846990890237,37.69218814433791,"Kashgar (Xinjiang, China)",conventional_alphaearth_embeddings_no_road_distance,Conventional + AlphaEarth Embeddings (road-distance ablation),0.9615367427471476,0.46324479531582,1
488,CPEC_ROCKFALL_0021,1,rockfall,76_37,1,76.21419269921681,37.66074702281006,"Kashgar (Xinjiang, China)",conventional_alphaearth_embeddings_no_road_distance,Conventional + AlphaEarth Embeddings (road-distance ablation),0.9648182598459027,0.46324479531582,1
489,CPEC_ROCKFALL_0022,1,rockfall,76_37,1,76.2007172958333,37.65849963587912,"Kashgar (Xinjiang, China)",conventional_alphaearth_embeddings_no_road_distance,Conventional + AlphaEarth Embeddings (road-distance ablation),0.9796169512524799,0.46324479531582,1
490,CPEC_ROCKFALL_0023,1,rockfall,76_37,1,76.18948927938072,37.65849963587912,"Kashgar (Xinjiang, China)",conventional_alphaearth_embeddings_no_road_distance,Conventional + AlphaEarth Embeddings (road-distance ablation),0.9901892022440039,0.46324479531582,1
491,CPEC_ROCKFALL_0037,1,rockfall,66_27,1,66.90540009464952,27.70291888261055,Balochistan,conventional_alphaearth_embeddings_no_road_distance,Conventional + AlphaEarth Embeddings (road-distance ablation),0.9800802462004418,0.46324479531582,1
492,CPEC_ROCKFALL_0063,1,rockfall,63_26,1,63.98362763859175,26.402609342617307,Balochistan,conventional_alphaearth_embeddings_no_road_distance,Conventional + AlphaEarth Embeddings (road-distance ablation),0.26585895925941067,0.46324479531582,0
493,CPEC_ROCKFALL_0064,1,rockfall,63_26,1,63.99036534028351,26.398119027856485,Balochistan,conventional_alphaearth_embeddings_no_road_distance,Conventional + AlphaEarth Embeddings (road-distance ablation),0.33802714973328996,0.46324479531582,0
494,CPEC_ROCKFALL_0065,1,rockfall,63_26,1,63.96566192044742,26.33972709956161,Balochistan,conventional_alphaearth_embeddings_no_road_distance,Conventional + AlphaEarth Embeddings (road-distance ablation),0.33127093718723377,0.46324479531582,0
495,CPEC_ROCKFALL_0066,1,rockfall,63_26,1,63.96790930737835,26.337479712630675,Balochistan,conventional_alphaearth_embeddings_no_road_distance,Conventional + AlphaEarth Embeddings (road-distance ablation),0.20960270407411885,0.46324479531582,0
496,CPEC_ROCKFALL_0067,1,rockfall,63_26,1,63.97015223520823,26.33298939786986,Balochistan,conventional_alphaearth_embeddings_no_road_distance,Conventional + AlphaEarth Embeddings (road-distance ablation),0.30887198183037085,0.46324479531582,0
497,CPEC_ROCKFALL_0069,1,rockfall,63_26,1,63.96566192044742,26.07697011088626,Balochistan,conventional_alphaearth_embeddings_no_road_distance,Conventional + AlphaEarth Embeddings (road-distance ablation),0.7580355362917938,0.46324479531582,1
498,CPEC_ROCKFALL_0071,1,rockfall,63_26,1,63.96341899261753,26.07697011088626,Balochistan,conventional_alphaearth_embeddings_no_road_distance,Conventional + AlphaEarth Embeddings (road-distance ablation),0.8257483749568806,0.46324479531582,1
499,CPEC_ROCKFALL_0073,1,rockfall,63_26,1,63.961171605686594,26.07697011088626,Balochistan,conventional_alphaearth_embeddings_no_road_distance,Conventional + AlphaEarth Embeddings (road-distance ablation),0.7474975330216393,0.46324479531582,1
500,CPEC_ROCKFALL_0074,1,rockfall,63_26,1,63.95892421875566,26.07697011088626,Balochistan,conventional_alphaearth_embeddings_no_road_distance,Conventional + AlphaEarth Embeddings (road-distance ablation),0.8399071208975272,0.46324479531582,1
501,CPEC_ROCKFALL_0076,1,rockfall,63_26,1,63.95892421875566,26.07697011088626,Balochistan,conventional_alphaearth_embeddings_no_road_distance,Conventional + AlphaEarth Embeddings (road-distance ablation),0.8399071208975272,0.46324479531582,1
502,CPEC_ROCKFALL_0077,1,rockfall,63_26,1,63.95668129092578,26.07697011088626,Balochistan,conventional_alphaearth_embeddings_no_road_distance,Conventional + AlphaEarth Embeddings (road-distance ablation),0.6227269371367669,0.46324479531582,1
503,CPEC_ROCKFALL_0194,1,rockfall,63_26,1,63.12124641305742,26.124129563627505,Balochistan,conventional_alphaearth_embeddings_no_road_distance,Conventional + AlphaEarth Embeddings (road-distance ablation),0.8674051844942351,0.46324479531582,1
504,CPEC_ROCKFALL_0195,1,rockfall,63_26,1,63.14370244596258,26.180274104991447,Balochistan,conventional_alphaearth_embeddings_no_road_distance,Conventional + AlphaEarth Embeddings (road-distance ablation),0.20158865755103908,0.46324479531582,0
505,CPEC_ROCKFALL_0266,1,rockfall,66_27,1,66.11263435476158,27.15270148542376,Balochistan,conventional_alphaearth_embeddings_no_road_distance,Conventional + AlphaEarth Embeddings (road-distance ablation),0.3078438693029467,0.46324479531582,0
506,CPEC_ROCKFALL_0270,1,rockfall,66_27,1,66.2900530674761,27.085328927607247,Balochistan,conventional_alphaearth_embeddings_no_road_distance,Conventional + AlphaEarth Embeddings (road-distance ablation),0.6901940003362527,0.46324479531582,1
507,CPEC_ROCKFALL_0271,1,rockfall,66_27,1,66.28556275271528,27.085328927607247,Balochistan,conventional_alphaearth_embeddings_no_road_distance,Conventional + AlphaEarth Embeddings (road-distance ablation),0.45372655983588345,0.46324479531582,0
508,CPEC_ROCKFALL_0272,1,rockfall,66_27,1,66.28331536578433,27.087576314538182,Balochistan,conventional_alphaearth_embeddings_no_road_distance,Conventional + AlphaEarth Embeddings (road-distance ablation),0.7308449754469895,0.46324479531582,1
509,CPEC_ROCKFALL_0274,1,rockfall,66_27,1,66.28331536578433,27.089819242368065,Balochistan,conventional_alphaearth_embeddings_no_road_distance,Conventional + AlphaEarth Embeddings (road-distance ablation),0.567644958905017,0.46324479531582,1
510,CPEC_ROCKFALL_0275,1,rockfall,66_27,1,66.28780568054516,27.087576314538182,Balochistan,conventional_alphaearth_embeddings_no_road_distance,Conventional + AlphaEarth Embeddings (road-distance ablation),0.595830406908047,0.46324479531582,1
511,CPEC_ROCKFALL_0277,1,rockfall,66_27,1,66.28331536578433,27.12350775082685,Balochistan,conventional_alphaearth_embeddings_no_road_distance,Conventional + AlphaEarth Embeddings (road-distance ablation),0.14669733599149617,0.46324479531582,0
512,CPEC_ROCKFALL_0279,1,rockfall,66_27,1,66.2900530674761,27.179652292190784,Balochistan,conventional_alphaearth_embeddings_no_road_distance,Conventional + AlphaEarth Embeddings (road-distance ablation),0.9745657818147364,0.46324479531582,1
513,CPEC_ROCKFALL_0280,1,rockfall,66_27,1,66.28780568054516,27.184142606951607,Balochistan,conventional_alphaearth_embeddings_no_road_distance,Conventional + AlphaEarth Embeddings (road-distance ablation),0.9564615057617314,0.46324479531582,1
514,CPEC_ROCKFALL_0281,1,rockfall,66_27,1,66.28780568054516,27.188632921712426,Balochistan,conventional_alphaearth_embeddings_no_road_distance,Conventional + AlphaEarth Embeddings (road-distance ablation),0.8949293021718743,0.46324479531582,1
515,CPEC_ROCKFALL_0282,1,rockfall,66_27,1,66.28780568054516,27.188632921712426,Balochistan,conventional_alphaearth_embeddings_no_road_distance,Conventional + AlphaEarth Embeddings (road-distance ablation),0.8949293021718743,0.46324479531582,1
516,CPEC_ROCKFALL_0283,1,rockfall,66_27,1,66.28780568054516,27.1931276955743,Balochistan,conventional_alphaearth_embeddings_no_road_distance,Conventional + AlphaEarth Embeddings (road-distance ablation),0.41570820971661443,0.46324479531582,0
517,CPEC_ROCKFALL_0285,1,rockfall,66_27,1,66.2900530674761,27.19537062340418,Balochistan,conventional_alphaearth_embeddings_no_road_distance,Conventional + AlphaEarth Embeddings (road-distance ablation),0.8205490146364649,0.46324479531582,1
518,CPEC_ROCKFALL_0286,1,rockfall,66_27,1,66.29230045440703,27.188632921712426,Balochistan,conventional_alphaearth_embeddings_no_road_distance,Conventional + AlphaEarth Embeddings (road-distance ablation),0.9530327115423491,0.46324479531582,1
519,CPEC_ROCKFALL_0287,1,rockfall,66_27,1,66.29230045440703,27.18189967912172,Balochistan,conventional_alphaearth_embeddings_no_road_distance,Conventional + AlphaEarth Embeddings (road-distance ablation),0.9336620617198156,0.46324479531582,1
520,CPEC_ROCKFALL_0288,1,rockfall,66_27,1,66.29454338223691,27.16392950187633,Balochistan,conventional_alphaearth_embeddings_no_road_distance,Conventional + AlphaEarth Embeddings (road-distance ablation),0.8461802548011127,0.46324479531582,1
521,CPEC_ROCKFALL_0289,1,rockfall,66_27,1,66.46747178019059,27.565926380046587,Balochistan,conventional_alphaearth_embeddings_no_road_distance,Conventional + AlphaEarth Embeddings (road-distance ablation),0.969057642465384,0.46324479531582,1
522,CPEC_ROCKFALL_0290,1,rockfall,66_27,1,66.46297700632873,27.55918867835483,Balochistan,conventional_alphaearth_embeddings_no_road_distance,Conventional + AlphaEarth Embeddings (road-distance ablation),0.7473640234702833,0.46324479531582,1
523,CPEC_ROCKFALL_0291,1,rockfall,66_27,1,66.45399637680708,27.554698363594007,Balochistan,conventional_alphaearth_embeddings_no_road_distance,Conventional + AlphaEarth Embeddings (road-distance ablation),0.8940561394984947,0.46324479531582,1
524,CPEC_ROCKFALL_0292,1,rockfall,66_27,1,66.44950606204627,27.5412229602105,Balochistan,conventional_alphaearth_embeddings_no_road_distance,Conventional + AlphaEarth Embeddings (road-distance ablation),0.9645189503881259,0.46324479531582,1
525,CPEC_ROCKFALL_0293,1,rockfall,66_27,1,66.44725867511532,27.541222960210494,Balochistan,conventional_alphaearth_embeddings_no_road_distance,Conventional + AlphaEarth Embeddings (road-distance ablation),0.527204875300665,0.46324479531582,1
526,CPEC_ROCKFALL_0294,1,rockfall,66_27,1,66.44950606204627,27.53898003238061,Balochistan,conventional_alphaearth_embeddings_no_road_distance,Conventional + AlphaEarth Embeddings (road-distance ablation),0.9092634885367399,0.46324479531582,1
527,CPEC_ROCKFALL_0295,1,rockfall,66_27,1,66.47420948188235,27.565926380046594,Balochistan,conventional_alphaearth_embeddings_no_road_distance,Conventional + AlphaEarth Embeddings (road-distance ablation),0.8268884754957181,0.46324479531582,1
528,CPEC_ROCKFALL_0296,1,rockfall,66_27,1,66.48094718357412,27.577154396499164,Balochistan,conventional_alphaearth_embeddings_no_road_distance,Conventional + AlphaEarth Embeddings (road-distance ablation),0.26004875314450804,0.46324479531582,0
529,CPEC_ROCKFALL_0297,1,rockfall,66_27,1,66.48094718357412,27.574911468669274,Balochistan,conventional_alphaearth_embeddings_no_road_distance,Conventional + AlphaEarth Embeddings (road-distance ablation),0.9058681735261027,0.46324479531582,1
530,CPEC_ROCKFALL_0298,1,rockfall,66_27,1,66.48768488526586,27.58164917036104,Balochistan,conventional_alphaearth_embeddings_no_road_distance,Conventional + AlphaEarth Embeddings (road-distance ablation),0.8859920210871662,0.46324479531582,1
531,CPEC_ROCKFALL_0299,1,rockfall,66_27,1,66.48543749833493,27.579401783430097,Balochistan,conventional_alphaearth_embeddings_no_road_distance,Conventional + AlphaEarth Embeddings (road-distance ablation),0.9583245664649226,0.46324479531582,1
532,CPEC_ROCKFALL_0300,1,rockfall,66_27,1,66.5348443380071,27.63779371172497,Balochistan,conventional_alphaearth_embeddings_no_road_distance,Conventional + AlphaEarth Embeddings (road-distance ablation),0.835910624967422,0.46324479531582,1
533,CPEC_ROCKFALL_0301,1,rockfall,66_27,1,66.53709172493805,27.640036639554857,Balochistan,conventional_alphaearth_embeddings_no_road_distance,Conventional + AlphaEarth Embeddings (road-distance ablation),0.9517506614978058,0.46324479531582,1
534,CPEC_ROCKFALL_0303,1,rockfall,66_27,1,66.53933465276793,27.640036639554857,Balochistan,conventional_alphaearth_embeddings_no_road_distance,Conventional + AlphaEarth Embeddings (road-distance ablation),0.9398807515892447,0.46324479531582,1
535,CPEC_ROCKFALL_0304,1,rockfall,66_27,1,66.5438294266298,27.640036639554857,Balochistan,conventional_alphaearth_embeddings_no_road_distance,Conventional + AlphaEarth Embeddings (road-distance ablation),0.8883320232306945,0.46324479531582,1
536,CPEC_ROCKFALL_0305,1,rockfall,66_27,1,66.5438294266298,27.63779371172497,Balochistan,conventional_alphaearth_embeddings_no_road_distance,Conventional + AlphaEarth Embeddings (road-distance ablation),0.9088315561750112,0.46324479531582,1
537,CPEC_ROCKFALL_0306,1,rockfall,66_27,1,66.54607235445968,27.63554632479404,Balochistan,conventional_alphaearth_embeddings_no_road_distance,Conventional + AlphaEarth Embeddings (road-distance ablation),0.7814669764901966,0.46324479531582,1
538,CPEC_ROCKFALL_0307,1,rockfall,66_27,1,66.55281005615144,27.61982799358065,Balochistan,conventional_alphaearth_embeddings_no_road_distance,Conventional + AlphaEarth Embeddings (road-distance ablation),0.8890884362002082,0.46324479531582,1
539,CPEC_ROCKFALL_0308,1,rockfall,66_27,1,66.55281005615144,27.613090291888884,Balochistan,conventional_alphaearth_embeddings_no_road_distance,Conventional + AlphaEarth Embeddings (road-distance ablation),0.9651821189310986,0.46324479531582,1
540,CPEC_ROCKFALL_0309,1,rockfall,66_27,1,66.55505744308238,27.61084290495795,Balochistan,conventional_alphaearth_embeddings_no_road_distance,Conventional + AlphaEarth Embeddings (road-distance ablation),0.9761873890314371,0.46324479531582,1
541,CPEC_ROCKFALL_0310,1,rockfall,66_27,1,66.56179514477414,27.60185781633525,Balochistan,conventional_alphaearth_embeddings_no_road_distance,Conventional + AlphaEarth Embeddings (road-distance ablation),0.7353500053010423,0.46324479531582,1
542,CPEC_ROCKFALL_0311,1,rockfall,66_27,1,66.56179514477414,27.59961488850537,Balochistan,conventional_alphaearth_embeddings_no_road_distance,Conventional + AlphaEarth Embeddings (road-distance ablation),0.9874711725089973,0.46324479531582,1
543,CPEC_ROCKFALL_0312,1,rockfall,66_27,1,66.59547919413187,27.90953132992197,Balochistan,conventional_alphaearth_embeddings_no_road_distance,Conventional + AlphaEarth Embeddings (road-distance ablation),0.9464992824475371,0.46324479531582,1
544,CPEC_ROCKFALL_0314,1,rockfall,66_27,1,66.593236266302,27.90953132992197,Balochistan,conventional_alphaearth_embeddings_no_road_distance,Conventional + AlphaEarth Embeddings (road-distance ablation),0.958871267855068,0.46324479531582,1
545,CPEC_ROCKFALL_0315,1,rockfall,66_27,1,66.593236266302,27.911778716852904,Balochistan,conventional_alphaearth_embeddings_no_road_distance,Conventional + AlphaEarth Embeddings (road-distance ablation),0.9513155263476744,0.46324479531582,1
546,CPEC_ROCKFALL_0316,1,rockfall,66_27,1,66.59098887937105,27.918516418544662,Balochistan,conventional_alphaearth_embeddings_no_road_distance,Conventional + AlphaEarth Embeddings (road-distance ablation),0.9250702287086183,0.46324479531582,1
547,CPEC_ROCKFALL_0340,1,rockfall,66_27,1,66.15530795184307,27.64902172817756,Balochistan,conventional_alphaearth_embeddings_no_road_distance,Conventional + AlphaEarth Embeddings (road-distance ablation),0.7103569844505356,0.46324479531582,1
548,CPEC_ROCKFALL_0341,1,rockfall,66_27,1,66.34844499577096,27.7343600041384,Balochistan,conventional_alphaearth_embeddings_no_road_distance,Conventional + AlphaEarth Embeddings (road-distance ablation),0.259728947349562,0.46324479531582,0
549,CPEC_ROCKFALL_0342,1,rockfall,66_27,1,66.35742562529262,27.73885477800027,Balochistan,conventional_alphaearth_embeddings_no_road_distance,Conventional + AlphaEarth Embeddings (road-distance ablation),0.9210605942554341,0.46324479531582,1
550,CPEC_ROCKFALL_0343,1,rockfall,66_27,1,66.35742562529262,27.73660739106933,Balochistan,conventional_alphaearth_embeddings_no_road_distance,Conventional + AlphaEarth Embeddings (road-distance ablation),0.33101867644052746,0.46324479531582,0
551,CPEC_ROCKFALL_0344,1,rockfall,66_27,1,66.35742562529262,27.73660739106933,Balochistan,conventional_alphaearth_embeddings_no_road_distance,Conventional + AlphaEarth Embeddings (road-distance ablation),0.33101867644052746,0.46324479531582,0
552,CPEC_ROCKFALL_0345,1,rockfall,66_27,1,66.35967301222354,27.73660739106933,Balochistan,conventional_alphaearth_embeddings_no_road_distance,Conventional + AlphaEarth Embeddings (road-distance ablation),0.2682382479932567,0.46324479531582,0
553,CPEC_ROCKFALL_0346,1,rockfall,66_27,1,66.36192039915449,27.7343600041384,Balochistan,conventional_alphaearth_embeddings_no_road_distance,Conventional + AlphaEarth Embeddings (road-distance ablation),0.33104325944769536,0.46324479531582,0
554,CPEC_ROCKFALL_0347,1,rockfall,66_27,1,66.4921752000267,27.77703360121988,Balochistan,conventional_alphaearth_embeddings_no_road_distance,Conventional + AlphaEarth Embeddings (road-distance ablation),0.7475567032734602,0.46324479531582,1
555,CPEC_ROCKFALL_0348,1,rockfall,66_27,1,66.49441812785658,27.77703360121988,Balochistan,conventional_alphaearth_embeddings_no_road_distance,Conventional + AlphaEarth Embeddings (road-distance ablation),0.8775118332479458,0.46324479531582,1
556,CPEC_ROCKFALL_0349,1,rockfall,66_27,1,66.49441812785658,27.77703360121988,Balochistan,conventional_alphaearth_embeddings_no_road_distance,Conventional + AlphaEarth Embeddings (road-distance ablation),0.8775118332479458,0.46324479531582,1
557,CPEC_ROCKFALL_0351,1,rockfall,66_27,1,66.49666551478751,27.77703360121988,Balochistan,conventional_alphaearth_embeddings_no_road_distance,Conventional + AlphaEarth Embeddings (road-distance ablation),0.8840589318363434,0.46324479531582,1
558,CPEC_ROCKFALL_0353,1,rockfall,66_27,1,66.49891290171844,27.774786214288937,Balochistan,conventional_alphaearth_embeddings_no_road_distance,Conventional + AlphaEarth Embeddings (road-distance ablation),0.8687079719242323,0.46324479531582,1
559,CPEC_ROCKFALL_0354,1,rockfall,66_27,1,66.50115582954832,27.772538827358,Balochistan,conventional_alphaearth_embeddings_no_road_distance,Conventional + AlphaEarth Embeddings (road-distance ablation),0.9524416823642938,0.46324479531582,1
560,CPEC_ROCKFALL_0355,1,rockfall,66_27,1,66.51014091817102,27.76580112566624,Balochistan,conventional_alphaearth_embeddings_no_road_distance,Conventional + AlphaEarth Embeddings (road-distance ablation),0.9267987789952983,0.46324479531582,1
561,CPEC_ROCKFALL_0356,1,rockfall,66_27,1,66.51238830510198,27.76355819783636,Balochistan,conventional_alphaearth_embeddings_no_road_distance,Conventional + AlphaEarth Embeddings (road-distance ablation),0.9519618228609411,0.46324479531582,1
562,CPEC_ROCKFALL_0357,1,rockfall,66_27,1,66.51238830510198,27.76355819783636,Balochistan,conventional_alphaearth_embeddings_no_road_distance,Conventional + AlphaEarth Embeddings (road-distance ablation),0.9519618228609411,0.46324479531582,1
563,CPEC_ROCKFALL_0358,1,rockfall,66_27,1,66.51687861986278,27.743345092761096,Balochistan,conventional_alphaearth_embeddings_no_road_distance,Conventional + AlphaEarth Embeddings (road-distance ablation),0.27073500476269974,0.46324479531582,0
564,CPEC_ROCKFALL_0359,1,rockfall,66_27,1,66.51912600679371,27.750082794452847,Balochistan,conventional_alphaearth_embeddings_no_road_distance,Conventional + AlphaEarth Embeddings (road-distance ablation),0.7398404811906997,0.46324479531582,1
565,CPEC_ROCKFALL_0360,1,rockfall,66_27,1,66.82005735958762,27.801737021055967,Balochistan,conventional_alphaearth_embeddings_no_road_distance,Conventional + AlphaEarth Embeddings (road-distance ablation),0.9681158507781026,0.46324479531582,1
566,CPEC_ROCKFALL_0361,1,rockfall,66_27,1,66.82230474651855,27.80397994888585,Balochistan,conventional_alphaearth_embeddings_no_road_distance,Conventional + AlphaEarth Embeddings (road-distance ablation),0.9787507678093258,0.46324479531582,1
567,CPEC_ROCKFALL_0362,1,rockfall,66_27,1,66.90315270771858,27.860124490249788,Balochistan,conventional_alphaearth_embeddings_no_road_distance,Conventional + AlphaEarth Embeddings (road-distance ablation),0.8780900667640343,0.46324479531582,1
568,CPEC_ROCKFALL_0363,1,rockfall,66_27,1,66.90764748158045,27.86910957887248,Balochistan,conventional_alphaearth_embeddings_no_road_distance,Conventional + AlphaEarth Embeddings (road-distance ablation),0.9391776216636513,0.46324479531582,1
569,CPEC_ROCKFALL_0364,1,rockfall,66_27,1,66.90540009464952,27.846649086866268,Balochistan,conventional_alphaearth_embeddings_no_road_distance,Conventional + AlphaEarth Embeddings (road-distance ablation),0.7657670523042991,0.46324479531582,1
570,CPEC_ROCKFALL_0365,1,rockfall,66_27,1,66.90989040941034,27.85338678855804,Balochistan,conventional_alphaearth_embeddings_no_road_distance,Conventional + AlphaEarth Embeddings (road-distance ablation),0.9041704064468444,0.46324479531582,1
571,CPEC_ROCKFALL_0366,1,rockfall,66_27,1,66.90989040941034,27.8578815624199,Balochistan,conventional_alphaearth_embeddings_no_road_distance,Conventional + AlphaEarth Embeddings (road-distance ablation),0.9412565669437305,0.46324479531582,1
572,CPEC_ROCKFALL_0367,1,rockfall,66_27,1,66.90989040941034,27.8578815624199,Balochistan,conventional_alphaearth_embeddings_no_road_distance,Conventional + AlphaEarth Embeddings (road-distance ablation),0.9412565669437305,0.46324479531582,1
573,CPEC_ROCKFALL_0368,1,rockfall,66_27,1,66.91213779634127,27.89156561177764,Balochistan,conventional_alphaearth_embeddings_no_road_distance,Conventional + AlphaEarth Embeddings (road-distance ablation),0.9594757703656446,0.46324479531582,1
574,CPEC_ROCKFALL_0369,1,rockfall,66_27,1,66.91213779634127,27.925254120236417,Balochistan,conventional_alphaearth_embeddings_no_road_distance,Conventional + AlphaEarth Embeddings (road-distance ablation),0.988918514986066,0.46324479531582,1
575,CPEC_ROCKFALL_0370,1,rockfall,66_27,1,66.98175774108873,27.945467225311685,Balochistan,conventional_alphaearth_embeddings_no_road_distance,Conventional + AlphaEarth Embeddings (road-distance ablation),0.9813644547398122,0.46324479531582,1
576,CPEC_ROCKFALL_0371,1,rockfall,66_27,1,66.98175774108873,27.947710153141564,Balochistan,conventional_alphaearth_embeddings_no_road_distance,Conventional + AlphaEarth Embeddings (road-distance ablation),0.9702464249791951,0.46324479531582,1
577,CPEC_ROCKFALL_0372,1,rockfall,66_27,1,66.98624805584954,27.95444785483333,Balochistan,conventional_alphaearth_embeddings_no_road_distance,Conventional + AlphaEarth Embeddings (road-distance ablation),0.9586150234789247,0.46324479531582,1
578,CPEC_ROCKFALL_0373,1,rockfall,66_27,1,66.98400066891861,27.952204927003443,Balochistan,conventional_alphaearth_embeddings_no_road_distance,Conventional + AlphaEarth Embeddings (road-distance ablation),0.6657610762092807,0.46324479531582,1
579,CPEC_ROCKFALL_0374,1,rockfall,66_27,1,66.98849544278048,27.95893816959414,Balochistan,conventional_alphaearth_embeddings_no_road_distance,Conventional + AlphaEarth Embeddings (road-distance ablation),0.9666265757537552,0.46324479531582,1
580,CPEC_ROCKFALL_0375,1,rockfall,66_27,1,66.99073837061036,27.96343294345602,Balochistan,conventional_alphaearth_embeddings_no_road_distance,Conventional + AlphaEarth Embeddings (road-distance ablation),0.8857158060433807,0.46324479531582,1
581,CPEC_ROCKFALL_0376,1,rockfall,66_27,1,66.9929857575413,27.965675871285907,Balochistan,conventional_alphaearth_embeddings_no_road_distance,Conventional + AlphaEarth Embeddings (road-distance ablation),0.9393099240107072,0.46324479531582,1
582,CPEC_ROCKFALL_0377,1,rockfall,66_27,1,66.98400066891861,27.94097245144981,Balochistan,conventional_alphaearth_embeddings_no_road_distance,Conventional + AlphaEarth Embeddings (road-distance ablation),0.9678771623084422,0.46324479531582,1
583,CPEC_ROCKFALL_0378,1,rockfall,66_27,1,66.98400066891861,27.94097245144981,Balochistan,conventional_alphaearth_embeddings_no_road_distance,Conventional + AlphaEarth Embeddings (road-distance ablation),0.9678771623084422,0.46324479531582,1
584,CPEC_ROCKFALL_0379,1,rockfall,66_27,1,66.99747607230212,27.947710153141564,Balochistan,conventional_alphaearth_embeddings_no_road_distance,Conventional + AlphaEarth Embeddings (road-distance ablation),0.9904812692938428,0.46324479531582,1
585,CPEC_ROCKFALL_0384,1,rockfall,66_27,1,66.93459382924642,27.69842856784973,Balochistan,conventional_alphaearth_embeddings_no_road_distance,Conventional + AlphaEarth Embeddings (road-distance ablation),0.8426409369256942,0.46324479531582,1
586,CPEC_ROCKFALL_0385,1,rockfall,66_27,1,66.93459382924642,27.682710236636336,Balochistan,conventional_alphaearth_embeddings_no_road_distance,Conventional + AlphaEarth Embeddings (road-distance ablation),0.8980552299058503,0.46324479531582,1
587,CPEC_ROCKFALL_0386,1,rockfall,66_27,1,66.93459382924642,27.67821546277446,Balochistan,conventional_alphaearth_embeddings_no_road_distance,Conventional + AlphaEarth Embeddings (road-distance ablation),0.9717157306660641,0.46324479531582,1
588,CPEC_ROCKFALL_0387,1,rockfall,66_27,1,66.93459382924642,27.6804628497054,Balochistan,conventional_alphaearth_embeddings_no_road_distance,Conventional + AlphaEarth Embeddings (road-distance ablation),0.9591184005071937,0.46324479531582,1
589,CPEC_ROCKFALL_0388,1,rockfall,66_27,1,66.93459382924642,27.67821546277446,Balochistan,conventional_alphaearth_embeddings_no_road_distance,Conventional + AlphaEarth Embeddings (road-distance ablation),0.9717157306660641,0.46324479531582,1
590,CPEC_ROCKFALL_0443,1,rockfall,69_28,1,69.17813701507508,28.832551870682103,Balochistan,conventional_alphaearth_embeddings_no_road_distance,Conventional + AlphaEarth Embeddings (road-distance ablation),0.7861350153050534,0.46324479531582,1
591,CPEC_ROCKFALL_0444,1,rockfall,69_28,1,69.18038440200601,28.828061555921288,Balochistan,conventional_alphaearth_embeddings_no_road_distance,Conventional + AlphaEarth Embeddings (road-distance ablation),0.6015161319959215,0.46324479531582,1
592,CPEC_ROCKFALL_0445,1,rockfall,69_28,1,69.1826273298359,28.83255187068211,Balochistan,conventional_alphaearth_embeddings_no_road_distance,Conventional + AlphaEarth Embeddings (road-distance ablation),0.6154249633441499,0.46324479531582,1
593,CPEC_ROCKFALL_0446,1,rockfall,69_28,1,69.18487471676684,28.83704218544292,Balochistan,conventional_alphaearth_embeddings_no_road_distance,Conventional + AlphaEarth Embeddings (road-distance ablation),0.6706011635317598,0.46324479531582,1
594,CPEC_ROCKFALL_0447,1,rockfall,69_28,1,69.18712210369777,28.83704218544293,Balochistan,conventional_alphaearth_embeddings_no_road_distance,Conventional + AlphaEarth Embeddings (road-distance ablation),0.8295118363737003,0.46324479531582,1
595,CPEC_ROCKFALL_0448,1,rockfall,69_28,1,69.17813701507508,28.83479925761304,Balochistan,conventional_alphaearth_embeddings_no_road_distance,Conventional + AlphaEarth Embeddings (road-distance ablation),0.7969826299501691,0.46324479531582,1
596,CPEC_ROCKFALL_0449,1,rockfall,69_28,1,69.17588962814415,28.83704218544292,Balochistan,conventional_alphaearth_embeddings_no_road_distance,Conventional + AlphaEarth Embeddings (road-distance ablation),0.9097214086551618,0.46324479531582,1
597,CPEC_ROCKFALL_0450,1,rockfall,69_28,1,69.17588962814415,28.830304483751167,Balochistan,conventional_alphaearth_embeddings_no_road_distance,Conventional + AlphaEarth Embeddings (road-distance ablation),0.8824926931461015,0.46324479531582,1
598,CPEC_ROCKFALL_0451,1,rockfall,69_28,1,69.17139931338332,28.83479925761304,Balochistan,conventional_alphaearth_embeddings_no_road_distance,Conventional + AlphaEarth Embeddings (road-distance ablation),0.898434555194091,0.46324479531582,1
599,CPEC_ROCKFALL_0452,1,rockfall,69_28,1,69.17139931338332,28.83704218544292,Balochistan,conventional_alphaearth_embeddings_no_road_distance,Conventional + AlphaEarth Embeddings (road-distance ablation),0.9037580389320858,0.46324479531582,1
600,CPEC_ROCKFALL_0453,1,rockfall,69_28,1,69.17139931338332,28.83928957237386,Balochistan,conventional_alphaearth_embeddings_no_road_distance,Conventional + AlphaEarth Embeddings (road-distance ablation),0.8295539631826456,0.46324479531582,1
601,CPEC_ROCKFALL_0454,1,rockfall,69_28,1,69.17364670031426,28.83928957237386,Balochistan,conventional_alphaearth_embeddings_no_road_distance,Conventional + AlphaEarth Embeddings (road-distance ablation),0.625085603757679,0.46324479531582,1
602,CPEC_ROCKFALL_0455,1,rockfall,69_28,1,69.1826273298359,28.85725529051819,Balochistan,conventional_alphaearth_embeddings_no_road_distance,Conventional + AlphaEarth Embeddings (road-distance ablation),0.29685821819653246,0.46324479531582,0
603,CPEC_ROCKFALL_0456,1,rockfall,69_28,1,69.1826273298359,28.85950267744913,Balochistan,conventional_alphaearth_embeddings_no_road_distance,Conventional + AlphaEarth Embeddings (road-distance ablation),0.3516345732603343,0.46324479531582,0
604,CPEC_ROCKFALL_0457,1,rockfall,69_28,1,69.1826273298359,28.86174560527901,Balochistan,conventional_alphaearth_embeddings_no_road_distance,Conventional + AlphaEarth Embeddings (road-distance ablation),0.8353908385965398,0.46324479531582,1
605,CPEC_ROCKFALL_0458,1,rockfall,69_28,1,69.1826273298359,28.863992992209944,Balochistan,conventional_alphaearth_embeddings_no_road_distance,Conventional + AlphaEarth Embeddings (road-distance ablation),0.904401972353458,0.46324479531582,1
606,CPEC_ROCKFALL_0459,1,rockfall,69_28,1,69.1826273298359,28.866240379140887,Balochistan,conventional_alphaearth_embeddings_no_road_distance,Conventional + AlphaEarth Embeddings (road-distance ablation),0.8357559720383141,0.46324479531582,1
607,CPEC_ROCKFALL_0460,1,rockfall,69_28,1,69.18038440200601,28.85950267744912,Balochistan,conventional_alphaearth_embeddings_no_road_distance,Conventional + AlphaEarth Embeddings (road-distance ablation),0.5710319309839605,0.46324479531582,1
608,CPEC_ROCKFALL_0461,1,rockfall,69_28,1,69.18038440200601,28.86174560527901,Balochistan,conventional_alphaearth_embeddings_no_road_distance,Conventional + AlphaEarth Embeddings (road-distance ablation),0.6588194660718772,0.46324479531582,1
609,CPEC_ROCKFALL_0462,1,rockfall,69_28,1,69.18038440200601,28.863992992209948,Balochistan,conventional_alphaearth_embeddings_no_road_distance,Conventional + AlphaEarth Embeddings (road-distance ablation),0.7503514993534888,0.46324479531582,1
610,CPEC_ROCKFALL_0463,1,rockfall,69_28,1,69.18038440200601,28.872978080832645,Balochistan,conventional_alphaearth_embeddings_no_road_distance,Conventional + AlphaEarth Embeddings (road-distance ablation),0.8589848903777909,0.46324479531582,1
611,CPEC_ROCKFALL_0464,1,rockfall,69_28,1,69.17813701507508,28.872978080832645,Balochistan,conventional_alphaearth_embeddings_no_road_distance,Conventional + AlphaEarth Embeddings (road-distance ablation),0.8568987272548202,0.46324479531582,1
612,CPEC_ROCKFALL_0465,1,rockfall,69_28,1,69.17364670031426,28.863992992209944,Balochistan,conventional_alphaearth_embeddings_no_road_distance,Conventional + AlphaEarth Embeddings (road-distance ablation),0.903723392772724,0.46324479531582,1
613,CPEC_ROCKFALL_0466,1,rockfall,69_28,1,69.17813701507508,28.83928957237386,Balochistan,conventional_alphaearth_embeddings_no_road_distance,Conventional + AlphaEarth Embeddings (road-distance ablation),0.878538543922866,0.46324479531582,1
614,CPEC_ROCKFALL_0511,1,rockfall,67_29,1,67.89354580629524,29.663491974688583,Balochistan,conventional_alphaearth_embeddings_no_road_distance,Conventional + AlphaEarth Embeddings (road-distance ablation),0.9717064924176295,0.46324479531582,1
615,CPEC_ROCKFALL_0513,1,rockfall,67_29,1,67.89129841936429,29.67022967638034,Balochistan,conventional_alphaearth_embeddings_no_road_distance,Conventional + AlphaEarth Embeddings (road-distance ablation),0.9684956399502893,0.46324479531582,1
616,CPEC_ROCKFALL_0514,1,rockfall,67_29,1,67.89129841936429,29.67247706331128,Balochistan,conventional_alphaearth_embeddings_no_road_distance,Conventional + AlphaEarth Embeddings (road-distance ablation),0.9745041265147515,0.46324479531582,1
617,CPEC_ROCKFALL_0515,1,rockfall,67_29,1,67.88231778984266,29.676967378072103,Balochistan,conventional_alphaearth_embeddings_no_road_distance,Conventional + AlphaEarth Embeddings (road-distance ablation),0.9618056231174428,0.46324479531582,1
618,CPEC_ROCKFALL_0516,1,rockfall,67_29,1,67.88007040291171,29.67921476500303,Balochistan,conventional_alphaearth_embeddings_no_road_distance,Conventional + AlphaEarth Embeddings (road-distance ablation),0.9680233382145953,0.46324479531582,1
619,CPEC_ROCKFALL_0517,1,rockfall,67_29,1,67.88007040291171,29.67921476500303,Balochistan,conventional_alphaearth_embeddings_no_road_distance,Conventional + AlphaEarth Embeddings (road-distance ablation),0.9680233382145953,0.46324479531582,1
620,CPEC_ROCKFALL_0519,1,rockfall,67_29,1,67.88231778984266,29.681457692832915,Balochistan,conventional_alphaearth_embeddings_no_road_distance,Conventional + AlphaEarth Embeddings (road-distance ablation),0.9813261752208474,0.46324479531582,1
621,CPEC_ROCKFALL_0520,1,rockfall,67_29,1,67.88231778984266,29.681457692832915,Balochistan,conventional_alphaearth_embeddings_no_road_distance,Conventional + AlphaEarth Embeddings (road-distance ablation),0.9813261752208474,0.46324479531582,1
622,CPEC_ROCKFALL_0521,1,rockfall,67_29,1,67.8890554915344,29.68370507976385,Balochistan,conventional_alphaearth_embeddings_no_road_distance,Conventional + AlphaEarth Embeddings (road-distance ablation),0.983359017310692,0.46324479531582,1
623,CPEC_ROCKFALL_0522,1,rockfall,67_29,1,67.89354580629524,29.688195394524666,Balochistan,conventional_alphaearth_embeddings_no_road_distance,Conventional + AlphaEarth Embeddings (road-distance ablation),0.9685899972500103,0.46324479531582,1
624,CPEC_ROCKFALL_0523,1,rockfall,67_29,1,67.89803612105605,29.68370507976385,Balochistan,conventional_alphaearth_embeddings_no_road_distance,Conventional + AlphaEarth Embeddings (road-distance ablation),0.9839607812192477,0.46324479531582,1
625,CPEC_ROCKFALL_0524,1,rockfall,67_29,1,67.90028350798698,29.681457692832915,Balochistan,conventional_alphaearth_embeddings_no_road_distance,Conventional + AlphaEarth Embeddings (road-distance ablation),0.9809426161365916,0.46324479531582,1
626,CPEC_ROCKFALL_0525,1,rockfall,67_29,1,67.90253089491793,29.681457692832915,Balochistan,conventional_alphaearth_embeddings_no_road_distance,Conventional + AlphaEarth Embeddings (road-distance ablation),0.9858999491545309,0.46324479531582,1
627,CPEC_ROCKFALL_0526,1,rockfall,67_29,1,67.90926859660968,29.676967378072103,Balochistan,conventional_alphaearth_embeddings_no_road_distance,Conventional + AlphaEarth Embeddings (road-distance ablation),0.9843961398478291,0.46324479531582,1
628,CPEC_ROCKFALL_0527,1,rockfall,67_29,1,67.90702120967875,29.68370507976385,Balochistan,conventional_alphaearth_embeddings_no_road_distance,Conventional + AlphaEarth Embeddings (road-distance ablation),0.9625929854197411,0.46324479531582,1
629,CPEC_ROCKFALL_0528,1,rockfall,67_29,1,67.90702120967875,29.68370507976385,Balochistan,conventional_alphaearth_embeddings_no_road_distance,Conventional + AlphaEarth Embeddings (road-distance ablation),0.9625929854197411,0.46324479531582,1
630,CPEC_ROCKFALL_0529,1,rockfall,67_29,1,67.90926859660968,29.68370507976385,Balochistan,conventional_alphaearth_embeddings_no_road_distance,Conventional + AlphaEarth Embeddings (road-distance ablation),0.9796650361652488,0.46324479531582,1
631,CPEC_ROCKFALL_0530,1,rockfall,67_29,1,67.91375891137051,29.681457692832915,Balochistan,conventional_alphaearth_embeddings_no_road_distance,Conventional + AlphaEarth Embeddings (road-distance ablation),0.9852209020400289,0.46324479531582,1
632,CPEC_ROCKFALL_0531,1,rockfall,67_29,1,67.91151152443956,29.68819539452467,Balochistan,conventional_alphaearth_embeddings_no_road_distance,Conventional + AlphaEarth Embeddings (road-distance ablation),0.9655114839921102,0.46324479531582,1
633,CPEC_ROCKFALL_0532,1,rockfall,67_29,1,67.92049661306226,29.69044278145561,Balochistan,conventional_alphaearth_embeddings_no_road_distance,Conventional + AlphaEarth Embeddings (road-distance ablation),0.9863236939791985,0.46324479531582,1
634,CPEC_ROCKFALL_0534,1,rockfall,67_29,1,67.92273954089214,29.69044278145561,Balochistan,conventional_alphaearth_embeddings_no_road_distance,Conventional + AlphaEarth Embeddings (road-distance ablation),0.9836197307129413,0.46324479531582,1
635,CPEC_ROCKFALL_0535,1,rockfall,67_29,1,67.92273954089214,29.69269016838654,Balochistan,conventional_alphaearth_embeddings_no_road_distance,Conventional + AlphaEarth Embeddings (road-distance ablation),0.988361609654799,0.46324479531582,1
636,CPEC_ROCKFALL_0536,1,rockfall,67_29,1,67.92498692782308,29.694933096216428,Balochistan,conventional_alphaearth_embeddings_no_road_distance,Conventional + AlphaEarth Embeddings (road-distance ablation),0.9762515377885573,0.46324479531582,1
637,CPEC_ROCKFALL_0537,1,rockfall,67_29,1,67.92498692782308,29.694933096216428,Balochistan,conventional_alphaearth_embeddings_no_road_distance,Conventional + AlphaEarth Embeddings (road-distance ablation),0.9762515377885573,0.46324479531582,1
638,CPEC_ROCKFALL_0538,1,rockfall,67_29,1,67.92498692782308,29.697180483147367,Balochistan,conventional_alphaearth_embeddings_no_road_distance,Conventional + AlphaEarth Embeddings (road-distance ablation),0.9864053606276403,0.46324479531582,1
639,CPEC_ROCKFALL_0539,1,rockfall,67_29,1,67.92723431475402,29.697180483147367,Balochistan,conventional_alphaearth_embeddings_no_road_distance,Conventional + AlphaEarth Embeddings (road-distance ablation),0.9393755469911981,0.46324479531582,1
640,CPEC_ROCKFALL_0540,1,rockfall,67_29,1,67.92723431475402,29.6994278700783,Balochistan,conventional_alphaearth_embeddings_no_road_distance,Conventional + AlphaEarth Embeddings (road-distance ablation),0.9771076251259674,0.46324479531582,1
641,CPEC_ROCKFALL_0541,1,rockfall,67_29,1,67.92498692782308,29.701670797908186,Balochistan,conventional_alphaearth_embeddings_no_road_distance,Conventional + AlphaEarth Embeddings (road-distance ablation),0.9818566748717295,0.46324479531582,1
642,CPEC_ROCKFALL_0543,1,rockfall,67_29,1,67.93172462951483,29.703918184839125,Balochistan,conventional_alphaearth_embeddings_no_road_distance,Conventional + AlphaEarth Embeddings (road-distance ablation),0.9733735303742757,0.46324479531582,1
643,CPEC_ROCKFALL_0545,1,rockfall,67_29,1,67.8890554915344,29.68819539452467,Balochistan,conventional_alphaearth_embeddings_no_road_distance,Conventional + AlphaEarth Embeddings (road-distance ablation),0.9725110680777486,0.46324479531582,1
644,CPEC_ROCKFALL_0546,1,rockfall,67_29,1,67.70040876236733,29.58938171518032,Balochistan,conventional_alphaearth_embeddings_no_road_distance,Conventional + AlphaEarth Embeddings (road-distance ablation),0.938108829895145,0.46324479531582,1
645,CPEC_ROCKFALL_0550,1,rockfall,67_29,1,67.70040876236733,29.58713878735043,Balochistan,conventional_alphaearth_embeddings_no_road_distance,Conventional + AlphaEarth Embeddings (road-distance ablation),0.851607196299772,0.46324479531582,1
646,CPEC_ROCKFALL_0552,1,rockfall,67_29,1,67.69367106067557,29.587138787350423,Balochistan,conventional_alphaearth_embeddings_no_road_distance,Conventional + AlphaEarth Embeddings (road-distance ablation),0.9740882982880459,0.46324479531582,1
647,CPEC_ROCKFALL_0553,1,rockfall,67_29,1,67.69591844760652,29.59162910211125,Balochistan,conventional_alphaearth_embeddings_no_road_distance,Conventional + AlphaEarth Embeddings (road-distance ablation),0.9282781668682353,0.46324479531582,1
648,CPEC_ROCKFALL_0554,1,rockfall,67_29,1,67.69367106067557,29.58938171518032,Balochistan,conventional_alphaearth_embeddings_no_road_distance,Conventional + AlphaEarth Embeddings (road-distance ablation),0.9416662892515172,0.46324479531582,1
649,CPEC_ROCKFALL_0555,1,rockfall,67_29,1,67.69367106067557,29.58938171518032,Balochistan,conventional_alphaearth_embeddings_no_road_distance,Conventional + AlphaEarth Embeddings (road-distance ablation),0.9416662892515172,0.46324479531582,1
650,CPEC_ROCKFALL_0556,1,rockfall,67_29,1,67.69142367374464,29.59387202994113,Balochistan,conventional_alphaearth_embeddings_no_road_distance,Conventional + AlphaEarth Embeddings (road-distance ablation),0.9542038798734809,0.46324479531582,1
651,CPEC_ROCKFALL_0558,1,rockfall,67_29,1,67.68918074591475,29.59387202994113,Balochistan,conventional_alphaearth_embeddings_no_road_distance,Conventional + AlphaEarth Embeddings (road-distance ablation),0.961008963503939,0.46324479531582,1
652,CPEC_ROCKFALL_0560,1,rockfall,67_29,1,67.68693335898382,29.596119416872064,Balochistan,conventional_alphaearth_embeddings_no_road_distance,Conventional + AlphaEarth Embeddings (road-distance ablation),0.5318590384666986,0.46324479531582,1
653,CPEC_ROCKFALL_0562,1,rockfall,67_29,1,67.68468597205288,29.596119416872064,Balochistan,conventional_alphaearth_embeddings_no_road_distance,Conventional + AlphaEarth Embeddings (road-distance ablation),0.24415246906348456,0.46324479531582,0
654,CPEC_ROCKFALL_0563,1,rockfall,67_29,1,67.55892594504255,29.65226395823601,Balochistan,conventional_alphaearth_embeddings_no_road_distance,Conventional + AlphaEarth Embeddings (road-distance ablation),0.28088590327137253,0.46324479531582,0
655,CPEC_ROCKFALL_0564,1,rockfall,67_29,1,67.55892594504255,29.65451134516694,Balochistan,conventional_alphaearth_embeddings_no_road_distance,Conventional + AlphaEarth Embeddings (road-distance ablation),0.5417557694924574,0.46324479531582,1
656,CPEC_ROCKFALL_0565,1,rockfall,67_29,1,67.55892594504255,29.656754272996825,Balochistan,conventional_alphaearth_embeddings_no_road_distance,Conventional + AlphaEarth Embeddings (road-distance ablation),0.6339306139356663,0.46324479531582,1
657,CPEC_ROCKFALL_0566,1,rockfall,67_29,1,67.2243016246888,29.481582947213266,Balochistan,conventional_alphaearth_embeddings_no_road_distance,Conventional + AlphaEarth Embeddings (road-distance ablation),0.9917467256590967,0.46324479531582,1
658,CPEC_ROCKFALL_0567,1,rockfall,67_29,1,67.2243016246888,29.47934001938337,Balochistan,conventional_alphaearth_embeddings_no_road_distance,Conventional + AlphaEarth Embeddings (road-distance ablation),0.9924153693894143,0.46324479531582,1
659,CPEC_ROCKFALL_0568,1,rockfall,67_29,1,67.22654901161974,29.477092632452432,Balochistan,conventional_alphaearth_embeddings_no_road_distance,Conventional + AlphaEarth Embeddings (road-distance ablation),0.9358984417556874,0.46324479531582,1
660,CPEC_ROCKFALL_0569,1,rockfall,67_29,1,67.2243016246888,29.474845245521504,Balochistan,conventional_alphaearth_embeddings_no_road_distance,Conventional + AlphaEarth Embeddings (road-distance ablation),0.9923241299082175,0.46324479531582,1
661,CPEC_ROCKFALL_0570,1,rockfall,67_29,1,67.22205423775787,29.47260231769162,Balochistan,conventional_alphaearth_embeddings_no_road_distance,Conventional + AlphaEarth Embeddings (road-distance ablation),0.9912387677658993,0.46324479531582,1
662,CPEC_ROCKFALL_0571,1,rockfall,67_29,1,67.22205423775787,29.47260231769162,Balochistan,conventional_alphaearth_embeddings_no_road_distance,Conventional + AlphaEarth Embeddings (road-distance ablation),0.9912387677658993,0.46324479531582,1
663,CPEC_ROCKFALL_0572,1,rockfall,67_29,1,67.22205423775787,29.47035493076068,Balochistan,conventional_alphaearth_embeddings_no_road_distance,Conventional + AlphaEarth Embeddings (road-distance ablation),0.9870879545293104,0.46324479531582,1
664,CPEC_ROCKFALL_0573,1,rockfall,67_29,1,67.22205423775787,29.47035493076068,Balochistan,conventional_alphaearth_embeddings_no_road_distance,Conventional + AlphaEarth Embeddings (road-distance ablation),0.9870879545293104,0.46324479531582,1
665,CPEC_ROCKFALL_0574,1,rockfall,67_29,1,67.21981130992799,29.47035493076068,Balochistan,conventional_alphaearth_embeddings_no_road_distance,Conventional + AlphaEarth Embeddings (road-distance ablation),0.9918901568579248,0.46324479531582,1
666,CPEC_ROCKFALL_0575,1,rockfall,67_29,1,67.21981130992799,29.46586461599985,Balochistan,conventional_alphaearth_embeddings_no_road_distance,Conventional + AlphaEarth Embeddings (road-distance ablation),0.989789497701655,0.46324479531582,1
667,CPEC_ROCKFALL_0576,1,rockfall,67_29,1,67.21981130992799,29.46586461599985,Balochistan,conventional_alphaearth_embeddings_no_road_distance,Conventional + AlphaEarth Embeddings (road-distance ablation),0.989789497701655,0.46324479531582,1
668,CPEC_ROCKFALL_0577,1,rockfall,67_29,1,67.21981130992799,29.463617229068923,Balochistan,conventional_alphaearth_embeddings_no_road_distance,Conventional + AlphaEarth Embeddings (road-distance ablation),0.9893507793577709,0.46324479531582,1
669,CPEC_ROCKFALL_0578,1,rockfall,67_29,1,67.21981130992799,29.463617229068923,Balochistan,conventional_alphaearth_embeddings_no_road_distance,Conventional + AlphaEarth Embeddings (road-distance ablation),0.9893507793577709,0.46324479531582,1
670,CPEC_ROCKFALL_0579,1,rockfall,67_29,1,67.21981130992799,29.461374301239044,Balochistan,conventional_alphaearth_embeddings_no_road_distance,Conventional + AlphaEarth Embeddings (road-distance ablation),0.9908132064655457,0.46324479531582,1
671,CPEC_ROCKFALL_0580,1,rockfall,67_29,1,67.21981130992799,29.459126914308104,Balochistan,conventional_alphaearth_embeddings_no_road_distance,Conventional + AlphaEarth Embeddings (road-distance ablation),0.9859596835434886,0.46324479531582,1
672,CPEC_ROCKFALL_0581,1,rockfall,67_29,1,67.21981130992799,29.459126914308104,Balochistan,conventional_alphaearth_embeddings_no_road_distance,Conventional + AlphaEarth Embeddings (road-distance ablation),0.9859596835434886,0.46324479531582,1
673,CPEC_ROCKFALL_0582,1,rockfall,67_29,1,67.21981130992799,29.45687952737717,Balochistan,conventional_alphaearth_embeddings_no_road_distance,Conventional + AlphaEarth Embeddings (road-distance ablation),0.9880161628145304,0.46324479531582,1
674,CPEC_ROCKFALL_0583,1,rockfall,67_29,1,67.21756392299704,29.45463659954728,Balochistan,conventional_alphaearth_embeddings_no_road_distance,Conventional + AlphaEarth Embeddings (road-distance ablation),0.983989088336365,0.46324479531582,1
675,CPEC_ROCKFALL_0584,1,rockfall,67_29,1,67.49154892812498,29.47035493076068,Balochistan,conventional_alphaearth_embeddings_no_road_distance,Conventional + AlphaEarth Embeddings (road-distance ablation),0.9811143597387352,0.46324479531582,1
676,CPEC_ROCKFALL_0585,1,rockfall,67_29,1,67.49154892812498,29.4681120029308,Balochistan,conventional_alphaearth_embeddings_no_road_distance,Conventional + AlphaEarth Embeddings (road-distance ablation),0.9558092837051334,0.46324479531582,1
677,CPEC_ROCKFALL_0586,1,rockfall,67_29,1,67.48481122643322,29.53323717381637,Balochistan,conventional_alphaearth_embeddings_no_road_distance,Conventional + AlphaEarth Embeddings (road-distance ablation),0.9594983524838835,0.46324479531582,1
678,CPEC_ROCKFALL_0587,1,rockfall,67_29,1,67.43316145893115,29.60285711856382,Balochistan,conventional_alphaearth_embeddings_no_road_distance,Conventional + AlphaEarth Embeddings (road-distance ablation),0.9447405805460687,0.46324479531582,1
679,CPEC_ROCKFALL_0588,1,rockfall,67_29,1,67.43091407200022,29.602857118563826,Balochistan,conventional_alphaearth_embeddings_no_road_distance,Conventional + AlphaEarth Embeddings (road-distance ablation),0.9802163247996059,0.46324479531582,1
680,CPEC_ROCKFALL_0589,1,rockfall,67_29,1,67.43091407200022,29.602857118563826,Balochistan,conventional_alphaearth_embeddings_no_road_distance,Conventional + AlphaEarth Embeddings (road-distance ablation),0.9802163247996059,0.46324479531582,1
681,CPEC_ROCKFALL_0590,1,rockfall,67_29,1,67.42866668506929,29.60510450549476,Balochistan,conventional_alphaearth_embeddings_no_road_distance,Conventional + AlphaEarth Embeddings (road-distance ablation),0.8221440186066973,0.46324479531582,1
682,CPEC_ROCKFALL_0591,1,rockfall,67_29,1,67.41968605554764,29.611842207186527,Balochistan,conventional_alphaearth_embeddings_no_road_distance,Conventional + AlphaEarth Embeddings (road-distance ablation),0.9701950205964432,0.46324479531582,1
683,CPEC_ROCKFALL_0592,1,rockfall,67_29,1,67.41968605554764,29.614085135016403,Balochistan,conventional_alphaearth_embeddings_no_road_distance,Conventional + AlphaEarth Embeddings (road-distance ablation),0.9842632012802366,0.46324479531582,1
684,CPEC_ROCKFALL_0593,1,rockfall,67_29,1,67.19959820485273,29.93523405198663,Balochistan,conventional_alphaearth_embeddings_no_road_distance,Conventional + AlphaEarth Embeddings (road-distance ablation),0.9475951273563193,0.46324479531582,1
685,CPEC_ROCKFALL_0594,1,rockfall,67_29,1,67.19510789009189,29.93748143891756,Balochistan,conventional_alphaearth_embeddings_no_road_distance,Conventional + AlphaEarth Embeddings (road-distance ablation),0.8889268207935286,0.46324479531582,1
686,CPEC_ROCKFALL_0595,1,rockfall,67_29,1,67.1704044702558,29.93523405198663,Balochistan,conventional_alphaearth_embeddings_no_road_distance,Conventional + AlphaEarth Embeddings (road-distance ablation),0.92516047299313,0.46324479531582,1
687,CPEC_ROCKFALL_0596,1,rockfall,67_29,1,67.16590969639394,29.93523405198663,Balochistan,conventional_alphaearth_embeddings_no_road_distance,Conventional + AlphaEarth Embeddings (road-distance ablation),0.8988075756561396,0.46324479531582,1
688,CPEC_ROCKFALL_0717,1,rockfall,72_34,1,72.79385707257536,34.013585843781925,KP-AJK,conventional_alphaearth_embeddings_no_road_distance,Conventional + AlphaEarth Embeddings (road-distance ablation),0.9830188090353338,0.46324479531582,1
689,CPEC_ROCKFALL_0718,1,rockfall,72_34,1,72.80059477426713,34.01583323071286,KP-AJK,conventional_alphaearth_embeddings_no_road_distance,Conventional + AlphaEarth Embeddings (road-distance ablation),0.9849672478683784,0.46324479531582,1
690,CPEC_ROCKFALL_0719,1,rockfall,72_34,1,72.81407017765063,34.01583323071286,KP-AJK,conventional_alphaearth_embeddings_no_road_distance,Conventional + AlphaEarth Embeddings (road-distance ablation),0.924919845052954,0.46324479531582,1
691,CPEC_ROCKFALL_0720,1,rockfall,72_34,1,72.81856049241145,34.03379894885719,KP-AJK,conventional_alphaearth_embeddings_no_road_distance,Conventional + AlphaEarth Embeddings (road-distance ablation),0.9801501136315098,0.46324479531582,1
692,CPEC_ROCKFALL_0802,1,rockfall,75_35,1,75.1631647445154,35.59461809059485,Gilgit-Baltistan,conventional_alphaearth_embeddings_no_road_distance,Conventional + AlphaEarth Embeddings (road-distance ablation),0.9943786581709159,0.46324479531582,1
693,CPEC_ROCKFALL_0803,1,rockfall,75_35,1,75.19460586604325,35.590127775834034,Gilgit-Baltistan,conventional_alphaearth_embeddings_no_road_distance,Conventional + AlphaEarth Embeddings (road-distance ablation),0.9932244175969216,0.46324479531582,1
694,CPEC_ROCKFALL_0804,1,rockfall,75_35,1,75.25075040740718,35.58563746107321,Gilgit-Baltistan,conventional_alphaearth_embeddings_no_road_distance,Conventional + AlphaEarth Embeddings (road-distance ablation),0.9871166034761597,0.46324479531582,1
695,CPEC_ROCKFALL_0805,1,rockfall,75_35,1,75.25075040740718,35.58788484800415,Gilgit-Baltistan,conventional_alphaearth_embeddings_no_road_distance,Conventional + AlphaEarth Embeddings (road-distance ablation),0.9919785483439589,0.46324479531582,1
696,CPEC_ROCKFALL_0806,1,rockfall,75_35,1,75.3563017884433,35.491314096489674,Gilgit-Baltistan,conventional_alphaearth_embeddings_no_road_distance,Conventional + AlphaEarth Embeddings (road-distance ablation),0.9894655301535749,0.46324479531582,1
697,CPEC_ROCKFALL_0807,1,rockfall,75_35,1,75.47981888762375,35.40597582052882,Gilgit-Baltistan,conventional_alphaearth_embeddings_no_road_distance,Conventional + AlphaEarth Embeddings (road-distance ablation),0.9934957240907488,0.46324479531582,1
698,CPEC_ROCKFALL_0808,1,rockfall,75_35,1,75.79872041766305,35.325127859328795,Gilgit-Baltistan,conventional_alphaearth_embeddings_no_road_distance,Conventional + AlphaEarth Embeddings (road-distance ablation),0.9898864746711724,0.46324479531582,1
699,CPEC_ROCKFALL_0810,1,rockfall,75_35,1,75.79872041766305,35.32737078715868,Gilgit-Baltistan,conventional_alphaearth_embeddings_no_road_distance,Conventional + AlphaEarth Embeddings (road-distance ablation),0.9903336799495019,0.46324479531582,1
700,CPEC_ROCKFALL_0811,1,rockfall,75_35,1,75.80321073242386,35.340846190542194,Gilgit-Baltistan,conventional_alphaearth_embeddings_no_road_distance,Conventional + AlphaEarth Embeddings (road-distance ablation),0.9822869761191505,0.46324479531582,1
701,CPEC_ROCKFALL_0812,1,rockfall,75_35,1,75.81219582104656,35.338598803611255,Gilgit-Baltistan,conventional_alphaearth_embeddings_no_road_distance,Conventional + AlphaEarth Embeddings (road-distance ablation),0.9888941835886278,0.46324479531582,1
702,CPEC_ROCKFALL_0813,1,rockfall,75_35,1,75.81444320797749,35.338598803611255,Gilgit-Baltistan,conventional_alphaearth_embeddings_no_road_distance,Conventional + AlphaEarth Embeddings (road-distance ablation),0.9885259129761474,0.46324479531582,1
703,CPEC_ROCKFALL_0814,1,rockfall,75_35,1,75.81893352273832,35.33635587578137,Gilgit-Baltistan,conventional_alphaearth_embeddings_no_road_distance,Conventional + AlphaEarth Embeddings (road-distance ablation),0.9857114528451988,0.46324479531582,1
704,CPEC_ROCKFALL_0815,1,rockfall,75_35,1,75.83240892612183,35.3318611019195,Gilgit-Baltistan,conventional_alphaearth_embeddings_no_road_distance,Conventional + AlphaEarth Embeddings (road-distance ablation),0.9912743240014377,0.46324479531582,1
705,CPEC_ROCKFALL_0816,1,rockfall,75_35,1,75.83240892612183,35.3318611019195,Gilgit-Baltistan,conventional_alphaearth_embeddings_no_road_distance,Conventional + AlphaEarth Embeddings (road-distance ablation),0.9912743240014377,0.46324479531582,1
706,CPEC_ROCKFALL_0817,1,rockfall,75_35,1,75.83465185395171,35.33186110191951,Gilgit-Baltistan,conventional_alphaearth_embeddings_no_road_distance,Conventional + AlphaEarth Embeddings (road-distance ablation),0.9693611450047854,0.46324479531582,1
707,CPEC_ROCKFALL_0818,1,rockfall,75_35,1,75.83465185395171,35.32961817408962,Gilgit-Baltistan,conventional_alphaearth_embeddings_no_road_distance,Conventional + AlphaEarth Embeddings (road-distance ablation),0.9906914908929019,0.46324479531582,1
708,CPEC_ROCKFALL_0819,1,rockfall,75_35,1,75.83689924088264,35.32737078715868,Gilgit-Baltistan,conventional_alphaearth_embeddings_no_road_distance,Conventional + AlphaEarth Embeddings (road-distance ablation),0.9867226597514066,0.46324479531582,1
709,CPEC_ROCKFALL_0820,1,rockfall,75_35,1,75.85486495902698,35.30266736732259,Gilgit-Baltistan,conventional_alphaearth_embeddings_no_road_distance,Conventional + AlphaEarth Embeddings (road-distance ablation),0.989278787294291,0.46324479531582,1
710,CPEC_ROCKFALL_0821,1,rockfall,75_35,1,75.85486495902698,35.286949036109185,Gilgit-Baltistan,conventional_alphaearth_embeddings_no_road_distance,Conventional + AlphaEarth Embeddings (road-distance ablation),0.9849683576242256,0.46324479531582,1
711,CPEC_ROCKFALL_0822,1,rockfall,75_35,1,75.85486495902698,35.280211334417444,Gilgit-Baltistan,conventional_alphaearth_embeddings_no_road_distance,Conventional + AlphaEarth Embeddings (road-distance ablation),0.9777070369335248,0.46324479531582,1
712,CPEC_ROCKFALL_0823,1,rockfall,75_35,1,75.98736714683012,35.19936337321741,Gilgit-Baltistan,conventional_alphaearth_embeddings_no_road_distance,Conventional + AlphaEarth Embeddings (road-distance ablation),0.9892129689222939,0.46324479531582,1
713,CPEC_ROCKFALL_0824,1,rockfall,75_35,1,75.99185746159095,35.19936337321741,Gilgit-Baltistan,conventional_alphaearth_embeddings_no_road_distance,Conventional + AlphaEarth Embeddings (road-distance ablation),0.9877715680212787,0.46324479531582,1
714,CPEC_ROCKFALL_0825,1,rockfall,75_35,1,75.99635223545282,35.194868599355544,Gilgit-Baltistan,conventional_alphaearth_embeddings_no_road_distance,Conventional + AlphaEarth Embeddings (road-distance ablation),0.9928292573483066,0.46324479531582,1
715,CPEC_ROCKFALL_0875,1,rockfall,74_38,1,74.9767609431782,38.13235938662671,"Kashgar (Xinjiang, China)",conventional_alphaearth_embeddings_no_road_distance,Conventional + AlphaEarth Embeddings (road-distance ablation),0.16758156659522172,0.46324479531582,0
716,CPEC_ROCKFALL_0876,1,rockfall,74_38,1,74.92960149043698,38.2805843647443,"Kashgar (Xinjiang, China)",conventional_alphaearth_embeddings_no_road_distance,Conventional + AlphaEarth Embeddings (road-distance ablation),0.12789443557034513,0.46324479531582,0
717,CPEC_ROCKFALL_0877,1,rockfall,74_38,1,74.93409180519778,38.28282729257419,"Kashgar (Xinjiang, China)",conventional_alphaearth_embeddings_no_road_distance,Conventional + AlphaEarth Embeddings (road-distance ablation),0.14686422041699265,0.46324479531582,0
718,CPEC_ROCKFALL_0878,1,rockfall,74_38,1,74.93409180519778,38.28058436474429,"Kashgar (Xinjiang, China)",conventional_alphaearth_embeddings_no_road_distance,Conventional + AlphaEarth Embeddings (road-distance ablation),0.23352310951039473,0.46324479531582,0
719,CPEC_ROCKFALL_0879,1,rockfall,74_38,1,74.9385821199586,38.28282729257419,"Kashgar (Xinjiang, China)",conventional_alphaearth_embeddings_no_road_distance,Conventional + AlphaEarth Embeddings (road-distance ablation),0.14723613733843352,0.46324479531582,0
720,CPEC_ROCKFALL_0884,1,rockfall,74_38,1,74.99472666132255,38.58601049140008,"Kashgar (Xinjiang, China)",conventional_alphaearth_embeddings_no_road_distance,Conventional + AlphaEarth Embeddings (road-distance ablation),0.5034257096939323,0.46324479531582,1
721,CPEC_ROCKFALL_0885,1,rockfall,74_38,1,74.98349864486997,38.61745161292792,"Kashgar (Xinjiang, China)",conventional_alphaearth_embeddings_no_road_distance,Conventional + AlphaEarth Embeddings (road-distance ablation),0.4984521483736883,0.46324479531582,1
722,CPEC_ROCKFALL_0886,1,rockfall,74_38,1,74.9767609431782,38.63092701631144,"Kashgar (Xinjiang, China)",conventional_alphaearth_embeddings_no_road_distance,Conventional + AlphaEarth Embeddings (road-distance ablation),0.6661746142777295,0.46324479531582,1
723,CPEC_ROCKFALL_0887,1,rockfall,74_38,1,74.97451801534832,38.6376647180032,"Kashgar (Xinjiang, China)",conventional_alphaearth_embeddings_no_road_distance,Conventional + AlphaEarth Embeddings (road-distance ablation),0.5967618744074432,0.46324479531582,1
724,,0,non_landslide,64_26,2,64.5405827374703,26.642910298387505,Balochistan,conventional_alphaearth_embeddings_no_road_distance,Conventional + AlphaEarth Embeddings (road-distance ablation),0.4080157056329566,0.5999906073424354,0
725,,0,non_landslide,64_26,2,64.87745444475497,26.16006545901723,Balochistan,conventional_alphaearth_embeddings_no_road_distance,Conventional + AlphaEarth Embeddings (road-distance ablation),0.8589602666959004,0.5999906073424354,1
726,,0,non_landslide,64_26,2,64.5248644062569,26.97079245794844,Balochistan,conventional_alphaearth_embeddings_no_road_distance,Conventional + AlphaEarth Embeddings (road-distance ablation),0.25053539438845823,0.5999906073424354,0
727,,0,non_landslide,64_26,2,64.63715348898478,26.463244198742064,Balochistan,conventional_alphaearth_embeddings_no_road_distance,Conventional + AlphaEarth Embeddings (road-distance ablation),0.7095880019072139,0.5999906073424354,1
728,,0,non_landslide,64_26,2,64.76965567678792,26.743966905561745,Balochistan,conventional_alphaearth_embeddings_no_road_distance,Conventional + AlphaEarth Embeddings (road-distance ablation),0.09488418309300978,0.5999906073424354,0
729,,0,non_landslide,64_26,2,64.54507751133217,26.166803160708984,Balochistan,conventional_alphaearth_embeddings_no_road_distance,Conventional + AlphaEarth Embeddings (road-distance ablation),0.06882740620805589,0.5999906073424354,0
730,,0,non_landslide,64_26,2,64.59448435100435,26.4812099168864,Balochistan,conventional_alphaearth_embeddings_no_road_distance,Conventional + AlphaEarth Embeddings (road-distance ablation),0.7423455061081896,0.5999906073424354,1
731,,0,non_landslide,64_26,2,64.80333972614565,26.38688655230285,Balochistan,conventional_alphaearth_embeddings_no_road_distance,Conventional + AlphaEarth Embeddings (road-distance ablation),0.3981783446608431,0.5999906073424354,0
732,,0,non_landslide,64_26,2,64.08244577703717,26.119639248866683,Balochistan,conventional_alphaearth_embeddings_no_road_distance,Conventional + AlphaEarth Embeddings (road-distance ablation),0.5383430512680843,0.5999906073424354,0
733,,0,non_landslide,64_26,2,64.24189431250628,26.337479712630675,Balochistan,conventional_alphaearth_embeddings_no_road_distance,Conventional + AlphaEarth Embeddings (road-distance ablation),0.15638437573073063,0.5999906073424354,0
734,,0,non_landslide,64_26,2,64.98300582579111,26.067985022263564,Balochistan,conventional_alphaearth_embeddings_no_road_distance,Conventional + AlphaEarth Embeddings (road-distance ablation),0.8764050750442628,0.5999906073424354,1
735,,0,non_landslide,64_26,2,64.1453235609918,26.144342668702773,Balochistan,conventional_alphaearth_embeddings_no_road_distance,Conventional + AlphaEarth Embeddings (road-distance ablation),0.2521727012789962,0.5999906073424354,0
736,,0,non_landslide,64_26,2,64.96279272071583,26.465491585673004,Balochistan,conventional_alphaearth_embeddings_no_road_distance,Conventional + AlphaEarth Embeddings (road-distance ablation),0.1727495598193616,0.5999906073424354,0
737,,0,non_landslide,64_26,2,64.03079155043405,26.51040811058436,Balochistan,conventional_alphaearth_embeddings_no_road_distance,Conventional + AlphaEarth Embeddings (road-distance ablation),0.12843445307830578,0.5999906073424354,0
738,,0,non_landslide,64_26,2,64.36316848385685,26.97753015964019,Balochistan,conventional_alphaearth_embeddings_no_road_distance,Conventional + AlphaEarth Embeddings (road-distance ablation),0.087892198428195,0.5999906073424354,0
739,,0,non_landslide,64_26,2,64.21943827960112,26.00735016613881,Balochistan,conventional_alphaearth_embeddings_no_road_distance,Conventional + AlphaEarth Embeddings (road-distance ablation),0.09790000313442523,0.5999906073424354,0
740,,0,non_landslide,64_26,2,64.4777004944146,26.53960184518127,Balochistan,conventional_alphaearth_embeddings_no_road_distance,Conventional + AlphaEarth Embeddings (road-distance ablation),0.733169456838036,0.5999906073424354,1
741,,0,non_landslide,64_26,2,64.9740207371684,26.75744230894526,Balochistan,conventional_alphaearth_embeddings_no_road_distance,Conventional + AlphaEarth Embeddings (road-distance ablation),0.20340993332278876,0.5999906073424354,0
742,,0,non_landslide,64_26,2,64.58774664931259,26.97753015964019,Balochistan,conventional_alphaearth_embeddings_no_road_distance,Conventional + AlphaEarth Embeddings (road-distance ablation),0.52768313573962,0.5999906073424354,0
743,,0,non_landslide,65_28,2,65.49279701282734,28.971791760176995,Balochistan,conventional_alphaearth_embeddings_no_road_distance,Conventional + AlphaEarth Embeddings (road-distance ablation),0.535920547431394,0.5999906073424354,0
744,,0,non_landslide,65_28,2,65.71962256521402,28.987510091390394,Balochistan,conventional_alphaearth_embeddings_no_road_distance,Conventional + AlphaEarth Embeddings (road-distance ablation),0.06492683351026825,0.5999906073424354,0
745,,0,non_landslide,65_28,2,65.09978522327978,28.250893351967463,Balochistan,conventional_alphaearth_embeddings_no_road_distance,Conventional + AlphaEarth Embeddings (road-distance ablation),0.0707882888903244,0.5999906073424354,0
746,,0,non_landslide,65_28,2,65.26372853261077,28.459753186209813,Balochistan,conventional_alphaearth_embeddings_no_road_distance,Conventional + AlphaEarth Embeddings (road-distance ablation),0.05570532197237149,0.5999906073424354,0
747,,0,non_landslide,65_28,2,65.66123063691916,28.49119430773766,Balochistan,conventional_alphaearth_embeddings_no_road_distance,Conventional + AlphaEarth Embeddings (road-distance ablation),0.07239850641957496,0.5999906073424354,0
748,,0,non_landslide,65_28,2,65.22105939463036,28.40585157267576,Balochistan,conventional_alphaearth_embeddings_no_road_distance,Conventional + AlphaEarth Embeddings (road-distance ablation),0.059838996900118076,0.5999906073424354,0
749,,0,non_landslide,65_28,2,65.03016527853234,28.43055499251185,Balochistan,conventional_alphaearth_embeddings_no_road_distance,Conventional + AlphaEarth Embeddings (road-distance ablation),0.05631359702679747,0.5999906073424354,0
750,,0,non_landslide,65_28,2,65.60958086941709,28.727000489645988,Balochistan,conventional_alphaearth_embeddings_no_road_distance,Conventional + AlphaEarth Embeddings (road-distance ablation),0.08071936565457083,0.5999906073424354,0
751,,0,non_landslide,65_28,2,65.62979397449236,28.313775595023152,Balochistan,conventional_alphaearth_embeddings_no_road_distance,Conventional + AlphaEarth Embeddings (road-distance ablation),0.7720427548229875,0.5999906073424354,1
752,,0,non_landslide,65_28,2,65.12224571528598,28.62369203643975,Balochistan,conventional_alphaearth_embeddings_no_road_distance,Conventional + AlphaEarth Embeddings (road-distance ablation),0.19604932818676973,0.5999906073424354,0
753,,0,non_landslide,65_28,2,65.36703252671596,28.52263097016445,Balochistan,conventional_alphaearth_embeddings_no_road_distance,Conventional + AlphaEarth Embeddings (road-distance ablation),0.0648085957975902,0.5999906073424354,0
754,,0,non_landslide,65_28,2,65.91949731083369,28.52712574402633,Balochistan,conventional_alphaearth_embeddings_no_road_distance,Conventional + AlphaEarth Embeddings (road-distance ablation),0.4046510617060918,0.5999906073424354,0
755,,0,non_landslide,65_28,2,65.16940516802724,28.387885854531422,Balochistan,conventional_alphaearth_embeddings_no_road_distance,Conventional + AlphaEarth Embeddings (road-distance ablation),0.05646703776379224,0.5999906073424354,0
756,,0,non_landslide,65_28,2,65.84763443825635,28.715772473193404,Balochistan,conventional_alphaearth_embeddings_no_road_distance,Conventional + AlphaEarth Embeddings (road-distance ablation),0.24360420673283392,0.5999906073424354,0
757,,0,non_landslide,65_28,2,65.32212046090565,28.890943798976974,Balochistan,conventional_alphaearth_embeddings_no_road_distance,Conventional + AlphaEarth Embeddings (road-distance ablation),0.24081291135659083,0.5999906073424354,0
758,,0,non_landslide,66_25,2,66.33721697931838,25.65700751457168,Balochistan,conventional_alphaearth_embeddings_no_road_distance,Conventional + AlphaEarth Embeddings (road-distance ablation),0.06691003698915628,0.5999906073424354,0
759,,0,non_landslide,66_25,2,66.68306485702365,25.70641435424385,Balochistan,conventional_alphaearth_embeddings_no_road_distance,Conventional + AlphaEarth Embeddings (road-distance ablation),0.06193737081217082,0.5999906073424354,0
760,,0,non_landslide,66_25,2,66.36416332698437,25.52001501200771,Balochistan,conventional_alphaearth_embeddings_no_road_distance,Conventional + AlphaEarth Embeddings (road-distance ablation),0.07051770380320417,0.5999906073424354,0
761,,0,non_landslide,66_25,2,66.15979826660389,25.55819383522732,Balochistan,conventional_alphaearth_embeddings_no_road_distance,Conventional + AlphaEarth Embeddings (road-distance ablation),0.10479648620176028,0.5999906073424354,0
762,,0,non_landslide,66_25,2,66.87395897312167,25.32014026638805,Balochistan,conventional_alphaearth_embeddings_no_road_distance,Conventional + AlphaEarth Embeddings (road-distance ablation),0.07343512101765472,0.5999906073424354,0
763,,0,non_landslide,66_25,2,66.1889920012008,25.49980190693244,Balochistan,conventional_alphaearth_embeddings_no_road_distance,Conventional + AlphaEarth Embeddings (road-distance ablation),0.37536367202278387,0.5999906073424354,0
764,,0,non_landslide,66_25,2,66.08344062016468,25.69743372472221,Balochistan,conventional_alphaearth_embeddings_no_road_distance,Conventional + AlphaEarth Embeddings (road-distance ablation),0.1468128612152189,0.5999906073424354,0
765,,0,non_landslide,67_27,2,67.67121502777042,27.59062979988268,Punjab-Sindh lowland corridor,conventional_alphaearth_embeddings_no_road_distance,Conventional + AlphaEarth Embeddings (road-distance ablation),0.2032863285191749,0.5999906073424354,0
766,,0,non_landslide,67_27,2,67.74532528727869,27.884827910085875,Punjab-Sindh lowland corridor,conventional_alphaearth_embeddings_no_road_distance,Conventional + AlphaEarth Embeddings (road-distance ablation),0.06090269132607372,0.5999906073424354,0
767,,0,non_landslide,67_27,2,67.81943554678696,27.1077849605124,Punjab-Sindh lowland corridor,conventional_alphaearth_embeddings_no_road_distance,Conventional + AlphaEarth Embeddings (road-distance ablation),0.05406997617366846,0.5999906073424354,0
768,,0,non_landslide,67_27,2,67.51176203320024,27.871352506702365,Punjab-Sindh lowland corridor,conventional_alphaearth_embeddings_no_road_distance,Conventional + AlphaEarth Embeddings (road-distance ablation),0.5569815143974338,0.5999906073424354,0
769,,0,non_landslide,67_27,2,67.77900933663642,27.745592479692025,Punjab-Sindh lowland corridor,conventional_alphaearth_embeddings_no_road_distance,Conventional + AlphaEarth Embeddings (road-distance ablation),0.05534166089046874,0.5999906073424354,0
770,,0,non_landslide,67_27,2,67.52299004965282,27.05613519301033,Punjab-Sindh lowland corridor,conventional_alphaearth_embeddings_no_road_distance,Conventional + AlphaEarth Embeddings (road-distance ablation),0.0557723698899735,0.5999906073424354,0
771,,0,non_landslide,67_27,2,67.63752651931163,27.38401735257126,Punjab-Sindh lowland corridor,conventional_alphaearth_embeddings_no_road_distance,Conventional + AlphaEarth Embeddings (road-distance ablation),0.2735953442803136,0.5999906073424354,0
772,,0,non_landslide,67_27,2,67.15019136518053,27.592877186813613,Balochistan,conventional_alphaearth_embeddings_no_road_distance,Conventional + AlphaEarth Embeddings (road-distance ablation),0.6503520696443157,0.5999906073424354,1
773,,0,non_landslide,67_27,2,67.25125243145585,27.583892098190923,Punjab-Sindh lowland corridor,conventional_alphaearth_embeddings_no_road_distance,Conventional + AlphaEarth Embeddings (road-distance ablation),0.15805200282579082,0.5999906073424354,0
774,,0,non_landslide,67_27,2,67.29616449726613,27.69169086615797,Punjab-Sindh lowland corridor,conventional_alphaearth_embeddings_no_road_distance,Conventional + AlphaEarth Embeddings (road-distance ablation),0.45542495370592073,0.5999906073424354,0
775,,0,non_landslide,67_27,2,67.85761437000656,27.366051634426928,Punjab-Sindh lowland corridor,conventional_alphaearth_embeddings_no_road_distance,Conventional + AlphaEarth Embeddings (road-distance ablation),0.05595024535617828,0.5999906073424354,0
776,,0,non_landslide,67_27,2,67.50951464626931,27.33012019813826,Punjab-Sindh lowland corridor,conventional_alphaearth_embeddings_no_road_distance,Conventional + AlphaEarth Embeddings (road-distance ablation),0.44189638372185625,0.5999906073424354,0
777,,0,non_landslide,67_27,2,67.19510789009189,27.85563417548897,Balochistan,conventional_alphaearth_embeddings_no_road_distance,Conventional + AlphaEarth Embeddings (road-distance ablation),0.6440787217405008,0.5999906073424354,1
778,,0,non_landslide,67_27,2,67.69591844760652,27.786014230741515,Punjab-Sindh lowland corridor,conventional_alphaearth_embeddings_no_road_distance,Conventional + AlphaEarth Embeddings (road-distance ablation),0.05701757718212124,0.5999906073424354,0
779,,0,non_landslide,67_27,2,67.82842063540966,27.83766845734463,Punjab-Sindh lowland corridor,conventional_alphaearth_embeddings_no_road_distance,Conventional + AlphaEarth Embeddings (road-distance ablation),0.05429721324580544,0.5999906073424354,0
780,,0,non_landslide,68_24,2,68.6952921757048,24.96530284095904,Punjab-Sindh lowland corridor,conventional_alphaearth_embeddings_no_road_distance,Conventional + AlphaEarth Embeddings (road-distance ablation),0.056002125210870106,0.5999906073424354,0
781,,0,non_landslide,68_24,2,68.40558438026243,24.64864869785069,Punjab-Sindh lowland corridor,conventional_alphaearth_embeddings_no_road_distance,Conventional + AlphaEarth Embeddings (road-distance ablation),0.0616033908588417,0.5999906073424354,0
782,,0,non_landslide,68_24,2,68.63016700481923,24.51389912311661,Punjab-Sindh lowland corridor,conventional_alphaearth_embeddings_no_road_distance,Conventional + AlphaEarth Embeddings (road-distance ablation),0.05750904681268394,0.5999906073424354,0
783,,0,non_landslide,68_24,2,68.48194202670163,24.031058742847385,Punjab-Sindh lowland corridor,conventional_alphaearth_embeddings_no_road_distance,Conventional + AlphaEarth Embeddings (road-distance ablation),0.07941614005698831,0.5999906073424354,0
784,,0,non_landslide,68_24,2,68.362915242282,24.758690393647623,Punjab-Sindh lowland corridor,conventional_alphaearth_embeddings_no_road_distance,Conventional + AlphaEarth Embeddings (road-distance ablation),0.05839519863284565,0.5999906073424354,0
785,,0,non_landslide,68_24,2,68.05075141393446,24.554325333267148,Punjab-Sindh lowland corridor,conventional_alphaearth_embeddings_no_road_distance,Conventional + AlphaEarth Embeddings (road-distance ablation),0.05821817779021982,0.5999906073424354,0
786,,0,non_landslide,68_24,2,68.42355009840675,24.49593340497228,Punjab-Sindh lowland corridor,conventional_alphaearth_embeddings_no_road_distance,Conventional + AlphaEarth Embeddings (road-distance ablation),0.06994260880125196,0.5999906073424354,0
787,,0,non_landslide,68_24,2,68.06422681731797,24.255636908303124,Punjab-Sindh lowland corridor,conventional_alphaearth_embeddings_no_road_distance,Conventional + AlphaEarth Embeddings (road-distance ablation),0.05939037161538025,0.5999906073424354,0
788,,0,non_landslide,68_24,2,68.52910593854392,24.59475154341769,Punjab-Sindh lowland corridor,conventional_alphaearth_embeddings_no_road_distance,Conventional + AlphaEarth Embeddings (road-distance ablation),0.05764086503826236,0.5999906073424354,0
789,,0,non_landslide,68_24,2,68.19223423125925,24.54084992988363,Punjab-Sindh lowland corridor,conventional_alphaearth_embeddings_no_road_distance,Conventional + AlphaEarth Embeddings (road-distance ablation),0.06694678123974922,0.5999906073424354,0
790,,0,non_landslide,68_29,2,68.24164553003249,29.21882595853791,Balochistan,conventional_alphaearth_embeddings_no_road_distance,Conventional + AlphaEarth Embeddings (road-distance ablation),0.06324179661617386,0.5999906073424354,0
791,,0,non_landslide,68_29,2,68.2461358447933,29.068358052590423,Balochistan,conventional_alphaearth_embeddings_no_road_distance,Conventional + AlphaEarth Embeddings (road-distance ablation),0.055337075568186116,0.5999906073424354,0
792,,0,non_landslide,68_29,2,68.52685855161299,29.32662472650496,Balochistan,conventional_alphaearth_embeddings_no_road_distance,Conventional + AlphaEarth Embeddings (road-distance ablation),0.4888798366287492,0.5999906073424354,0
793,,0,non_landslide,68_29,2,68.57401800435424,29.322134411744138,Balochistan,conventional_alphaearth_embeddings_no_road_distance,Conventional + AlphaEarth Embeddings (road-distance ablation),0.9821105901821355,0.5999906073424354,1
794,,0,non_landslide,68_29,2,68.42130717057687,29.360313234963748,Balochistan,conventional_alphaearth_embeddings_no_road_distance,Conventional + AlphaEarth Embeddings (road-distance ablation),0.9721656266720264,0.5999906073424354,1
795,,0,non_landslide,68_29,2,68.52910593854392,29.829682670950508,Balochistan,conventional_alphaearth_embeddings_no_road_distance,Conventional + AlphaEarth Embeddings (road-distance ablation),0.7995818868307084,0.5999906073424354,1
796,,0,non_landslide,68_29,2,68.15181248020977,29.28395558852453,Balochistan,conventional_alphaearth_embeddings_no_road_distance,Conventional + AlphaEarth Embeddings (road-distance ablation),0.05839851633027409,0.5999906073424354,0
797,,0,non_landslide,68_29,2,68.89965723608528,29.98015057689799,Balochistan,conventional_alphaearth_embeddings_no_road_distance,Conventional + AlphaEarth Embeddings (road-distance ablation),0.8072879774340105,0.5999906073424354,1
798,,0,non_landslide,68_29,2,68.00359196119322,29.42543840584932,Balochistan,conventional_alphaearth_embeddings_no_road_distance,Conventional + AlphaEarth Embeddings (road-distance ablation),0.06552350808741415,0.5999906073424354,0
799,,0,non_landslide,68_29,2,68.84576008165227,29.4681120029308,Balochistan,conventional_alphaearth_embeddings_no_road_distance,Conventional + AlphaEarth Embeddings (road-distance ablation),0.9315994124464476,0.5999906073424354,1
800,,0,non_landslide,68_29,2,68.92885542978324,29.02119859984919,Balochistan,conventional_alphaearth_embeddings_no_road_distance,Conventional + AlphaEarth Embeddings (road-distance ablation),0.45711305167426375,0.5999906073424354,0
801,,0,non_landslide,68_29,2,68.50889283346865,29.798241549422663,Balochistan,conventional_alphaearth_embeddings_no_road_distance,Conventional + AlphaEarth Embeddings (road-distance ablation),0.9502587585974435,0.5999906073424354,1
802,,0,non_landslide,69_26,2,69.14669589354723,26.600236701306027,Punjab-Sindh lowland corridor,conventional_alphaearth_embeddings_no_road_distance,Conventional + AlphaEarth Embeddings (road-distance ablation),0.06734777575524359,0.5999906073424354,0
803,,0,non_landslide,69_26,2,69.8181874620846,26.164555773778048,Punjab-Sindh lowland corridor,conventional_alphaearth_embeddings_no_road_distance,Conventional + AlphaEarth Embeddings (road-distance ablation),0.0588448068815027,0.5999906073424354,0
804,,0,non_landslide,69_26,2,69.78899372748768,26.23192833159456,Punjab-Sindh lowland corridor,conventional_alphaearth_embeddings_no_road_distance,Conventional + AlphaEarth Embeddings (road-distance ablation),0.07090047618313268,0.5999906073424354,0
805,,0,non_landslide,69_26,2,69.44763170544219,26.124129563627505,Punjab-Sindh lowland corridor,conventional_alphaearth_embeddings_no_road_distance,Conventional + AlphaEarth Embeddings (road-distance ablation),0.0661136468933168,0.5999906073424354,0
806,,0,non_landslide,69_26,2,69.37352144593392,26.80011144692569,Punjab-Sindh lowland corridor,conventional_alphaearth_embeddings_no_road_distance,Conventional + AlphaEarth Embeddings (road-distance ablation),0.06711578803293552,0.5999906073424354,0
807,,0,non_landslide,69_26,2,69.62729334598657,26.528373828728693,Punjab-Sindh lowland corridor,conventional_alphaearth_embeddings_no_road_distance,Conventional + AlphaEarth Embeddings (road-distance ablation),0.0635752103903678,0.5999906073424354,0
808,,0,non_landslide,69_26,2,69.9574273515795,26.575533281469937,Punjab-Sindh lowland corridor,conventional_alphaearth_embeddings_no_road_distance,Conventional + AlphaEarth Embeddings (road-distance ablation),0.05686574425891585,0.5999906073424354,0
809,,0,non_landslide,69_26,2,69.07707594879979,26.301548276342007,Punjab-Sindh lowland corridor,conventional_alphaearth_embeddings_no_road_distance,Conventional + AlphaEarth Embeddings (road-distance ablation),0.11555504278051545,0.5999906073424354,0
810,,0,non_landslide,69_26,2,69.35330834085865,26.90791021489273,Punjab-Sindh lowland corridor,conventional_alphaearth_embeddings_no_road_distance,Conventional + AlphaEarth Embeddings (road-distance ablation),0.07076823657030876,0.5999906073424354,0
811,,0,non_landslide,69_26,2,69.02317879436679,26.09942614379141,Punjab-Sindh lowland corridor,conventional_alphaearth_embeddings_no_road_distance,Conventional + AlphaEarth Embeddings (road-distance ablation),0.0652283053670544,0.5999906073424354,0
812,,0,non_landslide,69_26,2,69.20508782184211,26.642910298387505,Punjab-Sindh lowland corridor,conventional_alphaearth_embeddings_no_road_distance,Conventional + AlphaEarth Embeddings (road-distance ablation),0.0696101087776344,0.5999906073424354,0
813,,0,non_landslide,69_31,2,69.6250504181567,31.6038564207924,Balochistan,conventional_alphaearth_embeddings_no_road_distance,Conventional + AlphaEarth Embeddings (road-distance ablation),0.12057787823126379,0.5999906073424354,0
814,,0,non_landslide,69_31,2,69.57564357848452,31.484829636372773,Balochistan,conventional_alphaearth_embeddings_no_road_distance,Conventional + AlphaEarth Embeddings (road-distance ablation),0.09370149352383496,0.5999906073424354,0
815,,0,non_landslide,69_31,2,69.5531830864783,31.208597244313907,Balochistan,conventional_alphaearth_embeddings_no_road_distance,Conventional + AlphaEarth Embeddings (road-distance ablation),0.06774372647601201,0.5999906073424354,0
816,,0,non_landslide,69_31,2,69.0748330209699,31.246776067533503,Balochistan,conventional_alphaearth_embeddings_no_road_distance,Conventional + AlphaEarth Embeddings (road-distance ablation),0.2605613485846949,0.5999906073424354,0
817,,0,non_landslide,69_31,2,69.84513826885163,31.850890619153297,Balochistan,conventional_alphaearth_embeddings_no_road_distance,Conventional + AlphaEarth Embeddings (road-distance ablation),0.2763038570209791,0.5999906073424354,0
818,,0,non_landslide,69_31,2,69.26123236320605,31.3635554650222,Balochistan,conventional_alphaearth_embeddings_no_road_distance,Conventional + AlphaEarth Embeddings (road-distance ablation),0.12455217537822427,0.5999906073424354,0
819,,0,non_landslide,69_31,2,69.71263608104847,31.208597244313907,Balochistan,conventional_alphaearth_embeddings_no_road_distance,Conventional + AlphaEarth Embeddings (road-distance ablation),0.11104148855754105,0.5999906073424354,0
820,,0,non_landslide,69_31,2,69.86085660006502,31.98114542002551,KP-AJK,conventional_alphaearth_embeddings_no_road_distance,Conventional + AlphaEarth Embeddings (road-distance ablation),0.7730574754689026,0.5999906073424354,1
821,,0,non_landslide,69_31,2,69.73060179919281,31.5027953545171,Balochistan,conventional_alphaearth_embeddings_no_road_distance,Conventional + AlphaEarth Embeddings (road-distance ablation),0.17454498788581507,0.5999906073424354,0
822,,0,non_landslide,69_31,2,69.23652894336995,31.49156733806452,Balochistan,conventional_alphaearth_embeddings_no_road_distance,Conventional + AlphaEarth Embeddings (road-distance ablation),0.2170861567636674,0.5999906073424354,0
823,,0,non_landslide,69_31,2,69.70814130718661,31.478091934681007,Balochistan,conventional_alphaearth_embeddings_no_road_distance,Conventional + AlphaEarth Embeddings (road-distance ablation),0.21363024218777815,0.5999906073424354,0
824,,0,non_landslide,69_31,2,69.86310398699595,31.475844547750068,Balochistan,conventional_alphaearth_embeddings_no_road_distance,Conventional + AlphaEarth Embeddings (road-distance ablation),0.33856325458991093,0.5999906073424354,0
825,,0,non_landslide,69_31,2,69.12648278847196,31.43541833759953,Balochistan,conventional_alphaearth_embeddings_no_road_distance,Conventional + AlphaEarth Embeddings (road-distance ablation),0.2815332673112459,0.5999906073424354,0
826,,0,non_landslide,69_31,2,69.56665848986182,31.21757787383554,Balochistan,conventional_alphaearth_embeddings_no_road_distance,Conventional + AlphaEarth Embeddings (road-distance ablation),0.07632759416285066,0.5999906073424354,0
827,,0,non_landslide,69_31,2,69.34208032440607,31.78127067440584,Balochistan,conventional_alphaearth_embeddings_no_road_distance,Conventional + AlphaEarth Embeddings (road-distance ablation),0.11319768872553793,0.5999906073424354,0
828,,0,non_landslide,69_31,2,69.79123665531756,31.747586625048115,Balochistan,conventional_alphaearth_embeddings_no_road_distance,Conventional + AlphaEarth Embeddings (road-distance ablation),0.3944590459094465,0.5999906073424354,0
829,,0,non_landslide,69_31,2,69.51276133542882,31.309658310589192,Balochistan,conventional_alphaearth_embeddings_no_road_distance,Conventional + AlphaEarth Embeddings (road-distance ablation),0.2561267460956685,0.5999906073424354,0
830,,0,non_landslide,69_31,2,69.97089829586197,31.63529754232024,KP-AJK,conventional_alphaearth_embeddings_no_road_distance,Conventional + AlphaEarth Embeddings (road-distance ablation),0.12248728807987437,0.5999906073424354,0
831,,0,non_landslide,69_31,2,69.75081490426808,31.55893989588104,Balochistan,conventional_alphaearth_embeddings_no_road_distance,Conventional + AlphaEarth Embeddings (road-distance ablation),0.15751410864941628,0.5999906073424354,0
832,,0,non_landslide,69_31,2,69.53296998140304,31.675719293369728,Balochistan,conventional_alphaearth_embeddings_no_road_distance,Conventional + AlphaEarth Embeddings (road-distance ablation),0.3998381106545009,0.5999906073424354,0
833,,0,non_landslide,69_31,2,69.29042609780295,31.16817103416336,Balochistan,conventional_alphaearth_embeddings_no_road_distance,Conventional + AlphaEarth Embeddings (road-distance ablation),0.182162125688888,0.5999906073424354,0
834,,0,non_landslide,69_31,2,69.07258563403896,31.64652555877282,Balochistan,conventional_alphaearth_embeddings_no_road_distance,Conventional + AlphaEarth Embeddings (road-distance ablation),0.32512716035511474,0.5999906073424354,0
835,,0,non_landslide,69_31,2,69.11076445725857,31.538726790805768,Balochistan,conventional_alphaearth_embeddings_no_road_distance,Conventional + AlphaEarth Embeddings (road-distance ablation),0.6791447406405311,0.5999906073424354,1
836,,0,non_landslide,69_31,2,69.58462420800615,31.749829552878005,Balochistan,conventional_alphaearth_embeddings_no_road_distance,Conventional + AlphaEarth Embeddings (road-distance ablation),0.7458267191705448,0.5999906073424354,1
837,,0,non_landslide,69_31,2,69.08381365049154,31.28719781858299,Balochistan,conventional_alphaearth_embeddings_no_road_distance,Conventional + AlphaEarth Embeddings (road-distance ablation),0.24864502255293208,0.5999906073424354,0
838,,0,non_landslide,69_31,2,69.23652894336995,31.20634985738296,Balochistan,conventional_alphaearth_embeddings_no_road_distance,Conventional + AlphaEarth Embeddings (road-distance ablation),0.2876843910741542,0.5999906073424354,0
839,,0,non_landslide,70_28,2,70.95231076491696,28.6012360035346,Punjab-Sindh lowland corridor,conventional_alphaearth_embeddings_no_road_distance,Conventional + AlphaEarth Embeddings (road-distance ablation),0.05662971470585996,0.5999906073424354,0
840,,0,non_landslide,70_28,2,70.22018434025485,28.327250998406672,Punjab-Sindh lowland corridor,conventional_alphaearth_embeddings_no_road_distance,Conventional + AlphaEarth Embeddings (road-distance ablation),0.05464079122008139,0.5999906073424354,0
841,,0,non_landslide,70_28,2,70.99497990289738,28.39687094315412,Punjab-Sindh lowland corridor,conventional_alphaearth_embeddings_no_road_distance,Conventional + AlphaEarth Embeddings (road-distance ablation),0.05444938186037595,0.5999906073424354,0
842,,0,non_landslide,70_28,2,70.88718113493033,28.34970703131182,Punjab-Sindh lowland corridor,conventional_alphaearth_embeddings_no_road_distance,Conventional + AlphaEarth Embeddings (road-distance ablation),0.0566907778053658,0.5999906073424354,0
843,,0,non_landslide,70_28,2,70.21793695332391,28.511402953711872,Punjab-Sindh lowland corridor,conventional_alphaearth_embeddings_no_road_distance,Conventional + AlphaEarth Embeddings (road-distance ablation),0.05487559043621885,0.5999906073424354,0
844,,0,non_landslide,70_28,2,70.73447030115297,28.598988616603663,Punjab-Sindh lowland corridor,conventional_alphaearth_embeddings_no_road_distance,Conventional + AlphaEarth Embeddings (road-distance ablation),0.05415250916524528,0.5999906073424354,0
845,,0,non_landslide,70_28,2,70.03827531277952,28.944840953409976,Punjab-Sindh lowland corridor,conventional_alphaearth_embeddings_no_road_distance,Conventional + AlphaEarth Embeddings (road-distance ablation),0.0709143227170306,0.5999906073424354,0
846,,0,non_landslide,70_28,2,70.78612006865504,28.89992442849861,Punjab-Sindh lowland corridor,conventional_alphaearth_embeddings_no_road_distance,Conventional + AlphaEarth Embeddings (road-distance ablation),0.05573844847945534,0.5999906073424354,0
847,,0,non_landslide,70_28,2,70.09441985414345,28.00610208143644,Punjab-Sindh lowland corridor,conventional_alphaearth_embeddings_no_road_distance,Conventional + AlphaEarth Embeddings (road-distance ablation),0.0549733417402853,0.5999906073424354,0
848,,0,non_landslide,70_28,2,70.79959547203855,28.780897644078983,Punjab-Sindh lowland corridor,conventional_alphaearth_embeddings_no_road_distance,Conventional + AlphaEarth Embeddings (road-distance ablation),0.05544925379783804,0.5999906073424354,0
849,,0,non_landslide,70_28,2,70.21793695332391,28.634924511993383,Punjab-Sindh lowland corridor,conventional_alphaearth_embeddings_no_road_distance,Conventional + AlphaEarth Embeddings (road-distance ablation),0.05712201176850232,0.5999906073424354,0
850,,0,non_landslide,70_28,2,70.80408578679938,28.35644473300358,Punjab-Sindh lowland corridor,conventional_alphaearth_embeddings_no_road_distance,Conventional + AlphaEarth Embeddings (road-distance ablation),0.05809767650263273,0.5999906073424354,0
851,,0,non_landslide,70_28,2,70.99048958813657,28.596745688773773,Punjab-Sindh lowland corridor,conventional_alphaearth_embeddings_no_road_distance,Conventional + AlphaEarth Embeddings (road-distance ablation),0.053640718889696605,0.5999906073424354,0
852,,0,non_landslide,70_28,2,70.95231076491696,28.257631053659225,Punjab-Sindh lowland corridor,conventional_alphaearth_embeddings_no_road_distance,Conventional + AlphaEarth Embeddings (road-distance ablation),0.058255870445321746,0.5999906073424354,0
853,,0,non_landslide,70_28,2,70.4447625057106,28.342969329620065,Punjab-Sindh lowland corridor,conventional_alphaearth_embeddings_no_road_distance,Conventional + AlphaEarth Embeddings (road-distance ablation),0.05549608250859706,0.5999906073424354,0
854,,0,non_landslide,70_28,2,70.48967903062196,28.72924787657692,Punjab-Sindh lowland corridor,conventional_alphaearth_embeddings_no_road_distance,Conventional + AlphaEarth Embeddings (road-distance ablation),0.05428447777585036,0.5999906073424354,0
855,,0,non_landslide,70_28,2,70.6536178808519,28.36992013638709,Punjab-Sindh lowland corridor,conventional_alphaearth_embeddings_no_road_distance,Conventional + AlphaEarth Embeddings (road-distance ablation),0.06543136632124981,0.5999906073424354,0
856,,0,non_landslide,71_30,2,71.07133754933659,30.68982096865495,Punjab-Sindh lowland corridor,conventional_alphaearth_embeddings_no_road_distance,Conventional + AlphaEarth Embeddings (road-distance ablation),0.053718891864237714,0.5999906073424354,0
857,,0,non_landslide,71_30,2,71.10502159869432,30.71002961462917,Punjab-Sindh lowland corridor,conventional_alphaearth_embeddings_no_road_distance,Conventional + AlphaEarth Embeddings (road-distance ablation),0.05352593325007378,0.5999906073424354,0
858,,0,non_landslide,71_30,2,71.67994687481827,30.087949344865045,Punjab-Sindh lowland corridor,conventional_alphaearth_embeddings_no_road_distance,Conventional + AlphaEarth Embeddings (road-distance ablation),0.054065233932452626,0.5999906073424354,0
859,,0,non_landslide,71_30,2,71.09379358224174,30.86948260919934,Punjab-Sindh lowland corridor,conventional_alphaearth_embeddings_no_road_distance,Conventional + AlphaEarth Embeddings (road-distance ablation),0.054088734732771475,0.5999906073424354,0
860,,0,non_landslide,71_30,2,71.20608266496963,30.99749002314061,Punjab-Sindh lowland corridor,conventional_alphaearth_embeddings_no_road_distance,Conventional + AlphaEarth Embeddings (road-distance ablation),0.0537746219636039,0.5999906073424354,0
861,,0,non_landslide,71_30,2,71.97863529978228,30.027310029639228,Punjab-Sindh lowland corridor,conventional_alphaearth_embeddings_no_road_distance,Conventional + AlphaEarth Embeddings (road-distance ablation),0.05446408706768373,0.5999906073424354,0
862,,0,non_landslide,71_30,2,71.96291250946783,30.6202010239075,Punjab-Sindh lowland corridor,conventional_alphaearth_embeddings_no_road_distance,Conventional + AlphaEarth Embeddings (road-distance ablation),0.05689332414134812,0.5999906073424354,0
863,,0,non_landslide,71_30,2,71.28019292447789,30.813338067835403,Punjab-Sindh lowland corridor,conventional_alphaearth_embeddings_no_road_distance,Conventional + AlphaEarth Embeddings (road-distance ablation),0.05388666394055328,0.5999906073424354,0
864,,0,non_landslide,71_30,2,71.58112873637286,30.415831504425974,Punjab-Sindh lowland corridor,conventional_alphaearth_embeddings_no_road_distance,Conventional + AlphaEarth Embeddings (road-distance ablation),0.057968656931542316,0.5999906073424354,0
865,,0,non_landslide,71_30,2,71.35430764308722,30.579774813756966,Punjab-Sindh lowland corridor,conventional_alphaearth_embeddings_no_road_distance,Conventional + AlphaEarth Embeddings (road-distance ablation),0.05512024108448929,0.5999906073424354,0
866,,0,non_landslide,71_30,2,71.8910496368905,30.173287620825885,Punjab-Sindh lowland corridor,conventional_alphaearth_embeddings_no_road_distance,Conventional + AlphaEarth Embeddings (road-distance ablation),0.05337026800069623,0.5999906073424354,0
867,,0,non_landslide,71_30,2,71.9539318799462,30.860497520576647,Punjab-Sindh lowland corridor,conventional_alphaearth_embeddings_no_road_distance,Conventional + AlphaEarth Embeddings (road-distance ablation),0.06459225040335931,0.5999906073424354,0
868,,0,non_landslide,71_30,2,71.61930755959246,30.60447823359305,Punjab-Sindh lowland corridor,conventional_alphaearth_embeddings_no_road_distance,Conventional + AlphaEarth Embeddings (road-distance ablation),0.05406653793107389,0.5999906073424354,0
869,,0,non_landslide,72_32,2,72.82529819410321,32.71551923161855,Punjab-Sindh lowland corridor,conventional_alphaearth_embeddings_no_road_distance,Conventional + AlphaEarth Embeddings (road-distance ablation),0.38314091774542486,0.5999906073424354,0
870,,0,non_landslide,72_32,2,72.7871193708836,32.72674724807113,Punjab-Sindh lowland corridor,conventional_alphaearth_embeddings_no_road_distance,Conventional + AlphaEarth Embeddings (road-distance ablation),0.3530024101731869,0.5999906073424354,0
871,,0,non_landslide,72_32,2,72.96902839835893,32.17428692305446,Punjab-Sindh lowland corridor,conventional_alphaearth_embeddings_no_road_distance,Conventional + AlphaEarth Embeddings (road-distance ablation),0.054470097326061485,0.5999906073424354,0
872,,0,non_landslide,72_32,2,72.72198974089697,32.17428692305446,Punjab-Sindh lowland corridor,conventional_alphaearth_embeddings_no_road_distance,Conventional + AlphaEarth Embeddings (road-distance ablation),0.05663562472424088,0.5999906073424354,0
873,,0,non_landslide,72_32,2,72.38287510578242,32.22593669055653,Punjab-Sindh lowland corridor,conventional_alphaearth_embeddings_no_road_distance,Conventional + AlphaEarth Embeddings (road-distance ablation),0.05901879341258426,0.5999906073424354,0
874,,0,non_landslide,72_32,2,72.1987231504772,32.30454172392667,Punjab-Sindh lowland corridor,conventional_alphaearth_embeddings_no_road_distance,Conventional + AlphaEarth Embeddings (road-distance ablation),0.05566550668066414,0.5999906073424354,0
875,,0,non_landslide,72_32,2,72.18075743233288,32.05301275170389,Punjab-Sindh lowland corridor,conventional_alphaearth_embeddings_no_road_distance,Conventional + AlphaEarth Embeddings (road-distance ablation),0.054334968230974126,0.5999906073424354,0
876,,0,non_landslide,72_32,2,72.14706892387409,32.43254913786794,Punjab-Sindh lowland corridor,conventional_alphaearth_embeddings_no_road_distance,Conventional + AlphaEarth Embeddings (road-distance ablation),0.38692478801161095,0.5999906073424354,0
877,,0,non_landslide,72_32,2,72.90614615530323,32.2461497956318,Punjab-Sindh lowland corridor,conventional_alphaearth_embeddings_no_road_distance,Conventional + AlphaEarth Embeddings (road-distance ablation),0.06588469615003577,0.5999906073424354,0
878,,0,non_landslide,72_32,2,72.0302895263854,32.54933299445768,Punjab-Sindh lowland corridor,conventional_alphaearth_embeddings_no_road_distance,Conventional + AlphaEarth Embeddings (road-distance ablation),0.05932872370392223,0.5999906073424354,0
879,,0,non_landslide,72_32,2,72.22117918338236,32.16305444750083,Punjab-Sindh lowland corridor,conventional_alphaearth_embeddings_no_road_distance,Conventional + AlphaEarth Embeddings (road-distance ablation),0.05441858319389433,0.5999906073424354,0
880,,0,non_landslide,73_34,2,73.82916669606338,34.114646910057225,KP-AJK,conventional_alphaearth_embeddings_no_road_distance,Conventional + AlphaEarth Embeddings (road-distance ablation),0.09315610483949056,0.5999906073424354,0
881,,0,non_landslide,73_34,2,73.34407446976216,34.146088031585066,KP-AJK,conventional_alphaearth_embeddings_no_road_distance,Conventional + AlphaEarth Embeddings (road-distance ablation),0.20480697237341106,0.5999906073424354,0
882,,0,non_landslide,73_34,2,73.79772557453553,34.878214456247186,KP-AJK,conventional_alphaearth_embeddings_no_road_distance,Conventional + AlphaEarth Embeddings (road-distance ablation),0.07822807936648184,0.5999906073424354,0
883,,0,non_landslide,73_34,2,73.68767941963753,34.548084909755325,KP-AJK,conventional_alphaearth_embeddings_no_road_distance,Conventional + AlphaEarth Embeddings (road-distance ablation),0.11243156069556726,0.5999906073424354,0
884,,0,non_landslide,73_34,2,73.70115482302106,34.16854406449022,KP-AJK,conventional_alphaearth_embeddings_no_road_distance,Conventional + AlphaEarth Embeddings (road-distance ablation),0.22403774265300874,0.5999906073424354,0
885,,0,non_landslide,73_34,2,73.27894483977553,34.09892411974277,KP-AJK,conventional_alphaearth_embeddings_no_road_distance,Conventional + AlphaEarth Embeddings (road-distance ablation),0.25052771841748156,0.5999906073424354,0
886,,0,non_landslide,73_34,2,73.2744545250147,34.954572102686384,KP-AJK,conventional_alphaearth_embeddings_no_road_distance,Conventional + AlphaEarth Embeddings (road-distance ablation),0.13517020441020833,0.5999906073424354,0
887,,0,non_landslide,73_34,2,73.37326820435906,34.98601322421424,KP-AJK,conventional_alphaearth_embeddings_no_road_distance,Conventional + AlphaEarth Embeddings (road-distance ablation),0.6295564066810793,0.5999906073424354,1
888,,0,non_landslide,73_34,2,73.64950059641794,34.96804750606991,KP-AJK,conventional_alphaearth_embeddings_no_road_distance,Conventional + AlphaEarth Embeddings (road-distance ablation),0.06057256033539253,0.5999906073424354,0
889,,0,non_landslide,73_34,2,73.39797162419516,34.43579136792639,KP-AJK,conventional_alphaearth_embeddings_no_road_distance,Conventional + AlphaEarth Embeddings (road-distance ablation),0.6216312052409515,0.5999906073424354,1
890,,0,non_landslide,73_34,2,73.91450497202422,34.858001351171914,KP-AJK,conventional_alphaearth_embeddings_no_road_distance,Conventional + AlphaEarth Embeddings (road-distance ablation),0.08874840855469934,0.5999906073424354,0
891,,0,non_landslide,73_34,2,73.6158165470602,34.5368524342017,KP-AJK,conventional_alphaearth_embeddings_no_road_distance,Conventional + AlphaEarth Embeddings (road-distance ablation),0.07719589249792486,0.5999906073424354,0
892,,0,non_landslide,73_34,2,73.50128007740139,34.66711169417495,KP-AJK,conventional_alphaearth_embeddings_no_road_distance,Conventional + AlphaEarth Embeddings (road-distance ablation),0.6584484718949153,0.5999906073424354,1
893,,0,non_landslide,73_34,2,73.01169753633935,34.86473905286367,KP-AJK,conventional_alphaearth_embeddings_no_road_distance,Conventional + AlphaEarth Embeddings (road-distance ablation),0.9305335145079991,0.5999906073424354,1
894,,0,non_landslide,73_34,2,73.57539033690966,34.092186418051014,KP-AJK,conventional_alphaearth_embeddings_no_road_distance,Conventional + AlphaEarth Embeddings (road-distance ablation),0.09900659722181857,0.5999906073424354,0
895,,0,non_landslide,73_34,2,73.35530248621474,34.709780832155374,KP-AJK,conventional_alphaearth_embeddings_no_road_distance,Conventional + AlphaEarth Embeddings (road-distance ablation),0.07143297804454704,0.5999906073424354,0
896,,0,non_landslide,73_34,2,73.60458407150658,34.637913500476984,KP-AJK,conventional_alphaearth_embeddings_no_road_distance,Conventional + AlphaEarth Embeddings (road-distance ablation),0.07349805045462811,0.5999906073424354,0
897,,0,non_landslide,73_34,2,73.65399091117875,34.65363629079144,KP-AJK,conventional_alphaearth_embeddings_no_road_distance,Conventional + AlphaEarth Embeddings (road-distance ablation),0.1800491752342685,0.5999906073424354,0
898,,0,non_landslide,73_34,2,73.95492672307371,34.74122195368322,KP-AJK,conventional_alphaearth_embeddings_no_road_distance,Conventional + AlphaEarth Embeddings (road-distance ablation),0.06984197845459675,0.5999906073424354,0
899,,0,non_landslide,73_34,2,73.36204018790649,34.04053665054895,KP-AJK,conventional_alphaearth_embeddings_no_road_distance,Conventional + AlphaEarth Embeddings (road-distance ablation),0.25853566707450465,0.5999906073424354,0
900,,0,non_landslide,73_34,2,73.7707747677685,34.98376583728331,KP-AJK,conventional_alphaearth_embeddings_no_road_distance,Conventional + AlphaEarth Embeddings (road-distance ablation),0.0736199388682834,0.5999906073424354,0
901,,0,non_landslide,73_34,2,73.49454237570964,34.49643068315221,KP-AJK,conventional_alphaearth_embeddings_no_road_distance,Conventional + AlphaEarth Embeddings (road-distance ablation),0.5722050306265454,0.5999906073424354,0
902,,0,non_landslide,73_34,2,73.35305955838486,34.83329793133582,KP-AJK,conventional_alphaearth_embeddings_no_road_distance,Conventional + AlphaEarth Embeddings (road-distance ablation),0.12990426866811858,0.5999906073424354,0
903,,0,non_landslide,73_34,2,73.6854320327066,34.78164370473271,KP-AJK,conventional_alphaearth_embeddings_no_road_distance,Conventional + AlphaEarth Embeddings (road-distance ablation),0.08626315549934303,0.5999906073424354,0
904,,0,non_landslide,73_34,2,73.29017731532916,34.610967152811014,KP-AJK,conventional_alphaearth_embeddings_no_road_distance,Conventional + AlphaEarth Embeddings (road-distance ablation),0.2625690685147164,0.5999906073424354,0
905,,0,non_landslide,73_34,2,73.57314294997873,34.8535110364111,KP-AJK,conventional_alphaearth_embeddings_no_road_distance,Conventional + AlphaEarth Embeddings (road-distance ablation),0.23032405942731732,0.5999906073424354,0
906,,0,non_landslide,73_34,2,73.19135917688375,34.442529069618146,KP-AJK,conventional_alphaearth_embeddings_no_road_distance,Conventional + AlphaEarth Embeddings (road-distance ablation),0.08536497255693039,0.5999906073424354,0
907,,0,non_landslide,73_34,2,73.88306385049637,34.2651148160047,KP-AJK,conventional_alphaearth_embeddings_no_road_distance,Conventional + AlphaEarth Embeddings (road-distance ablation),0.08432549560573299,0.5999906073424354,0
908,,0,non_landslide,73_34,2,73.54394921538182,34.507658699604775,KP-AJK,conventional_alphaearth_embeddings_no_road_distance,Conventional + AlphaEarth Embeddings (road-distance ablation),0.09145316202966673,0.5999906073424354,0
909,,0,non_landslide,74_36,2,74.85773415875857,36.403102161696175,Gilgit-Baltistan,conventional_alphaearth_embeddings_no_road_distance,Conventional + AlphaEarth Embeddings (road-distance ablation),0.9314437851370067,0.5999906073424354,1
910,,0,non_landslide,74_36,2,74.12336480626658,36.56704547102717,Gilgit-Baltistan,conventional_alphaearth_embeddings_no_road_distance,Conventional + AlphaEarth Embeddings (road-distance ablation),0.1555066089563742,0.5999906073424354,0
911,,0,non_landslide,74_36,2,74.72074165619462,36.72874139342722,Gilgit-Baltistan,conventional_alphaearth_embeddings_no_road_distance,Conventional + AlphaEarth Embeddings (road-distance ablation),0.8971076507489194,0.5999906073424354,1
912,,0,non_landslide,74_36,2,74.45124696582751,36.906160106141726,Gilgit-Baltistan,conventional_alphaearth_embeddings_no_road_distance,Conventional + AlphaEarth Embeddings (road-distance ablation),0.07163763993245005,0.5999906073424354,0
913,,0,non_landslide,74_36,2,74.52311429750588,36.07072522827337,Gilgit-Baltistan,conventional_alphaearth_embeddings_no_road_distance,Conventional + AlphaEarth Embeddings (road-distance ablation),0.05847132837659712,0.5999906073424354,0
914,,0,non_landslide,74_36,2,74.42879093292235,36.4300529684632,Gilgit-Baltistan,conventional_alphaearth_embeddings_no_road_distance,Conventional + AlphaEarth Embeddings (road-distance ablation),0.06212055072039748,0.5999906073424354,0
915,,0,non_landslide,74_36,2,74.66459711483067,36.5400991233612,Gilgit-Baltistan,conventional_alphaearth_embeddings_no_road_distance,Conventional + AlphaEarth Embeddings (road-distance ablation),0.08171299444224128,0.5999906073424354,0
916,,0,non_landslide,74_36,2,74.39959273922439,36.66361622254164,Gilgit-Baltistan,conventional_alphaearth_embeddings_no_road_distance,Conventional + AlphaEarth Embeddings (road-distance ablation),0.06458216111417359,0.5999906073424354,0
917,,0,non_landslide,74_36,2,74.42879093292235,36.99149838210258,Gilgit-Baltistan,conventional_alphaearth_embeddings_no_road_distance,Conventional + AlphaEarth Embeddings (road-distance ablation),0.07103140199629773,0.5999906073424354,0
918,,0,non_landslide,74_36,2,74.93184441826685,36.86349096816131,Gilgit-Baltistan,conventional_alphaearth_embeddings_no_road_distance,Conventional + AlphaEarth Embeddings (road-distance ablation),0.10808877118949656,0.5999906073424354,0
919,,0,non_landslide,74_36,2,74.97002324148644,36.23242560977449,Gilgit-Baltistan,conventional_alphaearth_embeddings_no_road_distance,Conventional + AlphaEarth Embeddings (road-distance ablation),0.061658889531550395,0.5999906073424354,0
920,,0,non_landslide,74_36,2,74.88468496552561,36.00110974262698,Gilgit-Baltistan,conventional_alphaearth_embeddings_no_road_distance,Conventional + AlphaEarth Embeddings (road-distance ablation),0.06246736184309509,0.5999906073424354,0
921,,0,non_landslide,74_36,2,74.28955104342745,36.71976076390558,Gilgit-Baltistan,conventional_alphaearth_embeddings_no_road_distance,Conventional + AlphaEarth Embeddings (road-distance ablation),0.12755791153793855,0.5999906073424354,0
922,,0,non_landslide,74_36,2,74.3973498113945,36.21445989163015,Gilgit-Baltistan,conventional_alphaearth_embeddings_no_road_distance,Conventional + AlphaEarth Embeddings (road-distance ablation),0.27041698141483705,0.5999906073424354,0
923,,0,non_landslide,74_36,2,74.91163577229263,36.98476513951188,"Kashgar (Xinjiang, China)",conventional_alphaearth_embeddings_no_road_distance,Conventional + AlphaEarth Embeddings (road-distance ablation),0.06971650033644439,0.5999906073424354,0
924,,0,non_landslide,74_36,2,74.2446345185161,36.704037973591134,Gilgit-Baltistan,conventional_alphaearth_embeddings_no_road_distance,Conventional + AlphaEarth Embeddings (road-distance ablation),0.06052974808461734,0.5999906073424354,0
925,,0,non_landslide,74_36,2,74.33446756833881,36.859000653400486,Gilgit-Baltistan,conventional_alphaearth_embeddings_no_road_distance,Conventional + AlphaEarth Embeddings (road-distance ablation),0.07257742757953933,0.5999906073424354,0
926,,0,non_landslide,74_36,2,74.39285949663368,36.57154024488904,Gilgit-Baltistan,conventional_alphaearth_embeddings_no_road_distance,Conventional + AlphaEarth Embeddings (road-distance ablation),0.07299431478807164,0.5999906073424354,0
927,,0,non_landslide,74_36,2,74.91612608705346,36.57603055964987,Gilgit-Baltistan,conventional_alphaearth_embeddings_no_road_distance,Conventional + AlphaEarth Embeddings (road-distance ablation),0.06374464812862639,0.5999906073424354,0
928,,0,non_landslide,74_36,2,74.09865692732943,36.40534954862712,Gilgit-Baltistan,conventional_alphaearth_embeddings_no_road_distance,Conventional + AlphaEarth Embeddings (road-distance ablation),0.08365674485769319,0.5999906073424354,0
929,,0,non_landslide,74_36,2,74.97227062841739,36.378398741860096,Gilgit-Baltistan,conventional_alphaearth_embeddings_no_road_distance,Conventional + AlphaEarth Embeddings (road-distance ablation),0.0699172181303687,0.5999906073424354,0
930,,0,non_landslide,74_36,2,74.60845257346674,36.62992771408287,Gilgit-Baltistan,conventional_alphaearth_embeddings_no_road_distance,Conventional + AlphaEarth Embeddings (road-distance ablation),0.07499651396082173,0.5999906073424354,0
931,,0,non_landslide,74_36,2,74.57476406500795,36.16729597978785,Gilgit-Baltistan,conventional_alphaearth_embeddings_no_road_distance,Conventional + AlphaEarth Embeddings (road-distance ablation),0.05997584483364869,0.5999906073424354,0
932,,0,non_landslide,74_36,2,74.13683575054904,36.31776388573534,Gilgit-Baltistan,conventional_alphaearth_embeddings_no_road_distance,Conventional + AlphaEarth Embeddings (road-distance ablation),0.06106580983190518,0.5999906073424354,0
933,,0,non_landslide,74_36,2,74.4355286346141,36.71751337697464,Gilgit-Baltistan,conventional_alphaearth_embeddings_no_road_distance,Conventional + AlphaEarth Embeddings (road-distance ablation),0.09558509364672507,0.5999906073424354,0
934,,0,non_landslide,74_36,2,74.32548247971611,36.51539124442405,Gilgit-Baltistan,conventional_alphaearth_embeddings_no_road_distance,Conventional + AlphaEarth Embeddings (road-distance ablation),0.0685544478069165,0.5999906073424354,0
935,,0,non_landslide,74_36,2,74.52086691057495,36.472722106443626,Gilgit-Baltistan,conventional_alphaearth_embeddings_no_road_distance,Conventional + AlphaEarth Embeddings (road-distance ablation),0.0737800154937775,0.5999906073424354,0
936,,0,non_landslide,74_36,2,74.10090431426036,36.58052087441069,Gilgit-Baltistan,conventional_alphaearth_embeddings_no_road_distance,Conventional + AlphaEarth Embeddings (road-distance ablation),0.061225837374468454,0.5999906073424354,0
937,,0,non_landslide,74_36,2,74.79485191570288,36.78264300696128,Gilgit-Baltistan,conventional_alphaearth_embeddings_no_road_distance,Conventional + AlphaEarth Embeddings (road-distance ablation),0.8517166803566693,0.5999906073424354,1
938,,0,non_landslide,74_36,2,74.66010680006985,36.79162363648292,Gilgit-Baltistan,conventional_alphaearth_embeddings_no_road_distance,Conventional + AlphaEarth Embeddings (road-distance ablation),0.9296826991274559,0.5999906073424354,1
939,,0,non_landslide,74_36,2,74.88468496552561,36.28183244944666,Gilgit-Baltistan,conventional_alphaearth_embeddings_no_road_distance,Conventional + AlphaEarth Embeddings (road-distance ablation),0.06724955619240609,0.5999906073424354,0
940,,0,non_landslide,74_36,2,74.15929624255524,36.021318388601195,Gilgit-Baltistan,conventional_alphaearth_embeddings_no_road_distance,Conventional + AlphaEarth Embeddings (road-distance ablation),0.9857675282914895,0.5999906073424354,1
941,,0,non_landslide,74_36,2,74.30751676157178,36.17852399624042,Gilgit-Baltistan,conventional_alphaearth_embeddings_no_road_distance,Conventional + AlphaEarth Embeddings (road-distance ablation),0.9696711264702126,0.5999906073424354,1
942,,0,non_landslide,74_36,2,74.88917528028642,36.589505963033375,Gilgit-Baltistan,conventional_alphaearth_embeddings_no_road_distance,Conventional + AlphaEarth Embeddings (road-distance ablation),0.12046392067334374,0.5999906073424354,0
943,,0,non_landslide,74_36,2,74.73196967264718,36.85001556477779,Gilgit-Baltistan,conventional_alphaearth_embeddings_no_road_distance,Conventional + AlphaEarth Embeddings (road-distance ablation),0.07331745815589899,0.5999906073424354,0
944,,0,non_landslide,74_36,2,74.06946319273253,36.22119313422085,Gilgit-Baltistan,conventional_alphaearth_embeddings_no_road_distance,Conventional + AlphaEarth Embeddings (road-distance ablation),0.06627176220181626,0.5999906073424354,0
945,,0,non_landslide,74_36,2,74.66459711483067,36.84552525001697,Gilgit-Baltistan,conventional_alphaearth_embeddings_no_road_distance,Conventional + AlphaEarth Embeddings (road-distance ablation),0.8186782859083583,0.5999906073424354,1
946,,0,non_landslide,74_36,2,74.63540338023377,36.73997386898085,Gilgit-Baltistan,conventional_alphaearth_embeddings_no_road_distance,Conventional + AlphaEarth Embeddings (road-distance ablation),0.28053328909914427,0.5999906073424354,0
947,,0,non_landslide,74_36,2,74.95430491027305,36.25937195744046,Gilgit-Baltistan,conventional_alphaearth_embeddings_no_road_distance,Conventional + AlphaEarth Embeddings (road-distance ablation),0.10762217452929893,0.5999906073424354,0
948,,0,non_landslide,74_36,2,74.055987789349,36.83654016139428,Gilgit-Baltistan,conventional_alphaearth_embeddings_no_road_distance,Conventional + AlphaEarth Embeddings (road-distance ablation),0.057041697088635275,0.5999906073424354,0
949,,0,non_landslide,74_36,2,74.9228637887452,36.275094747754906,Gilgit-Baltistan,conventional_alphaearth_embeddings_no_road_distance,Conventional + AlphaEarth Embeddings (road-distance ablation),0.0621653205194753,0.5999906073424354,0
950,,0,non_landslide,74_36,2,74.54557033041104,36.07522000213524,Gilgit-Baltistan,conventional_alphaearth_embeddings_no_road_distance,Conventional + AlphaEarth Embeddings (road-distance ablation),0.19896072308225252,0.5999906073424354,0
951,,0,non_landslide,74_36,2,74.04700715982737,36.59848659255502,Gilgit-Baltistan,conventional_alphaearth_embeddings_no_road_distance,Conventional + AlphaEarth Embeddings (road-distance ablation),0.9246970166527531,0.5999906073424354,1
952,,0,non_landslide,74_36,2,74.15031115393255,36.60073397948595,Gilgit-Baltistan,conventional_alphaearth_embeddings_no_road_distance,Conventional + AlphaEarth Embeddings (road-distance ablation),0.07172316762782627,0.5999906073424354,0
953,,0,non_landslide,74_36,2,74.08518598304698,36.45700377523024,Gilgit-Baltistan,conventional_alphaearth_embeddings_no_road_distance,Conventional + AlphaEarth Embeddings (road-distance ablation),0.0569549539123782,0.5999906073424354,0
954,,0,non_landslide,74_36,2,74.54781771734199,36.371661040168334,Gilgit-Baltistan,conventional_alphaearth_embeddings_no_road_distance,Conventional + AlphaEarth Embeddings (road-distance ablation),0.9542531334916722,0.5999906073424354,1
955,,0,non_landslide,74_36,2,74.2446345185161,36.74895449850249,Gilgit-Baltistan,conventional_alphaearth_embeddings_no_road_distance,Conventional + AlphaEarth Embeddings (road-distance ablation),0.0756516488343269,0.5999906073424354,0
956,,0,non_landslide,74_36,2,74.79485191570288,36.09992342197134,Gilgit-Baltistan,conventional_alphaearth_embeddings_no_road_distance,Conventional + AlphaEarth Embeddings (road-distance ablation),0.07486342425139261,0.5999906073424354,0
957,,0,non_landslide,74_36,2,74.10988940288306,36.72649846559735,Gilgit-Baltistan,conventional_alphaearth_embeddings_no_road_distance,Conventional + AlphaEarth Embeddings (road-distance ablation),0.059443778143877996,0.5999906073424354,0
958,,0,non_landslide,74_36,2,74.65561648530904,36.38064612879103,Gilgit-Baltistan,conventional_alphaearth_embeddings_no_road_distance,Conventional + AlphaEarth Embeddings (road-distance ablation),0.06394033568364325,0.5999906073424354,0
959,,0,non_landslide,74_36,2,74.1817522754604,36.11564175318474,Gilgit-Baltistan,conventional_alphaearth_embeddings_no_road_distance,Conventional + AlphaEarth Embeddings (road-distance ablation),0.060124317501026044,0.5999906073424354,0
960,,0,non_landslide,74_36,2,74.17501457376864,36.5019203001416,Gilgit-Baltistan,conventional_alphaearth_embeddings_no_road_distance,Conventional + AlphaEarth Embeddings (road-distance ablation),0.056500529909330105,0.5999906073424354,0
961,,0,non_landslide,74_36,2,74.36366130293572,36.66585915037153,Gilgit-Baltistan,conventional_alphaearth_embeddings_no_road_distance,Conventional + AlphaEarth Embeddings (road-distance ablation),0.06040741574590942,0.5999906073424354,0
962,,0,non_landslide,74_36,2,74.93184441826685,36.20322741607652,Gilgit-Baltistan,conventional_alphaearth_embeddings_no_road_distance,Conventional + AlphaEarth Embeddings (road-distance ablation),0.9746740817141855,0.5999906073424354,1
963,,0,non_landslide,74_36,2,74.26260023666042,36.29306046589924,Gilgit-Baltistan,conventional_alphaearth_embeddings_no_road_distance,Conventional + AlphaEarth Embeddings (road-distance ablation),0.07394775671121678,0.5999906073424354,0
964,,0,non_landslide,75_38,2,75.6752033184826,38.0245650777607,"Kashgar (Xinjiang, China)",conventional_alphaearth_embeddings_no_road_distance,Conventional + AlphaEarth Embeddings (road-distance ablation),0.09181901628485162,0.5999906073424354,0
965,,0,non_landslide,75_38,2,75.33833607029898,38.91838742482288,"Kashgar (Xinjiang, China)",conventional_alphaearth_embeddings_no_road_distance,Conventional + AlphaEarth Embeddings (road-distance ablation),0.07443617889137827,0.5999906073424354,0
966,,0,non_landslide,75_38,2,75.45062515302685,38.06273944187925,"Kashgar (Xinjiang, China)",conventional_alphaearth_embeddings_no_road_distance,Conventional + AlphaEarth Embeddings (road-distance ablation),0.10256796845502326,0.5999906073424354,0
967,,0,non_landslide,75_38,2,75.74931357799086,38.42206718206909,"Kashgar (Xinjiang, China)",conventional_alphaearth_embeddings_no_road_distance,Conventional + AlphaEarth Embeddings (road-distance ablation),0.0657995820652701,0.5999906073424354,0
968,,0,non_landslide,75_38,2,75.61456400325679,38.583763104469135,"Kashgar (Xinjiang, China)",conventional_alphaearth_embeddings_no_road_distance,Conventional + AlphaEarth Embeddings (road-distance ablation),0.06583938483194861,0.5999906073424354,0
969,,0,non_landslide,75_38,2,75.48655658931551,38.34795692256082,"Kashgar (Xinjiang, China)",conventional_alphaearth_embeddings_no_road_distance,Conventional + AlphaEarth Embeddings (road-distance ablation),0.09859962411443407,0.5999906073424354,0
970,,0,non_landslide,75_38,2,75.3720201196567,38.15257249170197,"Kashgar (Xinjiang, China)",conventional_alphaearth_embeddings_no_road_distance,Conventional + AlphaEarth Embeddings (road-distance ablation),0.08259688364368331,0.5999906073424354,0
971,,0,non_landslide,75_38,2,75.31587557829276,38.902664634508426,"Kashgar (Xinjiang, China)",conventional_alphaearth_embeddings_no_road_distance,Conventional + AlphaEarth Embeddings (road-distance ablation),0.06397246221250383,0.5999906073424354,0
972,,0,non_landslide,75_38,2,75.02841516978133,38.28956499426594,"Kashgar (Xinjiang, China)",conventional_alphaearth_embeddings_no_road_distance,Conventional + AlphaEarth Embeddings (road-distance ablation),0.11020695487725951,0.5999906073424354,0
973,,0,non_landslide,75_38,2,75.24850302047625,38.71401790534134,"Kashgar (Xinjiang, China)",conventional_alphaearth_embeddings_no_road_distance,Conventional + AlphaEarth Embeddings (road-distance ablation),0.23290623459778276,0.5999906073424354,0
974,,0,non_landslide,75_38,2,75.12947623605662,38.97902228094764,"Kashgar (Xinjiang, China)",conventional_alphaearth_embeddings_no_road_distance,Conventional + AlphaEarth Embeddings (road-distance ablation),0.09457046757455437,0.5999906073424354,0
975,,0,non_landslide,75_38,2,75.74257587629911,38.37490772932784,"Kashgar (Xinjiang, China)",conventional_alphaearth_embeddings_no_road_distance,Conventional + AlphaEarth Embeddings (road-distance ablation),0.271639806992578,0.5999906073424354,0
976,,0,non_landslide,75_38,2,75.18562077742055,38.29630269595769,"Kashgar (Xinjiang, China)",conventional_alphaearth_embeddings_no_road_distance,Conventional + AlphaEarth Embeddings (road-distance ablation),0.06524925721563825,0.5999906073424354,0
977,,0,non_landslide,75_38,2,75.64825251171557,38.13460677355764,"Kashgar (Xinjiang, China)",conventional_alphaearth_embeddings_no_road_distance,Conventional + AlphaEarth Embeddings (road-distance ablation),0.30441898280179874,0.5999906073424354,0
978,,0,non_landslide,75_38,2,75.24850302047625,38.687071557675374,"Kashgar (Xinjiang, China)",conventional_alphaearth_embeddings_no_road_distance,Conventional + AlphaEarth Embeddings (road-distance ablation),0.23603587194757106,0.5999906073424354,0
979,,0,non_landslide,75_38,2,75.57189486527636,38.99249768433115,"Kashgar (Xinjiang, China)",conventional_alphaearth_embeddings_no_road_distance,Conventional + AlphaEarth Embeddings (road-distance ablation),0.1178118972122802,0.5999906073424354,0
980,,0,non_landslide,75_38,2,75.22379960064016,38.309778099341216,"Kashgar (Xinjiang, China)",conventional_alphaearth_embeddings_no_road_distance,Conventional + AlphaEarth Embeddings (road-distance ablation),0.07284627472922552,0.5999906073424354,0
981,,0,non_landslide,75_38,2,75.74931357799086,38.821816673308405,"Kashgar (Xinjiang, China)",conventional_alphaearth_embeddings_no_road_distance,Conventional + AlphaEarth Embeddings (road-distance ablation),0.10416346797270438,0.5999906073424354,0
982,,0,non_landslide,75_38,2,75.04413796009577,38.24914324321645,"Kashgar (Xinjiang, China)",conventional_alphaearth_embeddings_no_road_distance,Conventional + AlphaEarth Embeddings (road-distance ablation),0.06990020950822816,0.5999906073424354,0
983,,0,non_landslide,75_38,2,75.22379960064016,38.81507897161664,"Kashgar (Xinjiang, China)",conventional_alphaearth_embeddings_no_road_distance,Conventional + AlphaEarth Embeddings (road-distance ablation),0.12349734683334182,0.5999906073424354,0
984,,0,non_landslide,75_38,2,75.41468925763712,38.26261864659996,"Kashgar (Xinjiang, China)",conventional_alphaearth_embeddings_no_road_distance,Conventional + AlphaEarth Embeddings (road-distance ablation),0.061091797382235684,0.5999906073424354,0
985,,0,non_landslide,75_38,2,75.28892477152574,38.71626529227228,"Kashgar (Xinjiang, China)",conventional_alphaearth_embeddings_no_road_distance,Conventional + AlphaEarth Embeddings (road-distance ablation),0.40668192642901696,0.5999906073424354,0
986,,0,non_landslide,75_38,2,75.00371174994524,38.078462232193694,"Kashgar (Xinjiang, China)",conventional_alphaearth_embeddings_no_road_distance,Conventional + AlphaEarth Embeddings (road-distance ablation),0.20416146996008566,0.5999906073424354,0
987,,0,non_landslide,75_38,2,75.38998583780104,38.334481519177295,"Kashgar (Xinjiang, China)",conventional_alphaearth_embeddings_no_road_distance,Conventional + AlphaEarth Embeddings (road-distance ablation),0.14221631991733835,0.5999906073424354,0
988,,0,non_landslide,75_38,2,75.24625563354533,38.57927278970832,"Kashgar (Xinjiang, China)",conventional_alphaearth_embeddings_no_road_distance,Conventional + AlphaEarth Embeddings (road-distance ablation),0.06284188262164628,0.5999906073424354,0
989,,0,non_landslide,75_38,2,75.57189486527636,38.35918493901339,"Kashgar (Xinjiang, China)",conventional_alphaearth_embeddings_no_road_distance,Conventional + AlphaEarth Embeddings (road-distance ablation),0.19310502811975247,0.5999906073424354,0
990,,0,non_landslide,75_38,2,75.74257587629911,38.17503298370817,"Kashgar (Xinjiang, China)",conventional_alphaearth_embeddings_no_road_distance,Conventional + AlphaEarth Embeddings (road-distance ablation),0.09337727195252878,0.5999906073424354,0
991,,0,non_landslide,75_38,2,75.10926313098135,38.76567213194446,"Kashgar (Xinjiang, China)",conventional_alphaearth_embeddings_no_road_distance,Conventional + AlphaEarth Embeddings (road-distance ablation),0.4305049287292232,0.5999906073424354,0
992,,0,non_landslide,75_38,2,75.8054581193548,38.84652009314448,"Kashgar (Xinjiang, China)",conventional_alphaearth_embeddings_no_road_distance,Conventional + AlphaEarth Embeddings (road-distance ablation),0.06996659573644969,0.5999906073424354,0
993,,0,non_landslide,75_38,2,75.46185316947943,38.233420452902,"Kashgar (Xinjiang, China)",conventional_alphaearth_embeddings_no_road_distance,Conventional + AlphaEarth Embeddings (road-distance ablation),0.05865608728369605,0.5999906073424354,0
994,,0,non_landslide,75_38,2,75.54719144544028,38.271599276121606,"Kashgar (Xinjiang, China)",conventional_alphaearth_embeddings_no_road_distance,Conventional + AlphaEarth Embeddings (road-distance ablation),0.08457103368754529,0.5999906073424354,0
995,,0,non_landslide,75_38,2,75.38100520827939,38.26261864659996,"Kashgar (Xinjiang, China)",conventional_alphaearth_embeddings_no_road_distance,Conventional + AlphaEarth Embeddings (road-distance ablation),0.05825816313073765,0.5999906073424354,0
996,,0,non_landslide,75_38,2,75.39448061166291,38.14359186218033,"Kashgar (Xinjiang, China)",conventional_alphaearth_embeddings_no_road_distance,Conventional + AlphaEarth Embeddings (road-distance ablation),0.11562144964852054,0.5999906073424354,0
997,,0,non_landslide,75_38,2,75.89529116917753,38.92512512651464,"Kashgar (Xinjiang, China)",conventional_alphaearth_embeddings_no_road_distance,Conventional + AlphaEarth Embeddings (road-distance ablation),0.0696136890421264,0.5999906073424354,0
998,,0,non_landslide,75_38,2,75.85711234595792,38.90491202143937,"Kashgar (Xinjiang, China)",conventional_alphaearth_embeddings_no_road_distance,Conventional + AlphaEarth Embeddings (road-distance ablation),0.06577462058690287,0.5999906073424354,0
999,,0,non_landslide,75_38,2,75.25973103692883,38.92512512651463,"Kashgar (Xinjiang, China)",conventional_alphaearth_embeddings_no_road_distance,Conventional + AlphaEarth Embeddings (road-distance ablation),0.3298635543395643,0.5999906073424354,0
1000,,0,non_landslide,75_38,2,75.04189057316484,38.57927278970832,"Kashgar (Xinjiang, China)",conventional_alphaearth_embeddings_no_road_distance,Conventional + AlphaEarth Embeddings (road-distance ablation),0.15370859582557392,0.5999906073424354,0
1001,,0,non_landslide,75_38,2,75.23278023016181,38.0245650777607,"Kashgar (Xinjiang, China)",conventional_alphaearth_embeddings_no_road_distance,Conventional + AlphaEarth Embeddings (road-distance ablation),0.3087630351094498,0.5999906073424354,0
1002,,0,non_landslide,75_38,2,75.38324813610927,38.18176622629888,"Kashgar (Xinjiang, China)",conventional_alphaearth_embeddings_no_road_distance,Conventional + AlphaEarth Embeddings (road-distance ablation),0.06523076535597526,0.5999906073424354,0
1003,,0,non_landslide,75_38,2,75.75156096492181,38.15032510477103,"Kashgar (Xinjiang, China)",conventional_alphaearth_embeddings_no_road_distance,Conventional + AlphaEarth Embeddings (road-distance ablation),0.08248657569458889,0.5999906073424354,0
1004,,0,non_landslide,75_38,2,75.66621822985991,38.404101463924746,"Kashgar (Xinjiang, China)",conventional_alphaearth_embeddings_no_road_distance,Conventional + AlphaEarth Embeddings (road-distance ablation),0.12889094439624704,0.5999906073424354,0
1005,,0,non_landslide,75_38,2,75.78749240121047,38.69829957412795,"Kashgar (Xinjiang, China)",conventional_alphaearth_embeddings_no_road_distance,Conventional + AlphaEarth Embeddings (road-distance ablation),0.07145823378614663,0.5999906073424354,0
1006,,0,non_landslide,75_38,2,75.75156096492181,38.87571828684245,"Kashgar (Xinjiang, China)",conventional_alphaearth_embeddings_no_road_distance,Conventional + AlphaEarth Embeddings (road-distance ablation),0.07250924794664905,0.5999906073424354,0
1007,,0,non_landslide,75_38,2,75.64825251171557,38.2177021216886,"Kashgar (Xinjiang, China)",conventional_alphaearth_embeddings_no_road_distance,Conventional + AlphaEarth Embeddings (road-distance ablation),0.05831300301809841,0.5999906073424354,0
1008,,0,non_landslide,75_38,2,75.56291423575473,38.46923109391138,"Kashgar (Xinjiang, China)",conventional_alphaearth_embeddings_no_road_distance,Conventional + AlphaEarth Embeddings (road-distance ablation),0.08462200232604443,0.5999906073424354,0
1009,,0,non_landslide,75_38,2,75.26646873862059,38.71626529227228,"Kashgar (Xinjiang, China)",conventional_alphaearth_embeddings_no_road_distance,Conventional + AlphaEarth Embeddings (road-distance ablation),0.1462986403749516,0.5999906073424354,0
1010,,0,non_landslide,75_38,2,75.63028679357123,38.02905539252152,"Kashgar (Xinjiang, China)",conventional_alphaearth_embeddings_no_road_distance,Conventional + AlphaEarth Embeddings (road-distance ablation),0.0687587617428645,0.5999906073424354,0
1011,,0,non_landslide,75_38,2,75.62130170494854,38.073971917432885,"Kashgar (Xinjiang, China)",conventional_alphaearth_embeddings_no_road_distance,Conventional + AlphaEarth Embeddings (road-distance ablation),0.06121894200666945,0.5999906073424354,0
1012,,0,non_landslide,75_38,2,75.23727500402367,38.82855437500015,"Kashgar (Xinjiang, China)",conventional_alphaearth_embeddings_no_road_distance,Conventional + AlphaEarth Embeddings (road-distance ablation),0.05958456264444963,0.5999906073424354,0
1013,,0,non_landslide,75_38,2,75.88630608055483,38.37490772932784,"Kashgar (Xinjiang, China)",conventional_alphaearth_embeddings_no_road_distance,Conventional + AlphaEarth Embeddings (road-distance ablation),0.12014734233558315,0.5999906073424354,0
1014,,0,non_landslide,75_38,2,75.56965193744648,38.93410575603627,"Kashgar (Xinjiang, China)",conventional_alphaearth_embeddings_no_road_distance,Conventional + AlphaEarth Embeddings (road-distance ablation),0.09694487934243431,0.5999906073424354,0
1015,,0,non_landslide,75_38,2,75.55168621930214,38.46473632004951,"Kashgar (Xinjiang, China)",conventional_alphaearth_embeddings_no_road_distance,Conventional + AlphaEarth Embeddings (road-distance ablation),0.07350044648594252,0.5999906073424354,0
1016,,0,non_landslide,75_38,2,75.42142695932888,38.19748901661333,"Kashgar (Xinjiang, China)",conventional_alphaearth_embeddings_no_road_distance,Conventional + AlphaEarth Embeddings (road-distance ablation),0.06056367703123303,0.5999906073424354,0
1017,,0,non_landslide,75_38,2,75.45286808085673,38.35693755208245,"Kashgar (Xinjiang, China)",conventional_alphaearth_embeddings_no_road_distance,Conventional + AlphaEarth Embeddings (road-distance ablation),0.0819285208977996,0.5999906073424354,0
1018,,0,non_landslide,76_35,2,76.84525805760363,35.942717814332106,"Kashgar (Xinjiang, China)",conventional_alphaearth_embeddings_no_road_distance,Conventional + AlphaEarth Embeddings (road-distance ablation),0.16268735796868874,0.5999906073424354,0
1019,,0,non_landslide,76_35,2,76.14232536753842,35.48457639479791,Gilgit-Baltistan,conventional_alphaearth_embeddings_no_road_distance,Conventional + AlphaEarth Embeddings (road-distance ablation),0.06860068350648477,0.5999906073424354,0
1020,,0,non_landslide,76_35,2,76.51063373724989,35.17915026814214,Gilgit-Baltistan,conventional_alphaearth_embeddings_no_road_distance,Conventional + AlphaEarth Embeddings (road-distance ablation),0.8530174774962759,0.5999906073424354,1
1021,,0,non_landslide,76_35,2,76.38262632330863,35.65525740582066,Gilgit-Baltistan,conventional_alphaearth_embeddings_no_road_distance,Conventional + AlphaEarth Embeddings (road-distance ablation),0.05575430481688745,0.5999906073424354,0
1022,,0,non_landslide,76_35,2,76.5577976490922,35.886573272968185,Gilgit-Baltistan,conventional_alphaearth_embeddings_no_road_distance,Conventional + AlphaEarth Embeddings (road-distance ablation),0.06018440687395406,0.5999906073424354,0
1023,,0,non_landslide,76_35,2,76.31974408025293,35.96966862109913,"Kashgar (Xinjiang, China)",conventional_alphaearth_embeddings_no_road_distance,Conventional + AlphaEarth Embeddings (road-distance ablation),0.05440194347640628,0.5999906073424354,0
1024,,0,non_landslide,76_35,2,76.03452659957136,35.72936766532893,Gilgit-Baltistan,conventional_alphaearth_embeddings_no_road_distance,Conventional + AlphaEarth Embeddings (road-distance ablation),0.05560171593865758,0.5999906073424354,0
1025,,0,non_landslide,76_35,2,76.64313592505306,35.67996082565676,Gilgit-Baltistan,conventional_alphaearth_embeddings_no_road_distance,Conventional + AlphaEarth Embeddings (road-distance ablation),0.0745252709025417,0.5999906073424354,0
1026,,0,non_landslide,76_35,2,76.33097209670551,35.44190725681749,Gilgit-Baltistan,conventional_alphaearth_embeddings_no_road_distance,Conventional + AlphaEarth Embeddings (road-distance ablation),0.0588530152992789,0.5999906073424354,0
1027,,0,non_landslide,76_35,2,76.40059204145295,35.68669852734851,Gilgit-Baltistan,conventional_alphaearth_embeddings_no_road_distance,Conventional + AlphaEarth Embeddings (road-distance ablation),0.05955831427884575,0.5999906073424354,0
1028,,0,non_landslide,76_35,2,76.58025368199735,35.68220375348664,Gilgit-Baltistan,conventional_alphaearth_embeddings_no_road_distance,Conventional + AlphaEarth Embeddings (road-distance ablation),0.06922326707968139,0.5999906073424354,0
1029,,0,non_landslide,76_35,2,76.86097638881704,35.277963947486505,Gilgit-Baltistan,conventional_alphaearth_embeddings_no_road_distance,Conventional + AlphaEarth Embeddings (road-distance ablation),0.07342057672307743,0.5999906073424354,0
1030,,0,non_landslide,76_35,2,76.46122689757772,35.0219446605029,Gilgit-Baltistan,conventional_alphaearth_embeddings_no_road_distance,Conventional + AlphaEarth Embeddings (road-distance ablation),0.06973960985571433,0.5999906073424354,0
1031,,0,non_landslide,76_35,2,76.00084255021365,35.50029918511237,Gilgit-Baltistan,conventional_alphaearth_embeddings_no_road_distance,Conventional + AlphaEarth Embeddings (road-distance ablation),0.059452474751216726,0.5999906073424354,0
1032,,0,non_landslide,76_35,2,76.92161570404284,35.868607554823825,"Kashgar (Xinjiang, China)",conventional_alphaearth_embeddings_no_road_distance,Conventional + AlphaEarth Embeddings (road-distance ablation),0.07836229654509755,0.5999906073424354,0
1033,,0,non_landslide,76_35,2,76.76441009640361,35.72038257670624,"Kashgar (Xinjiang, China)",conventional_alphaearth_embeddings_no_road_distance,Conventional + AlphaEarth Embeddings (road-distance ablation),0.08227570982794756,0.5999906073424354,0
1034,,0,non_landslide,76_35,2,76.28156525703332,35.181393195972014,Gilgit-Baltistan,conventional_alphaearth_embeddings_no_road_distance,Conventional + AlphaEarth Embeddings (road-distance ablation),0.5064540009823968,0.5999906073424354,0
1035,,0,non_landslide,76_35,2,76.05923001940747,35.58788484800415,Gilgit-Baltistan,conventional_alphaearth_embeddings_no_road_distance,Conventional + AlphaEarth Embeddings (road-distance ablation),0.059474861972109584,0.5999906073424354,0
1036,,0,non_landslide,76_35,2,76.0210556552889,35.60360317921754,Gilgit-Baltistan,conventional_alphaearth_embeddings_no_road_distance,Conventional + AlphaEarth Embeddings (road-distance ablation),0.4001621875348132,0.5999906073424354,0
1037,,0,non_landslide,76_35,2,76.16253847261369,35.388005643283435,Gilgit-Baltistan,conventional_alphaearth_embeddings_no_road_distance,Conventional + AlphaEarth Embeddings (road-distance ablation),0.05642901656781837,0.5999906073424354,0
1038,,0,non_landslide,76_35,2,76.53084684232516,35.388005643283435,Gilgit-Baltistan,conventional_alphaearth_embeddings_no_road_distance,Conventional + AlphaEarth Embeddings (road-distance ablation),0.06543942227764846,0.5999906073424354,0
1039,,0,non_landslide,76_35,2,76.7419496043974,35.509279814634006,Gilgit-Baltistan,conventional_alphaearth_embeddings_no_road_distance,Conventional + AlphaEarth Embeddings (road-distance ablation),0.05932075694066179,0.5999906073424354,0
1040,,0,non_landslide,76_35,2,76.68356213520357,35.745085996542336,"Kashgar (Xinjiang, China)",conventional_alphaearth_embeddings_no_road_distance,Conventional + AlphaEarth Embeddings (road-distance ablation),0.058353979380573746,0.5999906073424354,0
1041,,0,non_landslide,76_35,2,76.36241321823336,35.230804494745264,Gilgit-Baltistan,conventional_alphaearth_embeddings_no_road_distance,Conventional + AlphaEarth Embeddings (road-distance ablation),0.248419275521473,0.5999906073424354,0
1042,,0,non_landslide,76_35,2,76.46796459926946,35.226309720883386,Gilgit-Baltistan,conventional_alphaearth_embeddings_no_road_distance,Conventional + AlphaEarth Embeddings (road-distance ablation),0.7797977037339273,0.5999906073424354,1
1043,,0,non_landslide,76_35,2,76.54207485877774,35.41720383698141,Gilgit-Baltistan,conventional_alphaearth_embeddings_no_road_distance,Conventional + AlphaEarth Embeddings (road-distance ablation),0.06822391993372401,0.5999906073424354,0
1044,,0,non_landslide,76_35,2,76.27482755534159,35.46885806358451,Gilgit-Baltistan,conventional_alphaearth_embeddings_no_road_distance,Conventional + AlphaEarth Embeddings (road-distance ablation),0.05885959321913106,0.5999906073424354,0
1045,,0,non_landslide,76_35,2,76.29504066041684,35.98538695231254,"Kashgar (Xinjiang, China)",conventional_alphaearth_embeddings_no_road_distance,Conventional + AlphaEarth Embeddings (road-distance ablation),0.06288241371609243,0.5999906073424354,0
1046,,0,non_landslide,76_35,2,76.12884996415491,35.7495807704042,Gilgit-Baltistan,conventional_alphaearth_embeddings_no_road_distance,Conventional + AlphaEarth Embeddings (road-distance ablation),0.0561287325059899,0.5999906073424354,0
1047,,0,non_landslide,76_35,2,76.43428054991175,35.064613798483336,Gilgit-Baltistan,conventional_alphaearth_embeddings_no_road_distance,Conventional + AlphaEarth Embeddings (road-distance ablation),0.8211608031823869,0.5999906073424354,1
1048,,0,non_landslide,76_35,2,76.14457275446937,35.03542006388641,Gilgit-Baltistan,conventional_alphaearth_embeddings_no_road_distance,Conventional + AlphaEarth Embeddings (road-distance ablation),0.6301524333642133,0.5999906073424354,1
1049,,0,non_landslide,76_35,2,76.9058929137284,35.08931721831942,Gilgit-Baltistan,conventional_alphaearth_embeddings_no_road_distance,Conventional + AlphaEarth Embeddings (road-distance ablation),0.17505914771399528,0.5999906073424354,0
1050,,0,non_landslide,76_35,2,76.86771409050878,35.5721620576897,Gilgit-Baltistan,conventional_alphaearth_embeddings_no_road_distance,Conventional + AlphaEarth Embeddings (road-distance ablation),0.05778285118215795,0.5999906073424354,0
1051,,0,non_landslide,76_35,2,76.672334118751,35.35207420699477,Gilgit-Baltistan,conventional_alphaearth_embeddings_no_road_distance,Conventional + AlphaEarth Embeddings (road-distance ablation),0.4425931451929112,0.5999906073424354,0
1052,,0,non_landslide,76_35,2,76.65212101367572,35.042157765578175,Gilgit-Baltistan,conventional_alphaearth_embeddings_no_road_distance,Conventional + AlphaEarth Embeddings (road-distance ablation),0.06200872125223204,0.5999906073424354,0
1053,,0,non_landslide,76_35,2,76.2770749422725,35.46885806358452,Gilgit-Baltistan,conventional_alphaearth_embeddings_no_road_distance,Conventional + AlphaEarth Embeddings (road-distance ablation),0.05437915754597861,0.5999906073424354,0
1054,,0,non_landslide,76_35,2,76.49716279296743,35.444154643748426,Gilgit-Baltistan,conventional_alphaearth_embeddings_no_road_distance,Conventional + AlphaEarth Embeddings (road-distance ablation),0.05827020358489295,0.5999906073424354,0
1055,,0,non_landslide,76_35,2,76.07720019665285,35.8888206598991,Gilgit-Baltistan,conventional_alphaearth_embeddings_no_road_distance,Conventional + AlphaEarth Embeddings (road-distance ablation),0.06290121062957656,0.5999906073424354,0
1056,,0,non_landslide,76_35,2,76.46347428450865,35.99661496876511,"Kashgar (Xinjiang, China)",conventional_alphaearth_embeddings_no_road_distance,Conventional + AlphaEarth Embeddings (road-distance ablation),0.2719112524783746,0.5999906073424354,0
1057,,0,non_landslide,76_35,2,76.89915521203663,35.563181428168065,Gilgit-Baltistan,conventional_alphaearth_embeddings_no_road_distance,Conventional + AlphaEarth Embeddings (road-distance ablation),0.059532703563547715,0.5999906073424354,0
1058,,0,non_landslide,76_35,2,76.71500325673142,35.33635587578137,Gilgit-Baltistan,conventional_alphaearth_embeddings_no_road_distance,Conventional + AlphaEarth Embeddings (road-distance ablation),0.05570678151635472,0.5999906073424354,0
1059,,0,non_landslide,76_35,2,76.19846990890237,35.36554961037828,Gilgit-Baltistan,conventional_alphaearth_embeddings_no_road_distance,Conventional + AlphaEarth Embeddings (road-distance ablation),0.06799286503209133,0.5999906073424354,0
1060,,0,non_landslide,76_35,2,76.96428484202326,35.16342747782769,Gilgit-Baltistan,conventional_alphaearth_embeddings_no_road_distance,Conventional + AlphaEarth Embeddings (road-distance ablation),0.16747450610833317,0.5999906073424354,0
1061,,0,non_landslide,76_35,2,76.6341552955314,35.04889546726993,Gilgit-Baltistan,conventional_alphaearth_embeddings_no_road_distance,Conventional + AlphaEarth Embeddings (road-distance ablation),0.08098753944083842,0.5999906073424354,0
1062,,0,non_landslide,76_35,2,76.18724189244979,35.381272400692744,Gilgit-Baltistan,conventional_alphaearth_embeddings_no_road_distance,Conventional + AlphaEarth Embeddings (road-distance ablation),0.059806159983144785,0.5999906073424354,0
1063,,0,non_landslide,76_35,2,76.20520761059412,35.56093404123712,Gilgit-Baltistan,conventional_alphaearth_embeddings_no_road_distance,Conventional + AlphaEarth Embeddings (road-distance ablation),0.07862890156027194,0.5999906073424354,0
1064,,0,non_landslide,76_35,2,76.95529975340057,35.76754648854855,"Kashgar (Xinjiang, China)",conventional_alphaearth_embeddings_no_road_distance,Conventional + AlphaEarth Embeddings (road-distance ablation),0.10364939458491362,0.5999906073424354,0
1065,,0,non_landslide,76_35,2,76.80707923438403,35.5182649032567,Gilgit-Baltistan,conventional_alphaearth_embeddings_no_road_distance,Conventional + AlphaEarth Embeddings (road-distance ablation),0.06885641700228781,0.5999906073424354,0
1066,,0,non_landslide,76_35,2,76.09067114093533,35.839409361125874,Gilgit-Baltistan,conventional_alphaearth_embeddings_no_road_distance,Conventional + AlphaEarth Embeddings (road-distance ablation),0.05687648927978316,0.5999906073424354,0
1067,,0,non_landslide,76_35,2,76.55330733433136,35.268978858863804,Gilgit-Baltistan,conventional_alphaearth_embeddings_no_road_distance,Conventional + AlphaEarth Embeddings (road-distance ablation),0.07542722892058545,0.5999906073424354,0
1068,,0,non_landslide,76_35,2,76.63639822336128,35.697926543801096,Gilgit-Baltistan,conventional_alphaearth_embeddings_no_road_distance,Conventional + AlphaEarth Embeddings (road-distance ablation),0.07102946318833389,0.5999906073424354,0
1069,,0,non_landslide,76_35,2,76.16927617430547,35.56542435599793,Gilgit-Baltistan,conventional_alphaearth_embeddings_no_road_distance,Conventional + AlphaEarth Embeddings (road-distance ablation),0.06733304237327066,0.5999906073424354,0
1070,,0,non_landslide,76_35,2,76.14008243970854,35.34309357747314,Gilgit-Baltistan,conventional_alphaearth_embeddings_no_road_distance,Conventional + AlphaEarth Embeddings (road-distance ablation),0.9299717797268982,0.5999906073424354,1
1071,,0,non_landslide,76_35,2,76.67682443351183,35.5339832344701,Gilgit-Baltistan,conventional_alphaearth_embeddings_no_road_distance,Conventional + AlphaEarth Embeddings (road-distance ablation),0.05874439394399564,0.5999906073424354,0
1072,,0,non_landslide,76_35,2,76.41855775959729,35.823691029912474,Gilgit-Baltistan,conventional_alphaearth_embeddings_no_road_distance,Conventional + AlphaEarth Embeddings (road-distance ablation),0.06308301650674475,0.5999906073424354,0
1073,,0,non_landslide,76_35,2,76.00308547804353,35.13423374323078,Gilgit-Baltistan,conventional_alphaearth_embeddings_no_road_distance,Conventional + AlphaEarth Embeddings (road-distance ablation),0.1081467953254859,0.5999906073424354,0
1074,,0,non_landslide,76_35,2,76.64763069891491,35.763056173787724,Gilgit-Baltistan,conventional_alphaearth_embeddings_no_road_distance,Conventional + AlphaEarth Embeddings (road-distance ablation),0.0653856540339236,0.5999906073424354,0
1075,,0,non_landslide,76_35,2,76.81830725083661,35.10504000863387,Gilgit-Baltistan,conventional_alphaearth_embeddings_no_road_distance,Conventional + AlphaEarth Embeddings (road-distance ablation),0.06352245647236353,0.5999906073424354,0
1076,,0,non_landslide,76_35,2,76.68580506303346,35.02419204743385,Gilgit-Baltistan,conventional_alphaearth_embeddings_no_road_distance,Conventional + AlphaEarth Embeddings (road-distance ablation),0.05583340101121263,0.5999906073424354,0
1077,,0,non_landslide,76_35,2,76.29055034565602,35.21957201919163,Gilgit-Baltistan,conventional_alphaearth_embeddings_no_road_distance,Conventional + AlphaEarth Embeddings (road-distance ablation),0.9609656467613291,0.5999906073424354,1
1078,,0,non_landslide,76_35,2,76.33546241146632,35.702416858561904,Gilgit-Baltistan,conventional_alphaearth_embeddings_no_road_distance,Conventional + AlphaEarth Embeddings (road-distance ablation),0.061983588231356176,0.5999906073424354,0
1079,,0,non_landslide,78_39,2,78.143324669767,39.217075849786895,"Kashgar (Xinjiang, China)",conventional_alphaearth_embeddings_no_road_distance,Conventional + AlphaEarth Embeddings (road-distance ablation),0.056393288937191956,0.5999906073424354,0
1080,,0,non_landslide,78_39,2,78.28705487402272,39.41246028064573,"Kashgar (Xinjiang, China)",conventional_alphaearth_embeddings_no_road_distance,Conventional + AlphaEarth Embeddings (road-distance ablation),0.0586895576486856,0.5999906073424354,0
1081,,0,non_landslide,78_39,2,78.37913085167533,39.12724725906523,"Kashgar (Xinjiang, China)",conventional_alphaearth_embeddings_no_road_distance,Conventional + AlphaEarth Embeddings (road-distance ablation),0.06550790378414192,0.5999906073424354,0
1082,,0,non_landslide,78_39,2,78.30053027740622,39.9739056942851,"Kashgar (Xinjiang, China)",conventional_alphaearth_embeddings_no_road_distance,Conventional + AlphaEarth Embeddings (road-distance ablation),0.06424149039306613,0.5999906073424354,0
1083,,0,non_landslide,78_39,2,78.80134083492085,39.73809951237679,"Kashgar (Xinjiang, China)",conventional_alphaearth_embeddings_no_road_distance,Conventional + AlphaEarth Embeddings (road-distance ablation),0.07682281356017241,0.5999906073424354,0
1084,,0,non_landslide,78_39,2,78.03777328873088,39.40123226419316,"Kashgar (Xinjiang, China)",conventional_alphaearth_embeddings_no_road_distance,Conventional + AlphaEarth Embeddings (road-distance ablation),0.056603028437379146,0.5999906073424354,0
1085,,0,non_landslide,78_39,2,78.2601040672557,39.49330824184576,"Kashgar (Xinjiang, China)",conventional_alphaearth_embeddings_no_road_distance,Conventional + AlphaEarth Embeddings (road-distance ablation),0.06380374947163028,0.5999906073424354,0
1086,,0,non_landslide,78_39,2,78.83053456951775,39.03292389448168,"Kashgar (Xinjiang, China)",conventional_alphaearth_embeddings_no_road_distance,Conventional + AlphaEarth Embeddings (road-distance ablation),0.05916783222273959,0.5999906073424354,0
1087,,0,non_landslide,78_39,2,78.34993711707841,39.470852208940606,"Kashgar (Xinjiang, China)",conventional_alphaearth_embeddings_no_road_distance,Conventional + AlphaEarth Embeddings (road-distance ablation),0.06277310127574094,0.5999906073424354,0
1088,,0,non_landslide,78_39,2,78.50264795085577,39.25974498776732,"Kashgar (Xinjiang, China)",conventional_alphaearth_embeddings_no_road_distance,Conventional + AlphaEarth Embeddings (road-distance ablation),0.0673271089475263,0.5999906073424354,0
1089,,0,non_landslide,78_39,2,78.51163303947847,39.05313254045591,"Kashgar (Xinjiang, China)",conventional_alphaearth_embeddings_no_road_distance,Conventional + AlphaEarth Embeddings (road-distance ablation),0.05589120903862395,0.5999906073424354,0
1090,,0,non_landslide,78_39,2,78.80583114968167,39.509031032160216,"Kashgar (Xinjiang, China)",conventional_alphaearth_embeddings_no_road_distance,Conventional + AlphaEarth Embeddings (road-distance ablation),0.05589657194668958,0.5999906073424354,0
1091,,0,non_landslide,78_39,2,78.87994140918994,39.2395363417931,"Kashgar (Xinjiang, China)",conventional_alphaearth_embeddings_no_road_distance,Conventional + AlphaEarth Embeddings (road-distance ablation),0.0587552789077904,0.5999906073424354,0
1092,,0,non_landslide,78_39,2,78.5295987576228,39.55394309797052,"Kashgar (Xinjiang, China)",conventional_alphaearth_embeddings_no_road_distance,Conventional + AlphaEarth Embeddings (road-distance ablation),0.05564023064227104,0.5999906073424354,0
1093,,0,non_landslide,78_39,2,78.25336636556395,39.50004594353752,"Kashgar (Xinjiang, China)",conventional_alphaearth_embeddings_no_road_distance,Conventional + AlphaEarth Embeddings (road-distance ablation),0.05692440133743148,0.5999906073424354,0
1094,,0,non_landslide,78_39,2,78.68680436526203,39.05088961262602,"Kashgar (Xinjiang, China)",conventional_alphaearth_embeddings_no_road_distance,Conventional + AlphaEarth Embeddings (road-distance ablation),0.05871772989243043,0.5999906073424354,0
1095,,0,non_landslide,78_39,2,78.46896390149804,39.27097746332094,"Kashgar (Xinjiang, China)",conventional_alphaearth_embeddings_no_road_distance,Conventional + AlphaEarth Embeddings (road-distance ablation),0.05595451025892627,0.5999906073424354,0
1096,,0,non_landslide,78_39,2,78.85074767459302,39.57415620304579,"Kashgar (Xinjiang, China)",conventional_alphaearth_embeddings_no_road_distance,Conventional + AlphaEarth Embeddings (road-distance ablation),0.05766711702351644,0.5999906073424354,0
1097,CPEC_LANDSLIDE_0008,1,landslide,73_34,2,73.46983895587354,34.411087948090305,KP-AJK,conventional_alphaearth_embeddings_no_road_distance,Conventional + AlphaEarth Embeddings (road-distance ablation),0.9845096666825547,0.5999906073424354,1
1098,CPEC_LANDSLIDE_0009,1,landslide,73_34,2,73.46759156894261,34.40884502026041,KP-AJK,conventional_alphaearth_embeddings_no_road_distance,Conventional + AlphaEarth Embeddings (road-distance ablation),0.9822680929492097,0.5999906073424354,1
1099,CPEC_LANDSLIDE_0010,1,landslide,74_36,2,74.8936700541483,36.52212894611581,Gilgit-Baltistan,conventional_alphaearth_embeddings_no_road_distance,Conventional + AlphaEarth Embeddings (road-distance ablation),0.9066301360841118,0.5999906073424354,1
1100,CPEC_LANDSLIDE_0023,1,landslide,75_38,2,75.25075040740718,38.90042170667854,"Kashgar (Xinjiang, China)",conventional_alphaearth_embeddings_no_road_distance,Conventional + AlphaEarth Embeddings (road-distance ablation),0.16053073753460786,0.5999906073424354,0
1101,CPEC_LANDSLIDE_0024,1,landslide,75_38,2,75.23727500402367,38.91614003789194,"Kashgar (Xinjiang, China)",conventional_alphaearth_embeddings_no_road_distance,Conventional + AlphaEarth Embeddings (road-distance ablation),0.7221575605127649,0.5999906073424354,1
1102,CPEC_LANDSLIDE_0025,1,landslide,75_38,2,75.19909618080408,38.95880917587236,"Kashgar (Xinjiang, China)",conventional_alphaearth_embeddings_no_road_distance,Conventional + AlphaEarth Embeddings (road-distance ablation),0.2670547602089439,0.5999906073424354,0
1103,CPEC_LANDSLIDE_0030,1,landslide,75_38,2,75.9985951632827,38.44677060190517,"Kashgar (Xinjiang, China)",conventional_alphaearth_embeddings_no_road_distance,Conventional + AlphaEarth Embeddings (road-distance ablation),0.9102451041727332,0.5999906073424354,1
1104,CPEC_LANDSLIDE_0031,1,landslide,75_38,2,76.00084255021365,38.44677060190517,"Kashgar (Xinjiang, China)",conventional_alphaearth_embeddings_no_road_distance,Conventional + AlphaEarth Embeddings (road-distance ablation),0.640672586470422,0.5999906073424354,1
1105,CPEC_LANDSLIDE_0032,1,landslide,75_38,2,75.92448490377443,38.43554258545259,"Kashgar (Xinjiang, China)",conventional_alphaearth_embeddings_no_road_distance,Conventional + AlphaEarth Embeddings (road-distance ablation),0.9444847901012896,0.5999906073424354,1
1106,CPEC_LANDSLIDE_0034,1,landslide,75_38,2,75.9065191856301,38.25363355797728,"Kashgar (Xinjiang, China)",conventional_alphaearth_embeddings_no_road_distance,Conventional + AlphaEarth Embeddings (road-distance ablation),0.15258170478876681,0.5999906073424354,0
1107,CPEC_LANDSLIDE_0090,1,landslide,74_36,2,74.99922143518441,36.85226295170872,Gilgit-Baltistan,conventional_alphaearth_embeddings_no_road_distance,Conventional + AlphaEarth Embeddings (road-distance ablation),0.8268994286403094,0.5999906073424354,1
1108,CPEC_LANDSLIDE_0091,1,landslide,74_36,2,74.9812557170401,36.88145668630564,Gilgit-Baltistan,conventional_alphaearth_embeddings_no_road_distance,Conventional + AlphaEarth Embeddings (road-distance ablation),0.9500199487821521,0.5999906073424354,1
1109,CPEC_LANDSLIDE_0092,1,landslide,74_36,2,74.96553292672563,36.897179476620096,Gilgit-Baltistan,conventional_alphaearth_embeddings_no_road_distance,Conventional + AlphaEarth Embeddings (road-distance ablation),0.4105451580197425,0.5999906073424354,0
1110,CPEC_LANDSLIDE_0093,1,landslide,74_36,2,74.95430491027305,36.88594700106646,Gilgit-Baltistan,conventional_alphaearth_embeddings_no_road_distance,Conventional + AlphaEarth Embeddings (road-distance ablation),0.5490165020290864,0.5999906073424354,0
1111,CPEC_LANDSLIDE_0094,1,landslide,74_36,2,74.96553292672563,36.838787548325215,Gilgit-Baltistan,conventional_alphaearth_embeddings_no_road_distance,Conventional + AlphaEarth Embeddings (road-distance ablation),0.21941601035108418,0.5999906073424354,0
1112,CPEC_LANDSLIDE_0095,1,landslide,74_36,2,74.97451801534832,36.83429723356439,Gilgit-Baltistan,conventional_alphaearth_embeddings_no_road_distance,Conventional + AlphaEarth Embeddings (road-distance ablation),0.8440119720365333,0.5999906073424354,1
1113,CPEC_LANDSLIDE_0096,1,landslide,74_36,2,74.9767609431782,36.82755953187264,Gilgit-Baltistan,conventional_alphaearth_embeddings_no_road_distance,Conventional + AlphaEarth Embeddings (road-distance ablation),0.8900043455580998,0.5999906073424354,1
1114,CPEC_LANDSLIDE_0097,1,landslide,74_36,2,74.96104261196481,36.83204984663346,Gilgit-Baltistan,conventional_alphaearth_embeddings_no_road_distance,Conventional + AlphaEarth Embeddings (road-distance ablation),0.5087501186014824,0.5999906073424354,0
1115,CPEC_LANDSLIDE_0098,1,landslide,74_36,2,74.96778031365656,36.82306475801076,Gilgit-Baltistan,conventional_alphaearth_embeddings_no_road_distance,Conventional + AlphaEarth Embeddings (road-distance ablation),0.9217569334732357,0.5999906073424354,1
1116,CPEC_LANDSLIDE_0099,1,landslide,74_36,2,74.96104261196481,36.8118367415582,Gilgit-Baltistan,conventional_alphaearth_embeddings_no_road_distance,Conventional + AlphaEarth Embeddings (road-distance ablation),0.9270773080758564,0.5999906073424354,1
1117,CPEC_LANDSLIDE_0100,1,landslide,74_36,2,74.97002324148644,36.807346426797366,Gilgit-Baltistan,conventional_alphaearth_embeddings_no_road_distance,Conventional + AlphaEarth Embeddings (road-distance ablation),0.7133200290888325,0.5999906073424354,1
1118,CPEC_LANDSLIDE_0101,1,landslide,74_36,2,74.97227062841739,36.82755953187264,Gilgit-Baltistan,conventional_alphaearth_embeddings_no_road_distance,Conventional + AlphaEarth Embeddings (road-distance ablation),0.9435363305942638,0.5999906073424354,1
1119,CPEC_LANDSLIDE_0102,1,landslide,74_36,2,74.97451801534832,36.82755953187264,Gilgit-Baltistan,conventional_alphaearth_embeddings_no_road_distance,Conventional + AlphaEarth Embeddings (road-distance ablation),0.9594204795878071,0.5999906073424354,1
1120,CPEC_LANDSLIDE_0103,1,landslide,74_36,2,74.95879522503387,36.80509903986644,Gilgit-Baltistan,conventional_alphaearth_embeddings_no_road_distance,Conventional + AlphaEarth Embeddings (road-distance ablation),0.9604019159895363,0.5999906073424354,1
1121,CPEC_LANDSLIDE_0104,1,landslide,74_36,2,74.96553292672563,36.80509903986644,Gilgit-Baltistan,conventional_alphaearth_embeddings_no_road_distance,Conventional + AlphaEarth Embeddings (road-distance ablation),0.9443235413118821,0.5999906073424354,1
1122,CPEC_LANDSLIDE_0105,1,landslide,74_36,2,74.95430491027305,36.80060872510561,Gilgit-Baltistan,conventional_alphaearth_embeddings_no_road_distance,Conventional + AlphaEarth Embeddings (road-distance ablation),0.8009419280446004,0.5999906073424354,1
1123,CPEC_LANDSLIDE_0106,1,landslide,74_36,2,74.95430491027305,36.7961184103448,Gilgit-Baltistan,conventional_alphaearth_embeddings_no_road_distance,Conventional + AlphaEarth Embeddings (road-distance ablation),0.9457609084113685,0.5999906073424354,1
1124,CPEC_LANDSLIDE_0107,1,landslide,74_36,2,74.95205752334212,36.79611841034479,Gilgit-Baltistan,conventional_alphaearth_embeddings_no_road_distance,Conventional + AlphaEarth Embeddings (road-distance ablation),0.9586645771347954,0.5999906073424354,1
1125,CPEC_LANDSLIDE_0108,1,landslide,74_36,2,74.95430491027305,36.78488593479116,Gilgit-Baltistan,conventional_alphaearth_embeddings_no_road_distance,Conventional + AlphaEarth Embeddings (road-distance ablation),0.8956851299515622,0.5999906073424354,1
1126,CPEC_LANDSLIDE_0109,1,landslide,74_36,2,74.92735410350603,36.7961184103448,Gilgit-Baltistan,conventional_alphaearth_embeddings_no_road_distance,Conventional + AlphaEarth Embeddings (road-distance ablation),0.944699291019988,0.5999906073424354,1
1127,CPEC_LANDSLIDE_0110,1,landslide,74_36,2,74.89591298197819,36.78264300696128,Gilgit-Baltistan,conventional_alphaearth_embeddings_no_road_distance,Conventional + AlphaEarth Embeddings (road-distance ablation),0.8632046828854293,0.5999906073424354,1
1128,CPEC_LANDSLIDE_0111,1,landslide,74_36,2,74.87569987690291,36.79836133817467,Gilgit-Baltistan,conventional_alphaearth_embeddings_no_road_distance,Conventional + AlphaEarth Embeddings (road-distance ablation),0.8538582769394802,0.5999906073424354,1
1129,CPEC_LANDSLIDE_0112,1,landslide,74_36,2,74.85099645706681,36.81408412848913,Gilgit-Baltistan,conventional_alphaearth_embeddings_no_road_distance,Conventional + AlphaEarth Embeddings (road-distance ablation),0.48827869809998414,0.5999906073424354,0
1130,CPEC_LANDSLIDE_0113,1,landslide,74_36,2,74.83976844061424,36.80285611203655,Gilgit-Baltistan,conventional_alphaearth_embeddings_no_road_distance,Conventional + AlphaEarth Embeddings (road-distance ablation),0.4201121792245595,0.5999906073424354,0
1131,CPEC_LANDSLIDE_0114,1,landslide,74_36,2,74.87794726383386,36.76692021664684,Gilgit-Baltistan,conventional_alphaearth_embeddings_no_road_distance,Conventional + AlphaEarth Embeddings (road-distance ablation),0.37926292609096257,0.5999906073424354,0
1132,CPEC_LANDSLIDE_0115,1,landslide,74_36,2,74.83976844061424,36.74671157067261,Gilgit-Baltistan,conventional_alphaearth_embeddings_no_road_distance,Conventional + AlphaEarth Embeddings (road-distance ablation),0.9428211829191475,0.5999906073424354,1
1133,CPEC_LANDSLIDE_0116,1,landslide,74_36,2,74.846506142306,36.76018251495507,Gilgit-Baltistan,conventional_alphaearth_embeddings_no_road_distance,Conventional + AlphaEarth Embeddings (road-distance ablation),0.9132195191332815,0.5999906073424354,1
1134,CPEC_LANDSLIDE_0117,1,landslide,74_36,2,74.84875352923693,36.76692021664684,Gilgit-Baltistan,conventional_alphaearth_embeddings_no_road_distance,Conventional + AlphaEarth Embeddings (road-distance ablation),0.93160892985166,0.5999906073424354,1
1135,CPEC_LANDSLIDE_0118,1,landslide,74_36,2,74.83303073892249,36.75344481326332,Gilgit-Baltistan,conventional_alphaearth_embeddings_no_road_distance,Conventional + AlphaEarth Embeddings (road-distance ablation),0.8763885506234985,0.5999906073424354,1
1136,CPEC_LANDSLIDE_0119,1,landslide,74_36,2,74.8173124077091,36.73772648204992,Gilgit-Baltistan,conventional_alphaearth_embeddings_no_road_distance,Conventional + AlphaEarth Embeddings (road-distance ablation),0.9430237448578631,0.5999906073424354,1
1137,CPEC_LANDSLIDE_0120,1,landslide,74_36,2,74.82405010940086,36.72874139342722,Gilgit-Baltistan,conventional_alphaearth_embeddings_no_road_distance,Conventional + AlphaEarth Embeddings (road-distance ablation),0.8873098063643996,0.5999906073424354,1
1138,CPEC_LANDSLIDE_0121,1,landslide,74_36,2,74.80383700432557,36.71751337697464,Gilgit-Baltistan,conventional_alphaearth_embeddings_no_road_distance,Conventional + AlphaEarth Embeddings (road-distance ablation),0.9307633507046783,0.5999906073424354,1
1139,CPEC_LANDSLIDE_0122,1,landslide,74_36,2,74.91387870012251,36.79611841034479,Gilgit-Baltistan,conventional_alphaearth_embeddings_no_road_distance,Conventional + AlphaEarth Embeddings (road-distance ablation),0.9636695530304595,0.5999906073424354,1
1140,CPEC_LANDSLIDE_0123,1,landslide,74_36,2,74.71176102667297,36.73323616728911,Gilgit-Baltistan,conventional_alphaearth_embeddings_no_road_distance,Conventional + AlphaEarth Embeddings (road-distance ablation),0.8855410435419215,0.5999906073424354,1
1141,CPEC_LANDSLIDE_0124,1,landslide,74_36,2,74.85324384399776,36.62992771408286,Gilgit-Baltistan,conventional_alphaearth_embeddings_no_road_distance,Conventional + AlphaEarth Embeddings (road-distance ablation),0.9714662760483206,0.5999906073424354,1
1142,CPEC_LANDSLIDE_0125,1,landslide,74_36,2,74.83752551278435,36.62319001239111,Gilgit-Baltistan,conventional_alphaearth_embeddings_no_road_distance,Conventional + AlphaEarth Embeddings (road-distance ablation),0.7792432004520263,0.5999906073424354,1
1143,CPEC_LANDSLIDE_0126,1,landslide,74_36,2,74.85324384399776,36.60522429424677,Gilgit-Baltistan,conventional_alphaearth_embeddings_no_road_distance,Conventional + AlphaEarth Embeddings (road-distance ablation),0.8482912466453545,0.5999906073424354,1
1144,CPEC_LANDSLIDE_0127,1,landslide,74_36,2,74.846506142306,36.59399627779421,Gilgit-Baltistan,conventional_alphaearth_embeddings_no_road_distance,Conventional + AlphaEarth Embeddings (road-distance ablation),0.9558362473298427,0.5999906073424354,1
1145,CPEC_LANDSLIDE_0128,1,landslide,74_36,2,74.83752551278435,36.59624366472514,Gilgit-Baltistan,conventional_alphaearth_embeddings_no_road_distance,Conventional + AlphaEarth Embeddings (road-distance ablation),0.9402558833719921,0.5999906073424354,1
1146,CPEC_LANDSLIDE_0129,1,landslide,74_36,2,74.82180272246991,36.57603055964986,Gilgit-Baltistan,conventional_alphaearth_embeddings_no_road_distance,Conventional + AlphaEarth Embeddings (road-distance ablation),0.9779387833004142,0.5999906073424354,1
1147,CPEC_LANDSLIDE_0130,1,landslide,74_36,2,74.82180272246991,36.585011189171496,Gilgit-Baltistan,conventional_alphaearth_embeddings_no_road_distance,Conventional + AlphaEarth Embeddings (road-distance ablation),0.9077067714427542,0.5999906073424354,1
1148,CPEC_LANDSLIDE_0131,1,landslide,74_36,2,74.80158961739464,36.585011189171496,Gilgit-Baltistan,conventional_alphaearth_embeddings_no_road_distance,Conventional + AlphaEarth Embeddings (road-distance ablation),0.9424731233214094,0.5999906073424354,1
1149,CPEC_LANDSLIDE_0132,1,landslide,74_36,2,74.79036160094206,36.542342051191085,Gilgit-Baltistan,conventional_alphaearth_embeddings_no_road_distance,Conventional + AlphaEarth Embeddings (road-distance ablation),0.4923884245091658,0.5999906073424354,0
1150,CPEC_LANDSLIDE_0133,1,landslide,74_36,2,74.81281763384722,36.553570067643655,Gilgit-Baltistan,conventional_alphaearth_embeddings_no_road_distance,Conventional + AlphaEarth Embeddings (road-distance ablation),0.8692854009623228,0.5999906073424354,1
1151,CPEC_LANDSLIDE_0134,1,landslide,74_36,2,74.83303073892249,36.53785173643027,Gilgit-Baltistan,conventional_alphaearth_embeddings_no_road_distance,Conventional + AlphaEarth Embeddings (road-distance ablation),0.23549980782398927,0.5999906073424354,0
1152,CPEC_LANDSLIDE_0135,1,landslide,74_36,2,74.86222893262045,36.53336142166944,Gilgit-Baltistan,conventional_alphaearth_embeddings_no_road_distance,Conventional + AlphaEarth Embeddings (road-distance ablation),0.8301432288834366,0.5999906073424354,1
1153,CPEC_LANDSLIDE_0136,1,landslide,74_36,2,74.83976844061424,36.524376333046746,Gilgit-Baltistan,conventional_alphaearth_embeddings_no_road_distance,Conventional + AlphaEarth Embeddings (road-distance ablation),0.9737458458631726,0.5999906073424354,1
1154,CPEC_LANDSLIDE_0137,1,landslide,74_36,2,74.88019465076478,36.53111403473851,Gilgit-Baltistan,conventional_alphaearth_embeddings_no_road_distance,Conventional + AlphaEarth Embeddings (road-distance ablation),0.9224930237964184,0.5999906073424354,1
1155,CPEC_LANDSLIDE_0138,1,landslide,74_36,2,74.85099645706681,36.52437633304675,Gilgit-Baltistan,conventional_alphaearth_embeddings_no_road_distance,Conventional + AlphaEarth Embeddings (road-distance ablation),0.9815219292644031,0.5999906073424354,1
1156,CPEC_LANDSLIDE_0139,1,landslide,74_36,2,74.86671924738127,36.48170719506632,Gilgit-Baltistan,conventional_alphaearth_embeddings_no_road_distance,Conventional + AlphaEarth Embeddings (road-distance ablation),0.5379640484370589,0.5999906073424354,0
1157,CPEC_LANDSLIDE_0140,1,landslide,74_36,2,74.88693235245654,36.470479178613736,Gilgit-Baltistan,conventional_alphaearth_embeddings_no_road_distance,Conventional + AlphaEarth Embeddings (road-distance ablation),0.9343085129178572,0.5999906073424354,1
1158,CPEC_LANDSLIDE_0141,1,landslide,74_36,2,74.91387870012251,36.470479178613736,Gilgit-Baltistan,conventional_alphaearth_embeddings_no_road_distance,Conventional + AlphaEarth Embeddings (road-distance ablation),0.8889103698933601,0.5999906073424354,1
1159,CPEC_LANDSLIDE_0142,1,landslide,74_36,2,74.90714099843076,36.47721688030551,Gilgit-Baltistan,conventional_alphaearth_embeddings_no_road_distance,Conventional + AlphaEarth Embeddings (road-distance ablation),0.9022378469855262,0.5999906073424354,1
1160,CPEC_LANDSLIDE_0143,1,landslide,74_36,2,74.88019465076478,36.46374147692199,Gilgit-Baltistan,conventional_alphaearth_embeddings_no_road_distance,Conventional + AlphaEarth Embeddings (road-distance ablation),0.8310321426276468,0.5999906073424354,1
1161,CPEC_LANDSLIDE_0144,1,landslide,74_36,2,74.88243757859466,36.371661040168334,Gilgit-Baltistan,conventional_alphaearth_embeddings_no_road_distance,Conventional + AlphaEarth Embeddings (road-distance ablation),0.6970825291558908,0.5999906073424354,1
1162,CPEC_LANDSLIDE_0145,1,landslide,74_36,2,74.88693235245654,36.340219918640486,Gilgit-Baltistan,conventional_alphaearth_embeddings_no_road_distance,Conventional + AlphaEarth Embeddings (road-distance ablation),0.7162724317774201,0.5999906073424354,1
1163,CPEC_LANDSLIDE_0146,1,landslide,74_36,2,74.85324384399776,36.340219918640486,Gilgit-Baltistan,conventional_alphaearth_embeddings_no_road_distance,Conventional + AlphaEarth Embeddings (road-distance ablation),0.9725580813426047,0.5999906073424354,1
1164,CPEC_LANDSLIDE_0147,1,landslide,74_36,2,74.85773415875857,36.33572960387967,Gilgit-Baltistan,conventional_alphaearth_embeddings_no_road_distance,Conventional + AlphaEarth Embeddings (road-distance ablation),0.9151780642997521,0.5999906073424354,1
1165,CPEC_LANDSLIDE_0148,1,landslide,74_36,2,74.84201582754518,36.32225420049615,Gilgit-Baltistan,conventional_alphaearth_embeddings_no_road_distance,Conventional + AlphaEarth Embeddings (road-distance ablation),0.9100401329956538,0.5999906073424354,1
1166,CPEC_LANDSLIDE_0149,1,landslide,74_36,2,74.79036160094206,36.30204555452194,Gilgit-Baltistan,conventional_alphaearth_embeddings_no_road_distance,Conventional + AlphaEarth Embeddings (road-distance ablation),0.9811576469144782,0.5999906073424354,1
1167,CPEC_LANDSLIDE_0150,1,landslide,74_36,2,74.78811421401113,36.299798167591,Gilgit-Baltistan,conventional_alphaearth_embeddings_no_road_distance,Conventional + AlphaEarth Embeddings (road-distance ablation),0.980071612078967,0.5999906073424354,1
1168,CPEC_LANDSLIDE_0151,1,landslide,74_36,2,74.78587128618125,36.299798167591,Gilgit-Baltistan,conventional_alphaearth_embeddings_no_road_distance,Conventional + AlphaEarth Embeddings (road-distance ablation),0.985145032795989,0.5999906073424354,1
1169,CPEC_LANDSLIDE_0152,1,landslide,74_36,2,74.78587128618125,36.29755078066006,Gilgit-Baltistan,conventional_alphaearth_embeddings_no_road_distance,Conventional + AlphaEarth Embeddings (road-distance ablation),0.9816481762384401,0.5999906073424354,1
1170,CPEC_LANDSLIDE_0153,1,landslide,74_36,2,74.76790556803691,36.29755078066006,Gilgit-Baltistan,conventional_alphaearth_embeddings_no_road_distance,Conventional + AlphaEarth Embeddings (road-distance ablation),0.9855034230036279,0.5999906073424354,1
1171,CPEC_LANDSLIDE_0154,1,landslide,74_36,2,74.76341079417503,36.30204555452194,Gilgit-Baltistan,conventional_alphaearth_embeddings_no_road_distance,Conventional + AlphaEarth Embeddings (road-distance ablation),0.9814812460776792,0.5999906073424354,1
1172,CPEC_LANDSLIDE_0155,1,landslide,74_36,2,74.74993984989257,36.304288482351815,Gilgit-Baltistan,conventional_alphaearth_embeddings_no_road_distance,Conventional + AlphaEarth Embeddings (road-distance ablation),0.9821150476234064,0.5999906073424354,1
1173,CPEC_LANDSLIDE_0156,1,landslide,74_36,2,74.74993984989257,36.29755078066006,Gilgit-Baltistan,conventional_alphaearth_embeddings_no_road_distance,Conventional + AlphaEarth Embeddings (road-distance ablation),0.9790985625307906,0.5999906073424354,1
1174,CPEC_LANDSLIDE_0157,1,landslide,74_36,2,74.71176102667297,36.29530785283018,Gilgit-Baltistan,conventional_alphaearth_embeddings_no_road_distance,Conventional + AlphaEarth Embeddings (road-distance ablation),0.9794839471862405,0.5999906073424354,1
1175,CPEC_LANDSLIDE_0158,1,landslide,74_36,2,74.69828562328946,36.30428848235182,Gilgit-Baltistan,conventional_alphaearth_embeddings_no_road_distance,Conventional + AlphaEarth Embeddings (road-distance ablation),0.9437179241262784,0.5999906073424354,1
1176,CPEC_LANDSLIDE_0159,1,landslide,74_36,2,74.68705760683689,36.30653586928275,Gilgit-Baltistan,conventional_alphaearth_embeddings_no_road_distance,Conventional + AlphaEarth Embeddings (road-distance ablation),0.9708112360709693,0.5999906073424354,1
1177,CPEC_LANDSLIDE_0160,1,landslide,74_36,2,74.68031990514513,36.33123928911885,Gilgit-Baltistan,conventional_alphaearth_embeddings_no_road_distance,Conventional + AlphaEarth Embeddings (road-distance ablation),0.9069034812256764,0.5999906073424354,1
1178,CPEC_LANDSLIDE_0161,1,landslide,74_36,2,74.66459711483067,36.33572960387966,Gilgit-Baltistan,conventional_alphaearth_embeddings_no_road_distance,Conventional + AlphaEarth Embeddings (road-distance ablation),0.9328920276743194,0.5999906073424354,1
1179,CPEC_LANDSLIDE_0162,1,landslide,74_36,2,74.76790556803691,36.25937195744046,Gilgit-Baltistan,conventional_alphaearth_embeddings_no_road_distance,Conventional + AlphaEarth Embeddings (road-distance ablation),0.9449627444494992,0.5999906073424354,1
1180,CPEC_LANDSLIDE_0163,1,landslide,74_36,2,74.81506502077815,36.24365362622706,Gilgit-Baltistan,conventional_alphaearth_embeddings_no_road_distance,Conventional + AlphaEarth Embeddings (road-distance ablation),0.9672396154112511,0.5999906073424354,1
1181,CPEC_LANDSLIDE_0164,1,landslide,74_36,2,74.73646444650906,36.2369159245353,Gilgit-Baltistan,conventional_alphaearth_embeddings_no_road_distance,Conventional + AlphaEarth Embeddings (road-distance ablation),0.8632984678664691,0.5999906073424354,1
1182,CPEC_LANDSLIDE_0165,1,landslide,74_36,2,74.74095476126988,36.2616193443714,Gilgit-Baltistan,conventional_alphaearth_embeddings_no_road_distance,Conventional + AlphaEarth Embeddings (road-distance ablation),0.968612695087708,0.5999906073424354,1
1183,CPEC_LANDSLIDE_0166,1,landslide,74_36,2,74.69379084942759,36.28857015113842,Gilgit-Baltistan,conventional_alphaearth_embeddings_no_road_distance,Conventional + AlphaEarth Embeddings (road-distance ablation),0.9851359453710578,0.5999906073424354,1
1184,CPEC_LANDSLIDE_0167,1,landslide,74_36,2,74.61968058991931,36.2773376755848,Gilgit-Baltistan,conventional_alphaearth_embeddings_no_road_distance,Conventional + AlphaEarth Embeddings (road-distance ablation),0.9754295239612364,0.5999906073424354,1
1185,CPEC_LANDSLIDE_0168,1,landslide,74_36,2,74.5994719439451,36.299798167591,Gilgit-Baltistan,conventional_alphaearth_embeddings_no_road_distance,Conventional + AlphaEarth Embeddings (road-distance ablation),0.9586596741530268,0.5999906073424354,1
1186,CPEC_LANDSLIDE_0169,1,landslide,74_36,2,74.59048685532241,36.30204555452194,Gilgit-Baltistan,conventional_alphaearth_embeddings_no_road_distance,Conventional + AlphaEarth Embeddings (road-distance ablation),0.929240189991403,0.5999906073424354,1
1187,CPEC_LANDSLIDE_0170,1,landslide,74_36,2,74.62192797685024,36.28183244944666,Gilgit-Baltistan,conventional_alphaearth_embeddings_no_road_distance,Conventional + AlphaEarth Embeddings (road-distance ablation),0.9797851439997312,0.5999906073424354,1
1188,CPEC_LANDSLIDE_0171,1,landslide,74_36,2,74.60845257346674,36.26610965913221,Gilgit-Baltistan,conventional_alphaearth_embeddings_no_road_distance,Conventional + AlphaEarth Embeddings (road-distance ablation),0.9663332428179955,0.5999906073424354,1
1189,CPEC_LANDSLIDE_0172,1,landslide,74_36,2,74.57701145193889,36.2750947477549,Gilgit-Baltistan,conventional_alphaearth_embeddings_no_road_distance,Conventional + AlphaEarth Embeddings (road-distance ablation),0.9839323640641052,0.5999906073424354,1
1190,CPEC_LANDSLIDE_0173,1,landslide,74_36,2,74.50514857936156,36.241406239296126,Gilgit-Baltistan,conventional_alphaearth_embeddings_no_road_distance,Conventional + AlphaEarth Embeddings (road-distance ablation),0.9783803828519719,0.5999906073424354,1
1191,CPEC_LANDSLIDE_0174,1,landslide,74_36,2,74.49616349073887,36.24814394098788,Gilgit-Baltistan,conventional_alphaearth_embeddings_no_road_distance,Conventional + AlphaEarth Embeddings (road-distance ablation),0.9828993328495417,0.5999906073424354,1
1192,CPEC_LANDSLIDE_0175,1,landslide,74_36,2,74.48717840211617,36.245901013158,Gilgit-Baltistan,conventional_alphaearth_embeddings_no_road_distance,Conventional + AlphaEarth Embeddings (road-distance ablation),0.9854564485614467,0.5999906073424354,1
1193,CPEC_LANDSLIDE_0176,1,landslide,74_36,2,74.48493547428629,36.24814394098788,Gilgit-Baltistan,conventional_alphaearth_embeddings_no_road_distance,Conventional + AlphaEarth Embeddings (road-distance ablation),0.9771302734418795,0.5999906073424354,1
1194,CPEC_LANDSLIDE_0177,1,landslide,74_36,2,74.48268808735536,36.245901013158,Gilgit-Baltistan,conventional_alphaearth_embeddings_no_road_distance,Conventional + AlphaEarth Embeddings (road-distance ablation),0.9823787357398939,0.5999906073424354,1
1195,CPEC_LANDSLIDE_0178,1,landslide,74_36,2,74.48044515952547,36.245901013158,Gilgit-Baltistan,conventional_alphaearth_embeddings_no_road_distance,Conventional + AlphaEarth Embeddings (road-distance ablation),0.9779530546326906,0.5999906073424354,1
1196,CPEC_LANDSLIDE_0180,1,landslide,74_36,2,74.45798466751926,36.25488164267964,Gilgit-Baltistan,conventional_alphaearth_embeddings_no_road_distance,Conventional + AlphaEarth Embeddings (road-distance ablation),0.9662158220070205,0.5999906073424354,1
1197,CPEC_LANDSLIDE_0181,1,landslide,74_36,2,74.4355286346141,36.25937195744046,Gilgit-Baltistan,conventional_alphaearth_embeddings_no_road_distance,Conventional + AlphaEarth Embeddings (road-distance ablation),0.9201836443383541,0.5999906073424354,1
1198,CPEC_LANDSLIDE_0182,1,landslide,74_36,2,74.35468067341408,36.2616193443714,Gilgit-Baltistan,conventional_alphaearth_embeddings_no_road_distance,Conventional + AlphaEarth Embeddings (road-distance ablation),0.9787961929900404,0.5999906073424354,1
1199,CPEC_LANDSLIDE_0183,1,landslide,74_36,2,74.34120527003057,36.275094747754906,Gilgit-Baltistan,conventional_alphaearth_embeddings_no_road_distance,Conventional + AlphaEarth Embeddings (road-distance ablation),0.9758632350869015,0.5999906073424354,1
1200,CPEC_LANDSLIDE_0184,1,landslide,74_36,2,74.33222018140788,36.26610965913221,Gilgit-Baltistan,conventional_alphaearth_embeddings_no_road_distance,Conventional + AlphaEarth Embeddings (road-distance ablation),0.9653216768464196,0.5999906073424354,1
1201,CPEC_LANDSLIDE_0185,1,landslide,74_36,2,74.33222018140788,36.263866731302336,Gilgit-Baltistan,conventional_alphaearth_embeddings_no_road_distance,Conventional + AlphaEarth Embeddings (road-distance ablation),0.9734541658676292,0.5999906073424354,1
1202,CPEC_LANDSLIDE_0186,1,landslide,74_36,2,74.35243328648315,36.245901013158,Gilgit-Baltistan,conventional_alphaearth_embeddings_no_road_distance,Conventional + AlphaEarth Embeddings (road-distance ablation),0.9853411674801317,0.5999906073424354,1
1203,CPEC_LANDSLIDE_0187,1,landslide,74_36,2,74.3501858995522,36.24140623929612,Gilgit-Baltistan,conventional_alphaearth_embeddings_no_road_distance,Conventional + AlphaEarth Embeddings (road-distance ablation),0.9713376302603101,0.5999906073424354,1
1204,CPEC_LANDSLIDE_0188,1,landslide,74_36,2,74.33895788309962,36.2369159245353,Gilgit-Baltistan,conventional_alphaearth_embeddings_no_road_distance,Conventional + AlphaEarth Embeddings (road-distance ablation),0.9853930659767978,0.5999906073424354,1
1205,CPEC_LANDSLIDE_0189,1,landslide,74_36,2,74.29853613205015,36.21895020639097,Gilgit-Baltistan,conventional_alphaearth_embeddings_no_road_distance,Conventional + AlphaEarth Embeddings (road-distance ablation),0.981979434511781,0.5999906073424354,1
1206,CPEC_LANDSLIDE_0190,1,landslide,74_36,2,74.3120070763326,36.23017822284355,Gilgit-Baltistan,conventional_alphaearth_embeddings_no_road_distance,Conventional + AlphaEarth Embeddings (road-distance ablation),0.981726840832831,0.5999906073424354,1
1207,CPEC_LANDSLIDE_0191,1,landslide,74_36,2,74.30751676157178,36.21895020639097,Gilgit-Baltistan,conventional_alphaearth_embeddings_no_road_distance,Conventional + AlphaEarth Embeddings (road-distance ablation),0.9873942945828814,0.5999906073424354,1
1208,CPEC_LANDSLIDE_0192,1,landslide,74_36,2,74.30976414850272,36.21445989163015,Gilgit-Baltistan,conventional_alphaearth_embeddings_no_road_distance,Conventional + AlphaEarth Embeddings (road-distance ablation),0.9873434629494616,0.5999906073424354,1
1209,CPEC_LANDSLIDE_0193,1,landslide,74_36,2,74.3209921649553,36.20098448824663,Gilgit-Baltistan,conventional_alphaearth_embeddings_no_road_distance,Conventional + AlphaEarth Embeddings (road-distance ablation),0.9625231484891894,0.5999906073424354,1
1210,CPEC_LANDSLIDE_0194,1,landslide,74_36,2,74.38162702108005,36.25039132791883,Gilgit-Baltistan,conventional_alphaearth_embeddings_no_road_distance,Conventional + AlphaEarth Embeddings (road-distance ablation),0.9809040904851185,0.5999906073424354,1
1211,CPEC_LANDSLIDE_0195,1,landslide,74_36,2,74.37713670631923,36.24814394098788,Gilgit-Baltistan,conventional_alphaearth_embeddings_no_road_distance,Conventional + AlphaEarth Embeddings (road-distance ablation),0.97855007008291,0.5999906073424354,1
1212,CPEC_LANDSLIDE_0196,1,landslide,74_36,2,74.2962887451192,36.19648971438476,Gilgit-Baltistan,conventional_alphaearth_embeddings_no_road_distance,Conventional + AlphaEarth Embeddings (road-distance ablation),0.9835808246039152,0.5999906073424354,1
1213,CPEC_LANDSLIDE_0197,1,landslide,74_36,2,74.29853613205015,36.19648971438476,Gilgit-Baltistan,conventional_alphaearth_embeddings_no_road_distance,Conventional + AlphaEarth Embeddings (road-distance ablation),0.9831454632659796,0.5999906073424354,1
1214,CPEC_LANDSLIDE_0198,1,landslide,74_36,2,74.29853613205015,36.191999399623946,Gilgit-Baltistan,conventional_alphaearth_embeddings_no_road_distance,Conventional + AlphaEarth Embeddings (road-distance ablation),0.9870640117200059,0.5999906073424354,1
1215,CPEC_LANDSLIDE_0199,1,landslide,74_36,2,74.29179843035838,36.18750908486312,Gilgit-Baltistan,conventional_alphaearth_embeddings_no_road_distance,Conventional + AlphaEarth Embeddings (road-distance ablation),0.9885871696023659,0.5999906073424354,1
1216,CPEC_LANDSLIDE_0200,1,landslide,74_36,2,74.28056595480476,36.17628106841055,Gilgit-Baltistan,conventional_alphaearth_embeddings_no_road_distance,Conventional + AlphaEarth Embeddings (road-distance ablation),0.9878455148374357,0.5999906073424354,1
1217,CPEC_LANDSLIDE_0201,1,landslide,74_36,2,74.27832302697487,36.16954336671879,Gilgit-Baltistan,conventional_alphaearth_embeddings_no_road_distance,Conventional + AlphaEarth Embeddings (road-distance ablation),0.9795263992441958,0.5999906073424354,1
1218,CPEC_LANDSLIDE_0202,1,landslide,74_36,2,74.30077905988003,36.15157764857446,Gilgit-Baltistan,conventional_alphaearth_embeddings_no_road_distance,Conventional + AlphaEarth Embeddings (road-distance ablation),0.9825280810616992,0.5999906073424354,1
1219,CPEC_LANDSLIDE_0203,1,landslide,74_36,2,74.30302644681096,36.1448399468827,Gilgit-Baltistan,conventional_alphaearth_embeddings_no_road_distance,Conventional + AlphaEarth Embeddings (road-distance ablation),0.9874333060498454,0.5999906073424354,1
1220,CPEC_LANDSLIDE_0204,1,landslide,74_36,2,74.30077905988003,36.11339882535486,Gilgit-Baltistan,conventional_alphaearth_embeddings_no_road_distance,Conventional + AlphaEarth Embeddings (road-distance ablation),0.9868032843140001,0.5999906073424354,1
1221,CPEC_LANDSLIDE_0205,1,landslide,74_36,2,74.27832302697487,36.11115143842392,Gilgit-Baltistan,conventional_alphaearth_embeddings_no_road_distance,Conventional + AlphaEarth Embeddings (road-distance ablation),0.9645303421401926,0.5999906073424354,1
1222,CPEC_LANDSLIDE_0206,1,landslide,74_36,2,74.29853613205015,36.0842006316569,Gilgit-Baltistan,conventional_alphaearth_embeddings_no_road_distance,Conventional + AlphaEarth Embeddings (road-distance ablation),0.986873912149472,0.5999906073424354,1
1223,CPEC_LANDSLIDE_0207,1,landslide,74_36,2,74.27383271221406,36.04602180843728,Gilgit-Baltistan,conventional_alphaearth_embeddings_no_road_distance,Conventional + AlphaEarth Embeddings (road-distance ablation),0.8614031185522548,0.5999906073424354,1
1224,CPEC_LANDSLIDE_0219,1,landslide,74_36,2,74.21095046915836,36.15606796333528,Gilgit-Baltistan,conventional_alphaearth_embeddings_no_road_distance,Conventional + AlphaEarth Embeddings (road-distance ablation),0.7546299662563968,0.5999906073424354,1
1225,CPEC_LANDSLIDE_0234,1,landslide,74_36,2,74.3120070763326,36.29306046589924,Gilgit-Baltistan,conventional_alphaearth_embeddings_no_road_distance,Conventional + AlphaEarth Embeddings (road-distance ablation),0.983956768838506,0.5999906073424354,1
1226,CPEC_LANDSLIDE_0235,1,landslide,74_36,2,74.30751676157178,36.29755078066006,Gilgit-Baltistan,conventional_alphaearth_embeddings_no_road_distance,Conventional + AlphaEarth Embeddings (road-distance ablation),0.9864940270307873,0.5999906073424354,1
1227,CPEC_LANDSLIDE_0236,1,landslide,74_36,2,74.30751676157178,36.299798167591,Gilgit-Baltistan,conventional_alphaearth_embeddings_no_road_distance,Conventional + AlphaEarth Embeddings (road-distance ablation),0.9855146024319332,0.5999906073424354,1
1228,CPEC_LANDSLIDE_0237,1,landslide,74_36,2,74.50065380549968,36.24814394098788,Gilgit-Baltistan,conventional_alphaearth_embeddings_no_road_distance,Conventional + AlphaEarth Embeddings (road-distance ablation),0.9857397420396679,0.5999906073424354,1
1229,CPEC_LANDSLIDE_0238,1,landslide,74_36,2,74.50065380549968,36.257129029610574,Gilgit-Baltistan,conventional_alphaearth_embeddings_no_road_distance,Conventional + AlphaEarth Embeddings (road-distance ablation),0.9855846576636141,0.5999906073424354,1
1230,CPEC_LANDSLIDE_0239,1,landslide,74_36,2,74.51188628105331,36.26835704606315,Gilgit-Baltistan,conventional_alphaearth_embeddings_no_road_distance,Conventional + AlphaEarth Embeddings (road-distance ablation),0.9779477036444427,0.5999906073424354,1
1231,CPEC_LANDSLIDE_0240,1,landslide,74_36,2,74.54557033041104,36.26835704606316,Gilgit-Baltistan,conventional_alphaearth_embeddings_no_road_distance,Conventional + AlphaEarth Embeddings (road-distance ablation),0.9780184936050277,0.5999906073424354,1
1232,CPEC_LANDSLIDE_0241,1,landslide,74_36,2,74.55904573379458,36.25937195744046,Gilgit-Baltistan,conventional_alphaearth_embeddings_no_road_distance,Conventional + AlphaEarth Embeddings (road-distance ablation),0.9645435117936432,0.5999906073424354,1
1233,CPEC_LANDSLIDE_0362,1,landslide,75_38,2,75.20133910863396,38.100918265098855,"Kashgar (Xinjiang, China)",conventional_alphaearth_embeddings_no_road_distance,Conventional + AlphaEarth Embeddings (road-distance ablation),0.1911037822277114,0.5999906073424354,0
1234,CPEC_LANDSLIDE_0376,1,landslide,75_38,2,75.00146436301429,38.38388835884948,"Kashgar (Xinjiang, China)",conventional_alphaearth_embeddings_no_road_distance,Conventional + AlphaEarth Embeddings (road-distance ablation),0.8193863727668986,0.5999906073424354,1
1235,CPEC_LANDSLIDE_0377,1,landslide,75_38,2,75.03290548454214,38.39511637530205,"Kashgar (Xinjiang, China)",conventional_alphaearth_embeddings_no_road_distance,Conventional + AlphaEarth Embeddings (road-distance ablation),0.8460759966708755,0.5999906073424354,1
1236,CPEC_LANDSLIDE_0378,1,landslide,75_38,2,75.03740025840402,38.43778997238355,"Kashgar (Xinjiang, China)",conventional_alphaearth_embeddings_no_road_distance,Conventional + AlphaEarth Embeddings (road-distance ablation),0.6166663604146301,0.5999906073424354,1
1237,CPEC_LANDSLIDE_0380,1,landslide,75_38,2,75.03740025840402,38.49842482850829,"Kashgar (Xinjiang, China)",conventional_alphaearth_embeddings_no_road_distance,Conventional + AlphaEarth Embeddings (road-distance ablation),0.6566037195816707,0.5999906073424354,1
1238,CPEC_LANDSLIDE_0381,1,landslide,75_38,2,75.02392485502051,38.53884657955778,"Kashgar (Xinjiang, China)",conventional_alphaearth_embeddings_no_road_distance,Conventional + AlphaEarth Embeddings (road-distance ablation),0.9058449182943973,0.5999906073424354,1
1239,CPEC_LANDSLIDE_0383,1,landslide,75_38,2,75.02167746808956,38.54109396648872,"Kashgar (Xinjiang, China)",conventional_alphaearth_embeddings_no_road_distance,Conventional + AlphaEarth Embeddings (road-distance ablation),0.7679659802376988,0.5999906073424354,1
1240,CPEC_LANDSLIDE_0388,1,landslide,75_38,2,75.02167746808956,38.54109396648872,"Kashgar (Xinjiang, China)",conventional_alphaearth_embeddings_no_road_distance,Conventional + AlphaEarth Embeddings (road-distance ablation),0.7679659802376988,0.5999906073424354,1
1241,CPEC_LANDSLIDE_0393,1,landslide,75_38,2,75.01943008115863,38.54334135341965,"Kashgar (Xinjiang, China)",conventional_alphaearth_embeddings_no_road_distance,Conventional + AlphaEarth Embeddings (road-distance ablation),0.9165930864385277,0.5999906073424354,1
1242,CPEC_LANDSLIDE_0397,1,landslide,75_38,2,75.01943008115863,38.54334135341965,"Kashgar (Xinjiang, China)",conventional_alphaearth_embeddings_no_road_distance,Conventional + AlphaEarth Embeddings (road-distance ablation),0.9165930864385277,0.5999906073424354,1
1243,CPEC_LANDSLIDE_0399,1,landslide,75_38,2,75.01718715332875,38.54558428124953,"Kashgar (Xinjiang, China)",conventional_alphaearth_embeddings_no_road_distance,Conventional + AlphaEarth Embeddings (road-distance ablation),0.851247498218113,0.5999906073424354,1
1244,CPEC_LANDSLIDE_0402,1,landslide,75_38,2,75.01718715332875,38.54558428124953,"Kashgar (Xinjiang, China)",conventional_alphaearth_embeddings_no_road_distance,Conventional + AlphaEarth Embeddings (road-distance ablation),0.851247498218113,0.5999906073424354,1
1245,CPEC_LANDSLIDE_0406,1,landslide,75_38,2,75.01718715332875,38.54783166818048,"Kashgar (Xinjiang, China)",conventional_alphaearth_embeddings_no_road_distance,Conventional + AlphaEarth Embeddings (road-distance ablation),0.9382096955863393,0.5999906073424354,1
1246,CPEC_LANDSLIDE_0409,1,landslide,75_38,2,75.01718715332875,38.54783166818048,"Kashgar (Xinjiang, China)",conventional_alphaearth_embeddings_no_road_distance,Conventional + AlphaEarth Embeddings (road-distance ablation),0.9382096955863393,0.5999906073424354,1
1247,CPEC_LANDSLIDE_0411,1,landslide,75_38,2,75.01493976639782,38.55007905511141,"Kashgar (Xinjiang, China)",conventional_alphaearth_embeddings_no_road_distance,Conventional + AlphaEarth Embeddings (road-distance ablation),0.9251563259142997,0.5999906073424354,1
1248,CPEC_LANDSLIDE_0414,1,landslide,75_38,2,75.01493976639782,38.55007905511141,"Kashgar (Xinjiang, China)",conventional_alphaearth_embeddings_no_road_distance,Conventional + AlphaEarth Embeddings (road-distance ablation),0.9251563259142997,0.5999906073424354,1
1249,CPEC_LANDSLIDE_0416,1,landslide,75_38,2,75.01044945163699,38.55456936987223,"Kashgar (Xinjiang, China)",conventional_alphaearth_embeddings_no_road_distance,Conventional + AlphaEarth Embeddings (road-distance ablation),0.8199290600117566,0.5999906073424354,1
1250,CPEC_LANDSLIDE_0418,1,landslide,75_38,2,75.01044945163699,38.55456936987223,"Kashgar (Xinjiang, China)",conventional_alphaearth_embeddings_no_road_distance,Conventional + AlphaEarth Embeddings (road-distance ablation),0.8199290600117566,0.5999906073424354,1
1251,CPEC_LANDSLIDE_0427,1,landslide,75_38,2,75.01044945163699,38.556816756803165,"Kashgar (Xinjiang, China)",conventional_alphaearth_embeddings_no_road_distance,Conventional + AlphaEarth Embeddings (road-distance ablation),0.8470465770154149,0.5999906073424354,1
1252,CPEC_LANDSLIDE_0431,1,landslide,75_38,2,75.00820206470605,38.556816756803165,"Kashgar (Xinjiang, China)",conventional_alphaearth_embeddings_no_road_distance,Conventional + AlphaEarth Embeddings (road-distance ablation),0.8149410852414396,0.5999906073424354,1
1253,CPEC_LANDSLIDE_0432,1,landslide,75_38,2,75.00595913687617,38.570287701085626,"Kashgar (Xinjiang, China)",conventional_alphaearth_embeddings_no_road_distance,Conventional + AlphaEarth Embeddings (road-distance ablation),0.6075967223070428,0.5999906073424354,1
1254,CPEC_LANDSLIDE_0458,1,landslide,75_38,2,75.00146436301429,38.70952759058053,"Kashgar (Xinjiang, China)",conventional_alphaearth_embeddings_no_road_distance,Conventional + AlphaEarth Embeddings (road-distance ablation),0.8568182113263045,0.5999906073424354,1
1255,CPEC_LANDSLIDE_0459,1,landslide,75_38,2,75.00371174994524,38.71177497751146,"Kashgar (Xinjiang, China)",conventional_alphaearth_embeddings_no_road_distance,Conventional + AlphaEarth Embeddings (road-distance ablation),0.9294996226542785,0.5999906073424354,1
1256,CPEC_LANDSLIDE_0460,1,landslide,75_38,2,75.01044945163699,38.71851267920322,"Kashgar (Xinjiang, China)",conventional_alphaearth_embeddings_no_road_distance,Conventional + AlphaEarth Embeddings (road-distance ablation),0.497609452351405,0.5999906073424354,0
1257,CPEC_LANDSLIDE_0461,1,landslide,75_38,2,75.01493976639782,38.72749330872486,"Kashgar (Xinjiang, China)",conventional_alphaearth_embeddings_no_road_distance,Conventional + AlphaEarth Embeddings (road-distance ablation),0.8755291062323406,0.5999906073424354,1
1258,CPEC_LANDSLIDE_0462,1,landslide,75_38,2,75.02841516978133,38.736478397347554,"Kashgar (Xinjiang, China)",conventional_alphaearth_embeddings_no_road_distance,Conventional + AlphaEarth Embeddings (road-distance ablation),0.9048356446357315,0.5999906073424354,1
1259,CPEC_LANDSLIDE_0463,1,landslide,75_38,2,75.03066255671226,38.74096871210836,"Kashgar (Xinjiang, China)",conventional_alphaearth_embeddings_no_road_distance,Conventional + AlphaEarth Embeddings (road-distance ablation),0.9503024083261333,0.5999906073424354,1
1260,CPEC_LANDSLIDE_0465,1,landslide,75_38,2,75.03515287147309,38.738725784278486,"Kashgar (Xinjiang, China)",conventional_alphaearth_embeddings_no_road_distance,Conventional + AlphaEarth Embeddings (road-distance ablation),0.8288196687294377,0.5999906073424354,1
1261,CPEC_LANDSLIDE_0466,1,landslide,75_38,2,75.04189057316484,38.74096871210836,"Kashgar (Xinjiang, China)",conventional_alphaearth_embeddings_no_road_distance,Conventional + AlphaEarth Embeddings (road-distance ablation),0.9561099613867416,0.5999906073424354,1
1262,CPEC_LANDSLIDE_0467,1,landslide,75_38,2,75.05087120268648,38.7454590268692,"Kashgar (Xinjiang, China)",conventional_alphaearth_embeddings_no_road_distance,Conventional + AlphaEarth Embeddings (road-distance ablation),0.9617295449759038,0.5999906073424354,1
1263,CPEC_LANDSLIDE_0468,1,landslide,75_38,2,75.05311858961741,38.7454590268692,"Kashgar (Xinjiang, China)",conventional_alphaearth_embeddings_no_road_distance,Conventional + AlphaEarth Embeddings (road-distance ablation),0.9675331003815854,0.5999906073424354,1
1264,CPEC_LANDSLIDE_0469,1,landslide,75_38,2,75.06659399300092,38.73198808258674,"Kashgar (Xinjiang, China)",conventional_alphaearth_embeddings_no_road_distance,Conventional + AlphaEarth Embeddings (road-distance ablation),0.1502424210775246,0.5999906073424354,0
1265,CPEC_LANDSLIDE_0470,1,landslide,75_38,2,75.05985629130917,38.729740695655785,"Kashgar (Xinjiang, China)",conventional_alphaearth_embeddings_no_road_distance,Conventional + AlphaEarth Embeddings (road-distance ablation),0.5865004468622768,0.5999906073424354,0
1266,CPEC_LANDSLIDE_0471,1,landslide,75_38,2,75.06210367824012,38.75219672856095,"Kashgar (Xinjiang, China)",conventional_alphaearth_embeddings_no_road_distance,Conventional + AlphaEarth Embeddings (road-distance ablation),0.8994015235250195,0.5999906073424354,1
1267,CPEC_LANDSLIDE_0472,1,landslide,75_38,2,75.06659399300092,38.75219672856095,"Kashgar (Xinjiang, China)",conventional_alphaearth_embeddings_no_road_distance,Conventional + AlphaEarth Embeddings (road-distance ablation),0.8501057029460327,0.5999906073424354,1
1268,CPEC_LANDSLIDE_0473,1,landslide,75_38,2,75.06884137993187,38.75219672856095,"Kashgar (Xinjiang, China)",conventional_alphaearth_embeddings_no_road_distance,Conventional + AlphaEarth Embeddings (road-distance ablation),0.8571408633474132,0.5999906073424354,1
1269,CPEC_LANDSLIDE_0474,1,landslide,75_38,2,75.07557908162362,38.75219672856095,"Kashgar (Xinjiang, China)",conventional_alphaearth_embeddings_no_road_distance,Conventional + AlphaEarth Embeddings (road-distance ablation),0.9623608591894411,0.5999906073424354,1
1270,CPEC_LANDSLIDE_0475,1,landslide,75_38,2,75.08905002590608,38.74770641380013,"Kashgar (Xinjiang, China)",conventional_alphaearth_embeddings_no_road_distance,Conventional + AlphaEarth Embeddings (road-distance ablation),0.962573678493805,0.5999906073424354,1
1271,CPEC_LANDSLIDE_0477,1,landslide,75_38,2,75.06884137993187,38.7454590268692,"Kashgar (Xinjiang, China)",conventional_alphaearth_embeddings_no_road_distance,Conventional + AlphaEarth Embeddings (road-distance ablation),0.9654524192181728,0.5999906073424354,1
1272,CPEC_LANDSLIDE_0478,1,landslide,75_38,2,75.07333169469268,38.74321609903932,"Kashgar (Xinjiang, China)",conventional_alphaearth_embeddings_no_road_distance,Conventional + AlphaEarth Embeddings (road-distance ablation),0.8369467211039359,0.5999906073424354,1
1273,CPEC_LANDSLIDE_0479,1,landslide,75_38,2,75.07557908162362,38.74321609903932,"Kashgar (Xinjiang, China)",conventional_alphaearth_embeddings_no_road_distance,Conventional + AlphaEarth Embeddings (road-distance ablation),0.7600907833683102,0.5999906073424354,1
1274,CPEC_LANDSLIDE_0480,1,landslide,75_38,2,75.07557908162362,38.7454590268692,"Kashgar (Xinjiang, China)",conventional_alphaearth_embeddings_no_road_distance,Conventional + AlphaEarth Embeddings (road-distance ablation),0.9603706475145611,0.5999906073424354,1
1275,CPEC_LANDSLIDE_0481,1,landslide,75_38,2,75.08231232421433,38.75893443025271,"Kashgar (Xinjiang, China)",conventional_alphaearth_embeddings_no_road_distance,Conventional + AlphaEarth Embeddings (road-distance ablation),0.8936960274075579,0.5999906073424354,1
1276,CPEC_LANDSLIDE_0483,1,landslide,75_38,2,75.08455971114526,38.75444411549189,"Kashgar (Xinjiang, China)",conventional_alphaearth_embeddings_no_road_distance,Conventional + AlphaEarth Embeddings (road-distance ablation),0.9634866546896069,0.5999906073424354,1
1277,CPEC_LANDSLIDE_0485,1,landslide,75_38,2,75.08455971114526,38.75444411549189,"Kashgar (Xinjiang, China)",conventional_alphaearth_embeddings_no_road_distance,Conventional + AlphaEarth Embeddings (road-distance ablation),0.9634866546896069,0.5999906073424354,1
1278,CPEC_LANDSLIDE_0487,1,landslide,75_38,2,75.08905002590608,38.75669150242282,"Kashgar (Xinjiang, China)",conventional_alphaearth_embeddings_no_road_distance,Conventional + AlphaEarth Embeddings (road-distance ablation),0.9136519284289718,0.5999906073424354,1
1279,CPEC_LANDSLIDE_0488,1,landslide,75_38,2,75.09129741283702,38.75669150242281,"Kashgar (Xinjiang, China)",conventional_alphaearth_embeddings_no_road_distance,Conventional + AlphaEarth Embeddings (road-distance ablation),0.9466740345735868,0.5999906073424354,1
1280,CPEC_LANDSLIDE_0489,1,landslide,75_38,2,75.09354479976795,38.75444411549189,"Kashgar (Xinjiang, China)",conventional_alphaearth_embeddings_no_road_distance,Conventional + AlphaEarth Embeddings (road-distance ablation),0.9636479204678866,0.5999906073424354,1
1281,CPEC_LANDSLIDE_0491,1,landslide,75_38,2,75.09129741283702,38.75444411549189,"Kashgar (Xinjiang, China)",conventional_alphaearth_embeddings_no_road_distance,Conventional + AlphaEarth Embeddings (road-distance ablation),0.9656048848958035,0.5999906073424354,1
1282,CPEC_LANDSLIDE_0492,1,landslide,75_38,2,75.10028250145972,38.75669150242282,"Kashgar (Xinjiang, China)",conventional_alphaearth_embeddings_no_road_distance,Conventional + AlphaEarth Embeddings (road-distance ablation),0.9592353667971896,0.5999906073424354,1
1283,CPEC_LANDSLIDE_0493,1,landslide,75_38,2,75.10028250145972,38.74770641380013,"Kashgar (Xinjiang, China)",conventional_alphaearth_embeddings_no_road_distance,Conventional + AlphaEarth Embeddings (road-distance ablation),0.9617779361756844,0.5999906073424354,1
1284,CPEC_LANDSLIDE_0496,1,landslide,75_38,2,75.10028250145972,38.74770641380013,"Kashgar (Xinjiang, China)",conventional_alphaearth_embeddings_no_road_distance,Conventional + AlphaEarth Embeddings (road-distance ablation),0.9617779361756844,0.5999906073424354,1
1285,CPEC_LANDSLIDE_0497,1,landslide,75_38,2,75.1115105179123,38.74770641380014,"Kashgar (Xinjiang, China)",conventional_alphaearth_embeddings_no_road_distance,Conventional + AlphaEarth Embeddings (road-distance ablation),0.9494817374889898,0.5999906073424354,1
1286,CPEC_LANDSLIDE_0498,1,landslide,75_38,2,75.12273853436487,38.7454590268692,"Kashgar (Xinjiang, China)",conventional_alphaearth_embeddings_no_road_distance,Conventional + AlphaEarth Embeddings (road-distance ablation),0.9323974862631174,0.5999906073424354,1
1287,CPEC_LANDSLIDE_0499,1,landslide,75_38,2,75.14968934113189,38.75219672856095,"Kashgar (Xinjiang, China)",conventional_alphaearth_embeddings_no_road_distance,Conventional + AlphaEarth Embeddings (road-distance ablation),0.4622565786689957,0.5999906073424354,0
1288,CPEC_LANDSLIDE_0500,1,landslide,75_38,2,75.17663568879786,38.736478397347554,"Kashgar (Xinjiang, China)",conventional_alphaearth_embeddings_no_road_distance,Conventional + AlphaEarth Embeddings (road-distance ablation),0.9707732129494872,0.5999906073424354,1
1289,CPEC_LANDSLIDE_0501,1,landslide,75_38,2,75.1788830757288,38.738725784278486,"Kashgar (Xinjiang, China)",conventional_alphaearth_embeddings_no_road_distance,Conventional + AlphaEarth Embeddings (road-distance ablation),0.9217566217205634,0.5999906073424354,1
1290,CPEC_LANDSLIDE_0502,1,landslide,75_38,2,75.18113046265974,38.74770641380013,"Kashgar (Xinjiang, China)",conventional_alphaearth_embeddings_no_road_distance,Conventional + AlphaEarth Embeddings (road-distance ablation),0.9674845086260798,0.5999906073424354,1
1291,CPEC_LANDSLIDE_0503,1,landslide,75_38,2,75.18562077742055,38.74770641380013,"Kashgar (Xinjiang, China)",conventional_alphaearth_embeddings_no_road_distance,Conventional + AlphaEarth Embeddings (road-distance ablation),0.9147508901862391,0.5999906073424354,1
1292,CPEC_LANDSLIDE_0504,1,landslide,75_38,2,75.1878681643515,38.75669150242282,"Kashgar (Xinjiang, China)",conventional_alphaearth_embeddings_no_road_distance,Conventional + AlphaEarth Embeddings (road-distance ablation),0.9713627560982007,0.5999906073424354,1
1293,CPEC_LANDSLIDE_0505,1,landslide,75_38,2,75.18562077742055,38.75893443025271,"Kashgar (Xinjiang, China)",conventional_alphaearth_embeddings_no_road_distance,Conventional + AlphaEarth Embeddings (road-distance ablation),0.9242220942298134,0.5999906073424354,1
1294,CPEC_LANDSLIDE_0506,1,landslide,75_38,2,75.18337339048962,38.76342920411458,"Kashgar (Xinjiang, China)",conventional_alphaearth_embeddings_no_road_distance,Conventional + AlphaEarth Embeddings (road-distance ablation),0.5268476834012106,0.5999906073424354,0
1295,CPEC_LANDSLIDE_0507,1,landslide,75_38,2,75.18337339048962,38.76567213194446,"Kashgar (Xinjiang, China)",conventional_alphaearth_embeddings_no_road_distance,Conventional + AlphaEarth Embeddings (road-distance ablation),0.5846478173714368,0.5999906073424354,0
1296,CPEC_LANDSLIDE_0508,1,landslide,75_38,2,75.18337339048962,38.7679195188754,"Kashgar (Xinjiang, China)",conventional_alphaearth_embeddings_no_road_distance,Conventional + AlphaEarth Embeddings (road-distance ablation),0.477584776891548,0.5999906073424354,0
1297,CPEC_LANDSLIDE_0509,1,landslide,75_38,2,75.19684879387313,38.75893443025271,"Kashgar (Xinjiang, China)",conventional_alphaearth_embeddings_no_road_distance,Conventional + AlphaEarth Embeddings (road-distance ablation),0.9629949967564436,0.5999906073424354,1
1298,CPEC_LANDSLIDE_0510,1,landslide,75_38,2,75.19684879387313,38.76118181718363,"Kashgar (Xinjiang, China)",conventional_alphaearth_embeddings_no_road_distance,Conventional + AlphaEarth Embeddings (road-distance ablation),0.9682665267273262,0.5999906073424354,1
1299,CPEC_LANDSLIDE_0511,1,landslide,75_38,2,75.19684879387313,38.76342920411458,"Kashgar (Xinjiang, China)",conventional_alphaearth_embeddings_no_road_distance,Conventional + AlphaEarth Embeddings (road-distance ablation),0.9726126090382162,0.5999906073424354,1
1300,CPEC_LANDSLIDE_0512,1,landslide,75_38,2,75.19684879387313,38.76567213194446,"Kashgar (Xinjiang, China)",conventional_alphaearth_embeddings_no_road_distance,Conventional + AlphaEarth Embeddings (road-distance ablation),0.9739175850515203,0.5999906073424354,1
1301,CPEC_LANDSLIDE_0513,1,landslide,75_38,2,75.19684879387313,38.77240983363622,"Kashgar (Xinjiang, China)",conventional_alphaearth_embeddings_no_road_distance,Conventional + AlphaEarth Embeddings (road-distance ablation),0.9514525353818083,0.5999906073424354,1
1302,CPEC_LANDSLIDE_0514,1,landslide,75_38,2,75.19909618080408,38.77240983363622,"Kashgar (Xinjiang, China)",conventional_alphaearth_embeddings_no_road_distance,Conventional + AlphaEarth Embeddings (road-distance ablation),0.955487125516631,0.5999906073424354,1
1303,CPEC_LANDSLIDE_0515,1,landslide,75_38,2,75.20133910863396,38.77240983363623,"Kashgar (Xinjiang, China)",conventional_alphaearth_embeddings_no_road_distance,Conventional + AlphaEarth Embeddings (road-distance ablation),0.9622903972886739,0.5999906073424354,1
1304,CPEC_LANDSLIDE_0516,1,landslide,75_38,2,75.20358649556489,38.77240983363622,"Kashgar (Xinjiang, China)",conventional_alphaearth_embeddings_no_road_distance,Conventional + AlphaEarth Embeddings (road-distance ablation),0.9592009692437703,0.5999906073424354,1
1305,CPEC_LANDSLIDE_0517,1,landslide,75_38,2,75.25299333523708,38.7679195188754,"Kashgar (Xinjiang, China)",conventional_alphaearth_embeddings_no_road_distance,Conventional + AlphaEarth Embeddings (road-distance ablation),0.9609278842334339,0.5999906073424354,1
1306,CPEC_LANDSLIDE_0518,1,landslide,75_38,2,75.23502761709274,38.77465722056717,"Kashgar (Xinjiang, China)",conventional_alphaearth_embeddings_no_road_distance,Conventional + AlphaEarth Embeddings (road-distance ablation),0.9801787077311392,0.5999906073424354,1
1307,CPEC_LANDSLIDE_0519,1,landslide,75_38,2,75.23278023016181,38.77465722056715,"Kashgar (Xinjiang, China)",conventional_alphaearth_embeddings_no_road_distance,Conventional + AlphaEarth Embeddings (road-distance ablation),0.9720444395321968,0.5999906073424354,1
1308,CPEC_LANDSLIDE_0520,1,landslide,75_38,2,75.25075040740718,38.77465722056716,"Kashgar (Xinjiang, China)",conventional_alphaearth_embeddings_no_road_distance,Conventional + AlphaEarth Embeddings (road-distance ablation),0.9704547641360047,0.5999906073424354,1
1309,CPEC_LANDSLIDE_0521,1,landslide,75_38,2,75.27769675507317,38.78588523701974,"Kashgar (Xinjiang, China)",conventional_alphaearth_embeddings_no_road_distance,Conventional + AlphaEarth Embeddings (road-distance ablation),0.9061493152828388,0.5999906073424354,1
1310,CPEC_LANDSLIDE_0522,1,landslide,75_38,2,75.27769675507317,38.788132623950666,"Kashgar (Xinjiang, China)",conventional_alphaearth_embeddings_no_road_distance,Conventional + AlphaEarth Embeddings (road-distance ablation),0.8574737045754952,0.5999906073424354,1
1311,CPEC_LANDSLIDE_0523,1,landslide,75_38,2,75.29117215845667,38.79037555178056,"Kashgar (Xinjiang, China)",conventional_alphaearth_embeddings_no_road_distance,Conventional + AlphaEarth Embeddings (road-distance ablation),0.9611864401964858,0.5999906073424354,1
1312,CPEC_LANDSLIDE_0524,1,landslide,75_38,2,75.30240017490925,38.7836378500888,"Kashgar (Xinjiang, China)",conventional_alphaearth_embeddings_no_road_distance,Conventional + AlphaEarth Embeddings (road-distance ablation),0.9797362974862055,0.5999906073424354,1
1313,CPEC_LANDSLIDE_0525,1,landslide,75_38,2,75.32486066691546,38.79711325347232,"Kashgar (Xinjiang, China)",conventional_alphaearth_embeddings_no_road_distance,Conventional + AlphaEarth Embeddings (road-distance ablation),0.960332902939988,0.5999906073424354,1
1314,CPEC_LANDSLIDE_0526,1,landslide,75_38,2,75.32486066691546,38.79936064040324,"Kashgar (Xinjiang, China)",conventional_alphaearth_embeddings_no_road_distance,Conventional + AlphaEarth Embeddings (road-distance ablation),0.95769738593834,0.5999906073424354,1
1315,CPEC_LANDSLIDE_0527,1,landslide,75_38,2,75.32486066691546,38.80160802733418,"Kashgar (Xinjiang, China)",conventional_alphaearth_embeddings_no_road_distance,Conventional + AlphaEarth Embeddings (road-distance ablation),0.9704039245438041,0.5999906073424354,1
1316,CPEC_LANDSLIDE_0528,1,landslide,75_38,2,75.32261327998452,38.79936064040324,"Kashgar (Xinjiang, China)",conventional_alphaearth_embeddings_no_road_distance,Conventional + AlphaEarth Embeddings (road-distance ablation),0.958853118251221,0.5999906073424354,1
1317,CPEC_LANDSLIDE_0529,1,landslide,75_38,2,75.32261327998452,38.80160802733418,"Kashgar (Xinjiang, China)",conventional_alphaearth_embeddings_no_road_distance,Conventional + AlphaEarth Embeddings (road-distance ablation),0.9687371979720684,0.5999906073424354,1
1318,CPEC_LANDSLIDE_0530,1,landslide,75_38,2,75.33608868336803,38.80385095516407,"Kashgar (Xinjiang, China)",conventional_alphaearth_embeddings_no_road_distance,Conventional + AlphaEarth Embeddings (road-distance ablation),0.9785973286781053,0.5999906073424354,1
1319,CPEC_LANDSLIDE_0531,1,landslide,75_38,2,75.32710359474535,38.81058865685583,"Kashgar (Xinjiang, China)",conventional_alphaearth_embeddings_no_road_distance,Conventional + AlphaEarth Embeddings (road-distance ablation),0.9623489247147614,0.5999906073424354,1
1320,CPEC_LANDSLIDE_0532,1,landslide,75_38,2,75.33608868336803,38.82631144717027,"Kashgar (Xinjiang, China)",conventional_alphaearth_embeddings_no_road_distance,Conventional + AlphaEarth Embeddings (road-distance ablation),0.30676165217948004,0.5999906073424354,0
1321,CPEC_LANDSLIDE_0533,1,landslide,75_38,2,75.35405440151237,38.80609834209501,"Kashgar (Xinjiang, China)",conventional_alphaearth_embeddings_no_road_distance,Conventional + AlphaEarth Embeddings (road-distance ablation),0.972593992635134,0.5999906073424354,1
1322,CPEC_LANDSLIDE_0534,1,landslide,75_38,2,75.35854471627319,38.80834126992488,"Kashgar (Xinjiang, China)",conventional_alphaearth_embeddings_no_road_distance,Conventional + AlphaEarth Embeddings (road-distance ablation),0.96929124938238,0.5999906073424354,1
1323,CPEC_LANDSLIDE_0535,1,landslide,75_38,2,75.36752980489588,38.80834126992488,"Kashgar (Xinjiang, China)",conventional_alphaearth_embeddings_no_road_distance,Conventional + AlphaEarth Embeddings (road-distance ablation),0.9767633319926148,0.5999906073424354,1
1324,CPEC_LANDSLIDE_0537,1,landslide,75_38,2,75.3720201196567,38.81957374547852,"Kashgar (Xinjiang, China)",conventional_alphaearth_embeddings_no_road_distance,Conventional + AlphaEarth Embeddings (road-distance ablation),0.9581117202596927,0.5999906073424354,1
1325,CPEC_LANDSLIDE_0538,1,landslide,75_38,2,75.37651043441753,38.81058865685583,"Kashgar (Xinjiang, China)",conventional_alphaearth_embeddings_no_road_distance,Conventional + AlphaEarth Embeddings (road-distance ablation),0.9819043200850457,0.5999906073424354,1
1326,CPEC_LANDSLIDE_0539,1,landslide,75_38,2,75.37651043441753,38.81283604378677,"Kashgar (Xinjiang, China)",conventional_alphaearth_embeddings_no_road_distance,Conventional + AlphaEarth Embeddings (road-distance ablation),0.9748166552911767,0.5999906073424354,1
1327,CPEC_LANDSLIDE_0541,1,landslide,75_38,2,75.37651043441753,38.81507897161664,"Kashgar (Xinjiang, China)",conventional_alphaearth_embeddings_no_road_distance,Conventional + AlphaEarth Embeddings (road-distance ablation),0.9706681226752246,0.5999906073424354,1
1328,CPEC_LANDSLIDE_0542,1,landslide,75_38,2,75.37875782134847,38.81507897161664,"Kashgar (Xinjiang, China)",conventional_alphaearth_embeddings_no_road_distance,Conventional + AlphaEarth Embeddings (road-distance ablation),0.9702995908887165,0.5999906073424354,1
1329,CPEC_LANDSLIDE_0543,1,landslide,75_38,2,75.37875782134847,38.81283604378676,"Kashgar (Xinjiang, China)",conventional_alphaearth_embeddings_no_road_distance,Conventional + AlphaEarth Embeddings (road-distance ablation),0.9750330461367596,0.5999906073424354,1
1330,CPEC_LANDSLIDE_0545,1,landslide,75_38,2,75.38100520827939,38.81283604378676,"Kashgar (Xinjiang, China)",conventional_alphaearth_embeddings_no_road_distance,Conventional + AlphaEarth Embeddings (road-distance ablation),0.9810529819821007,0.5999906073424354,1
1331,CPEC_LANDSLIDE_0547,1,landslide,75_38,2,75.38324813610927,38.81283604378676,"Kashgar (Xinjiang, China)",conventional_alphaearth_embeddings_no_road_distance,Conventional + AlphaEarth Embeddings (road-distance ablation),0.9807479040126467,0.5999906073424354,1
1332,CPEC_LANDSLIDE_0549,1,landslide,75_38,2,75.38324813610927,38.81058865685582,"Kashgar (Xinjiang, China)",conventional_alphaearth_embeddings_no_road_distance,Conventional + AlphaEarth Embeddings (road-distance ablation),0.9811860122575936,0.5999906073424354,1
1333,CPEC_LANDSLIDE_0551,1,landslide,75_38,2,75.38324813610927,38.81058865685582,"Kashgar (Xinjiang, China)",conventional_alphaearth_embeddings_no_road_distance,Conventional + AlphaEarth Embeddings (road-distance ablation),0.9811860122575936,0.5999906073424354,1
1334,CPEC_LANDSLIDE_0552,1,landslide,75_38,2,75.38324813610927,38.80834126992488,"Kashgar (Xinjiang, China)",conventional_alphaearth_embeddings_no_road_distance,Conventional + AlphaEarth Embeddings (road-distance ablation),0.9804655003705954,0.5999906073424354,1
1335,CPEC_LANDSLIDE_0553,1,landslide,75_38,2,75.40346124118454,38.81732635854758,"Kashgar (Xinjiang, China)",conventional_alphaearth_embeddings_no_road_distance,Conventional + AlphaEarth Embeddings (road-distance ablation),0.9739958721453509,0.5999906073424354,1
1336,CPEC_LANDSLIDE_0554,1,landslide,75_38,2,75.40570862811549,38.81732635854758,"Kashgar (Xinjiang, China)",conventional_alphaearth_embeddings_no_road_distance,Conventional + AlphaEarth Embeddings (road-distance ablation),0.9776104298776523,0.5999906073424354,1
1337,CPEC_LANDSLIDE_0556,1,landslide,75_38,2,75.41468925763712,38.81732635854758,"Kashgar (Xinjiang, China)",conventional_alphaearth_embeddings_no_road_distance,Conventional + AlphaEarth Embeddings (road-distance ablation),0.9760830257609002,0.5999906073424354,1
1338,CPEC_LANDSLIDE_0558,1,landslide,75_38,2,75.42367434625982,38.81507897161664,"Kashgar (Xinjiang, China)",conventional_alphaearth_embeddings_no_road_distance,Conventional + AlphaEarth Embeddings (road-distance ablation),0.9486708901587858,0.5999906073424354,1
1339,CPEC_LANDSLIDE_0559,1,landslide,75_38,2,75.42592173319076,38.81507897161664,"Kashgar (Xinjiang, China)",conventional_alphaearth_embeddings_no_road_distance,Conventional + AlphaEarth Embeddings (road-distance ablation),0.9381904693978903,0.5999906073424354,1
1340,CPEC_LANDSLIDE_0561,1,landslide,75_38,2,75.43041204795159,38.81507897161664,"Kashgar (Xinjiang, China)",conventional_alphaearth_embeddings_no_road_distance,Conventional + AlphaEarth Embeddings (road-distance ablation),0.9568113066169086,0.5999906073424354,1
1341,CPEC_LANDSLIDE_0564,1,landslide,75_38,2,75.44388745133509,38.81507897161664,"Kashgar (Xinjiang, China)",conventional_alphaearth_embeddings_no_road_distance,Conventional + AlphaEarth Embeddings (road-distance ablation),0.9750464096260959,0.5999906073424354,1
1342,CPEC_LANDSLIDE_0565,1,landslide,75_38,2,75.47757150069282,38.833044689760975,"Kashgar (Xinjiang, China)",conventional_alphaearth_embeddings_no_road_distance,Conventional + AlphaEarth Embeddings (road-distance ablation),0.9633674858068183,0.5999906073424354,1
1343,CPEC_LANDSLIDE_0566,1,landslide,75_38,2,75.49778460576809,38.92736805434451,"Kashgar (Xinjiang, China)",conventional_alphaearth_embeddings_no_road_distance,Conventional + AlphaEarth Embeddings (road-distance ablation),0.9525825052833964,0.5999906073424354,1
1344,CPEC_LANDSLIDE_0567,1,landslide,75_38,2,75.50452230745985,38.92063035265276,"Kashgar (Xinjiang, China)",conventional_alphaearth_embeddings_no_road_distance,Conventional + AlphaEarth Embeddings (road-distance ablation),0.9294442935498385,0.5999906073424354,1
1345,CPEC_LANDSLIDE_0568,1,landslide,75_38,2,75.51126000915161,38.94982854635072,"Kashgar (Xinjiang, China)",conventional_alphaearth_embeddings_no_road_distance,Conventional + AlphaEarth Embeddings (road-distance ablation),0.9735913688672251,0.5999906073424354,1
1346,CPEC_LANDSLIDE_0569,1,landslide,75_38,2,75.51575032391243,38.9610565628033,"Kashgar (Xinjiang, China)",conventional_alphaearth_embeddings_no_road_distance,Conventional + AlphaEarth Embeddings (road-distance ablation),0.9434376815269812,0.5999906073424354,1
1347,CPEC_LANDSLIDE_0570,1,landslide,75_38,2,75.51575032391243,38.9610565628033,"Kashgar (Xinjiang, China)",conventional_alphaearth_embeddings_no_road_distance,Conventional + AlphaEarth Embeddings (road-distance ablation),0.9434376815269812,0.5999906073424354,1
1348,CPEC_LANDSLIDE_0572,1,landslide,75_38,2,75.47757150069282,38.98351259570845,"Kashgar (Xinjiang, China)",conventional_alphaearth_embeddings_no_road_distance,Conventional + AlphaEarth Embeddings (road-distance ablation),0.9110673317995293,0.5999906073424354,1
1349,CPEC_LANDSLIDE_0573,1,landslide,75_38,2,75.36977719182681,38.95656624804248,"Kashgar (Xinjiang, China)",conventional_alphaearth_embeddings_no_road_distance,Conventional + AlphaEarth Embeddings (road-distance ablation),0.8564175604907255,0.5999906073424354,1
1350,CPEC_LANDSLIDE_0574,1,landslide,75_38,2,75.03066255671226,38.74770641380013,"Kashgar (Xinjiang, China)",conventional_alphaearth_embeddings_no_road_distance,Conventional + AlphaEarth Embeddings (road-distance ablation),0.8030136661591247,0.5999906073424354,1
1351,CPEC_LANDSLIDE_0585,1,landslide,75_38,2,75.00595913687617,38.71851267920322,"Kashgar (Xinjiang, China)",conventional_alphaearth_embeddings_no_road_distance,Conventional + AlphaEarth Embeddings (road-distance ablation),0.8906583482547404,0.5999906073424354,1
1352,CPEC_LANDSLIDE_0592,1,landslide,67_27,2,67.00196638706294,27.952204927003446,Balochistan,conventional_alphaearth_embeddings_no_road_distance,Conventional + AlphaEarth Embeddings (road-distance ablation),0.9797692054901378,0.5999906073424354,1
1353,CPEC_LANDSLIDE_0636,1,landslide,64_26,2,64.0128258322897,26.119639248866683,Balochistan,conventional_alphaearth_embeddings_no_road_distance,Conventional + AlphaEarth Embeddings (road-distance ablation),0.77554459324031,0.5999906073424354,1
1354,CPEC_LANDSLIDE_0637,1,landslide,64_26,2,64.01506876011959,26.050019304119232,Balochistan,conventional_alphaearth_embeddings_no_road_distance,Conventional + AlphaEarth Embeddings (road-distance ablation),0.902948555587569,0.5999906073424354,1
1355,CPEC_LANDSLIDE_0638,1,landslide,64_26,2,64.01506876011959,26.050019304119232,Balochistan,conventional_alphaearth_embeddings_no_road_distance,Conventional + AlphaEarth Embeddings (road-distance ablation),0.902948555587569,0.5999906073424354,1
1356,CPEC_LANDSLIDE_0668,1,landslide,66_25,2,66.07670291847292,25.50204929386338,Balochistan,conventional_alphaearth_embeddings_no_road_distance,Conventional + AlphaEarth Embeddings (road-distance ablation),0.30057445257373205,0.5999906073424354,0
1357,CPEC_LANDSLIDE_0669,1,landslide,66_25,2,66.05648981339765,25.49306420524068,Balochistan,conventional_alphaearth_embeddings_no_road_distance,Conventional + AlphaEarth Embeddings (road-distance ablation),0.42435742357291534,0.5999906073424354,0
1358,CPEC_LANDSLIDE_0671,1,landslide,66_25,2,66.05648981339765,25.495311592171618,Balochistan,conventional_alphaearth_embeddings_no_road_distance,Conventional + AlphaEarth Embeddings (road-distance ablation),0.8358268644335861,0.5999906073424354,1
1359,CPEC_LANDSLIDE_0672,1,landslide,66_25,2,66.05648981339765,25.495311592171618,Balochistan,conventional_alphaearth_embeddings_no_road_distance,Conventional + AlphaEarth Embeddings (road-distance ablation),0.8358268644335861,0.5999906073424354,1
1360,CPEC_LANDSLIDE_0703,1,landslide,66_25,2,66.85599325497734,25.064120979404453,Balochistan,conventional_alphaearth_embeddings_no_road_distance,Conventional + AlphaEarth Embeddings (road-distance ablation),0.39028013600226735,0.5999906073424354,0
1361,CPEC_LANDSLIDE_0704,1,landslide,66_25,2,66.85599325497734,25.064120979404453,Balochistan,conventional_alphaearth_embeddings_no_road_distance,Conventional + AlphaEarth Embeddings (road-distance ablation),0.39028013600226735,0.5999906073424354,0
1362,CPEC_LANDSLIDE_0705,1,landslide,66_25,2,66.85599325497734,25.06861129416528,Balochistan,conventional_alphaearth_embeddings_no_road_distance,Conventional + AlphaEarth Embeddings (road-distance ablation),0.975240675127352,0.5999906073424354,1
1363,CPEC_LANDSLIDE_0707,1,landslide,66_25,2,66.85823618280722,25.07085868109621,Balochistan,conventional_alphaearth_embeddings_no_road_distance,Conventional + AlphaEarth Embeddings (road-distance ablation),0.9714291983539938,0.5999906073424354,1
1364,CPEC_LANDSLIDE_0708,1,landslide,66_25,2,66.9166281111021,25.149459255365304,Balochistan,conventional_alphaearth_embeddings_no_road_distance,Conventional + AlphaEarth Embeddings (road-distance ablation),0.9026680319940983,0.5999906073424354,1
1365,CPEC_LANDSLIDE_0733,1,landslide,69_31,2,69.89678803635368,31.392749199619104,Balochistan,conventional_alphaearth_embeddings_no_road_distance,Conventional + AlphaEarth Embeddings (road-distance ablation),0.8702816180631823,0.5999906073424354,1
1366,CPEC_LANDSLIDE_0737,1,landslide,69_31,2,69.54644538478655,31.96991740357293,KP-AJK,conventional_alphaearth_embeddings_no_road_distance,Conventional + AlphaEarth Embeddings (road-distance ablation),0.8048757739715003,0.5999906073424354,1
1367,CPEC_LANDSLIDE_0739,1,landslide,69_31,2,69.54644538478655,31.972164790503868,KP-AJK,conventional_alphaearth_embeddings_no_road_distance,Conventional + AlphaEarth Embeddings (road-distance ablation),0.1542622015621946,0.5999906073424354,0
1368,CPEC_LANDSLIDE_0752,1,landslide,72_32,2,72.47270815560513,32.616705552274205,Punjab-Sindh lowland corridor,conventional_alphaearth_embeddings_no_road_distance,Conventional + AlphaEarth Embeddings (road-distance ablation),0.6208445345485298,0.5999906073424354,1
1369,CPEC_LANDSLIDE_0753,1,landslide,72_32,2,72.47270815560513,32.616705552274205,Punjab-Sindh lowland corridor,conventional_alphaearth_embeddings_no_road_distance,Conventional + AlphaEarth Embeddings (road-distance ablation),0.6208445345485298,0.5999906073424354,1
1370,CPEC_LANDSLIDE_0754,1,landslide,72_32,2,72.48618355898866,32.62119586703502,Punjab-Sindh lowland corridor,conventional_alphaearth_embeddings_no_road_distance,Conventional + AlphaEarth Embeddings (road-distance ablation),0.2924163907232841,0.5999906073424354,0
1371,CPEC_LANDSLIDE_0755,1,landslide,72_32,2,72.48618355898866,32.62344325396595,Punjab-Sindh lowland corridor,conventional_alphaearth_embeddings_no_road_distance,Conventional + AlphaEarth Embeddings (road-distance ablation),0.6000667401361544,0.5999906073424354,1
1372,CPEC_LANDSLIDE_0756,1,landslide,72_32,2,72.59398232695571,32.634671270418536,Punjab-Sindh lowland corridor,conventional_alphaearth_embeddings_no_road_distance,Conventional + AlphaEarth Embeddings (road-distance ablation),0.7790480260041972,0.5999906073424354,1
1373,CPEC_LANDSLIDE_0757,1,landslide,72_32,2,72.60072002864746,32.627933568726775,Punjab-Sindh lowland corridor,conventional_alphaearth_embeddings_no_road_distance,Conventional + AlphaEarth Embeddings (road-distance ablation),0.7849037916039269,0.5999906073424354,1
1374,CPEC_LANDSLIDE_0759,1,landslide,72_32,2,72.60296295647734,32.62568618179583,Punjab-Sindh lowland corridor,conventional_alphaearth_embeddings_no_road_distance,Conventional + AlphaEarth Embeddings (road-distance ablation),0.5613881246394327,0.5999906073424354,0
1375,CPEC_LANDSLIDE_0846,1,landslide,73_34,2,73.4541161655591,34.39087930211608,KP-AJK,conventional_alphaearth_embeddings_no_road_distance,Conventional + AlphaEarth Embeddings (road-distance ablation),0.9672575897125057,0.5999906073424354,1
1376,CPEC_LANDSLIDE_0847,1,landslide,73_34,2,73.4541161655591,34.39761700380784,KP-AJK,conventional_alphaearth_embeddings_no_road_distance,Conventional + AlphaEarth Embeddings (road-distance ablation),0.9698202763158302,0.5999906073424354,1
1377,CPEC_LANDSLIDE_0848,1,landslide,73_34,2,73.45187323772923,34.395369616876906,KP-AJK,conventional_alphaearth_embeddings_no_road_distance,Conventional + AlphaEarth Embeddings (road-distance ablation),0.9692256963136621,0.5999906073424354,1
1378,CPEC_LANDSLIDE_0849,1,landslide,73_34,2,73.44962585079827,34.39761700380784,KP-AJK,conventional_alphaearth_embeddings_no_road_distance,Conventional + AlphaEarth Embeddings (road-distance ablation),0.9631270893627426,0.5999906073424354,1
1379,CPEC_LANDSLIDE_0850,1,landslide,73_34,2,73.44737846386734,34.39985993163772,KP-AJK,conventional_alphaearth_embeddings_no_road_distance,Conventional + AlphaEarth Embeddings (road-distance ablation),0.9035076039040624,0.5999906073424354,1
1380,CPEC_LANDSLIDE_0851,1,landslide,73_34,2,73.44737846386734,34.40210731856866,KP-AJK,conventional_alphaearth_embeddings_no_road_distance,Conventional + AlphaEarth Embeddings (road-distance ablation),0.41060987708463514,0.5999906073424354,0
1381,CPEC_LANDSLIDE_0852,1,landslide,73_34,2,73.44288814910652,34.39761700380784,KP-AJK,conventional_alphaearth_embeddings_no_road_distance,Conventional + AlphaEarth Embeddings (road-distance ablation),0.8805022128731648,0.5999906073424354,1
1382,CPEC_LANDSLIDE_0853,1,landslide,73_34,2,73.44288814910652,34.40210731856866,KP-AJK,conventional_alphaearth_embeddings_no_road_distance,Conventional + AlphaEarth Embeddings (road-distance ablation),0.9485715132053485,0.5999906073424354,1
1383,CPEC_LANDSLIDE_0854,1,landslide,73_34,2,73.44288814910652,34.40210731856866,KP-AJK,conventional_alphaearth_embeddings_no_road_distance,Conventional + AlphaEarth Embeddings (road-distance ablation),0.9485715132053485,0.5999906073424354,1
1384,CPEC_LANDSLIDE_0856,1,landslide,73_34,2,73.4383978343457,34.40210731856866,KP-AJK,conventional_alphaearth_embeddings_no_road_distance,Conventional + AlphaEarth Embeddings (road-distance ablation),0.9332547215616954,0.5999906073424354,1
1385,CPEC_LANDSLIDE_0857,1,landslide,73_34,2,73.44064522127664,34.4043547054996,KP-AJK,conventional_alphaearth_embeddings_no_road_distance,Conventional + AlphaEarth Embeddings (road-distance ablation),0.9405179781460139,0.5999906073424354,1
1386,CPEC_LANDSLIDE_0858,1,landslide,73_34,2,73.44288814910652,34.4043547054996,KP-AJK,conventional_alphaearth_embeddings_no_road_distance,Conventional + AlphaEarth Embeddings (road-distance ablation),0.9597525749787085,0.5999906073424354,1
1387,CPEC_LANDSLIDE_0859,1,landslide,73_34,2,73.44513553603745,34.4043547054996,KP-AJK,conventional_alphaearth_embeddings_no_road_distance,Conventional + AlphaEarth Embeddings (road-distance ablation),0.9322809859851896,0.5999906073424354,1
1388,CPEC_LANDSLIDE_0860,1,landslide,73_34,2,73.44064522127664,34.40884502026041,KP-AJK,conventional_alphaearth_embeddings_no_road_distance,Conventional + AlphaEarth Embeddings (road-distance ablation),0.9402670736419814,0.5999906073424354,1
1389,CPEC_LANDSLIDE_0861,1,landslide,73_34,2,73.44064522127664,34.411087948090305,KP-AJK,conventional_alphaearth_embeddings_no_road_distance,Conventional + AlphaEarth Embeddings (road-distance ablation),0.8879380769688746,0.5999906073424354,1
1390,CPEC_LANDSLIDE_0862,1,landslide,73_34,2,73.4383978343457,34.411087948090305,KP-AJK,conventional_alphaearth_embeddings_no_road_distance,Conventional + AlphaEarth Embeddings (road-distance ablation),0.9241679500400631,0.5999906073424354,1
1391,CPEC_LANDSLIDE_0863,1,landslide,73_34,2,73.40246639805703,34.43130105316557,KP-AJK,conventional_alphaearth_embeddings_no_road_distance,Conventional + AlphaEarth Embeddings (road-distance ablation),0.9525914642276981,0.5999906073424354,1
1392,CPEC_LANDSLIDE_0864,1,landslide,73_34,2,73.40021901112611,34.44926677130991,KP-AJK,conventional_alphaearth_embeddings_no_road_distance,Conventional + AlphaEarth Embeddings (road-distance ablation),0.9221303395648193,0.5999906073424354,1
1393,CPEC_LANDSLIDE_0865,1,landslide,73_34,2,73.39797162419516,34.45151415824084,KP-AJK,conventional_alphaearth_embeddings_no_road_distance,Conventional + AlphaEarth Embeddings (road-distance ablation),0.9714463068335462,0.5999906073424354,1
1394,CPEC_LANDSLIDE_0866,1,landslide,73_34,2,73.44962585079827,34.411087948090305,KP-AJK,conventional_alphaearth_embeddings_no_road_distance,Conventional + AlphaEarth Embeddings (road-distance ablation),0.8377810844978967,0.5999906073424354,1
1395,CPEC_LANDSLIDE_0867,1,landslide,73_34,2,73.45861093942096,34.40210731856866,KP-AJK,conventional_alphaearth_embeddings_no_road_distance,Conventional + AlphaEarth Embeddings (road-distance ablation),0.9426815064633105,0.5999906073424354,1
1396,CPEC_LANDSLIDE_0869,1,landslide,73_34,2,73.45636355249003,34.40210731856866,KP-AJK,conventional_alphaearth_embeddings_no_road_distance,Conventional + AlphaEarth Embeddings (road-distance ablation),0.7856706135597691,0.5999906073424354,1
1397,CPEC_LANDSLIDE_0870,1,landslide,73_34,2,73.4631012541818,34.40659763332948,KP-AJK,conventional_alphaearth_embeddings_no_road_distance,Conventional + AlphaEarth Embeddings (road-distance ablation),0.9784095095932535,0.5999906073424354,1
1398,CPEC_LANDSLIDE_0871,1,landslide,73_34,2,73.47881958539519,34.41333533502124,KP-AJK,conventional_alphaearth_embeddings_no_road_distance,Conventional + AlphaEarth Embeddings (road-distance ablation),0.9649000178123657,0.5999906073424354,1
1399,CPEC_LANDSLIDE_0872,1,landslide,73_34,2,73.49005206094881,34.37066619704081,KP-AJK,conventional_alphaearth_embeddings_no_road_distance,Conventional + AlphaEarth Embeddings (road-distance ablation),0.9513442369221061,0.5999906073424354,1
1400,CPEC_LANDSLIDE_0873,1,landslide,73_34,2,73.4922949887787,34.37066619704081,KP-AJK,conventional_alphaearth_embeddings_no_road_distance,Conventional + AlphaEarth Embeddings (road-distance ablation),0.9263860014422853,0.5999906073424354,1
1401,CPEC_LANDSLIDE_0874,1,landslide,73_34,2,73.49005206094881,34.375156511801634,KP-AJK,conventional_alphaearth_embeddings_no_road_distance,Conventional + AlphaEarth Embeddings (road-distance ablation),0.5306829756788917,0.5999906073424354,0
1402,CPEC_LANDSLIDE_0875,1,landslide,73_34,2,73.48780467401788,34.37740389873258,KP-AJK,conventional_alphaearth_embeddings_no_road_distance,Conventional + AlphaEarth Embeddings (road-distance ablation),0.8925978425007414,0.5999906073424354,1
1403,CPEC_LANDSLIDE_0876,1,landslide,73_34,2,73.48555728708695,34.375156511801634,KP-AJK,conventional_alphaearth_embeddings_no_road_distance,Conventional + AlphaEarth Embeddings (road-distance ablation),0.8691364172443409,0.5999906073424354,1
1404,CPEC_LANDSLIDE_0877,1,landslide,73_34,2,73.48331435925707,34.38189421349339,KP-AJK,conventional_alphaearth_embeddings_no_road_distance,Conventional + AlphaEarth Embeddings (road-distance ablation),0.9655824265914195,0.5999906073424354,1
1405,CPEC_LANDSLIDE_0879,1,landslide,73_34,2,73.49454237570964,34.38189421349339,KP-AJK,conventional_alphaearth_embeddings_no_road_distance,Conventional + AlphaEarth Embeddings (road-distance ablation),0.9761868750473421,0.5999906073424354,1
1406,CPEC_LANDSLIDE_0880,1,landslide,73_34,2,73.48331435925707,34.38189421349339,KP-AJK,conventional_alphaearth_embeddings_no_road_distance,Conventional + AlphaEarth Embeddings (road-distance ablation),0.9655824265914195,0.5999906073424354,1
1407,CPEC_LANDSLIDE_0881,1,landslide,73_34,2,73.48555728708695,34.38638452825421,KP-AJK,conventional_alphaearth_embeddings_no_road_distance,Conventional + AlphaEarth Embeddings (road-distance ablation),0.9638295168380733,0.5999906073424354,1
1408,CPEC_LANDSLIDE_0882,1,landslide,73_34,2,73.48331435925707,34.39087930211608,KP-AJK,conventional_alphaearth_embeddings_no_road_distance,Conventional + AlphaEarth Embeddings (road-distance ablation),0.9764086279993842,0.5999906073424354,1
1409,CPEC_LANDSLIDE_0883,1,landslide,73_34,2,73.48106697232612,34.39985993163772,KP-AJK,conventional_alphaearth_embeddings_no_road_distance,Conventional + AlphaEarth Embeddings (road-distance ablation),0.9656823713922803,0.5999906073424354,1
1410,CPEC_LANDSLIDE_0884,1,landslide,73_34,2,73.48106697232612,34.39985993163772,KP-AJK,conventional_alphaearth_embeddings_no_road_distance,Conventional + AlphaEarth Embeddings (road-distance ablation),0.9656823713922803,0.5999906073424354,1
1411,CPEC_LANDSLIDE_0886,1,landslide,73_34,2,73.48106697232612,34.39985993163772,KP-AJK,conventional_alphaearth_embeddings_no_road_distance,Conventional + AlphaEarth Embeddings (road-distance ablation),0.9656823713922803,0.5999906073424354,1
1412,CPEC_LANDSLIDE_0887,1,landslide,73_34,2,73.47881958539519,34.40210731856866,KP-AJK,conventional_alphaearth_embeddings_no_road_distance,Conventional + AlphaEarth Embeddings (road-distance ablation),0.9696952584682482,0.5999906073424354,1
1413,CPEC_LANDSLIDE_0888,1,landslide,73_34,2,73.47881958539519,34.40210731856866,KP-AJK,conventional_alphaearth_embeddings_no_road_distance,Conventional + AlphaEarth Embeddings (road-distance ablation),0.9696952584682482,0.5999906073424354,1
1414,CPEC_LANDSLIDE_0889,1,landslide,73_34,2,73.48555728708695,34.4110879480903,KP-AJK,conventional_alphaearth_embeddings_no_road_distance,Conventional + AlphaEarth Embeddings (road-distance ablation),0.9809713735603562,0.5999906073424354,1
1415,CPEC_LANDSLIDE_0891,1,landslide,73_34,2,73.48555728708695,34.4110879480903,KP-AJK,conventional_alphaearth_embeddings_no_road_distance,Conventional + AlphaEarth Embeddings (road-distance ablation),0.9809713735603562,0.5999906073424354,1
1416,CPEC_LANDSLIDE_0892,1,landslide,73_34,2,73.48106697232612,34.4110879480903,KP-AJK,conventional_alphaearth_embeddings_no_road_distance,Conventional + AlphaEarth Embeddings (road-distance ablation),0.9604193818703292,0.5999906073424354,1
1417,CPEC_LANDSLIDE_0894,1,landslide,73_34,2,73.47881958539519,34.411087948090305,KP-AJK,conventional_alphaearth_embeddings_no_road_distance,Conventional + AlphaEarth Embeddings (road-distance ablation),0.9641025123632397,0.5999906073424354,1
1418,CPEC_LANDSLIDE_0895,1,landslide,76_35,2,76.10190361648894,35.19711598628648,Gilgit-Baltistan,conventional_alphaearth_embeddings_no_road_distance,Conventional + AlphaEarth Embeddings (road-distance ablation),0.9283138064429212,0.5999906073424354,1
1419,CPEC_LANDSLIDE_0896,1,landslide,76_35,2,76.08618082617448,35.181393195972014,Gilgit-Baltistan,conventional_alphaearth_embeddings_no_road_distance,Conventional + AlphaEarth Embeddings (road-distance ablation),0.9795560548896775,0.5999906073424354,1
1420,CPEC_LANDSLIDE_0897,1,landslide,76_35,2,76.09291852786625,35.181393195972014,Gilgit-Baltistan,conventional_alphaearth_embeddings_no_road_distance,Conventional + AlphaEarth Embeddings (road-distance ablation),0.9820579729251467,0.5999906073424354,1
1421,CPEC_LANDSLIDE_0899,1,landslide,76_35,2,76.09516591479718,35.181393195972014,Gilgit-Baltistan,conventional_alphaearth_embeddings_no_road_distance,Conventional + AlphaEarth Embeddings (road-distance ablation),0.9809495767892517,0.5999906073424354,1
1422,CPEC_LANDSLIDE_0900,1,landslide,76_35,2,76.09516591479718,35.181393195972014,Gilgit-Baltistan,conventional_alphaearth_embeddings_no_road_distance,Conventional + AlphaEarth Embeddings (road-distance ablation),0.9809495767892517,0.5999906073424354,1
1423,CPEC_LANDSLIDE_0901,1,landslide,76_35,2,76.09740884262706,35.18364058290297,Gilgit-Baltistan,conventional_alphaearth_embeddings_no_road_distance,Conventional + AlphaEarth Embeddings (road-distance ablation),0.9742144101212858,0.5999906073424354,1
1424,CPEC_LANDSLIDE_0902,1,landslide,76_35,2,76.09740884262706,35.1858879698339,Gilgit-Baltistan,conventional_alphaearth_embeddings_no_road_distance,Conventional + AlphaEarth Embeddings (road-distance ablation),0.9748464715639948,0.5999906073424354,1
1425,CPEC_LANDSLIDE_0904,1,landslide,76_35,2,76.09740884262706,35.1858879698339,Gilgit-Baltistan,conventional_alphaearth_embeddings_no_road_distance,Conventional + AlphaEarth Embeddings (road-distance ablation),0.9748464715639948,0.5999906073424354,1
1426,CPEC_LANDSLIDE_0906,1,landslide,76_35,2,76.09965622955801,35.1858879698339,Gilgit-Baltistan,conventional_alphaearth_embeddings_no_road_distance,Conventional + AlphaEarth Embeddings (road-distance ablation),0.9765581816779701,0.5999906073424354,1
1427,CPEC_LANDSLIDE_0907,1,landslide,76_35,2,76.09965622955801,35.18813089766378,Gilgit-Baltistan,conventional_alphaearth_embeddings_no_road_distance,Conventional + AlphaEarth Embeddings (road-distance ablation),0.9722249141637113,0.5999906073424354,1
1428,CPEC_LANDSLIDE_0909,1,landslide,76_35,2,76.10190361648894,35.18813089766378,Gilgit-Baltistan,conventional_alphaearth_embeddings_no_road_distance,Conventional + AlphaEarth Embeddings (road-distance ablation),0.9767181381209302,0.5999906073424354,1
1429,CPEC_LANDSLIDE_0911,1,landslide,76_35,2,76.10639393124976,35.18813089766378,Gilgit-Baltistan,conventional_alphaearth_embeddings_no_road_distance,Conventional + AlphaEarth Embeddings (road-distance ablation),0.9801320872423211,0.5999906073424354,1
1430,CPEC_LANDSLIDE_0913,1,landslide,76_35,2,76.1086413181807,35.19711598628648,Gilgit-Baltistan,conventional_alphaearth_embeddings_no_road_distance,Conventional + AlphaEarth Embeddings (road-distance ablation),0.9590337637622737,0.5999906073424354,1
1431,CPEC_LANDSLIDE_0914,1,landslide,76_35,2,76.12660703632503,35.192625671525654,Gilgit-Baltistan,conventional_alphaearth_embeddings_no_road_distance,Conventional + AlphaEarth Embeddings (road-distance ablation),0.9833844137479459,0.5999906073424354,1
1432,CPEC_LANDSLIDE_0915,1,landslide,76_35,2,76.13334473801679,35.19262567152566,Gilgit-Baltistan,conventional_alphaearth_embeddings_no_road_distance,Conventional + AlphaEarth Embeddings (road-distance ablation),0.9858668655583531,0.5999906073424354,1
1433,CPEC_LANDSLIDE_0916,1,landslide,76_35,2,76.16253847261369,35.192625671525654,Gilgit-Baltistan,conventional_alphaearth_embeddings_no_road_distance,Conventional + AlphaEarth Embeddings (road-distance ablation),0.9822200813273634,0.5999906073424354,1
1434,CPEC_LANDSLIDE_0917,1,landslide,76_35,2,76.16478585954464,35.192625671525654,Gilgit-Baltistan,conventional_alphaearth_embeddings_no_road_distance,Conventional + AlphaEarth Embeddings (road-distance ablation),0.9796382485453871,0.5999906073424354,1
1435,CPEC_LANDSLIDE_0918,1,landslide,76_35,2,76.17152356123638,35.192625671525654,Gilgit-Baltistan,conventional_alphaearth_embeddings_no_road_distance,Conventional + AlphaEarth Embeddings (road-distance ablation),0.9837761174759042,0.5999906073424354,1
1436,CPEC_LANDSLIDE_0919,1,landslide,76_35,2,76.17601387599721,35.194868599355544,Gilgit-Baltistan,conventional_alphaearth_embeddings_no_road_distance,Conventional + AlphaEarth Embeddings (road-distance ablation),0.9769726768341334,0.5999906073424354,1
1437,CPEC_LANDSLIDE_0920,1,landslide,76_35,2,76.17601387599721,35.18364058290297,Gilgit-Baltistan,conventional_alphaearth_embeddings_no_road_distance,Conventional + AlphaEarth Embeddings (road-distance ablation),0.9851126659088353,0.5999906073424354,1
1438,CPEC_LANDSLIDE_0921,1,landslide,76_35,2,76.15804815785287,35.176902881211205,Gilgit-Baltistan,conventional_alphaearth_embeddings_no_road_distance,Conventional + AlphaEarth Embeddings (road-distance ablation),0.9650432155349359,0.5999906073424354,1
1439,CPEC_LANDSLIDE_0922,1,landslide,76_35,2,76.15804815785287,35.172412566450376,Gilgit-Baltistan,conventional_alphaearth_embeddings_no_road_distance,Conventional + AlphaEarth Embeddings (road-distance ablation),0.9565793478633073,0.5999906073424354,1
1440,CPEC_LANDSLIDE_0923,1,landslide,76_35,2,76.153553383991,35.172412566450376,Gilgit-Baltistan,conventional_alphaearth_embeddings_no_road_distance,Conventional + AlphaEarth Embeddings (road-distance ablation),0.9700706122281187,0.5999906073424354,1
1441,CPEC_LANDSLIDE_0924,1,landslide,76_35,2,76.15131045616111,35.1858879698339,Gilgit-Baltistan,conventional_alphaearth_embeddings_no_road_distance,Conventional + AlphaEarth Embeddings (road-distance ablation),0.9810676057711252,0.5999906073424354,1
1442,CPEC_LANDSLIDE_0925,1,landslide,76_35,2,76.1378350527776,35.2016063010473,Gilgit-Baltistan,conventional_alphaearth_embeddings_no_road_distance,Conventional + AlphaEarth Embeddings (road-distance ablation),0.9792792556732344,0.5999906073424354,1
1443,CPEC_LANDSLIDE_0927,1,landslide,76_35,2,76.13558766584667,35.2016063010473,Gilgit-Baltistan,conventional_alphaearth_embeddings_no_road_distance,Conventional + AlphaEarth Embeddings (road-distance ablation),0.982642367998716,0.5999906073424354,1
1444,CPEC_LANDSLIDE_1053,1,landslide,73_34,2,73.36428757483743,34.494183296221266,KP-AJK,conventional_alphaearth_embeddings_no_road_distance,Conventional + AlphaEarth Embeddings (road-distance ablation),0.9569292007348115,0.5999906073424354,1
1445,CPEC_LANDSLIDE_1054,1,landslide,73_34,2,73.36204018790649,34.54134720806356,KP-AJK,conventional_alphaearth_embeddings_no_road_distance,Conventional + AlphaEarth Embeddings (road-distance ablation),0.9739059460217366,0.5999906073424354,1
1446,CPEC_LANDSLIDE_1056,1,landslide,73_34,2,73.35979280097555,34.54134720806356,KP-AJK,conventional_alphaearth_embeddings_no_road_distance,Conventional + AlphaEarth Embeddings (road-distance ablation),0.969568350260959,0.5999906073424354,1
1447,CPEC_LANDSLIDE_1057,1,landslide,73_34,2,73.72810562978808,34.13935032989331,KP-AJK,conventional_alphaearth_embeddings_no_road_distance,Conventional + AlphaEarth Embeddings (road-distance ablation),0.30832189024173584,0.5999906073424354,0
1448,CPEC_LANDSLIDE_1058,1,landslide,74_36,2,74.81955533553898,36.31327357097451,Gilgit-Baltistan,conventional_alphaearth_embeddings_no_road_distance,Conventional + AlphaEarth Embeddings (road-distance ablation),0.9616234923996511,0.5999906073424354,1
1449,CPEC_LANDSLIDE_1059,1,landslide,74_36,2,74.8173124077091,36.306535869282754,Gilgit-Baltistan,conventional_alphaearth_embeddings_no_road_distance,Conventional + AlphaEarth Embeddings (road-distance ablation),0.972567060971716,0.5999906073424354,1
1450,CPEC_LANDSLIDE_1060,1,landslide,74_36,2,74.81506502077815,36.30428848235182,Gilgit-Baltistan,conventional_alphaearth_embeddings_no_road_distance,Conventional + AlphaEarth Embeddings (road-distance ablation),0.9634938606118141,0.5999906073424354,1
1451,CPEC_LANDSLIDE_1061,1,landslide,74_36,2,74.81281763384722,36.304288482351815,Gilgit-Baltistan,conventional_alphaearth_embeddings_no_road_distance,Conventional + AlphaEarth Embeddings (road-distance ablation),0.9778402712909601,0.5999906073424354,1
1452,CPEC_LANDSLIDE_1062,1,landslide,74_36,2,74.8083273190864,36.30204555452194,Gilgit-Baltistan,conventional_alphaearth_embeddings_no_road_distance,Conventional + AlphaEarth Embeddings (road-distance ablation),0.9740146288422843,0.5999906073424354,1
1453,CPEC_LANDSLIDE_1063,1,landslide,74_36,2,74.80158961739464,36.30428848235182,Gilgit-Baltistan,conventional_alphaearth_embeddings_no_road_distance,Conventional + AlphaEarth Embeddings (road-distance ablation),0.9807291726377433,0.5999906073424354,1
1454,CPEC_LANDSLIDE_1064,1,landslide,74_36,2,74.80158961739464,36.30428848235182,Gilgit-Baltistan,conventional_alphaearth_embeddings_no_road_distance,Conventional + AlphaEarth Embeddings (road-distance ablation),0.9807291726377433,0.5999906073424354,1
1455,CPEC_LANDSLIDE_1065,1,landslide,74_36,2,74.82180272246991,36.30653586928275,Gilgit-Baltistan,conventional_alphaearth_embeddings_no_road_distance,Conventional + AlphaEarth Embeddings (road-distance ablation),0.9782221072444702,0.5999906073424354,1
1456,CPEC_LANDSLIDE_1066,1,landslide,74_36,2,74.8083273190864,36.28407537727655,Gilgit-Baltistan,conventional_alphaearth_embeddings_no_road_distance,Conventional + AlphaEarth Embeddings (road-distance ablation),0.08767356999456916,0.5999906073424354,0
1457,CPEC_LANDSLIDE_1067,1,landslide,74_36,2,74.80383700432557,36.28183244944666,Gilgit-Baltistan,conventional_alphaearth_embeddings_no_road_distance,Conventional + AlphaEarth Embeddings (road-distance ablation),0.07718921945614149,0.5999906073424354,0
1458,CPEC_LANDSLIDE_1068,1,landslide,74_36,2,74.792608987873,36.28632276420748,Gilgit-Baltistan,conventional_alphaearth_embeddings_no_road_distance,Conventional + AlphaEarth Embeddings (road-distance ablation),0.7879160152352003,0.5999906073424354,1
1459,CPEC_LANDSLIDE_1069,1,landslide,74_36,2,74.78587128618125,36.27958506251573,Gilgit-Baltistan,conventional_alphaearth_embeddings_no_road_distance,Conventional + AlphaEarth Embeddings (road-distance ablation),0.47470940305127113,0.5999906073424354,0
1460,CPEC_LANDSLIDE_1070,1,landslide,74_36,2,74.7836238992503,36.2077221899384,Gilgit-Baltistan,conventional_alphaearth_embeddings_no_road_distance,Conventional + AlphaEarth Embeddings (road-distance ablation),0.9576792904119529,0.5999906073424354,1
1461,CPEC_LANDSLIDE_1071,1,landslide,74_36,2,74.7836238992503,36.205474803007455,Gilgit-Baltistan,conventional_alphaearth_embeddings_no_road_distance,Conventional + AlphaEarth Embeddings (road-distance ablation),0.9367279173724029,0.5999906073424354,1
1462,CPEC_LANDSLIDE_1072,1,landslide,74_36,2,74.78137651231937,36.20322741607652,Gilgit-Baltistan,conventional_alphaearth_embeddings_no_road_distance,Conventional + AlphaEarth Embeddings (road-distance ablation),0.9408646550211505,0.5999906073424354,1
1463,CPEC_LANDSLIDE_1073,1,landslide,74_36,2,74.78137651231937,36.20098448824663,Gilgit-Baltistan,conventional_alphaearth_embeddings_no_road_distance,Conventional + AlphaEarth Embeddings (road-distance ablation),0.8478229394467454,0.5999906073424354,1
1464,CPEC_LANDSLIDE_1074,1,landslide,74_36,2,74.79709930263384,36.18526169793218,Gilgit-Baltistan,conventional_alphaearth_embeddings_no_road_distance,Conventional + AlphaEarth Embeddings (road-distance ablation),0.15934328094017114,0.5999906073424354,0
1465,CPEC_LANDSLIDE_1075,1,landslide,74_36,2,74.8173124077091,36.1830187701023,Gilgit-Baltistan,conventional_alphaearth_embeddings_no_road_distance,Conventional + AlphaEarth Embeddings (road-distance ablation),0.5893605810265957,0.5999906073424354,0
1466,CPEC_LANDSLIDE_1076,1,landslide,74_36,2,74.79485191570288,36.189752012693006,Gilgit-Baltistan,conventional_alphaearth_embeddings_no_road_distance,Conventional + AlphaEarth Embeddings (road-distance ablation),0.22692983714618642,0.5999906073424354,0
1467,CPEC_LANDSLIDE_1077,1,landslide,74_36,2,74.80158961739464,36.191999399623946,Gilgit-Baltistan,conventional_alphaearth_embeddings_no_road_distance,Conventional + AlphaEarth Embeddings (road-distance ablation),0.42894197095180425,0.5999906073424354,0
1468,CPEC_LANDSLIDE_1078,1,landslide,74_36,2,74.74095476126988,36.23466853760437,Gilgit-Baltistan,conventional_alphaearth_embeddings_no_road_distance,Conventional + AlphaEarth Embeddings (road-distance ablation),0.4187167448120188,0.5999906073424354,0
1469,CPEC_LANDSLIDE_1079,1,landslide,74_36,2,74.86447186045034,36.22119313422085,Gilgit-Baltistan,conventional_alphaearth_embeddings_no_road_distance,Conventional + AlphaEarth Embeddings (road-distance ablation),0.9421145784751608,0.5999906073424354,1
1470,CPEC_LANDSLIDE_1080,1,landslide,74_36,2,74.85998154568951,36.223440521151794,Gilgit-Baltistan,conventional_alphaearth_embeddings_no_road_distance,Conventional + AlphaEarth Embeddings (road-distance ablation),0.911231188538169,0.5999906073424354,1
1471,CPEC_LANDSLIDE_1081,1,landslide,74_36,2,74.85099645706681,36.223440521151794,Gilgit-Baltistan,conventional_alphaearth_embeddings_no_road_distance,Conventional + AlphaEarth Embeddings (road-distance ablation),0.9539242943524944,0.5999906073424354,1
1472,CPEC_LANDSLIDE_1082,1,landslide,74_36,2,74.84425875537507,36.223440521151794,Gilgit-Baltistan,conventional_alphaearth_embeddings_no_road_distance,Conventional + AlphaEarth Embeddings (road-distance ablation),0.9598027768918926,0.5999906073424354,1
1473,CPEC_ROCKFALL_0002,1,rockfall,75_38,2,75.17663568879786,38.74321609903931,"Kashgar (Xinjiang, China)",conventional_alphaearth_embeddings_no_road_distance,Conventional + AlphaEarth Embeddings (road-distance ablation),0.9664892186500135,0.5999906073424354,1
1474,CPEC_ROCKFALL_0003,1,rockfall,73_34,2,73.46983895587354,34.40659763332948,KP-AJK,conventional_alphaearth_embeddings_no_road_distance,Conventional + AlphaEarth Embeddings (road-distance ablation),0.9825294644316164,0.5999906073424354,1
1475,CPEC_ROCKFALL_0007,1,rockfall,75_38,2,75.92448490377443,38.433295198521655,"Kashgar (Xinjiang, China)",conventional_alphaearth_embeddings_no_road_distance,Conventional + AlphaEarth Embeddings (road-distance ablation),0.672370251691777,0.5999906073424354,1
1476,CPEC_ROCKFALL_0008,1,rockfall,75_38,2,75.87058774934144,38.40859177868556,"Kashgar (Xinjiang, China)",conventional_alphaearth_embeddings_no_road_distance,Conventional + AlphaEarth Embeddings (road-distance ablation),0.5051183277461417,0.5999906073424354,0
1477,CPEC_ROCKFALL_0032,1,rockfall,67_27,2,67.39722556354144,27.97017064514777,Balochistan,conventional_alphaearth_embeddings_no_road_distance,Conventional + AlphaEarth Embeddings (road-distance ablation),0.9829241624051287,0.5999906073424354,1
1478,CPEC_ROCKFALL_0033,1,rockfall,67_27,2,67.35904674032183,27.93423474975805,Balochistan,conventional_alphaearth_embeddings_no_road_distance,Conventional + AlphaEarth Embeddings (road-distance ablation),0.9609090388983915,0.5999906073424354,1
1479,CPEC_ROCKFALL_0034,1,rockfall,67_27,2,67.35455642556101,27.93199182192817,Balochistan,conventional_alphaearth_embeddings_no_road_distance,Conventional + AlphaEarth Embeddings (road-distance ablation),0.9622682122883122,0.5999906073424354,1
1480,CPEC_ROCKFALL_0035,1,rockfall,67_27,2,67.32985300572493,27.943219838380752,Balochistan,conventional_alphaearth_embeddings_no_road_distance,Conventional + AlphaEarth Embeddings (road-distance ablation),0.9770904111179063,0.5999906073424354,1
1481,CPEC_ROCKFALL_0036,1,rockfall,67_27,2,67.32760561879398,27.93872952361993,Balochistan,conventional_alphaearth_embeddings_no_road_distance,Conventional + AlphaEarth Embeddings (road-distance ablation),0.9209157174583738,0.5999906073424354,1
1482,CPEC_ROCKFALL_0061,1,rockfall,64_26,2,64.03528186519486,26.800111446925683,Balochistan,conventional_alphaearth_embeddings_no_road_distance,Conventional + AlphaEarth Embeddings (road-distance ablation),0.8032180820720738,0.5999906073424354,1
1483,CPEC_ROCKFALL_0062,1,rockfall,64_26,2,64.03303447826393,26.797868519095804,Balochistan,conventional_alphaearth_embeddings_no_road_distance,Conventional + AlphaEarth Embeddings (road-distance ablation),0.7061434995117756,0.5999906073424354,1
1484,CPEC_ROCKFALL_0068,1,rockfall,64_26,2,64.0128258322897,26.12188663579762,Balochistan,conventional_alphaearth_embeddings_no_road_distance,Conventional + AlphaEarth Embeddings (road-distance ablation),0.8764570245712341,0.5999906073424354,1
1485,CPEC_ROCKFALL_0079,1,rockfall,64_26,2,64.03079155043405,26.04777637628935,Balochistan,conventional_alphaearth_embeddings_no_road_distance,Conventional + AlphaEarth Embeddings (road-distance ablation),0.979012179045788,0.5999906073424354,1
1486,CPEC_ROCKFALL_0080,1,rockfall,65_28,2,65.96216644881412,28.15432260045299,Balochistan,conventional_alphaearth_embeddings_no_road_distance,Conventional + AlphaEarth Embeddings (road-distance ablation),0.8337049935497511,0.5999906073424354,1
1487,CPEC_ROCKFALL_0081,1,rockfall,65_28,2,65.95093843236154,28.147584898761227,Balochistan,conventional_alphaearth_embeddings_no_road_distance,Conventional + AlphaEarth Embeddings (road-distance ablation),0.8930899605475253,0.5999906073424354,1
1488,CPEC_ROCKFALL_0323,1,rockfall,66_25,2,66.85149848111547,25.052888503850827,Balochistan,conventional_alphaearth_embeddings_no_road_distance,Conventional + AlphaEarth Embeddings (road-distance ablation),0.8036180381627533,0.5999906073424354,1
1489,CPEC_ROCKFALL_0324,1,rockfall,66_25,2,66.85149848111547,25.0573832777127,Balochistan,conventional_alphaearth_embeddings_no_road_distance,Conventional + AlphaEarth Embeddings (road-distance ablation),0.9744673521103188,0.5999906073424354,1
1490,CPEC_ROCKFALL_0326,1,rockfall,66_25,2,66.85149848111547,25.059626205542585,Balochistan,conventional_alphaearth_embeddings_no_road_distance,Conventional + AlphaEarth Embeddings (road-distance ablation),0.9765384483948705,0.5999906073424354,1
1491,CPEC_ROCKFALL_0328,1,rockfall,66_25,2,66.8537458680464,25.06187359247352,Balochistan,conventional_alphaearth_embeddings_no_road_distance,Conventional + AlphaEarth Embeddings (road-distance ablation),0.9736885630061664,0.5999906073424354,1
1492,CPEC_ROCKFALL_0329,1,rockfall,66_25,2,66.8537458680464,25.055135890781763,Balochistan,conventional_alphaearth_embeddings_no_road_distance,Conventional + AlphaEarth Embeddings (road-distance ablation),0.5704738468528214,0.5999906073424354,0
1493,CPEC_ROCKFALL_0331,1,rockfall,66_25,2,66.8537458680464,25.059626205542585,Balochistan,conventional_alphaearth_embeddings_no_road_distance,Conventional + AlphaEarth Embeddings (road-distance ablation),0.9778168045624018,0.5999906073424354,1
1494,CPEC_ROCKFALL_0332,1,rockfall,66_25,2,66.86048356973815,25.07759192368692,Balochistan,conventional_alphaearth_embeddings_no_road_distance,Conventional + AlphaEarth Embeddings (road-distance ablation),0.9752890807109216,0.5999906073424354,1
1495,CPEC_ROCKFALL_0334,1,rockfall,66_25,2,66.87395897312167,25.100052415693124,Balochistan,conventional_alphaearth_embeddings_no_road_distance,Conventional + AlphaEarth Embeddings (road-distance ablation),0.9669170150310619,0.5999906073424354,1
1496,CPEC_ROCKFALL_0380,1,rockfall,67_27,2,67.00196638706294,27.954447854833333,Balochistan,conventional_alphaearth_embeddings_no_road_distance,Conventional + AlphaEarth Embeddings (road-distance ablation),0.9824088830763541,0.5999906073424354,1
1497,CPEC_ROCKFALL_0381,1,rockfall,67_27,2,67.00421377399388,27.9746609599086,Balochistan,conventional_alphaearth_embeddings_no_road_distance,Conventional + AlphaEarth Embeddings (road-distance ablation),0.9863145193419928,0.5999906073424354,1
1498,CPEC_ROCKFALL_0394,1,rockfall,66_25,2,66.91438072417115,25.147211868434365,Balochistan,conventional_alphaearth_embeddings_no_road_distance,Conventional + AlphaEarth Embeddings (road-distance ablation),0.8995431065085008,0.5999906073424354,1
1499,CPEC_ROCKFALL_0477,1,rockfall,68_29,2,68.71550528078006,29.41196746156686,Balochistan,conventional_alphaearth_embeddings_no_road_distance,Conventional + AlphaEarth Embeddings (road-distance ablation),0.9389526155477795,0.5999906073424354,1
1500,CPEC_ROCKFALL_0478,1,rockfall,68_29,2,68.71325789384913,29.41196746156686,Balochistan,conventional_alphaearth_embeddings_no_road_distance,Conventional + AlphaEarth Embeddings (road-distance ablation),0.956466578485186,0.5999906073424354,1
1501,CPEC_ROCKFALL_0480,1,rockfall,68_29,2,68.71101496601925,29.409720074635924,Balochistan,conventional_alphaearth_embeddings_no_road_distance,Conventional + AlphaEarth Embeddings (road-distance ablation),0.9778097704603437,0.5999906073424354,1
1502,CPEC_ROCKFALL_0482,1,rockfall,68_29,2,68.70876757908832,29.409720074635924,Balochistan,conventional_alphaearth_embeddings_no_road_distance,Conventional + AlphaEarth Embeddings (road-distance ablation),0.7385703561559478,0.5999906073424354,1
1503,CPEC_ROCKFALL_0483,1,rockfall,68_29,2,68.70876757908832,29.407472687704985,Balochistan,conventional_alphaearth_embeddings_no_road_distance,Conventional + AlphaEarth Embeddings (road-distance ablation),0.9671945681549441,0.5999906073424354,1
1504,CPEC_ROCKFALL_0484,1,rockfall,68_29,2,68.70652019215738,29.407472687704985,Balochistan,conventional_alphaearth_embeddings_no_road_distance,Conventional + AlphaEarth Embeddings (road-distance ablation),0.9272952588837509,0.5999906073424354,1
1505,CPEC_ROCKFALL_0485,1,rockfall,68_29,2,68.70427726432749,29.407472687704985,Balochistan,conventional_alphaearth_embeddings_no_road_distance,Conventional + AlphaEarth Embeddings (road-distance ablation),0.9441689990901544,0.5999906073424354,1
1506,CPEC_ROCKFALL_0486,1,rockfall,68_29,2,68.68855447401305,29.40073498601324,Balochistan,conventional_alphaearth_embeddings_no_road_distance,Conventional + AlphaEarth Embeddings (road-distance ablation),0.9810926304802657,0.5999906073424354,1
1507,CPEC_ROCKFALL_0487,1,rockfall,68_29,2,68.6795738444914,29.398492058183344,Balochistan,conventional_alphaearth_embeddings_no_road_distance,Conventional + AlphaEarth Embeddings (road-distance ablation),0.9679820943691897,0.5999906073424354,1
1508,CPEC_ROCKFALL_0488,1,rockfall,68_29,2,68.67283614279965,29.398492058183344,Balochistan,conventional_alphaearth_embeddings_no_road_distance,Conventional + AlphaEarth Embeddings (road-distance ablation),0.8411376410863584,0.5999906073424354,1
1509,CPEC_ROCKFALL_0489,1,rockfall,68_29,2,68.67732645756048,29.40298237294417,Balochistan,conventional_alphaearth_embeddings_no_road_distance,Conventional + AlphaEarth Embeddings (road-distance ablation),0.3342885280022764,0.5999906073424354,0
1510,CPEC_ROCKFALL_0490,1,rockfall,68_29,2,68.66834136893777,29.39624467125242,Balochistan,conventional_alphaearth_embeddings_no_road_distance,Conventional + AlphaEarth Embeddings (road-distance ablation),0.9173910964172645,0.5999906073424354,1
1511,CPEC_ROCKFALL_0491,1,rockfall,68_29,2,68.66834136893777,29.39624467125242,Balochistan,conventional_alphaearth_embeddings_no_road_distance,Conventional + AlphaEarth Embeddings (road-distance ablation),0.9173910964172645,0.5999906073424354,1
1512,CPEC_ROCKFALL_0492,1,rockfall,68_29,2,68.55829967314084,29.313149323121447,Balochistan,conventional_alphaearth_embeddings_no_road_distance,Conventional + AlphaEarth Embeddings (road-distance ablation),0.9812826814480681,0.5999906073424354,1
1513,CPEC_ROCKFALL_0495,1,rockfall,68_29,2,68.55156197144908,29.315396710052383,Balochistan,conventional_alphaearth_embeddings_no_road_distance,Conventional + AlphaEarth Embeddings (road-distance ablation),0.9429699098344964,0.5999906073424354,1
1514,CPEC_ROCKFALL_0496,1,rockfall,68_29,2,68.55156197144908,29.313149323121447,Balochistan,conventional_alphaearth_embeddings_no_road_distance,Conventional + AlphaEarth Embeddings (road-distance ablation),0.9607821910152953,0.5999906073424354,1
1515,CPEC_ROCKFALL_0497,1,rockfall,68_29,2,68.52461116468206,29.322134411744138,Balochistan,conventional_alphaearth_embeddings_no_road_distance,Conventional + AlphaEarth Embeddings (road-distance ablation),0.9685347721712261,0.5999906073424354,1
1516,CPEC_ROCKFALL_0499,1,rockfall,68_29,2,68.52461116468206,29.322134411744138,Balochistan,conventional_alphaearth_embeddings_no_road_distance,Conventional + AlphaEarth Embeddings (road-distance ablation),0.9685347721712261,0.5999906073424354,1
1517,CPEC_ROCKFALL_0500,1,rockfall,68_29,2,68.52236823685217,29.32437733957402,Balochistan,conventional_alphaearth_embeddings_no_road_distance,Conventional + AlphaEarth Embeddings (road-distance ablation),0.975192969075691,0.5999906073424354,1
1518,CPEC_ROCKFALL_0501,1,rockfall,68_29,2,68.5178734629903,29.32662472650496,Balochistan,conventional_alphaearth_embeddings_no_road_distance,Conventional + AlphaEarth Embeddings (road-distance ablation),0.9786632367657597,0.5999906073424354,1
1519,CPEC_ROCKFALL_0502,1,rockfall,68_29,2,68.51338314822948,29.32887211343589,Balochistan,conventional_alphaearth_embeddings_no_road_distance,Conventional + AlphaEarth Embeddings (road-distance ablation),0.9785562043840438,0.5999906073424354,1
1520,CPEC_ROCKFALL_0504,1,rockfall,68_29,2,68.5111402203996,29.33111504126578,Balochistan,conventional_alphaearth_embeddings_no_road_distance,Conventional + AlphaEarth Embeddings (road-distance ablation),0.9737436292198527,0.5999906073424354,1
1521,CPEC_ROCKFALL_0507,1,rockfall,68_29,2,68.48194202670163,29.33560981512765,Balochistan,conventional_alphaearth_embeddings_no_road_distance,Conventional + AlphaEarth Embeddings (road-distance ablation),0.9400478090656387,0.5999906073424354,1
1522,CPEC_ROCKFALL_0508,1,rockfall,68_29,2,68.4010940655016,29.355818461101872,Balochistan,conventional_alphaearth_embeddings_no_road_distance,Conventional + AlphaEarth Embeddings (road-distance ablation),0.9506535325761872,0.5999906073424354,1
1523,CPEC_ROCKFALL_0509,1,rockfall,68_29,2,68.39660375074078,29.34908521851117,Balochistan,conventional_alphaearth_embeddings_no_road_distance,Conventional + AlphaEarth Embeddings (road-distance ablation),0.872547725836653,0.5999906073424354,1
1524,CPEC_ROCKFALL_0510,1,rockfall,68_29,2,68.40783176719336,29.360313234963748,Balochistan,conventional_alphaearth_embeddings_no_road_distance,Conventional + AlphaEarth Embeddings (road-distance ablation),0.2954277981915245,0.5999906073424354,0
1525,CPEC_ROCKFALL_0632,1,rockfall,68_29,2,68.0979108666757,29.92849635029487,Balochistan,conventional_alphaearth_embeddings_no_road_distance,Conventional + AlphaEarth Embeddings (road-distance ablation),0.9363905845922472,0.5999906073424354,1
1526,CPEC_ROCKFALL_0634,1,rockfall,68_29,2,68.0979108666757,29.92849635029487,Balochistan,conventional_alphaearth_embeddings_no_road_distance,Conventional + AlphaEarth Embeddings (road-distance ablation),0.9363905845922472,0.5999906073424354,1
1527,CPEC_ROCKFALL_0635,1,rockfall,68_29,2,68.0979108666757,29.930743737225804,Balochistan,conventional_alphaearth_embeddings_no_road_distance,Conventional + AlphaEarth Embeddings (road-distance ablation),0.9162342562086985,0.5999906073424354,1
1528,CPEC_ROCKFALL_0636,1,rockfall,68_29,2,68.09566793884582,29.93298666505569,Balochistan,conventional_alphaearth_embeddings_no_road_distance,Conventional + AlphaEarth Embeddings (road-distance ablation),0.9303948421307943,0.5999906073424354,1
1529,CPEC_ROCKFALL_0637,1,rockfall,68_29,2,68.08219253546231,29.94421914060932,Balochistan,conventional_alphaearth_embeddings_no_road_distance,Conventional + AlphaEarth Embeddings (road-distance ablation),0.8329638939252276,0.5999906073424354,1
1530,CPEC_ROCKFALL_0638,1,rockfall,68_29,2,68.07320744683962,29.95319977013096,Balochistan,conventional_alphaearth_embeddings_no_road_distance,Conventional + AlphaEarth Embeddings (road-distance ablation),0.9663225836760705,0.5999906073424354,1
1531,CPEC_ROCKFALL_0639,1,rockfall,68_29,2,68.07994514853138,29.955447157061897,Balochistan,conventional_alphaearth_embeddings_no_road_distance,Conventional + AlphaEarth Embeddings (road-distance ablation),0.9861355764996602,0.5999906073424354,1
1532,CPEC_ROCKFALL_0657,1,rockfall,69_31,2,69.19835012015035,31.00422772483237,Balochistan,conventional_alphaearth_embeddings_no_road_distance,Conventional + AlphaEarth Embeddings (road-distance ablation),0.9076441011912258,0.5999906073424354,1
1533,CPEC_ROCKFALL_0661,1,rockfall,69_31,2,69.55767340123913,31.98114542002551,KP-AJK,conventional_alphaearth_embeddings_no_road_distance,Conventional + AlphaEarth Embeddings (road-distance ablation),0.8472535405837383,0.5999906073424354,1
1534,CPEC_ROCKFALL_0698,1,rockfall,72_32,2,72.45474243746081,32.59424506026799,Punjab-Sindh lowland corridor,conventional_alphaearth_embeddings_no_road_distance,Conventional + AlphaEarth Embeddings (road-distance ablation),0.6788810816828451,0.5999906073424354,1
1535,CPEC_ROCKFALL_0699,1,rockfall,72_32,2,72.45474243746081,32.598739834129866,Punjab-Sindh lowland corridor,conventional_alphaearth_embeddings_no_road_distance,Conventional + AlphaEarth Embeddings (road-distance ablation),0.703065384048732,0.5999906073424354,1
1536,CPEC_ROCKFALL_0700,1,rockfall,72_32,2,72.45474243746081,32.58751181767729,Punjab-Sindh lowland corridor,conventional_alphaearth_embeddings_no_road_distance,Conventional + AlphaEarth Embeddings (road-distance ablation),0.506834483805561,0.5999906073424354,0
1537,CPEC_ROCKFALL_0701,1,rockfall,72_32,2,72.44575734883811,32.56729871260202,Punjab-Sindh lowland corridor,conventional_alphaearth_embeddings_no_road_distance,Conventional + AlphaEarth Embeddings (road-distance ablation),0.6262445430757091,0.5999906073424354,1
1538,CPEC_ROCKFALL_0702,1,rockfall,72_32,2,72.44800473576905,32.56505132567108,Punjab-Sindh lowland corridor,conventional_alphaearth_embeddings_no_road_distance,Conventional + AlphaEarth Embeddings (road-distance ablation),0.6321357759634261,0.5999906073424354,1
1539,CPEC_ROCKFALL_0703,1,rockfall,72_32,2,72.41881100117214,32.57178902736284,Punjab-Sindh lowland corridor,conventional_alphaearth_embeddings_no_road_distance,Conventional + AlphaEarth Embeddings (road-distance ablation),0.689294636798372,0.5999906073424354,1
1540,CPEC_ROCKFALL_0704,1,rockfall,72_32,2,72.60521034340829,32.666112391946385,Punjab-Sindh lowland corridor,conventional_alphaearth_embeddings_no_road_distance,Conventional + AlphaEarth Embeddings (road-distance ablation),0.13499784334188297,0.5999906073424354,0
1541,CPEC_ROCKFALL_0705,1,rockfall,72_32,2,72.57601660881137,32.6414089721103,Punjab-Sindh lowland corridor,conventional_alphaearth_embeddings_no_road_distance,Conventional + AlphaEarth Embeddings (road-distance ablation),0.7762717371622434,0.5999906073424354,1
1542,CPEC_ROCKFALL_0706,1,rockfall,72_32,2,72.57825953664126,32.63916158517935,Punjab-Sindh lowland corridor,conventional_alphaearth_embeddings_no_road_distance,Conventional + AlphaEarth Embeddings (road-distance ablation),0.8688481061289978,0.5999906073424354,1
1543,CPEC_ROCKFALL_0707,1,rockfall,72_32,2,72.57601660881137,32.63916158517935,Punjab-Sindh lowland corridor,conventional_alphaearth_embeddings_no_road_distance,Conventional + AlphaEarth Embeddings (road-distance ablation),0.9074196424718131,0.5999906073424354,1
1544,CPEC_ROCKFALL_0708,1,rockfall,72_32,2,72.59173494002476,32.634671270418536,Punjab-Sindh lowland corridor,conventional_alphaearth_embeddings_no_road_distance,Conventional + AlphaEarth Embeddings (road-distance ablation),0.6772378243951735,0.5999906073424354,1
1545,CPEC_ROCKFALL_0790,1,rockfall,76_35,2,76.13334473801679,35.19262567152566,Gilgit-Baltistan,conventional_alphaearth_embeddings_no_road_distance,Conventional + AlphaEarth Embeddings (road-distance ablation),0.9858668655583531,0.5999906073424354,1
1546,CPEC_ROCKFALL_0791,1,rockfall,76_35,2,76.13334473801679,35.19711598628648,Gilgit-Baltistan,conventional_alphaearth_embeddings_no_road_distance,Conventional + AlphaEarth Embeddings (road-distance ablation),0.9865789679360117,0.5999906073424354,1
1547,CPEC_ROCKFALL_0792,1,rockfall,76_35,2,76.13109735108584,35.20385368797823,Gilgit-Baltistan,conventional_alphaearth_embeddings_no_road_distance,Conventional + AlphaEarth Embeddings (road-distance ablation),0.9776870194816152,0.5999906073424354,1
1548,CPEC_ROCKFALL_0793,1,rockfall,76_35,2,76.13334473801679,35.20385368797823,Gilgit-Baltistan,conventional_alphaearth_embeddings_no_road_distance,Conventional + AlphaEarth Embeddings (road-distance ablation),0.9860421467210843,0.5999906073424354,1
1549,CPEC_ROCKFALL_0794,1,rockfall,76_35,2,76.14008243970854,35.19936337321741,Gilgit-Baltistan,conventional_alphaearth_embeddings_no_road_distance,Conventional + AlphaEarth Embeddings (road-distance ablation),0.9821660245291768,0.5999906073424354,1
1550,CPEC_ROCKFALL_0795,1,rockfall,76_35,2,76.14232536753842,35.197115986286484,Gilgit-Baltistan,conventional_alphaearth_embeddings_no_road_distance,Conventional + AlphaEarth Embeddings (road-distance ablation),0.9849208915793828,0.5999906073424354,1
1551,CPEC_ROCKFALL_0796,1,rockfall,76_35,2,76.11313163294152,35.194868599355544,Gilgit-Baltistan,conventional_alphaearth_embeddings_no_road_distance,Conventional + AlphaEarth Embeddings (road-distance ablation),0.9816287942723194,0.5999906073424354,1
1552,CPEC_ROCKFALL_0797,1,rockfall,76_35,2,76.0839378983446,35.18364058290297,Gilgit-Baltistan,conventional_alphaearth_embeddings_no_road_distance,Conventional + AlphaEarth Embeddings (road-distance ablation),0.9579331106403252,0.5999906073424354,1
1553,CPEC_ROCKFALL_0836,1,rockfall,74_36,2,74.50514857936156,36.243653626227065,Gilgit-Baltistan,conventional_alphaearth_embeddings_no_road_distance,Conventional + AlphaEarth Embeddings (road-distance ablation),0.9816127379456405,0.5999906073424354,1
1554,CPEC_ROCKFALL_0837,1,rockfall,74_36,2,74.50739150719146,36.245901013158,Gilgit-Baltistan,conventional_alphaearth_embeddings_no_road_distance,Conventional + AlphaEarth Embeddings (road-distance ablation),0.9785109100214134,0.5999906073424354,1
1555,CPEC_ROCKFALL_0843,1,rockfall,74_36,2,74.3120070763326,36.29530785283018,Gilgit-Baltistan,conventional_alphaearth_embeddings_no_road_distance,Conventional + AlphaEarth Embeddings (road-distance ablation),0.9833792142340396,0.5999906073424354,1
1556,CPEC_ROCKFALL_0844,1,rockfall,74_36,2,74.30976414850272,36.29530785283018,Gilgit-Baltistan,conventional_alphaearth_embeddings_no_road_distance,Conventional + AlphaEarth Embeddings (road-distance ablation),0.9799597189139844,0.5999906073424354,1
1557,CPEC_ROCKFALL_0846,1,rockfall,74_36,2,74.3052738337419,36.30204555452194,Gilgit-Baltistan,conventional_alphaearth_embeddings_no_road_distance,Conventional + AlphaEarth Embeddings (road-distance ablation),0.983691640852352,0.5999906073424354,1
1558,CPEC_ROCKFALL_0848,1,rockfall,74_36,2,74.30302644681096,36.30428848235181,Gilgit-Baltistan,conventional_alphaearth_embeddings_no_road_distance,Conventional + AlphaEarth Embeddings (road-distance ablation),0.9840834074910816,0.5999906073424354,1
1559,CPEC_ROCKFALL_0880,1,rockfall,75_38,2,75.04189057316484,38.42880488376084,"Kashgar (Xinjiang, China)",conventional_alphaearth_embeddings_no_road_distance,Conventional + AlphaEarth Embeddings (road-distance ablation),0.15754637393194573,0.5999906073424354,0
1560,CPEC_ROCKFALL_0881,1,rockfall,75_38,2,75.04413796009577,38.43778997238354,"Kashgar (Xinjiang, China)",conventional_alphaearth_embeddings_no_road_distance,Conventional + AlphaEarth Embeddings (road-distance ablation),0.20864617191412094,0.5999906073424354,0
1561,CPEC_ROCKFALL_0882,1,rockfall,75_38,2,75.03066255671226,38.53435626479696,"Kashgar (Xinjiang, China)",conventional_alphaearth_embeddings_no_road_distance,Conventional + AlphaEarth Embeddings (road-distance ablation),0.3569215351059463,0.5999906073424354,0
1562,CPEC_ROCKFALL_0883,1,rockfall,75_38,2,75.00371174994524,38.5657973863248,"Kashgar (Xinjiang, China)",conventional_alphaearth_embeddings_no_road_distance,Conventional + AlphaEarth Embeddings (road-distance ablation),0.5741156073391677,0.5999906073424354,0
1563,CPEC_ROCKFALL_0888,1,rockfall,75_38,2,75.06659399300092,38.7454590268692,"Kashgar (Xinjiang, China)",conventional_alphaearth_embeddings_no_road_distance,Conventional + AlphaEarth Embeddings (road-distance ablation),0.9615941648692834,0.5999906073424354,1
1564,CPEC_ROCKFALL_0889,1,rockfall,75_38,2,75.13845686557826,38.74995380073106,"Kashgar (Xinjiang, China)",conventional_alphaearth_embeddings_no_road_distance,Conventional + AlphaEarth Embeddings (road-distance ablation),0.9324283308079492,0.5999906073424354,1
1565,CPEC_ROCKFALL_0890,1,rockfall,75_38,2,75.16540767234528,38.74770641380013,"Kashgar (Xinjiang, China)",conventional_alphaearth_embeddings_no_road_distance,Conventional + AlphaEarth Embeddings (road-distance ablation),0.9564653239995384,0.5999906073424354,1
1566,CPEC_ROCKFALL_0891,1,rockfall,75_38,2,75.18113046265974,38.7454590268692,"Kashgar (Xinjiang, China)",conventional_alphaearth_embeddings_no_road_distance,Conventional + AlphaEarth Embeddings (road-distance ablation),0.9416058977450666,0.5999906073424354,1
1567,CPEC_ROCKFALL_0892,1,rockfall,75_38,2,75.18337339048962,38.7454590268692,"Kashgar (Xinjiang, China)",conventional_alphaearth_embeddings_no_road_distance,Conventional + AlphaEarth Embeddings (road-distance ablation),0.9551658558413759,0.5999906073424354,1
1568,CPEC_ROCKFALL_0893,1,rockfall,75_38,2,75.19011109218138,38.74995380073106,"Kashgar (Xinjiang, China)",conventional_alphaearth_embeddings_no_road_distance,Conventional + AlphaEarth Embeddings (road-distance ablation),0.9339135730031606,0.5999906073424354,1
1569,CPEC_ROCKFALL_0894,1,rockfall,75_38,2,75.19235847911231,38.74995380073106,"Kashgar (Xinjiang, China)",conventional_alphaearth_embeddings_no_road_distance,Conventional + AlphaEarth Embeddings (road-distance ablation),0.9486994278629949,0.5999906073424354,1
1570,CPEC_ROCKFALL_0895,1,rockfall,75_38,2,75.19460586604325,38.75219672856095,"Kashgar (Xinjiang, China)",conventional_alphaearth_embeddings_no_road_distance,Conventional + AlphaEarth Embeddings (road-distance ablation),0.9572432899455356,0.5999906073424354,1
1571,CPEC_ROCKFALL_0896,1,rockfall,75_38,2,75.20133910863396,38.7679195188754,"Kashgar (Xinjiang, China)",conventional_alphaearth_embeddings_no_road_distance,Conventional + AlphaEarth Embeddings (road-distance ablation),0.9719755582430949,0.5999906073424354,1
1572,CPEC_ROCKFALL_0897,1,rockfall,75_38,2,75.32935098167628,38.788132623950666,"Kashgar (Xinjiang, China)",conventional_alphaearth_embeddings_no_road_distance,Conventional + AlphaEarth Embeddings (road-distance ablation),0.873058086143055,0.5999906073424354,1
1573,CPEC_ROCKFALL_0898,1,rockfall,75_38,2,75.33159836860722,38.79262293871148,"Kashgar (Xinjiang, China)",conventional_alphaearth_embeddings_no_road_distance,Conventional + AlphaEarth Embeddings (road-distance ablation),0.9671395942197041,0.5999906073424354,1
1574,CPEC_ROCKFALL_0899,1,rockfall,75_38,2,75.33608868336803,38.80609834209501,"Kashgar (Xinjiang, China)",conventional_alphaearth_embeddings_no_road_distance,Conventional + AlphaEarth Embeddings (road-distance ablation),0.9723393928723537,0.5999906073424354,1
1575,CPEC_ROCKFALL_0900,1,rockfall,75_38,2,75.36977719182681,38.81732635854758,"Kashgar (Xinjiang, China)",conventional_alphaearth_embeddings_no_road_distance,Conventional + AlphaEarth Embeddings (road-distance ablation),0.9708550231580331,0.5999906073424354,1
1576,CPEC_ROCKFALL_0901,1,rockfall,75_38,2,75.3720201196567,38.81507897161664,"Kashgar (Xinjiang, China)",conventional_alphaearth_embeddings_no_road_distance,Conventional + AlphaEarth Embeddings (road-distance ablation),0.8140353444786862,0.5999906073424354,1
1577,CPEC_ROCKFALL_0902,1,rockfall,75_38,2,75.38100520827939,38.81507897161664,"Kashgar (Xinjiang, China)",conventional_alphaearth_embeddings_no_road_distance,Conventional + AlphaEarth Embeddings (road-distance ablation),0.9164452909147407,0.5999906073424354,1
1578,CPEC_ROCKFALL_0903,1,rockfall,75_38,2,75.39223322473197,38.81283604378676,"Kashgar (Xinjiang, China)",conventional_alphaearth_embeddings_no_road_distance,Conventional + AlphaEarth Embeddings (road-distance ablation),0.9747932111696236,0.5999906073424354,1
1579,CPEC_ROCKFALL_0904,1,rockfall,75_38,2,75.3967235394928,38.81283604378676,"Kashgar (Xinjiang, China)",conventional_alphaearth_embeddings_no_road_distance,Conventional + AlphaEarth Embeddings (road-distance ablation),0.8429683792907389,0.5999906073424354,1
1580,CPEC_ROCKFALL_0905,1,rockfall,75_38,2,75.3967235394928,38.81283604378676,"Kashgar (Xinjiang, China)",conventional_alphaearth_embeddings_no_road_distance,Conventional + AlphaEarth Embeddings (road-distance ablation),0.8429683792907389,0.5999906073424354,1
1581,CPEC_ROCKFALL_0906,1,rockfall,75_38,2,75.40121831335466,38.81507897161664,"Kashgar (Xinjiang, China)",conventional_alphaearth_embeddings_no_road_distance,Conventional + AlphaEarth Embeddings (road-distance ablation),0.976262761377196,0.5999906073424354,1
1582,CPEC_ROCKFALL_0907,1,rockfall,75_38,2,75.40121831335466,38.81507897161664,"Kashgar (Xinjiang, China)",conventional_alphaearth_embeddings_no_road_distance,Conventional + AlphaEarth Embeddings (road-distance ablation),0.976262761377196,0.5999906073424354,1
1583,CPEC_ROCKFALL_0908,1,rockfall,75_38,2,75.4101989428763,38.81732635854758,"Kashgar (Xinjiang, China)",conventional_alphaearth_embeddings_no_road_distance,Conventional + AlphaEarth Embeddings (road-distance ablation),0.9735492839642493,0.5999906073424354,1
1584,CPEC_ROCKFALL_0909,1,rockfall,75_38,2,75.419184031499,38.80834126992489,"Kashgar (Xinjiang, China)",conventional_alphaearth_embeddings_no_road_distance,Conventional + AlphaEarth Embeddings (road-distance ablation),0.9813459780524989,0.5999906073424354,1
1585,CPEC_ROCKFALL_0910,1,rockfall,75_38,2,75.41693664456807,38.817326358547575,"Kashgar (Xinjiang, China)",conventional_alphaearth_embeddings_no_road_distance,Conventional + AlphaEarth Embeddings (road-distance ablation),0.97452907270985,0.5999906073424354,1
1586,CPEC_ROCKFALL_0911,1,rockfall,75_38,2,75.419184031499,38.81732635854758,"Kashgar (Xinjiang, China)",conventional_alphaearth_embeddings_no_road_distance,Conventional + AlphaEarth Embeddings (road-distance ablation),0.9698106001161871,0.5999906073424354,1
1587,CPEC_ROCKFALL_0912,1,rockfall,75_38,2,75.42592173319076,38.81507897161664,"Kashgar (Xinjiang, China)",conventional_alphaearth_embeddings_no_road_distance,Conventional + AlphaEarth Embeddings (road-distance ablation),0.9381904693978903,0.5999906073424354,1
1588,CPEC_ROCKFALL_0913,1,rockfall,75_38,2,75.45736285471861,38.81507897161664,"Kashgar (Xinjiang, China)",conventional_alphaearth_embeddings_no_road_distance,Conventional + AlphaEarth Embeddings (road-distance ablation),0.9283405817506074,0.5999906073424354,1
1589,CPEC_ROCKFALL_0914,1,rockfall,75_38,2,75.48206627455471,38.821816673308405,"Kashgar (Xinjiang, China)",conventional_alphaearth_embeddings_no_road_distance,Conventional + AlphaEarth Embeddings (road-distance ablation),0.8307500064564911,0.5999906073424354,1
1590,CPEC_ROCKFALL_0915,1,rockfall,75_38,2,75.48206627455471,38.821816673308405,"Kashgar (Xinjiang, China)",conventional_alphaearth_embeddings_no_road_distance,Conventional + AlphaEarth Embeddings (road-distance ablation),0.8307500064564911,0.5999906073424354,1
1591,CPEC_ROCKFALL_0916,1,rockfall,75_38,2,75.4843092023846,38.82855437500015,"Kashgar (Xinjiang, China)",conventional_alphaearth_embeddings_no_road_distance,Conventional + AlphaEarth Embeddings (road-distance ablation),0.8369971573987954,0.5999906073424354,1
1592,CPEC_ROCKFALL_0917,1,rockfall,75_38,2,75.48206627455471,38.83529207669192,"Kashgar (Xinjiang, China)",conventional_alphaearth_embeddings_no_road_distance,Conventional + AlphaEarth Embeddings (road-distance ablation),0.8392380955043227,0.5999906073424354,1
1593,CPEC_ROCKFALL_0918,1,rockfall,75_38,2,75.48206627455471,38.83978239145274,"Kashgar (Xinjiang, China)",conventional_alphaearth_embeddings_no_road_distance,Conventional + AlphaEarth Embeddings (road-distance ablation),0.9126083629764022,0.5999906073424354,1
1594,CPEC_ROCKFALL_0919,1,rockfall,75_38,2,75.47981888762375,38.84202977838366,"Kashgar (Xinjiang, China)",conventional_alphaearth_embeddings_no_road_distance,Conventional + AlphaEarth Embeddings (road-distance ablation),0.8349879044531173,0.5999906073424354,1
1595,CPEC_ROCKFALL_0920,1,rockfall,75_38,2,75.47981888762375,38.84427716531461,"Kashgar (Xinjiang, China)",conventional_alphaearth_embeddings_no_road_distance,Conventional + AlphaEarth Embeddings (road-distance ablation),0.8561195531443954,0.5999906073424354,1
1596,CPEC_ROCKFALL_0921,1,rockfall,75_38,2,75.47981888762375,38.84652009314448,"Kashgar (Xinjiang, China)",conventional_alphaearth_embeddings_no_road_distance,Conventional + AlphaEarth Embeddings (road-distance ablation),0.47165667707593384,0.5999906073424354,0
1597,CPEC_ROCKFALL_0922,1,rockfall,75_38,2,75.49104690407633,38.8846989163641,"Kashgar (Xinjiang, China)",conventional_alphaearth_embeddings_no_road_distance,Conventional + AlphaEarth Embeddings (road-distance ablation),0.4010157775968931,0.5999906073424354,0
1598,CPEC_ROCKFALL_0924,1,rockfall,75_38,2,75.49104690407633,38.88694630329503,"Kashgar (Xinjiang, China)",conventional_alphaearth_embeddings_no_road_distance,Conventional + AlphaEarth Embeddings (road-distance ablation),0.7000843507085107,0.5999906073424354,1
1599,CPEC_ROCKFALL_0926,1,rockfall,75_38,2,75.49104690407633,38.88694630329503,"Kashgar (Xinjiang, China)",conventional_alphaearth_embeddings_no_road_distance,Conventional + AlphaEarth Embeddings (road-distance ablation),0.7000843507085107,0.5999906073424354,1
1600,CPEC_ROCKFALL_0927,1,rockfall,75_38,2,75.49329429100727,38.88694630329503,"Kashgar (Xinjiang, China)",conventional_alphaearth_embeddings_no_road_distance,Conventional + AlphaEarth Embeddings (road-distance ablation),0.43005787978520066,0.5999906073424354,0
1601,CPEC_ROCKFALL_0929,1,rockfall,75_38,2,75.49329429100727,38.889193690225966,"Kashgar (Xinjiang, China)",conventional_alphaearth_embeddings_no_road_distance,Conventional + AlphaEarth Embeddings (road-distance ablation),0.6454552014363911,0.5999906073424354,1
1602,CPEC_ROCKFALL_0930,1,rockfall,75_38,2,75.49553721883716,38.89143661805585,"Kashgar (Xinjiang, China)",conventional_alphaearth_embeddings_no_road_distance,Conventional + AlphaEarth Embeddings (road-distance ablation),0.7049520957654498,0.5999906073424354,1
1603,CPEC_ROCKFALL_0932,1,rockfall,75_38,2,75.49553721883716,38.8981743197476,"Kashgar (Xinjiang, China)",conventional_alphaearth_embeddings_no_road_distance,Conventional + AlphaEarth Embeddings (road-distance ablation),0.1795227422496392,0.5999906073424354,0
1604,CPEC_ROCKFALL_0933,1,rockfall,75_38,2,75.49778460576809,38.91838742482288,"Kashgar (Xinjiang, China)",conventional_alphaearth_embeddings_no_road_distance,Conventional + AlphaEarth Embeddings (road-distance ablation),0.4380208891222602,0.5999906073424354,0
1605,CPEC_ROCKFALL_0935,1,rockfall,75_38,2,75.50003199269902,38.92287773958369,"Kashgar (Xinjiang, China)",conventional_alphaearth_embeddings_no_road_distance,Conventional + AlphaEarth Embeddings (road-distance ablation),0.5184570998986742,0.5999906073424354,0
1606,CPEC_ROCKFALL_0936,1,rockfall,75_38,2,75.50003199269902,38.92287773958369,"Kashgar (Xinjiang, China)",conventional_alphaearth_embeddings_no_road_distance,Conventional + AlphaEarth Embeddings (road-distance ablation),0.5184570998986742,0.5999906073424354,0
1607,CPEC_ROCKFALL_0937,1,rockfall,75_38,2,75.50003199269902,38.92512512651464,"Kashgar (Xinjiang, China)",conventional_alphaearth_embeddings_no_road_distance,Conventional + AlphaEarth Embeddings (road-distance ablation),0.5427895416228676,0.5999906073424354,0
1608,CPEC_ROCKFALL_0938,1,rockfall,75_38,2,75.50452230745985,38.92961544127546,"Kashgar (Xinjiang, China)",conventional_alphaearth_embeddings_no_road_distance,Conventional + AlphaEarth Embeddings (road-distance ablation),0.364734104344422,0.5999906073424354,0
1609,CPEC_ROCKFALL_0939,1,rockfall,75_38,2,75.50452230745985,38.9318628282064,"Kashgar (Xinjiang, China)",conventional_alphaearth_embeddings_no_road_distance,Conventional + AlphaEarth Embeddings (road-distance ablation),0.3914175838704406,0.5999906073424354,0
1610,CPEC_ROCKFALL_0941,1,rockfall,75_38,2,75.50452230745985,38.93635314296721,"Kashgar (Xinjiang, China)",conventional_alphaearth_embeddings_no_road_distance,Conventional + AlphaEarth Embeddings (road-distance ablation),0.5328629810842855,0.5999906073424354,0
1611,CPEC_ROCKFALL_0943,1,rockfall,75_38,2,75.50676969439078,38.93860052989815,"Kashgar (Xinjiang, China)",conventional_alphaearth_embeddings_no_road_distance,Conventional + AlphaEarth Embeddings (road-distance ablation),0.847018794085019,0.5999906073424354,1
1612,CPEC_ROCKFALL_0944,1,rockfall,75_38,2,75.50901262222067,38.93860052989815,"Kashgar (Xinjiang, China)",conventional_alphaearth_embeddings_no_road_distance,Conventional + AlphaEarth Embeddings (road-distance ablation),0.5091215748423761,0.5999906073424354,0
1613,CPEC_ROCKFALL_0945,1,rockfall,75_38,2,75.51350739608255,38.94084345772803,"Kashgar (Xinjiang, China)",conventional_alphaearth_embeddings_no_road_distance,Conventional + AlphaEarth Embeddings (road-distance ablation),0.7733069984103256,0.5999906073424354,1
1614,CPEC_ROCKFALL_0946,1,rockfall,75_38,2,75.51350739608255,38.94084345772803,"Kashgar (Xinjiang, China)",conventional_alphaearth_embeddings_no_road_distance,Conventional + AlphaEarth Embeddings (road-distance ablation),0.7733069984103256,0.5999906073424354,1
1615,CPEC_ROCKFALL_0947,1,rockfall,75_38,2,75.50901262222067,38.9453382315899,"Kashgar (Xinjiang, China)",conventional_alphaearth_embeddings_no_road_distance,Conventional + AlphaEarth Embeddings (road-distance ablation),0.7118618888237489,0.5999906073424354,1
1616,CPEC_ROCKFALL_0948,1,rockfall,75_38,2,75.50676969439078,38.94758115941979,"Kashgar (Xinjiang, China)",conventional_alphaearth_embeddings_no_road_distance,Conventional + AlphaEarth Embeddings (road-distance ablation),0.749111579698888,0.5999906073424354,1
1617,CPEC_ROCKFALL_0949,1,rockfall,75_38,2,75.50452230745985,38.94982854635072,"Kashgar (Xinjiang, China)",conventional_alphaearth_embeddings_no_road_distance,Conventional + AlphaEarth Embeddings (road-distance ablation),0.6009781665601377,0.5999906073424354,1
1618,CPEC_ROCKFALL_0950,1,rockfall,75_38,2,75.49778460576809,38.94758115941979,"Kashgar (Xinjiang, China)",conventional_alphaearth_embeddings_no_road_distance,Conventional + AlphaEarth Embeddings (road-distance ablation),0.630755737276474,0.5999906073424354,1
1619,CPEC_ROCKFALL_0951,1,rockfall,75_38,2,75.49553721883716,38.9453382315899,"Kashgar (Xinjiang, China)",conventional_alphaearth_embeddings_no_road_distance,Conventional + AlphaEarth Embeddings (road-distance ablation),0.2098670843267444,0.5999906073424354,0
1620,CPEC_ROCKFALL_0953,1,rockfall,75_38,2,75.49329429100727,38.9453382315899,"Kashgar (Xinjiang, China)",conventional_alphaearth_embeddings_no_road_distance,Conventional + AlphaEarth Embeddings (road-distance ablation),0.2766211398662697,0.5999906073424354,0
1621,CPEC_ROCKFALL_0954,1,rockfall,75_38,2,75.50901262222067,38.952071474180606,"Kashgar (Xinjiang, China)",conventional_alphaearth_embeddings_no_road_distance,Conventional + AlphaEarth Embeddings (road-distance ablation),0.8474651917026277,0.5999906073424354,1
1622,CPEC_ROCKFALL_0955,1,rockfall,75_38,2,75.50901262222067,38.95431886111155,"Kashgar (Xinjiang, China)",conventional_alphaearth_embeddings_no_road_distance,Conventional + AlphaEarth Embeddings (road-distance ablation),0.8220116028770756,0.5999906073424354,1
1623,CPEC_ROCKFALL_0956,1,rockfall,75_38,2,75.50901262222067,38.95431886111155,"Kashgar (Xinjiang, China)",conventional_alphaearth_embeddings_no_road_distance,Conventional + AlphaEarth Embeddings (road-distance ablation),0.8220116028770756,0.5999906073424354,1
1624,CPEC_ROCKFALL_0958,1,rockfall,75_38,2,75.51126000915161,38.95656624804248,"Kashgar (Xinjiang, China)",conventional_alphaearth_embeddings_no_road_distance,Conventional + AlphaEarth Embeddings (road-distance ablation),0.8660478176013408,0.5999906073424354,1
1625,CPEC_ROCKFALL_0959,1,rockfall,75_38,2,75.52024509777429,38.96554687756412,"Kashgar (Xinjiang, China)",conventional_alphaearth_embeddings_no_road_distance,Conventional + AlphaEarth Embeddings (road-distance ablation),0.4862056343250843,0.5999906073424354,0
1626,CPEC_ROCKFALL_0960,1,rockfall,75_38,2,75.54045374374851,38.98800736957033,"Kashgar (Xinjiang, China)",conventional_alphaearth_embeddings_no_road_distance,Conventional + AlphaEarth Embeddings (road-distance ablation),0.17369658557112697,0.5999906073424354,0
1627,CPEC_ROCKFALL_0961,1,rockfall,75_38,2,75.48655658931551,38.98126966787858,"Kashgar (Xinjiang, China)",conventional_alphaearth_embeddings_no_road_distance,Conventional + AlphaEarth Embeddings (road-distance ablation),0.9255356710859433,0.5999906073424354,1
1628,CPEC_ROCKFALL_0962,1,rockfall,75_38,2,75.48206627455471,38.97902228094764,"Kashgar (Xinjiang, China)",conventional_alphaearth_embeddings_no_road_distance,Conventional + AlphaEarth Embeddings (road-distance ablation),0.9533396673625,0.5999906073424354,1
1629,,0,non_landslide,63_27,3,63.32785886036884,27.25376255169905,Balochistan,conventional_alphaearth_embeddings_no_road_distance,Conventional + AlphaEarth Embeddings (road-distance ablation),0.06386683727579516,0.26207127863224877,0
1630,,0,non_landslide,63_27,3,63.97464700907011,27.15494887235469,Balochistan,conventional_alphaearth_embeddings_no_road_distance,Conventional + AlphaEarth Embeddings (road-distance ablation),0.1427819672738477,0.26207127863224877,0
1631,,0,non_landslide,63_27,3,63.103280694913096,27.368299021357867,Balochistan,conventional_alphaearth_embeddings_no_road_distance,Conventional + AlphaEarth Embeddings (road-distance ablation),0.05336960280747679,0.26207127863224877,0
1632,,0,non_landslide,63_27,3,63.541209009372,27.39300244119396,Balochistan,conventional_alphaearth_embeddings_no_road_distance,Conventional + AlphaEarth Embeddings (road-distance ablation),0.1859709500751978,0.26207127863224877,0
1633,,0,non_landslide,63_27,3,63.9274830972278,27.110032347443337,Balochistan,conventional_alphaearth_embeddings_no_road_distance,Conventional + AlphaEarth Embeddings (road-distance ablation),0.10112355471409366,0.26207127863224877,0
1634,,0,non_landslide,63_27,3,63.12349379998835,27.525504628997098,Balochistan,conventional_alphaearth_embeddings_no_road_distance,Conventional + AlphaEarth Embeddings (road-distance ablation),0.06765496119262537,0.26207127863224877,0
1635,,0,non_landslide,63_27,3,63.628794672263794,27.59062979988268,Balochistan,conventional_alphaearth_embeddings_no_road_distance,Conventional + AlphaEarth Embeddings (road-distance ablation),0.055067070687389315,0.26207127863224877,0
1636,,0,non_landslide,63_27,3,63.14594983289352,27.851143860728143,Balochistan,conventional_alphaearth_embeddings_no_road_distance,Conventional + AlphaEarth Embeddings (road-distance ablation),0.039649848041520594,0.26207127863224877,0
1637,,0,non_landslide,63_27,3,63.83765450650614,27.925254120236417,Balochistan,conventional_alphaearth_embeddings_no_road_distance,Conventional + AlphaEarth Embeddings (road-distance ablation),0.04085814135128849,0.26207127863224877,0
1638,,0,non_landslide,63_27,3,63.26946693207396,27.69169086615797,Balochistan,conventional_alphaearth_embeddings_no_road_distance,Conventional + AlphaEarth Embeddings (road-distance ablation),0.04382665473154872,0.26207127863224877,0
1639,,0,non_landslide,63_27,3,63.46709874986374,27.512029225613585,Balochistan,conventional_alphaearth_embeddings_no_road_distance,Conventional + AlphaEarth Embeddings (road-distance ablation),0.07111654953210547,0.26207127863224877,0
1640,,0,non_landslide,63_27,3,63.16391555103784,27.262747640321752,Balochistan,conventional_alphaearth_embeddings_no_road_distance,Conventional + AlphaEarth Embeddings (road-distance ablation),0.2155705404337347,0.26207127863224877,0
1641,,0,non_landslide,65_26,3,65.24127249970562,26.575533281469937,Balochistan,conventional_alphaearth_embeddings_no_road_distance,Conventional + AlphaEarth Embeddings (road-distance ablation),0.7015152381852023,0.26207127863224877,1
1642,,0,non_landslide,65_26,3,65.35580451026338,26.04328160242748,Balochistan,conventional_alphaearth_embeddings_no_road_distance,Conventional + AlphaEarth Embeddings (road-distance ablation),0.9354615641162559,0.26207127863224877,1
1643,,0,non_landslide,65_26,3,65.35805189719431,26.96181182842679,Balochistan,conventional_alphaearth_embeddings_no_road_distance,Conventional + AlphaEarth Embeddings (road-distance ablation),0.8771348157833457,0.26207127863224877,1
1644,,0,non_landslide,65_26,3,65.0346600523942,26.91689530351543,Balochistan,conventional_alphaearth_embeddings_no_road_distance,Conventional + AlphaEarth Embeddings (road-distance ablation),0.5224332223430173,0.26207127863224877,1
1645,,0,non_landslide,65_26,3,65.75780138843363,26.58676575702357,Balochistan,conventional_alphaearth_embeddings_no_road_distance,Conventional + AlphaEarth Embeddings (road-distance ablation),0.25533465718134374,0.26207127863224877,0
1646,,0,non_landslide,65_26,3,65.51076719007273,26.683332049436995,Balochistan,conventional_alphaearth_embeddings_no_road_distance,Conventional + AlphaEarth Embeddings (road-distance ablation),0.9282403950910073,0.26207127863224877,1
1647,,0,non_landslide,65_26,3,65.47932606854488,26.66985664605348,Balochistan,conventional_alphaearth_embeddings_no_road_distance,Conventional + AlphaEarth Embeddings (road-distance ablation),0.6349540493921975,0.26207127863224877,1
1648,,0,non_landslide,65_26,3,65.52873290821707,26.58227098316169,Balochistan,conventional_alphaearth_embeddings_no_road_distance,Conventional + AlphaEarth Embeddings (road-distance ablation),0.16694031907737988,0.26207127863224877,0
1649,,0,non_landslide,65_26,3,65.51076719007273,26.2341757185255,Balochistan,conventional_alphaearth_embeddings_no_road_distance,Conventional + AlphaEarth Embeddings (road-distance ablation),0.22902742301088871,0.26207127863224877,0
1650,,0,non_landslide,65_26,3,65.67470604030267,26.85401306045973,Balochistan,conventional_alphaearth_embeddings_no_road_distance,Conventional + AlphaEarth Embeddings (road-distance ablation),0.906061363707172,0.26207127863224877,1
1651,,0,non_landslide,65_26,3,65.0750818034437,26.750704607253507,Balochistan,conventional_alphaearth_embeddings_no_road_distance,Conventional + AlphaEarth Embeddings (road-distance ablation),0.1689711209028778,0.26207127863224877,0
1652,,0,non_landslide,65_26,3,65.94420073066978,26.96630214318761,Balochistan,conventional_alphaearth_embeddings_no_road_distance,Conventional + AlphaEarth Embeddings (road-distance ablation),0.35864427962514617,0.26207127863224877,1
1653,,0,non_landslide,65_26,3,65.07283441651276,26.800111446925683,Balochistan,conventional_alphaearth_embeddings_no_road_distance,Conventional + AlphaEarth Embeddings (road-distance ablation),0.26308474203220267,0.26207127863224877,1
1654,,0,non_landslide,65_26,3,65.97788923912856,26.77540802708959,Balochistan,conventional_alphaearth_embeddings_no_road_distance,Conventional + AlphaEarth Embeddings (road-distance ablation),0.3574078936086938,0.26207127863224877,1
1655,,0,non_landslide,66_28,3,66.2765776640926,28.515897727573748,Balochistan,conventional_alphaearth_embeddings_no_road_distance,Conventional + AlphaEarth Embeddings (road-distance ablation),0.06711634725220436,0.26207127863224877,0
1656,,0,non_landslide,66_28,3,66.67183684057107,28.50466525202012,Balochistan,conventional_alphaearth_embeddings_no_road_distance,Conventional + AlphaEarth Embeddings (road-distance ablation),0.197361491611456,0.26207127863224877,0
1657,,0,non_landslide,66_28,3,66.37090102867612,28.482209219114967,Balochistan,conventional_alphaearth_embeddings_no_road_distance,Conventional + AlphaEarth Embeddings (road-distance ablation),0.3059274824759874,0.26207127863224877,1
1658,,0,non_landslide,66_28,3,66.7773882216072,28.66187085965936,Balochistan,conventional_alphaearth_embeddings_no_road_distance,Conventional + AlphaEarth Embeddings (road-distance ablation),0.13067265442856085,0.26207127863224877,0
1659,,0,non_landslide,66_28,3,66.47196209495142,28.500174937259303,Balochistan,conventional_alphaearth_embeddings_no_road_distance,Conventional + AlphaEarth Embeddings (road-distance ablation),0.17388858882229405,0.26207127863224877,0
1660,,0,non_landslide,66_28,3,66.69654026040716,28.32949392623655,Balochistan,conventional_alphaearth_embeddings_no_road_distance,Conventional + AlphaEarth Embeddings (road-distance ablation),0.13520869888401751,0.26207127863224877,0
1661,,0,non_landslide,66_28,3,66.65836143718757,28.19699173843341,Balochistan,conventional_alphaearth_embeddings_no_road_distance,Conventional + AlphaEarth Embeddings (road-distance ablation),0.8847627764422556,0.26207127863224877,1
1662,,0,non_landslide,66_28,3,66.8402704646629,28.994247793082152,Balochistan,conventional_alphaearth_embeddings_no_road_distance,Conventional + AlphaEarth Embeddings (road-distance ablation),0.15227878622778696,0.26207127863224877,0
1663,,0,non_landslide,66_28,3,66.37539134343695,28.19025849584271,Balochistan,conventional_alphaearth_embeddings_no_road_distance,Conventional + AlphaEarth Embeddings (road-distance ablation),0.26996150088022425,0.26207127863224877,1
1664,,0,non_landslide,66_28,3,66.20920510627606,28.51140295371188,Balochistan,conventional_alphaearth_embeddings_no_road_distance,Conventional + AlphaEarth Embeddings (road-distance ablation),0.06297298496544676,0.26207127863224877,0
1665,,0,non_landslide,66_28,3,66.14857025015131,28.8954341137378,Balochistan,conventional_alphaearth_embeddings_no_road_distance,Conventional + AlphaEarth Embeddings (road-distance ablation),0.04894467265710011,0.26207127863224877,0
1666,,0,non_landslide,66_28,3,66.56179514477414,28.2149619156788,Balochistan,conventional_alphaearth_embeddings_no_road_distance,Conventional + AlphaEarth Embeddings (road-distance ablation),0.23737693534956772,0.26207127863224877,0
1667,,0,non_landslide,66_28,3,66.69878764733811,28.82132385422953,Balochistan,conventional_alphaearth_embeddings_no_road_distance,Conventional + AlphaEarth Embeddings (road-distance ablation),0.6109660335885896,0.26207127863224877,1
1668,,0,non_landslide,66_28,3,66.18450168643997,28.563057180315,Balochistan,conventional_alphaearth_embeddings_no_road_distance,Conventional + AlphaEarth Embeddings (road-distance ablation),0.057486287679575206,0.26207127863224877,0
1669,,0,non_landslide,66_28,3,66.21819019489875,28.71577247319341,Balochistan,conventional_alphaearth_embeddings_no_road_distance,Conventional + AlphaEarth Embeddings (road-distance ablation),0.06896927289095998,0.26207127863224877,0
1670,,0,non_landslide,66_28,3,66.90315270771858,28.83479925761304,Balochistan,conventional_alphaearth_embeddings_no_road_distance,Conventional + AlphaEarth Embeddings (road-distance ablation),0.34338960387498096,0.26207127863224877,1
1671,,0,non_landslide,66_28,3,66.71900075241338,28.27784415873449,Balochistan,conventional_alphaearth_embeddings_no_road_distance,Conventional + AlphaEarth Embeddings (road-distance ablation),0.4647414593116081,0.26207127863224877,1
1672,,0,non_landslide,66_28,3,66.58200379074836,28.89318672680687,Balochistan,conventional_alphaearth_embeddings_no_road_distance,Conventional + AlphaEarth Embeddings (road-distance ablation),0.16719512566777517,0.26207127863224877,0
1673,,0,non_landslide,66_28,3,66.50115582954832,28.45750579927888,Balochistan,conventional_alphaearth_embeddings_no_road_distance,Conventional + AlphaEarth Embeddings (road-distance ablation),0.5314140829911154,0.26207127863224877,1
1674,,0,non_landslide,66_28,3,66.30801878562043,28.066736937561195,Balochistan,conventional_alphaearth_embeddings_no_road_distance,Conventional + AlphaEarth Embeddings (road-distance ablation),0.4322670860661417,0.26207127863224877,1
1675,,0,non_landslide,66_28,3,66.16204565353482,28.493437235567544,Balochistan,conventional_alphaearth_embeddings_no_road_distance,Conventional + AlphaEarth Embeddings (road-distance ablation),0.2640687173110639,0.26207127863224877,1
1676,,0,non_landslide,66_28,3,66.81332411699691,28.79662043439344,Balochistan,conventional_alphaearth_embeddings_no_road_distance,Conventional + AlphaEarth Embeddings (road-distance ablation),0.8087589512991461,0.26207127863224877,1
1677,,0,non_landslide,66_28,3,66.03178639356156,28.3609350477644,Balochistan,conventional_alphaearth_embeddings_no_road_distance,Conventional + AlphaEarth Embeddings (road-distance ablation),0.07007605541561475,0.26207127863224877,0
1678,,0,non_landslide,66_28,3,66.52810663631536,28.293562489947885,Balochistan,conventional_alphaearth_embeddings_no_road_distance,Conventional + AlphaEarth Embeddings (road-distance ablation),0.5694598248635235,0.26207127863224877,1
1679,,0,non_landslide,66_28,3,66.66959391274119,28.63716743982327,Balochistan,conventional_alphaearth_embeddings_no_road_distance,Conventional + AlphaEarth Embeddings (road-distance ablation),0.13294525060850593,0.26207127863224877,0
1680,,0,non_landslide,66_28,3,66.08568800709561,28.459753186209813,Balochistan,conventional_alphaearth_embeddings_no_road_distance,Conventional + AlphaEarth Embeddings (road-distance ablation),0.06742431272492103,0.26207127863224877,0
1681,,0,non_landslide,66_28,3,66.36865810084623,28.07123171142308,Balochistan,conventional_alphaearth_embeddings_no_road_distance,Conventional + AlphaEarth Embeddings (road-distance ablation),0.14265638472208822,0.26207127863224877,0
1682,,0,non_landslide,66_28,3,66.34619760884003,28.911152444951192,Balochistan,conventional_alphaearth_embeddings_no_road_distance,Conventional + AlphaEarth Embeddings (road-distance ablation),0.04626788660785169,0.26207127863224877,0
1683,,0,non_landslide,66_28,3,66.5977265810628,28.971791760177,Balochistan,conventional_alphaearth_embeddings_no_road_distance,Conventional + AlphaEarth Embeddings (road-distance ablation),0.2797751115038914,0.26207127863224877,1
1684,,0,non_landslide,67_25,3,67.27595585129193,25.18090037689315,Punjab-Sindh lowland corridor,conventional_alphaearth_embeddings_no_road_distance,Conventional + AlphaEarth Embeddings (road-distance ablation),0.7068916251733905,0.26207127863224877,1
1685,,0,non_landslide,67_25,3,67.61282309947555,25.625566393043822,Punjab-Sindh lowland corridor,conventional_alphaearth_embeddings_no_road_distance,Conventional + AlphaEarth Embeddings (road-distance ablation),0.068690929181778,0.26207127863224877,0
1686,,0,non_landslide,67_25,3,67.0962897516465,25.340353371463326,Balochistan,conventional_alphaearth_embeddings_no_road_distance,Conventional + AlphaEarth Embeddings (road-distance ablation),0.20466931235153732,0.26207127863224877,0
1687,,0,non_landslide,67_25,3,67.66672025390855,25.18090037689315,Punjab-Sindh lowland corridor,conventional_alphaearth_embeddings_no_road_distance,Conventional + AlphaEarth Embeddings (road-distance ablation),0.06683015577836676,0.26207127863224877,0
1688,,0,non_landslide,67_25,3,67.7588006906622,25.42344426049323,Punjab-Sindh lowland corridor,conventional_alphaearth_embeddings_no_road_distance,Conventional + AlphaEarth Embeddings (road-distance ablation),0.12859571506384654,0.26207127863224877,0
1689,,0,non_landslide,67_25,3,67.3410810221775,25.356071702676715,Punjab-Sindh lowland corridor,conventional_alphaearth_embeddings_no_road_distance,Conventional + AlphaEarth Embeddings (road-distance ablation),0.7980509911101895,0.26207127863224877,1
1690,,0,non_landslide,67_25,3,67.24451472976408,25.60311036013867,Balochistan,conventional_alphaearth_embeddings_no_road_distance,Conventional + AlphaEarth Embeddings (road-distance ablation),0.3190852474497769,0.26207127863224877,1
1691,,0,non_landslide,67_25,3,67.8665949995282,25.11577074690652,Punjab-Sindh lowland corridor,conventional_alphaearth_embeddings_no_road_distance,Conventional + AlphaEarth Embeddings (road-distance ablation),0.08582996282742521,0.26207127863224877,0
1692,,0,non_landslide,67_25,3,67.21981130992799,25.70416696731292,Balochistan,conventional_alphaearth_embeddings_no_road_distance,Conventional + AlphaEarth Embeddings (road-distance ablation),0.1268849934377731,0.26207127863224877,0
1693,,0,non_landslide,67_25,3,67.43091407200022,25.0955621009323,Punjab-Sindh lowland corridor,conventional_alphaearth_embeddings_no_road_distance,Conventional + AlphaEarth Embeddings (road-distance ablation),0.11411699789160507,0.26207127863224877,0
1694,,0,non_landslide,67_25,3,67.59710030916109,25.360562017437537,Punjab-Sindh lowland corridor,conventional_alphaearth_embeddings_no_road_distance,Conventional + AlphaEarth Embeddings (road-distance ablation),0.06200449976748957,0.26207127863224877,0
1695,,0,non_landslide,67_25,3,67.4017203374033,25.88383306695836,Balochistan,conventional_alphaearth_embeddings_no_road_distance,Conventional + AlphaEarth Embeddings (road-distance ablation),0.1408942774811672,0.26207127863224877,0
1696,,0,non_landslide,67_30,3,67.11650285672175,30.862744907507583,Balochistan,conventional_alphaearth_embeddings_no_road_distance,Conventional + AlphaEarth Embeddings (road-distance ablation),0.08355917186110903,0.26207127863224877,0
1697,,0,non_landslide,67_30,3,67.90253089491793,30.57977481375696,Balochistan,conventional_alphaearth_embeddings_no_road_distance,Conventional + AlphaEarth Embeddings (road-distance ablation),0.05647936502211244,0.26207127863224877,0
1698,,0,non_landslide,67_30,3,67.66896764083948,30.543843377468296,Balochistan,conventional_alphaearth_embeddings_no_road_distance,Conventional + AlphaEarth Embeddings (road-distance ablation),0.09994343800931697,0.26207127863224877,0
1699,,0,non_landslide,67_30,3,67.10976515502999,30.4585006424064,Balochistan,conventional_alphaearth_embeddings_no_road_distance,Conventional + AlphaEarth Embeddings (road-distance ablation),0.1006309106840088,0.26207127863224877,0
1700,,0,non_landslide,67_30,3,67.70040876236733,30.975033990235463,Balochistan,conventional_alphaearth_embeddings_no_road_distance,Conventional + AlphaEarth Embeddings (road-distance ablation),0.14724793377185358,0.26207127863224877,0
1701,,0,non_landslide,67_30,3,67.1075222272001,30.519139957632213,Balochistan,conventional_alphaearth_embeddings_no_road_distance,Conventional + AlphaEarth Embeddings (road-distance ablation),0.08694552102766331,0.26207127863224877,0
1702,,0,non_landslide,67_30,3,67.12997826010526,30.222694460498065,Balochistan,conventional_alphaearth_embeddings_no_road_distance,Conventional + AlphaEarth Embeddings (road-distance ablation),0.12049908347530873,0.26207127863224877,0
1703,,0,non_landslide,67_30,3,67.40396326523319,30.78413987413744,Balochistan,conventional_alphaearth_embeddings_no_road_distance,Conventional + AlphaEarth Embeddings (road-distance ablation),0.16013749880602857,0.26207127863224877,0
1704,,0,non_landslide,67_30,3,67.54545054165904,30.290067018314584,Balochistan,conventional_alphaearth_embeddings_no_road_distance,Conventional + AlphaEarth Embeddings (road-distance ablation),0.0977755266087805,0.26207127863224877,0
1705,,0,non_landslide,67_30,3,67.67570534253124,30.328245841534187,Balochistan,conventional_alphaearth_embeddings_no_road_distance,Conventional + AlphaEarth Embeddings (road-distance ablation),0.1238188735676826,0.26207127863224877,0
1706,,0,non_landslide,67_30,3,67.56565918763324,30.54159599053735,Balochistan,conventional_alphaearth_embeddings_no_road_distance,Conventional + AlphaEarth Embeddings (road-distance ablation),0.17151610858059774,0.26207127863224877,0
1707,,0,non_landslide,67_30,3,67.81718815985603,30.93011746532411,Balochistan,conventional_alphaearth_embeddings_no_road_distance,Conventional + AlphaEarth Embeddings (road-distance ablation),0.4241079392859794,0.26207127863224877,1
1708,,0,non_landslide,67_30,3,67.40621065216413,30.804352979212705,Balochistan,conventional_alphaearth_embeddings_no_road_distance,Conventional + AlphaEarth Embeddings (road-distance ablation),0.33109528665123156,0.26207127863224877,1
1709,,0,non_landslide,67_30,3,67.39722556354144,30.46523834409816,Balochistan,conventional_alphaearth_embeddings_no_road_distance,Conventional + AlphaEarth Embeddings (road-distance ablation),0.0700140904635558,0.26207127863224877,0
1710,,0,non_landslide,67_30,3,67.07832403350214,30.84028441550138,Balochistan,conventional_alphaearth_embeddings_no_road_distance,Conventional + AlphaEarth Embeddings (road-distance ablation),0.08274943357764712,0.26207127863224877,0
1711,,0,non_landslide,67_30,3,67.61282309947555,30.57528449899614,Balochistan,conventional_alphaearth_embeddings_no_road_distance,Conventional + AlphaEarth Embeddings (road-distance ablation),0.10157795685530828,0.26207127863224877,0
1712,,0,non_landslide,67_30,3,67.18163248670838,30.274348687101185,Balochistan,conventional_alphaearth_embeddings_no_road_distance,Conventional + AlphaEarth Embeddings (road-distance ablation),0.5383689982217273,0.26207127863224877,1
1713,,0,non_landslide,67_30,3,67.02666980689904,30.772911857684868,Balochistan,conventional_alphaearth_embeddings_no_road_distance,Conventional + AlphaEarth Embeddings (road-distance ablation),0.07140320331910896,0.26207127863224877,0
1714,,0,non_landslide,67_30,3,67.54095576779716,30.615706250045623,Balochistan,conventional_alphaearth_embeddings_no_road_distance,Conventional + AlphaEarth Embeddings (road-distance ablation),0.270925902311143,0.26207127863224877,1
1715,,0,non_landslide,67_30,3,67.54320315472809,30.476470819651787,Balochistan,conventional_alphaearth_embeddings_no_road_distance,Conventional + AlphaEarth Embeddings (road-distance ablation),0.057117853421567215,0.26207127863224877,0
1716,,0,non_landslide,67_30,3,67.72511218220342,30.864992294438515,Balochistan,conventional_alphaearth_embeddings_no_road_distance,Conventional + AlphaEarth Embeddings (road-distance ablation),0.10035341791432681,0.26207127863224877,0
1717,,0,non_landslide,67_30,3,67.7071464640591,30.74596551001889,Balochistan,conventional_alphaearth_embeddings_no_road_distance,Conventional + AlphaEarth Embeddings (road-distance ablation),0.08944692545679778,0.26207127863224877,0
1718,,0,non_landslide,67_30,3,67.74083051341681,30.98177169192721,Balochistan,conventional_alphaearth_embeddings_no_road_distance,Conventional + AlphaEarth Embeddings (road-distance ablation),0.18042246895518804,0.26207127863224877,0
1719,,0,non_landslide,67_30,3,67.99460687257053,30.665113089717806,Balochistan,conventional_alphaearth_embeddings_no_road_distance,Conventional + AlphaEarth Embeddings (road-distance ablation),0.09309556729502347,0.26207127863224877,0
1720,,0,non_landslide,67_30,3,67.04463998414442,30.19350072590116,Balochistan,conventional_alphaearth_embeddings_no_road_distance,Conventional + AlphaEarth Embeddings (road-distance ablation),0.07315003259599565,0.26207127863224877,0
1721,,0,non_landslide,67_30,3,67.65324485052503,30.68982096865495,Balochistan,conventional_alphaearth_embeddings_no_road_distance,Conventional + AlphaEarth Embeddings (road-distance ablation),0.13735177231729478,0.26207127863224877,0
1722,,0,non_landslide,67_30,3,67.81943554678696,30.727995332773503,Balochistan,conventional_alphaearth_embeddings_no_road_distance,Conventional + AlphaEarth Embeddings (road-distance ablation),0.13955885809162133,0.26207127863224877,0
1723,,0,non_landslide,67_30,3,67.52074712182294,30.71676731632092,Balochistan,conventional_alphaearth_embeddings_no_road_distance,Conventional + AlphaEarth Embeddings (road-distance ablation),0.06853665677326377,0.26207127863224877,0
1724,,0,non_landslide,67_30,3,67.6442642210034,30.393375471520816,Balochistan,conventional_alphaearth_embeddings_no_road_distance,Conventional + AlphaEarth Embeddings (road-distance ablation),0.0670007555333366,0.26207127863224877,0
1725,,0,non_landslide,67_30,3,67.55892594504255,30.519139957632213,Balochistan,conventional_alphaearth_embeddings_no_road_distance,Conventional + AlphaEarth Embeddings (road-distance ablation),0.17495198632206832,0.26207127863224877,0
1726,,0,non_landslide,67_30,3,67.93621494427565,30.48320406224249,Balochistan,conventional_alphaearth_embeddings_no_road_distance,Conventional + AlphaEarth Embeddings (road-distance ablation),0.10807343095616462,0.26207127863224877,0
1727,,0,non_landslide,67_30,3,67.52523743658377,30.40909380273421,Balochistan,conventional_alphaearth_embeddings_no_road_distance,Conventional + AlphaEarth Embeddings (road-distance ablation),0.335342835831351,0.26207127863224877,1
1728,,0,non_landslide,67_30,3,67.44887979014456,30.91664206194058,Balochistan,conventional_alphaearth_embeddings_no_road_distance,Conventional + AlphaEarth Embeddings (road-distance ablation),0.27070457059570835,0.26207127863224877,1
1729,,0,non_landslide,68_27,3,68.42130717057687,27.9207638054756,Punjab-Sindh lowland corridor,conventional_alphaearth_embeddings_no_road_distance,Conventional + AlphaEarth Embeddings (road-distance ablation),0.03886905708764833,0.26207127863224877,0
1730,,0,non_landslide,68_27,3,68.07545483377055,27.48956873360738,Punjab-Sindh lowland corridor,conventional_alphaearth_embeddings_no_road_distance,Conventional + AlphaEarth Embeddings (road-distance ablation),0.03941847540977593,0.26207127863224877,0
1731,,0,non_landslide,68_27,3,68.76491212045225,27.718641672925003,Punjab-Sindh lowland corridor,conventional_alphaearth_embeddings_no_road_distance,Conventional + AlphaEarth Embeddings (road-distance ablation),0.04018820984476244,0.26207127863224877,0
1732,,0,non_landslide,68_27,3,68.68181677232128,27.455884684249646,Punjab-Sindh lowland corridor,conventional_alphaearth_embeddings_no_road_distance,Conventional + AlphaEarth Embeddings (road-distance ablation),0.04361206892987971,0.26207127863224877,0
1733,,0,non_landslide,68_27,3,68.34719691106861,27.990379291122,Punjab-Sindh lowland corridor,conventional_alphaearth_embeddings_no_road_distance,Conventional + AlphaEarth Embeddings (road-distance ablation),0.04058127546425598,0.26207127863224877,0
1734,,0,non_landslide,68_27,3,68.11138627005923,27.02019929762061,Punjab-Sindh lowland corridor,conventional_alphaearth_embeddings_no_road_distance,Conventional + AlphaEarth Embeddings (road-distance ablation),0.04384391039540564,0.26207127863224877,0
1735,,0,non_landslide,68_27,3,68.33821182244591,27.41096815933829,Punjab-Sindh lowland corridor,conventional_alphaearth_embeddings_no_road_distance,Conventional + AlphaEarth Embeddings (road-distance ablation),0.038857566007551976,0.26207127863224877,0
1736,,0,non_landslide,68_27,3,68.03053830885919,27.083081540676307,Punjab-Sindh lowland corridor,conventional_alphaearth_embeddings_no_road_distance,Conventional + AlphaEarth Embeddings (road-distance ablation),0.04275980114883199,0.26207127863224877,0
1737,,0,non_landslide,68_27,3,68.32473641906239,27.898303313469388,Punjab-Sindh lowland corridor,conventional_alphaearth_embeddings_no_road_distance,Conventional + AlphaEarth Embeddings (road-distance ablation),0.05084491567396397,0.26207127863224877,0
1738,,0,non_landslide,68_27,3,68.34943983889849,27.229059131862968,Punjab-Sindh lowland corridor,conventional_alphaearth_embeddings_no_road_distance,Conventional + AlphaEarth Embeddings (road-distance ablation),0.038806178025053664,0.26207127863224877,0
1739,,0,non_landslide,68_27,3,68.06422681731797,27.77029589952812,Punjab-Sindh lowland corridor,conventional_alphaearth_embeddings_no_road_distance,Conventional + AlphaEarth Embeddings (road-distance ablation),0.03899169716723226,0.26207127863224877,0
1740,,0,non_landslide,68_27,3,68.47296139717999,27.345838529351663,Punjab-Sindh lowland corridor,conventional_alphaearth_embeddings_no_road_distance,Conventional + AlphaEarth Embeddings (road-distance ablation),0.040871887004423686,0.26207127863224877,0
1741,,0,non_landslide,69_29,3,69.26572267796686,29.005475809534737,Balochistan,conventional_alphaearth_embeddings_no_road_distance,Conventional + AlphaEarth Embeddings (road-distance ablation),0.05286124310549689,0.26207127863224877,0
1742,,0,non_landslide,69_29,3,69.71038869411754,29.92849635029487,Balochistan,conventional_alphaearth_embeddings_no_road_distance,Conventional + AlphaEarth Embeddings (road-distance ablation),0.5261424471744122,0.26207127863224877,1
1743,,0,non_landslide,69_29,3,69.31961983239987,29.829682670950508,Balochistan,conventional_alphaearth_embeddings_no_road_distance,Conventional + AlphaEarth Embeddings (road-distance ablation),0.427939747042882,0.26207127863224877,1
1744,,0,non_landslide,69_29,3,69.58013389324533,29.87459919586187,Balochistan,conventional_alphaearth_embeddings_no_road_distance,Conventional + AlphaEarth Embeddings (road-distance ablation),0.06677308308950507,0.26207127863224877,0
1745,,0,non_landslide,69_29,3,69.13097756233384,29.618579908878285,Balochistan,conventional_alphaearth_embeddings_no_road_distance,Conventional + AlphaEarth Embeddings (road-distance ablation),0.14200064514649147,0.26207127863224877,0
1746,,0,non_landslide,69_29,3,69.26572267796686,29.26598987038021,Balochistan,conventional_alphaearth_embeddings_no_road_distance,Conventional + AlphaEarth Embeddings (road-distance ablation),0.3142873765355286,0.26207127863224877,1
1747,,0,non_landslide,69_29,3,69.60258992615049,29.043654632754333,Punjab-Sindh lowland corridor,conventional_alphaearth_embeddings_no_road_distance,Conventional + AlphaEarth Embeddings (road-distance ablation),0.39513750652134666,0.26207127863224877,1
1748,,0,non_landslide,69_29,3,69.5239893518814,29.67472445024221,Balochistan,conventional_alphaearth_embeddings_no_road_distance,Conventional + AlphaEarth Embeddings (road-distance ablation),0.07546046948466978,0.26207127863224877,0
1749,,0,non_landslide,69_29,3,69.09953644080599,29.2278110471606,Balochistan,conventional_alphaearth_embeddings_no_road_distance,Conventional + AlphaEarth Embeddings (road-distance ablation),0.4970772393309931,0.26207127863224877,1
1750,,0,non_landslide,69_29,3,69.17364670031426,29.360313234963748,Balochistan,conventional_alphaearth_embeddings_no_road_distance,Conventional + AlphaEarth Embeddings (road-distance ablation),0.8568172865846104,0.26207127863224877,1
1751,,0,non_landslide,69_29,3,69.04114451251111,29.557940593652475,Balochistan,conventional_alphaearth_embeddings_no_road_distance,Conventional + AlphaEarth Embeddings (road-distance ablation),0.9637156959400142,0.26207127863224877,1
1752,,0,non_landslide,69_29,3,69.68793266121239,29.05263972137703,Punjab-Sindh lowland corridor,conventional_alphaearth_embeddings_no_road_distance,Conventional + AlphaEarth Embeddings (road-distance ablation),0.4362218910306625,0.26207127863224877,1
1753,,0,non_landslide,69_29,3,69.35330834085865,29.903792930458785,Balochistan,conventional_alphaearth_embeddings_no_road_distance,Conventional + AlphaEarth Embeddings (road-distance ablation),0.873610696182919,0.26207127863224877,1
1754,,0,non_landslide,69_29,3,69.22754385474725,29.37154125141632,Balochistan,conventional_alphaearth_embeddings_no_road_distance,Conventional + AlphaEarth Embeddings (road-distance ablation),0.9684481819291386,0.26207127863224877,1
1755,,0,non_landslide,69_29,3,69.45661679406489,29.76904781482576,Balochistan,conventional_alphaearth_embeddings_no_road_distance,Conventional + AlphaEarth Embeddings (road-distance ablation),0.043490381729599195,0.26207127863224877,0
1756,,0,non_landslide,70_31,3,70.56827960489105,31.17715612278606,Punjab-Sindh lowland corridor,conventional_alphaearth_embeddings_no_road_distance,Conventional + AlphaEarth Embeddings (road-distance ablation),0.055726110920675205,0.26207127863224877,0
1757,,0,non_landslide,70_31,3,70.45599052216318,31.17490873585511,Punjab-Sindh lowland corridor,conventional_alphaearth_embeddings_no_road_distance,Conventional + AlphaEarth Embeddings (road-distance ablation),0.04718385134166106,0.26207127863224877,0
1758,,0,non_landslide,70_31,3,70.0495033292321,31.06037226619631,Balochistan,conventional_alphaearth_embeddings_no_road_distance,Conventional + AlphaEarth Embeddings (road-distance ablation),0.15681683985510417,0.26207127863224877,0
1759,,0,non_landslide,70_31,3,70.9612913944386,31.460126216536683,Punjab-Sindh lowland corridor,conventional_alphaearth_embeddings_no_road_distance,Conventional + AlphaEarth Embeddings (road-distance ablation),0.04608041754126228,0.26207127863224877,0
1760,,0,non_landslide,70_31,3,70.35043914112705,31.668981591677976,KP-AJK,conventional_alphaearth_embeddings_no_road_distance,Conventional + AlphaEarth Embeddings (road-distance ablation),0.0442805637321555,0.26207127863224877,0
1761,,0,non_landslide,70_31,3,70.69629147793337,31.84415291746154,KP-AJK,conventional_alphaearth_embeddings_no_road_distance,Conventional + AlphaEarth Embeddings (road-distance ablation),0.040193419363707544,0.26207127863224877,0
1762,,0,non_landslide,70_31,3,70.88942852186128,31.646525558772822,Punjab-Sindh lowland corridor,conventional_alphaearth_embeddings_no_road_distance,Conventional + AlphaEarth Embeddings (road-distance ablation),0.0416637748038254,0.26207127863224877,0
1763,,0,non_landslide,70_31,3,70.56378929013023,31.39948690131085,KP-AJK,conventional_alphaearth_embeddings_no_road_distance,Conventional + AlphaEarth Embeddings (road-distance ablation),0.04862585336978848,0.26207127863224877,0
1764,,0,non_landslide,70_31,3,70.70976688131688,31.695932398445,KP-AJK,conventional_alphaearth_embeddings_no_road_distance,Conventional + AlphaEarth Embeddings (road-distance ablation),0.039827078203001166,0.26207127863224877,0
1765,,0,non_landslide,70_31,3,70.6289144610158,31.731863834733662,KP-AJK,conventional_alphaearth_embeddings_no_road_distance,Conventional + AlphaEarth Embeddings (road-distance ablation),0.039779846322414596,0.26207127863224877,0
1766,,0,non_landslide,71_28,3,71.8910496368905,28.545091462170657,Punjab-Sindh lowland corridor,conventional_alphaearth_embeddings_no_road_distance,Conventional + AlphaEarth Embeddings (road-distance ablation),0.04099867577128796,0.26207127863224877,0
1767,,0,non_landslide,71_28,3,71.25998427850368,28.79662043439344,Punjab-Sindh lowland corridor,conventional_alphaearth_embeddings_no_road_distance,Conventional + AlphaEarth Embeddings (road-distance ablation),0.04443878856051204,0.26207127863224877,0
1768,,0,non_landslide,71_28,3,71.93596616180186,28.93586032388833,Punjab-Sindh lowland corridor,conventional_alphaearth_embeddings_no_road_distance,Conventional + AlphaEarth Embeddings (road-distance ablation),0.040162213979480645,0.26207127863224877,0
1769,,0,non_landslide,71_28,3,71.29142540003153,28.825814168990338,Punjab-Sindh lowland corridor,conventional_alphaearth_embeddings_no_road_distance,Conventional + AlphaEarth Embeddings (road-distance ablation),0.03983591768102528,0.26207127863224877,0
1770,,0,non_landslide,71_28,3,71.5833761233038,28.21945223043961,Punjab-Sindh lowland corridor,conventional_alphaearth_embeddings_no_road_distance,Conventional + AlphaEarth Embeddings (road-distance ablation),0.039673023630182026,0.26207127863224877,0
1771,,0,non_landslide,71_28,3,71.30714373124492,28.518140655403634,Punjab-Sindh lowland corridor,conventional_alphaearth_embeddings_no_road_distance,Conventional + AlphaEarth Embeddings (road-distance ablation),0.039116552775152476,0.26207127863224877,0
1772,,0,non_landslide,71_28,3,71.02193070966442,28.56754749507582,Punjab-Sindh lowland corridor,conventional_alphaearth_embeddings_no_road_distance,Conventional + AlphaEarth Embeddings (road-distance ablation),0.04037837480376631,0.26207127863224877,0
1773,,0,non_landslide,71_28,3,71.77202285247087,28.83479925761304,Punjab-Sindh lowland corridor,conventional_alphaearth_embeddings_no_road_distance,Conventional + AlphaEarth Embeddings (road-distance ablation),0.04920831707701072,0.26207127863224877,0
1774,,0,non_landslide,71_28,3,71.67769948788732,28.49792755032836,Punjab-Sindh lowland corridor,conventional_alphaearth_embeddings_no_road_distance,Conventional + AlphaEarth Embeddings (road-distance ablation),0.0452580843939633,0.26207127863224877,0
1775,,0,non_landslide,71_28,3,71.2554895046418,28.446277782826304,Punjab-Sindh lowland corridor,conventional_alphaearth_embeddings_no_road_distance,Conventional + AlphaEarth Embeddings (road-distance ablation),0.03966147014174776,0.26207127863224877,0
1776,,0,non_landslide,71_28,3,71.2173106814222,28.718015401023287,Punjab-Sindh lowland corridor,conventional_alphaearth_embeddings_no_road_distance,Conventional + AlphaEarth Embeddings (road-distance ablation),0.04042890227469922,0.26207127863224877,0
1777,,0,non_landslide,71_28,3,71.25998427850368,28.95606896986256,Punjab-Sindh lowland corridor,conventional_alphaearth_embeddings_no_road_distance,Conventional + AlphaEarth Embeddings (road-distance ablation),0.038693710416723884,0.26207127863224877,0
1778,,0,non_landslide,71_28,3,71.89553995165132,28.17902602028908,Punjab-Sindh lowland corridor,conventional_alphaearth_embeddings_no_road_distance,Conventional + AlphaEarth Embeddings (road-distance ablation),0.04197074459644471,0.26207127863224877,0
1779,,0,non_landslide,71_28,3,71.4800721291986,28.399113870984003,Punjab-Sindh lowland corridor,conventional_alphaearth_embeddings_no_road_distance,Conventional + AlphaEarth Embeddings (road-distance ablation),0.04502337437447248,0.26207127863224877,0
1780,,0,non_landslide,71_33,3,71.09828389700257,33.4072239052312,KP-AJK,conventional_alphaearth_embeddings_no_road_distance,Conventional + AlphaEarth Embeddings (road-distance ablation),0.0948902429173775,0.26207127863224877,0
1781,,0,non_landslide,71_33,3,71.34756994139546,33.95295098765717,KP-AJK,conventional_alphaearth_embeddings_no_road_distance,Conventional + AlphaEarth Embeddings (road-distance ablation),0.9315655837716142,0.26207127863224877,1
1782,,0,non_landslide,71_33,3,71.60358922837905,33.458873672733255,KP-AJK,conventional_alphaearth_embeddings_no_road_distance,Conventional + AlphaEarth Embeddings (road-distance ablation),0.08112291991339984,0.26207127863224877,0
1783,,0,non_landslide,71_33,3,71.49354307348106,33.60709865085086,KP-AJK,conventional_alphaearth_embeddings_no_road_distance,Conventional + AlphaEarth Embeddings (road-distance ablation),0.21151866608544823,0.26207127863224877,0
1784,,0,non_landslide,71_33,3,71.75405713432653,33.647520401900344,KP-AJK,conventional_alphaearth_embeddings_no_road_distance,Conventional + AlphaEarth Embeddings (road-distance ablation),0.2536046164713443,0.26207127863224877,0
1785,,0,non_landslide,71_33,3,71.10502159869432,33.16917033639193,KP-AJK,conventional_alphaearth_embeddings_no_road_distance,Conventional + AlphaEarth Embeddings (road-distance ablation),0.6911109892703093,0.26207127863224877,1
1786,,0,non_landslide,71_33,3,71.07807525102837,33.92150986612932,KP-AJK,conventional_alphaearth_embeddings_no_road_distance,Conventional + AlphaEarth Embeddings (road-distance ablation),0.31698186461483147,0.26207127863224877,1
1787,,0,non_landslide,71_33,3,71.79672627230696,33.463368446595126,KP-AJK,conventional_alphaearth_embeddings_no_road_distance,Conventional + AlphaEarth Embeddings (road-distance ablation),0.09350853442804896,0.26207127863224877,0
1788,,0,non_landslide,71_33,3,71.79223595754614,33.66548612004467,KP-AJK,conventional_alphaearth_embeddings_no_road_distance,Conventional + AlphaEarth Embeddings (road-distance ablation),0.8291963994748511,0.26207127863224877,1
1789,,0,non_landslide,71_33,3,71.6125698579007,33.92150986612933,KP-AJK,conventional_alphaearth_embeddings_no_road_distance,Conventional + AlphaEarth Embeddings (road-distance ablation),0.044694229719952495,0.26207127863224877,0
1790,,0,non_landslide,72_30,3,72.02355182469364,30.55058107916005,Punjab-Sindh lowland corridor,conventional_alphaearth_embeddings_no_road_distance,Conventional + AlphaEarth Embeddings (road-distance ablation),0.038300156993596554,0.26207127863224877,0
1791,,0,non_landslide,72_30,3,72.95555299497542,30.393375471520816,Punjab-Sindh lowland corridor,conventional_alphaearth_embeddings_no_road_distance,Conventional + AlphaEarth Embeddings (road-distance ablation),0.03860180131673668,0.26207127863224877,0
1792,,0,non_landslide,72_30,3,72.50863959189381,30.647147371573485,Punjab-Sindh lowland corridor,conventional_alphaearth_embeddings_no_road_distance,Conventional + AlphaEarth Embeddings (road-distance ablation),0.04273915862973983,0.26207127863224877,0
1793,,0,non_landslide,72_30,3,72.60072002864746,30.56180909561264,Punjab-Sindh lowland corridor,conventional_alphaearth_embeddings_no_road_distance,Conventional + AlphaEarth Embeddings (road-distance ablation),0.03970172756357293,0.26207127863224877,0
1794,,0,non_landslide,72_30,3,72.38287510578242,30.373162366445545,Punjab-Sindh lowland corridor,conventional_alphaearth_embeddings_no_road_distance,Conventional + AlphaEarth Embeddings (road-distance ablation),0.038132771973722265,0.26207127863224877,0
1795,,0,non_landslide,72_30,3,72.66360227170316,30.83355117291068,Punjab-Sindh lowland corridor,conventional_alphaearth_embeddings_no_road_distance,Conventional + AlphaEarth Embeddings (road-distance ablation),0.038450329266198874,0.26207127863224877,0
1796,,0,non_landslide,72_30,3,72.65686457001141,30.61795363697656,Punjab-Sindh lowland corridor,conventional_alphaearth_embeddings_no_road_distance,Conventional + AlphaEarth Embeddings (road-distance ablation),0.03931630873859246,0.26207127863224877,0
1797,,0,non_landslide,72_30,3,72.93533988990015,30.74596551001889,Punjab-Sindh lowland corridor,conventional_alphaearth_embeddings_no_road_distance,Conventional + AlphaEarth Embeddings (road-distance ablation),0.04028991398982327,0.26207127863224877,0
1798,,0,non_landslide,72_30,3,72.09541469727098,30.85151689105501,Punjab-Sindh lowland corridor,conventional_alphaearth_embeddings_no_road_distance,Conventional + AlphaEarth Embeddings (road-distance ablation),0.04333947163126996,0.26207127863224877,0
1799,,0,non_landslide,72_30,3,72.51313436575568,30.772911857684868,Punjab-Sindh lowland corridor,conventional_alphaearth_embeddings_no_road_distance,Conventional + AlphaEarth Embeddings (road-distance ablation),0.038411516993580745,0.26207127863224877,0
1800,,0,non_landslide,72_30,3,72.84775422700837,30.222694460498065,Punjab-Sindh lowland corridor,conventional_alphaearth_embeddings_no_road_distance,Conventional + AlphaEarth Embeddings (road-distance ablation),0.038649568191358084,0.26207127863224877,0
1801,,0,non_landslide,72_30,3,72.94881529328366,30.12837109591453,Punjab-Sindh lowland corridor,conventional_alphaearth_embeddings_no_road_distance,Conventional + AlphaEarth Embeddings (road-distance ablation),0.04181793525114493,0.26207127863224877,0
1802,,0,non_landslide,72_30,3,72.28855174119887,30.027310029639228,Punjab-Sindh lowland corridor,conventional_alphaearth_embeddings_no_road_distance,Conventional + AlphaEarth Embeddings (road-distance ablation),0.03844872921701298,0.26207127863224877,0
1803,,0,non_landslide,72_30,3,72.86347701732282,30.301299493868207,Punjab-Sindh lowland corridor,conventional_alphaearth_embeddings_no_road_distance,Conventional + AlphaEarth Embeddings (road-distance ablation),0.03834728504935184,0.26207127863224877,0
1804,,0,non_landslide,72_30,3,72.7017766358217,30.025067101809352,Punjab-Sindh lowland corridor,conventional_alphaearth_embeddings_no_road_distance,Conventional + AlphaEarth Embeddings (road-distance ablation),0.038239129139971274,0.26207127863224877,0
1805,,0,non_landslide,72_35,3,72.61194804510004,35.60135579228661,KP-AJK,conventional_alphaearth_embeddings_no_road_distance,Conventional + AlphaEarth Embeddings (road-distance ablation),0.04061296522009072,0.26207127863224877,0
1806,,0,non_landslide,72_35,3,72.62766637631344,35.31614277070611,KP-AJK,conventional_alphaearth_embeddings_no_road_distance,Conventional + AlphaEarth Embeddings (road-distance ablation),0.11056649801011931,0.26207127863224877,0
1807,,0,non_landslide,72_35,3,72.64787948138871,35.07359888710602,KP-AJK,conventional_alphaearth_embeddings_no_road_distance,Conventional + AlphaEarth Embeddings (road-distance ablation),0.04527902015240627,0.26207127863224877,0
1808,,0,non_landslide,72_35,3,72.5468184151134,35.47334837834533,KP-AJK,conventional_alphaearth_embeddings_no_road_distance,Conventional + AlphaEarth Embeddings (road-distance ablation),0.07872193039713145,0.26207127863224877,0
1809,,0,non_landslide,72_35,3,72.89940845361149,35.230804494745264,KP-AJK,conventional_alphaearth_embeddings_no_road_distance,Conventional + AlphaEarth Embeddings (road-distance ablation),0.043925890244826224,0.26207127863224877,0
1810,,0,non_landslide,72_35,3,72.51313436575568,35.64627231719797,KP-AJK,conventional_alphaearth_embeddings_no_road_distance,Conventional + AlphaEarth Embeddings (road-distance ablation),0.18862994036148623,0.26207127863224877,0
1811,,0,non_landslide,72_35,3,72.12461289096893,35.9045389911125,KP-AJK,conventional_alphaearth_embeddings_no_road_distance,Conventional + AlphaEarth Embeddings (road-distance ablation),0.08539555072827294,0.26207127863224877,0
1812,,0,non_landslide,72_35,3,72.05723587405137,35.96293091940737,KP-AJK,conventional_alphaearth_embeddings_no_road_distance,Conventional + AlphaEarth Embeddings (road-distance ablation),0.570567047061173,0.26207127863224877,1
1813,,0,non_landslide,72_35,3,72.99373181819502,35.94047042740116,Gilgit-Baltistan,conventional_alphaearth_embeddings_no_road_distance,Conventional + AlphaEarth Embeddings (road-distance ablation),0.05699568655608628,0.26207127863224877,0
1814,,0,non_landslide,72_35,3,72.1133804154153,35.877588184345484,KP-AJK,conventional_alphaearth_embeddings_no_road_distance,Conventional + AlphaEarth Embeddings (road-distance ablation),0.2803223483304483,0.26207127863224877,1
1815,,0,non_landslide,72_35,3,72.75343086242482,35.401481046666945,KP-AJK,conventional_alphaearth_embeddings_no_road_distance,Conventional + AlphaEarth Embeddings (road-distance ablation),0.039684763882150226,0.26207127863224877,0
1816,,0,non_landslide,72_35,3,72.6097006581691,35.51826490325671,KP-AJK,conventional_alphaearth_embeddings_no_road_distance,Conventional + AlphaEarth Embeddings (road-distance ablation),0.12127398808477284,0.26207127863224877,0
1817,,0,non_landslide,72_35,3,72.58499723833302,35.873097869584655,Gilgit-Baltistan,conventional_alphaearth_embeddings_no_road_distance,Conventional + AlphaEarth Embeddings (road-distance ablation),0.04204908285478578,0.26207127863224877,0
1818,,0,non_landslide,72_35,3,72.38512249271335,35.09605492001118,KP-AJK,conventional_alphaearth_embeddings_no_road_distance,Conventional + AlphaEarth Embeddings (road-distance ablation),0.161494539013509,0.26207127863224877,0
1819,,0,non_landslide,72_35,3,72.49741157544123,35.4711009914144,KP-AJK,conventional_alphaearth_embeddings_no_road_distance,Conventional + AlphaEarth Embeddings (road-distance ablation),0.07628578845601737,0.26207127863224877,0
1820,,0,non_landslide,72_35,3,72.20096607830709,35.857379538371255,KP-AJK,conventional_alphaearth_embeddings_no_road_distance,Conventional + AlphaEarth Embeddings (road-distance ablation),0.041936804966525,0.26207127863224877,0
1821,,0,non_landslide,72_35,3,72.26384832136279,35.558686654306186,KP-AJK,conventional_alphaearth_embeddings_no_road_distance,Conventional + AlphaEarth Embeddings (road-distance ablation),0.04326013632044673,0.26207127863224877,0
1822,,0,non_landslide,72_35,3,72.81631310548052,35.75631847209596,KP-AJK,conventional_alphaearth_embeddings_no_road_distance,Conventional + AlphaEarth Embeddings (road-distance ablation),0.05170279513628517,0.26207127863224877,0
1823,,0,non_landslide,72_35,3,72.69279600630007,35.66648542227324,KP-AJK,conventional_alphaearth_embeddings_no_road_distance,Conventional + AlphaEarth Embeddings (road-distance ablation),0.08075672118042276,0.26207127863224877,0
1824,,0,non_landslide,72_35,3,72.74220284597224,35.81021562652896,KP-AJK,conventional_alphaearth_embeddings_no_road_distance,Conventional + AlphaEarth Embeddings (road-distance ablation),0.03996798598360467,0.26207127863224877,0
1825,,0,non_landslide,72_35,3,72.21893625555248,35.76979387547947,KP-AJK,conventional_alphaearth_embeddings_no_road_distance,Conventional + AlphaEarth Embeddings (road-distance ablation),0.0405435299722607,0.26207127863224877,0
1826,,0,non_landslide,72_35,3,72.38512249271335,35.60809349397836,KP-AJK,conventional_alphaearth_embeddings_no_road_distance,Conventional + AlphaEarth Embeddings (road-distance ablation),0.04051858485684337,0.26207127863224877,0
1827,,0,non_landslide,72_35,3,72.35592875811645,35.361059295617466,KP-AJK,conventional_alphaearth_embeddings_no_road_distance,Conventional + AlphaEarth Embeddings (road-distance ablation),0.0656901965521842,0.26207127863224877,0
1828,,0,non_landslide,72_35,3,72.85224454176918,35.170165179519444,KP-AJK,conventional_alphaearth_embeddings_no_road_distance,Conventional + AlphaEarth Embeddings (road-distance ablation),0.054548551122128,0.26207127863224877,0
1829,,0,non_landslide,72_35,3,72.99597920512596,35.94945551602386,Gilgit-Baltistan,conventional_alphaearth_embeddings_no_road_distance,Conventional + AlphaEarth Embeddings (road-distance ablation),0.04854176992609221,0.26207127863224877,0
1830,,0,non_landslide,72_35,3,72.14931631080503,35.774284190240294,KP-AJK,conventional_alphaearth_embeddings_no_road_distance,Conventional + AlphaEarth Embeddings (road-distance ablation),0.04111726722347572,0.26207127863224877,0
1831,,0,non_landslide,72_35,3,72.43901964714635,35.28470164917827,KP-AJK,conventional_alphaearth_embeddings_no_road_distance,Conventional + AlphaEarth Embeddings (road-distance ablation),0.051820524269378714,0.26207127863224877,0
1832,,0,non_landslide,72_35,3,72.07520605129676,35.48682378172885,KP-AJK,conventional_alphaearth_embeddings_no_road_distance,Conventional + AlphaEarth Embeddings (road-distance ablation),0.04867396073191354,0.26207127863224877,0
1833,,0,non_landslide,72_35,3,72.58274985140207,35.971911548929015,Gilgit-Baltistan,conventional_alphaearth_embeddings_no_road_distance,Conventional + AlphaEarth Embeddings (road-distance ablation),0.05435668678096706,0.26207127863224877,0
1834,,0,non_landslide,72_35,3,72.25037737708033,35.34758389223395,KP-AJK,conventional_alphaearth_embeddings_no_road_distance,Conventional + AlphaEarth Embeddings (road-distance ablation),0.04597150495461924,0.26207127863224877,0
1835,,0,non_landslide,72_35,3,72.75118793459494,35.74733338347328,KP-AJK,conventional_alphaearth_embeddings_no_road_distance,Conventional + AlphaEarth Embeddings (road-distance ablation),0.04765152130879773,0.26207127863224877,0
1836,,0,non_landslide,72_35,3,72.4749555425361,35.49580441125049,KP-AJK,conventional_alphaearth_embeddings_no_road_distance,Conventional + AlphaEarth Embeddings (road-distance ablation),0.9774951124541568,0.26207127863224877,1
1837,,0,non_landslide,72_35,3,72.64563209445777,35.172412566450376,KP-AJK,conventional_alphaearth_embeddings_no_road_distance,Conventional + AlphaEarth Embeddings (road-distance ablation),0.04800108758387664,0.26207127863224877,0
1838,,0,non_landslide,72_35,3,72.24588260321845,35.27122624579474,KP-AJK,conventional_alphaearth_embeddings_no_road_distance,Conventional + AlphaEarth Embeddings (road-distance ablation),0.04178213401248221,0.26207127863224877,0
1839,,0,non_landslide,72_35,3,72.27508079691641,35.453135273270064,KP-AJK,conventional_alphaearth_embeddings_no_road_distance,Conventional + AlphaEarth Embeddings (road-distance ablation),0.08327081271321106,0.26207127863224877,0
1840,,0,non_landslide,72_35,3,72.55355611680517,35.92699502401766,Gilgit-Baltistan,conventional_alphaearth_embeddings_no_road_distance,Conventional + AlphaEarth Embeddings (road-distance ablation),0.07094586070744265,0.26207127863224877,0
1841,,0,non_landslide,72_35,3,72.6097006581691,35.13648113016172,KP-AJK,conventional_alphaearth_embeddings_no_road_distance,Conventional + AlphaEarth Embeddings (road-distance ablation),0.26945975647046205,0.26207127863224877,1
1842,,0,non_landslide,72_35,3,72.25486769184114,35.6260592121227,KP-AJK,conventional_alphaearth_embeddings_no_road_distance,Conventional + AlphaEarth Embeddings (road-distance ablation),0.06948745503337606,0.26207127863224877,0
1843,,0,non_landslide,72_35,3,72.40533559778862,35.71813964887636,KP-AJK,conventional_alphaearth_embeddings_no_road_distance,Conventional + AlphaEarth Embeddings (road-distance ablation),0.09213264300033354,0.26207127863224877,0
1844,,0,non_landslide,72_35,3,72.26384832136279,35.32737078715868,KP-AJK,conventional_alphaearth_embeddings_no_road_distance,Conventional + AlphaEarth Embeddings (road-distance ablation),0.04436799819732981,0.26207127863224877,0
1845,,0,non_landslide,72_35,3,72.60745773033923,35.00397894235857,KP-AJK,conventional_alphaearth_embeddings_no_road_distance,Conventional + AlphaEarth Embeddings (road-distance ablation),0.05759648505234314,0.26207127863224877,0
1846,,0,non_landslide,72_35,3,72.29079912812983,35.5564437264763,KP-AJK,conventional_alphaearth_embeddings_no_road_distance,Conventional + AlphaEarth Embeddings (road-distance ablation),0.04554592950909315,0.26207127863224877,0
1847,,0,non_landslide,72_35,3,72.62542344848356,35.96742123416819,Gilgit-Baltistan,conventional_alphaearth_embeddings_no_road_distance,Conventional + AlphaEarth Embeddings (road-distance ablation),0.06183933092056421,0.26207127863224877,0
1848,,0,non_landslide,72_35,3,72.36940416149996,35.31389538377516,KP-AJK,conventional_alphaearth_embeddings_no_road_distance,Conventional + AlphaEarth Embeddings (road-distance ablation),0.045736741216232876,0.26207127863224877,0
1849,,0,non_landslide,72_35,3,72.64787948138871,35.41271352222058,KP-AJK,conventional_alphaearth_embeddings_no_road_distance,Conventional + AlphaEarth Embeddings (road-distance ablation),0.04749118468030186,0.26207127863224877,0
1850,,0,non_landslide,72_35,3,72.9510626802146,35.14546175968336,KP-AJK,conventional_alphaearth_embeddings_no_road_distance,Conventional + AlphaEarth Embeddings (road-distance ablation),0.06840762555420542,0.26207127863224877,0
1851,,0,non_landslide,72_35,3,72.60296295647734,35.64851970412891,KP-AJK,conventional_alphaearth_embeddings_no_road_distance,Conventional + AlphaEarth Embeddings (road-distance ablation),0.042300628478388065,0.26207127863224877,0
1852,,0,non_landslide,72_35,3,72.88144273546715,35.63055398598457,KP-AJK,conventional_alphaearth_embeddings_no_road_distance,Conventional + AlphaEarth Embeddings (road-distance ablation),0.04512480189421088,0.26207127863224877,0
1853,,0,non_landslide,72_35,3,72.1987231504772,35.8663601678929,KP-AJK,conventional_alphaearth_embeddings_no_road_distance,Conventional + AlphaEarth Embeddings (road-distance ablation),0.039179394077702365,0.26207127863224877,0
1854,,0,non_landslide,72_35,3,72.17851004540194,35.83267165943412,KP-AJK,conventional_alphaearth_embeddings_no_road_distance,Conventional + AlphaEarth Embeddings (road-distance ablation),0.03923914184245532,0.26207127863224877,0
1855,,0,non_landslide,73_32,3,73.66522338673238,32.19000525426786,Punjab-Sindh lowland corridor,conventional_alphaearth_embeddings_no_road_distance,Conventional + AlphaEarth Embeddings (road-distance ablation),0.03860917490569292,0.26207127863224877,0
1856,,0,non_landslide,73_32,3,73.6854320327066,32.6414089721103,Punjab-Sindh lowland corridor,conventional_alphaearth_embeddings_no_road_distance,Conventional + AlphaEarth Embeddings (road-distance ablation),0.04764188691318981,0.26207127863224877,0
1857,,0,non_landslide,73_32,3,73.61356916012927,32.31352235344831,Punjab-Sindh lowland corridor,conventional_alphaearth_embeddings_no_road_distance,Conventional + AlphaEarth Embeddings (road-distance ablation),0.05740192304023391,0.26207127863224877,0
1858,,0,non_landslide,73_32,3,73.6225497896509,32.583017043815424,Punjab-Sindh lowland corridor,conventional_alphaearth_embeddings_no_road_distance,Conventional + AlphaEarth Embeddings (road-distance ablation),0.03825020785613704,0.26207127863224877,0
1859,,0,non_landslide,73_32,3,73.60907884536844,32.50665939737621,Punjab-Sindh lowland corridor,conventional_alphaearth_embeddings_no_road_distance,Conventional + AlphaEarth Embeddings (road-distance ablation),0.04458355523236913,0.26207127863224877,0
1860,,0,non_landslide,73_32,3,73.14644711107344,32.26187258594624,Punjab-Sindh lowland corridor,conventional_alphaearth_embeddings_no_road_distance,Conventional + AlphaEarth Embeddings (road-distance ablation),0.03927113550085423,0.26207127863224877,0
1861,,0,non_landslide,73_32,3,73.53721151369005,32.05076536477295,Punjab-Sindh lowland corridor,conventional_alphaearth_embeddings_no_road_distance,Conventional + AlphaEarth Embeddings (road-distance ablation),0.038161398027806444,0.26207127863224877,0
1862,,0,non_landslide,73_32,3,73.16441282921777,32.37865198343494,Punjab-Sindh lowland corridor,conventional_alphaearth_embeddings_no_road_distance,Conventional + AlphaEarth Embeddings (road-distance ablation),0.03884640918964758,0.26207127863224877,0
1863,,0,non_landslide,73_32,3,73.71687315423446,32.264115513776126,Punjab-Sindh lowland corridor,conventional_alphaearth_embeddings_no_road_distance,Conventional + AlphaEarth Embeddings (road-distance ablation),0.03809035314655876,0.26207127863224877,0
1864,,0,non_landslide,73_32,3,73.59784636981482,32.42132112141536,Punjab-Sindh lowland corridor,conventional_alphaearth_embeddings_no_road_distance,Conventional + AlphaEarth Embeddings (road-distance ablation),0.042615607211729606,0.26207127863224877,0
1865,,0,non_landslide,73_32,3,73.64051996689629,32.742470038385584,Punjab-Sindh lowland corridor,conventional_alphaearth_embeddings_no_road_distance,Conventional + AlphaEarth Embeddings (road-distance ablation),0.08156526956221388,0.26207127863224877,0
1866,,0,non_landslide,73_32,3,73.80221588929635,32.12263269645134,Punjab-Sindh lowland corridor,conventional_alphaearth_embeddings_no_road_distance,Conventional + AlphaEarth Embeddings (road-distance ablation),0.03848742087324798,0.26207127863224877,0
1867,,0,non_landslide,74_34,3,74.10539462902119,34.90067048915234,KP-AJK,conventional_alphaearth_embeddings_no_road_distance,Conventional + AlphaEarth Embeddings (road-distance ablation),0.10350202895461276,0.26207127863224877,0
1868,,0,non_landslide,74_34,3,74.06272549104077,34.974780748660606,KP-AJK,conventional_alphaearth_embeddings_no_road_distance,Conventional + AlphaEarth Embeddings (road-distance ablation),0.043229683567435805,0.26207127863224877,0
1869,,0,non_landslide,74_34,3,74.89816036890912,34.76143059965744,KP-AJK,conventional_alphaearth_embeddings_no_road_distance,Conventional + AlphaEarth Embeddings (road-distance ablation),0.048807724070857414,0.26207127863224877,0
1870,,0,non_landslide,74_34,3,74.07171057966346,34.875967069316246,KP-AJK,conventional_alphaearth_embeddings_no_road_distance,Conventional + AlphaEarth Embeddings (road-distance ablation),0.04131771908147341,0.26207127863224877,0
1871,,0,non_landslide,74_34,3,74.9385821199586,34.74571226844404,KP-AJK,conventional_alphaearth_embeddings_no_road_distance,Conventional + AlphaEarth Embeddings (road-distance ablation),0.04922074215296154,0.26207127863224877,0
1872,,0,non_landslide,74_34,3,74.83303073892249,34.869229367624484,KP-AJK,conventional_alphaearth_embeddings_no_road_distance,Conventional + AlphaEarth Embeddings (road-distance ablation),0.0423475795139818,0.26207127863224877,0
1873,,0,non_landslide,74_34,3,74.35243328648315,34.88495215793893,KP-AJK,conventional_alphaearth_embeddings_no_road_distance,Conventional + AlphaEarth Embeddings (road-distance ablation),0.04216848231732677,0.26207127863224877,0
1874,,0,non_landslide,74_34,3,74.10090431426036,34.956815030516275,KP-AJK,conventional_alphaearth_embeddings_no_road_distance,Conventional + AlphaEarth Embeddings (road-distance ablation),0.0501049739550575,0.26207127863224877,0
1875,,0,non_landslide,74_34,3,74.33671049616869,34.88045738407708,KP-AJK,conventional_alphaearth_embeddings_no_road_distance,Conventional + AlphaEarth Embeddings (road-distance ablation),0.05439368828850628,0.26207127863224877,0
1876,,0,non_landslide,74_34,3,74.41980584429966,34.99499385373587,KP-AJK,conventional_alphaearth_embeddings_no_road_distance,Conventional + AlphaEarth Embeddings (road-distance ablation),0.040250472157129805,0.26207127863224877,0
1877,,0,non_landslide,74_34,3,74.55455541903373,34.959062417447214,KP-AJK,conventional_alphaearth_embeddings_no_road_distance,Conventional + AlphaEarth Embeddings (road-distance ablation),0.044075097212983985,0.26207127863224877,0
1878,,0,non_landslide,74_39,3,74.9812557170401,39.336102634206526,"Kashgar (Xinjiang, China)",conventional_alphaearth_embeddings_no_road_distance,Conventional + AlphaEarth Embeddings (road-distance ablation),0.09827783632340448,0.26207127863224877,0
1879,,0,non_landslide,74_39,3,74.1413305244109,39.50004594353752,"Kashgar (Xinjiang, China)",conventional_alphaearth_embeddings_no_road_distance,Conventional + AlphaEarth Embeddings (road-distance ablation),0.04655108337807879,0.26207127863224877,0
1880,,0,non_landslide,74_39,3,74.46921268397183,39.48881792708494,"Kashgar (Xinjiang, China)",conventional_alphaearth_embeddings_no_road_distance,Conventional + AlphaEarth Embeddings (road-distance ablation),0.06112551062569495,0.26207127863224877,0
1881,,0,non_landslide,74_39,3,74.06946319273253,39.33385970637664,"Kashgar (Xinjiang, China)",conventional_alphaearth_embeddings_no_road_distance,Conventional + AlphaEarth Embeddings (road-distance ablation),0.5866558115825754,0.26207127863224877,1
1882,,0,non_landslide,74_39,3,74.18624704932226,39.70890577777987,"Kashgar (Xinjiang, China)",conventional_alphaearth_embeddings_no_road_distance,Conventional + AlphaEarth Embeddings (road-distance ablation),0.14500124955692376,0.26207127863224877,0
1883,,0,non_landslide,74_39,3,74.92511117567614,39.86835431324898,"Kashgar (Xinjiang, China)",conventional_alphaearth_embeddings_no_road_distance,Conventional + AlphaEarth Embeddings (road-distance ablation),0.08553030332362047,0.26207127863224877,0
1884,,0,non_landslide,74_39,3,74.42654354599141,39.42144536926843,"Kashgar (Xinjiang, China)",conventional_alphaearth_embeddings_no_road_distance,Conventional + AlphaEarth Embeddings (road-distance ablation),0.11671826882598911,0.26207127863224877,0
1885,,0,non_landslide,74_39,3,74.85773415875857,39.09580613753738,"Kashgar (Xinjiang, China)",conventional_alphaearth_embeddings_no_road_distance,Conventional + AlphaEarth Embeddings (road-distance ablation),0.04126996945201709,0.26207127863224877,0
1886,,0,non_landslide,74_39,3,74.33895788309962,39.97615308121604,"Kashgar (Xinjiang, China)",conventional_alphaearth_embeddings_no_road_distance,Conventional + AlphaEarth Embeddings (road-distance ablation),0.09613432932333836,0.26207127863224877,0
1887,,0,non_landslide,74_39,3,74.76565818110598,39.40347519202304,"Kashgar (Xinjiang, China)",conventional_alphaearth_embeddings_no_road_distance,Conventional + AlphaEarth Embeddings (road-distance ablation),0.10393526159670305,0.26207127863224877,0
1888,,0,non_landslide,74_39,3,74.17052425900782,39.91327083816034,"Kashgar (Xinjiang, China)",conventional_alphaearth_embeddings_no_road_distance,Conventional + AlphaEarth Embeddings (road-distance ablation),0.46277125920067,0.26207127863224877,1
1889,,0,non_landslide,74_39,3,74.95205752334212,39.54496246844888,"Kashgar (Xinjiang, China)",conventional_alphaearth_embeddings_no_road_distance,Conventional + AlphaEarth Embeddings (road-distance ablation),0.09341793377811947,0.26207127863224877,0
1890,,0,non_landslide,74_39,3,74.39959273922439,39.960430290901584,"Kashgar (Xinjiang, China)",conventional_alphaearth_embeddings_no_road_distance,Conventional + AlphaEarth Embeddings (road-distance ablation),0.4018649130524413,0.26207127863224877,1
1891,,0,non_landslide,74_39,3,74.66234972789974,39.28220547977352,"Kashgar (Xinjiang, China)",conventional_alphaearth_embeddings_no_road_distance,Conventional + AlphaEarth Embeddings (road-distance ablation),0.04258087763746357,0.26207127863224877,0
1892,,0,non_landslide,74_39,3,74.44226633630586,39.56292818659321,"Kashgar (Xinjiang, China)",conventional_alphaearth_embeddings_no_road_distance,Conventional + AlphaEarth Embeddings (road-distance ablation),0.5340595128246722,0.26207127863224877,1
1893,,0,non_landslide,74_39,3,74.78811421401113,39.32936493251477,"Kashgar (Xinjiang, China)",conventional_alphaearth_embeddings_no_road_distance,Conventional + AlphaEarth Embeddings (road-distance ablation),0.06821887291900833,0.26207127863224877,0
1894,,0,non_landslide,74_39,3,74.08293859611604,39.55843787183238,"Kashgar (Xinjiang, China)",conventional_alphaearth_embeddings_no_road_distance,Conventional + AlphaEarth Embeddings (road-distance ablation),0.061699332594780325,0.26207127863224877,0
1895,,0,non_landslide,74_39,3,74.6443840097554,39.83691319172114,"Kashgar (Xinjiang, China)",conventional_alphaearth_embeddings_no_road_distance,Conventional + AlphaEarth Embeddings (road-distance ablation),0.07331787032312899,0.26207127863224877,0
1896,,0,non_landslide,74_39,3,74.1278551210274,39.093558750606434,"Kashgar (Xinjiang, China)",conventional_alphaearth_embeddings_no_road_distance,Conventional + AlphaEarth Embeddings (road-distance ablation),0.057936140744052476,0.26207127863224877,0
1897,,0,non_landslide,74_39,3,74.3052738337419,39.84589828034383,"Kashgar (Xinjiang, China)",conventional_alphaearth_embeddings_no_road_distance,Conventional + AlphaEarth Embeddings (road-distance ablation),0.35800385435901577,0.26207127863224877,1
1898,,0,non_landslide,74_39,3,74.29179843035838,39.36754375573438,"Kashgar (Xinjiang, China)",conventional_alphaearth_embeddings_no_road_distance,Conventional + AlphaEarth Embeddings (road-distance ablation),0.1258404987014965,0.26207127863224877,0
1899,,0,non_landslide,74_39,3,74.00433802184696,39.223813551478656,"Kashgar (Xinjiang, China)",conventional_alphaearth_embeddings_no_road_distance,Conventional + AlphaEarth Embeddings (road-distance ablation),0.8946161221688779,0.26207127863224877,1
1900,,0,non_landslide,74_39,3,74.34794297172232,39.05313254045591,"Kashgar (Xinjiang, China)",conventional_alphaearth_embeddings_no_road_distance,Conventional + AlphaEarth Embeddings (road-distance ablation),0.3673250176777938,0.26207127863224877,1
1901,,0,non_landslide,74_39,3,74.9385821199586,39.52923967813442,"Kashgar (Xinjiang, China)",conventional_alphaearth_embeddings_no_road_distance,Conventional + AlphaEarth Embeddings (road-distance ablation),0.10835275085590303,0.26207127863224877,0
1902,,0,non_landslide,74_39,3,74.31425446326354,39.6662321806984,"Kashgar (Xinjiang, China)",conventional_alphaearth_embeddings_no_road_distance,Conventional + AlphaEarth Embeddings (road-distance ablation),0.08609641075738554,0.26207127863224877,0
1903,,0,non_landslide,74_39,3,74.25586253496867,39.61458241319634,"Kashgar (Xinjiang, China)",conventional_alphaearth_embeddings_no_road_distance,Conventional + AlphaEarth Embeddings (road-distance ablation),0.8191175527514988,0.26207127863224877,1
1904,,0,non_landslide,74_39,3,74.04475977289643,39.23728895486217,"Kashgar (Xinjiang, China)",conventional_alphaearth_embeddings_no_road_distance,Conventional + AlphaEarth Embeddings (road-distance ablation),0.7005994500158836,0.26207127863224877,1
1905,,0,non_landslide,74_39,3,74.69154792159772,39.74034689930772,"Kashgar (Xinjiang, China)",conventional_alphaearth_embeddings_no_road_distance,Conventional + AlphaEarth Embeddings (road-distance ablation),0.3026285419391925,0.26207127863224877,1
1906,,0,non_landslide,74_39,3,74.41756291646978,39.223813551478656,"Kashgar (Xinjiang, China)",conventional_alphaearth_embeddings_no_road_distance,Conventional + AlphaEarth Embeddings (road-distance ablation),0.12594525594319766,0.26207127863224877,0
1907,,0,non_landslide,74_39,3,74.27832302697487,39.85712629679641,"Kashgar (Xinjiang, China)",conventional_alphaearth_embeddings_no_road_distance,Conventional + AlphaEarth Embeddings (road-distance ablation),0.07932883410397651,0.26207127863224877,0
1908,,0,non_landslide,74_39,3,74.51637659581414,39.29343349622609,"Kashgar (Xinjiang, China)",conventional_alphaearth_embeddings_no_road_distance,Conventional + AlphaEarth Embeddings (road-distance ablation),0.045518581969540825,0.26207127863224877,0
1909,,0,non_landslide,74_39,3,74.70277593805028,39.05088961262602,"Kashgar (Xinjiang, China)",conventional_alphaearth_embeddings_no_road_distance,Conventional + AlphaEarth Embeddings (road-distance ablation),0.20916943128685217,0.26207127863224877,0
1910,,0,non_landslide,74_39,3,74.19747506577484,39.32936493251477,"Kashgar (Xinjiang, China)",conventional_alphaearth_embeddings_no_road_distance,Conventional + AlphaEarth Embeddings (road-distance ablation),0.04361642727326176,0.26207127863224877,0
1911,,0,non_landslide,74_39,3,74.21544078391918,39.36754375573438,"Kashgar (Xinjiang, China)",conventional_alphaearth_embeddings_no_road_distance,Conventional + AlphaEarth Embeddings (road-distance ablation),0.08359887182061905,0.26207127863224877,0
1912,,0,non_landslide,74_39,3,74.31425446326354,39.22830386623947,"Kashgar (Xinjiang, China)",conventional_alphaearth_embeddings_no_road_distance,Conventional + AlphaEarth Embeddings (road-distance ablation),0.06693376263599594,0.26207127863224877,0
1913,,0,non_landslide,74_39,3,74.10090431426036,39.02842912061981,"Kashgar (Xinjiang, China)",conventional_alphaearth_embeddings_no_road_distance,Conventional + AlphaEarth Embeddings (road-distance ablation),0.03945114592429439,0.26207127863224877,0
1914,,0,non_landslide,74_39,3,74.37488931938832,39.58538421949837,"Kashgar (Xinjiang, China)",conventional_alphaearth_embeddings_no_road_distance,Conventional + AlphaEarth Embeddings (road-distance ablation),0.7310625785393357,0.26207127863224877,1
1915,,0,non_landslide,74_39,3,74.70951363974204,39.15868392149202,"Kashgar (Xinjiang, China)",conventional_alphaearth_embeddings_no_road_distance,Conventional + AlphaEarth Embeddings (road-distance ablation),0.04078893178819821,0.26207127863224877,0
1916,,0,non_landslide,74_39,3,74.27832302697487,39.03965713707239,"Kashgar (Xinjiang, China)",conventional_alphaearth_embeddings_no_road_distance,Conventional + AlphaEarth Embeddings (road-distance ablation),0.05636969489732013,0.26207127863224877,0
1917,,0,non_landslide,74_39,3,74.60396225870592,39.4236882970983,"Kashgar (Xinjiang, China)",conventional_alphaearth_embeddings_no_road_distance,Conventional + AlphaEarth Embeddings (road-distance ablation),0.04344243131363875,0.26207127863224877,0
1918,,0,non_landslide,74_39,3,74.91387870012251,39.68195497101285,"Kashgar (Xinjiang, China)",conventional_alphaearth_embeddings_no_road_distance,Conventional + AlphaEarth Embeddings (road-distance ablation),0.09946835527458033,0.26207127863224877,0
1919,,0,non_landslide,74_39,3,74.59048685532241,39.16766901011472,"Kashgar (Xinjiang, China)",conventional_alphaearth_embeddings_no_road_distance,Conventional + AlphaEarth Embeddings (road-distance ablation),0.09588463609026492,0.26207127863224877,0
1920,,0,non_landslide,74_39,3,74.44675665106668,39.44614878910452,"Kashgar (Xinjiang, China)",conventional_alphaearth_embeddings_no_road_distance,Conventional + AlphaEarth Embeddings (road-distance ablation),0.08389034134601232,0.26207127863224877,0
1921,,0,non_landslide,74_39,3,74.76565818110598,39.4573768055571,"Kashgar (Xinjiang, China)",conventional_alphaearth_embeddings_no_road_distance,Conventional + AlphaEarth Embeddings (road-distance ablation),0.11404175178620295,0.26207127863224877,0
1922,,0,non_landslide,74_39,3,74.37264639155842,39.87509201494074,"Kashgar (Xinjiang, China)",conventional_alphaearth_embeddings_no_road_distance,Conventional + AlphaEarth Embeddings (road-distance ablation),0.6285589233052313,0.26207127863224877,1
1923,,0,non_landslide,74_39,3,74.10315170119131,39.75381784359018,"Kashgar (Xinjiang, China)",conventional_alphaearth_embeddings_no_road_distance,Conventional + AlphaEarth Embeddings (road-distance ablation),0.9576404994010128,0.26207127863224877,1
1924,,0,non_landslide,74_39,3,74.5523080321028,39.92225592678303,"Kashgar (Xinjiang, China)",conventional_alphaearth_embeddings_no_road_distance,Conventional + AlphaEarth Embeddings (road-distance ablation),0.0768963661673291,0.26207127863224877,0
1925,,0,non_landslide,75_36,3,75.43265943488251,36.542342051191085,Gilgit-Baltistan,conventional_alphaearth_embeddings_no_road_distance,Conventional + AlphaEarth Embeddings (road-distance ablation),0.06759861028256701,0.26207127863224877,0
1926,,0,non_landslide,75_36,3,75.01943008115863,36.585011189171496,Gilgit-Baltistan,conventional_alphaearth_embeddings_no_road_distance,Conventional + AlphaEarth Embeddings (road-distance ablation),0.03981456351092415,0.26207127863224877,0
1927,,0,non_landslide,75_36,3,75.46410055641036,36.87696637154482,"Kashgar (Xinjiang, China)",conventional_alphaearth_embeddings_no_road_distance,Conventional + AlphaEarth Embeddings (road-distance ablation),0.03936756570104585,0.26207127863224877,0
1928,,0,non_landslide,75_36,3,75.43265943488251,36.63217510101381,Gilgit-Baltistan,conventional_alphaearth_embeddings_no_road_distance,Conventional + AlphaEarth Embeddings (road-distance ablation),0.04516661934760783,0.26207127863224877,0
1929,,0,non_landslide,75_36,3,75.89753409700741,36.84776817784685,"Kashgar (Xinjiang, China)",conventional_alphaearth_embeddings_no_road_distance,Conventional + AlphaEarth Embeddings (road-distance ablation),0.04819129475837956,0.26207127863224877,0
1930,,0,non_landslide,75_36,3,75.03290548454214,36.4682317916828,Gilgit-Baltistan,conventional_alphaearth_embeddings_no_road_distance,Conventional + AlphaEarth Embeddings (road-distance ablation),0.19666137891985425,0.26207127863224877,0
1931,,0,non_landslide,75_36,3,75.5651571635846,36.76018251495507,Gilgit-Baltistan,conventional_alphaearth_embeddings_no_road_distance,Conventional + AlphaEarth Embeddings (road-distance ablation),0.038969596428191276,0.26207127863224877,0
1932,,0,non_landslide,75_36,3,75.32036589305359,36.08869540551876,Gilgit-Baltistan,conventional_alphaearth_embeddings_no_road_distance,Conventional + AlphaEarth Embeddings (road-distance ablation),0.050215486234786215,0.26207127863224877,0
1933,,0,non_landslide,75_36,3,75.8930437822466,36.25039132791883,Gilgit-Baltistan,conventional_alphaearth_embeddings_no_road_distance,Conventional + AlphaEarth Embeddings (road-distance ablation),0.10243650342343699,0.26207127863224877,0
1934,,0,non_landslide,75_36,3,75.0261677828504,36.65463113391896,Gilgit-Baltistan,conventional_alphaearth_embeddings_no_road_distance,Conventional + AlphaEarth Embeddings (road-distance ablation),0.1224280512523142,0.26207127863224877,0
1935,,0,non_landslide,75_36,3,75.74706619105993,36.21670281946004,Gilgit-Baltistan,conventional_alphaearth_embeddings_no_road_distance,Conventional + AlphaEarth Embeddings (road-distance ablation),0.04156174877219074,0.26207127863224877,0
1936,,0,non_landslide,75_36,3,75.0261677828504,36.58725857610244,Gilgit-Baltistan,conventional_alphaearth_embeddings_no_road_distance,Conventional + AlphaEarth Embeddings (road-distance ablation),0.04977687740920392,0.26207127863224877,0
1937,,0,non_landslide,75_36,3,75.09803511452877,36.21221250469922,Gilgit-Baltistan,conventional_alphaearth_embeddings_no_road_distance,Conventional + AlphaEarth Embeddings (road-distance ablation),0.04242921014679985,0.26207127863224877,0
1938,,0,non_landslide,75_36,3,75.19460586604325,36.63891280270556,Gilgit-Baltistan,conventional_alphaearth_embeddings_no_road_distance,Conventional + AlphaEarth Embeddings (road-distance ablation),0.05559262237330146,0.26207127863224877,0
1939,,0,non_landslide,75_36,3,75.30015724707937,36.18077138317137,Gilgit-Baltistan,conventional_alphaearth_embeddings_no_road_distance,Conventional + AlphaEarth Embeddings (road-distance ablation),0.04191589277234174,0.26207127863224877,0
1940,,0,non_landslide,75_36,3,75.09129741283702,36.07522000213525,Gilgit-Baltistan,conventional_alphaearth_embeddings_no_road_distance,Conventional + AlphaEarth Embeddings (road-distance ablation),0.0390057612744971,0.26207127863224877,0
1941,,0,non_landslide,75_36,3,75.08006939638445,36.8253121449417,Gilgit-Baltistan,conventional_alphaearth_embeddings_no_road_distance,Conventional + AlphaEarth Embeddings (road-distance ablation),0.06758464800234114,0.26207127863224877,0
1942,,0,non_landslide,75_36,3,75.90427179869916,36.98700806734175,"Kashgar (Xinjiang, China)",conventional_alphaearth_embeddings_no_road_distance,Conventional + AlphaEarth Embeddings (road-distance ablation),0.05435846219966827,0.26207127863224877,0
1943,,0,non_landslide,75_36,3,75.50003199269902,36.67035392423341,Gilgit-Baltistan,conventional_alphaearth_embeddings_no_road_distance,Conventional + AlphaEarth Embeddings (road-distance ablation),0.05267414822153619,0.26207127863224877,0
1944,,0,non_landslide,75_36,3,75.1631647445154,36.40534954862712,Gilgit-Baltistan,conventional_alphaearth_embeddings_no_road_distance,Conventional + AlphaEarth Embeddings (road-distance ablation),0.040512298967754365,0.26207127863224877,0
1945,,0,non_landslide,75_36,3,75.72910047291559,36.11339882535486,Gilgit-Baltistan,conventional_alphaearth_embeddings_no_road_distance,Conventional + AlphaEarth Embeddings (road-distance ablation),0.040632983321737405,0.26207127863224877,0
1946,,0,non_landslide,75_36,3,75.34731669982061,36.16504859285692,Gilgit-Baltistan,conventional_alphaearth_embeddings_no_road_distance,Conventional + AlphaEarth Embeddings (road-distance ablation),0.04632705504890879,0.26207127863224877,0
1947,,0,non_landslide,75_36,3,75.03515287147309,36.423315266771446,Gilgit-Baltistan,conventional_alphaearth_embeddings_no_road_distance,Conventional + AlphaEarth Embeddings (road-distance ablation),0.05774456215516232,0.26207127863224877,0
1948,,0,non_landslide,75_36,3,75.2709590533814,36.73098878035816,Gilgit-Baltistan,conventional_alphaearth_embeddings_no_road_distance,Conventional + AlphaEarth Embeddings (road-distance ablation),0.04948094192836526,0.26207127863224877,0
1949,,0,non_landslide,75_36,3,75.3720201196567,36.53785173643027,Gilgit-Baltistan,conventional_alphaearth_embeddings_no_road_distance,Conventional + AlphaEarth Embeddings (road-distance ablation),0.04127276330231057,0.26207127863224877,0
1950,,0,non_landslide,75_36,3,75.33159836860722,36.62768478625298,Gilgit-Baltistan,conventional_alphaearth_embeddings_no_road_distance,Conventional + AlphaEarth Embeddings (road-distance ablation),0.13054834870952312,0.26207127863224877,0
1951,,0,non_landslide,75_36,3,75.16765505927623,36.36492779757763,Gilgit-Baltistan,conventional_alphaearth_embeddings_no_road_distance,Conventional + AlphaEarth Embeddings (road-distance ablation),0.04091510223165359,0.26207127863224877,0
1952,,0,non_landslide,75_36,3,75.37875782134847,36.56704547102717,Gilgit-Baltistan,conventional_alphaearth_embeddings_no_road_distance,Conventional + AlphaEarth Embeddings (road-distance ablation),0.06865056498957794,0.26207127863224877,0
1953,,0,non_landslide,75_36,3,75.58312734082999,36.72874139342722,Gilgit-Baltistan,conventional_alphaearth_embeddings_no_road_distance,Conventional + AlphaEarth Embeddings (road-distance ablation),0.05337978803403511,0.26207127863224877,0
1954,,0,non_landslide,75_36,3,75.45286808085673,36.97802743782012,"Kashgar (Xinjiang, China)",conventional_alphaearth_embeddings_no_road_distance,Conventional + AlphaEarth Embeddings (road-distance ablation),0.04253130502223512,0.26207127863224877,0
1955,,0,non_landslide,75_36,3,75.95143571054146,36.99823608379433,"Kashgar (Xinjiang, China)",conventional_alphaearth_embeddings_no_road_distance,Conventional + AlphaEarth Embeddings (road-distance ablation),0.9378198566512649,0.26207127863224877,1
1956,,0,non_landslide,75_36,3,75.95367863837134,36.7332361672891,"Kashgar (Xinjiang, China)",conventional_alphaearth_embeddings_no_road_distance,Conventional + AlphaEarth Embeddings (road-distance ablation),0.039201718962348635,0.26207127863224877,0
1957,,0,non_landslide,75_36,3,75.72236277122384,36.5692928579581,Gilgit-Baltistan,conventional_alphaearth_embeddings_no_road_distance,Conventional + AlphaEarth Embeddings (road-distance ablation),0.04507644865278709,0.26207127863224877,0
1958,,0,non_landslide,75_36,3,75.43490236271239,36.18750908486312,Gilgit-Baltistan,conventional_alphaearth_embeddings_no_road_distance,Conventional + AlphaEarth Embeddings (road-distance ablation),0.043236731719971444,0.26207127863224877,0
1959,,0,non_landslide,75_36,3,75.02841516978133,36.10441373673216,Gilgit-Baltistan,conventional_alphaearth_embeddings_no_road_distance,Conventional + AlphaEarth Embeddings (road-distance ablation),0.045261493882982506,0.26207127863224877,0
1960,,0,non_landslide,75_36,3,75.79872041766305,36.41657756507969,Gilgit-Baltistan,conventional_alphaearth_embeddings_no_road_distance,Conventional + AlphaEarth Embeddings (road-distance ablation),0.05568799599697362,0.26207127863224877,0
1961,,0,non_landslide,75_36,3,75.79647303073212,36.189752012693006,Gilgit-Baltistan,conventional_alphaearth_embeddings_no_road_distance,Conventional + AlphaEarth Embeddings (road-distance ablation),0.04177666621253361,0.26207127863224877,0
1962,,0,non_landslide,75_36,3,75.70888736784032,36.04826919536821,Gilgit-Baltistan,conventional_alphaearth_embeddings_no_road_distance,Conventional + AlphaEarth Embeddings (road-distance ablation),0.04041827544105929,0.26207127863224877,0
1963,,0,non_landslide,75_36,3,75.60109305897433,36.18077138317137,Gilgit-Baltistan,conventional_alphaearth_embeddings_no_road_distance,Conventional + AlphaEarth Embeddings (road-distance ablation),0.043027535043460574,0.26207127863224877,0
1964,,0,non_landslide,75_36,3,75.79872041766305,36.18750908486312,Gilgit-Baltistan,conventional_alphaearth_embeddings_no_road_distance,Conventional + AlphaEarth Embeddings (road-distance ablation),0.03897005991208131,0.26207127863224877,0
1965,,0,non_landslide,75_36,3,75.20807681032571,36.140345173020826,Gilgit-Baltistan,conventional_alphaearth_embeddings_no_road_distance,Conventional + AlphaEarth Embeddings (road-distance ablation),0.07715847558010001,0.26207127863224877,0
1966,,0,non_landslide,75_36,3,75.6280394066403,36.30877879711264,Gilgit-Baltistan,conventional_alphaearth_embeddings_no_road_distance,Conventional + AlphaEarth Embeddings (road-distance ablation),0.2200156892993254,0.26207127863224877,0
1967,,0,non_landslide,75_36,3,75.00595913687617,36.8881943879974,Gilgit-Baltistan,conventional_alphaearth_embeddings_no_road_distance,Conventional + AlphaEarth Embeddings (road-distance ablation),0.054029341495988724,0.26207127863224877,0
1968,,0,non_landslide,75_36,3,75.31363265046288,36.62094708456122,Gilgit-Baltistan,conventional_alphaearth_embeddings_no_road_distance,Conventional + AlphaEarth Embeddings (road-distance ablation),0.0409030970805613,0.26207127863224877,0
1969,,0,non_landslide,75_36,3,75.7268575450857,36.93760122766958,"Kashgar (Xinjiang, China)",conventional_alphaearth_embeddings_no_road_distance,Conventional + AlphaEarth Embeddings (road-distance ablation),0.1811083939445771,0.26207127863224877,0
1970,,0,non_landslide,75_36,3,75.47532857286294,36.0842006316569,Gilgit-Baltistan,conventional_alphaearth_embeddings_no_road_distance,Conventional + AlphaEarth Embeddings (road-distance ablation),0.03914827862816581,0.26207127863224877,0
1971,,0,non_landslide,75_36,3,75.00595913687617,36.762429901886,Gilgit-Baltistan,conventional_alphaearth_embeddings_no_road_distance,Conventional + AlphaEarth Embeddings (road-distance ablation),0.9230421319691355,0.26207127863224877,1
1972,,0,non_landslide,75_36,3,75.82791415225995,36.09992342197134,Gilgit-Baltistan,conventional_alphaearth_embeddings_no_road_distance,Conventional + AlphaEarth Embeddings (road-distance ablation),0.0445037019685807,0.26207127863224877,0
1973,,0,non_landslide,75_36,3,75.85486495902698,36.79836133817467,"Kashgar (Xinjiang, China)",conventional_alphaearth_embeddings_no_road_distance,Conventional + AlphaEarth Embeddings (road-distance ablation),0.0390381693191964,0.26207127863224877,0
1974,,0,non_landslide,75_36,3,75.91999458901361,36.095433107210525,Gilgit-Baltistan,conventional_alphaearth_embeddings_no_road_distance,Conventional + AlphaEarth Embeddings (road-distance ablation),0.04057506721304811,0.26207127863224877,0
1975,,0,non_landslide,75_36,3,75.6504998986465,36.53336142166945,Gilgit-Baltistan,conventional_alphaearth_embeddings_no_road_distance,Conventional + AlphaEarth Embeddings (road-distance ablation),0.03987928755228595,0.26207127863224877,0
1976,,0,non_landslide,75_36,3,75.6415148100238,36.856753266469546,"Kashgar (Xinjiang, China)",conventional_alphaearth_embeddings_no_road_distance,Conventional + AlphaEarth Embeddings (road-distance ablation),0.04753282630623701,0.26207127863224877,0
1977,,0,non_landslide,75_36,3,75.78524501427954,36.59624366472514,Gilgit-Baltistan,conventional_alphaearth_embeddings_no_road_distance,Conventional + AlphaEarth Embeddings (road-distance ablation),0.04310600089653586,0.26207127863224877,0
1978,,0,non_landslide,75_36,3,75.65723760033826,36.59624366472514,Gilgit-Baltistan,conventional_alphaearth_embeddings_no_road_distance,Conventional + AlphaEarth Embeddings (road-distance ablation),0.0441986718418915,0.26207127863224877,0
1979,,0,non_landslide,75_36,3,75.14295163944013,36.79387102341386,Gilgit-Baltistan,conventional_alphaearth_embeddings_no_road_distance,Conventional + AlphaEarth Embeddings (road-distance ablation),0.04719938850012748,0.26207127863224877,0
1980,,0,non_landslide,75_36,3,75.9985951632827,36.09543310721051,"Kashgar (Xinjiang, China)",conventional_alphaearth_embeddings_no_road_distance,Conventional + AlphaEarth Embeddings (road-distance ablation),0.03913061822175893,0.26207127863224877,0
1981,,0,non_landslide,75_36,3,75.25075040740718,36.96230464750567,"Kashgar (Xinjiang, China)",conventional_alphaearth_embeddings_no_road_distance,Conventional + AlphaEarth Embeddings (road-distance ablation),0.040305524978203645,0.26207127863224877,0
1982,,0,non_landslide,75_36,3,75.62130170494854,36.96230464750567,"Kashgar (Xinjiang, China)",conventional_alphaearth_embeddings_no_road_distance,Conventional + AlphaEarth Embeddings (road-distance ablation),0.06030251369750527,0.26207127863224877,0
1983,,0,non_landslide,75_36,3,75.58537026865987,36.07297261520432,Gilgit-Baltistan,conventional_alphaearth_embeddings_no_road_distance,Conventional + AlphaEarth Embeddings (road-distance ablation),0.039751105681778975,0.26207127863224877,0
1984,,0,non_landslide,75_36,3,75.35180701458145,36.91289780783348,Gilgit-Baltistan,conventional_alphaearth_embeddings_no_road_distance,Conventional + AlphaEarth Embeddings (road-distance ablation),0.04279597148739513,0.26207127863224877,0
1985,,0,non_landslide,75_36,3,75.66397530203002,36.00784744431874,Gilgit-Baltistan,conventional_alphaearth_embeddings_no_road_distance,Conventional + AlphaEarth Embeddings (road-distance ablation),0.04941338395156109,0.26207127863224877,0
1986,,0,non_landslide,75_36,3,75.65499021340733,36.11115143842392,Gilgit-Baltistan,conventional_alphaearth_embeddings_no_road_distance,Conventional + AlphaEarth Embeddings (road-distance ablation),0.041312019037076944,0.26207127863224877,0
1987,,0,non_landslide,75_36,3,75.00595913687617,36.04602180843729,Gilgit-Baltistan,conventional_alphaearth_embeddings_no_road_distance,Conventional + AlphaEarth Embeddings (road-distance ablation),0.044293852427517356,0.26207127863224877,0
1988,,0,non_landslide,75_36,3,75.7897397881414,36.86349096816131,"Kashgar (Xinjiang, China)",conventional_alphaearth_embeddings_no_road_distance,Conventional + AlphaEarth Embeddings (road-distance ablation),0.042386744599889364,0.26207127863224877,0
1989,,0,non_landslide,75_36,3,75.39897092642373,36.97578005088918,"Kashgar (Xinjiang, China)",conventional_alphaearth_embeddings_no_road_distance,Conventional + AlphaEarth Embeddings (road-distance ablation),0.0433416654413991,0.26207127863224877,0
1990,,0,non_landslide,75_36,3,75.32036589305359,36.122379454876494,Gilgit-Baltistan,conventional_alphaearth_embeddings_no_road_distance,Conventional + AlphaEarth Embeddings (road-distance ablation),0.04753341837658743,0.26207127863224877,0
1991,,0,non_landslide,75_36,3,75.61456400325679,36.28183244944666,Gilgit-Baltistan,conventional_alphaearth_embeddings_no_road_distance,Conventional + AlphaEarth Embeddings (road-distance ablation),0.044536319764427616,0.26207127863224877,0
1992,,0,non_landslide,75_36,3,75.81219582104656,36.33348667604978,Gilgit-Baltistan,conventional_alphaearth_embeddings_no_road_distance,Conventional + AlphaEarth Embeddings (road-distance ablation),0.08189899622062376,0.26207127863224877,0
1993,,0,non_landslide,75_36,3,75.4596057825485,36.71077567528289,Gilgit-Baltistan,conventional_alphaearth_embeddings_no_road_distance,Conventional + AlphaEarth Embeddings (road-distance ablation),0.0383896288913851,0.26207127863224877,0
1994,,0,non_landslide,75_36,3,75.87283067717132,36.57827348747975,Gilgit-Baltistan,conventional_alphaearth_embeddings_no_road_distance,Conventional + AlphaEarth Embeddings (road-distance ablation),0.056852817256842006,0.26207127863224877,0
1995,,0,non_landslide,75_36,3,75.5741422522073,36.38289351572197,Gilgit-Baltistan,conventional_alphaearth_embeddings_no_road_distance,Conventional + AlphaEarth Embeddings (road-distance ablation),0.04240343708443929,0.26207127863224877,0
1996,,0,non_landslide,75_36,3,75.70664444001044,36.17852399624042,Gilgit-Baltistan,conventional_alphaearth_embeddings_no_road_distance,Conventional + AlphaEarth Embeddings (road-distance ablation),0.04974766799535958,0.26207127863224877,0
1997,,0,non_landslide,75_36,3,75.24401270571543,36.93760122766958,Gilgit-Baltistan,conventional_alphaearth_embeddings_no_road_distance,Conventional + AlphaEarth Embeddings (road-distance ablation),0.06715031223137344,0.26207127863224877,0
1998,,0,non_landslide,75_36,3,75.74032848936817,36.6478934322272,Gilgit-Baltistan,conventional_alphaearth_embeddings_no_road_distance,Conventional + AlphaEarth Embeddings (road-distance ablation),0.05659367817286567,0.26207127863224877,0
1999,,0,non_landslide,75_36,3,75.89753409700741,36.49967291321065,Gilgit-Baltistan,conventional_alphaearth_embeddings_no_road_distance,Conventional + AlphaEarth Embeddings (road-distance ablation),0.04010885935032009,0.26207127863224877,0
2000,,0,non_landslide,75_36,3,75.89529116917753,36.74446418374168,"Kashgar (Xinjiang, China)",conventional_alphaearth_embeddings_no_road_distance,Conventional + AlphaEarth Embeddings (road-distance ablation),0.038825798899678285,0.26207127863224877,0
2001,,0,non_landslide,75_36,3,75.82342383749913,36.7332361672891,"Kashgar (Xinjiang, China)",conventional_alphaearth_embeddings_no_road_distance,Conventional + AlphaEarth Embeddings (road-distance ablation),0.09531006846556493,0.26207127863224877,0
2002,,0,non_landslide,75_36,3,75.29790986014845,36.16954336671879,Gilgit-Baltistan,conventional_alphaearth_embeddings_no_road_distance,Conventional + AlphaEarth Embeddings (road-distance ablation),0.042298788184131075,0.26207127863224877,0
2003,,0,non_landslide,76_38,3,76.52635652756435,38.54783166818048,"Kashgar (Xinjiang, China)",conventional_alphaearth_embeddings_no_road_distance,Conventional + AlphaEarth Embeddings (road-distance ablation),0.07340128376822426,0.26207127863224877,0
2004,,0,non_landslide,76_38,3,76.24338643381373,38.80160802733418,"Kashgar (Xinjiang, China)",conventional_alphaearth_embeddings_no_road_distance,Conventional + AlphaEarth Embeddings (road-distance ablation),0.04208053780013987,0.26207127863224877,0
2005,,0,non_landslide,76_38,3,76.47919261572204,38.7207556070331,"Kashgar (Xinjiang, China)",conventional_alphaearth_embeddings_no_road_distance,Conventional + AlphaEarth Embeddings (road-distance ablation),0.0430734586159785,0.26207127863224877,0
2006,,0,non_landslide,76_38,3,76.21868301397764,38.545584281249525,"Kashgar (Xinjiang, China)",conventional_alphaearth_embeddings_no_road_distance,Conventional + AlphaEarth Embeddings (road-distance ablation),0.0592550184398417,0.26207127863224877,0
2007,,0,non_landslide,76_38,3,76.31075899163024,38.66012075090834,"Kashgar (Xinjiang, China)",conventional_alphaearth_embeddings_no_road_distance,Conventional + AlphaEarth Embeddings (road-distance ablation),0.050489183291762815,0.26207127863224877,0
2008,,0,non_landslide,76_38,3,76.15804815785287,38.50740545802992,"Kashgar (Xinjiang, China)",conventional_alphaearth_embeddings_no_road_distance,Conventional + AlphaEarth Embeddings (road-distance ablation),0.19306040742310498,0.26207127863224877,0
2009,,0,non_landslide,76_38,3,76.20969792535494,38.21770212168861,"Kashgar (Xinjiang, China)",conventional_alphaearth_embeddings_no_road_distance,Conventional + AlphaEarth Embeddings (road-distance ablation),0.0456286550846308,0.26207127863224877,0
2010,,0,non_landslide,76_38,3,76.41182005790553,38.81507897161664,"Kashgar (Xinjiang, China)",conventional_alphaearth_embeddings_no_road_distance,Conventional + AlphaEarth Embeddings (road-distance ablation),0.04610844072760407,0.26207127863224877,0
2011,,0,non_landslide,76_38,3,76.40957713007565,38.00884228744625,"Kashgar (Xinjiang, China)",conventional_alphaearth_embeddings_no_road_distance,Conventional + AlphaEarth Embeddings (road-distance ablation),0.14715280867852668,0.26207127863224877,0
2012,,0,non_landslide,76_38,3,76.38711663806944,38.14134447524941,"Kashgar (Xinjiang, China)",conventional_alphaearth_embeddings_no_road_distance,Conventional + AlphaEarth Embeddings (road-distance ablation),0.08105018766253952,0.26207127863224877,0
2013,,0,non_landslide,76_38,3,76.82504495252836,38.04477372373493,"Kashgar (Xinjiang, China)",conventional_alphaearth_embeddings_no_road_distance,Conventional + AlphaEarth Embeddings (road-distance ablation),0.110420213777434,0.26207127863224877,0
2014,,0,non_landslide,76_38,3,76.09740884262706,38.022317690829766,"Kashgar (Xinjiang, China)",conventional_alphaearth_embeddings_no_road_distance,Conventional + AlphaEarth Embeddings (road-distance ablation),0.06575916515105579,0.26207127863224877,0
2015,,0,non_landslide,76_38,3,76.60720448876437,38.95656624804248,"Kashgar (Xinjiang, China)",conventional_alphaearth_embeddings_no_road_distance,Conventional + AlphaEarth Embeddings (road-distance ablation),0.040451809906630075,0.26207127863224877,0
2016,,0,non_landslide,76_38,3,76.00084255021365,38.82855437500015,"Kashgar (Xinjiang, China)",conventional_alphaearth_embeddings_no_road_distance,Conventional + AlphaEarth Embeddings (road-distance ablation),0.06067048558610754,0.26207127863224877,0
2017,,0,non_landslide,76_38,3,76.46572167143958,38.47147402174127,"Kashgar (Xinjiang, China)",conventional_alphaearth_embeddings_no_road_distance,Conventional + AlphaEarth Embeddings (road-distance ablation),0.20699663725835288,0.26207127863224877,0
2018,,0,non_landslide,76_38,3,76.22317332873847,38.68931448550526,"Kashgar (Xinjiang, China)",conventional_alphaearth_embeddings_no_road_distance,Conventional + AlphaEarth Embeddings (road-distance ablation),0.07020660377757929,0.26207127863224877,0
2019,,0,non_landslide,76_38,3,76.03902137343324,38.18176622629888,"Kashgar (Xinjiang, China)",conventional_alphaearth_embeddings_no_road_distance,Conventional + AlphaEarth Embeddings (road-distance ablation),0.0766766500377289,0.26207127863224877,0
2020,,0,non_landslide,76_38,3,76.35118520178078,38.86673319821976,"Kashgar (Xinjiang, China)",conventional_alphaearth_embeddings_no_road_distance,Conventional + AlphaEarth Embeddings (road-distance ablation),0.05613300372139859,0.26207127863224877,0
2021,,0,non_landslide,76_38,3,76.29055034565602,38.24914324321645,"Kashgar (Xinjiang, China)",conventional_alphaearth_embeddings_no_road_distance,Conventional + AlphaEarth Embeddings (road-distance ablation),0.05055752435940258,0.26207127863224877,0
2022,,0,non_landslide,76_38,3,76.58025368199735,38.0784622321937,"Kashgar (Xinjiang, China)",conventional_alphaearth_embeddings_no_road_distance,Conventional + AlphaEarth Embeddings (road-distance ablation),0.0709792742687877,0.26207127863224877,0
2023,,0,non_landslide,76_38,3,76.89691228420675,38.39961114916393,"Kashgar (Xinjiang, China)",conventional_alphaearth_embeddings_no_road_distance,Conventional + AlphaEarth Embeddings (road-distance ablation),0.051353310771772666,0.26207127863224877,0
2024,,0,non_landslide,76_38,3,76.69928046641698,38.82631144717027,"Kashgar (Xinjiang, China)",conventional_alphaearth_embeddings_no_road_distance,Conventional + AlphaEarth Embeddings (road-distance ablation),0.050466313041204094,0.26207127863224877,0
2025,,0,non_landslide,76_38,3,76.09965622955801,38.60397620954441,"Kashgar (Xinjiang, China)",conventional_alphaearth_embeddings_no_road_distance,Conventional + AlphaEarth Embeddings (road-distance ablation),0.07799896540211046,0.26207127863224877,0
2026,,0,non_landslide,76_38,3,76.91038768759026,38.7679195188754,"Kashgar (Xinjiang, China)",conventional_alphaearth_embeddings_no_road_distance,Conventional + AlphaEarth Embeddings (road-distance ablation),0.04004352727136666,0.26207127863224877,0
2027,,0,non_landslide,76_38,3,76.95754714033151,38.72525038089498,"Kashgar (Xinjiang, China)",conventional_alphaearth_embeddings_no_road_distance,Conventional + AlphaEarth Embeddings (road-distance ablation),0.040624838293418016,0.26207127863224877,0
2028,,0,non_landslide,76_38,3,76.7172461845613,38.64889273445576,"Kashgar (Xinjiang, China)",conventional_alphaearth_embeddings_no_road_distance,Conventional + AlphaEarth Embeddings (road-distance ablation),0.04429674717558788,0.26207127863224877,0
2029,,0,non_landslide,76_38,3,76.09965622955801,38.74995380073106,"Kashgar (Xinjiang, China)",conventional_alphaearth_embeddings_no_road_distance,Conventional + AlphaEarth Embeddings (road-distance ablation),0.06849877009463493,0.26207127863224877,0
2030,,0,non_landslide,76_38,3,76.84750544453458,38.15481987863292,"Kashgar (Xinjiang, China)",conventional_alphaearth_embeddings_no_road_distance,Conventional + AlphaEarth Embeddings (road-distance ablation),0.05187788426977076,0.26207127863224877,0
2031,,0,non_landslide,76_38,3,76.73970667656752,38.06947714357101,"Kashgar (Xinjiang, China)",conventional_alphaearth_embeddings_no_road_distance,Conventional + AlphaEarth Embeddings (road-distance ablation),0.08129901062084634,0.26207127863224877,0
2032,,0,non_landslide,76_38,3,76.80034153269227,38.172785596777246,"Kashgar (Xinjiang, China)",conventional_alphaearth_embeddings_no_road_distance,Conventional + AlphaEarth Embeddings (road-distance ablation),0.06227461531892715,0.26207127863224877,0
2033,,0,non_landslide,77_40,3,77.8783202941607,40.61395614129461,"Kashgar (Xinjiang, China)",conventional_alphaearth_embeddings_no_road_distance,Conventional + AlphaEarth Embeddings (road-distance ablation),0.051515824280915654,0.26207127863224877,0
2034,,0,non_landslide,77_40,3,77.76154089667202,40.24789515851409,"Kashgar (Xinjiang, China)",conventional_alphaearth_embeddings_no_road_distance,Conventional + AlphaEarth Embeddings (road-distance ablation),0.04615992152921749,0.26207127863224877,0
2035,,0,non_landslide,77_40,3,77.47183310122963,40.09293247870474,"Kashgar (Xinjiang, China)",conventional_alphaearth_embeddings_no_road_distance,Conventional + AlphaEarth Embeddings (road-distance ablation),0.04087652386789327,0.26207127863224877,0
2036,,0,non_landslide,77_40,3,77.49428913413479,40.63192185943896,"Kashgar (Xinjiang, China)",conventional_alphaearth_embeddings_no_road_distance,Conventional + AlphaEarth Embeddings (road-distance ablation),0.14554511501882453,0.26207127863224877,0
2037,,0,non_landslide,77_40,3,77.95916825536074,40.681328699111134,"Kashgar (Xinjiang, China)",conventional_alphaearth_embeddings_no_road_distance,Conventional + AlphaEarth Embeddings (road-distance ablation),0.050303963441391604,0.26207127863224877,0
2038,,0,non_landslide,77_40,3,77.54819074766884,40.326495732783165,"Kashgar (Xinjiang, China)",conventional_alphaearth_embeddings_no_road_distance,Conventional + AlphaEarth Embeddings (road-distance ablation),0.07766744111370656,0.26207127863224877,0
2039,,0,non_landslide,77_40,3,77.90976141568855,40.56454930162244,"Kashgar (Xinjiang, China)",conventional_alphaearth_embeddings_no_road_distance,Conventional + AlphaEarth Embeddings (road-distance ablation),0.0756977757108649,0.26207127863224877,0
2040,,0,non_landslide,77_40,3,77.7727689131246,40.27708889311099,"Kashgar (Xinjiang, China)",conventional_alphaearth_embeddings_no_road_distance,Conventional + AlphaEarth Embeddings (road-distance ablation),0.051848016019543045,0.26207127863224877,0
2041,,0,non_landslide,77_40,3,77.54370043290803,40.49492935687498,"Kashgar (Xinjiang, China)",conventional_alphaearth_embeddings_no_road_distance,Conventional + AlphaEarth Embeddings (road-distance ablation),0.15475798542977848,0.26207127863224877,0
2042,,0,non_landslide,77_40,3,77.40895085817394,40.8317966050586,"Kashgar (Xinjiang, China)",conventional_alphaearth_embeddings_no_road_distance,Conventional + AlphaEarth Embeddings (road-distance ablation),0.26207963073150653,0.26207127863224877,1
2043,,0,non_landslide,77_40,3,77.570646780574,40.61171321346473,"Kashgar (Xinjiang, China)",conventional_alphaearth_embeddings_no_road_distance,Conventional + AlphaEarth Embeddings (road-distance ablation),0.06434318488637529,0.26207127863224877,0
2044,,0,non_landslide,77_40,3,77.95467794059991,40.75319603078952,"Kashgar (Xinjiang, China)",conventional_alphaearth_embeddings_no_road_distance,Conventional + AlphaEarth Embeddings (road-distance ablation),0.044868407730847985,0.26207127863224877,0
2045,,0,non_landslide,77_40,3,77.12822815135425,40.53984588178635,"Kashgar (Xinjiang, China)",conventional_alphaearth_embeddings_no_road_distance,Conventional + AlphaEarth Embeddings (road-distance ablation),0.04710160996975879,0.26207127863224877,0
2046,,0,non_landslide,77_40,3,77.33035028390486,40.96205586503187,"Kashgar (Xinjiang, China)",conventional_alphaearth_embeddings_no_road_distance,Conventional + AlphaEarth Embeddings (road-distance ablation),0.04425119823864414,0.26207127863224877,0
2047,,0,non_landslide,77_40,3,77.0922967150656,40.59374303621935,"Kashgar (Xinjiang, China)",conventional_alphaearth_embeddings_no_road_distance,Conventional + AlphaEarth Embeddings (road-distance ablation),0.040857758205443157,0.26207127863224877,0
2048,,0,non_landslide,77_40,3,77.05411789184599,40.92611996964215,"Kashgar (Xinjiang, China)",conventional_alphaearth_embeddings_no_road_distance,Conventional + AlphaEarth Embeddings (road-distance ablation),0.08882755750114645,0.26207127863224877,0
2049,,0,non_landslide,77_40,3,77.4920462063049,40.89692623504524,"Kashgar (Xinjiang, China)",conventional_alphaearth_embeddings_no_road_distance,Conventional + AlphaEarth Embeddings (road-distance ablation),0.04883667849541713,0.26207127863224877,0
2050,,0,non_landslide,77_40,3,77.61331591855442,40.27035119141924,"Kashgar (Xinjiang, China)",conventional_alphaearth_embeddings_no_road_distance,Conventional + AlphaEarth Embeddings (road-distance ablation),0.0553131550475188,0.26207127863224877,0
2051,,0,non_landslide,77_40,3,77.08780194120372,40.85200971013388,"Kashgar (Xinjiang, China)",conventional_alphaearth_embeddings_no_road_distance,Conventional + AlphaEarth Embeddings (road-distance ablation),0.07219700094483343,0.26207127863224877,0
2052,,0,non_landslide,77_40,3,77.78174954264622,40.80035548353076,"Kashgar (Xinjiang, China)",conventional_alphaearth_embeddings_no_road_distance,Conventional + AlphaEarth Embeddings (road-distance ablation),0.19755348791633567,0.26207127863224877,0
2053,,0,non_landslide,77_40,3,77.54370043290803,40.104164954258366,"Kashgar (Xinjiang, China)",conventional_alphaearth_embeddings_no_road_distance,Conventional + AlphaEarth Embeddings (road-distance ablation),0.045843341929252074,0.26207127863224877,0
2054,,0,non_landslide,77_40,3,77.27869605730174,40.56005898686162,"Kashgar (Xinjiang, China)",conventional_alphaearth_embeddings_no_road_distance,Conventional + AlphaEarth Embeddings (road-distance ablation),0.0988274312436493,0.26207127863224877,0
2055,,0,non_landslide,77_40,3,77.10352473151816,40.17827521376663,"Kashgar (Xinjiang, China)",conventional_alphaearth_embeddings_no_road_distance,Conventional + AlphaEarth Embeddings (road-distance ablation),0.045375117760952495,0.26207127863224877,0
2056,,0,non_landslide,77_40,3,77.81992836586583,40.38713058890792,"Kashgar (Xinjiang, China)",conventional_alphaearth_embeddings_no_road_distance,Conventional + AlphaEarth Embeddings (road-distance ablation),0.052175287900231945,0.26207127863224877,0
2057,,0,non_landslide,77_40,3,77.65374212870496,40.51738984888119,"Kashgar (Xinjiang, China)",conventional_alphaearth_embeddings_no_road_distance,Conventional + AlphaEarth Embeddings (road-distance ablation),0.05476285638740067,0.26207127863224877,0
2058,,0,non_landslide,77_40,3,77.15293157119035,40.712769820638975,"Kashgar (Xinjiang, China)",conventional_alphaearth_embeddings_no_road_distance,Conventional + AlphaEarth Embeddings (road-distance ablation),0.0519326025825509,0.26207127863224877,0
2059,,0,non_landslide,77_40,3,77.83789854311122,40.61395614129461,"Kashgar (Xinjiang, China)",conventional_alphaearth_embeddings_no_road_distance,Conventional + AlphaEarth Embeddings (road-distance ablation),0.0645953021354162,0.26207127863224877,0
2060,,0,non_landslide,77_40,3,77.11700013490167,40.42081909736672,"Kashgar (Xinjiang, China)",conventional_alphaearth_embeddings_no_road_distance,Conventional + AlphaEarth Embeddings (road-distance ablation),0.06683296980893341,0.26207127863224877,0
2061,,0,non_landslide,77_40,3,77.62454839410805,40.98226451100609,"Kashgar (Xinjiang, China)",conventional_alphaearth_embeddings_no_road_distance,Conventional + AlphaEarth Embeddings (road-distance ablation),0.039486886992090055,0.26207127863224877,0
2062,,0,non_landslide,77_40,3,77.53246795735438,40.72175490926167,"Kashgar (Xinjiang, China)",conventional_alphaearth_embeddings_no_road_distance,Conventional + AlphaEarth Embeddings (road-distance ablation),0.48511562019394633,0.26207127863224877,1
2063,,0,non_landslide,77_40,3,77.78848724433799,40.95980847810093,"Kashgar (Xinjiang, China)",conventional_alphaearth_embeddings_no_road_distance,Conventional + AlphaEarth Embeddings (road-distance ablation),0.1642643407516403,0.26207127863224877,0
2064,,0,non_landslide,77_40,3,77.99734707858033,40.3691648707636,"Kashgar (Xinjiang, China)",conventional_alphaearth_embeddings_no_road_distance,Conventional + AlphaEarth Embeddings (road-distance ablation),0.22462787069792534,0.26207127863224877,0
2065,,0,non_landslide,77_40,3,77.0922967150656,40.92611996964216,"Kashgar (Xinjiang, China)",conventional_alphaearth_embeddings_no_road_distance,Conventional + AlphaEarth Embeddings (road-distance ablation),0.07911264723205638,0.26207127863224877,0
2066,,0,non_landslide,77_40,3,77.67395523378023,40.1850129154584,"Kashgar (Xinjiang, China)",conventional_alphaearth_embeddings_no_road_distance,Conventional + AlphaEarth Embeddings (road-distance ablation),0.062253715113889496,0.26207127863224877,0
2067,,0,non_landslide,77_40,3,77.24051723408213,40.1760278268357,"Kashgar (Xinjiang, China)",conventional_alphaearth_embeddings_no_road_distance,Conventional + AlphaEarth Embeddings (road-distance ablation),0.04744837955509269,0.26207127863224877,0
2068,,0,non_landslide,77_40,3,77.43365427801002,40.69929887635652,"Kashgar (Xinjiang, China)",conventional_alphaearth_embeddings_no_road_distance,Conventional + AlphaEarth Embeddings (road-distance ablation),0.26086263802471477,0.26207127863224877,0
2069,,0,non_landslide,77_40,3,77.91649911738031,40.67908577128126,"Kashgar (Xinjiang, China)",conventional_alphaearth_embeddings_no_road_distance,Conventional + AlphaEarth Embeddings (road-distance ablation),0.18911398529950166,0.26207127863224877,0
2070,,0,non_landslide,77_40,3,77.91874650431124,40.250138086343966,"Kashgar (Xinjiang, China)",conventional_alphaearth_embeddings_no_road_distance,Conventional + AlphaEarth Embeddings (road-distance ablation),0.11341678837076136,0.26207127863224877,0
2071,,0,non_landslide,77_40,3,77.14394648256766,40.79361778183901,"Kashgar (Xinjiang, China)",conventional_alphaearth_embeddings_no_road_distance,Conventional + AlphaEarth Embeddings (road-distance ablation),0.8011657717692332,0.26207127863224877,1
2072,,0,non_landslide,77_40,3,77.53246795735438,40.56454930162244,"Kashgar (Xinjiang, China)",conventional_alphaearth_embeddings_no_road_distance,Conventional + AlphaEarth Embeddings (road-distance ablation),0.13802812435065798,0.26207127863224877,0
2073,,0,non_landslide,77_40,3,77.3685246480234,40.69256117466476,"Kashgar (Xinjiang, China)",conventional_alphaearth_embeddings_no_road_distance,Conventional + AlphaEarth Embeddings (road-distance ablation),0.15103428317621248,0.26207127863224877,0
2074,,0,non_landslide,77_40,3,77.78174954264622,40.3691648707636,"Kashgar (Xinjiang, China)",conventional_alphaearth_embeddings_no_road_distance,Conventional + AlphaEarth Embeddings (road-distance ablation),0.0690003317009281,0.26207127863224877,0
2075,,0,non_landslide,77_40,3,77.42691657631828,40.93735244519578,"Kashgar (Xinjiang, China)",conventional_alphaearth_embeddings_no_road_distance,Conventional + AlphaEarth Embeddings (road-distance ablation),0.044929305387422534,0.26207127863224877,0
2076,CPEC_LANDSLIDE_0011,1,landslide,74_39,3,74.03128436951292,39.27097746332094,"Kashgar (Xinjiang, China)",conventional_alphaearth_embeddings_no_road_distance,Conventional + AlphaEarth Embeddings (road-distance ablation),0.3916950419038263,0.26207127863224877,1
2077,CPEC_LANDSLIDE_0014,1,landslide,74_39,3,74.8173124077091,39.24627404348486,"Kashgar (Xinjiang, China)",conventional_alphaearth_embeddings_no_road_distance,Conventional + AlphaEarth Embeddings (road-distance ablation),0.21863109690684057,0.26207127863224877,0
2078,CPEC_LANDSLIDE_0015,1,landslide,74_39,3,74.60845257346674,39.300171197917855,"Kashgar (Xinjiang, China)",conventional_alphaearth_embeddings_no_road_distance,Conventional + AlphaEarth Embeddings (road-distance ablation),0.10052002626368124,0.26207127863224877,0
2079,CPEC_LANDSLIDE_0016,1,landslide,74_39,3,74.58599654056158,39.29792381098692,"Kashgar (Xinjiang, China)",conventional_alphaearth_embeddings_no_road_distance,Conventional + AlphaEarth Embeddings (road-distance ablation),0.08037697825053963,0.26207127863224877,0
2080,CPEC_LANDSLIDE_0017,1,landslide,74_39,3,74.59273424225334,39.288943181465285,"Kashgar (Xinjiang, China)",conventional_alphaearth_embeddings_no_road_distance,Conventional + AlphaEarth Embeddings (road-distance ablation),0.07289201923194345,0.26207127863224877,0
2081,CPEC_LANDSLIDE_0018,1,landslide,74_39,3,74.55455541903373,39.42368829709831,"Kashgar (Xinjiang, China)",conventional_alphaearth_embeddings_no_road_distance,Conventional + AlphaEarth Embeddings (road-distance ablation),0.2376778838475661,0.26207127863224877,0
2082,CPEC_LANDSLIDE_0019,1,landslide,74_39,3,74.55006064517187,39.430425998790064,"Kashgar (Xinjiang, China)",conventional_alphaearth_embeddings_no_road_distance,Conventional + AlphaEarth Embeddings (road-distance ablation),0.2000333157047914,0.26207127863224877,0
2083,CPEC_LANDSLIDE_0020,1,landslide,74_39,3,74.44900403799763,39.37428145742613,"Kashgar (Xinjiang, China)",conventional_alphaearth_embeddings_no_road_distance,Conventional + AlphaEarth Embeddings (road-distance ablation),0.05067261027504355,0.26207127863224877,0
2084,CPEC_LANDSLIDE_0021,1,landslide,74_39,3,74.45124696582751,39.37203407049518,"Kashgar (Xinjiang, China)",conventional_alphaearth_embeddings_no_road_distance,Conventional + AlphaEarth Embeddings (road-distance ablation),0.05497010215512504,0.26207127863224877,0
2085,CPEC_LANDSLIDE_0026,1,landslide,76_38,3,76.045759075125,38.52761856310519,"Kashgar (Xinjiang, China)",conventional_alphaearth_embeddings_no_road_distance,Conventional + AlphaEarth Embeddings (road-distance ablation),0.9635512909748374,0.26207127863224877,1
2086,CPEC_LANDSLIDE_0027,1,landslide,76_38,3,76.04126430126313,38.52537563527532,"Kashgar (Xinjiang, China)",conventional_alphaearth_embeddings_no_road_distance,Conventional + AlphaEarth Embeddings (road-distance ablation),0.9769675502117259,0.26207127863224877,1
2087,CPEC_LANDSLIDE_0029,1,landslide,76_38,3,76.00084255021365,38.451260916666,"Kashgar (Xinjiang, China)",conventional_alphaearth_embeddings_no_road_distance,Conventional + AlphaEarth Embeddings (road-distance ablation),0.9603431662810814,0.26207127863224877,1
2088,CPEC_LANDSLIDE_0054,1,landslide,75_36,3,75.39448061166291,36.83654016139428,Gilgit-Baltistan,conventional_alphaearth_embeddings_no_road_distance,Conventional + AlphaEarth Embeddings (road-distance ablation),0.06699081549467939,0.26207127863224877,0
2089,CPEC_LANDSLIDE_0055,1,landslide,75_36,3,75.38774290997115,36.83878754832522,Gilgit-Baltistan,conventional_alphaearth_embeddings_no_road_distance,Conventional + AlphaEarth Embeddings (road-distance ablation),0.08224756760527872,0.26207127863224877,0
2090,CPEC_LANDSLIDE_0056,1,landslide,75_36,3,75.38324813610927,36.83204984663346,Gilgit-Baltistan,conventional_alphaearth_embeddings_no_road_distance,Conventional + AlphaEarth Embeddings (road-distance ablation),0.07696639974755237,0.26207127863224877,0
2091,CPEC_LANDSLIDE_0057,1,landslide,75_36,3,75.36752980489588,36.82755953187264,Gilgit-Baltistan,conventional_alphaearth_embeddings_no_road_distance,Conventional + AlphaEarth Embeddings (road-distance ablation),0.14138085807819262,0.26207127863224877,0
2092,CPEC_LANDSLIDE_0058,1,landslide,75_36,3,75.36303949013507,36.82306475801076,Gilgit-Baltistan,conventional_alphaearth_embeddings_no_road_distance,Conventional + AlphaEarth Embeddings (road-distance ablation),0.1302139149616011,0.26207127863224877,0
2093,CPEC_LANDSLIDE_0059,1,landslide,75_36,3,75.3563017884433,36.81632705631902,Gilgit-Baltistan,conventional_alphaearth_embeddings_no_road_distance,Conventional + AlphaEarth Embeddings (road-distance ablation),0.08784101392298375,0.26207127863224877,0
2094,CPEC_LANDSLIDE_0060,1,landslide,75_36,3,75.34731669982061,36.82306475801076,Gilgit-Baltistan,conventional_alphaearth_embeddings_no_road_distance,Conventional + AlphaEarth Embeddings (road-distance ablation),0.0827751804663491,0.26207127863224877,0
2095,CPEC_LANDSLIDE_0061,1,landslide,75_36,3,75.34507377199073,36.8118367415582,Gilgit-Baltistan,conventional_alphaearth_embeddings_no_road_distance,Conventional + AlphaEarth Embeddings (road-distance ablation),0.10275847433584993,0.26207127863224877,0
2096,CPEC_LANDSLIDE_0062,1,landslide,75_36,3,75.3338412964371,36.82082183018088,Gilgit-Baltistan,conventional_alphaearth_embeddings_no_road_distance,Conventional + AlphaEarth Embeddings (road-distance ablation),0.09526343043731009,0.26207127863224877,0
2097,CPEC_LANDSLIDE_0063,1,landslide,75_36,3,75.32261327998452,36.82082183018088,Gilgit-Baltistan,conventional_alphaearth_embeddings_no_road_distance,Conventional + AlphaEarth Embeddings (road-distance ablation),0.17826350565018984,0.26207127863224877,0
2098,CPEC_LANDSLIDE_0064,1,landslide,75_36,3,75.30913787660101,36.81183674155819,Gilgit-Baltistan,conventional_alphaearth_embeddings_no_road_distance,Conventional + AlphaEarth Embeddings (road-distance ablation),0.08045056211903309,0.26207127863224877,0
2099,CPEC_LANDSLIDE_0065,1,landslide,75_36,3,75.31138526353195,36.82306475801076,Gilgit-Baltistan,conventional_alphaearth_embeddings_no_road_distance,Conventional + AlphaEarth Embeddings (road-distance ablation),0.27722122030748314,0.26207127863224877,1
2100,CPEC_LANDSLIDE_0066,1,landslide,75_36,3,75.2799441420041,36.838787548325215,Gilgit-Baltistan,conventional_alphaearth_embeddings_no_road_distance,Conventional + AlphaEarth Embeddings (road-distance ablation),0.4462003201925065,0.26207127863224877,1
2101,CPEC_LANDSLIDE_0067,1,landslide,75_36,3,75.25973103692883,36.82980245970252,Gilgit-Baltistan,conventional_alphaearth_embeddings_no_road_distance,Conventional + AlphaEarth Embeddings (road-distance ablation),0.5605573062525533,0.26207127863224877,1
2102,CPEC_LANDSLIDE_0068,1,landslide,75_36,3,75.2260469875711,36.83654016139428,Gilgit-Baltistan,conventional_alphaearth_embeddings_no_road_distance,Conventional + AlphaEarth Embeddings (road-distance ablation),0.3291454387058588,0.26207127863224877,1
2103,CPEC_LANDSLIDE_0069,1,landslide,75_36,3,75.26197842385976,36.8410304761551,Gilgit-Baltistan,conventional_alphaearth_embeddings_no_road_distance,Conventional + AlphaEarth Embeddings (road-distance ablation),0.37966141958714184,0.26207127863224877,1
2104,CPEC_LANDSLIDE_0070,1,landslide,75_36,3,75.23951793185356,36.85001556477779,Gilgit-Baltistan,conventional_alphaearth_embeddings_no_road_distance,Conventional + AlphaEarth Embeddings (road-distance ablation),0.15644427882055295,0.26207127863224877,0
2105,CPEC_LANDSLIDE_0071,1,landslide,75_36,3,75.20133910863396,36.86349096816131,Gilgit-Baltistan,conventional_alphaearth_embeddings_no_road_distance,Conventional + AlphaEarth Embeddings (road-distance ablation),0.12066676997613024,0.26207127863224877,0
2106,CPEC_LANDSLIDE_0072,1,landslide,75_36,3,75.19235847911231,36.87022866985306,Gilgit-Baltistan,conventional_alphaearth_embeddings_no_road_distance,Conventional + AlphaEarth Embeddings (road-distance ablation),0.06519734546232292,0.26207127863224877,0
2107,CPEC_LANDSLIDE_0073,1,landslide,75_36,3,75.16091735758447,36.86573835509224,Gilgit-Baltistan,conventional_alphaearth_embeddings_no_road_distance,Conventional + AlphaEarth Embeddings (road-distance ablation),0.13885378408615523,0.26207127863224877,0
2108,CPEC_LANDSLIDE_0074,1,landslide,75_36,3,75.15642704282365,36.86573835509224,Gilgit-Baltistan,conventional_alphaearth_embeddings_no_road_distance,Conventional + AlphaEarth Embeddings (road-distance ablation),0.17070050085506383,0.26207127863224877,0
2109,CPEC_LANDSLIDE_0075,1,landslide,75_36,3,75.15642704282365,36.87696637154482,Gilgit-Baltistan,conventional_alphaearth_embeddings_no_road_distance,Conventional + AlphaEarth Embeddings (road-distance ablation),0.6171592770341608,0.26207127863224877,1
2110,CPEC_LANDSLIDE_0076,1,landslide,75_36,3,75.12947623605662,36.861243581230376,Gilgit-Baltistan,conventional_alphaearth_embeddings_no_road_distance,Conventional + AlphaEarth Embeddings (road-distance ablation),0.9026759362007741,0.26207127863224877,1
2111,CPEC_LANDSLIDE_0077,1,landslide,75_36,3,75.14744195420096,36.87696637154482,Gilgit-Baltistan,conventional_alphaearth_embeddings_no_road_distance,Conventional + AlphaEarth Embeddings (road-distance ablation),0.8660812336907486,0.26207127863224877,1
2112,CPEC_LANDSLIDE_0078,1,landslide,75_36,3,75.12947623605662,36.870228669853056,Gilgit-Baltistan,conventional_alphaearth_embeddings_no_road_distance,Conventional + AlphaEarth Embeddings (road-distance ablation),0.9399541194349221,0.26207127863224877,1
2113,CPEC_LANDSLIDE_0079,1,landslide,75_36,3,75.11824821960404,36.87022866985306,Gilgit-Baltistan,conventional_alphaearth_embeddings_no_road_distance,Conventional + AlphaEarth Embeddings (road-distance ablation),0.9122018565867953,0.26207127863224877,1
2114,CPEC_LANDSLIDE_0080,1,landslide,75_36,3,75.11375344574219,36.86573835509224,Gilgit-Baltistan,conventional_alphaearth_embeddings_no_road_distance,Conventional + AlphaEarth Embeddings (road-distance ablation),0.9402691863547312,0.26207127863224877,1
2115,CPEC_LANDSLIDE_0081,1,landslide,75_36,3,75.10028250145972,36.86573835509224,Gilgit-Baltistan,conventional_alphaearth_embeddings_no_road_distance,Conventional + AlphaEarth Embeddings (road-distance ablation),0.9658547711830865,0.26207127863224877,1
2116,CPEC_LANDSLIDE_0082,1,landslide,75_36,3,75.09578772759784,36.86573835509224,Gilgit-Baltistan,conventional_alphaearth_embeddings_no_road_distance,Conventional + AlphaEarth Embeddings (road-distance ablation),0.9009353375201707,0.26207127863224877,1
2117,CPEC_LANDSLIDE_0083,1,landslide,75_36,3,75.0778220094535,36.86349096816131,Gilgit-Baltistan,conventional_alphaearth_embeddings_no_road_distance,Conventional + AlphaEarth Embeddings (road-distance ablation),0.9264094841602106,0.26207127863224877,1
2118,CPEC_LANDSLIDE_0084,1,landslide,75_36,3,75.06210367824012,36.84327786308605,Gilgit-Baltistan,conventional_alphaearth_embeddings_no_road_distance,Conventional + AlphaEarth Embeddings (road-distance ablation),0.19954276724962508,0.26207127863224877,0
2119,CPEC_LANDSLIDE_0085,1,landslide,75_36,3,75.01943008115863,36.856753266469546,Gilgit-Baltistan,conventional_alphaearth_embeddings_no_road_distance,Conventional + AlphaEarth Embeddings (road-distance ablation),0.937753800316862,0.26207127863224877,1
2120,CPEC_LANDSLIDE_0086,1,landslide,75_36,3,75.05311858961741,36.86573835509224,Gilgit-Baltistan,conventional_alphaearth_embeddings_no_road_distance,Conventional + AlphaEarth Embeddings (road-distance ablation),0.7687844380898611,0.26207127863224877,1
2121,CPEC_LANDSLIDE_0087,1,landslide,75_36,3,75.04413796009577,36.885947001066455,Gilgit-Baltistan,conventional_alphaearth_embeddings_no_road_distance,Conventional + AlphaEarth Embeddings (road-distance ablation),0.5821005222718408,0.26207127863224877,1
2122,CPEC_LANDSLIDE_0088,1,landslide,75_36,3,75.0261677828504,36.88370407323657,Gilgit-Baltistan,conventional_alphaearth_embeddings_no_road_distance,Conventional + AlphaEarth Embeddings (road-distance ablation),0.14282708974037445,0.26207127863224877,0
2123,CPEC_LANDSLIDE_0089,1,landslide,75_36,3,75.00820206470605,36.870228669853056,Gilgit-Baltistan,conventional_alphaearth_embeddings_no_road_distance,Conventional + AlphaEarth Embeddings (road-distance ablation),0.9358599625662516,0.26207127863224877,1
2124,CPEC_LANDSLIDE_0303,1,landslide,72_35,3,72.93309696207027,35.04215776557818,KP-AJK,conventional_alphaearth_embeddings_no_road_distance,Conventional + AlphaEarth Embeddings (road-distance ablation),0.9837137142658485,0.26207127863224877,1
2125,CPEC_LANDSLIDE_0304,1,landslide,72_35,3,72.96453808359811,35.07359888710602,KP-AJK,conventional_alphaearth_embeddings_no_road_distance,Conventional + AlphaEarth Embeddings (road-distance ablation),0.9864731182362397,0.26207127863224877,1
2126,CPEC_LANDSLIDE_0305,1,landslide,72_35,3,72.97351871311976,35.07584181493589,KP-AJK,conventional_alphaearth_embeddings_no_road_distance,Conventional + AlphaEarth Embeddings (road-distance ablation),0.987423243939898,0.26207127863224877,1
2127,CPEC_LANDSLIDE_0306,1,landslide,72_35,3,72.99822213295585,35.078089201866845,KP-AJK,conventional_alphaearth_embeddings_no_road_distance,Conventional + AlphaEarth Embeddings (road-distance ablation),0.9014426385216721,0.26207127863224877,1
2128,CPEC_LANDSLIDE_0307,1,landslide,72_35,3,72.98474672957234,35.10504000863387,KP-AJK,conventional_alphaearth_embeddings_no_road_distance,Conventional + AlphaEarth Embeddings (road-distance ablation),0.9866986150878864,0.26207127863224877,1
2129,CPEC_LANDSLIDE_0309,1,landslide,72_35,3,72.88593305022796,35.02868236219467,KP-AJK,conventional_alphaearth_embeddings_no_road_distance,Conventional + AlphaEarth Embeddings (road-distance ablation),0.9815938898116683,0.26207127863224877,1
2130,CPEC_LANDSLIDE_0310,1,landslide,72_35,3,72.89716106668054,35.03317267695548,KP-AJK,conventional_alphaearth_embeddings_no_road_distance,Conventional + AlphaEarth Embeddings (road-distance ablation),0.9827705945878608,0.26207127863224877,1
2131,CPEC_LANDSLIDE_0311,1,landslide,72_35,3,72.89267075191972,35.04215776557818,KP-AJK,conventional_alphaearth_embeddings_no_road_distance,Conventional + AlphaEarth Embeddings (road-distance ablation),0.9816213506083622,0.26207127863224877,1
2132,CPEC_LANDSLIDE_0312,1,landslide,72_35,3,72.90614615530323,35.042157765578175,KP-AJK,conventional_alphaearth_embeddings_no_road_distance,Conventional + AlphaEarth Embeddings (road-distance ablation),0.9854693199632852,0.26207127863224877,1
2133,CPEC_LANDSLIDE_0317,1,landslide,75_36,3,75.45286808085673,36.838787548325215,"Kashgar (Xinjiang, China)",conventional_alphaearth_embeddings_no_road_distance,Conventional + AlphaEarth Embeddings (road-distance ablation),0.06533734483123267,0.26207127863224877,0
2134,CPEC_LANDSLIDE_0318,1,landslide,75_36,3,75.46410055641036,36.838787548325215,"Kashgar (Xinjiang, China)",conventional_alphaearth_embeddings_no_road_distance,Conventional + AlphaEarth Embeddings (road-distance ablation),0.05091251795389051,0.26207127863224877,0
2135,CPEC_LANDSLIDE_0319,1,landslide,75_36,3,75.50901262222067,36.838787548325215,"Kashgar (Xinjiang, China)",conventional_alphaearth_embeddings_no_road_distance,Conventional + AlphaEarth Embeddings (road-distance ablation),0.05391899151510542,0.26207127863224877,0
2136,CPEC_LANDSLIDE_0320,1,landslide,75_36,3,75.55617653406297,36.908407493072666,"Kashgar (Xinjiang, China)",conventional_alphaearth_embeddings_no_road_distance,Conventional + AlphaEarth Embeddings (road-distance ablation),0.050167152985145326,0.26207127863224877,0
2137,CPEC_LANDSLIDE_0321,1,landslide,75_36,3,75.55617653406297,36.91065042090255,"Kashgar (Xinjiang, China)",conventional_alphaearth_embeddings_no_road_distance,Conventional + AlphaEarth Embeddings (road-distance ablation),0.05059475048730035,0.26207127863224877,0
2138,CPEC_LANDSLIDE_0323,1,landslide,75_36,3,75.55617653406297,36.91065042090255,"Kashgar (Xinjiang, China)",conventional_alphaearth_embeddings_no_road_distance,Conventional + AlphaEarth Embeddings (road-distance ablation),0.05059475048730035,0.26207127863224877,0
2139,CPEC_LANDSLIDE_0324,1,landslide,75_36,3,75.55617653406297,36.91289780783348,"Kashgar (Xinjiang, China)",conventional_alphaearth_embeddings_no_road_distance,Conventional + AlphaEarth Embeddings (road-distance ablation),0.058464851770001575,0.26207127863224877,0
2140,CPEC_LANDSLIDE_0326,1,landslide,75_36,3,75.54270113067945,36.88594700106646,"Kashgar (Xinjiang, China)",conventional_alphaearth_embeddings_no_road_distance,Conventional + AlphaEarth Embeddings (road-distance ablation),0.343084707001761,0.26207127863224877,1
2141,CPEC_LANDSLIDE_0617,1,landslide,63_27,3,63.264976617313145,27.298679076610416,Balochistan,conventional_alphaearth_embeddings_no_road_distance,Conventional + AlphaEarth Embeddings (road-distance ablation),0.3868683908888778,0.26207127863224877,1
2142,CPEC_LANDSLIDE_0619,1,landslide,63_27,3,63.264976617313145,27.29643168967948,Balochistan,conventional_alphaearth_embeddings_no_road_distance,Conventional + AlphaEarth Embeddings (road-distance ablation),0.8062865496749418,0.26207127863224877,1
2143,CPEC_LANDSLIDE_0621,1,landslide,63_27,3,63.41993483802145,27.193127695574304,Balochistan,conventional_alphaearth_embeddings_no_road_distance,Conventional + AlphaEarth Embeddings (road-distance ablation),0.9078591801290953,0.26207127863224877,1
2144,CPEC_LANDSLIDE_0665,1,landslide,65_26,3,65.67246311247278,26.272354541745106,Balochistan,conventional_alphaearth_embeddings_no_road_distance,Conventional + AlphaEarth Embeddings (road-distance ablation),0.576132368653307,0.26207127863224877,1
2145,CPEC_LANDSLIDE_0709,1,landslide,67_25,3,67.88680810460349,25.89730847034188,Punjab-Sindh lowland corridor,conventional_alphaearth_embeddings_no_road_distance,Conventional + AlphaEarth Embeddings (road-distance ablation),0.9761997753614233,0.26207127863224877,1
2146,CPEC_LANDSLIDE_0723,1,landslide,67_30,3,67.22654901161974,30.46748573102908,Balochistan,conventional_alphaearth_embeddings_no_road_distance,Conventional + AlphaEarth Embeddings (road-distance ablation),0.8878548106117554,0.26207127863224877,1
2147,CPEC_LANDSLIDE_0724,1,landslide,67_30,3,67.2243016246888,30.46523834409816,Balochistan,conventional_alphaearth_embeddings_no_road_distance,Conventional + AlphaEarth Embeddings (road-distance ablation),0.3749255468932182,0.26207127863224877,1
2148,CPEC_LANDSLIDE_0734,1,landslide,70_31,3,70.02255252246509,31.43092802283872,KP-AJK,conventional_alphaearth_embeddings_no_road_distance,Conventional + AlphaEarth Embeddings (road-distance ablation),0.9188963500159523,0.26207127863224877,1
2149,CPEC_LANDSLIDE_0735,1,landslide,70_31,3,70.02929022415682,31.439913111461408,KP-AJK,conventional_alphaearth_embeddings_no_road_distance,Conventional + AlphaEarth Embeddings (road-distance ablation),0.9680536537530221,0.26207127863224877,1
2150,CPEC_LANDSLIDE_0736,1,landslide,70_31,3,70.04501301447128,31.444403426222223,KP-AJK,conventional_alphaearth_embeddings_no_road_distance,Conventional + AlphaEarth Embeddings (road-distance ablation),0.9788999819649126,0.26207127863224877,1
2151,CPEC_LANDSLIDE_0928,1,landslide,72_35,3,72.58948755309383,35.24652282595866,KP-AJK,conventional_alphaearth_embeddings_no_road_distance,Conventional + AlphaEarth Embeddings (road-distance ablation),0.9499988747853042,0.26207127863224877,1
2152,CPEC_LANDSLIDE_0929,1,landslide,72_35,3,72.6097006581691,35.32288047239786,KP-AJK,conventional_alphaearth_embeddings_no_road_distance,Conventional + AlphaEarth Embeddings (road-distance ablation),0.979434203789748,0.26207127863224877,1
2153,CPEC_LANDSLIDE_0931,1,landslide,72_35,3,72.6097006581691,35.325127859328795,KP-AJK,conventional_alphaearth_embeddings_no_road_distance,Conventional + AlphaEarth Embeddings (road-distance ablation),0.8893674060241404,0.26207127863224877,1
2154,CPEC_LANDSLIDE_0933,1,landslide,72_35,3,72.60072002864746,35.410466135289646,KP-AJK,conventional_alphaearth_embeddings_no_road_distance,Conventional + AlphaEarth Embeddings (road-distance ablation),0.9843646279832825,0.26207127863224877,1
2155,CPEC_LANDSLIDE_0934,1,landslide,72_35,3,72.59847264171653,35.41720383698141,KP-AJK,conventional_alphaearth_embeddings_no_road_distance,Conventional + AlphaEarth Embeddings (road-distance ablation),0.9002932940671168,0.26207127863224877,1
2156,CPEC_LANDSLIDE_0935,1,landslide,72_35,3,72.6815679898475,35.59461809059485,KP-AJK,conventional_alphaearth_embeddings_no_road_distance,Conventional + AlphaEarth Embeddings (road-distance ablation),0.7247261467435987,0.26207127863224877,1
2157,CPEC_LANDSLIDE_0936,1,landslide,72_35,3,72.6815679898475,35.58788484800415,KP-AJK,conventional_alphaearth_embeddings_no_road_distance,Conventional + AlphaEarth Embeddings (road-distance ablation),0.8479909891068883,0.26207127863224877,1
2158,CPEC_LANDSLIDE_0937,1,landslide,72_35,3,72.68381091767738,35.610340880909305,KP-AJK,conventional_alphaearth_embeddings_no_road_distance,Conventional + AlphaEarth Embeddings (road-distance ablation),0.21861955397930044,0.26207127863224877,0
2159,CPEC_LANDSLIDE_0938,1,landslide,72_35,3,72.55580350373612,35.5182649032567,KP-AJK,conventional_alphaearth_embeddings_no_road_distance,Conventional + AlphaEarth Embeddings (road-distance ablation),0.9869439621042173,0.26207127863224877,1
2160,CPEC_LANDSLIDE_0939,1,landslide,72_35,3,72.5468184151134,35.5182649032567,KP-AJK,conventional_alphaearth_embeddings_no_road_distance,Conventional + AlphaEarth Embeddings (road-distance ablation),0.9611885760452659,0.26207127863224877,1
2161,CPEC_LANDSLIDE_0940,1,landslide,72_35,3,72.53559039866083,35.51601751632576,KP-AJK,conventional_alphaearth_embeddings_no_road_distance,Conventional + AlphaEarth Embeddings (road-distance ablation),0.9322127261197539,0.26207127863224877,1
2162,CPEC_LANDSLIDE_0941,1,landslide,72_35,3,72.54008071342166,35.52500260494845,KP-AJK,conventional_alphaearth_embeddings_no_road_distance,Conventional + AlphaEarth Embeddings (road-distance ablation),0.9391405176140215,0.26207127863224877,1
2163,CPEC_LANDSLIDE_0942,1,landslide,72_35,3,72.39859789609687,35.491314096489674,KP-AJK,conventional_alphaearth_embeddings_no_road_distance,Conventional + AlphaEarth Embeddings (road-distance ablation),0.11213102477255908,0.26207127863224877,0
2164,CPEC_LANDSLIDE_0943,1,landslide,72_35,3,72.39859789609687,35.491314096489674,KP-AJK,conventional_alphaearth_embeddings_no_road_distance,Conventional + AlphaEarth Embeddings (road-distance ablation),0.11213102477255908,0.26207127863224877,0
2165,CPEC_LANDSLIDE_0944,1,landslide,72_35,3,72.39635050916593,35.491314096489674,KP-AJK,conventional_alphaearth_embeddings_no_road_distance,Conventional + AlphaEarth Embeddings (road-distance ablation),0.14423698613878136,0.26207127863224877,0
2166,CPEC_ROCKFALL_0004,1,rockfall,76_38,3,76.00533286497446,38.44228028714435,"Kashgar (Xinjiang, China)",conventional_alphaearth_embeddings_no_road_distance,Conventional + AlphaEarth Embeddings (road-distance ablation),0.6913194371316289,0.26207127863224877,1
2167,CPEC_ROCKFALL_0005,1,rockfall,76_38,3,76.00308547804353,38.406348850855686,"Kashgar (Xinjiang, China)",conventional_alphaearth_embeddings_no_road_distance,Conventional + AlphaEarth Embeddings (road-distance ablation),0.8014621777692571,0.26207127863224877,1
2168,CPEC_ROCKFALL_0006,1,rockfall,76_38,3,76.00308547804353,38.404101463924746,"Kashgar (Xinjiang, China)",conventional_alphaearth_embeddings_no_road_distance,Conventional + AlphaEarth Embeddings (road-distance ablation),0.5182259603289003,0.26207127863224877,1
2169,CPEC_ROCKFALL_0048,1,rockfall,63_27,3,63.597353550735946,27.460374999010465,Balochistan,conventional_alphaearth_embeddings_no_road_distance,Conventional + AlphaEarth Embeddings (road-distance ablation),0.1323847313235615,0.26207127863224877,0
2170,CPEC_ROCKFALL_0049,1,rockfall,63_27,3,63.597353550735946,27.460374999010465,Balochistan,conventional_alphaearth_embeddings_no_road_distance,Conventional + AlphaEarth Embeddings (road-distance ablation),0.1323847313235615,0.26207127863224877,0
2171,CPEC_ROCKFALL_0050,1,rockfall,63_27,3,63.264976617313145,27.291941374918657,Balochistan,conventional_alphaearth_embeddings_no_road_distance,Conventional + AlphaEarth Embeddings (road-distance ablation),0.7192600380929915,0.26207127863224877,1
2172,CPEC_ROCKFALL_0051,1,rockfall,63_27,3,63.40870682156886,27.224568817102146,Balochistan,conventional_alphaearth_embeddings_no_road_distance,Conventional + AlphaEarth Embeddings (road-distance ablation),0.8728758415369733,0.26207127863224877,1
2173,CPEC_ROCKFALL_0052,1,rockfall,63_27,3,63.40870682156886,27.217831115410384,Balochistan,conventional_alphaearth_embeddings_no_road_distance,Conventional + AlphaEarth Embeddings (road-distance ablation),0.780327306182069,0.26207127863224877,1
2174,CPEC_ROCKFALL_0053,1,rockfall,63_27,3,63.534471307680256,27.07634383898455,Balochistan,conventional_alphaearth_embeddings_no_road_distance,Conventional + AlphaEarth Embeddings (road-distance ablation),0.11959181058703879,0.26207127863224877,0
2175,CPEC_ROCKFALL_0057,1,rockfall,63_27,3,63.534471307680256,27.07634383898455,Balochistan,conventional_alphaearth_embeddings_no_road_distance,Conventional + AlphaEarth Embeddings (road-distance ablation),0.11959181058703879,0.26207127863224877,0
2176,CPEC_ROCKFALL_0082,1,rockfall,65_26,3,65.42991476977166,26.880963867226765,Balochistan,conventional_alphaearth_embeddings_no_road_distance,Conventional + AlphaEarth Embeddings (road-distance ablation),0.478681985980194,0.26207127863224877,1
2177,CPEC_ROCKFALL_0083,1,rockfall,65_26,3,65.4995347145191,26.96405475625668,Balochistan,conventional_alphaearth_embeddings_no_road_distance,Conventional + AlphaEarth Embeddings (road-distance ablation),0.9247159535386447,0.26207127863224877,1
2178,CPEC_ROCKFALL_0196,1,rockfall,65_26,3,65.31987307397472,26.456506497050302,Balochistan,conventional_alphaearth_embeddings_no_road_distance,Conventional + AlphaEarth Embeddings (road-distance ablation),0.7700641878822119,0.26207127863224877,1
2179,CPEC_ROCKFALL_0198,1,rockfall,65_26,3,65.53322322297788,26.42282244769257,Balochistan,conventional_alphaearth_embeddings_no_road_distance,Conventional + AlphaEarth Embeddings (road-distance ablation),0.8386212318986267,0.26207127863224877,1
2180,CPEC_ROCKFALL_0199,1,rockfall,65_26,3,65.55792664281397,26.42057506076164,Balochistan,conventional_alphaearth_embeddings_no_road_distance,Conventional + AlphaEarth Embeddings (road-distance ablation),0.9064880511568695,0.26207127863224877,1
2181,CPEC_ROCKFALL_0200,1,rockfall,65_26,3,65.70390423400063,26.306038591102823,Balochistan,conventional_alphaearth_embeddings_no_road_distance,Conventional + AlphaEarth Embeddings (road-distance ablation),0.8936921329026163,0.26207127863224877,1
2182,CPEC_ROCKFALL_0201,1,rockfall,65_26,3,65.7016568470697,26.303795663272943,Balochistan,conventional_alphaearth_embeddings_no_road_distance,Conventional + AlphaEarth Embeddings (road-distance ablation),0.6966165350710398,0.26207127863224877,1
2183,CPEC_ROCKFALL_0202,1,rockfall,65_26,3,65.69716653230887,26.301548276342007,Balochistan,conventional_alphaearth_embeddings_no_road_distance,Conventional + AlphaEarth Embeddings (road-distance ablation),0.9718624461596027,0.26207127863224877,1
2184,CPEC_ROCKFALL_0203,1,rockfall,65_26,3,65.69716653230887,26.299300889411075,Balochistan,conventional_alphaearth_embeddings_no_road_distance,Conventional + AlphaEarth Embeddings (road-distance ablation),0.5650869306251977,0.26207127863224877,1
2185,CPEC_ROCKFALL_0204,1,rockfall,65_26,3,65.69491914537794,26.299300889411075,Balochistan,conventional_alphaearth_embeddings_no_road_distance,Conventional + AlphaEarth Embeddings (road-distance ablation),0.9049289251145206,0.26207127863224877,1
2186,CPEC_ROCKFALL_0205,1,rockfall,65_26,3,65.69491914537794,26.29705796158119,Balochistan,conventional_alphaearth_embeddings_no_road_distance,Conventional + AlphaEarth Embeddings (road-distance ablation),0.6924487077302836,0.26207127863224877,1
2187,CPEC_ROCKFALL_0206,1,rockfall,65_26,3,65.692671758447,26.29705796158119,Balochistan,conventional_alphaearth_embeddings_no_road_distance,Conventional + AlphaEarth Embeddings (road-distance ablation),0.828907022805827,0.26207127863224877,1
2188,CPEC_ROCKFALL_0207,1,rockfall,65_26,3,65.692671758447,26.294810574650256,Balochistan,conventional_alphaearth_embeddings_no_road_distance,Conventional + AlphaEarth Embeddings (road-distance ablation),0.7755334625534023,0.26207127863224877,1
2189,CPEC_ROCKFALL_0208,1,rockfall,65_26,3,65.692671758447,26.294810574650256,Balochistan,conventional_alphaearth_embeddings_no_road_distance,Conventional + AlphaEarth Embeddings (road-distance ablation),0.7755334625534023,0.26207127863224877,1
2190,CPEC_ROCKFALL_0209,1,rockfall,65_26,3,65.68369112892536,26.28358255819768,Balochistan,conventional_alphaearth_embeddings_no_road_distance,Conventional + AlphaEarth Embeddings (road-distance ablation),0.8118591791850386,0.26207127863224877,1
2191,CPEC_ROCKFALL_0210,1,rockfall,65_26,3,65.68144374199443,26.281335171266733,Balochistan,conventional_alphaearth_embeddings_no_road_distance,Conventional + AlphaEarth Embeddings (road-distance ablation),0.7860135400200955,0.26207127863224877,1
2192,CPEC_ROCKFALL_0211,1,rockfall,65_26,3,65.67920081416455,26.281335171266733,Balochistan,conventional_alphaearth_embeddings_no_road_distance,Conventional + AlphaEarth Embeddings (road-distance ablation),0.9428545097889719,0.26207127863224877,1
2193,CPEC_ROCKFALL_0212,1,rockfall,65_26,3,65.6769534272336,26.27684485650592,Balochistan,conventional_alphaearth_embeddings_no_road_distance,Conventional + AlphaEarth Embeddings (road-distance ablation),0.8606767809365731,0.26207127863224877,1
2194,CPEC_ROCKFALL_0213,1,rockfall,65_26,3,65.67021572554187,26.270107154814166,Balochistan,conventional_alphaearth_embeddings_no_road_distance,Conventional + AlphaEarth Embeddings (road-distance ablation),0.8422822292384408,0.26207127863224877,1
2195,CPEC_ROCKFALL_0214,1,rockfall,65_26,3,65.67246311247278,26.270107154814166,Balochistan,conventional_alphaearth_embeddings_no_road_distance,Conventional + AlphaEarth Embeddings (road-distance ablation),0.5531094490250513,0.26207127863224877,1
2196,CPEC_ROCKFALL_0215,1,rockfall,65_26,3,65.67021572554187,26.26561684005334,Balochistan,conventional_alphaearth_embeddings_no_road_distance,Conventional + AlphaEarth Embeddings (road-distance ablation),0.32256627849233693,0.26207127863224877,1
2197,CPEC_ROCKFALL_0216,1,rockfall,65_26,3,65.67021572554187,26.267859767883227,Balochistan,conventional_alphaearth_embeddings_no_road_distance,Conventional + AlphaEarth Embeddings (road-distance ablation),0.9343854063367737,0.26207127863224877,1
2198,CPEC_ROCKFALL_0218,1,rockfall,65_26,3,65.67021572554187,26.267859767883227,Balochistan,conventional_alphaearth_embeddings_no_road_distance,Conventional + AlphaEarth Embeddings (road-distance ablation),0.9343854063367737,0.26207127863224877,1
2199,CPEC_ROCKFALL_0219,1,rockfall,65_26,3,65.66796833861092,26.267859767883227,Balochistan,conventional_alphaearth_embeddings_no_road_distance,Conventional + AlphaEarth Embeddings (road-distance ablation),0.8905663297054098,0.26207127863224877,1
2200,CPEC_ROCKFALL_0222,1,rockfall,65_26,3,65.70390423400063,26.30828597803377,Balochistan,conventional_alphaearth_embeddings_no_road_distance,Conventional + AlphaEarth Embeddings (road-distance ablation),0.9677446438830613,0.26207127863224877,1
2201,CPEC_ROCKFALL_0223,1,rockfall,65_26,3,65.70614716183051,26.30828597803377,Balochistan,conventional_alphaearth_embeddings_no_road_distance,Conventional + AlphaEarth Embeddings (road-distance ablation),0.858152254579386,0.26207127863224877,1
2202,CPEC_ROCKFALL_0224,1,rockfall,65_26,3,65.70390423400063,26.306038591102823,Balochistan,conventional_alphaearth_embeddings_no_road_distance,Conventional + AlphaEarth Embeddings (road-distance ablation),0.8936921329026163,0.26207127863224877,1
2203,CPEC_ROCKFALL_0225,1,rockfall,65_26,3,65.70390423400063,26.303795663272943,Balochistan,conventional_alphaearth_embeddings_no_road_distance,Conventional + AlphaEarth Embeddings (road-distance ablation),0.7718130880480795,0.26207127863224877,1
2204,CPEC_ROCKFALL_0226,1,rockfall,65_26,3,65.7016568470697,26.303795663272943,Balochistan,conventional_alphaearth_embeddings_no_road_distance,Conventional + AlphaEarth Embeddings (road-distance ablation),0.6966165350710398,0.26207127863224877,1
2205,CPEC_ROCKFALL_0227,1,rockfall,65_26,3,65.692671758447,26.29256764682037,Balochistan,conventional_alphaearth_embeddings_no_road_distance,Conventional + AlphaEarth Embeddings (road-distance ablation),0.621101238420972,0.26207127863224877,1
2206,CPEC_ROCKFALL_0228,1,rockfall,65_26,3,65.70614716183051,26.312776292794585,Balochistan,conventional_alphaearth_embeddings_no_road_distance,Conventional + AlphaEarth Embeddings (road-distance ablation),0.8662501995152406,0.26207127863224877,1
2207,CPEC_ROCKFALL_0229,1,rockfall,65_26,3,65.77352417874808,26.281335171266733,Balochistan,conventional_alphaearth_embeddings_no_road_distance,Conventional + AlphaEarth Embeddings (road-distance ablation),0.894804397490481,0.26207127863224877,1
2208,CPEC_ROCKFALL_0317,1,rockfall,66_28,3,66.3439502219091,28.1520796726231,Balochistan,conventional_alphaearth_embeddings_no_road_distance,Conventional + AlphaEarth Embeddings (road-distance ablation),0.700571739834164,0.26207127863224877,1
2209,CPEC_ROCKFALL_0318,1,rockfall,66_28,3,66.35742562529262,28.158817374314857,Balochistan,conventional_alphaearth_embeddings_no_road_distance,Conventional + AlphaEarth Embeddings (road-distance ablation),0.5212937762619455,0.26207127863224877,1
2210,CPEC_ROCKFALL_0319,1,rockfall,66_28,3,66.35742562529262,28.156569987383925,Balochistan,conventional_alphaearth_embeddings_no_road_distance,Conventional + AlphaEarth Embeddings (road-distance ablation),0.15124139990755842,0.26207127863224877,0
2211,CPEC_ROCKFALL_0396,1,rockfall,67_25,3,67.8890554915344,25.86137257495216,Punjab-Sindh lowland corridor,conventional_alphaearth_embeddings_no_road_distance,Conventional + AlphaEarth Embeddings (road-distance ablation),0.9441429434354915,0.26207127863224877,1
2212,CPEC_ROCKFALL_0397,1,rockfall,67_25,3,67.88680810460349,25.86137257495216,Punjab-Sindh lowland corridor,conventional_alphaearth_embeddings_no_road_distance,Conventional + AlphaEarth Embeddings (road-distance ablation),0.8568793403986474,0.26207127863224877,1
2213,CPEC_ROCKFALL_0398,1,rockfall,67_25,3,67.88680810460349,25.86361996188309,Punjab-Sindh lowland corridor,conventional_alphaearth_embeddings_no_road_distance,Conventional + AlphaEarth Embeddings (road-distance ablation),0.8948063860460423,0.26207127863224877,1
2214,CPEC_ROCKFALL_0399,1,rockfall,67_25,3,67.88680810460349,25.868110276643904,Punjab-Sindh lowland corridor,conventional_alphaearth_embeddings_no_road_distance,Conventional + AlphaEarth Embeddings (road-distance ablation),0.931717774469111,0.26207127863224877,1
2215,CPEC_ROCKFALL_0400,1,rockfall,67_25,3,67.88456517677359,25.87035766357484,Punjab-Sindh lowland corridor,conventional_alphaearth_embeddings_no_road_distance,Conventional + AlphaEarth Embeddings (road-distance ablation),0.9084835218509066,0.26207127863224877,1
2216,CPEC_ROCKFALL_0401,1,rockfall,67_25,3,67.9294772425839,25.881585680027424,Punjab-Sindh lowland corridor,conventional_alphaearth_embeddings_no_road_distance,Conventional + AlphaEarth Embeddings (road-distance ablation),0.9702883519745042,0.26207127863224877,1
2217,CPEC_ROCKFALL_0402,1,rockfall,67_25,3,67.92498692782308,25.879338293096488,Punjab-Sindh lowland corridor,conventional_alphaearth_embeddings_no_road_distance,Conventional + AlphaEarth Embeddings (road-distance ablation),0.9835094734515588,0.26207127863224877,1
2218,CPEC_ROCKFALL_0403,1,rockfall,67_25,3,67.92498692782308,25.879338293096488,Punjab-Sindh lowland corridor,conventional_alphaearth_embeddings_no_road_distance,Conventional + AlphaEarth Embeddings (road-distance ablation),0.9835094734515588,0.26207127863224877,1
2219,CPEC_ROCKFALL_0404,1,rockfall,67_25,3,67.92498692782308,25.8770953652666,Punjab-Sindh lowland corridor,conventional_alphaearth_embeddings_no_road_distance,Conventional + AlphaEarth Embeddings (road-distance ablation),0.9557840992802815,0.26207127863224877,1
2220,CPEC_ROCKFALL_0405,1,rockfall,67_25,3,67.88007040291171,25.89730847034188,Punjab-Sindh lowland corridor,conventional_alphaearth_embeddings_no_road_distance,Conventional + AlphaEarth Embeddings (road-distance ablation),0.9667363914295491,0.26207127863224877,1
2221,CPEC_ROCKFALL_0406,1,rockfall,67_25,3,67.89129841936429,25.908536486794453,Punjab-Sindh lowland corridor,conventional_alphaearth_embeddings_no_road_distance,Conventional + AlphaEarth Embeddings (road-distance ablation),0.8849477798438566,0.26207127863224877,1
2222,CPEC_ROCKFALL_0413,1,rockfall,69_29,3,69.89229772159287,29.52425654429473,Punjab-Sindh lowland corridor,conventional_alphaearth_embeddings_no_road_distance,Conventional + AlphaEarth Embeddings (road-distance ablation),0.7410170407322278,0.26207127863224877,1
2223,CPEC_ROCKFALL_0467,1,rockfall,69_29,3,69.16241868386169,29.07060543952136,Balochistan,conventional_alphaearth_embeddings_no_road_distance,Conventional + AlphaEarth Embeddings (road-distance ablation),0.9656662346686061,0.26207127863224877,1
2224,CPEC_ROCKFALL_0468,1,rockfall,69_29,3,69.16466161169157,29.0728528264523,Balochistan,conventional_alphaearth_embeddings_no_road_distance,Conventional + AlphaEarth Embeddings (road-distance ablation),0.9795479978058004,0.26207127863224877,1
2225,CPEC_ROCKFALL_0469,1,rockfall,69_29,3,69.16466161169157,29.077343141213124,Balochistan,conventional_alphaearth_embeddings_no_road_distance,Conventional + AlphaEarth Embeddings (road-distance ablation),0.9528751362685705,0.26207127863224877,1
2226,CPEC_ROCKFALL_0470,1,rockfall,69_29,3,69.16017129693074,29.077343141213124,Balochistan,conventional_alphaearth_embeddings_no_road_distance,Conventional + AlphaEarth Embeddings (road-distance ablation),0.9338739137884732,0.26207127863224877,1
2227,CPEC_ROCKFALL_0471,1,rockfall,69_29,3,69.1669089986225,29.0728528264523,Balochistan,conventional_alphaearth_embeddings_no_road_distance,Conventional + AlphaEarth Embeddings (road-distance ablation),0.9758785097622674,0.26207127863224877,1
2228,CPEC_ROCKFALL_0472,1,rockfall,69_29,3,69.14669589354723,29.09530885935745,Balochistan,conventional_alphaearth_embeddings_no_road_distance,Conventional + AlphaEarth Embeddings (road-distance ablation),0.9311651167483167,0.26207127863224877,1
2229,CPEC_ROCKFALL_0473,1,rockfall,69_29,3,69.1444485066163,29.09755624628839,Balochistan,conventional_alphaearth_embeddings_no_road_distance,Conventional + AlphaEarth Embeddings (road-distance ablation),0.9224240403705917,0.26207127863224877,1
2230,CPEC_ROCKFALL_0474,1,rockfall,69_29,3,69.1444485066163,29.09755624628839,Balochistan,conventional_alphaearth_embeddings_no_road_distance,Conventional + AlphaEarth Embeddings (road-distance ablation),0.9224240403705917,0.26207127863224877,1
2231,CPEC_ROCKFALL_0476,1,rockfall,69_29,3,69.1444485066163,29.099799174118274,Balochistan,conventional_alphaearth_embeddings_no_road_distance,Conventional + AlphaEarth Embeddings (road-distance ablation),0.9414009674086657,0.26207127863224877,1
2232,CPEC_ROCKFALL_0609,1,rockfall,67_30,3,67.26921814960016,30.0722265545506,Balochistan,conventional_alphaearth_embeddings_no_road_distance,Conventional + AlphaEarth Embeddings (road-distance ablation),0.9406721621953057,0.26207127863224877,1
2233,CPEC_ROCKFALL_0610,1,rockfall,67_30,3,67.26921814960016,30.0722265545506,Balochistan,conventional_alphaearth_embeddings_no_road_distance,Conventional + AlphaEarth Embeddings (road-distance ablation),0.9406721621953057,0.26207127863224877,1
2234,CPEC_ROCKFALL_0611,1,rockfall,67_30,3,67.26921814960016,30.07447394148153,Balochistan,conventional_alphaearth_embeddings_no_road_distance,Conventional + AlphaEarth Embeddings (road-distance ablation),0.952584358632203,0.26207127863224877,1
2235,CPEC_ROCKFALL_0612,1,rockfall,67_30,3,67.26921814960016,30.08121164317328,Balochistan,conventional_alphaearth_embeddings_no_road_distance,Conventional + AlphaEarth Embeddings (road-distance ablation),0.9438992179415087,0.26207127863224877,1
2236,CPEC_ROCKFALL_0613,1,rockfall,67_30,3,67.26697076266923,30.087949344865045,Balochistan,conventional_alphaearth_embeddings_no_road_distance,Conventional + AlphaEarth Embeddings (road-distance ablation),0.9654046222968947,0.26207127863224877,1
2237,CPEC_ROCKFALL_0614,1,rockfall,67_30,3,67.20184559178365,30.276591614931068,Balochistan,conventional_alphaearth_embeddings_no_road_distance,Conventional + AlphaEarth Embeddings (road-distance ablation),0.7840262839104174,0.26207127863224877,1
2238,CPEC_ROCKFALL_0615,1,rockfall,67_30,3,67.20184559178365,30.276591614931068,Balochistan,conventional_alphaearth_embeddings_no_road_distance,Conventional + AlphaEarth Embeddings (road-distance ablation),0.7840262839104174,0.26207127863224877,1
2239,CPEC_ROCKFALL_0616,1,rockfall,67_30,3,67.20408851961353,30.274348687101185,Balochistan,conventional_alphaearth_embeddings_no_road_distance,Conventional + AlphaEarth Embeddings (road-distance ablation),0.17820642366853606,0.26207127863224877,0
2240,CPEC_ROCKFALL_0617,1,rockfall,67_30,3,67.20408851961353,30.27883900186201,Balochistan,conventional_alphaearth_embeddings_no_road_distance,Conventional + AlphaEarth Embeddings (road-distance ablation),0.7951643002044089,0.26207127863224877,1
2241,CPEC_ROCKFALL_0618,1,rockfall,67_30,3,67.20408851961353,30.27883900186201,Balochistan,conventional_alphaearth_embeddings_no_road_distance,Conventional + AlphaEarth Embeddings (road-distance ablation),0.7951643002044089,0.26207127863224877,1
2242,CPEC_ROCKFALL_0619,1,rockfall,67_30,3,67.20633590654447,30.276591614931068,Balochistan,conventional_alphaearth_embeddings_no_road_distance,Conventional + AlphaEarth Embeddings (road-distance ablation),0.8048980570639235,0.26207127863224877,1
2243,CPEC_ROCKFALL_0620,1,rockfall,67_30,3,67.20633590654447,30.276591614931068,Balochistan,conventional_alphaearth_embeddings_no_road_distance,Conventional + AlphaEarth Embeddings (road-distance ablation),0.8048980570639235,0.26207127863224877,1
2244,CPEC_ROCKFALL_0621,1,rockfall,67_30,3,67.20857883437435,30.274348687101185,Balochistan,conventional_alphaearth_embeddings_no_road_distance,Conventional + AlphaEarth Embeddings (road-distance ablation),0.5417105950630996,0.26207127863224877,1
2245,CPEC_ROCKFALL_0622,1,rockfall,67_30,3,67.20857883437435,30.274348687101185,Balochistan,conventional_alphaearth_embeddings_no_road_distance,Conventional + AlphaEarth Embeddings (road-distance ablation),0.5417105950630996,0.26207127863224877,1
2246,CPEC_ROCKFALL_0623,1,rockfall,67_30,3,67.20857883437435,30.272101300170256,Balochistan,conventional_alphaearth_embeddings_no_road_distance,Conventional + AlphaEarth Embeddings (road-distance ablation),0.43301260162930943,0.26207127863224877,1
2247,CPEC_ROCKFALL_0624,1,rockfall,67_30,3,67.21307360823623,30.272101300170256,Balochistan,conventional_alphaearth_embeddings_no_road_distance,Conventional + AlphaEarth Embeddings (road-distance ablation),0.6880735825558605,0.26207127863224877,1
2248,CPEC_ROCKFALL_0625,1,rockfall,67_30,3,67.20633590654447,30.274348687101185,Balochistan,conventional_alphaearth_embeddings_no_road_distance,Conventional + AlphaEarth Embeddings (road-distance ablation),0.2469641638675631,0.26207127863224877,0
2249,CPEC_ROCKFALL_0626,1,rockfall,67_30,3,67.20633590654447,30.272101300170256,Balochistan,conventional_alphaearth_embeddings_no_road_distance,Conventional + AlphaEarth Embeddings (road-distance ablation),0.6224978254753002,0.26207127863224877,1
2250,CPEC_ROCKFALL_0627,1,rockfall,67_30,3,67.19510789009189,30.27883900186201,Balochistan,conventional_alphaearth_embeddings_no_road_distance,Conventional + AlphaEarth Embeddings (road-distance ablation),0.4823416210054192,0.26207127863224877,1
2251,CPEC_ROCKFALL_0628,1,rockfall,67_30,3,67.19959820485273,30.27883900186201,Balochistan,conventional_alphaearth_embeddings_no_road_distance,Conventional + AlphaEarth Embeddings (road-distance ablation),0.88920695539999,0.26207127863224877,1
2252,CPEC_ROCKFALL_0629,1,rockfall,67_30,3,67.20184559178365,30.281086388792943,Balochistan,conventional_alphaearth_embeddings_no_road_distance,Conventional + AlphaEarth Embeddings (road-distance ablation),0.7944496821023462,0.26207127863224877,1
2253,CPEC_ROCKFALL_0630,1,rockfall,67_30,3,67.19735081792177,30.27659161493106,Balochistan,conventional_alphaearth_embeddings_no_road_distance,Conventional + AlphaEarth Embeddings (road-distance ablation),0.9611776389504231,0.26207127863224877,1
2254,CPEC_ROCKFALL_0631,1,rockfall,67_30,3,67.19735081792177,30.274348687101185,Balochistan,conventional_alphaearth_embeddings_no_road_distance,Conventional + AlphaEarth Embeddings (road-distance ablation),0.922322371554838,0.26207127863224877,1
2255,CPEC_ROCKFALL_0640,1,rockfall,67_30,3,67.49379631505592,30.3260029137043,Balochistan,conventional_alphaearth_embeddings_no_road_distance,Conventional + AlphaEarth Embeddings (road-distance ablation),0.9425772178144168,0.26207127863224877,1
2256,CPEC_ROCKFALL_0641,1,rockfall,67_30,3,67.47358320998065,30.359686963062035,Balochistan,conventional_alphaearth_embeddings_no_road_distance,Conventional + AlphaEarth Embeddings (road-distance ablation),0.965538446821767,0.26207127863224877,1
2257,CPEC_ROCKFALL_0642,1,rockfall,67_30,3,67.44887979014456,30.36867205168473,Balochistan,conventional_alphaearth_embeddings_no_road_distance,Conventional + AlphaEarth Embeddings (road-distance ablation),0.9406232418412379,0.26207127863224877,1
2258,CPEC_ROCKFALL_0643,1,rockfall,67_30,3,67.22654901161974,30.46748573102908,Balochistan,conventional_alphaearth_embeddings_no_road_distance,Conventional + AlphaEarth Embeddings (road-distance ablation),0.8878548106117554,0.26207127863224877,1
2259,CPEC_ROCKFALL_0658,1,rockfall,70_31,3,70.0203095946352,31.42643770807789,KP-AJK,conventional_alphaearth_embeddings_no_road_distance,Conventional + AlphaEarth Embeddings (road-distance ablation),0.9642243453107121,0.26207127863224877,1
2260,CPEC_ROCKFALL_0659,1,rockfall,70_31,3,70.14607408074657,31.61508443724497,KP-AJK,conventional_alphaearth_embeddings_no_road_distance,Conventional + AlphaEarth Embeddings (road-distance ablation),0.8093377240824388,0.26207127863224877,1
2261,CPEC_ROCKFALL_0660,1,rockfall,70_31,3,70.20221862211051,31.74533923811718,KP-AJK,conventional_alphaearth_embeddings_no_road_distance,Conventional + AlphaEarth Embeddings (road-distance ablation),0.9766715535842057,0.26207127863224877,1
2262,CPEC_ROCKFALL_0710,1,rockfall,71_33,3,71.23303347173665,33.411714219992014,KP-AJK,conventional_alphaearth_embeddings_no_road_distance,Conventional + AlphaEarth Embeddings (road-distance ablation),0.5054510210522084,0.26207127863224877,1
2263,CPEC_ROCKFALL_0711,1,rockfall,71_33,3,71.23752378649748,33.411714219992014,KP-AJK,conventional_alphaearth_embeddings_no_road_distance,Conventional + AlphaEarth Embeddings (road-distance ablation),0.7379439051262341,0.26207127863224877,1
2264,CPEC_ROCKFALL_0712,1,rockfall,71_33,3,71.36328827260886,33.44540272845079,KP-AJK,conventional_alphaearth_embeddings_no_road_distance,Conventional + AlphaEarth Embeddings (road-distance ablation),0.9297765347534157,0.26207127863224877,1
2265,CPEC_ROCKFALL_0713,1,rockfall,71_33,3,71.3655356595398,33.44540272845079,KP-AJK,conventional_alphaearth_embeddings_no_road_distance,Conventional + AlphaEarth Embeddings (road-distance ablation),0.8984997385613037,0.26207127863224877,1
2266,CPEC_ROCKFALL_0714,1,rockfall,71_33,3,71.36328827260886,33.44090795458893,KP-AJK,conventional_alphaearth_embeddings_no_road_distance,Conventional + AlphaEarth Embeddings (road-distance ablation),0.8857769383708924,0.26207127863224877,1
2267,CPEC_ROCKFALL_0716,1,rockfall,71_33,3,71.8820645482678,33.827186501545775,KP-AJK,conventional_alphaearth_embeddings_no_road_distance,Conventional + AlphaEarth Embeddings (road-distance ablation),0.13824282002155527,0.26207127863224877,0
2268,CPEC_ROCKFALL_0798,1,rockfall,72_35,3,72.56029381849693,35.52500260494845,KP-AJK,conventional_alphaearth_embeddings_no_road_distance,Conventional + AlphaEarth Embeddings (road-distance ablation),0.9860399306538195,0.26207127863224877,1
2269,CPEC_ROCKFALL_0799,1,rockfall,72_35,3,72.56029381849693,35.52275521801752,KP-AJK,conventional_alphaearth_embeddings_no_road_distance,Conventional + AlphaEarth Embeddings (road-distance ablation),0.9828717377460624,0.26207127863224877,1
2270,CPEC_ROCKFALL_0800,1,rockfall,72_35,3,72.56254120542786,35.52275521801752,KP-AJK,conventional_alphaearth_embeddings_no_road_distance,Conventional + AlphaEarth Embeddings (road-distance ablation),0.9721117755195811,0.26207127863224877,1
2271,CPEC_ROCKFALL_0801,1,rockfall,72_35,3,72.56254120542786,35.52050783108658,KP-AJK,conventional_alphaearth_embeddings_no_road_distance,Conventional + AlphaEarth Embeddings (road-distance ablation),0.9828370593014241,0.26207127863224877,1
2272,,0,non_landslide,62_28,4,62.40034800484788,28.969544373246062,Balochistan,conventional_alphaearth_embeddings_no_road_distance,Conventional + AlphaEarth Embeddings (road-distance ablation),0.1607480150038418,0.5036553281757346,0
2273,,0,non_landslide,62_28,4,62.72823462350986,28.52712574402633,Balochistan,conventional_alphaearth_embeddings_no_road_distance,Conventional + AlphaEarth Embeddings (road-distance ablation),0.04371775405473734,0.5036553281757346,0
2274,,0,non_landslide,62_28,4,62.55306329772629,28.41932697605928,Balochistan,conventional_alphaearth_embeddings_no_road_distance,Conventional + AlphaEarth Embeddings (road-distance ablation),0.045846820705181666,0.5036553281757346,0
2275,,0,non_landslide,62_28,4,62.73721525303151,28.596745688773773,Balochistan,conventional_alphaearth_embeddings_no_road_distance,Conventional + AlphaEarth Embeddings (road-distance ablation),0.0482427392015424,0.5036553281757346,0
2276,,0,non_landslide,62_28,4,62.41607079516233,28.70229706980989,Balochistan,conventional_alphaearth_embeddings_no_road_distance,Conventional + AlphaEarth Embeddings (road-distance ablation),0.05185600923344885,0.5036553281757346,0
2277,,0,non_landslide,62_28,4,62.65412436400159,28.64615252844596,Balochistan,conventional_alphaearth_embeddings_no_road_distance,Conventional + AlphaEarth Embeddings (road-distance ablation),0.04349531780399506,0.5036553281757346,0
2278,,0,non_landslide,62_28,4,62.59348504877578,28.52936867185621,Balochistan,conventional_alphaearth_embeddings_no_road_distance,Conventional + AlphaEarth Embeddings (road-distance ablation),0.044845428809709965,0.5036553281757346,0
2279,,0,non_landslide,62_28,4,62.25437041366122,28.926875235265648,Balochistan,conventional_alphaearth_embeddings_no_road_distance,Conventional + AlphaEarth Embeddings (road-distance ablation),0.05152865282360338,0.5036553281757346,0
2280,,0,non_landslide,62_28,4,62.83603339147692,28.28008708656437,Balochistan,conventional_alphaearth_embeddings_no_road_distance,Conventional + AlphaEarth Embeddings (road-distance ablation),0.04376320361209014,0.5036553281757346,0
2281,,0,non_landslide,62_28,4,62.982006523562525,28.79662043439344,Balochistan,conventional_alphaearth_embeddings_no_road_distance,Conventional + AlphaEarth Embeddings (road-distance ablation),0.04806249970448462,0.5036553281757346,0
2282,,0,non_landslide,62_28,4,62.81132551253978,28.560809793384056,Balochistan,conventional_alphaearth_embeddings_no_road_distance,Conventional + AlphaEarth Embeddings (road-distance ablation),0.04485199845404946,0.5036553281757346,0
2283,,0,non_landslide,64_27,4,64.86173165444052,27.711903971233248,Balochistan,conventional_alphaearth_embeddings_no_road_distance,Conventional + AlphaEarth Embeddings (road-distance ablation),0.08853567502202435,0.5036553281757346,0
2284,,0,non_landslide,64_27,4,64.41481825135891,27.496306435299136,Balochistan,conventional_alphaearth_embeddings_no_road_distance,Conventional + AlphaEarth Embeddings (road-distance ablation),0.13582402477817593,0.5036553281757346,0
2285,,0,non_landslide,64_27,4,64.21270057790937,27.458127612079537,Balochistan,conventional_alphaearth_embeddings_no_road_distance,Conventional + AlphaEarth Embeddings (road-distance ablation),0.08140450475772407,0.5036553281757346,0
2286,,0,non_landslide,64_27,4,64.37439650030942,27.220074043240267,Balochistan,conventional_alphaearth_embeddings_no_road_distance,Conventional + AlphaEarth Embeddings (road-distance ablation),0.18826227760177883,0.5036553281757346,0
2287,,0,non_landslide,64_27,4,64.88419214644674,27.55918867835483,Balochistan,conventional_alphaearth_embeddings_no_road_distance,Conventional + AlphaEarth Embeddings (road-distance ablation),0.7389912320800388,0.5036553281757346,1
2288,,0,non_landslide,64_27,4,64.13185261670934,27.00448096640721,Balochistan,conventional_alphaearth_embeddings_no_road_distance,Conventional + AlphaEarth Embeddings (road-distance ablation),0.14687417811227038,0.5036553281757346,0
2289,,0,non_landslide,64_27,4,64.16553666606707,27.86910957887248,Balochistan,conventional_alphaearth_embeddings_no_road_distance,Conventional + AlphaEarth Embeddings (road-distance ablation),0.043700802290242174,0.5036553281757346,0
2290,,0,non_landslide,64_27,4,64.83029053291267,27.363804247495995,Balochistan,conventional_alphaearth_embeddings_no_road_distance,Conventional + AlphaEarth Embeddings (road-distance ablation),0.3015810983675657,0.5036553281757346,0
2291,,0,non_landslide,64_27,4,64.39460960538469,27.743345092761096,Balochistan,conventional_alphaearth_embeddings_no_road_distance,Conventional + AlphaEarth Embeddings (road-distance ablation),0.04922962457282256,0.5036553281757346,0
2292,,0,non_landslide,64_27,4,64.50465130118162,27.815207965338427,Balochistan,conventional_alphaearth_embeddings_no_road_distance,Conventional + AlphaEarth Embeddings (road-distance ablation),0.044028367510195975,0.5036553281757346,0
2293,,0,non_landslide,64_27,4,64.05100465550932,27.145963783732,Balochistan,conventional_alphaearth_embeddings_no_road_distance,Conventional + AlphaEarth Embeddings (road-distance ablation),0.667286067960858,0.5036553281757346,1
2294,,0,non_landslide,66_26,4,66.09466863661726,26.62494012114212,Balochistan,conventional_alphaearth_embeddings_no_road_distance,Conventional + AlphaEarth Embeddings (road-distance ablation),0.7474654935772057,0.5036553281757346,1
2295,,0,non_landslide,66_26,4,66.42480264221017,26.58676575702357,Balochistan,conventional_alphaearth_embeddings_no_road_distance,Conventional + AlphaEarth Embeddings (road-distance ablation),0.40912014122876483,0.5036553281757346,0
2296,,0,non_landslide,66_26,4,66.67183684057107,26.995495877784528,Balochistan,conventional_alphaearth_embeddings_no_road_distance,Conventional + AlphaEarth Embeddings (road-distance ablation),0.4773844078939196,0.5036553281757346,0
2297,,0,non_landslide,66_26,4,66.26983996240082,26.928123319968005,Balochistan,conventional_alphaearth_embeddings_no_road_distance,Conventional + AlphaEarth Embeddings (road-distance ablation),0.9163298976653363,0.5036553281757346,1
2298,,0,non_landslide,66_26,4,66.37988611729881,26.02307295645326,Balochistan,conventional_alphaearth_embeddings_no_road_distance,Conventional + AlphaEarth Embeddings (road-distance ablation),0.04860962248526225,0.5036553281757346,0
2299,,0,non_landslide,66_26,4,66.24738392949567,26.92587593303708,Balochistan,conventional_alphaearth_embeddings_no_road_distance,Conventional + AlphaEarth Embeddings (road-distance ablation),0.21064356425135983,0.5036553281757346,0
2300,,0,non_landslide,66_26,4,66.40234215020396,26.067985022263567,Balochistan,conventional_alphaearth_embeddings_no_road_distance,Conventional + AlphaEarth Embeddings (road-distance ablation),0.050829002862386105,0.5036553281757346,0
2301,,0,non_landslide,66_26,4,66.88518698957425,26.68333204943699,Balochistan,conventional_alphaearth_embeddings_no_road_distance,Conventional + AlphaEarth Embeddings (road-distance ablation),0.9122060250239087,0.5036553281757346,1
2302,,0,non_landslide,66_26,4,66.90315270771858,26.054514077981107,Balochistan,conventional_alphaearth_embeddings_no_road_distance,Conventional + AlphaEarth Embeddings (road-distance ablation),0.5326248730626669,0.5036553281757346,1
2303,,0,non_landslide,66_26,4,66.1261097581451,26.496932707200845,Balochistan,conventional_alphaearth_embeddings_no_road_distance,Conventional + AlphaEarth Embeddings (road-distance ablation),0.9496068905978844,0.5036553281757346,1
2304,,0,non_landslide,66_26,4,66.8627309566691,26.238666033286314,Balochistan,conventional_alphaearth_embeddings_no_road_distance,Conventional + AlphaEarth Embeddings (road-distance ablation),0.7577128543067337,0.5036553281757346,1
2305,,0,non_landslide,66_26,4,66.95705432125263,26.294810574650256,Balochistan,conventional_alphaearth_embeddings_no_road_distance,Conventional + AlphaEarth Embeddings (road-distance ablation),0.48916893416526636,0.5036553281757346,0
2306,,0,non_landslide,66_26,4,66.63815279121334,26.72375825958753,Balochistan,conventional_alphaearth_embeddings_no_road_distance,Conventional + AlphaEarth Embeddings (road-distance ablation),0.9296708548365987,0.5036553281757346,1
2307,,0,non_landslide,66_26,4,66.44950606204627,26.12188663579762,Balochistan,conventional_alphaearth_embeddings_no_road_distance,Conventional + AlphaEarth Embeddings (road-distance ablation),0.08045594983578891,0.5036553281757346,0
2308,,0,non_landslide,66_26,4,66.75044187394121,26.41383735906988,Balochistan,conventional_alphaearth_embeddings_no_road_distance,Conventional + AlphaEarth Embeddings (road-distance ablation),0.14875025477785428,0.5036553281757346,0
2309,,0,non_landslide,66_26,4,66.72798138193501,26.24989404973889,Balochistan,conventional_alphaearth_embeddings_no_road_distance,Conventional + AlphaEarth Embeddings (road-distance ablation),0.9299589357306226,0.5036553281757346,1
2310,,0,non_landslide,66_26,4,66.0722126037121,26.81808162417107,Balochistan,conventional_alphaearth_embeddings_no_road_distance,Conventional + AlphaEarth Embeddings (road-distance ablation),0.2795431543695269,0.5036553281757346,0
2311,,0,non_landslide,67_28,4,67.72960249696423,28.870730693901702,Balochistan,conventional_alphaearth_embeddings_no_road_distance,Conventional + AlphaEarth Embeddings (road-distance ablation),0.05753030218441989,0.5036553281757346,0
2312,,0,non_landslide,67_28,4,67.10976515502999,28.484456606045903,Balochistan,conventional_alphaearth_embeddings_no_road_distance,Conventional + AlphaEarth Embeddings (road-distance ablation),0.12313767201869906,0.5036553281757346,0
2313,,0,non_landslide,67_28,4,67.78574703832818,28.18801110891177,Balochistan,conventional_alphaearth_embeddings_no_road_distance,Conventional + AlphaEarth Embeddings (road-distance ablation),0.052264780841988726,0.5036553281757346,0
2314,,0,non_landslide,67_28,4,67.66672025390855,28.311528208092223,Balochistan,conventional_alphaearth_embeddings_no_road_distance,Conventional + AlphaEarth Embeddings (road-distance ablation),0.10062087167534793,0.5036553281757346,0
2315,,0,non_landslide,67_28,4,67.41743866861671,28.495684622498484,Balochistan,conventional_alphaearth_embeddings_no_road_distance,Conventional + AlphaEarth Embeddings (road-distance ablation),0.3242786283095927,0.5036553281757346,0
2316,,0,non_landslide,67_28,4,67.76329100542303,28.432802379442787,Balochistan,conventional_alphaearth_embeddings_no_road_distance,Conventional + AlphaEarth Embeddings (road-distance ablation),0.04672769751325012,0.5036553281757346,0
2317,,0,non_landslide,67_28,4,67.64875453576421,28.29805280470871,Balochistan,conventional_alphaearth_embeddings_no_road_distance,Conventional + AlphaEarth Embeddings (road-distance ablation),0.05903763070717599,0.5036553281757346,0
2318,,0,non_landslide,67_28,4,67.13896334872796,28.98301977662957,Balochistan,conventional_alphaearth_embeddings_no_road_distance,Conventional + AlphaEarth Embeddings (road-distance ablation),0.09541233450506408,0.5036553281757346,0
2319,,0,non_landslide,67_28,4,67.20408851961353,28.771917014557346,Balochistan,conventional_alphaearth_embeddings_no_road_distance,Conventional + AlphaEarth Embeddings (road-distance ablation),0.7702567973622215,0.5036553281757346,1
2320,,0,non_landslide,67_28,4,67.16590969639394,28.00610208143644,Balochistan,conventional_alphaearth_embeddings_no_road_distance,Conventional + AlphaEarth Embeddings (road-distance ablation),0.5492151719229034,0.5036553281757346,1
2321,,0,non_landslide,67_28,4,67.5342180661054,28.83479925761304,Balochistan,conventional_alphaearth_embeddings_no_road_distance,Conventional + AlphaEarth Embeddings (road-distance ablation),0.05299493083661792,0.5036553281757346,0
2322,,0,non_landslide,67_28,4,67.85087666831481,28.40585157267576,Balochistan,conventional_alphaearth_embeddings_no_road_distance,Conventional + AlphaEarth Embeddings (road-distance ablation),0.045370623667855166,0.5036553281757346,0
2323,,0,non_landslide,67_28,4,67.62854143068894,28.387885854531422,Balochistan,conventional_alphaearth_embeddings_no_road_distance,Conventional + AlphaEarth Embeddings (road-distance ablation),0.05269101167991559,0.5036553281757346,0
2324,,0,non_landslide,67_28,4,67.3410810221775,28.911152444951192,Balochistan,conventional_alphaearth_embeddings_no_road_distance,Conventional + AlphaEarth Embeddings (road-distance ablation),0.8428746497536054,0.5036553281757346,1
2325,,0,non_landslide,67_28,4,67.7206218674426,28.855007903587264,Balochistan,conventional_alphaearth_embeddings_no_road_distance,Conventional + AlphaEarth Embeddings (road-distance ablation),0.05248960326418806,0.5036553281757346,0
2326,,0,non_landslide,67_28,4,67.95867543628187,28.28008708656437,Balochistan,conventional_alphaearth_embeddings_no_road_distance,Conventional + AlphaEarth Embeddings (road-distance ablation),0.048043152331168903,0.5036553281757346,0
2327,,0,non_landslide,67_28,4,67.0715863318104,28.385638467600494,Balochistan,conventional_alphaearth_embeddings_no_road_distance,Conventional + AlphaEarth Embeddings (road-distance ablation),0.11866603853124755,0.5036553281757346,0
2328,,0,non_landslide,67_28,4,67.0221794921382,28.38114815283967,Balochistan,conventional_alphaearth_embeddings_no_road_distance,Conventional + AlphaEarth Embeddings (road-distance ablation),0.9412912072753361,0.5036553281757346,1
2329,,0,non_landslide,67_28,4,67.12324055841351,28.446277782826304,Balochistan,conventional_alphaearth_embeddings_no_road_distance,Conventional + AlphaEarth Embeddings (road-distance ablation),0.9492447387776578,0.5036553281757346,1
2330,,0,non_landslide,68_25,4,68.65037565079344,25.60311036013867,Punjab-Sindh lowland corridor,conventional_alphaearth_embeddings_no_road_distance,Conventional + AlphaEarth Embeddings (road-distance ablation),0.040481694696503284,0.5036553281757346,0
2331,,0,non_landslide,68_25,4,68.29105236970466,25.481836188788108,Punjab-Sindh lowland corridor,conventional_alphaearth_embeddings_no_road_distance,Conventional + AlphaEarth Embeddings (road-distance ablation),0.044337080378882045,0.5036553281757346,0
2332,,0,non_landslide,68_25,4,68.68406415925222,25.255010636401423,Punjab-Sindh lowland corridor,conventional_alphaearth_embeddings_no_road_distance,Conventional + AlphaEarth Embeddings (road-distance ablation),0.042986157619594685,0.5036553281757346,0
2333,,0,non_landslide,68_25,4,68.39211343597997,25.187638078584907,Punjab-Sindh lowland corridor,conventional_alphaearth_embeddings_no_road_distance,Conventional + AlphaEarth Embeddings (road-distance ablation),0.050071724447189284,0.5036553281757346,0
2334,,0,non_landslide,68_25,4,68.86822057365849,25.917517116316088,Punjab-Sindh lowland corridor,conventional_alphaearth_embeddings_no_road_distance,Conventional + AlphaEarth Embeddings (road-distance ablation),0.0404805837426909,0.5036553281757346,0
2335,,0,non_landslide,68_25,4,68.22592273971803,25.059626205542585,Punjab-Sindh lowland corridor,conventional_alphaearth_embeddings_no_road_distance,Conventional + AlphaEarth Embeddings (road-distance ablation),0.07561646028372804,0.5036553281757346,0
2336,,0,non_landslide,68_25,4,68.86597318672754,25.29094207269009,Punjab-Sindh lowland corridor,conventional_alphaearth_embeddings_no_road_distance,Conventional + AlphaEarth Embeddings (road-distance ablation),0.04084157835769098,0.5036553281757346,0
2337,,0,non_landslide,68_25,4,68.95580623655027,25.12250844859827,Punjab-Sindh lowland corridor,conventional_alphaearth_embeddings_no_road_distance,Conventional + AlphaEarth Embeddings (road-distance ablation),0.04636018881500934,0.5036553281757346,0
2338,,0,non_landslide,68_25,4,68.40334145243254,25.17641006213233,Punjab-Sindh lowland corridor,conventional_alphaearth_embeddings_no_road_distance,Conventional + AlphaEarth Embeddings (road-distance ablation),0.0449192042985132,0.5036553281757346,0
2339,,0,non_landslide,68_25,4,68.96029655131109,25.744593177463457,Punjab-Sindh lowland corridor,conventional_alphaearth_embeddings_no_road_distance,Conventional + AlphaEarth Embeddings (road-distance ablation),0.04146565790719954,0.5036553281757346,0
2340,,0,non_landslide,68_25,4,68.5942311094295,25.72438007238819,Punjab-Sindh lowland corridor,conventional_alphaearth_embeddings_no_road_distance,Conventional + AlphaEarth Embeddings (road-distance ablation),0.05358578211536102,0.5036553281757346,0
2341,,0,non_landslide,68_30,4,68.38312834735727,30.66287016188793,Balochistan,conventional_alphaearth_embeddings_no_road_distance,Conventional + AlphaEarth Embeddings (road-distance ablation),0.3772490657872464,0.5036553281757346,0
2342,,0,non_landslide,68_30,4,68.16304049666233,30.60447823359305,Balochistan,conventional_alphaearth_embeddings_no_road_distance,Conventional + AlphaEarth Embeddings (road-distance ablation),0.1482244497613077,0.5036553281757346,0
2343,,0,non_landslide,68_30,4,68.4257974853377,30.79537234969107,Balochistan,conventional_alphaearth_embeddings_no_road_distance,Conventional + AlphaEarth Embeddings (road-distance ablation),0.04674915067358112,0.5036553281757346,0
2344,,0,non_landslide,68_30,4,68.87046350148837,30.92787453749421,Balochistan,conventional_alphaearth_embeddings_no_road_distance,Conventional + AlphaEarth Embeddings (road-distance ablation),0.15174165861807343,0.5036553281757346,0
2345,,0,non_landslide,68_30,4,68.80982864536362,30.864992294438515,Balochistan,conventional_alphaearth_embeddings_no_road_distance,Conventional + AlphaEarth Embeddings (road-distance ablation),0.08499369577559651,0.5036553281757346,0
2346,,0,non_landslide,68_30,4,68.7963532419801,30.999737410071543,Balochistan,conventional_alphaearth_embeddings_no_road_distance,Conventional + AlphaEarth Embeddings (road-distance ablation),0.20363300015789468,0.5036553281757346,0
2347,,0,non_landslide,68_30,4,68.14507477851801,30.68982096865495,Balochistan,conventional_alphaearth_embeddings_no_road_distance,Conventional + AlphaEarth Embeddings (road-distance ablation),0.09381748148807763,0.5036553281757346,0
2348,,0,non_landslide,68_30,4,68.07320744683962,30.413588576596084,Balochistan,conventional_alphaearth_embeddings_no_road_distance,Conventional + AlphaEarth Embeddings (road-distance ablation),0.4096491497357515,0.5036553281757346,0
2349,,0,non_landslide,68_30,4,68.30228038615724,30.301299493868207,Balochistan,conventional_alphaearth_embeddings_no_road_distance,Conventional + AlphaEarth Embeddings (road-distance ablation),0.10480030620004117,0.5036553281757346,0
2350,,0,non_landslide,68_30,4,68.2371507561706,30.99524709531073,Balochistan,conventional_alphaearth_embeddings_no_road_distance,Conventional + AlphaEarth Embeddings (road-distance ablation),0.588926248273431,0.5036553281757346,1
2351,,0,non_landslide,68_30,4,68.23041305447886,30.462995416268267,Balochistan,conventional_alphaearth_embeddings_no_road_distance,Conventional + AlphaEarth Embeddings (road-distance ablation),0.05105578033355618,0.5036553281757346,0
2352,,0,non_landslide,68_30,4,68.16304049666233,30.52587765932396,Balochistan,conventional_alphaearth_embeddings_no_road_distance,Conventional + AlphaEarth Embeddings (road-distance ablation),0.1015216499243644,0.5036553281757346,0
2353,,0,non_landslide,68_30,4,68.24837877262318,30.941345481776672,Balochistan,conventional_alphaearth_embeddings_no_road_distance,Conventional + AlphaEarth Embeddings (road-distance ablation),0.19754298784631466,0.5036553281757346,0
2354,,0,non_landslide,68_30,4,68.41905978364593,30.98401907885816,Balochistan,conventional_alphaearth_embeddings_no_road_distance,Conventional + AlphaEarth Embeddings (road-distance ablation),0.21880143043624772,0.5036553281757346,0
2355,,0,non_landslide,68_30,4,68.60770651281301,30.96604890161276,Balochistan,conventional_alphaearth_embeddings_no_road_distance,Conventional + AlphaEarth Embeddings (road-distance ablation),0.16452695081671717,0.5036553281757346,0
2356,,0,non_landslide,68_30,4,68.72448591030171,30.26312067064861,Balochistan,conventional_alphaearth_embeddings_no_road_distance,Conventional + AlphaEarth Embeddings (road-distance ablation),0.39341383756920156,0.5036553281757346,0
2357,,0,non_landslide,68_30,4,68.01032520378392,30.415831504425974,Balochistan,conventional_alphaearth_embeddings_no_road_distance,Conventional + AlphaEarth Embeddings (road-distance ablation),0.057448155431966304,0.5036553281757346,0
2358,,0,non_landslide,68_30,4,68.53359625330475,30.14184649929804,Balochistan,conventional_alphaearth_embeddings_no_road_distance,Conventional + AlphaEarth Embeddings (road-distance ablation),0.35276006676663246,0.5036553281757346,0
2359,,0,non_landslide,68_30,4,68.74694640230791,30.97952430499628,Balochistan,conventional_alphaearth_embeddings_no_road_distance,Conventional + AlphaEarth Embeddings (road-distance ablation),0.2784635824400988,0.5036553281757346,0
2360,,0,non_landslide,68_30,4,68.04850402700353,30.93011746532411,Balochistan,conventional_alphaearth_embeddings_no_road_distance,Conventional + AlphaEarth Embeddings (road-distance ablation),0.3592814845073563,0.5036553281757346,0
2361,,0,non_landslide,68_30,4,68.29329529753454,30.647147371573485,Balochistan,conventional_alphaearth_embeddings_no_road_distance,Conventional + AlphaEarth Embeddings (road-distance ablation),0.18447526876650824,0.5036553281757346,0
2362,,0,non_landslide,68_30,4,68.23490782834072,30.63142904036008,Balochistan,conventional_alphaearth_embeddings_no_road_distance,Conventional + AlphaEarth Embeddings (road-distance ablation),0.099151620906356,0.5036553281757346,0
2363,,0,non_landslide,68_30,4,68.30677070091807,30.96380597378289,Balochistan,conventional_alphaearth_embeddings_no_road_distance,Conventional + AlphaEarth Embeddings (road-distance ablation),0.12775588352225137,0.5036553281757346,0
2364,,0,non_landslide,68_30,4,68.18999130342937,30.7526987526096,Balochistan,conventional_alphaearth_embeddings_no_road_distance,Conventional + AlphaEarth Embeddings (road-distance ablation),0.07024845677668938,0.5036553281757346,0
2365,,0,non_landslide,68_30,4,68.80758125843268,30.72125763108175,Balochistan,conventional_alphaearth_embeddings_no_road_distance,Conventional + AlphaEarth Embeddings (road-distance ablation),0.07430950464571434,0.5036553281757346,0
2366,,0,non_landslide,68_30,4,68.11138627005923,30.99749002314061,Balochistan,conventional_alphaearth_embeddings_no_road_distance,Conventional + AlphaEarth Embeddings (road-distance ablation),0.34871146871194963,0.5036553281757346,0
2367,,0,non_landslide,68_30,4,68.07545483377055,30.18451563727847,Balochistan,conventional_alphaearth_embeddings_no_road_distance,Conventional + AlphaEarth Embeddings (road-distance ablation),0.15711575399591135,0.5036553281757346,0
2368,,0,non_landslide,68_30,4,68.14507477851801,30.23841725081252,Balochistan,conventional_alphaearth_embeddings_no_road_distance,Conventional + AlphaEarth Embeddings (road-distance ablation),0.09873299887909409,0.5036553281757346,0
2369,,0,non_landslide,68_30,4,68.2865575958428,30.761683841232287,Balochistan,conventional_alphaearth_embeddings_no_road_distance,Conventional + AlphaEarth Embeddings (road-distance ablation),0.08624448670038515,0.5036553281757346,0
2370,,0,non_landslide,69_27,4,69.02991649605853,27.85788156241991,Punjab-Sindh lowland corridor,conventional_alphaearth_embeddings_no_road_distance,Conventional + AlphaEarth Embeddings (road-distance ablation),0.04399426768604063,0.5036553281757346,0
2371,,0,non_landslide,69_27,4,69.63852582154021,27.262747640321752,Punjab-Sindh lowland corridor,conventional_alphaearth_embeddings_no_road_distance,Conventional + AlphaEarth Embeddings (road-distance ablation),0.05161214220349512,0.5036553281757346,0
2372,,0,non_landslide,69_27,4,69.5239893518814,27.529994943757924,Punjab-Sindh lowland corridor,conventional_alphaearth_embeddings_no_road_distance,Conventional + AlphaEarth Embeddings (road-distance ablation),0.04222012088495446,0.5036553281757346,0
2373,,0,non_landslide,69_27,4,69.60932762784225,27.723131987685825,Punjab-Sindh lowland corridor,conventional_alphaearth_embeddings_no_road_distance,Conventional + AlphaEarth Embeddings (road-distance ablation),0.042586995140370225,0.5036553281757346,0
2374,,0,non_landslide,70_29,4,70.24937807485176,29.68595246669479,Punjab-Sindh lowland corridor,conventional_alphaearth_embeddings_no_road_distance,Conventional + AlphaEarth Embeddings (road-distance ablation),0.043634559383676455,0.5036553281757346,0
2375,,0,non_landslide,70_29,4,70.08094445075994,29.82519235618969,Punjab-Sindh lowland corridor,conventional_alphaearth_embeddings_no_road_distance,Conventional + AlphaEarth Embeddings (road-distance ablation),0.3597916484884062,0.5036553281757346,0
2376,,0,non_landslide,70_29,4,70.91413194169736,29.252514466996686,Punjab-Sindh lowland corridor,conventional_alphaearth_embeddings_no_road_distance,Conventional + AlphaEarth Embeddings (road-distance ablation),0.0416764985742874,0.5036553281757346,0
2377,,0,non_landslide,70_29,4,70.28755689807137,29.30641162142969,Punjab-Sindh lowland corridor,conventional_alphaearth_embeddings_no_road_distance,Conventional + AlphaEarth Embeddings (road-distance ablation),0.040259699175699874,0.5036553281757346,0
2378,,0,non_landslide,70_29,4,70.6760783728581,29.66573936161952,Punjab-Sindh lowland corridor,conventional_alphaearth_embeddings_no_road_distance,Conventional + AlphaEarth Embeddings (road-distance ablation),0.04015603475158461,0.5036553281757346,0
2379,,0,non_landslide,70_29,4,70.39310827910748,29.389506969560657,Punjab-Sindh lowland corridor,conventional_alphaearth_embeddings_no_road_distance,Conventional + AlphaEarth Embeddings (road-distance ablation),0.041259672336247166,0.5036553281757346,0
2380,,0,non_landslide,70_29,4,70.24039298622907,29.71514620129169,Punjab-Sindh lowland corridor,conventional_alphaearth_embeddings_no_road_distance,Conventional + AlphaEarth Embeddings (road-distance ablation),0.0423334508458972,0.5036553281757346,0
2381,,0,non_landslide,70_29,4,70.05624103092386,29.93523405198663,Punjab-Sindh lowland corridor,conventional_alphaearth_embeddings_no_road_distance,Conventional + AlphaEarth Embeddings (road-distance ablation),0.26019546408063826,0.5036553281757346,0
2382,,0,non_landslide,70_29,4,70.02255252246509,29.05937742306879,Punjab-Sindh lowland corridor,conventional_alphaearth_embeddings_no_road_distance,Conventional + AlphaEarth Embeddings (road-distance ablation),0.04691564864447086,0.5036553281757346,0
2383,,0,non_landslide,70_29,4,70.35717684281882,29.58938171518032,Punjab-Sindh lowland corridor,conventional_alphaearth_embeddings_no_road_distance,Conventional + AlphaEarth Embeddings (road-distance ablation),0.04086526971291705,0.5036553281757346,0
2384,,0,non_landslide,70_29,4,70.64238986439932,29.89031752707527,Punjab-Sindh lowland corridor,conventional_alphaearth_embeddings_no_road_distance,Conventional + AlphaEarth Embeddings (road-distance ablation),0.04343377888330635,0.5036553281757346,0
2385,,0,non_landslide,70_29,4,70.47620362723845,29.94870945537014,Punjab-Sindh lowland corridor,conventional_alphaearth_embeddings_no_road_distance,Conventional + AlphaEarth Embeddings (road-distance ablation),0.044752499943896316,0.5036553281757346,0
2386,,0,non_landslide,70_29,4,70.99273251596645,29.526499472124616,Punjab-Sindh lowland corridor,conventional_alphaearth_embeddings_no_road_distance,Conventional + AlphaEarth Embeddings (road-distance ablation),0.04123520053575482,0.5036553281757346,0
2387,,0,non_landslide,70_29,4,70.58175500827456,29.611842207186527,Punjab-Sindh lowland corridor,conventional_alphaearth_embeddings_no_road_distance,Conventional + AlphaEarth Embeddings (road-distance ablation),0.04346344261436026,0.5036553281757346,0
2388,,0,non_landslide,70_29,4,70.28755689807137,29.775781057416456,Punjab-Sindh lowland corridor,conventional_alphaearth_embeddings_no_road_distance,Conventional + AlphaEarth Embeddings (road-distance ablation),0.04359334660613293,0.5036553281757346,0
2389,,0,non_landslide,71_31,4,71.23752378649748,31.527498774353187,Punjab-Sindh lowland corridor,conventional_alphaearth_embeddings_no_road_distance,Conventional + AlphaEarth Embeddings (road-distance ablation),0.04008610076262702,0.5036553281757346,0
2390,,0,non_landslide,71_31,4,71.8146919904513,31.52525138742225,Punjab-Sindh lowland corridor,conventional_alphaearth_embeddings_no_road_distance,Conventional + AlphaEarth Embeddings (road-distance ablation),0.041394808048262184,0.5036553281757346,0
2391,,0,non_landslide,71_31,4,71.53845959839242,31.8980545309956,Punjab-Sindh lowland corridor,conventional_alphaearth_embeddings_no_road_distance,Conventional + AlphaEarth Embeddings (road-distance ablation),0.042049815252681214,0.5036553281757346,0
2392,,0,non_landslide,71_31,4,71.2262957700449,31.78576544826772,Punjab-Sindh lowland corridor,conventional_alphaearth_embeddings_no_road_distance,Conventional + AlphaEarth Embeddings (road-distance ablation),0.04070904567679244,0.5036553281757346,0
2393,,0,non_landslide,71_31,4,71.33409453801195,31.27596980213041,Punjab-Sindh lowland corridor,conventional_alphaearth_embeddings_no_road_distance,Conventional + AlphaEarth Embeddings (road-distance ablation),0.04021277373653343,0.5036553281757346,0
2394,,0,non_landslide,71_31,4,71.72710632755951,31.96767447574305,Punjab-Sindh lowland corridor,conventional_alphaearth_embeddings_no_road_distance,Conventional + AlphaEarth Embeddings (road-distance ablation),0.04380715683196699,0.5036553281757346,0
2395,,0,non_landslide,71_31,4,71.24650887512017,31.58139592878619,Punjab-Sindh lowland corridor,conventional_alphaearth_embeddings_no_road_distance,Conventional + AlphaEarth Embeddings (road-distance ablation),0.04145554590407745,0.5036553281757346,0
2396,,0,non_landslide,72_33,4,72.99822213295585,33.00297964013,Punjab-Sindh lowland corridor,conventional_alphaearth_embeddings_no_road_distance,Conventional + AlphaEarth Embeddings (road-distance ablation),0.053989767712522306,0.5036553281757346,0
2397,,0,non_landslide,72_33,4,72.21893625555248,33.98663503701489,KP-AJK,conventional_alphaearth_embeddings_no_road_distance,Conventional + AlphaEarth Embeddings (road-distance ablation),0.07494318138775484,0.5036553281757346,0
2398,,0,non_landslide,72_33,4,72.8747050337754,33.60709865085086,Punjab-Sindh lowland corridor,conventional_alphaearth_embeddings_no_road_distance,Conventional + AlphaEarth Embeddings (road-distance ablation),0.047597936971917214,0.5036553281757346,0
2399,,0,non_landslide,72_33,4,72.21444148169061,33.319638242339416,Punjab-Sindh lowland corridor,conventional_alphaearth_embeddings_no_road_distance,Conventional + AlphaEarth Embeddings (road-distance ablation),0.06011079678072371,0.5036553281757346,0
2400,,0,non_landslide,72_33,4,72.5962252547856,33.05688125366405,Punjab-Sindh lowland corridor,conventional_alphaearth_embeddings_no_road_distance,Conventional + AlphaEarth Embeddings (road-distance ablation),0.05025568271358531,0.5036553281757346,0
2401,,0,non_landslide,72_33,4,72.53110008390001,33.647520401900344,Punjab-Sindh lowland corridor,conventional_alphaearth_embeddings_no_road_distance,Conventional + AlphaEarth Embeddings (road-distance ablation),0.0731225320998614,0.5036553281757346,0
2402,,0,non_landslide,72_33,4,72.82529819410321,33.82044879985402,Punjab-Sindh lowland corridor,conventional_alphaearth_embeddings_no_road_distance,Conventional + AlphaEarth Embeddings (road-distance ablation),0.0516387960314054,0.5036553281757346,0
2403,,0,non_landslide,73_30,4,73.95492672307371,30.18676302420941,Punjab-Sindh lowland corridor,conventional_alphaearth_embeddings_no_road_distance,Conventional + AlphaEarth Embeddings (road-distance ablation),0.04850187102436533,0.5036553281757346,0
2404,,0,non_landslide,73_30,4,73.77751246946026,30.411341189665155,Punjab-Sindh lowland corridor,conventional_alphaearth_embeddings_no_road_distance,Conventional + AlphaEarth Embeddings (road-distance ablation),0.03972979595221641,0.5036553281757346,0
2405,,0,non_landslide,73_30,4,73.67196108842414,30.16879730606507,Punjab-Sindh lowland corridor,conventional_alphaearth_embeddings_no_road_distance,Conventional + AlphaEarth Embeddings (road-distance ablation),0.04067735315637865,0.5036553281757346,0
2406,,0,non_landslide,73_30,4,73.12623400599817,30.564056482543563,Punjab-Sindh lowland corridor,conventional_alphaearth_embeddings_no_road_distance,Conventional + AlphaEarth Embeddings (road-distance ablation),0.03986431047423036,0.5036553281757346,0
2407,,0,non_landslide,73_30,4,73.89204448001801,30.804352979212705,Punjab-Sindh lowland corridor,conventional_alphaearth_embeddings_no_road_distance,Conventional + AlphaEarth Embeddings (road-distance ablation),0.04007090959973661,0.5036553281757346,0
2408,,0,non_landslide,73_30,4,73.05661406125071,30.873972923960164,Punjab-Sindh lowland corridor,conventional_alphaearth_embeddings_no_road_distance,Conventional + AlphaEarth Embeddings (road-distance ablation),0.03974725864711242,0.5036553281757346,0
2409,,0,non_landslide,73_30,4,73.51250809385397,30.84702211719313,Punjab-Sindh lowland corridor,conventional_alphaearth_embeddings_no_road_distance,Conventional + AlphaEarth Embeddings (road-distance ablation),0.042305731171202864,0.5036553281757346,0
2410,,0,non_landslide,73_30,4,73.13970940938168,30.480961134412603,Punjab-Sindh lowland corridor,conventional_alphaearth_embeddings_no_road_distance,Conventional + AlphaEarth Embeddings (road-distance ablation),0.03998140116193833,0.5036553281757346,0
2411,,0,non_landslide,73_30,4,73.21830998365077,30.34396863184863,Punjab-Sindh lowland corridor,conventional_alphaearth_embeddings_no_road_distance,Conventional + AlphaEarth Embeddings (road-distance ablation),0.040786088337282256,0.5036553281757346,0
2412,,0,non_landslide,73_30,4,73.46983895587354,30.13510879760629,Punjab-Sindh lowland corridor,conventional_alphaearth_embeddings_no_road_distance,Conventional + AlphaEarth Embeddings (road-distance ablation),0.04103420778547735,0.5036553281757346,0
2413,,0,non_landslide,73_35,4,73.01394492327029,35.97415893585996,Gilgit-Baltistan,conventional_alphaearth_embeddings_no_road_distance,Conventional + AlphaEarth Embeddings (road-distance ablation),0.053741956411432215,0.5036553281757346,0
2414,,0,non_landslide,73_35,4,73.53721151369005,35.81920071515165,Gilgit-Baltistan,conventional_alphaearth_embeddings_no_road_distance,Conventional + AlphaEarth Embeddings (road-distance ablation),0.05384888496216563,0.5036553281757346,0
2415,,0,non_landslide,73_35,4,73.04089127093627,35.873097869584655,Gilgit-Baltistan,conventional_alphaearth_embeddings_no_road_distance,Conventional + AlphaEarth Embeddings (road-distance ablation),0.04641594911199005,0.5036553281757346,0
2416,,0,non_landslide,73_35,4,73.08580779584763,35.83491904636505,KP-AJK,conventional_alphaearth_embeddings_no_road_distance,Conventional + AlphaEarth Embeddings (road-distance ablation),0.3473812284585635,0.5036553281757346,0
2417,,0,non_landslide,73_35,4,73.95492672307371,35.97191154892901,Gilgit-Baltistan,conventional_alphaearth_embeddings_no_road_distance,Conventional + AlphaEarth Embeddings (road-distance ablation),0.08988927321978071,0.5036553281757346,0
2418,,0,non_landslide,73_35,4,73.06784207770329,35.453135273270064,KP-AJK,conventional_alphaearth_embeddings_no_road_distance,Conventional + AlphaEarth Embeddings (road-distance ablation),0.9840362150936419,0.5036553281757346,1
2419,,0,non_landslide,73_35,4,73.86509813235205,35.345336505303024,Gilgit-Baltistan,conventional_alphaearth_embeddings_no_road_distance,Conventional + AlphaEarth Embeddings (road-distance ablation),0.05643974636115986,0.5036553281757346,0
2420,,0,non_landslide,73_35,4,73.02517293972286,35.942717814332106,Gilgit-Baltistan,conventional_alphaearth_embeddings_no_road_distance,Conventional + AlphaEarth Embeddings (road-distance ablation),0.04445971923245297,0.5036553281757346,0
2421,,0,non_landslide,73_35,4,73.91225758509329,35.778774505001124,Gilgit-Baltistan,conventional_alphaearth_embeddings_no_road_distance,Conventional + AlphaEarth Embeddings (road-distance ablation),0.08511846066057913,0.5036553281757346,0
2422,,0,non_landslide,73_35,4,73.10153058616207,35.68445114041758,KP-AJK,conventional_alphaearth_embeddings_no_road_distance,Conventional + AlphaEarth Embeddings (road-distance ablation),0.045318627476736546,0.5036553281757346,0
2423,,0,non_landslide,73_35,4,73.98861523153249,35.0848269035586,KP-AJK,conventional_alphaearth_embeddings_no_road_distance,Conventional + AlphaEarth Embeddings (road-distance ablation),0.048677637582623494,0.5036553281757346,0
2424,,0,non_landslide,73_35,4,73.51924579554573,35.340846190542194,KP-AJK,conventional_alphaearth_embeddings_no_road_distance,Conventional + AlphaEarth Embeddings (road-distance ablation),0.04131018068045974,0.5036553281757346,0
2425,,0,non_landslide,73_35,4,73.2205573705817,35.75182369823409,Gilgit-Baltistan,conventional_alphaearth_embeddings_no_road_distance,Conventional + AlphaEarth Embeddings (road-distance ablation),0.050051208336528666,0.5036553281757346,0
2426,,0,non_landslide,73_35,4,73.23852308872604,35.02643497526373,KP-AJK,conventional_alphaearth_embeddings_no_road_distance,Conventional + AlphaEarth Embeddings (road-distance ablation),0.2974802966498573,0.5036553281757346,0
2427,,0,non_landslide,73_35,4,73.52598349723749,35.93598011264035,Gilgit-Baltistan,conventional_alphaearth_embeddings_no_road_distance,Conventional + AlphaEarth Embeddings (road-distance ablation),0.05192010346361456,0.5036553281757346,0
2428,,0,non_landslide,73_35,4,73.66297599980145,35.96293091940737,Gilgit-Baltistan,conventional_alphaearth_embeddings_no_road_distance,Conventional + AlphaEarth Embeddings (road-distance ablation),0.05998366019587579,0.5036553281757346,0
2429,,0,non_landslide,73_35,4,73.65848568504063,35.41944676481128,KP-AJK,conventional_alphaearth_embeddings_no_road_distance,Conventional + AlphaEarth Embeddings (road-distance ablation),0.0765296157684724,0.5036553281757346,0
2430,,0,non_landslide,73_35,4,73.90102956864072,35.457625588030886,Gilgit-Baltistan,conventional_alphaearth_embeddings_no_road_distance,Conventional + AlphaEarth Embeddings (road-distance ablation),0.4300626381659138,0.5036553281757346,0
2431,,0,non_landslide,73_35,4,73.43390751958488,35.42843185343398,KP-AJK,conventional_alphaearth_embeddings_no_road_distance,Conventional + AlphaEarth Embeddings (road-distance ablation),0.09884952838825735,0.5036553281757346,0
2432,,0,non_landslide,73_35,4,73.96840212645722,35.92924241094859,Gilgit-Baltistan,conventional_alphaearth_embeddings_no_road_distance,Conventional + AlphaEarth Embeddings (road-distance ablation),0.05963598764851137,0.5036553281757346,0
2433,,0,non_landslide,73_35,4,73.4765766575653,35.778774505001124,Gilgit-Baltistan,conventional_alphaearth_embeddings_no_road_distance,Conventional + AlphaEarth Embeddings (road-distance ablation),0.04702023925690851,0.5036553281757346,0
2434,,0,non_landslide,73_35,4,73.6158165470602,35.8281813446733,Gilgit-Baltistan,conventional_alphaearth_embeddings_no_road_distance,Conventional + AlphaEarth Embeddings (road-distance ablation),0.057483216349443325,0.5036553281757346,0
2435,,0,non_landslide,73_35,4,73.40920409974879,35.13198635629984,KP-AJK,conventional_alphaearth_embeddings_no_road_distance,Conventional + AlphaEarth Embeddings (road-distance ablation),0.04425929050022333,0.5036553281757346,0
2436,,0,non_landslide,73_35,4,73.5686526352179,35.04440069340806,KP-AJK,conventional_alphaearth_embeddings_no_road_distance,Conventional + AlphaEarth Embeddings (road-distance ablation),0.05213376312107551,0.5036553281757346,0
2437,,0,non_landslide,73_35,4,73.2991579448508,35.80347792483721,Gilgit-Baltistan,conventional_alphaearth_embeddings_no_road_distance,Conventional + AlphaEarth Embeddings (road-distance ablation),0.7037573188855796,0.5036553281757346,1
2438,,0,non_landslide,73_35,4,73.06110437601154,35.56767174292888,KP-AJK,conventional_alphaearth_embeddings_no_road_distance,Conventional + AlphaEarth Embeddings (road-distance ablation),0.04144986349925084,0.5036553281757346,0
2439,,0,non_landslide,73_35,4,73.37551559129001,35.749580770404194,Gilgit-Baltistan,conventional_alphaearth_embeddings_no_road_distance,Conventional + AlphaEarth Embeddings (road-distance ablation),0.2633792242987154,0.5036553281757346,0
2440,,0,non_landslide,73_35,4,73.98412491677168,35.41720383698141,Gilgit-Baltistan,conventional_alphaearth_embeddings_no_road_distance,Conventional + AlphaEarth Embeddings (road-distance ablation),0.14445435581000407,0.5036553281757346,0
2441,,0,non_landslide,73_35,4,73.32386136468689,35.60135579228661,KP-AJK,conventional_alphaearth_embeddings_no_road_distance,Conventional + AlphaEarth Embeddings (road-distance ablation),0.1726509710282771,0.5036553281757346,0
2442,,0,non_landslide,73_35,4,73.08580779584763,35.99212465400428,Gilgit-Baltistan,conventional_alphaearth_embeddings_no_road_distance,Conventional + AlphaEarth Embeddings (road-distance ablation),0.045425818969346415,0.5036553281757346,0
2443,,0,non_landslide,73_35,4,73.8628507454211,35.68220375348664,Gilgit-Baltistan,conventional_alphaearth_embeddings_no_road_distance,Conventional + AlphaEarth Embeddings (road-distance ablation),0.06941699680427225,0.5036553281757346,0
2444,,0,non_landslide,73_35,4,73.12847693382805,35.017454345742095,KP-AJK,conventional_alphaearth_embeddings_no_road_distance,Conventional + AlphaEarth Embeddings (road-distance ablation),0.06158326343397627,0.5036553281757346,0
2445,,0,non_landslide,73_35,4,73.26996421025389,35.06012348372251,KP-AJK,conventional_alphaearth_embeddings_no_road_distance,Conventional + AlphaEarth Embeddings (road-distance ablation),0.08515724874365357,0.5036553281757346,0
2446,,0,non_landslide,73_35,4,73.4631012541818,35.0219446605029,KP-AJK,conventional_alphaearth_embeddings_no_road_distance,Conventional + AlphaEarth Embeddings (road-distance ablation),0.5515650220982564,0.5036553281757346,1
2447,,0,non_landslide,73_35,4,73.63602519303444,35.125248654608086,KP-AJK,conventional_alphaearth_embeddings_no_road_distance,Conventional + AlphaEarth Embeddings (road-distance ablation),0.044157819934333396,0.5036553281757346,0
2448,,0,non_landslide,73_35,4,73.68094171794579,35.42394153867315,KP-AJK,conventional_alphaearth_embeddings_no_road_distance,Conventional + AlphaEarth Embeddings (road-distance ablation),0.06662694665419756,0.5036553281757346,0
2449,,0,non_landslide,73_35,4,73.39797162419516,35.971911548929015,Gilgit-Baltistan,conventional_alphaearth_embeddings_no_road_distance,Conventional + AlphaEarth Embeddings (road-distance ablation),0.050954915030467056,0.5036553281757346,0
2450,,0,non_landslide,73_35,4,73.7325959445489,35.8663601678929,Gilgit-Baltistan,conventional_alphaearth_embeddings_no_road_distance,Conventional + AlphaEarth Embeddings (road-distance ablation),0.046445490344281734,0.5036553281757346,0
2451,,0,non_landslide,73_35,4,73.811196518818,35.07135150017508,KP-AJK,conventional_alphaearth_embeddings_no_road_distance,Conventional + AlphaEarth Embeddings (road-distance ablation),0.04436705961102964,0.5036553281757346,0
2452,,0,non_landslide,73_35,4,73.71687315423446,35.91801439449601,Gilgit-Baltistan,conventional_alphaearth_embeddings_no_road_distance,Conventional + AlphaEarth Embeddings (road-distance ablation),0.04625523279723019,0.5036553281757346,0
2453,,0,non_landslide,73_35,4,73.46983895587354,35.02868236219467,KP-AJK,conventional_alphaearth_embeddings_no_road_distance,Conventional + AlphaEarth Embeddings (road-distance ablation),0.0522365043325572,0.5036553281757346,0
2454,,0,non_landslide,73_35,4,73.21381966888997,35.763056173787724,Gilgit-Baltistan,conventional_alphaearth_embeddings_no_road_distance,Conventional + AlphaEarth Embeddings (road-distance ablation),0.0488409679987984,0.5036553281757346,0
2455,,0,non_landslide,74_32,4,74.82405010940086,32.1832675525761,Punjab-Sindh lowland corridor,conventional_alphaearth_embeddings_no_road_distance,Conventional + AlphaEarth Embeddings (road-distance ablation),0.04189073196832296,0.5036553281757346,0
2456,,0,non_landslide,74_32,4,74.37713670631923,32.20572804458231,Punjab-Sindh lowland corridor,conventional_alphaearth_embeddings_no_road_distance,Conventional + AlphaEarth Embeddings (road-distance ablation),0.04180304485670439,0.5036553281757346,0
2457,,0,non_landslide,74_32,4,74.82854042416166,32.115894994759586,Punjab-Sindh lowland corridor,conventional_alphaearth_embeddings_no_road_distance,Conventional + AlphaEarth Embeddings (road-distance ablation),0.04205879256324327,0.5036553281757346,0
2458,,0,non_landslide,74_32,4,74.01556603829953,32.46848503325766,Punjab-Sindh lowland corridor,conventional_alphaearth_embeddings_no_road_distance,Conventional + AlphaEarth Embeddings (road-distance ablation),0.04059889791254396,0.5036553281757346,0
2459,,0,non_landslide,74_32,4,74.17726196069957,32.28881893361222,Punjab-Sindh lowland corridor,conventional_alphaearth_embeddings_no_road_distance,Conventional + AlphaEarth Embeddings (road-distance ablation),0.04227027084172598,0.5036553281757346,0
2460,,0,non_landslide,74_32,4,74.7297267448173,32.398865088510206,Punjab-Sindh lowland corridor,conventional_alphaearth_embeddings_no_road_distance,Conventional + AlphaEarth Embeddings (road-distance ablation),0.04208279074183293,0.5036553281757346,0
2461,,0,non_landslide,74_32,4,74.1952276788439,32.349458248838026,Punjab-Sindh lowland corridor,conventional_alphaearth_embeddings_no_road_distance,Conventional + AlphaEarth Embeddings (road-distance ablation),0.041005999199107794,0.5036553281757346,0
2462,,0,non_landslide,74_32,4,74.12336480626658,32.66162207718556,Punjab-Sindh lowland corridor,conventional_alphaearth_embeddings_no_road_distance,Conventional + AlphaEarth Embeddings (road-distance ablation),0.04131553238981186,0.5036553281757346,0
2463,,0,non_landslide,74_32,4,74.3501858995522,32.598739834129866,Punjab-Sindh lowland corridor,conventional_alphaearth_embeddings_no_road_distance,Conventional + AlphaEarth Embeddings (road-distance ablation),0.045828426135810736,0.5036553281757346,0
2464,,0,non_landslide,74_32,4,74.60396225870592,32.70429121516598,Punjab-Sindh lowland corridor,conventional_alphaearth_embeddings_no_road_distance,Conventional + AlphaEarth Embeddings (road-distance ablation),0.04286803759366528,0.5036553281757346,0
2465,,0,non_landslide,74_32,4,74.05374486151912,32.2461497956318,Punjab-Sindh lowland corridor,conventional_alphaearth_embeddings_no_road_distance,Conventional + AlphaEarth Embeddings (road-distance ablation),0.04099078180003675,0.5036553281757346,0
2466,,0,non_landslide,74_32,4,74.24688190544703,32.96929559077228,KP-AJK,conventional_alphaearth_embeddings_no_road_distance,Conventional + AlphaEarth Embeddings (road-distance ablation),0.07485335124195051,0.5036553281757346,0
2467,,0,non_landslide,75_39,4,75.9065191856301,39.46860482200966,"Kashgar (Xinjiang, China)",conventional_alphaearth_embeddings_no_road_distance,Conventional + AlphaEarth Embeddings (road-distance ablation),0.05995482943184584,0.5036553281757346,0
2468,,0,non_landslide,75_39,4,75.37875782134847,39.7425898271376,"Kashgar (Xinjiang, China)",conventional_alphaearth_embeddings_no_road_distance,Conventional + AlphaEarth Embeddings (road-distance ablation),0.07343304660391878,0.5036553281757346,0
2469,,0,non_landslide,75_39,4,75.61007368849596,39.5876316064293,"Kashgar (Xinjiang, China)",conventional_alphaearth_embeddings_no_road_distance,Conventional + AlphaEarth Embeddings (road-distance ablation),0.07083586331839589,0.5036553281757346,0
2470,,0,non_landslide,75_39,4,75.00146436301429,39.94246457275726,"Kashgar (Xinjiang, China)",conventional_alphaearth_embeddings_no_road_distance,Conventional + AlphaEarth Embeddings (road-distance ablation),0.06849926199983461,0.5036553281757346,0
2471,,0,non_landslide,75_39,4,75.06659399300092,39.98064339597686,"Kashgar (Xinjiang, China)",conventional_alphaearth_embeddings_no_road_distance,Conventional + AlphaEarth Embeddings (road-distance ablation),0.548216292893028,0.5036553281757346,1
2472,,0,non_landslide,75_39,4,75.83240892612183,39.019448491098174,"Kashgar (Xinjiang, China)",conventional_alphaearth_embeddings_no_road_distance,Conventional + AlphaEarth Embeddings (road-distance ablation),0.0856367146309606,0.5036553281757346,0
2473,,0,non_landslide,75_39,4,75.85711234595792,39.31364660130137,"Kashgar (Xinjiang, China)",conventional_alphaearth_embeddings_no_road_distance,Conventional + AlphaEarth Embeddings (road-distance ablation),0.05511057008921139,0.5036553281757346,0
2474,,0,non_landslide,75_39,4,75.21257158418759,39.56966588828497,"Kashgar (Xinjiang, China)",conventional_alphaearth_embeddings_no_road_distance,Conventional + AlphaEarth Embeddings (road-distance ablation),0.0890421643233253,0.5036553281757346,0
2475,,0,non_landslide,75_39,4,75.04413796009577,39.89530512001601,"Kashgar (Xinjiang, China)",conventional_alphaearth_embeddings_no_road_distance,Conventional + AlphaEarth Embeddings (road-distance ablation),0.09209942263861357,0.5036553281757346,0
2476,,0,non_landslide,75_39,4,75.26646873862059,39.61907272795715,"Kashgar (Xinjiang, China)",conventional_alphaearth_embeddings_no_road_distance,Conventional + AlphaEarth Embeddings (road-distance ablation),0.06999512049068797,0.5036553281757346,0
2477,,0,non_landslide,75_39,4,75.35405440151237,39.920008539852105,"Kashgar (Xinjiang, China)",conventional_alphaearth_embeddings_no_road_distance,Conventional + AlphaEarth Embeddings (road-distance ablation),0.09112069010682054,0.5036553281757346,0
2478,,0,non_landslide,75_39,4,75.4843092023846,39.22830386623947,"Kashgar (Xinjiang, China)",conventional_alphaearth_embeddings_no_road_distance,Conventional + AlphaEarth Embeddings (road-distance ablation),0.058182139689063744,0.5036553281757346,0
2479,,0,non_landslide,75_39,4,75.04413796009577,39.165421623183775,"Kashgar (Xinjiang, China)",conventional_alphaearth_embeddings_no_road_distance,Conventional + AlphaEarth Embeddings (road-distance ablation),0.17370171108255425,0.5036553281757346,0
2480,,0,non_landslide,75_39,4,75.3720201196567,39.3024185848488,"Kashgar (Xinjiang, China)",conventional_alphaearth_embeddings_no_road_distance,Conventional + AlphaEarth Embeddings (road-distance ablation),0.07446438220776071,0.5036553281757346,0
2481,,0,non_landslide,75_39,4,75.57638963913823,39.80098175543248,"Kashgar (Xinjiang, China)",conventional_alphaearth_embeddings_no_road_distance,Conventional + AlphaEarth Embeddings (road-distance ablation),0.06693391624345399,0.5036553281757346,0
2482,,0,non_landslide,75_39,4,75.49778460576809,39.10927708181984,"Kashgar (Xinjiang, China)",conventional_alphaearth_embeddings_no_road_distance,Conventional + AlphaEarth Embeddings (road-distance ablation),0.05673375468404269,0.5036553281757346,0
2483,,0,non_landslide,75_39,4,75.23502761709274,39.03965713707239,"Kashgar (Xinjiang, China)",conventional_alphaearth_embeddings_no_road_distance,Conventional + AlphaEarth Embeddings (road-distance ablation),0.12198419527472731,0.5036553281757346,0
2484,,0,non_landslide,75_39,4,75.65723760033826,39.72687149592421,"Kashgar (Xinjiang, China)",conventional_alphaearth_embeddings_no_road_distance,Conventional + AlphaEarth Embeddings (road-distance ablation),0.10824823249359396,0.5036553281757346,0
2485,,0,non_landslide,75_39,4,75.04413796009577,39.798734368501535,"Kashgar (Xinjiang, China)",conventional_alphaearth_embeddings_no_road_distance,Conventional + AlphaEarth Embeddings (road-distance ablation),0.16287319406264703,0.5036553281757346,0
2486,,0,non_landslide,75_39,4,75.03740025840402,39.43716370048183,"Kashgar (Xinjiang, China)",conventional_alphaearth_embeddings_no_road_distance,Conventional + AlphaEarth Embeddings (road-distance ablation),0.05950772792423649,0.5036553281757346,0
2487,,0,non_landslide,75_39,4,75.00820206470605,39.11152446875079,"Kashgar (Xinjiang, China)",conventional_alphaearth_embeddings_no_road_distance,Conventional + AlphaEarth Embeddings (road-distance ablation),0.21697231478196385,0.5036553281757346,0
2488,,0,non_landslide,75_39,4,75.93796030715795,39.03292389448168,"Kashgar (Xinjiang, China)",conventional_alphaearth_embeddings_no_road_distance,Conventional + AlphaEarth Embeddings (road-distance ablation),0.045288573798462066,0.5036553281757346,0
2489,,0,non_landslide,75_39,4,75.56740455051555,39.86386399848816,"Kashgar (Xinjiang, China)",conventional_alphaearth_embeddings_no_road_distance,Conventional + AlphaEarth Embeddings (road-distance ablation),0.08765516460015618,0.5036553281757346,0
2490,,0,non_landslide,75_39,4,75.05760890437823,39.61907272795715,"Kashgar (Xinjiang, China)",conventional_alphaearth_embeddings_no_road_distance,Conventional + AlphaEarth Embeddings (road-distance ablation),0.06176371685100377,0.5036553281757346,0
2491,,0,non_landslide,75_39,4,75.47757150069282,39.318136916062194,"Kashgar (Xinjiang, China)",conventional_alphaearth_embeddings_no_road_distance,Conventional + AlphaEarth Embeddings (road-distance ablation),0.04667227764032764,0.5036553281757346,0
2492,,0,non_landslide,75_39,4,75.23053730233192,39.10927708181984,"Kashgar (Xinjiang, China)",conventional_alphaearth_embeddings_no_road_distance,Conventional + AlphaEarth Embeddings (road-distance ablation),0.2801043703234225,0.5036553281757346,0
2493,,0,non_landslide,75_39,4,75.44613037916497,39.32038430299313,"Kashgar (Xinjiang, China)",conventional_alphaearth_embeddings_no_road_distance,Conventional + AlphaEarth Embeddings (road-distance ablation),0.04584459997819629,0.5036553281757346,0
2494,,0,non_landslide,76_36,4,76.20745499752506,36.122379454876494,"Kashgar (Xinjiang, China)",conventional_alphaearth_embeddings_no_road_distance,Conventional + AlphaEarth Embeddings (road-distance ablation),0.051817971176896835,0.5036553281757346,0
2495,,0,non_landslide,76_36,4,76.62067989214789,36.26835704606315,"Kashgar (Xinjiang, China)",conventional_alphaearth_embeddings_no_road_distance,Conventional + AlphaEarth Embeddings (road-distance ablation),0.09803529346912526,0.5036553281757346,0
2496,,0,non_landslide,76_36,4,76.9193683171119,36.585011189171496,"Kashgar (Xinjiang, China)",conventional_alphaearth_embeddings_no_road_distance,Conventional + AlphaEarth Embeddings (road-distance ablation),0.04451684445030042,0.5036553281757346,0
2497,,0,non_landslide,76_36,4,76.86322377574797,36.490687824587965,"Kashgar (Xinjiang, China)",conventional_alphaearth_embeddings_no_road_distance,Conventional + AlphaEarth Embeddings (road-distance ablation),0.040486393578556316,0.5036553281757346,0
2498,,0,non_landslide,76_36,4,76.90814030065934,36.18077138317137,"Kashgar (Xinjiang, China)",conventional_alphaearth_embeddings_no_road_distance,Conventional + AlphaEarth Embeddings (road-distance ablation),0.06448788140739346,0.5036553281757346,0
2499,,0,non_landslide,76_36,4,76.44326117943338,36.45026607353847,"Kashgar (Xinjiang, China)",conventional_alphaearth_embeddings_no_road_distance,Conventional + AlphaEarth Embeddings (road-distance ablation),0.5138757595930833,0.5036553281757346,1
2500,,0,non_landslide,76_36,4,76.41406744483648,36.99149838210258,"Kashgar (Xinjiang, China)",conventional_alphaearth_embeddings_no_road_distance,Conventional + AlphaEarth Embeddings (road-distance ablation),0.042822740414333635,0.5036553281757346,0
2501,,0,non_landslide,76_36,4,76.7509346930201,36.353695322024,"Kashgar (Xinjiang, China)",conventional_alphaearth_embeddings_no_road_distance,Conventional + AlphaEarth Embeddings (road-distance ablation),0.10370257110102232,0.5036553281757346,0
2502,,0,non_landslide,76_36,4,76.56453535078394,36.8881943879974,"Kashgar (Xinjiang, China)",conventional_alphaearth_embeddings_no_road_distance,Conventional + AlphaEarth Embeddings (road-distance ablation),0.04351293190344594,0.5036553281757346,0
2503,,0,non_landslide,76_36,4,76.39610172669214,36.324501587427086,"Kashgar (Xinjiang, China)",conventional_alphaearth_embeddings_no_road_distance,Conventional + AlphaEarth Embeddings (road-distance ablation),0.04606855830511332,0.5036553281757346,0
2504,,0,non_landslide,76_36,4,76.16253847261369,36.96904234919742,"Kashgar (Xinjiang, China)",conventional_alphaearth_embeddings_no_road_distance,Conventional + AlphaEarth Embeddings (road-distance ablation),0.04489855879291984,0.5036553281757346,0
2505,,0,non_landslide,76_36,4,76.51737143894165,36.21895020639098,"Kashgar (Xinjiang, China)",conventional_alphaearth_embeddings_no_road_distance,Conventional + AlphaEarth Embeddings (road-distance ablation),0.04709390918843919,0.5036553281757346,0
2506,,0,non_landslide,76_36,4,76.28605557179415,36.41657756507969,"Kashgar (Xinjiang, China)",conventional_alphaearth_embeddings_no_road_distance,Conventional + AlphaEarth Embeddings (road-distance ablation),0.04159444045384076,0.5036553281757346,0
2507,,0,non_landslide,76_36,4,76.9283534057346,36.838787548325215,"Kashgar (Xinjiang, China)",conventional_alphaearth_embeddings_no_road_distance,Conventional + AlphaEarth Embeddings (road-distance ablation),0.08324552824678114,0.5036553281757346,0
2508,,0,non_landslide,76_36,4,76.28156525703332,36.19873710131571,"Kashgar (Xinjiang, China)",conventional_alphaearth_embeddings_no_road_distance,Conventional + AlphaEarth Embeddings (road-distance ablation),0.0469854671063007,0.5036553281757346,0
2509,,0,non_landslide,76_36,4,76.21194531228588,36.83878754832522,"Kashgar (Xinjiang, China)",conventional_alphaearth_embeddings_no_road_distance,Conventional + AlphaEarth Embeddings (road-distance ablation),0.04086956843017282,0.5036553281757346,0
2510,,0,non_landslide,76_36,4,76.07720019665285,36.52212894611581,"Kashgar (Xinjiang, China)",conventional_alphaearth_embeddings_no_road_distance,Conventional + AlphaEarth Embeddings (road-distance ablation),0.07106810468049139,0.5036553281757346,0
2511,,0,non_landslide,76_36,4,76.45224626805607,36.41657756507969,"Kashgar (Xinjiang, China)",conventional_alphaearth_embeddings_no_road_distance,Conventional + AlphaEarth Embeddings (road-distance ablation),0.04677022825293809,0.5036553281757346,0
2512,,0,non_landslide,76_36,4,76.33770979839726,36.095433107210525,"Kashgar (Xinjiang, China)",conventional_alphaearth_embeddings_no_road_distance,Conventional + AlphaEarth Embeddings (road-distance ablation),0.041697212096155796,0.5036553281757346,0
2513,,0,non_landslide,76_36,4,76.89915521203663,36.59399627779421,"Kashgar (Xinjiang, China)",conventional_alphaearth_embeddings_no_road_distance,Conventional + AlphaEarth Embeddings (road-distance ablation),0.06625235963614517,0.5036553281757346,0
2514,,0,non_landslide,76_36,4,76.24338643381373,36.43679067015496,"Kashgar (Xinjiang, China)",conventional_alphaearth_embeddings_no_road_distance,Conventional + AlphaEarth Embeddings (road-distance ablation),0.0816449306960626,0.5036553281757346,0
2515,,0,non_landslide,76_36,4,76.14457275446937,36.79387102341386,"Kashgar (Xinjiang, China)",conventional_alphaearth_embeddings_no_road_distance,Conventional + AlphaEarth Embeddings (road-distance ablation),0.6682980694419248,0.5036553281757346,1
2516,,0,non_landslide,76_36,4,76.45673658281689,36.196489714384754,"Kashgar (Xinjiang, China)",conventional_alphaearth_embeddings_no_road_distance,Conventional + AlphaEarth Embeddings (road-distance ablation),0.04292680354795419,0.5036553281757346,0
2517,,0,non_landslide,76_36,4,76.61394219045613,36.3918741452436,"Kashgar (Xinjiang, China)",conventional_alphaearth_embeddings_no_road_distance,Conventional + AlphaEarth Embeddings (road-distance ablation),0.11012423964052108,0.5036553281757346,0
2518,,0,non_landslide,76_36,4,76.84974837236446,36.53560434949932,"Kashgar (Xinjiang, China)",conventional_alphaearth_embeddings_no_road_distance,Conventional + AlphaEarth Embeddings (road-distance ablation),0.31683823889971635,0.5036553281757346,0
2519,,0,non_landslide,76_36,4,76.30402128993848,36.16280566502704,"Kashgar (Xinjiang, China)",conventional_alphaearth_embeddings_no_road_distance,Conventional + AlphaEarth Embeddings (road-distance ablation),0.0421498128195832,0.5036553281757346,0
2520,,0,non_landslide,76_36,4,76.32199146718386,36.76467728881694,"Kashgar (Xinjiang, China)",conventional_alphaearth_embeddings_no_road_distance,Conventional + AlphaEarth Embeddings (road-distance ablation),0.04293319946038852,0.5036553281757346,0
2521,,0,non_landslide,76_36,4,76.52410914063341,36.33572960387966,"Kashgar (Xinjiang, China)",conventional_alphaearth_embeddings_no_road_distance,Conventional + AlphaEarth Embeddings (road-distance ablation),0.09593440512771083,0.5036553281757346,0
2522,,0,non_landslide,76_36,4,76.62292727907882,36.75120188543343,"Kashgar (Xinjiang, China)",conventional_alphaearth_embeddings_no_road_distance,Conventional + AlphaEarth Embeddings (road-distance ablation),0.07837997761176545,0.5036553281757346,0
2523,,0,non_landslide,76_36,4,76.6970375385871,36.07746292996513,"Kashgar (Xinjiang, China)",conventional_alphaearth_embeddings_no_road_distance,Conventional + AlphaEarth Embeddings (road-distance ablation),0.0655311693854402,0.5036553281757346,0
2524,,0,non_landslide,76_36,4,76.7756381128562,36.89268470275822,"Kashgar (Xinjiang, China)",conventional_alphaearth_embeddings_no_road_distance,Conventional + AlphaEarth Embeddings (road-distance ablation),0.12093610783674597,0.5036553281757346,0
2525,,0,non_landslide,76_36,4,76.39610172669214,36.86573835509224,"Kashgar (Xinjiang, China)",conventional_alphaearth_embeddings_no_road_distance,Conventional + AlphaEarth Embeddings (road-distance ablation),0.07628867432786926,0.5036553281757346,0
2526,,0,non_landslide,76_36,4,76.20969792535494,36.75569220019425,"Kashgar (Xinjiang, China)",conventional_alphaearth_embeddings_no_road_distance,Conventional + AlphaEarth Embeddings (road-distance ablation),0.058801242637395106,0.5036553281757346,0
2527,,0,non_landslide,76_36,4,76.68580506303346,36.16280566502704,"Kashgar (Xinjiang, China)",conventional_alphaearth_embeddings_no_road_distance,Conventional + AlphaEarth Embeddings (road-distance ablation),0.04303657008818226,0.5036553281757346,0
2528,,0,non_landslide,76_36,4,76.25012413550549,36.8881943879974,"Kashgar (Xinjiang, China)",conventional_alphaearth_embeddings_no_road_distance,Conventional + AlphaEarth Embeddings (road-distance ablation),0.04681522640763441,0.5036553281757346,0
2529,,0,non_landslide,76_36,4,76.780128427617,36.58950596303337,"Kashgar (Xinjiang, China)",conventional_alphaearth_embeddings_no_road_distance,Conventional + AlphaEarth Embeddings (road-distance ablation),0.18284588058665363,0.5036553281757346,0
2530,,0,non_landslide,76_36,4,76.83178265422012,36.24814394098788,"Kashgar (Xinjiang, China)",conventional_alphaearth_embeddings_no_road_distance,Conventional + AlphaEarth Embeddings (road-distance ablation),0.07957631848273639,0.5036553281757346,0
2531,,0,non_landslide,76_36,4,76.8430106706727,36.88370407323657,"Kashgar (Xinjiang, China)",conventional_alphaearth_embeddings_no_road_distance,Conventional + AlphaEarth Embeddings (road-distance ablation),0.05414828342827902,0.5036553281757346,0
2532,,0,non_landslide,76_36,4,76.09516591479718,36.030303477223896,"Kashgar (Xinjiang, China)",conventional_alphaearth_embeddings_no_road_distance,Conventional + AlphaEarth Embeddings (road-distance ablation),0.04950793473995178,0.5036553281757346,0
2533,,0,non_landslide,76_36,4,76.46122689757772,36.921882896456175,"Kashgar (Xinjiang, China)",conventional_alphaearth_embeddings_no_road_distance,Conventional + AlphaEarth Embeddings (road-distance ablation),0.049891315999352634,0.5036553281757346,0
2534,,0,non_landslide,76_36,4,76.09291852786625,36.897179476620096,"Kashgar (Xinjiang, China)",conventional_alphaearth_embeddings_no_road_distance,Conventional + AlphaEarth Embeddings (road-distance ablation),0.12721979052507168,0.5036553281757346,0
2535,,0,non_landslide,76_36,4,76.7419496043974,36.2077221899384,"Kashgar (Xinjiang, China)",conventional_alphaearth_embeddings_no_road_distance,Conventional + AlphaEarth Embeddings (road-distance ablation),0.04912379599300817,0.5036553281757346,0
2536,,0,non_landslide,76_36,4,76.4410182516035,36.07297261520432,"Kashgar (Xinjiang, China)",conventional_alphaearth_embeddings_no_road_distance,Conventional + AlphaEarth Embeddings (road-distance ablation),0.8434084601704473,0.5036553281757346,1
2537,,0,non_landslide,76_36,4,76.71949357149225,36.13585485826,"Kashgar (Xinjiang, China)",conventional_alphaearth_embeddings_no_road_distance,Conventional + AlphaEarth Embeddings (road-distance ablation),0.042075423347083044,0.5036553281757346,0
2538,,0,non_landslide,76_36,4,76.30402128993848,36.86349096816131,"Kashgar (Xinjiang, China)",conventional_alphaearth_embeddings_no_road_distance,Conventional + AlphaEarth Embeddings (road-distance ablation),0.05084034615269912,0.5036553281757346,0
2539,,0,non_landslide,76_36,4,76.73970667656752,36.1830187701023,"Kashgar (Xinjiang, China)",conventional_alphaearth_embeddings_no_road_distance,Conventional + AlphaEarth Embeddings (road-distance ablation),0.1011788783144401,0.5036553281757346,0
2540,,0,non_landslide,76_36,4,76.30402128993848,36.98251775258093,"Kashgar (Xinjiang, China)",conventional_alphaearth_embeddings_no_road_distance,Conventional + AlphaEarth Embeddings (road-distance ablation),0.32042038242064036,0.5036553281757346,0
2541,,0,non_landslide,76_36,4,76.49266801910557,36.04602180843729,"Kashgar (Xinjiang, China)",conventional_alphaearth_embeddings_no_road_distance,Conventional + AlphaEarth Embeddings (road-distance ablation),0.10159999925768222,0.5036553281757346,0
2542,,0,non_landslide,76_36,4,76.64763069891491,36.45700377523024,"Kashgar (Xinjiang, China)",conventional_alphaearth_embeddings_no_road_distance,Conventional + AlphaEarth Embeddings (road-distance ablation),0.40588215229865415,0.5036553281757346,0
2543,,0,non_landslide,76_36,4,76.85648607405622,36.93535384073864,"Kashgar (Xinjiang, China)",conventional_alphaearth_embeddings_no_road_distance,Conventional + AlphaEarth Embeddings (road-distance ablation),0.3187612924949225,0.5036553281757346,0
2544,,0,non_landslide,76_36,4,76.79360383100051,36.38513644355184,"Kashgar (Xinjiang, China)",conventional_alphaearth_embeddings_no_road_distance,Conventional + AlphaEarth Embeddings (road-distance ablation),0.976406113854282,0.5036553281757346,1
2545,,0,non_landslide,76_36,4,76.31300637856117,36.49967291321065,"Kashgar (Xinjiang, China)",conventional_alphaearth_embeddings_no_road_distance,Conventional + AlphaEarth Embeddings (road-distance ablation),0.04270164259036369,0.5036553281757346,0
2546,,0,non_landslide,76_36,4,76.68580506303346,36.82755953187264,"Kashgar (Xinjiang, China)",conventional_alphaearth_embeddings_no_road_distance,Conventional + AlphaEarth Embeddings (road-distance ablation),0.043521073885142654,0.5036553281757346,0
2547,,0,non_landslide,76_36,4,76.07720019665285,36.171786294548674,"Kashgar (Xinjiang, China)",conventional_alphaearth_embeddings_no_road_distance,Conventional + AlphaEarth Embeddings (road-distance ablation),0.04102211056889087,0.5036553281757346,0
2548,,0,non_landslide,76_36,4,76.47694968789216,36.49967291321065,"Kashgar (Xinjiang, China)",conventional_alphaearth_embeddings_no_road_distance,Conventional + AlphaEarth Embeddings (road-distance ablation),0.8548186857137344,0.5036553281757346,1
2549,,0,non_landslide,76_36,4,76.153553383991,36.09318572027959,"Kashgar (Xinjiang, China)",conventional_alphaearth_embeddings_no_road_distance,Conventional + AlphaEarth Embeddings (road-distance ablation),0.24749645854551694,0.5036553281757346,0
2550,,0,non_landslide,76_36,4,76.84974837236446,36.65463113391896,"Kashgar (Xinjiang, China)",conventional_alphaearth_embeddings_no_road_distance,Conventional + AlphaEarth Embeddings (road-distance ablation),0.06285987029405049,0.5036553281757346,0
2551,,0,non_landslide,76_36,4,76.73745928963658,36.4682317916828,"Kashgar (Xinjiang, China)",conventional_alphaearth_embeddings_no_road_distance,Conventional + AlphaEarth Embeddings (road-distance ablation),0.27868563143394914,0.5036553281757346,0
2552,,0,non_landslide,76_36,4,76.5869913836891,36.17628106841055,"Kashgar (Xinjiang, China)",conventional_alphaearth_embeddings_no_road_distance,Conventional + AlphaEarth Embeddings (road-distance ablation),0.04163865030106862,0.5036553281757346,0
2553,,0,non_landslide,76_36,4,76.44550856636431,36.34471469250236,"Kashgar (Xinjiang, China)",conventional_alphaearth_embeddings_no_road_distance,Conventional + AlphaEarth Embeddings (road-distance ablation),0.044057831100113395,0.5036553281757346,0
2554,,0,non_landslide,76_36,4,76.77339072592524,36.1448399468827,"Kashgar (Xinjiang, China)",conventional_alphaearth_embeddings_no_road_distance,Conventional + AlphaEarth Embeddings (road-distance ablation),0.05132253917984324,0.5036553281757346,0
2555,,0,non_landslide,76_36,4,76.84974837236446,36.9645520344366,"Kashgar (Xinjiang, China)",conventional_alphaearth_embeddings_no_road_distance,Conventional + AlphaEarth Embeddings (road-distance ablation),0.9492052178816694,0.5036553281757346,1
2556,,0,non_landslide,76_36,4,76.05249677681675,36.27284736082397,"Kashgar (Xinjiang, China)",conventional_alphaearth_embeddings_no_road_distance,Conventional + AlphaEarth Embeddings (road-distance ablation),0.050333069674331786,0.5036553281757346,0
2557,,0,non_landslide,76_36,4,76.30851606380035,36.84327786308604,"Kashgar (Xinjiang, China)",conventional_alphaearth_embeddings_no_road_distance,Conventional + AlphaEarth Embeddings (road-distance ablation),0.04082747637001858,0.5036553281757346,0
2558,,0,non_landslide,76_36,4,76.66783934488913,36.27060443299409,"Kashgar (Xinjiang, China)",conventional_alphaearth_embeddings_no_road_distance,Conventional + AlphaEarth Embeddings (road-distance ablation),0.04552243182223397,0.5036553281757346,0
2559,,0,non_landslide,76_36,4,76.12660703632503,36.15157764857446,"Kashgar (Xinjiang, China)",conventional_alphaearth_embeddings_no_road_distance,Conventional + AlphaEarth Embeddings (road-distance ablation),0.04681431542361983,0.5036553281757346,0
2560,,0,non_landslide,76_36,4,76.18275157768896,36.35145239419411,"Kashgar (Xinjiang, China)",conventional_alphaearth_embeddings_no_road_distance,Conventional + AlphaEarth Embeddings (road-distance ablation),0.3767739265254903,0.5036553281757346,0
2561,,0,non_landslide,76_36,4,76.89241751034487,36.32001127266628,"Kashgar (Xinjiang, China)",conventional_alphaearth_embeddings_no_road_distance,Conventional + AlphaEarth Embeddings (road-distance ablation),0.4101595065770719,0.5036553281757346,0
2562,,0,non_landslide,76_36,4,76.3781360085478,36.38738383048278,"Kashgar (Xinjiang, China)",conventional_alphaearth_embeddings_no_road_distance,Conventional + AlphaEarth Embeddings (road-distance ablation),0.04083411019729489,0.5036553281757346,0
2563,,0,non_landslide,76_36,4,76.0614774063384,36.403102161696175,"Kashgar (Xinjiang, China)",conventional_alphaearth_embeddings_no_road_distance,Conventional + AlphaEarth Embeddings (road-distance ablation),0.06434570820064359,0.5036553281757346,0
2564,,0,non_landslide,76_36,4,76.50614342248907,36.6950573440695,"Kashgar (Xinjiang, China)",conventional_alphaearth_embeddings_no_road_distance,Conventional + AlphaEarth Embeddings (road-distance ablation),0.10494651082271068,0.5036553281757346,0
2565,,0,non_landslide,76_36,4,76.43652347774163,36.38963121741372,"Kashgar (Xinjiang, China)",conventional_alphaearth_embeddings_no_road_distance,Conventional + AlphaEarth Embeddings (road-distance ablation),0.04565761939150206,0.5036553281757346,0
2566,,0,non_landslide,76_36,4,76.94856651080987,36.18750908486312,"Kashgar (Xinjiang, China)",conventional_alphaearth_embeddings_no_road_distance,Conventional + AlphaEarth Embeddings (road-distance ablation),0.07522230919319657,0.5036553281757346,0
2567,,0,non_landslide,76_36,4,76.29728358824673,36.762429901886,"Kashgar (Xinjiang, China)",conventional_alphaearth_embeddings_no_road_distance,Conventional + AlphaEarth Embeddings (road-distance ablation),0.04903789831199191,0.5036553281757346,0
2568,,0,non_landslide,76_36,4,76.4859303174138,36.07297261520432,"Kashgar (Xinjiang, China)",conventional_alphaearth_embeddings_no_road_distance,Conventional + AlphaEarth Embeddings (road-distance ablation),0.049654226413973365,0.5036553281757346,0
2569,,0,non_landslide,77_38,4,77.11475274797074,38.69156187243619,"Kashgar (Xinjiang, China)",conventional_alphaearth_embeddings_no_road_distance,Conventional + AlphaEarth Embeddings (road-distance ablation),0.042109870498886405,0.5036553281757346,0
2570,,0,non_landslide,77_38,4,77.30339947713782,38.33672890610824,"Kashgar (Xinjiang, China)",conventional_alphaearth_embeddings_no_road_distance,Conventional + AlphaEarth Embeddings (road-distance ablation),0.050200130977839805,0.5036553281757346,0
2571,,0,non_landslide,77_38,4,77.86709227770812,38.79037555178055,"Kashgar (Xinjiang, China)",conventional_alphaearth_embeddings_no_road_distance,Conventional + AlphaEarth Embeddings (road-distance ablation),0.040591680479259686,0.5036553281757346,0
2572,,0,non_landslide,77_38,4,77.99734707858033,38.28507467950512,"Kashgar (Xinjiang, China)",conventional_alphaearth_embeddings_no_road_distance,Conventional + AlphaEarth Embeddings (road-distance ablation),0.04877059545450782,0.5036553281757346,0
2573,,0,non_landslide,77_38,4,77.34382122818731,38.44901798883611,"Kashgar (Xinjiang, China)",conventional_alphaearth_embeddings_no_road_distance,Conventional + AlphaEarth Embeddings (road-distance ablation),0.048381855524478184,0.5036553281757346,0
2574,,0,non_landslide,77_38,4,77.90751402875762,38.04477372373493,"Kashgar (Xinjiang, China)",conventional_alphaearth_embeddings_no_road_distance,Conventional + AlphaEarth Embeddings (road-distance ablation),0.046308323847966584,0.5036553281757346,0
2575,,0,non_landslide,77_38,4,77.56390907888223,38.0402834089741,"Kashgar (Xinjiang, China)",conventional_alphaearth_embeddings_no_road_distance,Conventional + AlphaEarth Embeddings (road-distance ablation),0.04474725323138339,0.5036553281757346,0
2576,,0,non_landslide,77_38,4,77.77950661481636,38.00659490051533,"Kashgar (Xinjiang, China)",conventional_alphaearth_embeddings_no_road_distance,Conventional + AlphaEarth Embeddings (road-distance ablation),0.05606484268881116,0.5036553281757346,0
2577,,0,non_landslide,77_38,4,77.04288541629235,38.67359615429186,"Kashgar (Xinjiang, China)",conventional_alphaearth_embeddings_no_road_distance,Conventional + AlphaEarth Embeddings (road-distance ablation),0.04631702377574925,0.5036553281757346,0
2578,,0,non_landslide,77_38,4,77.01818199645626,38.64889273445577,"Kashgar (Xinjiang, China)",conventional_alphaearth_embeddings_no_road_distance,Conventional + AlphaEarth Embeddings (road-distance ablation),0.04664552903057674,0.5036553281757346,0
2579,,0,non_landslide,77_38,4,77.7862443165081,38.444527674075296,"Kashgar (Xinjiang, China)",conventional_alphaearth_embeddings_no_road_distance,Conventional + AlphaEarth Embeddings (road-distance ablation),0.046867742164019704,0.5036553281757346,0
2580,,0,non_landslide,77_38,4,77.14170355473777,38.48270203819384,"Kashgar (Xinjiang, China)",conventional_alphaearth_embeddings_no_road_distance,Conventional + AlphaEarth Embeddings (road-distance ablation),0.05416373607287371,0.5036553281757346,0
2581,,0,non_landslide,77_38,4,77.28093898513161,38.601728822613474,"Kashgar (Xinjiang, China)",conventional_alphaearth_embeddings_no_road_distance,Conventional + AlphaEarth Embeddings (road-distance ablation),0.044096955516376,0.5036553281757346,0
2582,,0,non_landslide,77_38,4,77.55268106242966,38.36817002763609,"Kashgar (Xinjiang, China)",conventional_alphaearth_embeddings_no_road_distance,Conventional + AlphaEarth Embeddings (road-distance ablation),0.04877184581985064,0.5036553281757346,0
2583,,0,non_landslide,77_38,4,77.41344117293475,38.47596433650208,"Kashgar (Xinjiang, China)",conventional_alphaearth_embeddings_no_road_distance,Conventional + AlphaEarth Embeddings (road-distance ablation),0.04534734659151032,0.5036553281757346,0
2584,,0,non_landslide,77_38,4,77.04064248846248,38.83080176193109,"Kashgar (Xinjiang, China)",conventional_alphaearth_embeddings_no_road_distance,Conventional + AlphaEarth Embeddings (road-distance ablation),0.04225418267676256,0.5036553281757346,0
2585,,0,non_landslide,78_40,4,78.16129038791132,40.8789605169009,"Kashgar (Xinjiang, China)",conventional_alphaearth_embeddings_no_road_distance,Conventional + AlphaEarth Embeddings (road-distance ablation),0.1590329994477792,0.5036553281757346,0
2586,,0,non_landslide,78_40,4,78.53408907238362,40.8115879590844,"Kashgar (Xinjiang, China)",conventional_alphaearth_embeddings_no_road_distance,Conventional + AlphaEarth Embeddings (road-distance ablation),0.055046985833145504,0.5036553281757346,0
2587,,0,non_landslide,78_40,4,78.8529906024229,40.97552680931433,"Kashgar (Xinjiang, China)",conventional_alphaearth_embeddings_no_road_distance,Conventional + AlphaEarth Embeddings (road-distance ablation),0.05104645613317298,0.5036553281757346,0
2588,,0,non_landslide,78_40,4,78.24213834911136,40.90141654980606,"Kashgar (Xinjiang, China)",conventional_alphaearth_embeddings_no_road_distance,Conventional + AlphaEarth Embeddings (road-distance ablation),0.08002207751019183,0.5036553281757346,0
2589,,0,non_landslide,78_40,4,78.52286105593105,40.64315433499259,"Kashgar (Xinjiang, China)",conventional_alphaearth_embeddings_no_road_distance,Conventional + AlphaEarth Embeddings (road-distance ablation),0.07966655058086415,0.5036553281757346,0
2590,,0,non_landslide,78_40,4,78.24438573604229,40.8407816936813,"Kashgar (Xinjiang, China)",conventional_alphaearth_embeddings_no_road_distance,Conventional + AlphaEarth Embeddings (road-distance ablation),0.07527432580207354,0.5036553281757346,0
2591,,0,non_landslide,78_40,4,78.28031717233095,40.89018853335348,"Kashgar (Xinjiang, China)",conventional_alphaearth_embeddings_no_road_distance,Conventional + AlphaEarth Embeddings (road-distance ablation),0.08175418087705016,0.5036553281757346,0
2592,,0,non_landslide,78_40,4,78.56553019391147,40.6633629809668,"Kashgar (Xinjiang, China)",conventional_alphaearth_embeddings_no_road_distance,Conventional + AlphaEarth Embeddings (road-distance ablation),0.0920167955574108,0.5036553281757346,0
2593,,0,non_landslide,78_40,4,78.61943180744552,40.104164954258366,"Kashgar (Xinjiang, China)",conventional_alphaearth_embeddings_no_road_distance,Conventional + AlphaEarth Embeddings (road-distance ablation),0.08019111064597906,0.5036553281757346,0
2594,,0,non_landslide,78_40,4,78.01082248196386,40.11539297071095,"Kashgar (Xinjiang, China)",conventional_alphaearth_embeddings_no_road_distance,Conventional + AlphaEarth Embeddings (road-distance ablation),0.6881968591821994,0.5036553281757346,1
2595,,0,non_landslide,78_40,4,78.44875079642277,40.7487057160287,"Kashgar (Xinjiang, China)",conventional_alphaearth_embeddings_no_road_distance,Conventional + AlphaEarth Embeddings (road-distance ablation),0.05581580629240129,0.5036553281757346,0
2596,,0,non_landslide,78_40,4,78.14556759759688,40.58700533452759,"Kashgar (Xinjiang, China)",conventional_alphaearth_embeddings_no_road_distance,Conventional + AlphaEarth Embeddings (road-distance ablation),0.0922552915358736,0.5036553281757346,0
2597,,0,non_landslide,78_40,4,78.36341252046192,40.82955367722872,"Kashgar (Xinjiang, China)",conventional_alphaearth_embeddings_no_road_distance,Conventional + AlphaEarth Embeddings (road-distance ablation),0.09309683789899556,0.5036553281757346,0
2598,,0,non_landslide,78_40,4,78.35442743183923,40.94184275995659,"Kashgar (Xinjiang, China)",conventional_alphaearth_embeddings_no_road_distance,Conventional + AlphaEarth Embeddings (road-distance ablation),0.06928375716255518,0.5036553281757346,0
2599,,0,non_landslide,78_40,4,78.0040847802721,40.80709318522253,"Kashgar (Xinjiang, China)",conventional_alphaearth_embeddings_no_road_distance,Conventional + AlphaEarth Embeddings (road-distance ablation),0.15682917248483133,0.5036553281757346,0
2600,,0,non_landslide,78_40,4,78.50264795085577,40.73972062740601,"Kashgar (Xinjiang, China)",conventional_alphaearth_embeddings_no_road_distance,Conventional + AlphaEarth Embeddings (road-distance ablation),0.06930062118768752,0.5036553281757346,0
2601,,0,non_landslide,78_40,4,78.50040502302589,40.81158795908439,"Kashgar (Xinjiang, China)",conventional_alphaearth_embeddings_no_road_distance,Conventional + AlphaEarth Embeddings (road-distance ablation),0.07687058878348639,0.5036553281757346,0
2602,CPEC_LANDSLIDE_0001,1,landslide,73_35,4,73.18911624905387,35.311652455945286,KP-AJK,conventional_alphaearth_embeddings_no_road_distance,Conventional + AlphaEarth Embeddings (road-distance ablation),0.9839785996565088,0.5036553281757346,1
2603,CPEC_LANDSLIDE_0002,1,landslide,73_35,4,73.20034426550644,35.29592966563084,KP-AJK,conventional_alphaearth_embeddings_no_road_distance,Conventional + AlphaEarth Embeddings (road-distance ablation),0.9863041284653679,0.5036553281757346,1
2604,CPEC_LANDSLIDE_0003,1,landslide,73_35,4,73.20483458026726,35.29592966563084,KP-AJK,conventional_alphaearth_embeddings_no_road_distance,Conventional + AlphaEarth Embeddings (road-distance ablation),0.9856548248007769,0.5036553281757346,1
2605,CPEC_LANDSLIDE_0004,1,landslide,73_35,4,73.20708196719819,35.291439350870014,KP-AJK,conventional_alphaearth_embeddings_no_road_distance,Conventional + AlphaEarth Embeddings (road-distance ablation),0.9736068668792901,0.5036553281757346,1
2606,CPEC_LANDSLIDE_0006,1,landslide,73_35,4,73.20932489502808,35.293686737800954,KP-AJK,conventional_alphaearth_embeddings_no_road_distance,Conventional + AlphaEarth Embeddings (road-distance ablation),0.9826299030844801,0.5036553281757346,1
2607,CPEC_LANDSLIDE_0007,1,landslide,73_35,4,73.23852308872604,35.286949036109185,KP-AJK,conventional_alphaearth_embeddings_no_road_distance,Conventional + AlphaEarth Embeddings (road-distance ablation),0.9545049226530666,0.5036553281757346,1
2608,CPEC_LANDSLIDE_0022,1,landslide,75_39,4,75.07333169469268,39.1002964522982,"Kashgar (Xinjiang, China)",conventional_alphaearth_embeddings_no_road_distance,Conventional + AlphaEarth Embeddings (road-distance ablation),0.07945811937856738,0.5036553281757346,0
2609,CPEC_LANDSLIDE_0262,1,landslide,73_35,4,73.88531123742732,35.48008608003709,Gilgit-Baltistan,conventional_alphaearth_embeddings_no_road_distance,Conventional + AlphaEarth Embeddings (road-distance ablation),0.9871801618035401,0.5036553281757346,1
2610,CPEC_LANDSLIDE_0263,1,landslide,73_35,4,73.88306385049637,35.48008608003709,Gilgit-Baltistan,conventional_alphaearth_embeddings_no_road_distance,Conventional + AlphaEarth Embeddings (road-distance ablation),0.9875417561430523,0.5036553281757346,1
2611,CPEC_LANDSLIDE_0264,1,landslide,73_35,4,73.8718358340438,35.48008608003709,Gilgit-Baltistan,conventional_alphaearth_embeddings_no_road_distance,Conventional + AlphaEarth Embeddings (road-distance ablation),0.9873688125447178,0.5036553281757346,1
2612,CPEC_LANDSLIDE_0266,1,landslide,73_35,4,73.84263764034584,35.489066709558735,Gilgit-Baltistan,conventional_alphaearth_embeddings_no_road_distance,Conventional + AlphaEarth Embeddings (road-distance ablation),0.9872291202011373,0.5036553281757346,1
2613,CPEC_LANDSLIDE_0267,1,landslide,73_35,4,73.83589993865408,35.48457639479791,Gilgit-Baltistan,conventional_alphaearth_embeddings_no_road_distance,Conventional + AlphaEarth Embeddings (road-distance ablation),0.9853202404439432,0.5036553281757346,1
2614,CPEC_LANDSLIDE_0268,1,landslide,73_35,4,73.83140962389326,35.48682378172885,Gilgit-Baltistan,conventional_alphaearth_embeddings_no_road_distance,Conventional + AlphaEarth Embeddings (road-distance ablation),0.9872182760519133,0.5036553281757346,1
2615,CPEC_LANDSLIDE_0269,1,landslide,73_35,4,73.82691930913244,35.48682378172885,Gilgit-Baltistan,conventional_alphaearth_embeddings_no_road_distance,Conventional + AlphaEarth Embeddings (road-distance ablation),0.9874379816953768,0.5036553281757346,1
2616,CPEC_LANDSLIDE_0270,1,landslide,73_35,4,73.66971370149321,35.5182649032567,KP-AJK,conventional_alphaearth_embeddings_no_road_distance,Conventional + AlphaEarth Embeddings (road-distance ablation),0.9732742007399692,0.5036553281757346,1
2617,CPEC_LANDSLIDE_0271,1,landslide,73_35,4,73.65848568504063,35.52275521801752,KP-AJK,conventional_alphaearth_embeddings_no_road_distance,Conventional + AlphaEarth Embeddings (road-distance ablation),0.9875492040848309,0.5036553281757346,1
2618,CPEC_LANDSLIDE_0272,1,landslide,73_35,4,73.58661835336224,35.53623062140103,KP-AJK,conventional_alphaearth_embeddings_no_road_distance,Conventional + AlphaEarth Embeddings (road-distance ablation),0.9873489505270959,0.5036553281757346,1
2619,CPEC_LANDSLIDE_0273,1,landslide,73_35,4,73.60907884536844,35.563181428168065,Gilgit-Baltistan,conventional_alphaearth_embeddings_no_road_distance,Conventional + AlphaEarth Embeddings (road-distance ablation),0.9371562003487748,0.5036553281757346,1
2620,CPEC_LANDSLIDE_0274,1,landslide,73_35,4,73.59111312722412,35.53623062140103,KP-AJK,conventional_alphaearth_embeddings_no_road_distance,Conventional + AlphaEarth Embeddings (road-distance ablation),0.9869242554283103,0.5036553281757346,1
2621,CPEC_LANDSLIDE_0275,1,landslide,73_35,4,73.58212803860143,35.53623062140103,KP-AJK,conventional_alphaearth_embeddings_no_road_distance,Conventional + AlphaEarth Embeddings (road-distance ablation),0.9877600326670212,0.5036553281757346,1
2622,CPEC_LANDSLIDE_0276,1,landslide,73_35,4,73.57090002214885,35.53847354923092,KP-AJK,conventional_alphaearth_embeddings_no_road_distance,Conventional + AlphaEarth Embeddings (road-distance ablation),0.9883579217388408,0.5036553281757346,1
2623,CPEC_LANDSLIDE_0277,1,landslide,73_35,4,73.5686526352179,35.52949291970927,KP-AJK,conventional_alphaearth_embeddings_no_road_distance,Conventional + AlphaEarth Embeddings (road-distance ablation),0.986318464095967,0.5036553281757346,1
2624,CPEC_LANDSLIDE_0278,1,landslide,73_35,4,73.56640524828697,35.52724553277834,KP-AJK,conventional_alphaearth_embeddings_no_road_distance,Conventional + AlphaEarth Embeddings (road-distance ablation),0.9857385630858714,0.5036553281757346,1
2625,CPEC_LANDSLIDE_0279,1,landslide,73_35,4,73.54170182845088,35.52050783108658,KP-AJK,conventional_alphaearth_embeddings_no_road_distance,Conventional + AlphaEarth Embeddings (road-distance ablation),0.9813864530501106,0.5036553281757346,1
2626,CPEC_LANDSLIDE_0280,1,landslide,73_35,4,73.53496412675912,35.52500260494845,KP-AJK,conventional_alphaearth_embeddings_no_road_distance,Conventional + AlphaEarth Embeddings (road-distance ablation),0.9868239646784652,0.5036553281757346,1
2627,CPEC_LANDSLIDE_0281,1,landslide,73_35,4,73.49005206094881,35.52724553277834,KP-AJK,conventional_alphaearth_embeddings_no_road_distance,Conventional + AlphaEarth Embeddings (road-distance ablation),0.9867735273254451,0.5036553281757346,1
2628,CPEC_LANDSLIDE_0282,1,landslide,73_35,4,73.48106697232612,35.53174030664021,KP-AJK,conventional_alphaearth_embeddings_no_road_distance,Conventional + AlphaEarth Embeddings (road-distance ablation),0.9755000446801457,0.5036553281757346,1
2629,CPEC_LANDSLIDE_0283,1,landslide,73_35,4,73.45636355249003,35.52724553277834,KP-AJK,conventional_alphaearth_embeddings_no_road_distance,Conventional + AlphaEarth Embeddings (road-distance ablation),0.9825687330920416,0.5036553281757346,1
2630,CPEC_LANDSLIDE_0284,1,landslide,73_35,4,73.40021901112611,35.51377012939483,KP-AJK,conventional_alphaearth_embeddings_no_road_distance,Conventional + AlphaEarth Embeddings (road-distance ablation),0.9849386385686186,0.5036553281757346,1
2631,CPEC_LANDSLIDE_0285,1,landslide,73_35,4,73.37776297822094,35.50254211294225,KP-AJK,conventional_alphaearth_embeddings_no_road_distance,Conventional + AlphaEarth Embeddings (road-distance ablation),0.9402559575758599,0.5036553281757346,1
2632,CPEC_LANDSLIDE_0286,1,landslide,73_35,4,73.37326820435906,35.51377012939483,KP-AJK,conventional_alphaearth_embeddings_no_road_distance,Conventional + AlphaEarth Embeddings (road-distance ablation),0.9811195503730016,0.5036553281757346,1
2633,CPEC_LANDSLIDE_0287,1,landslide,73_35,4,73.34182708283122,35.507032427703066,KP-AJK,conventional_alphaearth_embeddings_no_road_distance,Conventional + AlphaEarth Embeddings (road-distance ablation),0.9875474727404866,0.5036553281757346,1
2634,CPEC_LANDSLIDE_0288,1,landslide,73_35,4,73.33508938113947,35.50478949987318,KP-AJK,conventional_alphaearth_embeddings_no_road_distance,Conventional + AlphaEarth Embeddings (road-distance ablation),0.9863377614941717,0.5036553281757346,1
2635,CPEC_LANDSLIDE_0289,1,landslide,73_35,4,73.2991579448508,35.49805179818143,KP-AJK,conventional_alphaearth_embeddings_no_road_distance,Conventional + AlphaEarth Embeddings (road-distance ablation),0.9864877169878881,0.5036553281757346,1
2636,CPEC_LANDSLIDE_0290,1,landslide,73_35,4,73.2991579448508,35.49805179818143,KP-AJK,conventional_alphaearth_embeddings_no_road_distance,Conventional + AlphaEarth Embeddings (road-distance ablation),0.9864877169878881,0.5036553281757346,1
2637,CPEC_LANDSLIDE_0291,1,landslide,73_35,4,73.25199849210955,35.46212036189276,KP-AJK,conventional_alphaearth_embeddings_no_road_distance,Conventional + AlphaEarth Embeddings (road-distance ablation),0.9842331954783538,0.5036553281757346,1
2638,CPEC_LANDSLIDE_0292,1,landslide,73_35,4,73.2452607904178,35.45538266020101,KP-AJK,conventional_alphaearth_embeddings_no_road_distance,Conventional + AlphaEarth Embeddings (road-distance ablation),0.9775153743973672,0.5036553281757346,1
2639,CPEC_LANDSLIDE_0293,1,landslide,73_35,4,73.24076601655592,35.455382660201,KP-AJK,conventional_alphaearth_embeddings_no_road_distance,Conventional + AlphaEarth Embeddings (road-distance ablation),0.9825952270986907,0.5036553281757346,1
2640,CPEC_LANDSLIDE_0294,1,landslide,73_35,4,73.22280029841158,35.444154643748426,KP-AJK,conventional_alphaearth_embeddings_no_road_distance,Conventional + AlphaEarth Embeddings (road-distance ablation),0.9813826838009938,0.5036553281757346,1
2641,CPEC_LANDSLIDE_0295,1,landslide,73_35,4,73.2205573705817,35.444154643748426,KP-AJK,conventional_alphaearth_embeddings_no_road_distance,Conventional + AlphaEarth Embeddings (road-distance ablation),0.9847487883895272,0.5036553281757346,1
2642,CPEC_LANDSLIDE_0296,1,landslide,73_35,4,73.21381966888997,35.437416942056664,KP-AJK,conventional_alphaearth_embeddings_no_road_distance,Conventional + AlphaEarth Embeddings (road-distance ablation),0.9884406966047217,0.5036553281757346,1
2643,CPEC_LANDSLIDE_0297,1,landslide,73_35,4,73.21830998365077,35.43067924036492,KP-AJK,conventional_alphaearth_embeddings_no_road_distance,Conventional + AlphaEarth Embeddings (road-distance ablation),0.9802366574996835,0.5036553281757346,1
2644,CPEC_LANDSLIDE_0298,1,landslide,73_35,4,73.21157228195901,35.410466135289646,KP-AJK,conventional_alphaearth_embeddings_no_road_distance,Conventional + AlphaEarth Embeddings (road-distance ablation),0.9306481049108227,0.5036553281757346,1
2645,CPEC_LANDSLIDE_0299,1,landslide,73_35,4,73.20708196719819,35.345336505303024,KP-AJK,conventional_alphaearth_embeddings_no_road_distance,Conventional + AlphaEarth Embeddings (road-distance ablation),0.9831893171150163,0.5036553281757346,1
2646,CPEC_LANDSLIDE_0300,1,landslide,73_35,4,73.20932489502808,35.307157682083414,KP-AJK,conventional_alphaearth_embeddings_no_road_distance,Conventional + AlphaEarth Embeddings (road-distance ablation),0.9391752274561981,0.5036553281757346,1
2647,CPEC_LANDSLIDE_0301,1,landslide,73_35,4,73.01618785110017,35.11851095291633,KP-AJK,conventional_alphaearth_embeddings_no_road_distance,Conventional + AlphaEarth Embeddings (road-distance ablation),0.9872838647931602,0.5036553281757346,1
2648,CPEC_LANDSLIDE_0302,1,landslide,73_35,4,73.0431386578672,35.1477091466143,KP-AJK,conventional_alphaearth_embeddings_no_road_distance,Conventional + AlphaEarth Embeddings (road-distance ablation),0.9849773229393702,0.5036553281757346,1
2649,CPEC_LANDSLIDE_0571,1,landslide,75_39,4,75.58986058342069,39.03965713707239,"Kashgar (Xinjiang, China)",conventional_alphaearth_embeddings_no_road_distance,Conventional + AlphaEarth Embeddings (road-distance ablation),0.957965170837815,0.5036553281757346,1
2650,CPEC_LANDSLIDE_0593,1,landslide,67_28,4,67.05137768583617,28.0128397831282,Balochistan,conventional_alphaearth_embeddings_no_road_distance,Conventional + AlphaEarth Embeddings (road-distance ablation),0.9813384343503211,0.5036553281757346,1
2651,CPEC_LANDSLIDE_0595,1,landslide,67_28,4,67.41070096692495,28.07123171142308,Balochistan,conventional_alphaearth_embeddings_no_road_distance,Conventional + AlphaEarth Embeddings (road-distance ablation),0.9819634373562858,0.5036553281757346,1
2652,CPEC_LANDSLIDE_0596,1,landslide,67_28,4,67.41070096692495,28.039790589895222,Balochistan,conventional_alphaearth_embeddings_no_road_distance,Conventional + AlphaEarth Embeddings (road-distance ablation),0.9818489797374442,0.5036553281757346,1
2653,CPEC_LANDSLIDE_0597,1,landslide,67_28,4,67.39947295047237,28.0128397831282,Balochistan,conventional_alphaearth_embeddings_no_road_distance,Conventional + AlphaEarth Embeddings (road-distance ablation),0.9817952008161437,0.5036553281757346,1
2654,CPEC_LANDSLIDE_0666,1,landslide,66_26,4,66.16877889612553,26.16006545901723,Balochistan,conventional_alphaearth_embeddings_no_road_distance,Conventional + AlphaEarth Embeddings (road-distance ablation),0.9731543298530517,0.5036553281757346,1
2655,CPEC_LANDSLIDE_0667,1,landslide,66_26,4,66.16877889612553,26.16006545901723,Balochistan,conventional_alphaearth_embeddings_no_road_distance,Conventional + AlphaEarth Embeddings (road-distance ablation),0.9731543298530517,0.5036553281757346,1
2656,CPEC_LANDSLIDE_0711,1,landslide,70_29,4,70.02929022415682,29.53099424598649,Punjab-Sindh lowland corridor,conventional_alphaearth_embeddings_no_road_distance,Conventional + AlphaEarth Embeddings (road-distance ablation),0.9552743328971918,0.5036553281757346,1
2657,CPEC_LANDSLIDE_0712,1,landslide,70_29,4,70.02929022415682,29.53099424598649,Punjab-Sindh lowland corridor,conventional_alphaearth_embeddings_no_road_distance,Conventional + AlphaEarth Embeddings (road-distance ablation),0.9552743328971918,0.5036553281757346,1
2658,CPEC_LANDSLIDE_0725,1,landslide,68_30,4,68.52461116468206,30.667360476648746,Balochistan,conventional_alphaearth_embeddings_no_road_distance,Conventional + AlphaEarth Embeddings (road-distance ablation),0.7142591591444213,0.5036553281757346,1
2659,CPEC_LANDSLIDE_0742,1,landslide,70_29,4,70.02479990939601,29.95319977013096,Punjab-Sindh lowland corridor,conventional_alphaearth_embeddings_no_road_distance,Conventional + AlphaEarth Embeddings (road-distance ablation),0.9729784740540799,0.5036553281757346,1
2660,CPEC_LANDSLIDE_0743,1,landslide,70_29,4,70.02929022415682,29.95769008489178,Punjab-Sindh lowland corridor,conventional_alphaearth_embeddings_no_road_distance,Conventional + AlphaEarth Embeddings (road-distance ablation),0.9642233499946323,0.5036553281757346,1
2661,CPEC_LANDSLIDE_0745,1,landslide,70_29,4,70.08992508028159,29.96218485875365,Punjab-Sindh lowland corridor,conventional_alphaearth_embeddings_no_road_distance,Conventional + AlphaEarth Embeddings (road-distance ablation),0.9075477611129273,0.5036553281757346,1
2662,CPEC_LANDSLIDE_0746,1,landslide,70_29,4,70.09217246721252,29.95769008489178,Punjab-Sindh lowland corridor,conventional_alphaearth_embeddings_no_road_distance,Conventional + AlphaEarth Embeddings (road-distance ablation),0.5445544017047078,0.5036553281757346,1
2663,CPEC_LANDSLIDE_0747,1,landslide,70_29,4,70.09666278197334,29.95769008489178,Punjab-Sindh lowland corridor,conventional_alphaearth_embeddings_no_road_distance,Conventional + AlphaEarth Embeddings (road-distance ablation),0.9269029789783655,0.5036553281757346,1
2664,CPEC_LANDSLIDE_0774,1,landslide,72_33,4,72.91512678482488,33.83616713106742,KP-AJK,conventional_alphaearth_embeddings_no_road_distance,Conventional + AlphaEarth Embeddings (road-distance ablation),0.9310250709511166,0.5036553281757346,1
2665,CPEC_ROCKFALL_0001,1,rockfall,73_35,4,73.22504768534253,35.28245426224732,KP-AJK,conventional_alphaearth_embeddings_no_road_distance,Conventional + AlphaEarth Embeddings (road-distance ablation),0.9811312690998059,0.5036553281757346,1
2666,CPEC_ROCKFALL_0025,1,rockfall,67_28,4,67.43091407200022,28.11614377723338,Balochistan,conventional_alphaearth_embeddings_no_road_distance,Conventional + AlphaEarth Embeddings (road-distance ablation),0.982204491750248,0.5036553281757346,1
2667,CPEC_ROCKFALL_0026,1,rockfall,67_28,4,67.43540438676104,28.11839116416432,Balochistan,conventional_alphaearth_embeddings_no_road_distance,Conventional + AlphaEarth Embeddings (road-distance ablation),0.9729686859641121,0.5036553281757346,1
2668,CPEC_ROCKFALL_0027,1,rockfall,67_28,4,67.4129483538559,28.10267283295092,Balochistan,conventional_alphaearth_embeddings_no_road_distance,Conventional + AlphaEarth Embeddings (road-distance ablation),0.9520302427404336,0.5036553281757346,1
2669,CPEC_ROCKFALL_0028,1,rockfall,67_28,4,67.40845803909507,28.09368774432823,Balochistan,conventional_alphaearth_embeddings_no_road_distance,Conventional + AlphaEarth Embeddings (road-distance ablation),0.8089252521957623,0.5036553281757346,1
2670,CPEC_ROCKFALL_0029,1,rockfall,67_28,4,67.40845803909507,28.09144035739729,Balochistan,conventional_alphaearth_embeddings_no_road_distance,Conventional + AlphaEarth Embeddings (road-distance ablation),0.9531049251305271,0.5036553281757346,1
2671,CPEC_ROCKFALL_0030,1,rockfall,67_28,4,67.41070096692495,28.08245972787565,Balochistan,conventional_alphaearth_embeddings_no_road_distance,Conventional + AlphaEarth Embeddings (road-distance ablation),0.9734421313332929,0.5036553281757346,1
2672,CPEC_ROCKFALL_0031,1,rockfall,67_28,4,67.39722556354144,28.010592396197268,Balochistan,conventional_alphaearth_embeddings_no_road_distance,Conventional + AlphaEarth Embeddings (road-distance ablation),0.9847329845532594,0.5036553281757346,1
2673,CPEC_ROCKFALL_0231,1,rockfall,66_26,4,66.17102628305646,26.162308386847105,Balochistan,conventional_alphaearth_embeddings_no_road_distance,Conventional + AlphaEarth Embeddings (road-distance ablation),0.9737129833662787,0.5036553281757346,1
2674,CPEC_ROCKFALL_0232,1,rockfall,66_26,4,66.17102628305646,26.162308386847105,Balochistan,conventional_alphaearth_embeddings_no_road_distance,Conventional + AlphaEarth Embeddings (road-distance ablation),0.9737129833662787,0.5036553281757346,1
2675,CPEC_ROCKFALL_0233,1,rockfall,66_26,4,66.18674907337092,26.182521491922376,Balochistan,conventional_alphaearth_embeddings_no_road_distance,Conventional + AlphaEarth Embeddings (road-distance ablation),0.9775426532560667,0.5036553281757346,1
2676,CPEC_ROCKFALL_0234,1,rockfall,66_26,4,66.18674907337092,26.184768878853315,Balochistan,conventional_alphaearth_embeddings_no_road_distance,Conventional + AlphaEarth Embeddings (road-distance ablation),0.9796097372362694,0.5036553281757346,1
2677,CPEC_ROCKFALL_0235,1,rockfall,66_26,4,66.18674907337092,26.18925919361413,Balochistan,conventional_alphaearth_embeddings_no_road_distance,Conventional + AlphaEarth Embeddings (road-distance ablation),0.9634398854230325,0.5036553281757346,1
2678,CPEC_ROCKFALL_0236,1,rockfall,66_26,4,66.19123938813173,26.182521491922376,Balochistan,conventional_alphaearth_embeddings_no_road_distance,Conventional + AlphaEarth Embeddings (road-distance ablation),0.9475965392213888,0.5036553281757346,1
2679,CPEC_ROCKFALL_0237,1,rockfall,66_26,4,66.19123938813173,26.18925919361413,Balochistan,conventional_alphaearth_embeddings_no_road_distance,Conventional + AlphaEarth Embeddings (road-distance ablation),0.9807535790030016,0.5036553281757346,1
2680,CPEC_ROCKFALL_0267,1,rockfall,66_26,4,66.34170729407921,26.557567563325605,Balochistan,conventional_alphaearth_embeddings_no_road_distance,Conventional + AlphaEarth Embeddings (road-distance ablation),0.8640427445539213,0.5036553281757346,1
2681,CPEC_ROCKFALL_0269,1,rockfall,66_26,4,66.33945990714827,26.56655265194829,Balochistan,conventional_alphaearth_embeddings_no_road_distance,Conventional + AlphaEarth Embeddings (road-distance ablation),0.9622697364414557,0.5036553281757346,1
2682,CPEC_ROCKFALL_0335,1,rockfall,66_26,4,66.56179514477414,26.065742094433684,Balochistan,conventional_alphaearth_embeddings_no_road_distance,Conventional + AlphaEarth Embeddings (road-distance ablation),0.9579108299273542,0.5036553281757346,1
2683,CPEC_ROCKFALL_0336,1,rockfall,66_26,4,66.55281005615144,26.076970110886265,Balochistan,conventional_alphaearth_embeddings_no_road_distance,Conventional + AlphaEarth Embeddings (road-distance ablation),0.9564717717504027,0.5036553281757346,1
2684,CPEC_ROCKFALL_0337,1,rockfall,66_26,4,66.46073407849886,26.267859767883227,Balochistan,conventional_alphaearth_embeddings_no_road_distance,Conventional + AlphaEarth Embeddings (road-distance ablation),0.9575900423168109,0.5036553281757346,1
2685,CPEC_ROCKFALL_0338,1,rockfall,66_26,4,66.46073407849886,26.29481057465025,Balochistan,conventional_alphaearth_embeddings_no_road_distance,Conventional + AlphaEarth Embeddings (road-distance ablation),0.872419333002603,0.5036553281757346,1
2686,CPEC_ROCKFALL_0339,1,rockfall,66_26,4,66.46297700632873,26.297057961581192,Balochistan,conventional_alphaearth_embeddings_no_road_distance,Conventional + AlphaEarth Embeddings (road-distance ablation),0.9477330533041008,0.5036553281757346,1
2687,CPEC_ROCKFALL_0382,1,rockfall,67_28,4,67.04239259721348,28.00385469450552,Balochistan,conventional_alphaearth_embeddings_no_road_distance,Conventional + AlphaEarth Embeddings (road-distance ablation),0.9838319521450725,0.5036553281757346,1
2688,CPEC_ROCKFALL_0383,1,rockfall,67_28,4,67.07832403350214,28.02406779958078,Balochistan,conventional_alphaearth_embeddings_no_road_distance,Conventional + AlphaEarth Embeddings (road-distance ablation),0.9842845748774893,0.5036553281757346,1
2689,CPEC_ROCKFALL_0414,1,rockfall,70_29,4,70.0203095946352,29.510781140911217,Punjab-Sindh lowland corridor,conventional_alphaearth_embeddings_no_road_distance,Conventional + AlphaEarth Embeddings (road-distance ablation),0.9690211766816267,0.5036553281757346,1
2690,CPEC_ROCKFALL_0415,1,rockfall,70_29,4,70.02255252246509,29.513024068741107,Punjab-Sindh lowland corridor,conventional_alphaearth_embeddings_no_road_distance,Conventional + AlphaEarth Embeddings (road-distance ablation),0.6430105078054443,0.5036553281757346,1
2691,CPEC_ROCKFALL_0416,1,rockfall,70_29,4,70.0203095946352,29.508533753980288,Punjab-Sindh lowland corridor,conventional_alphaearth_embeddings_no_road_distance,Conventional + AlphaEarth Embeddings (road-distance ablation),0.7333893950856076,0.5036553281757346,1
2692,CPEC_ROCKFALL_0417,1,rockfall,70_29,4,70.0203095946352,29.508533753980288,Punjab-Sindh lowland corridor,conventional_alphaearth_embeddings_no_road_distance,Conventional + AlphaEarth Embeddings (road-distance ablation),0.7333893950856076,0.5036553281757346,1
2693,CPEC_ROCKFALL_0418,1,rockfall,70_29,4,70.0203095946352,29.50628636704935,Punjab-Sindh lowland corridor,conventional_alphaearth_embeddings_no_road_distance,Conventional + AlphaEarth Embeddings (road-distance ablation),0.9462868742836099,0.5036553281757346,1
2694,CPEC_ROCKFALL_0419,1,rockfall,70_29,4,70.01806220770425,29.50628636704935,Punjab-Sindh lowland corridor,conventional_alphaearth_embeddings_no_road_distance,Conventional + AlphaEarth Embeddings (road-distance ablation),0.8892962462562299,0.5036553281757346,1
2695,CPEC_ROCKFALL_0420,1,rockfall,70_29,4,70.01806220770425,29.50179605228853,Punjab-Sindh lowland corridor,conventional_alphaearth_embeddings_no_road_distance,Conventional + AlphaEarth Embeddings (road-distance ablation),0.9397635115782288,0.5036553281757346,1
2696,CPEC_ROCKFALL_0422,1,rockfall,70_29,4,70.01806220770425,29.499553124458647,Punjab-Sindh lowland corridor,conventional_alphaearth_embeddings_no_road_distance,Conventional + AlphaEarth Embeddings (road-distance ablation),0.9067441849400865,0.5036553281757346,1
2697,CPEC_ROCKFALL_0424,1,rockfall,70_29,4,70.02255252246509,29.515271455672043,Punjab-Sindh lowland corridor,conventional_alphaearth_embeddings_no_road_distance,Conventional + AlphaEarth Embeddings (road-distance ablation),0.839257178927634,0.5036553281757346,1
2698,CPEC_ROCKFALL_0426,1,rockfall,70_29,4,70.02255252246509,29.515271455672043,Punjab-Sindh lowland corridor,conventional_alphaearth_embeddings_no_road_distance,Conventional + AlphaEarth Embeddings (road-distance ablation),0.839257178927634,0.5036553281757346,1
2699,CPEC_ROCKFALL_0427,1,rockfall,70_29,4,70.02479990939601,29.517518842602986,Punjab-Sindh lowland corridor,conventional_alphaearth_embeddings_no_road_distance,Conventional + AlphaEarth Embeddings (road-distance ablation),0.9557993410426303,0.5036553281757346,1
2700,CPEC_ROCKFALL_0428,1,rockfall,70_29,4,70.02479990939601,29.519761770432865,Punjab-Sindh lowland corridor,conventional_alphaearth_embeddings_no_road_distance,Conventional + AlphaEarth Embeddings (road-distance ablation),0.9704595122778931,0.5036553281757346,1
2701,CPEC_ROCKFALL_0429,1,rockfall,70_29,4,70.02479990939601,29.5220091573638,Punjab-Sindh lowland corridor,conventional_alphaearth_embeddings_no_road_distance,Conventional + AlphaEarth Embeddings (road-distance ablation),0.9680818128673925,0.5036553281757346,1
2702,CPEC_ROCKFALL_0430,1,rockfall,70_29,4,70.02704729632694,29.524256544294733,Punjab-Sindh lowland corridor,conventional_alphaearth_embeddings_no_road_distance,Conventional + AlphaEarth Embeddings (road-distance ablation),0.8571816507377147,0.5036553281757346,1
2703,CPEC_ROCKFALL_0431,1,rockfall,70_29,4,70.02704729632694,29.52874685905556,Punjab-Sindh lowland corridor,conventional_alphaearth_embeddings_no_road_distance,Conventional + AlphaEarth Embeddings (road-distance ablation),0.9609579238479297,0.5036553281757346,1
2704,CPEC_ROCKFALL_0432,1,rockfall,70_29,4,70.02929022415682,29.53548456074731,Punjab-Sindh lowland corridor,conventional_alphaearth_embeddings_no_road_distance,Conventional + AlphaEarth Embeddings (road-distance ablation),0.9341721285403183,0.5036553281757346,1
2705,CPEC_ROCKFALL_0433,1,rockfall,70_29,4,70.02929022415682,29.5377274885772,Punjab-Sindh lowland corridor,conventional_alphaearth_embeddings_no_road_distance,Conventional + AlphaEarth Embeddings (road-distance ablation),0.961774335734458,0.5036553281757346,1
2706,CPEC_ROCKFALL_0434,1,rockfall,70_29,4,70.03153761108777,29.5377274885772,Punjab-Sindh lowland corridor,conventional_alphaearth_embeddings_no_road_distance,Conventional + AlphaEarth Embeddings (road-distance ablation),0.9295347058908421,0.5036553281757346,1
2707,CPEC_ROCKFALL_0436,1,rockfall,70_29,4,70.03153761108777,29.539974875508133,Punjab-Sindh lowland corridor,conventional_alphaearth_embeddings_no_road_distance,Conventional + AlphaEarth Embeddings (road-distance ablation),0.9676463795415889,0.5036553281757346,1
2708,CPEC_ROCKFALL_0437,1,rockfall,70_29,4,70.03153761108777,29.544465190268944,Punjab-Sindh lowland corridor,conventional_alphaearth_embeddings_no_road_distance,Conventional + AlphaEarth Embeddings (road-distance ablation),0.9787933184498168,0.5036553281757346,1
2709,CPEC_ROCKFALL_0438,1,rockfall,70_29,4,70.03378053891765,29.54446519026896,Punjab-Sindh lowland corridor,conventional_alphaearth_embeddings_no_road_distance,Conventional + AlphaEarth Embeddings (road-distance ablation),0.9261918247385428,0.5036553281757346,1
2710,CPEC_ROCKFALL_0439,1,rockfall,70_29,4,70.03378053891764,29.54671257719989,Punjab-Sindh lowland corridor,conventional_alphaearth_embeddings_no_road_distance,Conventional + AlphaEarth Embeddings (road-distance ablation),0.9766777941485714,0.5036553281757346,1
2711,CPEC_ROCKFALL_0440,1,rockfall,70_29,4,70.03378053891765,29.54895996413082,Punjab-Sindh lowland corridor,conventional_alphaearth_embeddings_no_road_distance,Conventional + AlphaEarth Embeddings (road-distance ablation),0.9806996266365777,0.5036553281757346,1
2712,CPEC_ROCKFALL_0441,1,rockfall,70_29,4,70.03602792584859,29.54895996413082,Punjab-Sindh lowland corridor,conventional_alphaearth_embeddings_no_road_distance,Conventional + AlphaEarth Embeddings (road-distance ablation),0.9484141323228567,0.5036553281757346,1
2713,CPEC_ROCKFALL_0442,1,rockfall,70_29,4,70.03602792584859,29.551202891960703,Punjab-Sindh lowland corridor,conventional_alphaearth_embeddings_no_road_distance,Conventional + AlphaEarth Embeddings (road-distance ablation),0.9800497733099516,0.5036553281757346,1
2714,CPEC_ROCKFALL_0644,1,rockfall,68_30,4,68.38312834735727,30.126128168084648,Balochistan,conventional_alphaearth_embeddings_no_road_distance,Conventional + AlphaEarth Embeddings (road-distance ablation),0.9516649049423064,0.5036553281757346,1
2715,CPEC_ROCKFALL_0645,1,rockfall,68_30,4,68.35617754059024,30.121633394222773,Balochistan,conventional_alphaearth_embeddings_no_road_distance,Conventional + AlphaEarth Embeddings (road-distance ablation),0.764636178011701,0.5036553281757346,1
2716,CPEC_ROCKFALL_0646,1,rockfall,68_30,4,68.15855018190152,30.04303281995368,Balochistan,conventional_alphaearth_embeddings_no_road_distance,Conventional + AlphaEarth Embeddings (road-distance ablation),0.8316167558119917,0.5036553281757346,1
2717,CPEC_ROCKFALL_0647,1,rockfall,68_30,4,68.1540598671407,30.040785433022744,Balochistan,conventional_alphaearth_embeddings_no_road_distance,Conventional + AlphaEarth Embeddings (road-distance ablation),0.9125652482290213,0.5036553281757346,1
2718,CPEC_ROCKFALL_0648,1,rockfall,68_30,4,68.83228467826876,30.725752404943623,Balochistan,conventional_alphaearth_embeddings_no_road_distance,Conventional + AlphaEarth Embeddings (road-distance ablation),0.7318171473402542,0.5036553281757346,1
2719,CPEC_ROCKFALL_0664,1,rockfall,68_30,4,68.35842492752117,30.665113089717806,Balochistan,conventional_alphaearth_embeddings_no_road_distance,Conventional + AlphaEarth Embeddings (road-distance ablation),0.1554198842266821,0.5036553281757346,0
2720,CPEC_ROCKFALL_0665,1,rockfall,68_30,4,68.36067231445212,30.662870161887927,Balochistan,conventional_alphaearth_embeddings_no_road_distance,Conventional + AlphaEarth Embeddings (road-distance ablation),0.36151774976246,0.5036553281757346,0
2721,CPEC_ROCKFALL_0671,1,rockfall,70_29,4,70.00458680432074,29.94421914060932,Punjab-Sindh lowland corridor,conventional_alphaearth_embeddings_no_road_distance,Conventional + AlphaEarth Embeddings (road-distance ablation),0.07693235442074621,0.5036553281757346,0
2722,CPEC_ROCKFALL_0672,1,rockfall,70_29,4,70.00907711908155,29.955447157061897,Punjab-Sindh lowland corridor,conventional_alphaearth_embeddings_no_road_distance,Conventional + AlphaEarth Embeddings (road-distance ablation),0.7359810611860115,0.5036553281757346,1
2723,CPEC_ROCKFALL_0673,1,rockfall,70_29,4,70.0113245060125,29.955447157061897,Punjab-Sindh lowland corridor,conventional_alphaearth_embeddings_no_road_distance,Conventional + AlphaEarth Embeddings (road-distance ablation),0.6948640437168795,0.5036553281757346,1
2724,CPEC_ROCKFALL_0675,1,rockfall,70_29,4,70.00907711908155,29.955447157061897,Punjab-Sindh lowland corridor,conventional_alphaearth_embeddings_no_road_distance,Conventional + AlphaEarth Embeddings (road-distance ablation),0.7359810611860115,0.5036553281757346,1
2725,CPEC_ROCKFALL_0676,1,rockfall,70_29,4,70.0113245060125,29.955447157061897,Punjab-Sindh lowland corridor,conventional_alphaearth_embeddings_no_road_distance,Conventional + AlphaEarth Embeddings (road-distance ablation),0.6948640437168795,0.5036553281757346,1
2726,CPEC_ROCKFALL_0677,1,rockfall,70_29,4,70.00458680432074,29.95769008489178,Punjab-Sindh lowland corridor,conventional_alphaearth_embeddings_no_road_distance,Conventional + AlphaEarth Embeddings (road-distance ablation),0.7026611473490474,0.5036553281757346,1
2727,CPEC_ROCKFALL_0678,1,rockfall,70_29,4,70.02030959463521,29.955447157061897,Punjab-Sindh lowland corridor,conventional_alphaearth_embeddings_no_road_distance,Conventional + AlphaEarth Embeddings (road-distance ablation),0.9344124188969427,0.5036553281757346,1
2728,CPEC_ROCKFALL_0679,1,rockfall,70_29,4,70.02255252246509,29.955447157061897,Punjab-Sindh lowland corridor,conventional_alphaearth_embeddings_no_road_distance,Conventional + AlphaEarth Embeddings (road-distance ablation),0.9093467371752126,0.5036553281757346,1
2729,CPEC_ROCKFALL_0680,1,rockfall,70_29,4,70.09891016890428,29.95769008489178,Punjab-Sindh lowland corridor,conventional_alphaearth_embeddings_no_road_distance,Conventional + AlphaEarth Embeddings (road-distance ablation),0.9290517096925399,0.5036553281757346,1
2730,CPEC_ROCKFALL_0721,1,rockfall,72_33,4,72.90839354223418,33.840657445828235,KP-AJK,conventional_alphaearth_embeddings_no_road_distance,Conventional + AlphaEarth Embeddings (road-distance ablation),0.7555399627209144,0.5036553281757346,1
2731,CPEC_ROCKFALL_0722,1,rockfall,72_33,4,72.90839354223418,33.83841451799835,KP-AJK,conventional_alphaearth_embeddings_no_road_distance,Conventional + AlphaEarth Embeddings (road-distance ablation),0.8123996472687194,0.5036553281757346,1
2732,CPEC_ROCKFALL_0723,1,rockfall,72_33,4,72.91737417175581,33.82942942937566,KP-AJK,conventional_alphaearth_embeddings_no_road_distance,Conventional + AlphaEarth Embeddings (road-distance ablation),0.8795101671386902,0.5036553281757346,1
2733,CPEC_ROCKFALL_0724,1,rockfall,72_33,4,72.89267075191972,33.804726009539564,KP-AJK,conventional_alphaearth_embeddings_no_road_distance,Conventional + AlphaEarth Embeddings (road-distance ablation),0.5828087717050827,0.5036553281757346,1
2734,CPEC_ROCKFALL_0862,1,rockfall,73_35,4,73.86958844711286,35.48232900786698,Gilgit-Baltistan,conventional_alphaearth_embeddings_no_road_distance,Conventional + AlphaEarth Embeddings (road-distance ablation),0.9866937383647146,0.5036553281757346,1
2735,CPEC_ROCKFALL_0863,1,rockfall,73_35,4,73.86734106018193,35.48457639479791,Gilgit-Baltistan,conventional_alphaearth_embeddings_no_road_distance,Conventional + AlphaEarth Embeddings (road-distance ablation),0.9842057769258548,0.5036553281757346,1
2736,CPEC_ROCKFALL_0864,1,rockfall,73_35,4,73.84263764034584,35.489066709558735,Gilgit-Baltistan,conventional_alphaearth_embeddings_no_road_distance,Conventional + AlphaEarth Embeddings (road-distance ablation),0.9872291202011373,0.5036553281757346,1
2737,CPEC_ROCKFALL_0865,1,rockfall,73_35,4,73.8336570108242,35.48682378172885,Gilgit-Baltistan,conventional_alphaearth_embeddings_no_road_distance,Conventional + AlphaEarth Embeddings (road-distance ablation),0.9864443062492667,0.5036553281757346,1
2738,CPEC_ROCKFALL_0866,1,rockfall,73_35,4,73.59560344198493,35.53847354923092,KP-AJK,conventional_alphaearth_embeddings_no_road_distance,Conventional + AlphaEarth Embeddings (road-distance ablation),0.9870666132876154,0.5036553281757346,1
2739,CPEC_ROCKFALL_0867,1,rockfall,73_35,4,73.5776377238406,35.536230621401025,KP-AJK,conventional_alphaearth_embeddings_no_road_distance,Conventional + AlphaEarth Embeddings (road-distance ablation),0.9878153004509116,0.5036553281757346,1
2740,CPEC_ROCKFALL_0868,1,rockfall,73_35,4,73.43166013265395,35.525002604948455,KP-AJK,conventional_alphaearth_embeddings_no_road_distance,Conventional + AlphaEarth Embeddings (road-distance ablation),0.9860007982123367,0.5036553281757346,1
2741,CPEC_ROCKFALL_0869,1,rockfall,73_35,4,73.2991579448508,35.493561483420606,KP-AJK,conventional_alphaearth_embeddings_no_road_distance,Conventional + AlphaEarth Embeddings (road-distance ablation),0.9873186483122236,0.5036553281757346,1
2742,,0,non_landslide,62_26,5,62.366659496389104,26.07697011088626,Balochistan,conventional_alphaearth_embeddings_no_road_distance,Conventional + AlphaEarth Embeddings (road-distance ablation),0.1432519708502421,0.31639528908086495,0
2743,,0,non_landslide,62_26,5,62.162294436008615,26.13760496701101,Balochistan,conventional_alphaearth_embeddings_no_road_distance,Conventional + AlphaEarth Embeddings (road-distance ablation),0.29631731162504926,0.31639528908086495,0
2744,,0,non_landslide,62_26,5,62.413823408231394,26.00061246444705,Balochistan,conventional_alphaearth_embeddings_no_road_distance,Conventional + AlphaEarth Embeddings (road-distance ablation),0.7334028858952266,0.31639528908086495,1
2745,,0,non_landslide,62_26,5,62.65187697707066,26.258879138361586,Balochistan,conventional_alphaearth_embeddings_no_road_distance,Conventional + AlphaEarth Embeddings (road-distance ablation),0.07983687931867123,0.31639528908086495,0
2746,,0,non_landslide,62_26,5,62.993234540015095,26.51714581227612,Balochistan,conventional_alphaearth_embeddings_no_road_distance,Conventional + AlphaEarth Embeddings (road-distance ablation),0.14790287669061306,0.31639528908086495,0
2747,,0,non_landslide,62_26,5,62.13759101617253,26.350955116014187,Balochistan,conventional_alphaearth_embeddings_no_road_distance,Conventional + AlphaEarth Embeddings (road-distance ablation),0.5282226408246848,0.31639528908086495,1
2748,,0,non_landslide,62_26,5,62.842766634067615,26.05675700581099,Balochistan,conventional_alphaearth_embeddings_no_road_distance,Conventional + AlphaEarth Embeddings (road-distance ablation),0.22494235406625235,0.31639528908086495,0
2749,,0,non_landslide,62_26,5,62.350941165175705,26.490195005509094,Balochistan,conventional_alphaearth_embeddings_no_road_distance,Conventional + AlphaEarth Embeddings (road-distance ablation),0.9147532093897176,0.31639528908086495,1
2750,,0,non_landslide,63_28,5,63.2088320759492,28.53835376047889,Balochistan,conventional_alphaearth_embeddings_no_road_distance,Conventional + AlphaEarth Embeddings (road-distance ablation),0.0812961178255349,0.31639528908086495,0
2751,,0,non_landslide,63_28,5,63.12349379998835,28.49792755032836,Balochistan,conventional_alphaearth_embeddings_no_road_distance,Conventional + AlphaEarth Embeddings (road-distance ablation),0.06118999961014265,0.31639528908086495,0
2752,,0,non_landslide,63_28,5,63.444638257857534,28.34970703131182,Balochistan,conventional_alphaearth_embeddings_no_road_distance,Conventional + AlphaEarth Embeddings (road-distance ablation),0.06071366150022535,0.31639528908086495,0
2753,,0,non_landslide,63_28,5,63.26946693207396,28.59449830184284,Balochistan,conventional_alphaearth_embeddings_no_road_distance,Conventional + AlphaEarth Embeddings (road-distance ablation),0.05989052377341766,0.31639528908086495,0
2754,,0,non_landslide,63_28,5,63.264976617313145,28.345216716551004,Balochistan,conventional_alphaearth_embeddings_no_road_distance,Conventional + AlphaEarth Embeddings (road-distance ablation),0.06082397645686855,0.31639528908086495,0
2755,,0,non_landslide,63_28,5,63.02018534678213,28.03305288820347,Balochistan,conventional_alphaearth_embeddings_no_road_distance,Conventional + AlphaEarth Embeddings (road-distance ablation),0.14636467748190818,0.31639528908086495,0
2756,,0,non_landslide,63_28,5,63.9993504289062,28.342969329620065,Balochistan,conventional_alphaearth_embeddings_no_road_distance,Conventional + AlphaEarth Embeddings (road-distance ablation),0.07235468229634869,0.31639528908086495,0
2757,,0,non_landslide,63_28,5,63.51875297646686,28.309285280262337,Balochistan,conventional_alphaearth_embeddings_no_road_distance,Conventional + AlphaEarth Embeddings (road-distance ablation),0.06933830699246656,0.31639528908086495,0
2758,,0,non_landslide,63_28,5,63.84663513602778,28.18127340722001,Balochistan,conventional_alphaearth_embeddings_no_road_distance,Conventional + AlphaEarth Embeddings (road-distance ablation),0.06133167126859222,0.31639528908086495,0
2759,,0,non_landslide,63_28,5,63.71413294822464,28.93136555002646,Balochistan,conventional_alphaearth_embeddings_no_road_distance,Conventional + AlphaEarth Embeddings (road-distance ablation),0.07655005021968977,0.31639528908086495,0
2760,,0,non_landslide,63_28,5,63.80171861111642,28.628186810301635,Balochistan,conventional_alphaearth_embeddings_no_road_distance,Conventional + AlphaEarth Embeddings (road-distance ablation),0.07295147630415777,0.31639528908086495,0
2761,,0,non_landslide,63_28,5,63.72760835160816,28.41932697605928,Balochistan,conventional_alphaearth_embeddings_no_road_distance,Conventional + AlphaEarth Embeddings (road-distance ablation),0.061710199484193005,0.31639528908086495,0
2762,,0,non_landslide,63_28,5,63.87358594279481,28.35195441824276,Balochistan,conventional_alphaearth_embeddings_no_road_distance,Conventional + AlphaEarth Embeddings (road-distance ablation),0.06675007497909034,0.31639528908086495,0
2763,,0,non_landslide,63_28,5,63.314383456985325,28.917890146642943,Balochistan,conventional_alphaearth_embeddings_no_road_distance,Conventional + AlphaEarth Embeddings (road-distance ablation),0.06521806886941024,0.31639528908086495,0
2764,,0,non_landslide,63_28,5,63.98812241245363,28.863992992209944,Balochistan,conventional_alphaearth_embeddings_no_road_distance,Conventional + AlphaEarth Embeddings (road-distance ablation),0.06754913119399522,0.31639528908086495,0
2765,,0,non_landslide,63_28,5,63.63328498702461,28.994247793082152,Balochistan,conventional_alphaearth_embeddings_no_road_distance,Conventional + AlphaEarth Embeddings (road-distance ablation),0.06184755397178046,0.31639528908086495,0
2766,,0,non_landslide,65_27,5,65.37377022840771,27.7343600041384,Balochistan,conventional_alphaearth_embeddings_no_road_distance,Conventional + AlphaEarth Embeddings (road-distance ablation),0.5002060972366194,0.31639528908086495,1
2767,,0,non_landslide,65_27,5,65.91275960914193,27.947710153141564,Balochistan,conventional_alphaearth_embeddings_no_road_distance,Conventional + AlphaEarth Embeddings (road-distance ablation),0.8865571267800904,0.31639528908086495,1
2768,,0,non_landslide,65_27,5,65.23004002415199,27.27172826984339,Balochistan,conventional_alphaearth_embeddings_no_road_distance,Conventional + AlphaEarth Embeddings (road-distance ablation),0.46504192161350916,0.31639528908086495,1
2769,,0,non_landslide,65_27,5,65.51525750483356,27.177404905259845,Balochistan,conventional_alphaearth_embeddings_no_road_distance,Conventional + AlphaEarth Embeddings (road-distance ablation),0.7428261676561518,0.31639528908086495,1
2770,,0,non_landslide,65_27,5,65.01444694731894,27.5412229602105,Balochistan,conventional_alphaearth_embeddings_no_road_distance,Conventional + AlphaEarth Embeddings (road-distance ablation),0.1121373130641456,0.31639528908086495,0
2771,,0,non_landslide,65_27,5,65.47707868161395,27.134735767279423,Balochistan,conventional_alphaearth_embeddings_no_road_distance,Conventional + AlphaEarth Embeddings (road-distance ablation),0.9347787636071354,0.31639528908086495,1
2772,,0,non_landslide,65_27,5,65.9329727142172,27.4626223859414,Balochistan,conventional_alphaearth_embeddings_no_road_distance,Conventional + AlphaEarth Embeddings (road-distance ablation),0.11317045740265516,0.31639528908086495,0
2773,,0,non_landslide,65_27,5,65.41419643855825,27.63779371172497,Balochistan,conventional_alphaearth_embeddings_no_road_distance,Conventional + AlphaEarth Embeddings (road-distance ablation),0.07457974423968886,0.31639528908086495,0
2774,,0,non_landslide,65_27,5,65.67920081416455,27.419953247960983,Balochistan,conventional_alphaearth_embeddings_no_road_distance,Conventional + AlphaEarth Embeddings (road-distance ablation),0.1917516242604642,0.31639528908086495,0
2775,,0,non_landslide,65_27,5,65.67920081416455,27.029184386243305,Balochistan,conventional_alphaearth_embeddings_no_road_distance,Conventional + AlphaEarth Embeddings (road-distance ablation),0.3296464143896995,0.31639528908086495,1
2776,,0,non_landslide,65_27,5,65.65449739432846,27.561436065285765,Balochistan,conventional_alphaearth_embeddings_no_road_distance,Conventional + AlphaEarth Embeddings (road-distance ablation),0.16031892991723212,0.31639528908086495,0
2777,,0,non_landslide,65_27,5,65.5085198031418,27.226811744932032,Balochistan,conventional_alphaearth_embeddings_no_road_distance,Conventional + AlphaEarth Embeddings (road-distance ablation),0.21062092757856982,0.31639528908086495,0
2778,,0,non_landslide,65_27,5,65.71288486352228,27.21109341371864,Balochistan,conventional_alphaearth_embeddings_no_road_distance,Conventional + AlphaEarth Embeddings (road-distance ablation),0.0903992052153756,0.31639528908086495,0
2779,,0,non_landslide,65_27,5,65.47258836685313,27.6265656952724,Balochistan,conventional_alphaearth_embeddings_no_road_distance,Conventional + AlphaEarth Embeddings (road-distance ablation),0.07115764937882277,0.31639528908086495,0
2780,,0,non_landslide,65_27,5,65.59161515127276,27.723131987685825,Balochistan,conventional_alphaearth_embeddings_no_road_distance,Conventional + AlphaEarth Embeddings (road-distance ablation),0.05804348113253912,0.31639528908086495,0
2781,,0,non_landslide,65_27,5,65.9958549572729,27.422196175790862,Balochistan,conventional_alphaearth_embeddings_no_road_distance,Conventional + AlphaEarth Embeddings (road-distance ablation),0.5982049251194523,0.31639528908086495,1
2782,,0,non_landslide,65_27,5,65.72636026690579,27.163929501876336,Balochistan,conventional_alphaearth_embeddings_no_road_distance,Conventional + AlphaEarth Embeddings (road-distance ablation),0.18952056863222816,0.31639528908086495,0
2783,,0,non_landslide,65_27,5,65.27944686382418,27.494063507469257,Balochistan,conventional_alphaearth_embeddings_no_road_distance,Conventional + AlphaEarth Embeddings (road-distance ablation),0.08928191975257321,0.31639528908086495,0
2784,,0,non_landslide,65_27,5,65.9868698686502,27.595124573744545,Balochistan,conventional_alphaearth_embeddings_no_road_distance,Conventional + AlphaEarth Embeddings (road-distance ablation),0.07183822454735932,0.31639528908086495,0
2785,,0,non_landslide,65_27,5,65.56017402974491,27.366051634426928,Balochistan,conventional_alphaearth_embeddings_no_road_distance,Conventional + AlphaEarth Embeddings (road-distance ablation),0.10533306180416492,0.31639528908086495,0
2786,,0,non_landslide,65_27,5,65.37601761533865,27.45139436948883,Balochistan,conventional_alphaearth_embeddings_no_road_distance,Conventional + AlphaEarth Embeddings (road-distance ablation),0.14986888239457616,0.31639528908086495,0
2787,,0,non_landslide,65_27,5,65.48830669806652,27.815207965338427,Balochistan,conventional_alphaearth_embeddings_no_road_distance,Conventional + AlphaEarth Embeddings (road-distance ablation),0.3036716245748213,0.31639528908086495,0
2788,,0,non_landslide,65_27,5,65.802717913345,27.79275193243327,Balochistan,conventional_alphaearth_embeddings_no_road_distance,Conventional + AlphaEarth Embeddings (road-distance ablation),0.25915578133575135,0.31639528908086495,0
2789,,0,non_landslide,65_27,5,65.35131419550255,27.774786214288937,Balochistan,conventional_alphaearth_embeddings_no_road_distance,Conventional + AlphaEarth Embeddings (road-distance ablation),0.17672101443772326,0.31639528908086495,0
2790,,0,non_landslide,65_27,5,65.32436338873553,27.902793628230206,Balochistan,conventional_alphaearth_embeddings_no_road_distance,Conventional + AlphaEarth Embeddings (road-distance ablation),0.7844600826633111,0.31639528908086495,1
2791,,0,non_landslide,65_27,5,65.43216215670259,27.39300244119396,Balochistan,conventional_alphaearth_embeddings_no_road_distance,Conventional + AlphaEarth Embeddings (road-distance ablation),0.06990632826594427,0.31639528908086495,0
2792,,0,non_landslide,65_27,5,65.32212046090565,27.981398661600355,Balochistan,conventional_alphaearth_embeddings_no_road_distance,Conventional + AlphaEarth Embeddings (road-distance ablation),0.08477709221924833,0.31639528908086495,0
2793,,0,non_landslide,65_27,5,65.2435154275355,27.50080120916101,Balochistan,conventional_alphaearth_embeddings_no_road_distance,Conventional + AlphaEarth Embeddings (road-distance ablation),0.4281258782304728,0.31639528908086495,1
2794,,0,non_landslide,65_27,5,65.48830669806652,27.92525412023642,Balochistan,conventional_alphaearth_embeddings_no_road_distance,Conventional + AlphaEarth Embeddings (road-distance ablation),0.5224881009560549,0.31639528908086495,1
2795,,0,non_landslide,66_29,5,66.11263435476158,29.34459044464929,Balochistan,conventional_alphaearth_embeddings_no_road_distance,Conventional + AlphaEarth Embeddings (road-distance ablation),0.10853729701251923,0.31639528908086495,0
2796,,0,non_landslide,66_29,5,66.52810663631536,29.82519235618969,Balochistan,conventional_alphaearth_embeddings_no_road_distance,Conventional + AlphaEarth Embeddings (road-distance ablation),0.1029305224985086,0.31639528908086495,0
2797,,0,non_landslide,66_29,5,66.61120198444632,29.290693290216293,Balochistan,conventional_alphaearth_embeddings_no_road_distance,Conventional + AlphaEarth Embeddings (road-distance ablation),0.09452678834384542,0.31639528908086495,0
2798,,0,non_landslide,66_29,5,66.73920939838759,29.414210389396743,Balochistan,conventional_alphaearth_embeddings_no_road_distance,Conventional + AlphaEarth Embeddings (road-distance ablation),0.11248955636706516,0.31639528908086495,0
2799,,0,non_landslide,66_29,5,66.25861194594825,29.016708285088363,Balochistan,conventional_alphaearth_embeddings_no_road_distance,Conventional + AlphaEarth Embeddings (road-distance ablation),0.15222740876240123,0.31639528908086495,0
2800,,0,non_landslide,66_29,5,66.84925555328557,29.005475809534737,Balochistan,conventional_alphaearth_embeddings_no_road_distance,Conventional + AlphaEarth Embeddings (road-distance ablation),0.5356090179479325,0.31639528908086495,1
2801,,0,non_landslide,66_29,5,66.79760132668247,29.697180483147367,Balochistan,conventional_alphaearth_embeddings_no_road_distance,Conventional + AlphaEarth Embeddings (road-distance ablation),0.13488735965672213,0.31639528908086495,0
2802,,0,non_landslide,66_29,5,66.8537458680464,29.03916431799352,Balochistan,conventional_alphaearth_embeddings_no_road_distance,Conventional + AlphaEarth Embeddings (road-distance ablation),0.06466904972795606,0.31639528908086495,0
2803,,0,non_landslide,66_29,5,66.66734652581026,29.966675173514474,Balochistan,conventional_alphaearth_embeddings_no_road_distance,Conventional + AlphaEarth Embeddings (road-distance ablation),0.1842782293275996,0.31639528908086495,0
2804,,0,non_landslide,66_29,5,66.66959391274119,29.189632223941,Balochistan,conventional_alphaearth_embeddings_no_road_distance,Conventional + AlphaEarth Embeddings (road-distance ablation),0.4372568518900036,0.31639528908086495,1
2805,,0,non_landslide,66_29,5,66.20695771934513,29.79599416249173,Balochistan,conventional_alphaearth_embeddings_no_road_distance,Conventional + AlphaEarth Embeddings (road-distance ablation),0.12062217125444623,0.31639528908086495,0
2806,,0,non_landslide,66_29,5,66.04077148218425,29.1739138927276,Balochistan,conventional_alphaearth_embeddings_no_road_distance,Conventional + AlphaEarth Embeddings (road-distance ablation),0.2069371500302069,0.31639528908086495,0
2807,,0,non_landslide,66_29,5,66.32374157593487,29.277217886832783,Balochistan,conventional_alphaearth_embeddings_no_road_distance,Conventional + AlphaEarth Embeddings (road-distance ablation),0.06718217764794691,0.31639528908086495,0
2808,,0,non_landslide,66_29,5,66.97951035415778,29.09530885935745,Balochistan,conventional_alphaearth_embeddings_no_road_distance,Conventional + AlphaEarth Embeddings (road-distance ablation),0.37957835043537924,0.31639528908086495,1
2809,,0,non_landslide,66_29,5,66.04750918387602,29.17615682055748,Balochistan,conventional_alphaearth_embeddings_no_road_distance,Conventional + AlphaEarth Embeddings (road-distance ablation),0.27245811106484524,0.31639528908086495,0
2810,,0,non_landslide,66_29,5,66.68082192919377,29.643283328714364,Balochistan,conventional_alphaearth_embeddings_no_road_distance,Conventional + AlphaEarth Embeddings (road-distance ablation),0.15533575810018185,0.31639528908086495,0
2811,,0,non_landslide,66_29,5,66.37988611729881,29.78925646079997,Balochistan,conventional_alphaearth_embeddings_no_road_distance,Conventional + AlphaEarth Embeddings (road-distance ablation),0.06117978098188262,0.31639528908086495,0
2812,,0,non_landslide,66_29,5,66.56628545953495,29.993625980281507,Balochistan,conventional_alphaearth_embeddings_no_road_distance,Conventional + AlphaEarth Embeddings (road-distance ablation),0.08243884433759197,0.31639528908086495,0
2813,,0,non_landslide,66_29,5,66.93684121617737,29.218825958537906,Balochistan,conventional_alphaearth_embeddings_no_road_distance,Conventional + AlphaEarth Embeddings (road-distance ablation),0.29589212376117874,0.31639528908086495,0
2814,,0,non_landslide,66_29,5,66.57976086291848,29.778028444347388,Balochistan,conventional_alphaearth_embeddings_no_road_distance,Conventional + AlphaEarth Embeddings (road-distance ablation),0.8151040945970441,0.31639528908086495,1
2815,,0,non_landslide,66_29,5,66.5887414924401,29.34234751681941,Balochistan,conventional_alphaearth_embeddings_no_road_distance,Conventional + AlphaEarth Embeddings (road-distance ablation),0.08514585036129216,0.31639528908086495,0
2816,,0,non_landslide,66_29,5,66.87171158619073,29.539974875508133,Balochistan,conventional_alphaearth_embeddings_no_road_distance,Conventional + AlphaEarth Embeddings (road-distance ablation),0.7835331722759696,0.31639528908086495,1
2817,,0,non_landslide,66_29,5,66.72124368024326,29.62531315146898,Balochistan,conventional_alphaearth_embeddings_no_road_distance,Conventional + AlphaEarth Embeddings (road-distance ablation),0.09744467439075455,0.31639528908086495,0
2818,,0,non_landslide,66_29,5,66.80433902837422,29.72862160467521,Balochistan,conventional_alphaearth_embeddings_no_road_distance,Conventional + AlphaEarth Embeddings (road-distance ablation),0.10138933757721151,0.31639528908086495,0
2819,,0,non_landslide,66_29,5,66.21819019489875,29.216583030708023,Balochistan,conventional_alphaearth_embeddings_no_road_distance,Conventional + AlphaEarth Embeddings (road-distance ablation),0.2466426387918318,0.31639528908086495,0
2820,,0,non_landslide,66_29,5,66.55505744308238,29.29518360497712,Balochistan,conventional_alphaearth_embeddings_no_road_distance,Conventional + AlphaEarth Embeddings (road-distance ablation),0.10577987769832463,0.31639528908086495,0
2821,,0,non_landslide,66_29,5,66.45174898987615,29.8072221789443,Balochistan,conventional_alphaearth_embeddings_no_road_distance,Conventional + AlphaEarth Embeddings (road-distance ablation),0.08436084949012951,0.31639528908086495,0
2822,,0,non_landslide,66_29,5,66.40009922237408,29.56692568227516,Balochistan,conventional_alphaearth_embeddings_no_road_distance,Conventional + AlphaEarth Embeddings (road-distance ablation),0.072502517042218,0.31639528908086495,0
2823,,0,non_landslide,66_29,5,66.64039571904323,29.92849635029487,Balochistan,conventional_alphaearth_embeddings_no_road_distance,Conventional + AlphaEarth Embeddings (road-distance ablation),0.3204348718956509,0.31639528908086495,1
2824,,0,non_landslide,66_29,5,66.58649856461022,29.28620297545548,Balochistan,conventional_alphaearth_embeddings_no_road_distance,Conventional + AlphaEarth Embeddings (road-distance ablation),0.45640964104384174,0.31639528908086495,1
2825,,0,non_landslide,67_26,5,67.29167418250532,26.13536203918113,Balochistan,conventional_alphaearth_embeddings_no_road_distance,Conventional + AlphaEarth Embeddings (road-distance ablation),0.9237073039829112,0.31639528908086495,1
2826,,0,non_landslide,67_26,5,67.25574274621665,26.337479712630675,Balochistan,conventional_alphaearth_embeddings_no_road_distance,Conventional + AlphaEarth Embeddings (road-distance ablation),0.1125190765980219,0.31639528908086495,0
2827,,0,non_landslide,67_26,5,67.50951464626931,26.054514077981107,Punjab-Sindh lowland corridor,conventional_alphaearth_embeddings_no_road_distance,Conventional + AlphaEarth Embeddings (road-distance ablation),0.9709607074475423,0.31639528908086495,1
2828,,0,non_landslide,67_26,5,67.80596014340347,26.00510277920788,Punjab-Sindh lowland corridor,conventional_alphaearth_embeddings_no_road_distance,Conventional + AlphaEarth Embeddings (road-distance ablation),0.369908751909722,0.31639528908086495,1
2829,,0,non_landslide,67_26,5,67.18163248670838,26.463244198742064,Balochistan,conventional_alphaearth_embeddings_no_road_distance,Conventional + AlphaEarth Embeddings (road-distance ablation),0.9735584297754359,0.31639528908086495,1
2830,,0,non_landslide,67_26,5,67.96541313797361,26.53511153042045,Punjab-Sindh lowland corridor,conventional_alphaearth_embeddings_no_road_distance,Conventional + AlphaEarth Embeddings (road-distance ablation),0.059064610860718604,0.31639528908086495,0
2831,,0,non_landslide,67_26,5,67.34781872386925,26.53062121565963,Punjab-Sindh lowland corridor,conventional_alphaearth_embeddings_no_road_distance,Conventional + AlphaEarth Embeddings (road-distance ablation),0.07997096477463446,0.31639528908086495,0
2832,,0,non_landslide,68_28,5,68.19672900512113,28.765179312865584,Balochistan,conventional_alphaearth_embeddings_no_road_distance,Conventional + AlphaEarth Embeddings (road-distance ablation),0.0826228427604323,0.31639528908086495,0
2833,,0,non_landslide,68_28,5,68.32024610430157,28.158817374314857,Punjab-Sindh lowland corridor,conventional_alphaearth_embeddings_no_road_distance,Conventional + AlphaEarth Embeddings (road-distance ablation),0.06335849376606495,0.31639528908086495,0
2834,,0,non_landslide,68_28,5,68.32923119292427,28.67534626304287,Balochistan,conventional_alphaearth_embeddings_no_road_distance,Conventional + AlphaEarth Embeddings (road-distance ablation),0.05683431110455822,0.31639528908086495,0
2835,,0,non_landslide,68_28,5,68.63016700481923,28.863992992209944,Balochistan,conventional_alphaearth_embeddings_no_road_distance,Conventional + AlphaEarth Embeddings (road-distance ablation),0.4703656088522956,0.31639528908086495,1
2836,,0,non_landslide,68_28,5,68.34494952413766,28.369920136387098,Balochistan,conventional_alphaearth_embeddings_no_road_distance,Conventional + AlphaEarth Embeddings (road-distance ablation),0.10394514738590618,0.31639528908086495,0
2837,,0,non_landslide,68_28,5,68.50440251870783,28.468733815731447,Balochistan,conventional_alphaearth_embeddings_no_road_distance,Conventional + AlphaEarth Embeddings (road-distance ablation),0.06823256007590921,0.31639528908086495,0
2838,,0,non_landslide,68_28,5,68.87046350148837,28.709034771501653,Balochistan,conventional_alphaearth_embeddings_no_road_distance,Conventional + AlphaEarth Embeddings (road-distance ablation),0.09048985707416826,0.31639528908086495,0
2839,,0,non_landslide,69_25,5,69.53296998140304,25.99612214968624,Punjab-Sindh lowland corridor,conventional_alphaearth_embeddings_no_road_distance,Conventional + AlphaEarth Embeddings (road-distance ablation),0.18566719310809995,0.31639528908086495,0
2840,,0,non_landslide,69_25,5,69.74856751733715,25.27297635454576,Punjab-Sindh lowland corridor,conventional_alphaearth_embeddings_no_road_distance,Conventional + AlphaEarth Embeddings (road-distance ablation),0.06033160743391807,0.31639528908086495,0
2841,,0,non_landslide,69_25,5,69.15568098216993,25.49082127741079,Punjab-Sindh lowland corridor,conventional_alphaearth_embeddings_no_road_distance,Conventional + AlphaEarth Embeddings (road-distance ablation),0.06091082070091993,0.31639528908086495,0
2842,,0,non_landslide,69_25,5,69.32635753409163,25.14047416674261,Punjab-Sindh lowland corridor,conventional_alphaearth_embeddings_no_road_distance,Conventional + AlphaEarth Embeddings (road-distance ablation),0.05767816843141676,0.31639528908086495,0
2843,,0,non_landslide,69_25,5,69.07033824710803,25.56268414998813,Punjab-Sindh lowland corridor,conventional_alphaearth_embeddings_no_road_distance,Conventional + AlphaEarth Embeddings (road-distance ablation),0.057961768138925875,0.31639528908086495,0
2844,,0,non_landslide,69_25,5,69.30390150118647,25.868110276643904,Punjab-Sindh lowland corridor,conventional_alphaearth_embeddings_no_road_distance,Conventional + AlphaEarth Embeddings (road-distance ablation),0.0596206924708508,0.31639528908086495,0
2845,,0,non_landslide,69_25,5,69.71263608104847,25.11352781907664,Punjab-Sindh lowland corridor,conventional_alphaearth_embeddings_no_road_distance,Conventional + AlphaEarth Embeddings (road-distance ablation),0.3142206246373276,0.31639528908086495,0
2846,,0,non_landslide,69_25,5,69.00296568929151,25.760311508676853,Punjab-Sindh lowland corridor,conventional_alphaearth_embeddings_no_road_distance,Conventional + AlphaEarth Embeddings (road-distance ablation),0.057789741873619946,0.31639528908086495,0
2847,,0,non_landslide,69_25,5,69.35106095392771,25.32687796807981,Punjab-Sindh lowland corridor,conventional_alphaearth_embeddings_no_road_distance,Conventional + AlphaEarth Embeddings (road-distance ablation),0.0593974183344025,0.31639528908086495,0
2848,,0,non_landslide,69_25,5,69.92373884312072,25.39425052589632,Punjab-Sindh lowland corridor,conventional_alphaearth_embeddings_no_road_distance,Conventional + AlphaEarth Embeddings (road-distance ablation),0.07792856618586444,0.31639528908086495,0
2849,,0,non_landslide,69_25,5,69.49928593204531,25.717642370696435,Punjab-Sindh lowland corridor,conventional_alphaearth_embeddings_no_road_distance,Conventional + AlphaEarth Embeddings (road-distance ablation),0.06085380801957274,0.31639528908086495,0
2850,,0,non_landslide,69_25,5,69.49030084342262,25.567174464748955,Punjab-Sindh lowland corridor,conventional_alphaearth_embeddings_no_road_distance,Conventional + AlphaEarth Embeddings (road-distance ablation),0.06046473370387078,0.31639528908086495,0
2851,,0,non_landslide,69_25,5,69.0366541977503,25.603110360138672,Punjab-Sindh lowland corridor,conventional_alphaearth_embeddings_no_road_distance,Conventional + AlphaEarth Embeddings (road-distance ablation),0.05777566439462914,0.31639528908086495,0
2852,,0,non_landslide,69_25,5,69.27246037965863,25.744593177463457,Punjab-Sindh lowland corridor,conventional_alphaearth_embeddings_no_road_distance,Conventional + AlphaEarth Embeddings (road-distance ablation),0.05908063381850372,0.31639528908086495,0
2853,,0,non_landslide,69_30,5,69.77551832410417,30.537105675776537,Balochistan,conventional_alphaearth_embeddings_no_road_distance,Conventional + AlphaEarth Embeddings (road-distance ablation),0.10572423455600204,0.31639528908086495,0
2854,,0,non_landslide,69_30,5,69.01644109267502,30.86948260919934,Balochistan,conventional_alphaearth_embeddings_no_road_distance,Conventional + AlphaEarth Embeddings (road-distance ablation),0.06780852856899534,0.31639528908086495,0
2855,,0,non_landslide,69_30,5,69.30390150118647,30.885200940412748,Balochistan,conventional_alphaearth_embeddings_no_road_distance,Conventional + AlphaEarth Embeddings (road-distance ablation),0.3642017134266381,0.31639528908086495,1
2856,,0,non_landslide,69_30,5,69.73509211395363,30.94359286870761,Balochistan,conventional_alphaearth_embeddings_no_road_distance,Conventional + AlphaEarth Embeddings (road-distance ablation),0.17572843665155186,0.31639528908086495,0
2857,,0,non_landslide,69_30,5,69.05686284372452,30.671850791409565,Balochistan,conventional_alphaearth_embeddings_no_road_distance,Conventional + AlphaEarth Embeddings (road-distance ablation),0.17496381413285242,0.31639528908086495,0
2858,,0,non_landslide,69_30,5,69.27246037965863,30.644904443743588,Balochistan,conventional_alphaearth_embeddings_no_road_distance,Conventional + AlphaEarth Embeddings (road-distance ablation),0.07674670792681451,0.31639528908086495,0
2859,,0,non_landslide,69_30,5,69.48356314173085,30.7369804213962,Balochistan,conventional_alphaearth_embeddings_no_road_distance,Conventional + AlphaEarth Embeddings (road-distance ablation),0.1521551991075108,0.31639528908086495,0
2860,,0,non_landslide,69_30,5,69.69017558904227,30.96604890161276,Balochistan,conventional_alphaearth_embeddings_no_road_distance,Conventional + AlphaEarth Embeddings (road-distance ablation),0.23129409090726105,0.31639528908086495,0
2861,,0,non_landslide,69_30,5,69.207330749672,30.38888515676,Balochistan,conventional_alphaearth_embeddings_no_road_distance,Conventional + AlphaEarth Embeddings (road-distance ablation),0.3449840843265412,0.31639528908086495,1
2862,,0,non_landslide,69_30,5,69.36004604255041,30.6359193551209,Balochistan,conventional_alphaearth_embeddings_no_road_distance,Conventional + AlphaEarth Embeddings (road-distance ablation),0.6304829425444102,0.31639528908086495,1
2863,,0,non_landslide,69_30,5,69.25224727458335,30.68532619479308,Balochistan,conventional_alphaearth_embeddings_no_road_distance,Conventional + AlphaEarth Embeddings (road-distance ablation),0.0922828845083794,0.31639528908086495,0
2864,,0,non_landslide,69_30,5,69.77551832410417,30.96380597378288,Balochistan,conventional_alphaearth_embeddings_no_road_distance,Conventional + AlphaEarth Embeddings (road-distance ablation),0.10138419405819411,0.31639528908086495,0
2865,,0,non_landslide,69_30,5,69.53521736833397,30.85600720581582,Balochistan,conventional_alphaearth_embeddings_no_road_distance,Conventional + AlphaEarth Embeddings (road-distance ablation),0.06291725559506213,0.31639528908086495,0
2866,,0,non_landslide,69_30,5,69.91475375449802,30.539353062707463,Balochistan,conventional_alphaearth_embeddings_no_road_distance,Conventional + AlphaEarth Embeddings (road-distance ablation),0.16380564321311072,0.31639528908086495,0
2867,,0,non_landslide,69_30,5,69.25224727458335,30.7526987526096,Balochistan,conventional_alphaearth_embeddings_no_road_distance,Conventional + AlphaEarth Embeddings (road-distance ablation),0.35965912710009834,0.31639528908086495,1
2868,,0,non_landslide,69_30,5,69.51725165018964,30.838041487671497,Balochistan,conventional_alphaearth_embeddings_no_road_distance,Conventional + AlphaEarth Embeddings (road-distance ablation),0.06315976089966122,0.31639528908086495,0
2869,,0,non_landslide,69_30,5,69.94395194819599,30.98401907885816,Balochistan,conventional_alphaearth_embeddings_no_road_distance,Conventional + AlphaEarth Embeddings (road-distance ablation),0.07708092703000877,0.31639528908086495,0
2870,,0,non_landslide,69_30,5,69.16017129693074,30.611215935284804,Balochistan,conventional_alphaearth_embeddings_no_road_distance,Conventional + AlphaEarth Embeddings (road-distance ablation),0.07548260997647059,0.31639528908086495,0
2871,,0,non_landslide,69_30,5,69.51725165018964,30.577527426826023,Balochistan,conventional_alphaearth_embeddings_no_road_distance,Conventional + AlphaEarth Embeddings (road-distance ablation),0.09472657546279248,0.31639528908086495,0
2872,,0,non_landslide,69_30,5,69.94395194819599,30.25188819509498,Balochistan,conventional_alphaearth_embeddings_no_road_distance,Conventional + AlphaEarth Embeddings (road-distance ablation),0.2524803735123076,0.31639528908086495,0
2873,,0,non_landslide,69_30,5,69.74407720257632,30.566299410373443,Balochistan,conventional_alphaearth_embeddings_no_road_distance,Conventional + AlphaEarth Embeddings (road-distance ablation),0.19661644169502307,0.31639528908086495,0
2874,,0,non_landslide,69_30,5,69.17139931338332,30.72125763108175,Balochistan,conventional_alphaearth_embeddings_no_road_distance,Conventional + AlphaEarth Embeddings (road-distance ablation),0.07308919028611209,0.31639528908086495,0
2875,,0,non_landslide,69_30,5,69.82492516377636,30.10815799083925,Balochistan,conventional_alphaearth_embeddings_no_road_distance,Conventional + AlphaEarth Embeddings (road-distance ablation),0.8326088892405025,0.31639528908086495,1
2876,,0,non_landslide,69_30,5,69.00071830236058,30.37765268120637,Balochistan,conventional_alphaearth_embeddings_no_road_distance,Conventional + AlphaEarth Embeddings (road-distance ablation),0.08848866819826479,0.31639528908086495,0
2877,,0,non_landslide,69_30,5,69.59136190969791,30.860497520576647,Balochistan,conventional_alphaearth_embeddings_no_road_distance,Conventional + AlphaEarth Embeddings (road-distance ablation),0.08449393512500089,0.31639528908086495,0
2878,,0,non_landslide,69_30,5,69.61157501477318,30.739227808327133,Balochistan,conventional_alphaearth_embeddings_no_road_distance,Conventional + AlphaEarth Embeddings (road-distance ablation),0.19877182294071755,0.31639528908086495,0
2879,,0,non_landslide,69_30,5,69.72161671057012,30.896433415966367,Balochistan,conventional_alphaearth_embeddings_no_road_distance,Conventional + AlphaEarth Embeddings (road-distance ablation),0.29706289201297714,0.31639528908086495,0
2880,,0,non_landslide,69_30,5,69.5150042632587,30.918889448871525,Balochistan,conventional_alphaearth_embeddings_no_road_distance,Conventional + AlphaEarth Embeddings (road-distance ablation),0.07620320665771724,0.31639528908086495,0
2881,,0,non_landslide,69_30,5,69.69017558904227,30.864992294438515,Balochistan,conventional_alphaearth_embeddings_no_road_distance,Conventional + AlphaEarth Embeddings (road-distance ablation),0.09675873022968819,0.31639528908086495,0
2882,,0,non_landslide,69_30,5,69.10627414249774,30.37765268120637,Balochistan,conventional_alphaearth_embeddings_no_road_distance,Conventional + AlphaEarth Embeddings (road-distance ablation),0.4319010069733886,0.31639528908086495,1
2883,,0,non_landslide,69_30,5,69.27246037965863,30.97278660330452,Balochistan,conventional_alphaearth_embeddings_no_road_distance,Conventional + AlphaEarth Embeddings (road-distance ablation),0.15487219803635052,0.31639528908086495,0
2884,,0,non_landslide,70_27,5,70.92535995814994,27.73885477800028,Punjab-Sindh lowland corridor,conventional_alphaearth_embeddings_no_road_distance,Conventional + AlphaEarth Embeddings (road-distance ablation),0.06093091975356413,0.31639528908086495,0
2885,,0,non_landslide,70_27,5,70.99048958813657,27.75232572228273,Punjab-Sindh lowland corridor,conventional_alphaearth_embeddings_no_road_distance,Conventional + AlphaEarth Embeddings (road-distance ablation),0.061104936201941004,0.31639528908086495,0
2886,,0,non_landslide,70_32,5,70.4110739972518,32.60098276195976,KP-AJK,conventional_alphaearth_embeddings_no_road_distance,Conventional + AlphaEarth Embeddings (road-distance ablation),0.3961473624064624,0.31639528908086495,1
2887,,0,non_landslide,70_32,5,70.1258609756713,32.740222651454644,KP-AJK,conventional_alphaearth_embeddings_no_road_distance,Conventional + AlphaEarth Embeddings (road-distance ablation),0.19771113397951862,0.31639528908086495,0
2888,,0,non_landslide,70_32,5,70.15505471026823,32.394370314648334,KP-AJK,conventional_alphaearth_embeddings_no_road_distance,Conventional + AlphaEarth Embeddings (road-distance ablation),0.14199066152592293,0.31639528908086495,0
2889,,0,non_landslide,70_32,5,70.77713943913339,32.87272483925779,KP-AJK,conventional_alphaearth_embeddings_no_road_distance,Conventional + AlphaEarth Embeddings (road-distance ablation),0.06357335434498565,0.31639528908086495,0
2890,,0,non_landslide,70_32,5,70.23815005839919,32.140598414595665,KP-AJK,conventional_alphaearth_embeddings_no_road_distance,Conventional + AlphaEarth Embeddings (road-distance ablation),0.059995832600317094,0.31639528908086495,0
2891,,0,non_landslide,70_32,5,70.12136620180944,32.477465662779295,KP-AJK,conventional_alphaearth_embeddings_no_road_distance,Conventional + AlphaEarth Embeddings (road-distance ablation),0.12830554067716982,0.31639528908086495,0
2892,,0,non_landslide,70_32,5,70.82205596404476,32.32475482900194,KP-AJK,conventional_alphaearth_embeddings_no_road_distance,Conventional + AlphaEarth Embeddings (road-distance ablation),0.9197408890884633,0.31639528908086495,1
2893,,0,non_landslide,70_32,5,70.68056868761892,32.17203953612352,KP-AJK,conventional_alphaearth_embeddings_no_road_distance,Conventional + AlphaEarth Embeddings (road-distance ablation),0.05905297010307086,0.31639528908086495,0
2894,,0,non_landslide,70_32,5,70.32797864912085,32.52462957462159,KP-AJK,conventional_alphaearth_embeddings_no_road_distance,Conventional + AlphaEarth Embeddings (road-distance ablation),0.6010354465390838,0.31639528908086495,1
2895,,0,non_landslide,70_32,5,70.03827531277952,32.12712301121216,KP-AJK,conventional_alphaearth_embeddings_no_road_distance,Conventional + AlphaEarth Embeddings (road-distance ablation),0.4438786153262797,0.31639528908086495,1
2896,,0,non_landslide,70_32,5,70.29204721283219,32.49318845309375,KP-AJK,conventional_alphaearth_embeddings_no_road_distance,Conventional + AlphaEarth Embeddings (road-distance ablation),0.3263324358019935,0.31639528908086495,1
2897,,0,non_landslide,70_32,5,70.46272822385492,32.83679340296913,KP-AJK,conventional_alphaearth_embeddings_no_road_distance,Conventional + AlphaEarth Embeddings (road-distance ablation),0.0685439573134578,0.31639528908086495,0
2898,,0,non_landslide,70_32,5,70.01357189294343,32.96929559077228,KP-AJK,conventional_alphaearth_embeddings_no_road_distance,Conventional + AlphaEarth Embeddings (road-distance ablation),0.7759888078732069,0.31639528908086495,1
2899,,0,non_landslide,70_32,5,70.92086964338912,32.19000525426786,KP-AJK,conventional_alphaearth_embeddings_no_road_distance,Conventional + AlphaEarth Embeddings (road-distance ablation),0.22098515899561338,0.31639528908086495,0
2900,,0,non_landslide,70_32,5,70.40658368249099,32.98276653505473,KP-AJK,conventional_alphaearth_embeddings_no_road_distance,Conventional + AlphaEarth Embeddings (road-distance ablation),0.10751707751270939,0.31639528908086495,0
2901,,0,non_landslide,70_32,5,70.14157930688471,32.36517658005142,KP-AJK,conventional_alphaearth_embeddings_no_road_distance,Conventional + AlphaEarth Embeddings (road-distance ablation),0.11602575194021947,0.31639528908086495,0
2902,,0,non_landslide,71_29,5,71.17913631730364,29.539974875508133,Punjab-Sindh lowland corridor,conventional_alphaearth_embeddings_no_road_distance,Conventional + AlphaEarth Embeddings (road-distance ablation),0.057972049456545445,0.31639528908086495,0
2903,,0,non_landslide,71_29,5,71.97189759809052,29.346837831580224,Punjab-Sindh lowland corridor,conventional_alphaearth_embeddings_no_road_distance,Conventional + AlphaEarth Embeddings (road-distance ablation),0.06665476049534295,0.31639528908086495,0
2904,,0,non_landslide,71_29,5,71.98986331623486,29.47035493076069,Punjab-Sindh lowland corridor,conventional_alphaearth_embeddings_no_road_distance,Conventional + AlphaEarth Embeddings (road-distance ablation),0.05950158870493759,0.31639528908086495,0
2905,,0,non_landslide,71_29,5,71.05112444426135,29.10878426274097,Punjab-Sindh lowland corridor,conventional_alphaearth_embeddings_no_road_distance,Conventional + AlphaEarth Embeddings (road-distance ablation),0.0618217823634367,0.31639528908086495,0
2906,,0,non_landslide,71_29,5,71.85062342673996,29.847648389094843,Punjab-Sindh lowland corridor,conventional_alphaearth_embeddings_no_road_distance,Conventional + AlphaEarth Embeddings (road-distance ablation),0.058783951542683975,0.31639528908086495,0
2907,,0,non_landslide,71_29,5,71.72261601279868,29.656754272996825,Punjab-Sindh lowland corridor,conventional_alphaearth_embeddings_no_road_distance,Conventional + AlphaEarth Embeddings (road-distance ablation),0.05786715102884762,0.31639528908086495,0
2908,,0,non_landslide,71_29,5,71.08481295272011,29.544465190268944,Punjab-Sindh lowland corridor,conventional_alphaearth_embeddings_no_road_distance,Conventional + AlphaEarth Embeddings (road-distance ablation),0.05826868039282977,0.31639528908086495,0
2909,,0,non_landslide,71_29,5,71.12523470376959,29.29743099190805,Punjab-Sindh lowland corridor,conventional_alphaearth_embeddings_no_road_distance,Conventional + AlphaEarth Embeddings (road-distance ablation),0.05831392445392794,0.31639528908086495,0
2910,,0,non_landslide,71_29,5,71.74058173094302,29.638788554852496,Punjab-Sindh lowland corridor,conventional_alphaearth_embeddings_no_road_distance,Conventional + AlphaEarth Embeddings (road-distance ablation),0.05820407200412434,0.31639528908086495,0
2911,,0,non_landslide,72_31,5,72.38512249271335,31.570167912333613,Punjab-Sindh lowland corridor,conventional_alphaearth_embeddings_no_road_distance,Conventional + AlphaEarth Embeddings (road-distance ablation),0.05853083542195047,0.31639528908086495,0
2912,,0,non_landslide,72_31,5,72.94656790635273,31.50953305620886,Punjab-Sindh lowland corridor,conventional_alphaearth_embeddings_no_road_distance,Conventional + AlphaEarth Embeddings (road-distance ablation),0.0592543355234064,0.31639528908086495,0
2913,,0,non_landslide,72_31,5,72.54232810035259,31.394996586550043,Punjab-Sindh lowland corridor,conventional_alphaearth_embeddings_no_road_distance,Conventional + AlphaEarth Embeddings (road-distance ablation),0.059300141205894295,0.31639528908086495,0
2914,,0,non_landslide,72_31,5,72.84326391224755,31.186136752307693,Punjab-Sindh lowland corridor,conventional_alphaearth_embeddings_no_road_distance,Conventional + AlphaEarth Embeddings (road-distance ablation),0.05909079527837123,0.31639528908086495,0
2915,,0,non_landslide,72_31,5,72.01456673607095,31.63978785708106,Punjab-Sindh lowland corridor,conventional_alphaearth_embeddings_no_road_distance,Conventional + AlphaEarth Embeddings (road-distance ablation),0.056525345769929014,0.31639528908086495,0
2916,,0,non_landslide,72_31,5,72.46372306698244,31.493810265894407,Punjab-Sindh lowland corridor,conventional_alphaearth_embeddings_no_road_distance,Conventional + AlphaEarth Embeddings (road-distance ablation),0.05861164789941394,0.31639528908086495,0
2917,,0,non_landslide,72_31,5,72.57376922188044,31.7969934647203,Punjab-Sindh lowland corridor,conventional_alphaearth_embeddings_no_road_distance,Conventional + AlphaEarth Embeddings (road-distance ablation),0.06135580767925431,0.31639528908086495,0
2918,,0,non_landslide,72_31,5,72.56927890711961,31.803731166412053,Punjab-Sindh lowland corridor,conventional_alphaearth_embeddings_no_road_distance,Conventional + AlphaEarth Embeddings (road-distance ablation),0.06026136474272566,0.31639528908086495,0
2919,,0,non_landslide,72_31,5,72.36041907287726,31.152452702949954,Punjab-Sindh lowland corridor,conventional_alphaearth_embeddings_no_road_distance,Conventional + AlphaEarth Embeddings (road-distance ablation),0.0598269665735141,0.31639528908086495,0
2920,,0,non_landslide,72_31,5,72.00333871961837,31.830677514078022,Punjab-Sindh lowland corridor,conventional_alphaearth_embeddings_no_road_distance,Conventional + AlphaEarth Embeddings (road-distance ablation),0.058420420517596466,0.31639528908086495,0
2921,,0,non_landslide,73_33,5,73.84488502727677,33.755319169867384,KP-AJK,conventional_alphaearth_embeddings_no_road_distance,Conventional + AlphaEarth Embeddings (road-distance ablation),0.1811358330232594,0.31639528908086495,0
2922,,0,non_landslide,73_33,5,73.33284645330959,33.759809484628214,Punjab-Sindh lowland corridor,conventional_alphaearth_embeddings_no_road_distance,Conventional + AlphaEarth Embeddings (road-distance ablation),0.11486181978825748,0.31639528908086495,0
2923,,0,non_landslide,73_33,5,73.11051121568373,33.400486203539444,Punjab-Sindh lowland corridor,conventional_alphaearth_embeddings_no_road_distance,Conventional + AlphaEarth Embeddings (road-distance ablation),0.0737206277731306,0.31639528908086495,0
2924,,0,non_landslide,73_33,5,73.68992680656848,33.54421640779515,KP-AJK,conventional_alphaearth_embeddings_no_road_distance,Conventional + AlphaEarth Embeddings (road-distance ablation),0.12917974073923943,0.31639528908086495,0
2925,,0,non_landslide,73_33,5,73.8493753420376,33.74858146817564,KP-AJK,conventional_alphaearth_embeddings_no_road_distance,Conventional + AlphaEarth Embeddings (road-distance ablation),0.45013301636930686,0.31639528908086495,1
2926,,0,non_landslide,73_33,5,73.02068262496205,33.97989733532314,KP-AJK,conventional_alphaearth_embeddings_no_road_distance,Conventional + AlphaEarth Embeddings (road-distance ablation),0.07839963344120796,0.31639528908086495,0
2927,,0,non_landslide,73_33,5,73.44513553603745,33.52400330271989,Punjab-Sindh lowland corridor,conventional_alphaearth_embeddings_no_road_distance,Conventional + AlphaEarth Embeddings (road-distance ablation),0.08809774019236986,0.31639528908086495,0
2928,,0,non_landslide,73_33,5,73.60907884536844,33.090565303021776,KP-AJK,conventional_alphaearth_embeddings_no_road_distance,Conventional + AlphaEarth Embeddings (road-distance ablation),0.06541177798268046,0.31639528908086495,0
2929,,0,non_landslide,73_33,5,73.57090002214885,33.0411584633496,Punjab-Sindh lowland corridor,conventional_alphaearth_embeddings_no_road_distance,Conventional + AlphaEarth Embeddings (road-distance ablation),0.062384795241080204,0.31639528908086495,0
2930,,0,non_landslide,73_33,5,73.44737846386734,33.544216407795155,Punjab-Sindh lowland corridor,conventional_alphaearth_embeddings_no_road_distance,Conventional + AlphaEarth Embeddings (road-distance ablation),0.10928893094753928,0.31639528908086495,0
2931,,0,non_landslide,73_33,5,73.07907009415587,33.00073671230012,Punjab-Sindh lowland corridor,conventional_alphaearth_embeddings_no_road_distance,Conventional + AlphaEarth Embeddings (road-distance ablation),0.06707598125998729,0.31639528908086495,0
2932,,0,non_landslide,73_33,5,73.55068691707358,33.82044879985402,KP-AJK,conventional_alphaearth_embeddings_no_road_distance,Conventional + AlphaEarth Embeddings (road-distance ablation),0.7910148740922532,0.31639528908086495,1
2933,,0,non_landslide,73_33,5,73.79547818760459,33.24328059590021,KP-AJK,conventional_alphaearth_embeddings_no_road_distance,Conventional + AlphaEarth Embeddings (road-distance ablation),0.09767759463675599,0.31639528908086495,0
2934,,0,non_landslide,73_33,5,73.99310554629331,33.306162838955885,KP-AJK,conventional_alphaearth_embeddings_no_road_distance,Conventional + AlphaEarth Embeddings (road-distance ablation),0.24764794822392663,0.31639528908086495,0
2935,,0,non_landslide,73_33,5,73.65174798334887,33.96642193193962,KP-AJK,conventional_alphaearth_embeddings_no_road_distance,Conventional + AlphaEarth Embeddings (road-distance ablation),0.6976073798527832,0.31639528908086495,1
2936,,0,non_landslide,73_33,5,73.3373367680704,33.744091153414814,Punjab-Sindh lowland corridor,conventional_alphaearth_embeddings_no_road_distance,Conventional + AlphaEarth Embeddings (road-distance ablation),0.14886010125616922,0.31639528908086495,0
2937,,0,non_landslide,73_33,5,73.95717411000464,33.184888667605335,KP-AJK,conventional_alphaearth_embeddings_no_road_distance,Conventional + AlphaEarth Embeddings (road-distance ablation),0.18177469476730623,0.31639528908086495,0
2938,,0,non_landslide,73_33,5,73.58886574029317,33.50154726981473,KP-AJK,conventional_alphaearth_embeddings_no_road_distance,Conventional + AlphaEarth Embeddings (road-distance ablation),0.2749913153001953,0.31639528908086495,0
2939,,0,non_landslide,73_33,5,73.61356916012927,33.764304258490085,KP-AJK,conventional_alphaearth_embeddings_no_road_distance,Conventional + AlphaEarth Embeddings (road-distance ablation),0.7919388992715267,0.31639528908086495,1
2940,,0,non_landslide,73_33,5,73.14644711107344,33.0883223751919,Punjab-Sindh lowland corridor,conventional_alphaearth_embeddings_no_road_distance,Conventional + AlphaEarth Embeddings (road-distance ablation),0.07477075229320426,0.31639528908086495,0
2941,,0,non_landslide,73_33,5,73.70115482302106,33.027683059966094,Punjab-Sindh lowland corridor,conventional_alphaearth_embeddings_no_road_distance,Conventional + AlphaEarth Embeddings (road-distance ablation),0.05938857341483765,0.31639528908086495,0
2942,,0,non_landslide,73_33,5,73.58661835336224,33.764304258490085,KP-AJK,conventional_alphaearth_embeddings_no_road_distance,Conventional + AlphaEarth Embeddings (road-distance ablation),0.8877688688467403,0.31639528908086495,1
2943,,0,non_landslide,73_33,5,73.02966325448371,33.50154726981472,Punjab-Sindh lowland corridor,conventional_alphaearth_embeddings_no_road_distance,Conventional + AlphaEarth Embeddings (road-distance ablation),0.5704004347457097,0.31639528908086495,1
2944,,0,non_landslide,73_33,5,73.6225497896509,33.81820141292308,KP-AJK,conventional_alphaearth_embeddings_no_road_distance,Conventional + AlphaEarth Embeddings (road-distance ablation),0.1342690168704255,0.31639528908086495,0
2945,,0,non_landslide,73_33,5,73.31937104992606,33.87434595428703,KP-AJK,conventional_alphaearth_embeddings_no_road_distance,Conventional + AlphaEarth Embeddings (road-distance ablation),0.37903080955539986,0.31639528908086495,1
2946,,0,non_landslide,74_35,5,74.71176102667297,35.25999822934216,Gilgit-Baltistan,conventional_alphaearth_embeddings_no_road_distance,Conventional + AlphaEarth Embeddings (road-distance ablation),0.10269432766283437,0.31639528908086495,0
2947,,0,non_landslide,74_35,5,74.84875352923693,35.85064183667951,Gilgit-Baltistan,conventional_alphaearth_embeddings_no_road_distance,Conventional + AlphaEarth Embeddings (road-distance ablation),0.060089803872952215,0.31639528908086495,0
2948,,0,non_landslide,74_35,5,74.67358220345336,35.00397894235858,KP-AJK,conventional_alphaearth_embeddings_no_road_distance,Conventional + AlphaEarth Embeddings (road-distance ablation),0.20730512832648462,0.31639528908086495,0
2949,,0,non_landslide,74_35,5,74.20870308222742,35.68445114041758,Gilgit-Baltistan,conventional_alphaearth_embeddings_no_road_distance,Conventional + AlphaEarth Embeddings (road-distance ablation),0.06264343888051024,0.31639528908086495,0
2950,,0,non_landslide,74_35,5,74.70052855111935,35.2779639474865,Gilgit-Baltistan,conventional_alphaearth_embeddings_no_road_distance,Conventional + AlphaEarth Embeddings (road-distance ablation),0.0784453092128801,0.31639528908086495,0
2951,,0,non_landslide,74_35,5,74.52086691057495,35.10504000863387,Gilgit-Baltistan,conventional_alphaearth_embeddings_no_road_distance,Conventional + AlphaEarth Embeddings (road-distance ablation),0.05908962449096638,0.31639528908086495,0
2952,,0,non_landslide,74_35,5,74.8307878110926,35.017454345742095,Gilgit-Baltistan,conventional_alphaearth_embeddings_no_road_distance,Conventional + AlphaEarth Embeddings (road-distance ablation),0.08810612035609075,0.31639528908086495,0
2953,,0,non_landslide,74_35,5,74.13009804885728,35.181393195972014,Gilgit-Baltistan,conventional_alphaearth_embeddings_no_road_distance,Conventional + AlphaEarth Embeddings (road-distance ablation),0.07643246538219724,0.31639528908086495,0
2954,,0,non_landslide,74_35,5,74.2962887451192,35.65525740582066,Gilgit-Baltistan,conventional_alphaearth_embeddings_no_road_distance,Conventional + AlphaEarth Embeddings (road-distance ablation),0.08657264976562011,0.31639528908086495,0
2955,,0,non_landslide,74_35,5,74.21993109868,35.90902930587332,Gilgit-Baltistan,conventional_alphaearth_embeddings_no_road_distance,Conventional + AlphaEarth Embeddings (road-distance ablation),0.7453611433866458,0.31639528908086495,1
2956,,0,non_landslide,74_35,5,74.50290119243061,35.13648113016171,Gilgit-Baltistan,conventional_alphaearth_embeddings_no_road_distance,Conventional + AlphaEarth Embeddings (road-distance ablation),0.21686223180484812,0.31639528908086495,0
2957,,0,non_landslide,74_35,5,74.94082950688954,35.99886235569604,Gilgit-Baltistan,conventional_alphaearth_embeddings_no_road_distance,Conventional + AlphaEarth Embeddings (road-distance ablation),0.060561074241749745,0.31639528908086495,0
2958,,0,non_landslide,74_35,5,74.07171057966346,35.401481046666945,Gilgit-Baltistan,conventional_alphaearth_embeddings_no_road_distance,Conventional + AlphaEarth Embeddings (road-distance ablation),0.7586898169350522,0.31639528908086495,1
2959,,0,non_landslide,74_35,5,74.61743766208943,35.31389538377517,Gilgit-Baltistan,conventional_alphaearth_embeddings_no_road_distance,Conventional + AlphaEarth Embeddings (road-distance ablation),0.07700331068811898,0.31639528908086495,0
2960,,0,non_landslide,74_35,5,74.85998154568951,35.76754648854854,Gilgit-Baltistan,conventional_alphaearth_embeddings_no_road_distance,Conventional + AlphaEarth Embeddings (road-distance ablation),0.09533623549903059,0.31639528908086495,0
2961,,0,non_landslide,74_35,5,74.02005635306034,35.07135150017508,KP-AJK,conventional_alphaearth_embeddings_no_road_distance,Conventional + AlphaEarth Embeddings (road-distance ablation),0.09192212002355057,0.31639528908086495,0
2962,,0,non_landslide,74_35,5,74.37264639155842,35.33635587578137,Gilgit-Baltistan,conventional_alphaearth_embeddings_no_road_distance,Conventional + AlphaEarth Embeddings (road-distance ablation),0.14900854927014728,0.31639528908086495,0
2963,,0,non_landslide,74_35,5,74.68481021990594,35.42169415174223,Gilgit-Baltistan,conventional_alphaearth_embeddings_no_road_distance,Conventional + AlphaEarth Embeddings (road-distance ablation),0.0852623475786111,0.31639528908086495,0
2964,,0,non_landslide,74_35,5,74.88019465076478,35.673223123964995,Gilgit-Baltistan,conventional_alphaearth_embeddings_no_road_distance,Conventional + AlphaEarth Embeddings (road-distance ablation),0.06940319445693434,0.31639528908086495,0
2965,,0,non_landslide,74_35,5,74.13459282271916,35.192625671525654,Gilgit-Baltistan,conventional_alphaearth_embeddings_no_road_distance,Conventional + AlphaEarth Embeddings (road-distance ablation),0.06675421876318824,0.31639528908086495,0
2966,,0,non_landslide,74_35,5,74.06048256321088,35.17915026814214,Gilgit-Baltistan,conventional_alphaearth_embeddings_no_road_distance,Conventional + AlphaEarth Embeddings (road-distance ablation),0.10420369623674748,0.31639528908086495,0
2967,,0,non_landslide,74_35,5,74.59273424225334,35.20834400273905,Gilgit-Baltistan,conventional_alphaearth_embeddings_no_road_distance,Conventional + AlphaEarth Embeddings (road-distance ablation),0.06352499510605626,0.31639528908086495,0
2968,,0,non_landslide,74_35,5,74.956552297204,35.906786378043435,Gilgit-Baltistan,conventional_alphaearth_embeddings_no_road_distance,Conventional + AlphaEarth Embeddings (road-distance ablation),0.057989539269638055,0.31639528908086495,0
2969,,0,non_landslide,74_35,5,74.44675665106668,35.50254211294226,Gilgit-Baltistan,conventional_alphaearth_embeddings_no_road_distance,Conventional + AlphaEarth Embeddings (road-distance ablation),0.14227552017587372,0.31639528908086495,0
2970,,0,non_landslide,74_35,5,74.13009804885728,35.823691029912474,Gilgit-Baltistan,conventional_alphaearth_embeddings_no_road_distance,Conventional + AlphaEarth Embeddings (road-distance ablation),0.14224118313217715,0.31639528908086495,0
2971,,0,non_landslide,74_35,5,74.43328124768317,35.839409361125874,Gilgit-Baltistan,conventional_alphaearth_embeddings_no_road_distance,Conventional + AlphaEarth Embeddings (road-distance ablation),0.9810227397519192,0.31639528908086495,1
2972,,0,non_landslide,74_35,5,74.88693235245654,35.42843185343398,Gilgit-Baltistan,conventional_alphaearth_embeddings_no_road_distance,Conventional + AlphaEarth Embeddings (road-distance ablation),0.07577802721821718,0.31639528908086495,0
2973,,0,non_landslide,74_35,5,74.23565388899445,35.06236641155239,KP-AJK,conventional_alphaearth_embeddings_no_road_distance,Conventional + AlphaEarth Embeddings (road-distance ablation),0.05586196910405718,0.31639528908086495,0
2974,,0,non_landslide,74_35,5,74.35692360124396,35.13423374323078,Gilgit-Baltistan,conventional_alphaearth_embeddings_no_road_distance,Conventional + AlphaEarth Embeddings (road-distance ablation),0.21491509790221117,0.31639528908086495,0
2975,,0,non_landslide,74_35,5,74.12111741933563,35.226309720883386,Gilgit-Baltistan,conventional_alphaearth_embeddings_no_road_distance,Conventional + AlphaEarth Embeddings (road-distance ablation),0.08223946421567307,0.31639528908086495,0
2976,,0,non_landslide,74_35,5,74.44226633630586,35.29368673780095,Gilgit-Baltistan,conventional_alphaearth_embeddings_no_road_distance,Conventional + AlphaEarth Embeddings (road-distance ablation),0.12577874298997527,0.31639528908086495,0
2977,,0,non_landslide,74_35,5,74.846506142306,35.891063587728986,Gilgit-Baltistan,conventional_alphaearth_embeddings_no_road_distance,Conventional + AlphaEarth Embeddings (road-distance ablation),0.5315466568906643,0.31639528908086495,1
2978,,0,non_landslide,74_35,5,74.65336909837809,35.042157765578175,KP-AJK,conventional_alphaearth_embeddings_no_road_distance,Conventional + AlphaEarth Embeddings (road-distance ablation),0.06163571509969758,0.31639528908086495,0
2979,,0,non_landslide,74_35,5,74.08742891087685,35.127496041539025,KP-AJK,conventional_alphaearth_embeddings_no_road_distance,Conventional + AlphaEarth Embeddings (road-distance ablation),0.09349009484015092,0.31639528908086495,0
2980,,0,non_landslide,74_35,5,74.3120070763326,35.19711598628648,Gilgit-Baltistan,conventional_alphaearth_embeddings_no_road_distance,Conventional + AlphaEarth Embeddings (road-distance ablation),0.4197424948101058,0.31639528908086495,1
2981,,0,non_landslide,74_35,5,74.07171057966346,35.9808966375517,Gilgit-Baltistan,conventional_alphaearth_embeddings_no_road_distance,Conventional + AlphaEarth Embeddings (road-distance ablation),0.06525765853327663,0.31639528908086495,0
2982,,0,non_landslide,74_35,5,74.36366130293572,35.0848269035586,KP-AJK,conventional_alphaearth_embeddings_no_road_distance,Conventional + AlphaEarth Embeddings (road-distance ablation),0.06189680113385312,0.31639528908086495,0
2983,,0,non_landslide,74_35,5,74.9812557170401,35.32063308546692,Gilgit-Baltistan,conventional_alphaearth_embeddings_no_road_distance,Conventional + AlphaEarth Embeddings (road-distance ablation),0.05625645942495803,0.31639528908086495,0
2984,,0,non_landslide,74_35,5,74.7072662528111,35.53623062140103,Gilgit-Baltistan,conventional_alphaearth_embeddings_no_road_distance,Conventional + AlphaEarth Embeddings (road-distance ablation),0.9775753934606729,0.31639528908086495,1
2985,,0,non_landslide,74_35,5,74.99697404825348,35.81470594128978,Gilgit-Baltistan,conventional_alphaearth_embeddings_no_road_distance,Conventional + AlphaEarth Embeddings (road-distance ablation),0.086693283167103,0.31639528908086495,0
2986,,0,non_landslide,74_35,5,74.52760461226671,35.59461809059485,Gilgit-Baltistan,conventional_alphaearth_embeddings_no_road_distance,Conventional + AlphaEarth Embeddings (road-distance ablation),0.06834512122530337,0.31639528908086495,0
2987,,0,non_landslide,74_35,5,74.91387870012251,35.94720812909293,Gilgit-Baltistan,conventional_alphaearth_embeddings_no_road_distance,Conventional + AlphaEarth Embeddings (road-distance ablation),0.07023713313245755,0.31639528908086495,0
2988,,0,non_landslide,74_35,5,74.36590868986666,35.042157765578175,KP-AJK,conventional_alphaearth_embeddings_no_road_distance,Conventional + AlphaEarth Embeddings (road-distance ablation),0.0659029518720933,0.31639528908086495,0
2989,,0,non_landslide,74_35,5,74.85773415875857,35.388005643283435,Gilgit-Baltistan,conventional_alphaearth_embeddings_no_road_distance,Conventional + AlphaEarth Embeddings (road-distance ablation),0.386079888541669,0.31639528908086495,1
2990,,0,non_landslide,75_37,5,75.800967804594,37.84489897811526,"Kashgar (Xinjiang, China)",conventional_alphaearth_embeddings_no_road_distance,Conventional + AlphaEarth Embeddings (road-distance ablation),0.12171836576715717,0.31639528908086495,0
2991,,0,non_landslide,75_37,5,75.77176961089602,37.14646106191193,"Kashgar (Xinjiang, China)",conventional_alphaearth_embeddings_no_road_distance,Conventional + AlphaEarth Embeddings (road-distance ablation),0.07564824902063016,0.31639528908086495,0
2992,,0,non_landslide,75_37,5,75.05311858961741,37.12400056990572,"Kashgar (Xinjiang, China)",conventional_alphaearth_embeddings_no_road_distance,Conventional + AlphaEarth Embeddings (road-distance ablation),0.7800476751329248,0.31639528908086495,1
2993,,0,non_landslide,75_37,5,75.73359078767642,37.14646106191193,"Kashgar (Xinjiang, China)",conventional_alphaearth_embeddings_no_road_distance,Conventional + AlphaEarth Embeddings (road-distance ablation),0.05859983153945024,0.31639528908086495,0
2994,,0,non_landslide,75_37,5,75.92897521853526,37.81795263044929,"Kashgar (Xinjiang, China)",conventional_alphaearth_embeddings_no_road_distance,Conventional + AlphaEarth Embeddings (road-distance ablation),0.8988919943178029,0.31639528908086495,1
2995,,0,non_landslide,75_37,5,75.10702020315146,37.47883799533473,"Kashgar (Xinjiang, China)",conventional_alphaearth_embeddings_no_road_distance,Conventional + AlphaEarth Embeddings (road-distance ablation),0.07453567548850923,0.31639528908086495,0
2996,,0,non_landslide,75_37,5,75.8211764505682,37.15095137667274,"Kashgar (Xinjiang, China)",conventional_alphaearth_embeddings_no_road_distance,Conventional + AlphaEarth Embeddings (road-distance ablation),0.06679825313628732,0.31639528908086495,0
2997,,0,non_landslide,75_37,5,75.67295593155166,37.41819868010892,"Kashgar (Xinjiang, China)",conventional_alphaearth_embeddings_no_road_distance,Conventional + AlphaEarth Embeddings (road-distance ablation),0.0687233024701865,0.31639528908086495,0
2998,,0,non_landslide,75_37,5,75.56740455051555,37.33061301721713,"Kashgar (Xinjiang, China)",conventional_alphaearth_embeddings_no_road_distance,Conventional + AlphaEarth Embeddings (road-distance ablation),0.05736086105064752,0.31639528908086495,0
2999,,0,non_landslide,75_37,5,75.55168621930214,37.20260560327586,"Kashgar (Xinjiang, China)",conventional_alphaearth_embeddings_no_road_distance,Conventional + AlphaEarth Embeddings (road-distance ablation),0.1222872242992808,0.31639528908086495,0
3000,,0,non_landslide,75_37,5,75.7762643847579,37.519259746384215,"Kashgar (Xinjiang, China)",conventional_alphaearth_embeddings_no_road_distance,Conventional + AlphaEarth Embeddings (road-distance ablation),0.10164888351690751,0.31639528908086495,0
3001,,0,non_landslide,75_37,5,75.07557908162362,37.171164481748015,"Kashgar (Xinjiang, China)",conventional_alphaearth_embeddings_no_road_distance,Conventional + AlphaEarth Embeddings (road-distance ablation),0.06192070778302765,0.31639528908086495,0
3002,,0,non_landslide,75_37,5,75.83914662781359,37.65625224894818,"Kashgar (Xinjiang, China)",conventional_alphaearth_embeddings_no_road_distance,Conventional + AlphaEarth Embeddings (road-distance ablation),0.07993063616877623,0.31639528908086495,0
3003,,0,non_landslide,75_37,5,75.19235847911231,37.14196628805006,"Kashgar (Xinjiang, China)",conventional_alphaearth_embeddings_no_road_distance,Conventional + AlphaEarth Embeddings (road-distance ablation),0.1477810579362811,0.31639528908086495,0
3004,,0,non_landslide,75_37,5,75.60109305897433,37.46311520502029,"Kashgar (Xinjiang, China)",conventional_alphaearth_embeddings_no_road_distance,Conventional + AlphaEarth Embeddings (road-distance ablation),0.06681038690195362,0.31639528908086495,0
3005,,0,non_landslide,75_37,5,75.68418394800423,37.74833268570185,"Kashgar (Xinjiang, China)",conventional_alphaearth_embeddings_no_road_distance,Conventional + AlphaEarth Embeddings (road-distance ablation),0.06474439211578326,0.31639528908086495,0
3006,,0,non_landslide,75_37,5,75.71787245646301,37.26773077416145,"Kashgar (Xinjiang, China)",conventional_alphaearth_embeddings_no_road_distance,Conventional + AlphaEarth Embeddings (road-distance ablation),0.06540692889630019,0.31639528908086495,0
3007,,0,non_landslide,75_37,5,75.84588432950534,37.97291085115759,"Kashgar (Xinjiang, China)",conventional_alphaearth_embeddings_no_road_distance,Conventional + AlphaEarth Embeddings (road-distance ablation),0.08012744446457455,0.31639528908086495,0
3008,,0,non_landslide,75_37,5,75.3720201196567,37.00946855934797,"Kashgar (Xinjiang, China)",conventional_alphaearth_embeddings_no_road_distance,Conventional + AlphaEarth Embeddings (road-distance ablation),0.10908702240992312,0.31639528908086495,0
3009,,0,non_landslide,75_37,5,75.2170618989484,37.29468158092847,"Kashgar (Xinjiang, China)",conventional_alphaearth_embeddings_no_road_distance,Conventional + AlphaEarth Embeddings (road-distance ablation),0.08814998581598739,0.31639528908086495,0
3010,,0,non_landslide,75_37,5,75.42367434625982,37.42493638180067,"Kashgar (Xinjiang, China)",conventional_alphaearth_embeddings_no_road_distance,Conventional + AlphaEarth Embeddings (road-distance ablation),0.2993064657798735,0.31639528908086495,0
3011,,0,non_landslide,75_37,5,75.33159836860722,37.66298995063995,"Kashgar (Xinjiang, China)",conventional_alphaearth_embeddings_no_road_distance,Conventional + AlphaEarth Embeddings (road-distance ablation),0.7424421983075811,0.31639528908086495,1
3012,,0,non_landslide,75_37,5,75.20807681032571,37.35981121091511,"Kashgar (Xinjiang, China)",conventional_alphaearth_embeddings_no_road_distance,Conventional + AlphaEarth Embeddings (road-distance ablation),0.09314152553509047,0.31639528908086495,0
3013,,0,non_landslide,75_37,5,75.54719144544028,37.91002860810188,"Kashgar (Xinjiang, China)",conventional_alphaearth_embeddings_no_road_distance,Conventional + AlphaEarth Embeddings (road-distance ablation),0.06649530610758171,0.31639528908086495,0
3014,,0,non_landslide,75_37,5,75.67744624631248,37.19811082941399,"Kashgar (Xinjiang, China)",conventional_alphaearth_embeddings_no_road_distance,Conventional + AlphaEarth Embeddings (road-distance ablation),0.05934617137009458,0.31639528908086495,0
3015,,0,non_landslide,75_37,5,75.72236277122384,37.12624795683666,"Kashgar (Xinjiang, China)",conventional_alphaearth_embeddings_no_road_distance,Conventional + AlphaEarth Embeddings (road-distance ablation),0.07689129908860332,0.31639528908086495,0
3016,,0,non_landslide,75_37,5,75.32935098167628,37.905538293341074,"Kashgar (Xinjiang, China)",conventional_alphaearth_embeddings_no_road_distance,Conventional + AlphaEarth Embeddings (road-distance ablation),0.5599673716441547,0.31639528908086495,1
3017,,0,non_landslide,75_37,5,75.27545382724328,37.97515377898748,"Kashgar (Xinjiang, China)",conventional_alphaearth_embeddings_no_road_distance,Conventional + AlphaEarth Embeddings (road-distance ablation),0.3163809367820434,0.31639528908086495,0
3018,,0,non_landslide,75_37,5,75.33833607029898,37.82693325997093,"Kashgar (Xinjiang, China)",conventional_alphaearth_embeddings_no_road_distance,Conventional + AlphaEarth Embeddings (road-distance ablation),0.1344244614869878,0.31639528908086495,0
3019,,0,non_landslide,75_37,5,75.56291423575473,37.67421796709252,"Kashgar (Xinjiang, China)",conventional_alphaearth_embeddings_no_road_distance,Conventional + AlphaEarth Embeddings (road-distance ablation),0.1467886132913595,0.31639528908086495,0
3020,,0,non_landslide,75_37,5,75.10477281622053,37.50803172993164,"Kashgar (Xinjiang, China)",conventional_alphaearth_embeddings_no_road_distance,Conventional + AlphaEarth Embeddings (road-distance ablation),0.07885229248037698,0.31639528908086495,0
3021,,0,non_landslide,75_37,5,75.28219152893503,37.31713761383362,"Kashgar (Xinjiang, China)",conventional_alphaearth_embeddings_no_road_distance,Conventional + AlphaEarth Embeddings (road-distance ablation),0.47961932762841225,0.31639528908086495,1
3022,,0,non_landslide,75_37,5,75.6280394066403,37.69667845909872,"Kashgar (Xinjiang, China)",conventional_alphaearth_embeddings_no_road_distance,Conventional + AlphaEarth Embeddings (road-distance ablation),0.23877231707799745,0.31639528908086495,0
3023,,0,non_landslide,75_37,5,75.38324813610927,37.40697066365634,"Kashgar (Xinjiang, China)",conventional_alphaearth_embeddings_no_road_distance,Conventional + AlphaEarth Embeddings (road-distance ablation),0.5627777249163018,0.31639528908086495,1
3024,,0,non_landslide,75_37,5,75.0486282748566,37.81795263044929,"Kashgar (Xinjiang, China)",conventional_alphaearth_embeddings_no_road_distance,Conventional + AlphaEarth Embeddings (road-distance ablation),0.06253022808646806,0.31639528908086495,0
3025,,0,non_landslide,75_37,5,75.43490236271239,37.54621055315124,"Kashgar (Xinjiang, China)",conventional_alphaearth_embeddings_no_road_distance,Conventional + AlphaEarth Embeddings (road-distance ablation),0.1425767628863793,0.31639528908086495,0
3026,,0,non_landslide,75_37,5,75.90202887086927,37.606845409276,"Kashgar (Xinjiang, China)",conventional_alphaearth_embeddings_no_road_distance,Conventional + AlphaEarth Embeddings (road-distance ablation),0.07740877178176056,0.31639528908086495,0
3027,,0,non_landslide,75_37,5,75.73359078767642,37.20934330496762,"Kashgar (Xinjiang, China)",conventional_alphaearth_embeddings_no_road_distance,Conventional + AlphaEarth Embeddings (road-distance ablation),0.0634133983156234,0.31639528908086495,0
3028,,0,non_landslide,75_37,5,75.61456400325679,37.1576890783645,"Kashgar (Xinjiang, China)",conventional_alphaearth_embeddings_no_road_distance,Conventional + AlphaEarth Embeddings (road-distance ablation),0.06844730166395649,0.31639528908086495,0
3029,,0,non_landslide,75_37,5,75.44613037916497,37.13073827159749,"Kashgar (Xinjiang, China)",conventional_alphaearth_embeddings_no_road_distance,Conventional + AlphaEarth Embeddings (road-distance ablation),0.32413292548812606,0.31639528908086495,1
3030,,0,non_landslide,75_37,5,75.36752980489588,37.02518689056136,"Kashgar (Xinjiang, China)",conventional_alphaearth_embeddings_no_road_distance,Conventional + AlphaEarth Embeddings (road-distance ablation),0.09675886352612946,0.31639528908086495,0
3031,,0,non_landslide,75_37,5,75.50003199269902,37.60909279620694,"Kashgar (Xinjiang, China)",conventional_alphaearth_embeddings_no_road_distance,Conventional + AlphaEarth Embeddings (road-distance ablation),0.06799333972192055,0.31639528908086495,0
3032,,0,non_landslide,75_37,5,75.08905002590608,37.78201673505957,"Kashgar (Xinjiang, China)",conventional_alphaearth_embeddings_no_road_distance,Conventional + AlphaEarth Embeddings (road-distance ablation),0.06847878851594308,0.31639528908086495,0
3033,,0,non_landslide,75_37,5,75.7762643847579,37.18463988513154,"Kashgar (Xinjiang, China)",conventional_alphaearth_embeddings_no_road_distance,Conventional + AlphaEarth Embeddings (road-distance ablation),0.06236298449997299,0.31639528908086495,0
3034,,0,non_landslide,75_37,5,75.13621393774838,37.57989906161003,"Kashgar (Xinjiang, China)",conventional_alphaearth_embeddings_no_road_distance,Conventional + AlphaEarth Embeddings (road-distance ablation),0.10364351743039649,0.31639528908086495,0
3035,,0,non_landslide,75_37,5,75.52024509777429,37.6832030557152,"Kashgar (Xinjiang, China)",conventional_alphaearth_embeddings_no_road_distance,Conventional + AlphaEarth Embeddings (road-distance ablation),0.13781483948373316,0.31639528908086495,0
3036,,0,non_landslide,75_37,5,75.45511546778766,37.633796216043024,"Kashgar (Xinjiang, China)",conventional_alphaearth_embeddings_no_road_distance,Conventional + AlphaEarth Embeddings (road-distance ablation),0.22405329746004082,0.31639528908086495,0
3037,,0,non_landslide,75_37,5,75.43939267747322,37.6540093211183,"Kashgar (Xinjiang, China)",conventional_alphaearth_embeddings_no_road_distance,Conventional + AlphaEarth Embeddings (road-distance ablation),0.08260182874137931,0.31639528908086495,0
3038,,0,non_landslide,75_37,5,75.7762643847579,37.00722117241702,"Kashgar (Xinjiang, China)",conventional_alphaearth_embeddings_no_road_distance,Conventional + AlphaEarth Embeddings (road-distance ablation),0.07174416793520062,0.31639528908086495,0
3039,,0,non_landslide,75_37,5,75.55841946189285,37.2744684758532,"Kashgar (Xinjiang, China)",conventional_alphaearth_embeddings_no_road_distance,Conventional + AlphaEarth Embeddings (road-distance ablation),0.06391470144407303,0.31639528908086495,0
3040,,0,non_landslide,75_37,5,75.935712920227,37.73485728231832,"Kashgar (Xinjiang, China)",conventional_alphaearth_embeddings_no_road_distance,Conventional + AlphaEarth Embeddings (road-distance ablation),0.06537241395428386,0.31639528908086495,0
3041,,0,non_landslide,75_37,5,75.73583817460735,37.99761427099368,"Kashgar (Xinjiang, China)",conventional_alphaearth_embeddings_no_road_distance,Conventional + AlphaEarth Embeddings (road-distance ablation),0.12054424495021995,0.31639528908086495,0
3042,,0,non_landslide,75_37,5,75.86160266071875,37.328370089387256,"Kashgar (Xinjiang, China)",conventional_alphaearth_embeddings_no_road_distance,Conventional + AlphaEarth Embeddings (road-distance ablation),0.9210609256624411,0.31639528908086495,1
3043,,0,non_landslide,75_37,5,75.59210797035163,37.40921805058728,"Kashgar (Xinjiang, China)",conventional_alphaearth_embeddings_no_road_distance,Conventional + AlphaEarth Embeddings (road-distance ablation),0.07191616406336111,0.31639528908086495,0
3044,,0,non_landslide,75_37,5,75.80321073242386,37.39125233244295,"Kashgar (Xinjiang, China)",conventional_alphaearth_embeddings_no_road_distance,Conventional + AlphaEarth Embeddings (road-distance ablation),0.1728772096065366,0.31639528908086495,0
3045,,0,non_landslide,75_37,5,75.85261757209607,37.99312395623286,"Kashgar (Xinjiang, China)",conventional_alphaearth_embeddings_no_road_distance,Conventional + AlphaEarth Embeddings (road-distance ablation),0.06995027052515222,0.31639528908086495,0
3046,,0,non_landslide,75_37,5,75.51575032391243,37.53498253669866,"Kashgar (Xinjiang, China)",conventional_alphaearth_embeddings_no_road_distance,Conventional + AlphaEarth Embeddings (road-distance ablation),0.05707063525061161,0.31639528908086495,0
3047,,0,non_landslide,75_37,5,75.70214966614857,37.43392147042337,"Kashgar (Xinjiang, China)",conventional_alphaearth_embeddings_no_road_distance,Conventional + AlphaEarth Embeddings (road-distance ablation),0.05803658878873893,0.31639528908086495,0
3048,,0,non_landslide,75_37,5,75.70214966614857,37.948207431321485,"Kashgar (Xinjiang, China)",conventional_alphaearth_embeddings_no_road_distance,Conventional + AlphaEarth Embeddings (road-distance ablation),0.06413912932643462,0.31639528908086495,0
3049,,0,non_landslide,75_37,5,75.50676969439078,37.97740116591841,"Kashgar (Xinjiang, China)",conventional_alphaearth_embeddings_no_road_distance,Conventional + AlphaEarth Embeddings (road-distance ablation),0.06565019865226451,0.31639528908086495,0
3050,,0,non_landslide,75_37,5,75.25075040740718,37.10154453700056,"Kashgar (Xinjiang, China)",conventional_alphaearth_embeddings_no_road_distance,Conventional + AlphaEarth Embeddings (road-distance ablation),0.06396551391712388,0.31639528908086495,0
3051,,0,non_landslide,75_37,5,75.34956408675156,37.036414907013935,"Kashgar (Xinjiang, China)",conventional_alphaearth_embeddings_no_road_distance,Conventional + AlphaEarth Embeddings (road-distance ablation),0.23620792208658226,0.31639528908086495,0
3052,,0,non_landslide,75_37,5,75.18562077742055,37.55294825484301,"Kashgar (Xinjiang, China)",conventional_alphaearth_embeddings_no_road_distance,Conventional + AlphaEarth Embeddings (road-distance ablation),0.05715918263463082,0.31639528908086495,0
3053,,0,non_landslide,75_37,5,75.64376219695475,37.337350718908894,"Kashgar (Xinjiang, China)",conventional_alphaearth_embeddings_no_road_distance,Conventional + AlphaEarth Embeddings (road-distance ablation),0.06716717885780887,0.31639528908086495,0
3054,,0,non_landslide,75_37,5,75.49329429100727,37.000483470725264,"Kashgar (Xinjiang, China)",conventional_alphaearth_embeddings_no_road_distance,Conventional + AlphaEarth Embeddings (road-distance ablation),0.07534004198889507,0.31639528908086495,0
3055,,0,non_landslide,75_37,5,75.2417653187845,37.55519118267288,"Kashgar (Xinjiang, China)",conventional_alphaearth_embeddings_no_road_distance,Conventional + AlphaEarth Embeddings (road-distance ablation),0.06121234203976409,0.31639528908086495,0
3056,,0,non_landslide,75_37,5,75.51126000915161,37.20934330496762,"Kashgar (Xinjiang, China)",conventional_alphaearth_embeddings_no_road_distance,Conventional + AlphaEarth Embeddings (road-distance ablation),0.06492420816673615,0.31639528908086495,0
3057,,0,non_landslide,75_37,5,75.11600083267311,37.78651150892144,"Kashgar (Xinjiang, China)",conventional_alphaearth_embeddings_no_road_distance,Conventional + AlphaEarth Embeddings (road-distance ablation),0.08728710670602863,0.31639528908086495,0
3058,,0,non_landslide,75_37,5,75.1878681643515,37.59337000589249,"Kashgar (Xinjiang, China)",conventional_alphaearth_embeddings_no_road_distance,Conventional + AlphaEarth Embeddings (road-distance ablation),0.07767767903694414,0.31639528908086495,0
3059,,0,non_landslide,75_37,5,75.1115105179123,37.22730902311197,"Kashgar (Xinjiang, China)",conventional_alphaearth_embeddings_no_road_distance,Conventional + AlphaEarth Embeddings (road-distance ablation),0.2304166719130635,0.31639528908086495,0
3060,,0,non_landslide,76_39,5,76.47694968789216,39.72462410899327,"Kashgar (Xinjiang, China)",conventional_alphaearth_embeddings_no_road_distance,Conventional + AlphaEarth Embeddings (road-distance ablation),0.061574913139978864,0.31639528908086495,0
3061,,0,non_landslide,76_39,5,76.91263061542014,39.75606523052111,"Kashgar (Xinjiang, China)",conventional_alphaearth_embeddings_no_road_distance,Conventional + AlphaEarth Embeddings (road-distance ablation),0.07033703368850458,0.31639528908086495,0
3062,,0,non_landslide,76_39,5,76.4859303174138,39.86386399848816,"Kashgar (Xinjiang, China)",conventional_alphaearth_embeddings_no_road_distance,Conventional + AlphaEarth Embeddings (road-distance ablation),0.08985281243442375,0.31639528908086495,0
3063,,0,non_landslide,76_39,5,76.32648178194471,39.969415379524285,"Kashgar (Xinjiang, China)",conventional_alphaearth_embeddings_no_road_distance,Conventional + AlphaEarth Embeddings (road-distance ablation),0.07539328424946071,0.31639528908086495,0
3064,,0,non_landslide,76_39,5,76.44326117943338,39.89305773308508,"Kashgar (Xinjiang, China)",conventional_alphaearth_embeddings_no_road_distance,Conventional + AlphaEarth Embeddings (road-distance ablation),0.11685393253940562,0.31639528908086495,0
3065,,0,non_landslide,76_39,5,76.80932662131497,39.22156616454771,"Kashgar (Xinjiang, China)",conventional_alphaearth_embeddings_no_road_distance,Conventional + AlphaEarth Embeddings (road-distance ablation),0.06233622957357321,0.31639528908086495,0
3066,,0,non_landslide,76_39,5,76.65885871536749,39.513521346921024,"Kashgar (Xinjiang, China)",conventional_alphaearth_embeddings_no_road_distance,Conventional + AlphaEarth Embeddings (road-distance ablation),0.06672458196037945,0.31639528908086495,0
3067,,0,non_landslide,76_39,5,76.30626867686942,39.11826217044253,"Kashgar (Xinjiang, China)",conventional_alphaearth_embeddings_no_road_distance,Conventional + AlphaEarth Embeddings (road-distance ablation),0.06087032932432729,0.31639528908086495,0
3068,,0,non_landslide,76_39,5,76.81381693607578,39.2395363417931,"Kashgar (Xinjiang, China)",conventional_alphaearth_embeddings_no_road_distance,Conventional + AlphaEarth Embeddings (road-distance ablation),0.05932812692254815,0.31639528908086495,0
3069,,0,non_landslide,76_39,5,76.2388961190529,39.798734368501535,"Kashgar (Xinjiang, China)",conventional_alphaearth_embeddings_no_road_distance,Conventional + AlphaEarth Embeddings (road-distance ablation),0.07643315345074093,0.31639528908086495,0
3070,,0,non_landslide,76_39,5,76.7105129419706,39.48881792708494,"Kashgar (Xinjiang, China)",conventional_alphaearth_embeddings_no_road_distance,Conventional + AlphaEarth Embeddings (road-distance ablation),0.06412333774078234,0.31639528908086495,0
3071,,0,non_landslide,76_39,5,76.73745928963658,39.88407710356344,"Kashgar (Xinjiang, China)",conventional_alphaearth_embeddings_no_road_distance,Conventional + AlphaEarth Embeddings (road-distance ablation),0.05946853457488586,0.31639528908086495,0
3072,,0,non_landslide,76_39,5,76.36466060516429,39.27995809284259,"Kashgar (Xinjiang, China)",conventional_alphaearth_embeddings_no_road_distance,Conventional + AlphaEarth Embeddings (road-distance ablation),0.06288250343281218,0.31639528908086495,0
3073,,0,non_landslide,76_39,5,76.75767239471185,39.347330650659096,"Kashgar (Xinjiang, China)",conventional_alphaearth_embeddings_no_road_distance,Conventional + AlphaEarth Embeddings (road-distance ablation),0.06333230121451619,0.31639528908086495,0
3074,,0,non_landslide,76_39,5,76.47694968789216,39.79424405374072,"Kashgar (Xinjiang, China)",conventional_alphaearth_embeddings_no_road_distance,Conventional + AlphaEarth Embeddings (road-distance ablation),0.062723709709872,0.31639528908086495,0
3075,CPEC_LANDSLIDE_0035,1,landslide,75_37,5,75.6752033184826,37.81570524351836,"Kashgar (Xinjiang, China)",conventional_alphaearth_embeddings_no_road_distance,Conventional + AlphaEarth Embeddings (road-distance ablation),0.9664651259420964,0.31639528908086495,1
3076,CPEC_LANDSLIDE_0036,1,landslide,75_37,5,75.68194102017435,37.82693325997093,"Kashgar (Xinjiang, China)",conventional_alphaearth_embeddings_no_road_distance,Conventional + AlphaEarth Embeddings (road-distance ablation),0.9843823262078908,0.31639528908086495,1
3077,CPEC_LANDSLIDE_0037,1,landslide,75_37,5,75.69316903662693,37.83142357473175,"Kashgar (Xinjiang, China)",conventional_alphaearth_embeddings_no_road_distance,Conventional + AlphaEarth Embeddings (road-distance ablation),0.9809429488119771,0.31639528908086495,1
3078,CPEC_LANDSLIDE_0038,1,landslide,75_37,5,75.75829866661356,37.83591834859362,"Kashgar (Xinjiang, China)",conventional_alphaearth_embeddings_no_road_distance,Conventional + AlphaEarth Embeddings (road-distance ablation),0.98266327749761,0.31639528908086495,1
3079,CPEC_LANDSLIDE_0039,1,landslide,75_37,5,75.76503190920427,37.84489897811525,"Kashgar (Xinjiang, China)",conventional_alphaearth_embeddings_no_road_distance,Conventional + AlphaEarth Embeddings (road-distance ablation),0.9872610357493251,0.31639528908086495,1
3080,CPEC_LANDSLIDE_0040,1,landslide,75_37,5,75.89753409700741,37.82693325997093,"Kashgar (Xinjiang, China)",conventional_alphaearth_embeddings_no_road_distance,Conventional + AlphaEarth Embeddings (road-distance ablation),0.959776154703908,0.31639528908086495,1
3081,CPEC_LANDSLIDE_0045,1,landslide,74_35,5,74.9857460318009,35.62830659905364,Gilgit-Baltistan,conventional_alphaearth_embeddings_no_road_distance,Conventional + AlphaEarth Embeddings (road-distance ablation),0.9859387704150079,0.31639528908086495,1
3082,CPEC_LANDSLIDE_0046,1,landslide,74_35,5,74.95205752334212,35.6350443007454,Gilgit-Baltistan,conventional_alphaearth_embeddings_no_road_distance,Conventional + AlphaEarth Embeddings (road-distance ablation),0.9851884910966716,0.31639528908086495,1
3083,CPEC_LANDSLIDE_0047,1,landslide,74_35,5,74.91163577229263,35.697926543801096,Gilgit-Baltistan,conventional_alphaearth_embeddings_no_road_distance,Conventional + AlphaEarth Embeddings (road-distance ablation),0.9839620579903591,0.31639528908086495,1
3084,CPEC_LANDSLIDE_0048,1,landslide,74_35,5,74.79709930263384,35.711401947184605,Gilgit-Baltistan,conventional_alphaearth_embeddings_no_road_distance,Conventional + AlphaEarth Embeddings (road-distance ablation),0.9773618307609581,0.31639528908086495,1
3085,CPEC_LANDSLIDE_0049,1,landslide,74_35,5,74.74320214820084,35.78551220669287,Gilgit-Baltistan,conventional_alphaearth_embeddings_no_road_distance,Conventional + AlphaEarth Embeddings (road-distance ablation),0.986480101704389,0.31639528908086495,1
3086,CPEC_LANDSLIDE_0050,1,landslide,74_35,5,74.73196967264718,35.79674022314545,Gilgit-Baltistan,conventional_alphaearth_embeddings_no_road_distance,Conventional + AlphaEarth Embeddings (road-distance ablation),0.9851707646613987,0.31639528908086495,1
3087,CPEC_LANDSLIDE_0051,1,landslide,74_35,5,74.73196967264718,35.79224990838462,Gilgit-Baltistan,conventional_alphaearth_embeddings_no_road_distance,Conventional + AlphaEarth Embeddings (road-distance ablation),0.9858390636355805,0.31639528908086495,1
3088,CPEC_LANDSLIDE_0052,1,landslide,74_35,5,74.6398936949946,35.81920071515166,Gilgit-Baltistan,conventional_alphaearth_embeddings_no_road_distance,Conventional + AlphaEarth Embeddings (road-distance ablation),0.9857006915622194,0.31639528908086495,1
3089,CPEC_LANDSLIDE_0053,1,landslide,74_35,5,74.62641829161107,35.8124630134599,Gilgit-Baltistan,conventional_alphaearth_embeddings_no_road_distance,Conventional + AlphaEarth Embeddings (road-distance ablation),0.9667808170744544,0.31639528908086495,1
3090,CPEC_LANDSLIDE_0208,1,landslide,74_35,5,74.35468067341408,35.985386952312524,Gilgit-Baltistan,conventional_alphaearth_embeddings_no_road_distance,Conventional + AlphaEarth Embeddings (road-distance ablation),0.6546932902300656,0.31639528908086495,1
3091,CPEC_LANDSLIDE_0209,1,landslide,74_35,5,74.38162702108005,35.96742123416819,Gilgit-Baltistan,conventional_alphaearth_embeddings_no_road_distance,Conventional + AlphaEarth Embeddings (road-distance ablation),0.8960115775124513,0.31639528908086495,1
3092,CPEC_LANDSLIDE_0210,1,landslide,74_35,5,74.2962887451192,35.90229160418156,Gilgit-Baltistan,conventional_alphaearth_embeddings_no_road_distance,Conventional + AlphaEarth Embeddings (road-distance ablation),0.9784307520646804,0.31639528908086495,1
3093,CPEC_LANDSLIDE_0211,1,landslide,74_35,5,74.29853613205015,35.90229160418156,Gilgit-Baltistan,conventional_alphaearth_embeddings_no_road_distance,Conventional + AlphaEarth Embeddings (road-distance ablation),0.97973758153849,0.31639528908086495,1
3094,CPEC_LANDSLIDE_0212,1,landslide,74_35,5,74.29404135818827,35.90229160418156,Gilgit-Baltistan,conventional_alphaearth_embeddings_no_road_distance,Conventional + AlphaEarth Embeddings (road-distance ablation),0.9781176638496908,0.31639528908086495,1
3095,CPEC_LANDSLIDE_0213,1,landslide,74_35,5,74.28955104342745,35.90229160418156,Gilgit-Baltistan,conventional_alphaearth_embeddings_no_road_distance,Conventional + AlphaEarth Embeddings (road-distance ablation),0.9700280329306186,0.31639528908086495,1
3096,CPEC_LANDSLIDE_0214,1,landslide,74_35,5,74.20196538053567,35.976406322790886,Gilgit-Baltistan,conventional_alphaearth_embeddings_no_road_distance,Conventional + AlphaEarth Embeddings (road-distance ablation),0.9840369443173964,0.31639528908086495,1
3097,CPEC_LANDSLIDE_0215,1,landslide,74_35,5,74.19747506577484,35.97415893585996,Gilgit-Baltistan,conventional_alphaearth_embeddings_no_road_distance,Conventional + AlphaEarth Embeddings (road-distance ablation),0.9839760716354029,0.31639528908086495,1
3098,CPEC_LANDSLIDE_0216,1,landslide,74_35,5,74.2042127674666,35.96742123416819,Gilgit-Baltistan,conventional_alphaearth_embeddings_no_road_distance,Conventional + AlphaEarth Embeddings (road-distance ablation),0.9847824563086152,0.31639528908086495,1
3099,CPEC_LANDSLIDE_0217,1,landslide,74_35,5,74.2042127674666,35.96742123416819,Gilgit-Baltistan,conventional_alphaearth_embeddings_no_road_distance,Conventional + AlphaEarth Embeddings (road-distance ablation),0.9847824563086152,0.31639528908086495,1
3100,CPEC_LANDSLIDE_0218,1,landslide,74_35,5,74.20645569529648,35.95619321771562,Gilgit-Baltistan,conventional_alphaearth_embeddings_no_road_distance,Conventional + AlphaEarth Embeddings (road-distance ablation),0.9822416040405372,0.31639528908086495,1
3101,CPEC_LANDSLIDE_0220,1,landslide,74_35,5,74.33895788309962,35.891063587728986,Gilgit-Baltistan,conventional_alphaearth_embeddings_no_road_distance,Conventional + AlphaEarth Embeddings (road-distance ablation),0.9654199013002132,0.31639528908086495,1
3102,CPEC_LANDSLIDE_0221,1,landslide,74_35,5,74.35692360124396,35.88432588603723,Gilgit-Baltistan,conventional_alphaearth_embeddings_no_road_distance,Conventional + AlphaEarth Embeddings (road-distance ablation),0.9772446907780044,0.31639528908086495,1
3103,CPEC_LANDSLIDE_0222,1,landslide,74_35,5,74.38162702108005,35.87085048265372,Gilgit-Baltistan,conventional_alphaearth_embeddings_no_road_distance,Conventional + AlphaEarth Embeddings (road-distance ablation),0.9821165765552456,0.31639528908086495,1
3104,CPEC_LANDSLIDE_0223,1,landslide,74_35,5,74.41756291646978,35.86411278096197,Gilgit-Baltistan,conventional_alphaearth_embeddings_no_road_distance,Conventional + AlphaEarth Embeddings (road-distance ablation),0.9699066929512773,0.31639528908086495,1
3105,CPEC_LANDSLIDE_0224,1,landslide,74_35,5,74.47819777259453,35.86860755482383,Gilgit-Baltistan,conventional_alphaearth_embeddings_no_road_distance,Conventional + AlphaEarth Embeddings (road-distance ablation),0.9738413939073671,0.31639528908086495,1
3106,CPEC_LANDSLIDE_0225,1,landslide,74_35,5,74.4894257890471,35.91352407973519,Gilgit-Baltistan,conventional_alphaearth_embeddings_no_road_distance,Conventional + AlphaEarth Embeddings (road-distance ablation),0.9719462481446811,0.31639528908086495,1
3107,CPEC_LANDSLIDE_0226,1,landslide,74_35,5,74.48717840211617,35.90229160418156,Gilgit-Baltistan,conventional_alphaearth_embeddings_no_road_distance,Conventional + AlphaEarth Embeddings (road-distance ablation),0.9483687148717533,0.31639528908086495,1
3108,CPEC_LANDSLIDE_0227,1,landslide,74_35,5,74.52985199919765,35.96742123416819,Gilgit-Baltistan,conventional_alphaearth_embeddings_no_road_distance,Conventional + AlphaEarth Embeddings (road-distance ablation),0.9075690109981469,0.31639528908086495,1
3109,CPEC_LANDSLIDE_0228,1,landslide,74_35,5,74.51861952364402,35.84390413498774,Gilgit-Baltistan,conventional_alphaearth_embeddings_no_road_distance,Conventional + AlphaEarth Embeddings (road-distance ablation),0.9831434815442267,0.31639528908086495,1
3110,CPEC_LANDSLIDE_0229,1,landslide,74_35,5,74.50963889412238,35.85064183667951,Gilgit-Baltistan,conventional_alphaearth_embeddings_no_road_distance,Conventional + AlphaEarth Embeddings (road-distance ablation),0.9689988400455586,0.31639528908086495,1
3111,CPEC_LANDSLIDE_0230,1,landslide,74_35,5,74.50963889412238,35.85513215144033,Gilgit-Baltistan,conventional_alphaearth_embeddings_no_road_distance,Conventional + AlphaEarth Embeddings (road-distance ablation),0.9846662791813707,0.31639528908086495,1
3112,CPEC_LANDSLIDE_0231,1,landslide,74_35,5,74.57925883886983,35.78775959362381,Gilgit-Baltistan,conventional_alphaearth_embeddings_no_road_distance,Conventional + AlphaEarth Embeddings (road-distance ablation),0.98452312239795,0.31639528908086495,1
3113,CPEC_LANDSLIDE_0232,1,landslide,74_35,5,74.57925883886983,35.78326481976193,Gilgit-Baltistan,conventional_alphaearth_embeddings_no_road_distance,Conventional + AlphaEarth Embeddings (road-distance ablation),0.9829989240229159,0.31639528908086495,1
3114,CPEC_LANDSLIDE_0233,1,landslide,74_35,5,74.57701145193889,35.78326481976193,Gilgit-Baltistan,conventional_alphaearth_embeddings_no_road_distance,Conventional + AlphaEarth Embeddings (road-distance ablation),0.9786303466496047,0.31639528908086495,1
3115,CPEC_LANDSLIDE_0242,1,landslide,74_35,5,74.60845257346674,35.74733338347327,Gilgit-Baltistan,conventional_alphaearth_embeddings_no_road_distance,Conventional + AlphaEarth Embeddings (road-distance ablation),0.9604082523989949,0.31639528908086495,1
3116,CPEC_LANDSLIDE_0244,1,landslide,74_35,5,74.60396225870592,35.64402938936809,Gilgit-Baltistan,conventional_alphaearth_embeddings_no_road_distance,Conventional + AlphaEarth Embeddings (road-distance ablation),0.9687825502879245,0.31639528908086495,1
3117,CPEC_LANDSLIDE_0245,1,landslide,74_35,5,74.6151902751585,35.66199510751242,Gilgit-Baltistan,conventional_alphaearth_embeddings_no_road_distance,Conventional + AlphaEarth Embeddings (road-distance ablation),0.9844528372873883,0.31639528908086495,1
3118,CPEC_LANDSLIDE_0246,1,landslide,74_35,5,74.61069996039767,35.62381628429282,Gilgit-Baltistan,conventional_alphaearth_embeddings_no_road_distance,Conventional + AlphaEarth Embeddings (road-distance ablation),0.9846358512499037,0.31639528908086495,1
3119,CPEC_LANDSLIDE_0247,1,landslide,74_35,5,74.628665678542,35.53174030664021,Gilgit-Baltistan,conventional_alphaearth_embeddings_no_road_distance,Conventional + AlphaEarth Embeddings (road-distance ablation),0.9823284433101542,0.31639528908086495,1
3120,CPEC_LANDSLIDE_0248,1,landslide,74_35,5,74.63091306547294,35.52724553277834,Gilgit-Baltistan,conventional_alphaearth_embeddings_no_road_distance,Conventional + AlphaEarth Embeddings (road-distance ablation),0.9795100301437906,0.31639528908086495,1
3121,CPEC_LANDSLIDE_0249,1,landslide,74_35,5,74.61294288822755,35.509279814634006,Gilgit-Baltistan,conventional_alphaearth_embeddings_no_road_distance,Conventional + AlphaEarth Embeddings (road-distance ablation),0.9841540281908961,0.31639528908086495,1
3122,CPEC_LANDSLIDE_0250,1,landslide,74_35,5,74.61294288822755,35.507032427703066,Gilgit-Baltistan,conventional_alphaearth_embeddings_no_road_distance,Conventional + AlphaEarth Embeddings (road-distance ablation),0.984365140292181,0.31639528908086495,1
3123,CPEC_LANDSLIDE_0251,1,landslide,74_35,5,74.28730365649652,35.41944676481128,Gilgit-Baltistan,conventional_alphaearth_embeddings_no_road_distance,Conventional + AlphaEarth Embeddings (road-distance ablation),0.9848428946383846,0.31639528908086495,1
3124,CPEC_LANDSLIDE_0252,1,landslide,74_35,5,74.28281334173569,35.42169415174223,Gilgit-Baltistan,conventional_alphaearth_embeddings_no_road_distance,Conventional + AlphaEarth Embeddings (road-distance ablation),0.9848128975947292,0.31639528908086495,1
3125,CPEC_LANDSLIDE_0253,1,landslide,74_35,5,74.26035730883054,35.41495645005046,Gilgit-Baltistan,conventional_alphaearth_embeddings_no_road_distance,Conventional + AlphaEarth Embeddings (road-distance ablation),0.984295285028518,0.31639528908086495,1
3126,CPEC_LANDSLIDE_0254,1,landslide,74_35,5,74.26035730883054,35.41495645005046,Gilgit-Baltistan,conventional_alphaearth_embeddings_no_road_distance,Conventional + AlphaEarth Embeddings (road-distance ablation),0.984295285028518,0.31639528908086495,1
3127,CPEC_LANDSLIDE_0256,1,landslide,74_35,5,74.21544078391918,35.40372843359789,Gilgit-Baltistan,conventional_alphaearth_embeddings_no_road_distance,Conventional + AlphaEarth Embeddings (road-distance ablation),0.986127087048055,0.31639528908086495,1
3128,CPEC_LANDSLIDE_0257,1,landslide,74_35,5,74.19298029191297,35.39923811883707,Gilgit-Baltistan,conventional_alphaearth_embeddings_no_road_distance,Conventional + AlphaEarth Embeddings (road-distance ablation),0.9840562239102666,0.31639528908086495,1
3129,CPEC_LANDSLIDE_0258,1,landslide,74_35,5,74.18624704932226,35.39699073190613,Gilgit-Baltistan,conventional_alphaearth_embeddings_no_road_distance,Conventional + AlphaEarth Embeddings (road-distance ablation),0.9810877021294083,0.31639528908086495,1
3130,CPEC_LANDSLIDE_0259,1,landslide,74_35,5,74.0267940547521,35.423941538673155,Gilgit-Baltistan,conventional_alphaearth_embeddings_no_road_distance,Conventional + AlphaEarth Embeddings (road-distance ablation),0.9820317861637894,0.31639528908086495,1
3131,CPEC_LANDSLIDE_0260,1,landslide,74_35,5,74.02454666782116,35.42618446650303,Gilgit-Baltistan,conventional_alphaearth_embeddings_no_road_distance,Conventional + AlphaEarth Embeddings (road-distance ablation),0.9861273283531112,0.31639528908086495,1
3132,CPEC_LANDSLIDE_0261,1,landslide,74_35,5,74.02005635306034,35.43067924036492,Gilgit-Baltistan,conventional_alphaearth_embeddings_no_road_distance,Conventional + AlphaEarth Embeddings (road-distance ablation),0.985800068008569,0.31639528908086495,1
3133,CPEC_LANDSLIDE_0327,1,landslide,75_37,5,75.46859087117117,37.15319876360368,"Kashgar (Xinjiang, China)",conventional_alphaearth_embeddings_no_road_distance,Conventional + AlphaEarth Embeddings (road-distance ablation),0.8696819425780554,0.31639528908086495,1
3134,CPEC_LANDSLIDE_0328,1,landslide,75_37,5,75.46634348424024,37.155441691433566,"Kashgar (Xinjiang, China)",conventional_alphaearth_embeddings_no_road_distance,Conventional + AlphaEarth Embeddings (road-distance ablation),0.6978275980651366,0.31639528908086495,1
3135,CPEC_LANDSLIDE_0329,1,landslide,75_37,5,75.46410055641036,37.15544169143357,"Kashgar (Xinjiang, China)",conventional_alphaearth_embeddings_no_road_distance,Conventional + AlphaEarth Embeddings (road-distance ablation),0.6499291306234413,0.31639528908086495,1
3136,CPEC_LANDSLIDE_0330,1,landslide,75_37,5,75.45736285471861,37.1666741669872,"Kashgar (Xinjiang, China)",conventional_alphaearth_embeddings_no_road_distance,Conventional + AlphaEarth Embeddings (road-distance ablation),0.8338139288203524,0.31639528908086495,1
3137,CPEC_LANDSLIDE_0331,1,landslide,75_37,5,75.42592173319076,37.30366666955116,"Kashgar (Xinjiang, China)",conventional_alphaearth_embeddings_no_road_distance,Conventional + AlphaEarth Embeddings (road-distance ablation),0.7744626886466993,0.31639528908086495,1
3138,CPEC_LANDSLIDE_0333,1,landslide,75_37,5,75.32486066691546,37.72362926586575,"Kashgar (Xinjiang, China)",conventional_alphaearth_embeddings_no_road_distance,Conventional + AlphaEarth Embeddings (road-distance ablation),0.687640293423187,0.31639528908086495,1
3139,CPEC_LANDSLIDE_0334,1,landslide,75_37,5,75.32710359474535,37.72362926586575,"Kashgar (Xinjiang, China)",conventional_alphaearth_embeddings_no_road_distance,Conventional + AlphaEarth Embeddings (road-distance ablation),0.5071672760185013,0.31639528908086495,1
3140,CPEC_LANDSLIDE_0335,1,landslide,75_37,5,75.31812296522371,37.728119580626576,"Kashgar (Xinjiang, China)",conventional_alphaearth_embeddings_no_road_distance,Conventional + AlphaEarth Embeddings (road-distance ablation),0.9151588495725047,0.31639528908086495,1
3141,CPEC_LANDSLIDE_0336,1,landslide,75_37,5,75.32036589305359,37.72587219369564,"Kashgar (Xinjiang, China)",conventional_alphaearth_embeddings_no_road_distance,Conventional + AlphaEarth Embeddings (road-distance ablation),0.7933415515159231,0.31639528908086495,1
3142,CPEC_LANDSLIDE_0337,1,landslide,75_37,5,75.32036589305359,37.72362926586575,"Kashgar (Xinjiang, China)",conventional_alphaearth_embeddings_no_road_distance,Conventional + AlphaEarth Embeddings (road-distance ablation),0.16483550442238867,0.31639528908086495,0
3143,CPEC_LANDSLIDE_0338,1,landslide,75_37,5,75.25075040740718,37.88756811609569,"Kashgar (Xinjiang, China)",conventional_alphaearth_embeddings_no_road_distance,Conventional + AlphaEarth Embeddings (road-distance ablation),0.9585439394580727,0.31639528908086495,1
3144,CPEC_LANDSLIDE_0339,1,landslide,75_37,5,75.2417653187845,37.871849784882286,"Kashgar (Xinjiang, China)",conventional_alphaearth_embeddings_no_road_distance,Conventional + AlphaEarth Embeddings (road-distance ablation),0.9807582985295993,0.31639528908086495,1
3145,CPEC_LANDSLIDE_0340,1,landslide,75_37,5,75.2417653187845,37.86960239795135,"Kashgar (Xinjiang, China)",conventional_alphaearth_embeddings_no_road_distance,Conventional + AlphaEarth Embeddings (road-distance ablation),0.9827079452242528,0.31639528908086495,1
3146,CPEC_LANDSLIDE_0342,1,landslide,75_37,5,75.2170618989484,37.9010435194792,"Kashgar (Xinjiang, China)",conventional_alphaearth_embeddings_no_road_distance,Conventional + AlphaEarth Embeddings (road-distance ablation),0.9743393665828215,0.31639528908086495,1
3147,CPEC_LANDSLIDE_0343,1,landslide,75_37,5,75.21481451201747,37.905538293341074,"Kashgar (Xinjiang, China)",conventional_alphaearth_embeddings_no_road_distance,Conventional + AlphaEarth Embeddings (road-distance ablation),0.9690432674739763,0.31639528908086495,1
3148,CPEC_LANDSLIDE_0344,1,landslide,75_37,5,75.20358649556489,37.90778122117095,"Kashgar (Xinjiang, China)",conventional_alphaearth_embeddings_no_road_distance,Conventional + AlphaEarth Embeddings (road-distance ablation),0.9835386270473845,0.31639528908086495,1
3149,CPEC_LANDSLIDE_0346,1,landslide,75_37,5,75.19684879387313,37.91676630979365,"Kashgar (Xinjiang, China)",conventional_alphaearth_embeddings_no_road_distance,Conventional + AlphaEarth Embeddings (road-distance ablation),0.9835751643077739,0.31639528908086495,1
3150,CPEC_LANDSLIDE_0347,1,landslide,75_37,5,75.19909618080408,37.919009237623534,"Kashgar (Xinjiang, China)",conventional_alphaearth_embeddings_no_road_distance,Conventional + AlphaEarth Embeddings (road-distance ablation),0.9538366167354685,0.31639528908086495,1
3151,CPEC_LANDSLIDE_0348,1,landslide,75_37,5,75.19684879387313,37.919009237623534,"Kashgar (Xinjiang, China)",conventional_alphaearth_embeddings_no_road_distance,Conventional + AlphaEarth Embeddings (road-distance ablation),0.970212769237583,0.31639528908086495,1
3152,CPEC_LANDSLIDE_0349,1,landslide,75_37,5,75.27769675507317,37.8853251882658,"Kashgar (Xinjiang, China)",conventional_alphaearth_embeddings_no_road_distance,Conventional + AlphaEarth Embeddings (road-distance ablation),0.9763816938915756,0.31639528908086495,1
3153,CPEC_LANDSLIDE_0350,1,landslide,75_37,5,75.28443445676491,37.88307780133486,"Kashgar (Xinjiang, China)",conventional_alphaearth_embeddings_no_road_distance,Conventional + AlphaEarth Embeddings (road-distance ablation),0.9784850239376655,0.31639528908086495,1
3154,CPEC_LANDSLIDE_0351,1,landslide,75_37,5,75.2799441420041,37.88307780133486,"Kashgar (Xinjiang, China)",conventional_alphaearth_embeddings_no_road_distance,Conventional + AlphaEarth Embeddings (road-distance ablation),0.9761540994988485,0.31639528908086495,1
3155,CPEC_LANDSLIDE_0352,1,landslide,75_37,5,75.30913787660101,37.86735947012148,"Kashgar (Xinjiang, China)",conventional_alphaearth_embeddings_no_road_distance,Conventional + AlphaEarth Embeddings (road-distance ablation),0.9850118045459016,0.31639528908086495,1
3156,CPEC_LANDSLIDE_0353,1,landslide,75_37,5,75.30913787660101,37.86735947012148,"Kashgar (Xinjiang, China)",conventional_alphaearth_embeddings_no_road_distance,Conventional + AlphaEarth Embeddings (road-distance ablation),0.9850118045459016,0.31639528908086495,1
3157,CPEC_LANDSLIDE_0355,1,landslide,75_37,5,75.32261327998452,37.87858748657405,"Kashgar (Xinjiang, China)",conventional_alphaearth_embeddings_no_road_distance,Conventional + AlphaEarth Embeddings (road-distance ablation),0.9824217125663235,0.31639528908086495,1
3158,CPEC_LANDSLIDE_0356,1,landslide,75_37,5,75.35180701458145,37.871849784882286,"Kashgar (Xinjiang, China)",conventional_alphaearth_embeddings_no_road_distance,Conventional + AlphaEarth Embeddings (road-distance ablation),0.9828296086954176,0.31639528908086495,1
3159,CPEC_LANDSLIDE_0357,1,landslide,75_37,5,75.36079210320413,37.86960239795135,"Kashgar (Xinjiang, China)",conventional_alphaearth_embeddings_no_road_distance,Conventional + AlphaEarth Embeddings (road-distance ablation),0.9808407221121151,0.31639528908086495,1
3160,CPEC_LANDSLIDE_0358,1,landslide,75_37,5,75.51575032391243,37.83142357473175,"Kashgar (Xinjiang, China)",conventional_alphaearth_embeddings_no_road_distance,Conventional + AlphaEarth Embeddings (road-distance ablation),0.9860761280418716,0.31639528908086495,1
3161,CPEC_LANDSLIDE_0359,1,landslide,75_37,5,75.50452230745985,37.82918064690187,"Kashgar (Xinjiang, China)",conventional_alphaearth_embeddings_no_road_distance,Conventional + AlphaEarth Embeddings (road-distance ablation),0.9691474140741932,0.31639528908086495,1
3162,CPEC_LANDSLIDE_0360,1,landslide,75_37,5,75.48655658931551,37.83142357473175,"Kashgar (Xinjiang, China)",conventional_alphaearth_embeddings_no_road_distance,Conventional + AlphaEarth Embeddings (road-distance ablation),0.9251222561133391,0.31639528908086495,1
3163,CPEC_LANDSLIDE_0361,1,landslide,75_37,5,75.51350739608255,37.83142357473175,"Kashgar (Xinjiang, China)",conventional_alphaearth_embeddings_no_road_distance,Conventional + AlphaEarth Embeddings (road-distance ablation),0.9806099438801821,0.31639528908086495,1
3164,CPEC_LANDSLIDE_0615,1,landslide,65_27,5,65.32885816259741,27.918516418544662,Balochistan,conventional_alphaearth_embeddings_no_road_distance,Conventional + AlphaEarth Embeddings (road-distance ablation),0.9012314195706161,0.31639528908086495,1
3165,CPEC_LANDSLIDE_0616,1,landslide,65_27,5,65.31762568704377,27.914026103783844,Balochistan,conventional_alphaearth_embeddings_no_road_distance,Conventional + AlphaEarth Embeddings (road-distance ablation),0.7447817546923539,0.31639528908086495,1
3166,CPEC_LANDSLIDE_0639,1,landslide,65_27,5,65.63652721708307,27.148211170662936,Balochistan,conventional_alphaearth_embeddings_no_road_distance,Conventional + AlphaEarth Embeddings (road-distance ablation),0.8443787830462051,0.31639528908086495,1
3167,CPEC_LANDSLIDE_0642,1,landslide,65_27,5,65.638774604014,27.15270148542376,Balochistan,conventional_alphaearth_embeddings_no_road_distance,Conventional + AlphaEarth Embeddings (road-distance ablation),0.6465459634075517,0.31639528908086495,1
3168,CPEC_LANDSLIDE_0643,1,landslide,65_27,5,65.64102199094494,27.148211170662936,Balochistan,conventional_alphaearth_embeddings_no_road_distance,Conventional + AlphaEarth Embeddings (road-distance ablation),0.9670902469591148,0.31639528908086495,1
3169,CPEC_LANDSLIDE_0644,1,landslide,65_27,5,65.65000262046658,27.15270148542376,Balochistan,conventional_alphaearth_embeddings_no_road_distance,Conventional + AlphaEarth Embeddings (road-distance ablation),0.9775434237885067,0.31639528908086495,1
3170,CPEC_LANDSLIDE_0645,1,landslide,65_27,5,65.72636026690579,27.20660309895781,Balochistan,conventional_alphaearth_embeddings_no_road_distance,Conventional + AlphaEarth Embeddings (road-distance ablation),0.7506590222079025,0.31639528908086495,1
3171,CPEC_LANDSLIDE_0646,1,landslide,65_27,5,65.82966872011202,27.467112700702227,Balochistan,conventional_alphaearth_embeddings_no_road_distance,Conventional + AlphaEarth Embeddings (road-distance ablation),0.9600934840478493,0.31639528908086495,1
3172,CPEC_LANDSLIDE_0647,1,landslide,65_27,5,65.83415903487284,27.46936008763316,Balochistan,conventional_alphaearth_embeddings_no_road_distance,Conventional + AlphaEarth Embeddings (road-distance ablation),0.8675120977239696,0.31639528908086495,1
3173,CPEC_LANDSLIDE_0648,1,landslide,65_27,5,65.84313966439449,27.47160301546305,Balochistan,conventional_alphaearth_embeddings_no_road_distance,Conventional + AlphaEarth Embeddings (road-distance ablation),0.3062812282464801,0.31639528908086495,0
3174,CPEC_LANDSLIDE_0710,1,landslide,67_26,5,67.17713771284652,26.82032455200096,Punjab-Sindh lowland corridor,conventional_alphaearth_embeddings_no_road_distance,Conventional + AlphaEarth Embeddings (road-distance ablation),0.92608371507734,0.31639528908086495,1
3175,CPEC_LANDSLIDE_0717,1,landslide,66_29,5,66.90315270771858,29.97566026213717,Balochistan,conventional_alphaearth_embeddings_no_road_distance,Conventional + AlphaEarth Embeddings (road-distance ablation),0.8489178781406995,0.31639528908086495,1
3176,CPEC_LANDSLIDE_0718,1,landslide,66_29,5,66.91213779634127,29.97790318996705,Balochistan,conventional_alphaearth_embeddings_no_road_distance,Conventional + AlphaEarth Embeddings (road-distance ablation),0.9783308292330901,0.31639528908086495,1
3177,CPEC_LANDSLIDE_0719,1,landslide,66_29,5,66.8829396026433,29.99137859335056,Balochistan,conventional_alphaearth_embeddings_no_road_distance,Conventional + AlphaEarth Embeddings (road-distance ablation),0.831994542407066,0.31639528908086495,1
3178,CPEC_LANDSLIDE_0726,1,landslide,69_30,5,69.1197450867802,30.921136835802454,Balochistan,conventional_alphaearth_embeddings_no_road_distance,Conventional + AlphaEarth Embeddings (road-distance ablation),0.536840500106859,0.31639528908086495,1
3179,CPEC_LANDSLIDE_0727,1,landslide,69_30,5,69.1197450867802,30.921136835802454,Balochistan,conventional_alphaearth_embeddings_no_road_distance,Conventional + AlphaEarth Embeddings (road-distance ablation),0.536840500106859,0.31639528908086495,1
3180,CPEC_LANDSLIDE_0728,1,landslide,69_30,5,69.12199247371115,30.923379763632344,Balochistan,conventional_alphaearth_embeddings_no_road_distance,Conventional + AlphaEarth Embeddings (road-distance ablation),0.7954752783153233,0.31639528908086495,1
3181,CPEC_LANDSLIDE_0729,1,landslide,69_30,5,69.12199247371115,30.923379763632344,Balochistan,conventional_alphaearth_embeddings_no_road_distance,Conventional + AlphaEarth Embeddings (road-distance ablation),0.7954752783153233,0.31639528908086495,1
3182,CPEC_LANDSLIDE_0731,1,landslide,69_30,5,69.12423986064208,30.923379763632337,Balochistan,conventional_alphaearth_embeddings_no_road_distance,Conventional + AlphaEarth Embeddings (road-distance ablation),0.5862168151189983,0.31639528908086495,1
3183,CPEC_LANDSLIDE_0732,1,landslide,69_30,5,69.12423986064208,30.923379763632337,Balochistan,conventional_alphaearth_embeddings_no_road_distance,Conventional + AlphaEarth Embeddings (road-distance ablation),0.5862168151189983,0.31639528908086495,1
3184,CPEC_LANDSLIDE_0741,1,landslide,69_30,5,69.16017129693074,30.44952001288476,Balochistan,conventional_alphaearth_embeddings_no_road_distance,Conventional + AlphaEarth Embeddings (road-distance ablation),0.25250408073645086,0.31639528908086495,0
3185,CPEC_LANDSLIDE_0749,1,landslide,70_32,5,70.38412319048479,32.93335969538256,KP-AJK,conventional_alphaearth_embeddings_no_road_distance,Conventional + AlphaEarth Embeddings (road-distance ablation),0.8959208784804513,0.31639528908086495,1
3186,CPEC_LANDSLIDE_0750,1,landslide,70_32,5,70.75917372098907,32.30454172392667,KP-AJK,conventional_alphaearth_embeddings_no_road_distance,Conventional + AlphaEarth Embeddings (road-distance ablation),0.9725517983727491,0.31639528908086495,1
3187,CPEC_LANDSLIDE_1009,1,landslide,74_35,5,74.68930053466677,35.55419633954536,Gilgit-Baltistan,conventional_alphaearth_embeddings_no_road_distance,Conventional + AlphaEarth Embeddings (road-distance ablation),0.9840308601108871,0.31639528908086495,1
3188,CPEC_LANDSLIDE_1010,1,landslide,74_35,5,74.68481021990594,35.55194895261443,Gilgit-Baltistan,conventional_alphaearth_embeddings_no_road_distance,Conventional + AlphaEarth Embeddings (road-distance ablation),0.9830743376233776,0.31639528908086495,1
3189,CPEC_LANDSLIDE_1011,1,landslide,74_35,5,74.68930053466677,35.55194895261443,Gilgit-Baltistan,conventional_alphaearth_embeddings_no_road_distance,Conventional + AlphaEarth Embeddings (road-distance ablation),0.9831438312694815,0.31639528908086495,1
3190,CPEC_LANDSLIDE_1012,1,landslide,74_35,5,74.69379084942759,35.55194895261443,Gilgit-Baltistan,conventional_alphaearth_embeddings_no_road_distance,Conventional + AlphaEarth Embeddings (road-distance ablation),0.9822482422017887,0.31639528908086495,1
3191,CPEC_LANDSLIDE_1013,1,landslide,74_35,5,74.69379084942759,35.549706024784555,Gilgit-Baltistan,conventional_alphaearth_embeddings_no_road_distance,Conventional + AlphaEarth Embeddings (road-distance ablation),0.983343773984956,0.31639528908086495,1
3192,CPEC_LANDSLIDE_1014,1,landslide,74_35,5,74.69603823635852,35.54970602478455,Gilgit-Baltistan,conventional_alphaearth_embeddings_no_road_distance,Conventional + AlphaEarth Embeddings (road-distance ablation),0.9810458597868912,0.31639528908086495,1
3193,CPEC_LANDSLIDE_1016,1,landslide,74_35,5,74.69603823635852,35.5474586378536,Gilgit-Baltistan,conventional_alphaearth_embeddings_no_road_distance,Conventional + AlphaEarth Embeddings (road-distance ablation),0.985443894975699,0.31639528908086495,1
3194,CPEC_LANDSLIDE_1017,1,landslide,74_35,5,74.69828562328946,35.5474586378536,Gilgit-Baltistan,conventional_alphaearth_embeddings_no_road_distance,Conventional + AlphaEarth Embeddings (road-distance ablation),0.9853478364938402,0.31639528908086495,1
3195,CPEC_LANDSLIDE_1018,1,landslide,74_35,5,74.70052855111935,35.5474586378536,Gilgit-Baltistan,conventional_alphaearth_embeddings_no_road_distance,Conventional + AlphaEarth Embeddings (road-distance ablation),0.9858459087010902,0.31639528908086495,1
3196,CPEC_LANDSLIDE_1019,1,landslide,74_35,5,74.70052855111935,35.54521125092267,Gilgit-Baltistan,conventional_alphaearth_embeddings_no_road_distance,Conventional + AlphaEarth Embeddings (road-distance ablation),0.985227027142174,0.31639528908086495,1
3197,CPEC_LANDSLIDE_1020,1,landslide,74_35,5,74.72298904312555,35.540720936161854,Gilgit-Baltistan,conventional_alphaearth_embeddings_no_road_distance,Conventional + AlphaEarth Embeddings (road-distance ablation),0.9837299369420585,0.31639528908086495,1
3198,CPEC_LANDSLIDE_1021,1,landslide,74_35,5,74.72747935788637,35.53623062140103,Gilgit-Baltistan,conventional_alphaearth_embeddings_no_road_distance,Conventional + AlphaEarth Embeddings (road-distance ablation),0.9844617149575249,0.31639528908086495,1
3199,CPEC_LANDSLIDE_1022,1,landslide,74_35,5,74.7297267448173,35.53623062140103,Gilgit-Baltistan,conventional_alphaearth_embeddings_no_road_distance,Conventional + AlphaEarth Embeddings (road-distance ablation),0.9839699864712184,0.31639528908086495,1
3200,CPEC_LANDSLIDE_1023,1,landslide,74_35,5,74.73646444650906,35.52275521801752,Gilgit-Baltistan,conventional_alphaearth_embeddings_no_road_distance,Conventional + AlphaEarth Embeddings (road-distance ablation),0.9797572680001434,0.31639528908086495,1
3201,CPEC_LANDSLIDE_1024,1,landslide,74_35,5,74.83303073892249,35.408218748358706,Gilgit-Baltistan,conventional_alphaearth_embeddings_no_road_distance,Conventional + AlphaEarth Embeddings (road-distance ablation),0.9866343080137739,0.31639528908086495,1
3202,CPEC_LANDSLIDE_1025,1,landslide,74_35,5,74.83752551278435,35.39923811883707,Gilgit-Baltistan,conventional_alphaearth_embeddings_no_road_distance,Conventional + AlphaEarth Embeddings (road-distance ablation),0.9840723660463683,0.31639528908086495,1
3203,CPEC_LANDSLIDE_1027,1,landslide,74_35,5,74.87120956214208,35.259998229342166,Gilgit-Baltistan,conventional_alphaearth_embeddings_no_road_distance,Conventional + AlphaEarth Embeddings (road-distance ablation),0.9729333169024804,0.31639528908086495,1
3204,CPEC_LANDSLIDE_1029,1,landslide,74_35,5,74.94307689382047,35.194868599355544,Gilgit-Baltistan,conventional_alphaearth_embeddings_no_road_distance,Conventional + AlphaEarth Embeddings (road-distance ablation),0.8693594530406603,0.31639528908086495,1
3205,CPEC_ROCKFALL_0009,1,rockfall,75_37,5,75.6752033184826,37.81345785658741,"Kashgar (Xinjiang, China)",conventional_alphaearth_embeddings_no_road_distance,Conventional + AlphaEarth Embeddings (road-distance ablation),0.9756905284455991,0.31639528908086495,1
3206,CPEC_ROCKFALL_0010,1,rockfall,75_37,5,75.73359078767642,37.835918348593616,"Kashgar (Xinjiang, China)",conventional_alphaearth_embeddings_no_road_distance,Conventional + AlphaEarth Embeddings (road-distance ablation),0.9852173332545211,0.31639528908086495,1
3207,CPEC_ROCKFALL_0011,1,rockfall,75_37,5,75.85037464426617,37.8628646962596,"Kashgar (Xinjiang, China)",conventional_alphaearth_embeddings_no_road_distance,Conventional + AlphaEarth Embeddings (road-distance ablation),0.9848599232380303,0.31639528908086495,1
3208,CPEC_ROCKFALL_0012,1,rockfall,75_37,5,75.98736714683012,37.840408663354445,"Kashgar (Xinjiang, China)",conventional_alphaearth_embeddings_no_road_distance,Conventional + AlphaEarth Embeddings (road-distance ablation),0.9798638130653157,0.31639528908086495,1
3209,CPEC_ROCKFALL_0014,1,rockfall,75_37,5,75.91999458901361,37.82244294521011,"Kashgar (Xinjiang, China)",conventional_alphaearth_embeddings_no_road_distance,Conventional + AlphaEarth Embeddings (road-distance ablation),0.976963221474579,0.31639528908086495,1
3210,CPEC_ROCKFALL_0024,1,rockfall,75_37,5,75.7133821417022,37.840408663354445,"Kashgar (Xinjiang, China)",conventional_alphaearth_embeddings_no_road_distance,Conventional + AlphaEarth Embeddings (road-distance ablation),0.942954978330309,0.31639528908086495,1
3211,CPEC_ROCKFALL_0058,1,rockfall,65_27,5,65.14694913512209,27.40872077240735,Balochistan,conventional_alphaearth_embeddings_no_road_distance,Conventional + AlphaEarth Embeddings (road-distance ablation),0.09128380299179169,0.31639528908086495,0
3212,CPEC_ROCKFALL_0059,1,rockfall,65_27,5,65.14694913512209,27.41096815933829,Balochistan,conventional_alphaearth_embeddings_no_road_distance,Conventional + AlphaEarth Embeddings (road-distance ablation),0.1104024690581149,0.31639528908086495,0
3213,CPEC_ROCKFALL_0060,1,rockfall,65_27,5,65.1514394498829,27.41096815933829,Balochistan,conventional_alphaearth_embeddings_no_road_distance,Conventional + AlphaEarth Embeddings (road-distance ablation),0.06847871881875572,0.31639528908086495,0
3214,CPEC_ROCKFALL_0084,1,rockfall,65_27,5,65.638774604014,27.148211170662936,Balochistan,conventional_alphaearth_embeddings_no_road_distance,Conventional + AlphaEarth Embeddings (road-distance ablation),0.9602508035070791,0.31639528908086495,1
3215,CPEC_ROCKFALL_0085,1,rockfall,65_27,5,65.638774604014,27.15045855759388,Balochistan,conventional_alphaearth_embeddings_no_road_distance,Conventional + AlphaEarth Embeddings (road-distance ablation),0.9791674698524557,0.31639528908086495,1
3216,CPEC_ROCKFALL_0086,1,rockfall,65_27,5,65.63652721708307,27.15045855759388,Balochistan,conventional_alphaearth_embeddings_no_road_distance,Conventional + AlphaEarth Embeddings (road-distance ablation),0.9799493277109405,0.31639528908086495,1
3217,CPEC_ROCKFALL_0087,1,rockfall,65_27,5,65.64551230570576,27.15045855759388,Balochistan,conventional_alphaearth_embeddings_no_road_distance,Conventional + AlphaEarth Embeddings (road-distance ablation),0.977935476580768,0.31639528908086495,1
3218,CPEC_ROCKFALL_0088,1,rockfall,65_27,5,65.65000262046658,27.15270148542376,Balochistan,conventional_alphaearth_embeddings_no_road_distance,Conventional + AlphaEarth Embeddings (road-distance ablation),0.9775434237885067,0.31639528908086495,1
3219,CPEC_ROCKFALL_0089,1,rockfall,65_27,5,65.64326491877482,27.13922608204024,Balochistan,conventional_alphaearth_embeddings_no_road_distance,Conventional + AlphaEarth Embeddings (road-distance ablation),0.9673025747197984,0.31639528908086495,1
3220,CPEC_ROCKFALL_0091,1,rockfall,65_27,5,65.64102199094494,27.148211170662936,Balochistan,conventional_alphaearth_embeddings_no_road_distance,Conventional + AlphaEarth Embeddings (road-distance ablation),0.9670902469591148,0.31639528908086495,1
3221,CPEC_ROCKFALL_0092,1,rockfall,65_27,5,65.72636026690579,27.278465971535148,Balochistan,conventional_alphaearth_embeddings_no_road_distance,Conventional + AlphaEarth Embeddings (road-distance ablation),0.9803960617694787,0.31639528908086495,1
3222,CPEC_ROCKFALL_0093,1,rockfall,65_27,5,65.72860765383672,27.28071335846608,Balochistan,conventional_alphaearth_embeddings_no_road_distance,Conventional + AlphaEarth Embeddings (road-distance ablation),0.9812032638591742,0.31639528908086495,1
3223,CPEC_ROCKFALL_0094,1,rockfall,65_27,5,65.7308505816666,27.282956286295967,Balochistan,conventional_alphaearth_embeddings_no_road_distance,Conventional + AlphaEarth Embeddings (road-distance ablation),0.9817560973688358,0.31639528908086495,1
3224,CPEC_ROCKFALL_0096,1,rockfall,65_27,5,65.73309796859755,27.282956286295967,Balochistan,conventional_alphaearth_embeddings_no_road_distance,Conventional + AlphaEarth Embeddings (road-distance ablation),0.9840071192661142,0.31639528908086495,1
3225,CPEC_ROCKFALL_0098,1,rockfall,65_27,5,65.73309796859755,27.2852036732269,Balochistan,conventional_alphaearth_embeddings_no_road_distance,Conventional + AlphaEarth Embeddings (road-distance ablation),0.7771215229087306,0.31639528908086495,1
3226,CPEC_ROCKFALL_0099,1,rockfall,65_27,5,65.73534535552848,27.282956286295967,Balochistan,conventional_alphaearth_embeddings_no_road_distance,Conventional + AlphaEarth Embeddings (road-distance ablation),0.9424234938994859,0.31639528908086495,1
3227,CPEC_ROCKFALL_0101,1,rockfall,65_27,5,65.82517394625015,27.46486531377129,Balochistan,conventional_alphaearth_embeddings_no_road_distance,Conventional + AlphaEarth Embeddings (road-distance ablation),0.8546266158247443,0.31639528908086495,1
3228,CPEC_ROCKFALL_0102,1,rockfall,65_27,5,65.81843624455838,27.455884684249643,Balochistan,conventional_alphaearth_embeddings_no_road_distance,Conventional + AlphaEarth Embeddings (road-distance ablation),0.9768499530593163,0.31639528908086495,1
3229,CPEC_ROCKFALL_0103,1,rockfall,65_27,5,65.82517394625015,27.44689959562696,Balochistan,conventional_alphaearth_embeddings_no_road_distance,Conventional + AlphaEarth Embeddings (road-distance ablation),0.9687455907004361,0.31639528908086495,1
3230,CPEC_ROCKFALL_0104,1,rockfall,65_27,5,65.82517394625015,27.44914698255789,Balochistan,conventional_alphaearth_embeddings_no_road_distance,Conventional + AlphaEarth Embeddings (road-distance ablation),0.9698585883173646,0.31639528908086495,1
3231,CPEC_ROCKFALL_0105,1,rockfall,65_27,5,65.82517394625015,27.451394369488835,Balochistan,conventional_alphaearth_embeddings_no_road_distance,Conventional + AlphaEarth Embeddings (road-distance ablation),0.9239041883133636,0.31639528908086495,1
3232,CPEC_ROCKFALL_0106,1,rockfall,65_27,5,65.82293101842026,27.455884684249643,Balochistan,conventional_alphaearth_embeddings_no_road_distance,Conventional + AlphaEarth Embeddings (road-distance ablation),0.9386780556304272,0.31639528908086495,1
3233,CPEC_ROCKFALL_0107,1,rockfall,65_27,5,65.82068363148933,27.45363729731872,Balochistan,conventional_alphaearth_embeddings_no_road_distance,Conventional + AlphaEarth Embeddings (road-distance ablation),0.9606645734292192,0.31639528908086495,1
3234,CPEC_ROCKFALL_0108,1,rockfall,65_27,5,65.81394592979757,27.44914698255789,Balochistan,conventional_alphaearth_embeddings_no_road_distance,Conventional + AlphaEarth Embeddings (road-distance ablation),0.8779106766882642,0.31639528908086495,1
3235,CPEC_ROCKFALL_0109,1,rockfall,65_27,5,65.8161933167285,27.451394369488835,Balochistan,conventional_alphaearth_embeddings_no_road_distance,Conventional + AlphaEarth Embeddings (road-distance ablation),0.9320868409791897,0.31639528908086495,1
3236,CPEC_ROCKFALL_0110,1,rockfall,65_27,5,65.82293101842026,27.46486531377129,Balochistan,conventional_alphaearth_embeddings_no_road_distance,Conventional + AlphaEarth Embeddings (road-distance ablation),0.9667758268476274,0.31639528908086495,1
3237,CPEC_ROCKFALL_0111,1,rockfall,65_27,5,65.81394592979757,27.45139436948883,Balochistan,conventional_alphaearth_embeddings_no_road_distance,Conventional + AlphaEarth Embeddings (road-distance ablation),0.9683784209149747,0.31639528908086495,1
3238,CPEC_ROCKFALL_0112,1,rockfall,65_27,5,65.83191164794191,27.46936008763316,Balochistan,conventional_alphaearth_embeddings_no_road_distance,Conventional + AlphaEarth Embeddings (road-distance ablation),0.9690170211412485,0.31639528908086495,1
3239,CPEC_ROCKFALL_0113,1,rockfall,65_27,5,65.83864934963366,27.476097789324925,Balochistan,conventional_alphaearth_embeddings_no_road_distance,Conventional + AlphaEarth Embeddings (road-distance ablation),0.8638460202051376,0.31639528908086495,1
3240,CPEC_ROCKFALL_0114,1,rockfall,65_27,5,65.86784754333162,27.478340717154804,Balochistan,conventional_alphaearth_embeddings_no_road_distance,Conventional + AlphaEarth Embeddings (road-distance ablation),0.9226523670063528,0.31639528908086495,1
3241,CPEC_ROCKFALL_0115,1,rockfall,65_27,5,65.8700904711615,27.482831031915623,Balochistan,conventional_alphaearth_embeddings_no_road_distance,Conventional + AlphaEarth Embeddings (road-distance ablation),0.8903896144091941,0.31639528908086495,1
3242,CPEC_ROCKFALL_0320,1,rockfall,66_29,5,66.75044187394121,29.616332521947346,Balochistan,conventional_alphaearth_embeddings_no_road_distance,Conventional + AlphaEarth Embeddings (road-distance ablation),0.9559506000821826,0.31639528908086495,1
3243,CPEC_ROCKFALL_0321,1,rockfall,66_29,5,66.75493218870204,29.616332521947346,Balochistan,conventional_alphaearth_embeddings_no_road_distance,Conventional + AlphaEarth Embeddings (road-distance ablation),0.975899979023891,0.31639528908086495,1
3244,CPEC_ROCKFALL_0322,1,rockfall,66_29,5,66.75942250346286,29.616332521947346,Balochistan,conventional_alphaearth_embeddings_no_road_distance,Conventional + AlphaEarth Embeddings (road-distance ablation),0.9684328031501802,0.31639528908086495,1
3245,CPEC_ROCKFALL_0389,1,rockfall,66_29,5,66.53259695107617,29.3198870248132,Balochistan,conventional_alphaearth_embeddings_no_road_distance,Conventional + AlphaEarth Embeddings (road-distance ablation),0.9772086611544498,0.31639528908086495,1
3246,CPEC_ROCKFALL_0390,1,rockfall,66_29,5,66.53259695107617,29.322134411744138,Balochistan,conventional_alphaearth_embeddings_no_road_distance,Conventional + AlphaEarth Embeddings (road-distance ablation),0.9439115697288357,0.31639528908086495,1
3247,CPEC_ROCKFALL_0392,1,rockfall,66_29,5,66.64488603380404,29.31764409698332,Balochistan,conventional_alphaearth_embeddings_no_road_distance,Conventional + AlphaEarth Embeddings (road-distance ablation),0.6769128155482599,0.31639528908086495,1
3248,CPEC_ROCKFALL_0393,1,rockfall,66_29,5,66.64264310597416,29.3198870248132,Balochistan,conventional_alphaearth_embeddings_no_road_distance,Conventional + AlphaEarth Embeddings (road-distance ablation),0.779142327232513,0.31639528908086495,1
3249,CPEC_ROCKFALL_0395,1,rockfall,67_26,5,67.83740126493129,26.200487210066708,Punjab-Sindh lowland corridor,conventional_alphaearth_embeddings_no_road_distance,Conventional + AlphaEarth Embeddings (road-distance ablation),0.9517565608927175,0.31639528908086495,1
3250,CPEC_ROCKFALL_0407,1,rockfall,67_26,5,67.15468167994136,26.934861021659763,Balochistan,conventional_alphaearth_embeddings_no_road_distance,Conventional + AlphaEarth Embeddings (road-distance ablation),0.9798659958230607,0.31639528908086495,1
3251,CPEC_ROCKFALL_0408,1,rockfall,67_26,5,67.15917199470218,26.934861021659763,Balochistan,conventional_alphaearth_embeddings_no_road_distance,Conventional + AlphaEarth Embeddings (road-distance ablation),0.9798576924871352,0.31639528908086495,1
3252,CPEC_ROCKFALL_0409,1,rockfall,67_26,5,67.16366676856406,26.950579352873167,Balochistan,conventional_alphaearth_embeddings_no_road_distance,Conventional + AlphaEarth Embeddings (road-distance ablation),0.9703602745655383,0.31639528908086495,1
3253,CPEC_ROCKFALL_0410,1,rockfall,67_26,5,67.15019136518053,26.867488463843248,Balochistan,conventional_alphaearth_embeddings_no_road_distance,Conventional + AlphaEarth Embeddings (road-distance ablation),0.9574846172134409,0.31639528908086495,1
3254,CPEC_ROCKFALL_0411,1,rockfall,67_26,5,67.15243429301042,26.867488463843248,Balochistan,conventional_alphaearth_embeddings_no_road_distance,Conventional + AlphaEarth Embeddings (road-distance ablation),0.31557824819971975,0.31639528908086495,0
3255,CPEC_ROCKFALL_0412,1,rockfall,67_26,5,67.18163248670838,26.822571938931887,Punjab-Sindh lowland corridor,conventional_alphaearth_embeddings_no_road_distance,Conventional + AlphaEarth Embeddings (road-distance ablation),0.9385199401653809,0.31639528908086495,1
3256,CPEC_ROCKFALL_0597,1,rockfall,66_29,5,66.593236266302,29.888074599245392,Balochistan,conventional_alphaearth_embeddings_no_road_distance,Conventional + AlphaEarth Embeddings (road-distance ablation),0.5350273209652774,0.31639528908086495,1
3257,CPEC_ROCKFALL_0598,1,rockfall,66_29,5,66.89641500602683,29.95769008489178,Balochistan,conventional_alphaearth_embeddings_no_road_distance,Conventional + AlphaEarth Embeddings (road-distance ablation),0.9796518588837403,0.31639528908086495,1
3258,CPEC_ROCKFALL_0599,1,rockfall,66_29,5,66.90090977988869,29.96218485875366,Balochistan,conventional_alphaearth_embeddings_no_road_distance,Conventional + AlphaEarth Embeddings (road-distance ablation),0.9701856409089938,0.31639528908086495,1
3259,CPEC_ROCKFALL_0600,1,rockfall,66_29,5,66.90090977988869,29.96442778658354,Balochistan,conventional_alphaearth_embeddings_no_road_distance,Conventional + AlphaEarth Embeddings (road-distance ablation),0.9714472037893073,0.31639528908086495,1
3260,CPEC_ROCKFALL_0601,1,rockfall,66_29,5,66.90090977988869,29.96442778658354,Balochistan,conventional_alphaearth_embeddings_no_road_distance,Conventional + AlphaEarth Embeddings (road-distance ablation),0.9714472037893073,0.31639528908086495,1
3261,CPEC_ROCKFALL_0602,1,rockfall,66_29,5,66.90315270771858,29.96442778658354,Balochistan,conventional_alphaearth_embeddings_no_road_distance,Conventional + AlphaEarth Embeddings (road-distance ablation),0.9454005103576881,0.31639528908086495,1
3262,CPEC_ROCKFALL_0603,1,rockfall,66_29,5,66.95031661956088,29.843158074334024,Balochistan,conventional_alphaearth_embeddings_no_road_distance,Conventional + AlphaEarth Embeddings (road-distance ablation),0.9624542579083158,0.31639528908086495,1
3263,CPEC_ROCKFALL_0604,1,rockfall,66_29,5,66.95031661956088,29.843158074334024,Balochistan,conventional_alphaearth_embeddings_no_road_distance,Conventional + AlphaEarth Embeddings (road-distance ablation),0.9624542579083158,0.31639528908086495,1
3264,CPEC_ROCKFALL_0605,1,rockfall,66_29,5,66.94806923262995,29.840910687403085,Balochistan,conventional_alphaearth_embeddings_no_road_distance,Conventional + AlphaEarth Embeddings (road-distance ablation),0.9259514670435856,0.31639528908086495,1
3265,CPEC_ROCKFALL_0606,1,rockfall,66_29,5,66.945821845699,29.836420372642262,Balochistan,conventional_alphaearth_embeddings_no_road_distance,Conventional + AlphaEarth Embeddings (road-distance ablation),0.9558479701007077,0.31639528908086495,1
3266,CPEC_ROCKFALL_0607,1,rockfall,66_29,5,66.94357891786912,29.836420372642262,Balochistan,conventional_alphaearth_embeddings_no_road_distance,Conventional + AlphaEarth Embeddings (road-distance ablation),0.8737611540842796,0.31639528908086495,1
3267,CPEC_ROCKFALL_0608,1,rockfall,66_29,5,66.94357891786912,29.8319255987804,Balochistan,conventional_alphaearth_embeddings_no_road_distance,Conventional + AlphaEarth Embeddings (road-distance ablation),0.8815404180258499,0.31639528908086495,1
3268,CPEC_ROCKFALL_0649,1,rockfall,69_30,5,69.0186840205049,30.811090680904464,Balochistan,conventional_alphaearth_embeddings_no_road_distance,Conventional + AlphaEarth Embeddings (road-distance ablation),0.745238649808292,0.31639528908086495,1
3269,CPEC_ROCKFALL_0650,1,rockfall,69_30,5,69.0186840205049,30.822318697357044,Balochistan,conventional_alphaearth_embeddings_no_road_distance,Conventional + AlphaEarth Embeddings (road-distance ablation),0.8127994214388502,0.31639528908086495,1
3270,CPEC_ROCKFALL_0651,1,rockfall,69_30,5,69.13995819185547,30.95033057039937,Balochistan,conventional_alphaearth_embeddings_no_road_distance,Conventional + AlphaEarth Embeddings (road-distance ablation),0.8591386914934148,0.31639528908086495,1
3271,CPEC_ROCKFALL_0652,1,rockfall,69_30,5,69.13995819185547,30.95033057039937,Balochistan,conventional_alphaearth_embeddings_no_road_distance,Conventional + AlphaEarth Embeddings (road-distance ablation),0.8591386914934148,0.31639528908086495,1
3272,CPEC_ROCKFALL_0653,1,rockfall,69_30,5,69.14220557878642,30.95257795733032,Balochistan,conventional_alphaearth_embeddings_no_road_distance,Conventional + AlphaEarth Embeddings (road-distance ablation),0.8780153598868665,0.31639528908086495,1
3273,CPEC_ROCKFALL_0654,1,rockfall,69_30,5,69.18487471676684,30.99299970837979,Balochistan,conventional_alphaearth_embeddings_no_road_distance,Conventional + AlphaEarth Embeddings (road-distance ablation),0.12874036600546906,0.31639528908086495,0
3274,CPEC_ROCKFALL_0655,1,rockfall,69_30,5,69.18712210369777,30.9929997083798,Balochistan,conventional_alphaearth_embeddings_no_road_distance,Conventional + AlphaEarth Embeddings (road-distance ablation),0.7268860733499676,0.31639528908086495,1
3275,CPEC_ROCKFALL_0656,1,rockfall,69_30,5,69.18712210369777,30.99524709531073,Balochistan,conventional_alphaearth_embeddings_no_road_distance,Conventional + AlphaEarth Embeddings (road-distance ablation),0.3006846547974566,0.31639528908086495,0
3276,CPEC_ROCKFALL_0666,1,rockfall,69_30,5,69.15568098216993,30.442782311193,Balochistan,conventional_alphaearth_embeddings_no_road_distance,Conventional + AlphaEarth Embeddings (road-distance ablation),0.5425669563305563,0.31639528908086495,1
3277,CPEC_ROCKFALL_0667,1,rockfall,69_30,5,69.15568098216993,30.44502969812393,Balochistan,conventional_alphaearth_embeddings_no_road_distance,Conventional + AlphaEarth Embeddings (road-distance ablation),0.2849592387933746,0.31639528908086495,0
3278,CPEC_ROCKFALL_0668,1,rockfall,69_30,5,69.15568098216993,30.44727262595381,Balochistan,conventional_alphaearth_embeddings_no_road_distance,Conventional + AlphaEarth Embeddings (road-distance ablation),0.4337092756383835,0.31639528908086495,1
3279,CPEC_ROCKFALL_0669,1,rockfall,69_30,5,69.16241868386169,30.456257714576505,Balochistan,conventional_alphaearth_embeddings_no_road_distance,Conventional + AlphaEarth Embeddings (road-distance ablation),0.6369453459603998,0.31639528908086495,1
3280,CPEC_ROCKFALL_0670,1,rockfall,69_30,5,69.8563662853042,30.31477043815067,Balochistan,conventional_alphaearth_embeddings_no_road_distance,Conventional + AlphaEarth Embeddings (road-distance ablation),0.0910916111018492,0.31639528908086495,0
3281,CPEC_ROCKFALL_0684,1,rockfall,70_32,5,70.08094445075994,32.37865198343494,KP-AJK,conventional_alphaearth_embeddings_no_road_distance,Conventional + AlphaEarth Embeddings (road-distance ablation),0.8881979995444858,0.31639528908086495,1
3282,CPEC_ROCKFALL_0685,1,rockfall,70_32,5,70.3684048592714,32.9266219936908,KP-AJK,conventional_alphaearth_embeddings_no_road_distance,Conventional + AlphaEarth Embeddings (road-distance ablation),0.977640462708219,0.31639528908086495,1
3283,CPEC_ROCKFALL_0686,1,rockfall,70_32,5,70.39086089217655,32.93335969538255,KP-AJK,conventional_alphaearth_embeddings_no_road_distance,Conventional + AlphaEarth Embeddings (road-distance ablation),0.8793785703601407,0.31639528908086495,1
3284,CPEC_ROCKFALL_0687,1,rockfall,70_32,5,70.39310827910748,32.93335969538256,KP-AJK,conventional_alphaearth_embeddings_no_road_distance,Conventional + AlphaEarth Embeddings (road-distance ablation),0.900545998687954,0.31639528908086495,1
3285,CPEC_ROCKFALL_0826,1,rockfall,74_35,5,74.70277593805028,35.54521125092267,Gilgit-Baltistan,conventional_alphaearth_embeddings_no_road_distance,Conventional + AlphaEarth Embeddings (road-distance ablation),0.9845709754530492,0.31639528908086495,1
3286,CPEC_ROCKFALL_0827,1,rockfall,74_35,5,74.71625134143379,35.540720936161854,Gilgit-Baltistan,conventional_alphaearth_embeddings_no_road_distance,Conventional + AlphaEarth Embeddings (road-distance ablation),0.9817465659013336,0.31639528908086495,1
3287,CPEC_ROCKFALL_0828,1,rockfall,74_35,5,74.73196967264718,35.5339832344701,Gilgit-Baltistan,conventional_alphaearth_embeddings_no_road_distance,Conventional + AlphaEarth Embeddings (road-distance ablation),0.9855546643588703,0.31639528908086495,1
3288,CPEC_ROCKFALL_0829,1,rockfall,74_35,5,74.73421705957813,35.5339832344701,Gilgit-Baltistan,conventional_alphaearth_embeddings_no_road_distance,Conventional + AlphaEarth Embeddings (road-distance ablation),0.9849893047069579,0.31639528908086495,1
3289,CPEC_ROCKFALL_0830,1,rockfall,74_35,5,74.73421705957813,35.53174030664021,Gilgit-Baltistan,conventional_alphaearth_embeddings_no_road_distance,Conventional + AlphaEarth Embeddings (road-distance ablation),0.9849267518066706,0.31639528908086495,1
3290,CPEC_ROCKFALL_0831,1,rockfall,74_35,5,74.73421705957813,35.53174030664021,Gilgit-Baltistan,conventional_alphaearth_embeddings_no_road_distance,Conventional + AlphaEarth Embeddings (road-distance ablation),0.9849267518066706,0.31639528908086495,1
3291,CPEC_ROCKFALL_0833,1,rockfall,74_35,5,74.7544301646534,35.507032427703066,Gilgit-Baltistan,conventional_alphaearth_embeddings_no_road_distance,Conventional + AlphaEarth Embeddings (road-distance ablation),0.9859678687525373,0.31639528908086495,1
3292,CPEC_ROCKFALL_0834,1,rockfall,74_35,5,74.75892047941421,35.507032427703066,Gilgit-Baltistan,conventional_alphaearth_embeddings_no_road_distance,Conventional + AlphaEarth Embeddings (road-distance ablation),0.9856321389057586,0.31639528908086495,1
3293,CPEC_ROCKFALL_0838,1,rockfall,74_35,5,74.20645569529648,35.96517384723726,Gilgit-Baltistan,conventional_alphaearth_embeddings_no_road_distance,Conventional + AlphaEarth Embeddings (road-distance ablation),0.9797242291401715,0.31639528908086495,1
3294,CPEC_ROCKFALL_0839,1,rockfall,74_35,5,74.20645569529648,35.96293091940737,Gilgit-Baltistan,conventional_alphaearth_embeddings_no_road_distance,Conventional + AlphaEarth Embeddings (road-distance ablation),0.984214981191655,0.31639528908086495,1
3295,CPEC_ROCKFALL_0840,1,rockfall,74_35,5,74.47819777259453,35.870850482653715,Gilgit-Baltistan,conventional_alphaearth_embeddings_no_road_distance,Conventional + AlphaEarth Embeddings (road-distance ablation),0.967786328150957,0.31639528908086495,1
3296,CPEC_ROCKFALL_0841,1,rockfall,74_35,5,74.48268808735536,35.868607554823825,Gilgit-Baltistan,conventional_alphaearth_embeddings_no_road_distance,Conventional + AlphaEarth Embeddings (road-distance ablation),0.9820256326458162,0.31639528908086495,1
3297,CPEC_ROCKFALL_0842,1,rockfall,74_35,5,74.50963889412238,35.857379538371255,Gilgit-Baltistan,conventional_alphaearth_embeddings_no_road_distance,Conventional + AlphaEarth Embeddings (road-distance ablation),0.9828426990129578,0.31639528908086495,1
3298,CPEC_ROCKFALL_0849,1,rockfall,74_35,5,74.6151902751585,35.7495807704042,Gilgit-Baltistan,conventional_alphaearth_embeddings_no_road_distance,Conventional + AlphaEarth Embeddings (road-distance ablation),0.9859236397917325,0.31639528908086495,1
3299,CPEC_ROCKFALL_0850,1,rockfall,74_35,5,74.61294288822755,35.74733338347328,Gilgit-Baltistan,conventional_alphaearth_embeddings_no_road_distance,Conventional + AlphaEarth Embeddings (road-distance ablation),0.9798828506953619,0.31639528908086495,1
3300,CPEC_ROCKFALL_0851,1,rockfall,74_35,5,74.58374915363065,35.489066709558735,Gilgit-Baltistan,conventional_alphaearth_embeddings_no_road_distance,Conventional + AlphaEarth Embeddings (road-distance ablation),0.9816317245852928,0.31639528908086495,1
3301,CPEC_ROCKFALL_0852,1,rockfall,74_35,5,74.57925883886983,35.489066709558735,Gilgit-Baltistan,conventional_alphaearth_embeddings_no_road_distance,Conventional + AlphaEarth Embeddings (road-distance ablation),0.9829920889233822,0.31639528908086495,1
3302,CPEC_ROCKFALL_0853,1,rockfall,74_35,5,74.24014420375526,35.410466135289646,Gilgit-Baltistan,conventional_alphaearth_embeddings_no_road_distance,Conventional + AlphaEarth Embeddings (road-distance ablation),0.9824751041329817,0.31639528908086495,1
3303,CPEC_ROCKFALL_0854,1,rockfall,74_35,5,74.21319339698825,35.40372843359789,Gilgit-Baltistan,conventional_alphaearth_embeddings_no_road_distance,Conventional + AlphaEarth Embeddings (road-distance ablation),0.9851563031020251,0.31639528908086495,1
3304,CPEC_ROCKFALL_0855,1,rockfall,74_35,5,74.21319339698825,35.40372843359789,Gilgit-Baltistan,conventional_alphaearth_embeddings_no_road_distance,Conventional + AlphaEarth Embeddings (road-distance ablation),0.9851563031020251,0.31639528908086495,1
3305,CPEC_ROCKFALL_0856,1,rockfall,74_35,5,74.20870308222742,35.40372843359789,Gilgit-Baltistan,conventional_alphaearth_embeddings_no_road_distance,Conventional + AlphaEarth Embeddings (road-distance ablation),0.9793924941791848,0.31639528908086495,1
3306,CPEC_ROCKFALL_0857,1,rockfall,74_35,5,74.20645569529648,35.40372843359789,Gilgit-Baltistan,conventional_alphaearth_embeddings_no_road_distance,Conventional + AlphaEarth Embeddings (road-distance ablation),0.9829863174019577,0.31639528908086495,1
3307,CPEC_ROCKFALL_0858,1,rockfall,74_35,5,74.19971799360472,35.39923811883707,Gilgit-Baltistan,conventional_alphaearth_embeddings_no_road_distance,Conventional + AlphaEarth Embeddings (road-distance ablation),0.9847424572307846,0.31639528908086495,1
3308,CPEC_ROCKFALL_0859,1,rockfall,74_35,5,74.1907373640831,35.39923811883706,Gilgit-Baltistan,conventional_alphaearth_embeddings_no_road_distance,Conventional + AlphaEarth Embeddings (road-distance ablation),0.9843452775335284,0.31639528908086495,1
3309,CPEC_ROCKFALL_0860,1,rockfall,74_35,5,74.18624704932226,35.39923811883707,Gilgit-Baltistan,conventional_alphaearth_embeddings_no_road_distance,Conventional + AlphaEarth Embeddings (road-distance ablation),0.9848101080746186,0.31639528908086495,1
3310,CPEC_ROCKFALL_0861,1,rockfall,74_35,5,74.18399966239133,35.39923811883706,Gilgit-Baltistan,conventional_alphaearth_embeddings_no_road_distance,Conventional + AlphaEarth Embeddings (road-distance ablation),0.9846529121346989,0.31639528908086495,1
3311,CPEC_ROCKFALL_0870,1,rockfall,75_37,5,75.20807681032571,37.90778122117096,"Kashgar (Xinjiang, China)",conventional_alphaearth_embeddings_no_road_distance,Conventional + AlphaEarth Embeddings (road-distance ablation),0.9223893459520974,0.31639528908086495,1
3312,CPEC_ROCKFALL_0871,1,rockfall,75_37,5,75.19684879387313,37.92125662455447,"Kashgar (Xinjiang, China)",conventional_alphaearth_embeddings_no_road_distance,Conventional + AlphaEarth Embeddings (road-distance ablation),0.9538196040819051,0.31639528908086495,1
3313,CPEC_ROCKFALL_0872,1,rockfall,75_37,5,75.2170618989484,37.905538293341074,"Kashgar (Xinjiang, China)",conventional_alphaearth_embeddings_no_road_distance,Conventional + AlphaEarth Embeddings (road-distance ablation),0.9513695672323822,0.31639528908086495,1
3314,CPEC_ROCKFALL_0873,1,rockfall,75_37,5,75.19011109218138,37.923504011485406,"Kashgar (Xinjiang, China)",conventional_alphaearth_embeddings_no_road_distance,Conventional + AlphaEarth Embeddings (road-distance ablation),0.961539228122497,0.31639528908086495,1
3315,CPEC_ROCKFALL_0874,1,rockfall,75_37,5,75.1878681643515,37.923504011485406,"Kashgar (Xinjiang, China)",conventional_alphaearth_embeddings_no_road_distance,Conventional + AlphaEarth Embeddings (road-distance ablation),0.9678129421288691,0.31639528908086495,1
