sample_id,inventory_id,label,hazard_type,spatial_block_1deg,spatial_fold_5,longitude,latitude,cpec_admin_transfer_domain,feature_set,feature_set_name,stacked_score,threshold,prediction
0,RMC_03_00651,0,non_landslide,75_39,4,75.43939466625227,39.87733835617071,raster-matched control,conventional_alphaearth_embeddings,Conventional + AlphaEarth Embeddings,0.10084251022200859,0.32933342149262645,0
1,RMC_03_00049,0,non_landslide,64_26,2,64.03303634614464,26.694561561716736,raster-matched control,conventional_alphaearth_embeddings,Conventional + AlphaEarth Embeddings,0.13793916138499368,0.5868831590132428,0
2,CPEC_ROCKFALL_0270,1,rockfall,66_27,1,66.2900530674761,27.085328927607247,Balochistan,conventional_alphaearth_embeddings,Conventional + AlphaEarth Embeddings,0.9852987924303646,0.31275142952145935,1
3,RMC_03_01223,0,non_landslide,71_31,4,71.90452402324195,31.48931939070468,raster-matched control,conventional_alphaearth_embeddings,Conventional + AlphaEarth Embeddings,0.09554638332975096,0.32933342149262645,0
4,CPEC_LANDSLIDE_0437,1,landslide,74_38,1,74.99248373349266,38.58601049140008,"Kashgar (Xinjiang, China)",conventional_alphaearth_embeddings,Conventional + AlphaEarth Embeddings,0.9843613364595347,0.31275142952145935,1
5,CPEC_LANDSLIDE_1006,1,landslide,75_35,1,75.95143571054146,35.203853687978224,Gilgit-Baltistan,conventional_alphaearth_embeddings,Conventional + AlphaEarth Embeddings,0.8996528412926122,0.31275142952145935,1
6,RMC_03_00683,0,non_landslide,73_34,2,73.39123581845976,34.15731578453966,raster-matched control,conventional_alphaearth_embeddings,Conventional + AlphaEarth Embeddings,0.20725938297558957,0.5868831590132428,0
7,CPEC_ROCKFALL_0507,1,rockfall,68_29,2,68.48194202670163,29.33560981512765,Balochistan,conventional_alphaearth_embeddings,Conventional + AlphaEarth Embeddings,0.979395881818688,0.5868831590132428,1
8,CPEC_LANDSLIDE_0169,1,landslide,74_36,2,74.59048685532241,36.30204555452194,Gilgit-Baltistan,conventional_alphaearth_embeddings,Conventional + AlphaEarth Embeddings,0.9829151129785391,0.5868831590132428,1
9,RMC_03_00622,0,non_landslide,75_38,2,75.47757306582736,38.80609737985819,raster-matched control,conventional_alphaearth_embeddings,Conventional + AlphaEarth Embeddings,0.09090672671552043,0.5868831590132428,0
10,CPEC_ROCKFALL_0419,1,rockfall,70_29,4,70.01806220770425,29.50628636704935,Punjab-Sindh lowland corridor,conventional_alphaearth_embeddings,Conventional + AlphaEarth Embeddings,0.9576690038134907,0.32933342149262645,1
11,CPEC_LANDSLIDE_0031,1,landslide,75_38,2,76.00084255021365,38.44677060190517,"Kashgar (Xinjiang, China)",conventional_alphaearth_embeddings,Conventional + AlphaEarth Embeddings,0.22143776618380998,0.5868831590132428,0
12,RMC_03_00573,0,non_landslide,75_40,1,75.47981885403765,40.01657722520924,raster-matched control,conventional_alphaearth_embeddings,Conventional + AlphaEarth Embeddings,0.14020946360335054,0.31275142952145935,0
13,CPEC_LANDSLIDE_0381,1,landslide,75_38,2,75.02392485502051,38.53884657955778,"Kashgar (Xinjiang, China)",conventional_alphaearth_embeddings,Conventional + AlphaEarth Embeddings,0.9930636361524204,0.5868831590132428,1
14,CPEC_LANDSLIDE_1063,1,landslide,74_36,2,74.80158961739464,36.30428848235182,Gilgit-Baltistan,conventional_alphaearth_embeddings,Conventional + AlphaEarth Embeddings,0.9806513694918095,0.5868831590132428,1
15,CPEC_ROCKFALL_0317,1,rockfall,66_28,3,66.3439502219091,28.1520796726231,Balochistan,conventional_alphaearth_embeddings,Conventional + AlphaEarth Embeddings,0.9780279204072854,0.37326188443582237,1
16,RMC_03_00214,0,non_landslide,66_27,1,66.5505649298896,27.66474206856582,raster-matched control,conventional_alphaearth_embeddings,Conventional + AlphaEarth Embeddings,0.17293902319904328,0.31275142952145935,0
17,RMC_03_00690,0,non_landslide,73_33,5,73.46534682939962,33.955194845612766,raster-matched control,conventional_alphaearth_embeddings,Conventional + AlphaEarth Embeddings,0.7698968166472416,0.28992385976630347,1
18,CPEC_ROCKFALL_0618,1,rockfall,67_30,3,67.20408851961353,30.27883900186201,Balochistan,conventional_alphaearth_embeddings,Conventional + AlphaEarth Embeddings,0.3239863521317979,0.37326188443582237,0
19,CPEC_ROCKFALL_0229,1,rockfall,65_26,3,65.77352417874808,26.281335171266733,Balochistan,conventional_alphaearth_embeddings,Conventional + AlphaEarth Embeddings,0.9884896823824946,0.37326188443582237,1
20,RMC_03_00640,0,non_landslide,74_35,5,74.6196819694932,35.55195026313522,raster-matched control,conventional_alphaearth_embeddings,Conventional + AlphaEarth Embeddings,0.02328260895033886,0.28992385976630347,0
21,RMC_03_01285,0,non_landslide,73_35,4,73.64276409801323,35.502542922508646,raster-matched control,conventional_alphaearth_embeddings,Conventional + AlphaEarth Embeddings,0.06946933219976349,0.32933342149262645,0
22,RMC_03_00245,0,non_landslide,66_27,1,66.72798219850321,27.45363797679773,raster-matched control,conventional_alphaearth_embeddings,Conventional + AlphaEarth Embeddings,0.1493508216888397,0.31275142952145935,0
23,RMC_03_01218,0,non_landslide,68_29,2,68.46622227327448,29.324379555976638,raster-matched control,conventional_alphaearth_embeddings,Conventional + AlphaEarth Embeddings,0.12786078717990224,0.5868831590132428,0
24,CPEC_LANDSLIDE_0017,1,landslide,74_39,3,74.59273424225334,39.288943181465285,"Kashgar (Xinjiang, China)",conventional_alphaearth_embeddings,Conventional + AlphaEarth Embeddings,0.5561197556366252,0.37326188443582237,1
25,RMC_03_00823,0,non_landslide,68_29,2,68.6369021772572,29.11327546420855,raster-matched control,conventional_alphaearth_embeddings,Conventional + AlphaEarth Embeddings,0.3282012488648442,0.5868831590132428,0
26,CPEC_LANDSLIDE_0441,1,landslide,74_38,1,74.98799341873183,38.59274819309183,"Kashgar (Xinjiang, China)",conventional_alphaearth_embeddings,Conventional + AlphaEarth Embeddings,0.9868429972349231,0.31275142952145935,1
27,RMC_03_00801,0,non_landslide,68_29,2,68.15854928846355,29.829681903293867,raster-matched control,conventional_alphaearth_embeddings,Conventional + AlphaEarth Embeddings,0.8483208860186443,0.5868831590132428,1
28,CPEC_LANDSLIDE_0232,1,landslide,74_35,5,74.57925883886983,35.78326481976193,Gilgit-Baltistan,conventional_alphaearth_embeddings,Conventional + AlphaEarth Embeddings,0.9737823668681794,0.28992385976630347,1
29,RMC_03_00842,0,non_landslide,72_32,2,72.74220302568341,32.69306187142484,raster-matched control,conventional_alphaearth_embeddings,Conventional + AlphaEarth Embeddings,0.5194888905454716,0.5868831590132428,0
30,CPEC_ROCKFALL_0808,1,rockfall,75_35,1,75.79872041766305,35.325127859328795,Gilgit-Baltistan,conventional_alphaearth_embeddings,Conventional + AlphaEarth Embeddings,0.48146729138532146,0.31275142952145935,1
31,RMC_03_00538,0,non_landslide,75_38,2,75.03515278839848,38.431050748738286,raster-matched control,conventional_alphaearth_embeddings,Conventional + AlphaEarth Embeddings,0.1317532193725784,0.5868831590132428,0
32,CPEC_LANDSLIDE_0913,1,landslide,76_35,2,76.1086413181807,35.19711598628648,Gilgit-Baltistan,conventional_alphaearth_embeddings,Conventional + AlphaEarth Embeddings,0.9825551409368242,0.5868831590132428,1
33,CPEC_ROCKFALL_0021,1,rockfall,76_37,1,76.21419269921681,37.66074702281006,"Kashgar (Xinjiang, China)",conventional_alphaearth_embeddings,Conventional + AlphaEarth Embeddings,0.9789157803504914,0.31275142952145935,1
34,CPEC_LANDSLIDE_0351,1,landslide,75_37,5,75.2799441420041,37.88307780133486,"Kashgar (Xinjiang, China)",conventional_alphaearth_embeddings,Conventional + AlphaEarth Embeddings,0.9528861508583291,0.28992385976630347,1
35,RMC_03_00959,0,non_landslide,75_36,3,75.21706163343269,36.86124478973942,raster-matched control,conventional_alphaearth_embeddings,Conventional + AlphaEarth Embeddings,0.18748921452464273,0.37326188443582237,0
36,CPEC_ROCKFALL_0580,1,rockfall,67_29,1,67.21981130992799,29.459126914308104,Balochistan,conventional_alphaearth_embeddings,Conventional + AlphaEarth Embeddings,0.9770675505422809,0.31275142952145935,1
37,RMC_03_00626,0,non_landslide,75_38,2,75.47308148940675,38.82406368554057,raster-matched control,conventional_alphaearth_embeddings,Conventional + AlphaEarth Embeddings,0.08092995360036294,0.5868831590132428,0
38,CPEC_ROCKFALL_0051,1,rockfall,63_27,3,63.40870682156886,27.224568817102146,Balochistan,conventional_alphaearth_embeddings,Conventional + AlphaEarth Embeddings,0.9861521438625135,0.37326188443582237,1
39,CPEC_LANDSLIDE_0221,1,landslide,74_35,5,74.35692360124396,35.88432588603723,Gilgit-Baltistan,conventional_alphaearth_embeddings,Conventional + AlphaEarth Embeddings,0.9343163660406677,0.28992385976630347,1
40,CPEC_ROCKFALL_0482,1,rockfall,68_29,2,68.70876757908832,29.409720074635924,Balochistan,conventional_alphaearth_embeddings,Conventional + AlphaEarth Embeddings,0.9587206816713797,0.5868831590132428,1
41,RMC_03_00088,0,non_landslide,72_33,4,72.65237149727146,33.78451494163006,raster-matched control,conventional_alphaearth_embeddings,Conventional + AlphaEarth Embeddings,0.07393109234603669,0.32933342149262645,0
42,RMC_03_01323,0,non_landslide,74_35,5,74.15704959817165,35.4014824530452,raster-matched control,conventional_alphaearth_embeddings,Conventional + AlphaEarth Embeddings,0.062391270405122705,0.28992385976630347,0
43,CPEC_LANDSLIDE_0600,1,landslide,64_28,1,64.94482700257149,28.879711323423347,Balochistan,conventional_alphaearth_embeddings,Conventional + AlphaEarth Embeddings,0.9847480874977043,0.31275142952145935,1
44,RMC_03_00331,0,non_landslide,67_29,1,67.54544910705198,29.61184044689488,raster-matched control,conventional_alphaearth_embeddings,Conventional + AlphaEarth Embeddings,0.10560332948082471,0.31275142952145935,0
45,CPEC_ROCKFALL_0850,1,rockfall,74_35,5,74.61294288822755,35.74733338347328,Gilgit-Baltistan,conventional_alphaearth_embeddings,Conventional + AlphaEarth Embeddings,0.9790745380389646,0.28992385976630347,1
46,RMC_03_01095,0,non_landslide,67_30,3,67.41294760264435,30.013836536538367,raster-matched control,conventional_alphaearth_embeddings,Conventional + AlphaEarth Embeddings,0.04383246726079287,0.37326188443582237,0
47,RMC_03_00914,0,non_landslide,75_39,4,75.760542380325,39.65725111156143,raster-matched control,conventional_alphaearth_embeddings,Conventional + AlphaEarth Embeddings,0.09627742322300636,0.32933342149262645,0
48,RMC_03_00401,0,non_landslide,74_36,2,74.31874634931316,36.1425925624438,raster-matched control,conventional_alphaearth_embeddings,Conventional + AlphaEarth Embeddings,0.06784111505944468,0.5868831590132428,0
49,RMC_03_00210,0,non_landslide,69_31,2,69.3847496512867,31.62182089511231,raster-matched control,conventional_alphaearth_embeddings,Conventional + AlphaEarth Embeddings,0.05837056738795355,0.5868831590132428,0
50,RMC_03_01074,0,non_landslide,66_26,4,66.94806944311249,26.005104581155003,raster-matched control,conventional_alphaearth_embeddings,Conventional + AlphaEarth Embeddings,0.11607242238542392,0.32933342149262645,0
51,RMC_03_00222,0,non_landslide,65_27,5,65.58038442304053,27.121261321673508,raster-matched control,conventional_alphaearth_embeddings,Conventional + AlphaEarth Embeddings,0.12664752575462757,0.28992385976630347,0
52,RMC_03_00616,0,non_landslide,74_36,2,74.28955110257928,36.16505044454679,raster-matched control,conventional_alphaearth_embeddings,Conventional + AlphaEarth Embeddings,0.13010636163243053,0.5868831590132428,0
53,CPEC_ROCKFALL_0001,1,rockfall,73_35,4,73.22504768534253,35.28245426224732,KP-AJK,conventional_alphaearth_embeddings,Conventional + AlphaEarth Embeddings,0.9789252488748804,0.32933342149262645,1
54,RMC_03_00694,0,non_landslide,73_34,2,73.34182847783319,34.597490273758225,raster-matched control,conventional_alphaearth_embeddings,Conventional + AlphaEarth Embeddings,0.6155217891863788,0.5868831590132428,1
55,RMC_03_00083,0,non_landslide,72_34,1,72.80733088378207,34.01133955087024,raster-matched control,conventional_alphaearth_embeddings,Conventional + AlphaEarth Embeddings,0.09459413943833658,0.31275142952145935,0
56,CPEC_LANDSLIDE_1010,1,landslide,74_35,5,74.68481021990594,35.55194895261443,Gilgit-Baltistan,conventional_alphaearth_embeddings,Conventional + AlphaEarth Embeddings,0.5360773730359351,0.28992385976630347,1
57,RMC_03_01488,0,non_landslide,74_35,5,74.52760465287096,35.84165694226376,raster-matched control,conventional_alphaearth_embeddings,Conventional + AlphaEarth Embeddings,0.20749030936345264,0.28992385976630347,0
58,RMC_03_00525,0,non_landslide,73_35,4,73.46983840582021,35.554196051345514,raster-matched control,conventional_alphaearth_embeddings,Conventional + AlphaEarth Embeddings,0.4138764960916226,0.32933342149262645,1
59,RMC_03_01161,0,non_landslide,74_35,5,74.25137270300421,35.41720297051729,raster-matched control,conventional_alphaearth_embeddings,Conventional + AlphaEarth Embeddings,0.03838554269184497,0.28992385976630347,0
60,RMC_03_00511,0,non_landslide,74_36,2,74.30302583184107,36.20772042054247,raster-matched control,conventional_alphaearth_embeddings,Conventional + AlphaEarth Embeddings,0.7619693730189895,0.5868831590132428,1
61,CPEC_LANDSLIDE_0481,1,landslide,75_38,2,75.08231232421433,38.75893443025271,"Kashgar (Xinjiang, China)",conventional_alphaearth_embeddings,Conventional + AlphaEarth Embeddings,0.1392479763781758,0.5868831590132428,0
62,CPEC_LANDSLIDE_0226,1,landslide,74_35,5,74.48717840211617,35.90229160418156,Gilgit-Baltistan,conventional_alphaearth_embeddings,Conventional + AlphaEarth Embeddings,0.6494370429547635,0.28992385976630347,1
63,CPEC_LANDSLIDE_0438,1,landslide,74_38,1,74.98799341873183,38.5905008061609,"Kashgar (Xinjiang, China)",conventional_alphaearth_embeddings,Conventional + AlphaEarth Embeddings,0.9642640394711233,0.31275142952145935,1
64,CPEC_ROCKFALL_0337,1,rockfall,66_26,4,66.46073407849886,26.267859767883227,Balochistan,conventional_alphaearth_embeddings,Conventional + AlphaEarth Embeddings,0.38745301135831245,0.32933342149262645,1
65,RMC_03_00990,0,non_landslide,75_36,3,75.48880200687884,36.85001584868792,raster-matched control,conventional_alphaearth_embeddings,Conventional + AlphaEarth Embeddings,0.3570815269879108,0.37326188443582237,0
66,RMC_03_00783,0,non_landslide,69_29,3,69.9619172213335,29.629806752577277,raster-matched control,conventional_alphaearth_embeddings,Conventional + AlphaEarth Embeddings,0.1389225322575786,0.37326188443582237,0
67,CPEC_ROCKFALL_0606,1,rockfall,66_29,5,66.945821845699,29.836420372642262,Balochistan,conventional_alphaearth_embeddings,Conventional + AlphaEarth Embeddings,0.8947472918707273,0.28992385976630347,1
68,RMC_03_01422,0,non_landslide,65_26,3,65.19410885086913,26.65413737393136,raster-matched control,conventional_alphaearth_embeddings,Conventional + AlphaEarth Embeddings,0.11130379422783346,0.37326188443582237,0
69,RMC_03_01065,0,non_landslide,66_28,3,66.30128243854644,28.15432389841096,raster-matched control,conventional_alphaearth_embeddings,Conventional + AlphaEarth Embeddings,0.41080672712091265,0.37326188443582237,1
70,CPEC_ROCKFALL_0069,1,rockfall,63_26,1,63.96566192044742,26.07697011088626,Balochistan,conventional_alphaearth_embeddings,Conventional + AlphaEarth Embeddings,0.9782097266348933,0.31275142952145935,1
71,RMC_03_01071,0,non_landslide,62_25,3,62.21843947222321,25.93773093484604,raster-matched control,conventional_alphaearth_embeddings,Conventional + AlphaEarth Embeddings,0.1319546651896966,0.37326188443582237,0
72,RMC_03_00089,0,non_landslide,71_34,5,71.8079551301991,34.54583714492135,raster-matched control,conventional_alphaearth_embeddings,Conventional + AlphaEarth Embeddings,0.12055734125682963,0.28992385976630347,0
73,RMC_03_00773,0,non_landslide,76_36,4,76.82729178021692,36.87921109542181,raster-matched control,conventional_alphaearth_embeddings,Conventional + AlphaEarth Embeddings,0.23037818702388846,0.32933342149262645,0
74,RMC_03_00793,0,non_landslide,68_28,5,68.77838683450602,28.259875944295004,raster-matched control,conventional_alphaearth_embeddings,Conventional + AlphaEarth Embeddings,0.15785048149237968,0.28992385976630347,0
75,CPEC_ROCKFALL_0673,1,rockfall,70_29,4,70.0113245060125,29.955447157061897,Punjab-Sindh lowland corridor,conventional_alphaearth_embeddings,Conventional + AlphaEarth Embeddings,0.9752380143542784,0.32933342149262645,1
76,RMC_03_01427,0,non_landslide,75_39,4,75.61456614665558,39.39224810274617,raster-matched control,conventional_alphaearth_embeddings,Conventional + AlphaEarth Embeddings,0.33022735002505044,0.32933342149262645,1
77,CPEC_ROCKFALL_0865,1,rockfall,73_35,4,73.8336570108242,35.48682378172885,Gilgit-Baltistan,conventional_alphaearth_embeddings,Conventional + AlphaEarth Embeddings,0.9590086329119678,0.32933342149262645,1
78,RMC_03_00352,0,non_landslide,70_32,5,70.19323340699427,32.30004893462255,raster-matched control,conventional_alphaearth_embeddings,Conventional + AlphaEarth Embeddings,0.08138492885002602,0.28992385976630347,0
79,RMC_03_00348,0,non_landslide,67_29,1,67.3096413449706,29.629806752577277,raster-matched control,conventional_alphaearth_embeddings,Conventional + AlphaEarth Embeddings,0.4281093460323683,0.31275142952145935,1
80,CPEC_ROCKFALL_0873,1,rockfall,75_37,5,75.19011109218138,37.923504011485406,"Kashgar (Xinjiang, China)",conventional_alphaearth_embeddings,Conventional + AlphaEarth Embeddings,0.982288155655424,0.28992385976630347,1
81,CPEC_LANDSLIDE_0725,1,landslide,68_30,4,68.52461116468206,30.667360476648746,Balochistan,conventional_alphaearth_embeddings,Conventional + AlphaEarth Embeddings,0.9732849689025805,0.32933342149262645,1
82,RMC_03_01376,0,non_landslide,78_39,2,78.27357938764936,39.93348306142818,raster-matched control,conventional_alphaearth_embeddings,Conventional + AlphaEarth Embeddings,0.10737370356334593,0.5868831590132428,0
83,CPEC_LANDSLIDE_0105,1,landslide,74_36,2,74.95430491027305,36.80060872510561,Gilgit-Baltistan,conventional_alphaearth_embeddings,Conventional + AlphaEarth Embeddings,0.9243308891841381,0.5868831590132428,1
84,RMC_03_01204,0,non_landslide,66_26,4,66.15755199308731,26.283582319232053,raster-matched control,conventional_alphaearth_embeddings,Conventional + AlphaEarth Embeddings,0.23848185599178284,0.32933342149262645,0
85,RMC_03_00566,0,non_landslide,75_38,2,75.13621325786193,38.7656731920728,raster-matched control,conventional_alphaearth_embeddings,Conventional + AlphaEarth Embeddings,0.07437763801099849,0.5868831590132428,0
86,CPEC_LANDSLIDE_0648,1,landslide,65_27,5,65.84313966439449,27.47160301546305,Balochistan,conventional_alphaearth_embeddings,Conventional + AlphaEarth Embeddings,0.30495146592144295,0.28992385976630347,1
87,CPEC_ROCKFALL_0366,1,rockfall,66_27,1,66.90989040941034,27.8578815624199,Balochistan,conventional_alphaearth_embeddings,Conventional + AlphaEarth Embeddings,0.8340116508258211,0.31275142952145935,1
88,RMC_03_00831,0,non_landslide,68_29,2,68.18549874698714,29.93523394917791,raster-matched control,conventional_alphaearth_embeddings,Conventional + AlphaEarth Embeddings,0.07013152390635302,0.5868831590132428,0
89,CPEC_LANDSLIDE_0159,1,landslide,74_36,2,74.68705760683689,36.30653586928275,Gilgit-Baltistan,conventional_alphaearth_embeddings,Conventional + AlphaEarth Embeddings,0.893079724376351,0.5868831590132428,1
90,CPEC_LANDSLIDE_0901,1,landslide,76_35,2,76.09740884262706,35.18364058290297,Gilgit-Baltistan,conventional_alphaearth_embeddings,Conventional + AlphaEarth Embeddings,0.6175149879878734,0.5868831590132428,1
91,RMC_03_00906,0,non_landslide,77_37,2,77.38873883279163,37.6450248751337,raster-matched control,conventional_alphaearth_embeddings,Conventional + AlphaEarth Embeddings,0.14321422818813595,0.5868831590132428,0
92,CPEC_LANDSLIDE_0959,1,landslide,75_35,1,75.419184031499,35.47334837834533,Gilgit-Baltistan,conventional_alphaearth_embeddings,Conventional + AlphaEarth Embeddings,0.2574253867880379,0.31275142952145935,0
93,CPEC_ROCKFALL_0568,1,rockfall,67_29,1,67.22654901161974,29.477092632452432,Balochistan,conventional_alphaearth_embeddings,Conventional + AlphaEarth Embeddings,0.961301047768584,0.31275142952145935,1
94,CPEC_ROCKFALL_0445,1,rockfall,69_28,1,69.1826273298359,28.83255187068211,Balochistan,conventional_alphaearth_embeddings,Conventional + AlphaEarth Embeddings,0.9228892041025014,0.31275142952145935,1
95,RMC_03_01487,0,non_landslide,74_35,5,74.60845302844172,35.653010732598666,raster-matched control,conventional_alphaearth_embeddings,Conventional + AlphaEarth Embeddings,0.0755357401665457,0.28992385976630347,0
96,RMC_03_00603,0,non_landslide,74_35,5,74.60396145202111,35.502542922508646,raster-matched control,conventional_alphaearth_embeddings,Conventional + AlphaEarth Embeddings,0.27825174813680387,0.28992385976630347,0
97,CPEC_LANDSLIDE_0922,1,landslide,76_35,2,76.15804815785287,35.172412566450376,Gilgit-Baltistan,conventional_alphaearth_embeddings,Conventional + AlphaEarth Embeddings,0.9633449745055492,0.5868831590132428,1
98,CPEC_LANDSLIDE_0068,1,landslide,75_36,3,75.2260469875711,36.83654016139428,Gilgit-Baltistan,conventional_alphaearth_embeddings,Conventional + AlphaEarth Embeddings,0.9631965319192163,0.37326188443582237,1
99,CPEC_LANDSLIDE_0411,1,landslide,75_38,2,75.01493976639782,38.55007905511141,"Kashgar (Xinjiang, China)",conventional_alphaearth_embeddings,Conventional + AlphaEarth Embeddings,0.987884000318125,0.5868831590132428,1
100,CPEC_LANDSLIDE_0162,1,landslide,74_36,2,74.76790556803691,36.25937195744046,Gilgit-Baltistan,conventional_alphaearth_embeddings,Conventional + AlphaEarth Embeddings,0.18977422209378733,0.5868831590132428,0
101,CPEC_LANDSLIDE_0098,1,landslide,74_36,2,74.96778031365656,36.82306475801076,Gilgit-Baltistan,conventional_alphaearth_embeddings,Conventional + AlphaEarth Embeddings,0.7767242000325791,0.5868831590132428,1
102,CPEC_LANDSLIDE_0248,1,landslide,74_35,5,74.63091306547294,35.52724553277834,Gilgit-Baltistan,conventional_alphaearth_embeddings,Conventional + AlphaEarth Embeddings,0.9711880910277877,0.28992385976630347,1
103,CPEC_ROCKFALL_0310,1,rockfall,66_27,1,66.56179514477414,27.60185781633525,Balochistan,conventional_alphaearth_embeddings,Conventional + AlphaEarth Embeddings,0.9718260267238134,0.31275142952145935,1
104,CPEC_LANDSLIDE_0284,1,landslide,73_35,4,73.40021901112611,35.51377012939483,KP-AJK,conventional_alphaearth_embeddings,Conventional + AlphaEarth Embeddings,0.9680010453881689,0.32933342149262645,1
105,RMC_03_00504,0,non_landslide,74_36,2,74.36366211351914,36.245898820117546,raster-matched control,conventional_alphaearth_embeddings,Conventional + AlphaEarth Embeddings,0.07755849496028255,0.5868831590132428,0
106,RMC_03_00901,0,non_landslide,77_37,2,77.20458419954713,37.40023396021113,raster-matched control,conventional_alphaearth_embeddings,Conventional + AlphaEarth Embeddings,0.15937727435570678,0.5868831590132428,0
107,RMC_03_01481,0,non_landslide,75_39,4,75.7448218628529,39.30241657433422,raster-matched control,conventional_alphaearth_embeddings,Conventional + AlphaEarth Embeddings,0.09777121204286897,0.32933342149262645,0
108,RMC_03_00166,0,non_landslide,66_27,1,66.9256115610095,27.860125642861817,raster-matched control,conventional_alphaearth_embeddings,Conventional + AlphaEarth Embeddings,0.6716195267273057,0.31275142952145935,1
109,RMC_03_00411,0,non_landslide,75_36,3,75.0104491180852,36.88370267184241,raster-matched control,conventional_alphaearth_embeddings,Conventional + AlphaEarth Embeddings,0.10976067197364119,0.37326188443582237,0
110,CPEC_LANDSLIDE_0230,1,landslide,74_35,5,74.50963889412238,35.85513215144033,Gilgit-Baltistan,conventional_alphaearth_embeddings,Conventional + AlphaEarth Embeddings,0.9807464954865904,0.28992385976630347,1
111,CPEC_ROCKFALL_0052,1,rockfall,63_27,3,63.40870682156886,27.217831115410384,Balochistan,conventional_alphaearth_embeddings,Conventional + AlphaEarth Embeddings,0.987002849433629,0.37326188443582237,1
112,CPEC_LANDSLIDE_0545,1,landslide,75_38,2,75.38100520827939,38.81283604378676,"Kashgar (Xinjiang, China)",conventional_alphaearth_embeddings,Conventional + AlphaEarth Embeddings,0.9820383603476195,0.5868831590132428,1
113,CPEC_ROCKFALL_0009,1,rockfall,75_37,5,75.6752033184826,37.81345785658741,"Kashgar (Xinjiang, China)",conventional_alphaearth_embeddings,Conventional + AlphaEarth Embeddings,0.8496710308916429,0.28992385976630347,1
114,CPEC_LANDSLIDE_0329,1,landslide,75_37,5,75.46410055641036,37.15544169143357,"Kashgar (Xinjiang, China)",conventional_alphaearth_embeddings,Conventional + AlphaEarth Embeddings,0.9863460700536635,0.28992385976630347,1
115,RMC_03_00261,0,non_landslide,66_27,1,66.99073941910817,27.44914640037713,raster-matched control,conventional_alphaearth_embeddings,Conventional + AlphaEarth Embeddings,0.6656284930278262,0.31275142952145935,1
116,RMC_03_00752,0,non_landslide,74_36,2,74.88243919009817,36.400858206628165,raster-matched control,conventional_alphaearth_embeddings,Conventional + AlphaEarth Embeddings,0.9263068533699103,0.5868831590132428,1
117,CPEC_LANDSLIDE_0334,1,landslide,75_37,5,75.32710359474535,37.72362926586575,"Kashgar (Xinjiang, China)",conventional_alphaearth_embeddings,Conventional + AlphaEarth Embeddings,0.09918257837886928,0.28992385976630347,0
118,RMC_03_01146,0,non_landslide,73_35,4,73.60458569843814,35.53622974566313,raster-matched control,conventional_alphaearth_embeddings,Conventional + AlphaEarth Embeddings,0.07660761042477833,0.32933342149262645,0
119,RMC_03_01370,0,non_landslide,69_30,5,69.11525506605084,30.916643397078488,raster-matched control,conventional_alphaearth_embeddings,Conventional + AlphaEarth Embeddings,0.049524034421649384,0.28992385976630347,0
120,CPEC_ROCKFALL_0794,1,rockfall,76_35,2,76.14008243970854,35.19936337321741,Gilgit-Baltistan,conventional_alphaearth_embeddings,Conventional + AlphaEarth Embeddings,0.9641121097366883,0.5868831590132428,1
121,RMC_03_00318,0,non_landslide,65_26,3,65.25699092075749,26.618204762566577,raster-matched control,conventional_alphaearth_embeddings,Conventional + AlphaEarth Embeddings,0.11698591449980311,0.37326188443582237,0
122,CPEC_ROCKFALL_0935,1,rockfall,75_38,2,75.50003199269902,38.92287773958369,"Kashgar (Xinjiang, China)",conventional_alphaearth_embeddings,Conventional + AlphaEarth Embeddings,0.9857742747542843,0.5868831590132428,1
123,RMC_03_00241,0,non_landslide,66_27,1,66.7481942923959,27.938728230222274,raster-matched control,conventional_alphaearth_embeddings,Conventional + AlphaEarth Embeddings,0.24339047269244254,0.31275142952145935,0
124,RMC_03_01356,0,non_landslide,64_25,5,64.27782726106722,25.91078147632245,raster-matched control,conventional_alphaearth_embeddings,Conventional + AlphaEarth Embeddings,0.1045935308779026,0.28992385976630347,0
125,CPEC_LANDSLIDE_0589,1,landslide,66_27,1,66.91213779634127,27.88482791008588,Balochistan,conventional_alphaearth_embeddings,Conventional + AlphaEarth Embeddings,0.9654003051288625,0.31275142952145935,1
126,CPEC_LANDSLIDE_0338,1,landslide,75_37,5,75.25075040740718,37.88756811609569,"Kashgar (Xinjiang, China)",conventional_alphaearth_embeddings,Conventional + AlphaEarth Embeddings,0.979171278306283,0.28992385976630347,1
127,RMC_03_00096,0,non_landslide,74_35,5,74.6219277577035,35.7720375077445,raster-matched control,conventional_alphaearth_embeddings,Conventional + AlphaEarth Embeddings,0.11376772905272957,0.28992385976630347,0
128,CPEC_ROCKFALL_0874,1,rockfall,75_37,5,75.1878681643515,37.923504011485406,"Kashgar (Xinjiang, China)",conventional_alphaearth_embeddings,Conventional + AlphaEarth Embeddings,0.9871209082185678,0.28992385976630347,1
129,RMC_03_01225,0,non_landslide,67_29,1,67.8957920678586,29.721884069199525,raster-matched control,conventional_alphaearth_embeddings,Conventional + AlphaEarth Embeddings,0.1268117801021957,0.31275142952145935,0
130,RMC_03_00366,0,non_landslide,71_34,5,71.93596505818614,34.56380345060374,raster-matched control,conventional_alphaearth_embeddings,Conventional + AlphaEarth Embeddings,0.1606452083534159,0.28992385976630347,0
131,CPEC_LANDSLIDE_0153,1,landslide,74_36,2,74.76790556803691,36.29755078066006,Gilgit-Baltistan,conventional_alphaearth_embeddings,Conventional + AlphaEarth Embeddings,0.9153585508871327,0.5868831590132428,1
132,RMC_03_00444,0,non_landslide,74_36,2,74.8442607905231,36.573783898821176,raster-matched control,conventional_alphaearth_embeddings,Conventional + AlphaEarth Embeddings,0.13057934967502907,0.5868831590132428,0
133,RMC_03_00398,0,non_landslide,74_38,1,74.96553335387922,38.65338378155786,raster-matched control,conventional_alphaearth_embeddings,Conventional + AlphaEarth Embeddings,0.0859743113670618,0.31275142952145935,0
134,CPEC_LANDSLIDE_0691,1,landslide,66_27,1,66.46522439325966,27.561436065285765,Balochistan,conventional_alphaearth_embeddings,Conventional + AlphaEarth Embeddings,0.9793003973980984,0.31275142952145935,1
135,CPEC_ROCKFALL_0822,1,rockfall,75_35,1,75.85486495902698,35.280211334417444,Gilgit-Baltistan,conventional_alphaearth_embeddings,Conventional + AlphaEarth Embeddings,0.9521343082283991,0.31275142952145935,1
136,CPEC_LANDSLIDE_0707,1,landslide,66_25,2,66.85823618280722,25.07085868109621,Balochistan,conventional_alphaearth_embeddings,Conventional + AlphaEarth Embeddings,0.931840276038007,0.5868831590132428,1
137,RMC_03_01502,0,non_landslide,74_35,5,74.52535886466066,35.47110188756446,raster-matched control,conventional_alphaearth_embeddings,Conventional + AlphaEarth Embeddings,0.04520674681382004,0.28992385976630347,0
138,CPEC_LANDSLIDE_0057,1,landslide,75_36,3,75.36752980489588,36.82755953187264,Gilgit-Baltistan,conventional_alphaearth_embeddings,Conventional + AlphaEarth Embeddings,0.9819316743885294,0.37326188443582237,1
139,CPEC_LANDSLIDE_0222,1,landslide,74_35,5,74.38162702108005,35.87085048265372,Gilgit-Baltistan,conventional_alphaearth_embeddings,Conventional + AlphaEarth Embeddings,0.2345810417413798,0.28992385976630347,0
140,RMC_03_00650,0,non_landslide,75_38,2,75.50227673614063,38.98800622489239,raster-matched control,conventional_alphaearth_embeddings,Conventional + AlphaEarth Embeddings,0.14003027290152592,0.5868831590132428,0
141,RMC_03_01086,0,non_landslide,63_26,1,63.30989254242843,26.752952055184505,raster-matched control,conventional_alphaearth_embeddings,Conventional + AlphaEarth Embeddings,0.2583005234312795,0.31275142952145935,0
142,CPEC_ROCKFALL_0398,1,rockfall,67_25,3,67.88680810460349,25.86361996188309,Punjab-Sindh lowland corridor,conventional_alphaearth_embeddings,Conventional + AlphaEarth Embeddings,0.9810640439802318,0.37326188443582237,1
143,CPEC_ROCKFALL_0605,1,rockfall,66_29,5,66.94806923262995,29.840910687403085,Balochistan,conventional_alphaearth_embeddings,Conventional + AlphaEarth Embeddings,0.9369439061949731,0.28992385976630347,1
144,RMC_03_00824,0,non_landslide,68_29,2,68.54033328421434,29.09755494673645,raster-matched control,conventional_alphaearth_embeddings,Conventional + AlphaEarth Embeddings,0.13854236207086176,0.5868831590132428,0
145,RMC_03_00818,0,non_landslide,67_26,5,67.07832515930983,26.69231577350644,raster-matched control,conventional_alphaearth_embeddings,Conventional + AlphaEarth Embeddings,0.3765830939881849,0.28992385976630347,1
146,RMC_03_01087,0,non_landslide,66_27,1,66.56403965915139,27.33910277807249,raster-matched control,conventional_alphaearth_embeddings,Conventional + AlphaEarth Embeddings,0.27711331562249825,0.31275142952145935,0
147,RMC_03_01009,0,non_landslide,66_26,4,66.21594248655508,26.59125530404299,raster-matched control,conventional_alphaearth_embeddings,Conventional + AlphaEarth Embeddings,0.1380358982216297,0.32933342149262645,0
148,CPEC_LANDSLIDE_1060,1,landslide,74_36,2,74.81506502077815,36.30428848235182,Gilgit-Baltistan,conventional_alphaearth_embeddings,Conventional + AlphaEarth Embeddings,0.9890708947885168,0.5868831590132428,1
149,CPEC_ROCKFALL_0406,1,rockfall,67_25,3,67.89129841936429,25.908536486794453,Punjab-Sindh lowland corridor,conventional_alphaearth_embeddings,Conventional + AlphaEarth Embeddings,0.9842853246972365,0.37326188443582237,1
150,RMC_03_00495,0,non_landslide,74_36,2,74.28955110257928,36.17178780917769,raster-matched control,conventional_alphaearth_embeddings,Conventional + AlphaEarth Embeddings,0.14001832954067803,0.5868831590132428,0
151,RMC_03_00737,0,non_landslide,74_38,1,74.88243919009817,38.799360015227286,raster-matched control,conventional_alphaearth_embeddings,Conventional + AlphaEarth Embeddings,0.0695061887806015,0.31275142952145935,0
152,RMC_03_01312,0,non_landslide,71_35,2,71.74731884852103,35.47110188756446,raster-matched control,conventional_alphaearth_embeddings,Conventional + AlphaEarth Embeddings,0.08147991924782622,0.5868831590132428,0
153,RMC_03_01419,0,non_landslide,76_39,5,76.14457216428609,39.62805586482754,raster-matched control,conventional_alphaearth_embeddings,Conventional + AlphaEarth Embeddings,0.14645997806320143,0.28992385976630347,0
154,RMC_03_01054,0,non_landslide,65_25,1,65.41868767189901,25.854636771064985,raster-matched control,conventional_alphaearth_embeddings,Conventional + AlphaEarth Embeddings,0.12443635462632277,0.31275142952145935,0
155,CPEC_LANDSLIDE_0666,1,landslide,66_26,4,66.16877889612553,26.16006545901723,Balochistan,conventional_alphaearth_embeddings,Conventional + AlphaEarth Embeddings,0.9710616567534498,0.32933342149262645,1
156,RMC_03_00458,0,non_landslide,76_37,1,76.90589436757739,37.0858236107693,raster-matched control,conventional_alphaearth_embeddings,Conventional + AlphaEarth Embeddings,0.26334775527781173,0.31275142952145935,0
157,RMC_03_01152,0,non_landslide,73_35,4,73.77077402600025,35.51152607534984,raster-matched control,conventional_alphaearth_embeddings,Conventional + AlphaEarth Embeddings,0.043180199138668204,0.32933342149262645,0
158,CPEC_LANDSLIDE_0073,1,landslide,75_36,3,75.16091735758447,36.86573835509224,Gilgit-Baltistan,conventional_alphaearth_embeddings,Conventional + AlphaEarth Embeddings,0.9456355490865421,0.37326188443582237,1
159,CPEC_ROCKFALL_0237,1,rockfall,66_26,4,66.19123938813173,26.18925919361413,Balochistan,conventional_alphaearth_embeddings,Conventional + AlphaEarth Embeddings,0.869308011784778,0.32933342149262645,1
160,CPEC_ROCKFALL_0817,1,rockfall,75_35,1,75.83465185395171,35.33186110191951,Gilgit-Baltistan,conventional_alphaearth_embeddings,Conventional + AlphaEarth Embeddings,0.22352189373244266,0.31275142952145935,0
161,CPEC_LANDSLIDE_0172,1,landslide,74_36,2,74.57701145193889,36.2750947477549,Gilgit-Baltistan,conventional_alphaearth_embeddings,Conventional + AlphaEarth Embeddings,0.9894221346478791,0.5868831590132428,1
162,RMC_03_00756,0,non_landslide,77_37,2,77.04962481303652,37.18239250381215,raster-matched control,conventional_alphaearth_embeddings,Conventional + AlphaEarth Embeddings,0.10469130444775943,0.5868831590132428,0
163,CPEC_ROCKFALL_0096,1,rockfall,65_27,5,65.73309796859755,27.282956286295967,Balochistan,conventional_alphaearth_embeddings,Conventional + AlphaEarth Embeddings,0.9764883811440556,0.28992385976630347,1
164,CPEC_ROCKFALL_0392,1,rockfall,66_29,5,66.64488603380404,29.31764409698332,Balochistan,conventional_alphaearth_embeddings,Conventional + AlphaEarth Embeddings,0.9885916440166558,0.28992385976630347,1
165,CPEC_LANDSLIDE_0531,1,landslide,75_38,2,75.32710359474535,38.81058865685583,"Kashgar (Xinjiang, China)",conventional_alphaearth_embeddings,Conventional + AlphaEarth Embeddings,0.0857004566691834,0.5868831590132428,0
166,CPEC_LANDSLIDE_0064,1,landslide,75_36,3,75.30913787660101,36.81183674155819,Gilgit-Baltistan,conventional_alphaearth_embeddings,Conventional + AlphaEarth Embeddings,0.9639148404347847,0.37326188443582237,1
167,RMC_03_00777,0,non_landslide,73_35,4,73.6921714386398,35.661993885439855,raster-matched control,conventional_alphaearth_embeddings,Conventional + AlphaEarth Embeddings,0.08733950910012254,0.32933342149262645,0
168,RMC_03_01012,0,non_landslide,69_32,4,69.71488051820062,32.809842858360376,raster-matched control,conventional_alphaearth_embeddings,Conventional + AlphaEarth Embeddings,0.08210728825829307,0.32933342149262645,0
169,RMC_03_00649,0,non_landslide,71_35,2,71.74282727210044,35.47334767577476,raster-matched control,conventional_alphaearth_embeddings,Conventional + AlphaEarth Embeddings,0.055196468632735446,0.5868831590132428,0
170,RMC_03_00475,0,non_landslide,76_36,4,76.99348010777905,36.93311001246898,raster-matched control,conventional_alphaearth_embeddings,Conventional + AlphaEarth Embeddings,0.15360167908178843,0.32933342149262645,0
171,RMC_03_00786,0,non_landslide,65_29,4,65.95992263058102,29.432177390070976,raster-matched control,conventional_alphaearth_embeddings,Conventional + AlphaEarth Embeddings,0.08038362823862037,0.32933342149262645,0
172,CPEC_LANDSLIDE_0747,1,landslide,70_29,4,70.09666278197334,29.95769008489178,Punjab-Sindh lowland corridor,conventional_alphaearth_embeddings,Conventional + AlphaEarth Embeddings,0.9783713682448825,0.32933342149262645,1
173,RMC_03_00667,0,non_landslide,69_30,5,69.32411336960863,30.48096048428052,raster-matched control,conventional_alphaearth_embeddings,Conventional + AlphaEarth Embeddings,0.08555527946370087,0.28992385976630347,0
174,CPEC_ROCKFALL_0061,1,rockfall,64_26,2,64.03528186519486,26.800111446925683,Balochistan,conventional_alphaearth_embeddings,Conventional + AlphaEarth Embeddings,0.9898124006411451,0.5868831590132428,1
175,RMC_03_01262,0,non_landslide,73_35,4,73.62928936875143,35.533983957452826,raster-matched control,conventional_alphaearth_embeddings,Conventional + AlphaEarth Embeddings,0.9340426478217885,0.32933342149262645,1
176,CPEC_LANDSLIDE_0148,1,landslide,74_36,2,74.84201582754518,36.32225420049615,Gilgit-Baltistan,conventional_alphaearth_embeddings,Conventional + AlphaEarth Embeddings,0.07661567314732225,0.5868831590132428,0
177,CPEC_ROCKFALL_0643,1,rockfall,67_30,3,67.22654901161974,30.46748573102908,Balochistan,conventional_alphaearth_embeddings,Conventional + AlphaEarth Embeddings,0.8178820914796705,0.37326188443582237,1
178,CPEC_ROCKFALL_0509,1,rockfall,68_29,2,68.39660375074078,29.34908521851117,Balochistan,conventional_alphaearth_embeddings,Conventional + AlphaEarth Embeddings,0.9820598967776603,0.5868831590132428,1
179,RMC_03_00122,0,non_landslide,67_29,1,67.1277324999364,29.13348755810124,raster-matched control,conventional_alphaearth_embeddings,Conventional + AlphaEarth Embeddings,0.7047961702695829,0.31275142952145935,1
180,RMC_03_00816,0,non_landslide,67_25,3,67.15468195845999,25.89955253527096,raster-matched control,conventional_alphaearth_embeddings,Conventional + AlphaEarth Embeddings,0.09112509707731421,0.37326188443582237,0
181,RMC_03_01191,0,non_landslide,67_28,4,67.18612299340417,28.82356878508,raster-matched control,conventional_alphaearth_embeddings,Conventional + AlphaEarth Embeddings,0.17172366479442608,0.32933342149262645,0
182,RMC_03_00377,0,non_landslide,76_35,2,76.5106356425648,35.2060988787492,raster-matched control,conventional_alphaearth_embeddings,Conventional + AlphaEarth Embeddings,0.6762602550101925,0.5868831590132428,1
183,RMC_03_00597,0,non_landslide,75_38,2,75.22604478627389,38.75444425102131,raster-matched control,conventional_alphaearth_embeddings,Conventional + AlphaEarth Embeddings,0.2406781377400056,0.5868831590132428,0
184,RMC_03_01014,0,non_landslide,74_35,5,74.75667505032143,35.518263439980736,raster-matched control,conventional_alphaearth_embeddings,Conventional + AlphaEarth Embeddings,0.15712824763709757,0.28992385976630347,0
185,RMC_03_00647,0,non_landslide,74_35,5,74.57252041707693,35.480085040405655,raster-matched control,conventional_alphaearth_embeddings,Conventional + AlphaEarth Embeddings,0.03315070234076164,0.28992385976630347,0
186,RMC_03_00891,0,non_landslide,66_28,3,66.20022196908299,28.43280163648801,raster-matched control,conventional_alphaearth_embeddings,Conventional + AlphaEarth Embeddings,0.08921832020520759,0.37326188443582237,0
187,RMC_03_00269,0,non_landslide,69_29,3,69.84064465797735,29.227810662933784,raster-matched control,conventional_alphaearth_embeddings,Conventional + AlphaEarth Embeddings,0.07263840190486653,0.37326188443582237,0
188,CPEC_ROCKFALL_0855,1,rockfall,74_35,5,74.21319339698825,35.40372843359789,Gilgit-Baltistan,conventional_alphaearth_embeddings,Conventional + AlphaEarth Embeddings,0.9819604982878348,0.28992385976630347,1
189,RMC_03_00054,0,non_landslide,67_29,1,67.27595452181612,29.91053027886462,raster-matched control,conventional_alphaearth_embeddings,Conventional + AlphaEarth Embeddings,0.14016337836413673,0.31275142952145935,0
190,CPEC_ROCKFALL_0610,1,rockfall,67_30,3,67.26921814960016,30.0722265545506,Balochistan,conventional_alphaearth_embeddings,Conventional + AlphaEarth Embeddings,0.9557738726057569,0.37326188443582237,1
191,RMC_03_01055,0,non_landslide,67_25,3,67.16591089951147,25.573913244777632,raster-matched control,conventional_alphaearth_embeddings,Conventional + AlphaEarth Embeddings,0.11195771461111066,0.37326188443582237,0
192,RMC_03_00389,0,non_landslide,77_36,5,77.54145243109195,36.288568796113225,raster-matched control,conventional_alphaearth_embeddings,Conventional + AlphaEarth Embeddings,0.12321168839921498,0.28992385976630347,0
193,RMC_03_00827,0,non_landslide,69_28,1,69.62504898978867,28.95382450127733,raster-matched control,conventional_alphaearth_embeddings,Conventional + AlphaEarth Embeddings,0.1614362806500636,0.31275142952145935,0
194,CPEC_LANDSLIDE_0953,1,landslide,75_35,1,75.32710359474535,35.59461809059485,Gilgit-Baltistan,conventional_alphaearth_embeddings,Conventional + AlphaEarth Embeddings,0.9617746028136792,0.31275142952145935,1
195,CPEC_LANDSLIDE_0101,1,landslide,74_36,2,74.97227062841739,36.82755953187264,Gilgit-Baltistan,conventional_alphaearth_embeddings,Conventional + AlphaEarth Embeddings,0.9802659227782279,0.5868831590132428,1
196,RMC_03_00944,0,non_landslide,75_36,3,75.37651259636391,36.83878690763643,raster-matched control,conventional_alphaearth_embeddings,Conventional + AlphaEarth Embeddings,0.055360936299159766,0.37326188443582237,0
197,CPEC_ROCKFALL_0878,1,rockfall,74_38,1,74.93409180519778,38.28058436474429,"Kashgar (Xinjiang, China)",conventional_alphaearth_embeddings,Conventional + AlphaEarth Embeddings,0.9624111457442551,0.31275142952145935,1
198,RMC_03_00006,0,non_landslide,72_33,4,72.80957667199237,33.35107781704239,raster-matched control,conventional_alphaearth_embeddings,Conventional + AlphaEarth Embeddings,0.08996117516295637,0.32933342149262645,0
199,RMC_03_00744,0,non_landslide,74_35,5,74.61519039307261,35.778774872375394,raster-matched control,conventional_alphaearth_embeddings,Conventional + AlphaEarth Embeddings,0.10520955065561532,0.28992385976630347,0
200,CPEC_LANDSLIDE_0432,1,landslide,75_38,2,75.00595913687617,38.570287701085626,"Kashgar (Xinjiang, China)",conventional_alphaearth_embeddings,Conventional + AlphaEarth Embeddings,0.47793361107506993,0.5868831590132428,0
201,CPEC_LANDSLIDE_0211,1,landslide,74_35,5,74.29853613205015,35.90229160418156,Gilgit-Baltistan,conventional_alphaearth_embeddings,Conventional + AlphaEarth Embeddings,0.8946051189205445,0.28992385976630347,1
202,RMC_03_00446,0,non_landslide,74_36,2,74.79709923810681,36.56480074597998,raster-matched control,conventional_alphaearth_embeddings,Conventional + AlphaEarth Embeddings,0.23518951508729458,0.5868831590132428,0
203,RMC_03_00457,0,non_landslide,74_36,2,74.86222709620547,36.5266223464049,raster-matched control,conventional_alphaearth_embeddings,Conventional + AlphaEarth Embeddings,0.1801014326345971,0.5868831590132428,0
204,CPEC_ROCKFALL_0405,1,rockfall,67_25,3,67.88007040291171,25.89730847034188,Punjab-Sindh lowland corridor,conventional_alphaearth_embeddings,Conventional + AlphaEarth Embeddings,0.986641351668228,0.37326188443582237,1
205,CPEC_ROCKFALL_0844,1,rockfall,74_36,2,74.30976414850272,36.29530785283018,Gilgit-Baltistan,conventional_alphaearth_embeddings,Conventional + AlphaEarth Embeddings,0.7555415670279142,0.5868831590132428,1
206,CPEC_LANDSLIDE_0154,1,landslide,74_36,2,74.76341079417503,36.30204555452194,Gilgit-Baltistan,conventional_alphaearth_embeddings,Conventional + AlphaEarth Embeddings,0.9813495463847474,0.5868831590132428,1
207,RMC_03_01222,0,non_landslide,70_31,3,70.25162390046204,31.965426491288028,raster-matched control,conventional_alphaearth_embeddings,Conventional + AlphaEarth Embeddings,0.06706698575360087,0.37326188443582237,0
208,RMC_03_01016,0,non_landslide,69_29,3,69.61606583694747,29.587136776581595,raster-matched control,conventional_alphaearth_embeddings,Conventional + AlphaEarth Embeddings,0.13977400692392175,0.37326188443582237,0
209,CPEC_LANDSLIDE_1068,1,landslide,74_36,2,74.792608987873,36.28632276420748,Gilgit-Baltistan,conventional_alphaearth_embeddings,Conventional + AlphaEarth Embeddings,0.09930934852438583,0.5868831590132428,0
210,RMC_03_00633,0,non_landslide,77_37,2,77.13721055323816,37.364301348846354,raster-matched control,conventional_alphaearth_embeddings,Conventional + AlphaEarth Embeddings,0.10929754562206087,0.5868831590132428,0
211,CPEC_ROCKFALL_0492,1,rockfall,68_29,2,68.55829967314084,29.313149323121447,Balochistan,conventional_alphaearth_embeddings,Conventional + AlphaEarth Embeddings,0.9685668972528052,0.5868831590132428,1
212,RMC_03_00981,0,non_landslide,72_35,3,72.91737450608672,35.04215633939739,raster-matched control,conventional_alphaearth_embeddings,Conventional + AlphaEarth Embeddings,0.03465512997546596,0.37326188443582237,0
213,CPEC_ROCKFALL_0705,1,rockfall,72_32,2,72.57601660881137,32.6414089721103,Punjab-Sindh lowland corridor,conventional_alphaearth_embeddings,Conventional + AlphaEarth Embeddings,0.4671219612653338,0.5868831590132428,0
214,RMC_03_00263,0,non_landslide,69_31,2,69.78674574093019,31.927248091712947,raster-matched control,conventional_alphaearth_embeddings,Conventional + AlphaEarth Embeddings,0.11440570310836415,0.5868831590132428,0
215,CPEC_ROCKFALL_0910,1,rockfall,75_38,2,75.41693664456807,38.817326358547575,"Kashgar (Xinjiang, China)",conventional_alphaearth_embeddings,Conventional + AlphaEarth Embeddings,0.9829499980147534,0.5868831590132428,1
216,CPEC_ROCKFALL_0562,1,rockfall,67_29,1,67.68468597205288,29.596119416872064,Balochistan,conventional_alphaearth_embeddings,Conventional + AlphaEarth Embeddings,0.966583582119431,0.31275142952145935,1
217,CPEC_LANDSLIDE_0093,1,landslide,74_36,2,74.95430491027305,36.88594700106646,Gilgit-Baltistan,conventional_alphaearth_embeddings,Conventional + AlphaEarth Embeddings,0.4783958435421205,0.5868831590132428,0
218,CPEC_ROCKFALL_0908,1,rockfall,75_38,2,75.4101989428763,38.81732635854758,"Kashgar (Xinjiang, China)",conventional_alphaearth_embeddings,Conventional + AlphaEarth Embeddings,0.9862921047849246,0.5868831590132428,1
219,CPEC_LANDSLIDE_0150,1,landslide,74_36,2,74.78811421401113,36.299798167591,Gilgit-Baltistan,conventional_alphaearth_embeddings,Conventional + AlphaEarth Embeddings,0.7284666538347511,0.5868831590132428,1
220,CPEC_ROCKFALL_0575,1,rockfall,67_29,1,67.21981130992799,29.46586461599985,Balochistan,conventional_alphaearth_embeddings,Conventional + AlphaEarth Embeddings,0.9673099965752661,0.31275142952145935,1
221,CPEC_ROCKFALL_0582,1,rockfall,67_29,1,67.21981130992799,29.45687952737717,Balochistan,conventional_alphaearth_embeddings,Conventional + AlphaEarth Embeddings,0.9280425930688614,0.31275142952145935,1
222,CPEC_LANDSLIDE_0574,1,landslide,75_38,2,75.03066255671226,38.74770641380013,"Kashgar (Xinjiang, China)",conventional_alphaearth_embeddings,Conventional + AlphaEarth Embeddings,0.4097944897836759,0.5868831590132428,0
223,RMC_03_00235,0,non_landslide,69_32,4,69.84289044618765,32.23267528831359,raster-matched control,conventional_alphaearth_embeddings,Conventional + AlphaEarth Embeddings,0.08557712145528057,0.32933342149262645,0
224,CPEC_ROCKFALL_0032,1,rockfall,67_27,2,67.39722556354144,27.97017064514777,Balochistan,conventional_alphaearth_embeddings,Conventional + AlphaEarth Embeddings,0.9538625497536517,0.5868831590132428,1
225,CPEC_LANDSLIDE_0765,1,landslide,72_34,1,72.80733247595887,34.03155156192625,KP-AJK,conventional_alphaearth_embeddings,Conventional + AlphaEarth Embeddings,0.9814004584321739,0.31275142952145935,1
226,CPEC_LANDSLIDE_0950,1,landslide,75_35,1,75.29566247321749,35.58563746107322,Gilgit-Baltistan,conventional_alphaearth_embeddings,Conventional + AlphaEarth Embeddings,0.9794954323740991,0.31275142952145935,1
227,CPEC_LANDSLIDE_0635,1,landslide,63_26,1,63.98362763859175,26.26561684005334,Balochistan,conventional_alphaearth_embeddings,Conventional + AlphaEarth Embeddings,0.7771567920173,0.31275142952145935,1
228,CPEC_ROCKFALL_0312,1,rockfall,66_27,1,66.59547919413187,27.90953132992197,Balochistan,conventional_alphaearth_embeddings,Conventional + AlphaEarth Embeddings,0.968866438078755,0.31275142952145935,1
229,CPEC_LANDSLIDE_0621,1,landslide,63_27,3,63.41993483802145,27.193127695574304,Balochistan,conventional_alphaearth_embeddings,Conventional + AlphaEarth Embeddings,0.9787997902929034,0.37326188443582237,1
230,CPEC_ROCKFALL_0471,1,rockfall,69_29,3,69.1669089986225,29.0728528264523,Balochistan,conventional_alphaearth_embeddings,Conventional + AlphaEarth Embeddings,0.9376913607629389,0.37326188443582237,1
231,CPEC_LANDSLIDE_0129,1,landslide,74_36,2,74.82180272246991,36.57603055964986,Gilgit-Baltistan,conventional_alphaearth_embeddings,Conventional + AlphaEarth Embeddings,0.9729489776570174,0.5868831590132428,1
232,CPEC_LANDSLIDE_0622,1,landslide,63_26,1,63.96790930737835,26.65862862960089,Balochistan,conventional_alphaearth_embeddings,Conventional + AlphaEarth Embeddings,0.979086764497806,0.31275142952145935,1
233,RMC_03_00370,0,non_landslide,75_37,5,75.28892685616225,37.878586849004776,raster-matched control,conventional_alphaearth_embeddings,Conventional + AlphaEarth Embeddings,0.19313174064978922,0.28992385976630347,0
234,RMC_03_00513,0,non_landslide,74_36,2,74.437773124459,36.24140724369695,raster-matched control,conventional_alphaearth_embeddings,Conventional + AlphaEarth Embeddings,0.05708291735811744,0.5868831590132428,0
235,CPEC_ROCKFALL_0920,1,rockfall,75_38,2,75.47981888762375,38.84427716531461,"Kashgar (Xinjiang, China)",conventional_alphaearth_embeddings,Conventional + AlphaEarth Embeddings,0.2580015552930187,0.5868831590132428,0
236,CPEC_LANDSLIDE_0973,1,landslide,75_35,1,75.80321073242386,35.33635587578137,Gilgit-Baltistan,conventional_alphaearth_embeddings,Conventional + AlphaEarth Embeddings,0.9494246897979188,0.31275142952145935,1
237,CPEC_LANDSLIDE_0167,1,landslide,74_36,2,74.61968058991931,36.2773376755848,Gilgit-Baltistan,conventional_alphaearth_embeddings,Conventional + AlphaEarth Embeddings,0.2912454127865144,0.5868831590132428,0
238,CPEC_LANDSLIDE_1034,1,landslide,75_35,1,75.55617653406297,35.181393195972014,Gilgit-Baltistan,conventional_alphaearth_embeddings,Conventional + AlphaEarth Embeddings,0.7366739987850103,0.31275142952145935,1
239,CPEC_LANDSLIDE_1035,1,landslide,75_35,1,75.60558337373514,35.1387240579916,Gilgit-Baltistan,conventional_alphaearth_embeddings,Conventional + AlphaEarth Embeddings,0.17956248619810464,0.31275142952145935,0
240,RMC_03_00320,0,non_landslide,67_29,1,67.74532425776857,29.634298328997872,raster-matched control,conventional_alphaearth_embeddings,Conventional + AlphaEarth Embeddings,0.14951089234383866,0.31275142952145935,0
241,RMC_03_00036,0,non_landslide,74_38,1,74.6219277577035,38.93635309605551,raster-matched control,conventional_alphaearth_embeddings,Conventional + AlphaEarth Embeddings,0.09942977317679291,0.31275142952145935,0
242,CPEC_LANDSLIDE_0313,1,landslide,72_34,1,72.94881529328366,34.759187671827554,KP-AJK,conventional_alphaearth_embeddings,Conventional + AlphaEarth Embeddings,0.9798887466111074,0.31275142952145935,1
243,RMC_03_00330,0,non_landslide,65_25,1,65.16042202771465,25.605354279721816,raster-matched control,conventional_alphaearth_embeddings,Conventional + AlphaEarth Embeddings,0.14288349846368206,0.31275142952145935,0
244,CPEC_LANDSLIDE_0030,1,landslide,75_38,2,75.9985951632827,38.44677060190517,"Kashgar (Xinjiang, China)",conventional_alphaearth_embeddings,Conventional + AlphaEarth Embeddings,0.9865193769340922,0.5868831590132428,1
245,CPEC_LANDSLIDE_1077,1,landslide,74_36,2,74.80158961739464,36.191999399623946,Gilgit-Baltistan,conventional_alphaearth_embeddings,Conventional + AlphaEarth Embeddings,0.9570250832839363,0.5868831590132428,1
246,CPEC_ROCKFALL_0941,1,rockfall,75_38,2,75.50452230745985,38.93635314296721,"Kashgar (Xinjiang, China)",conventional_alphaearth_embeddings,Conventional + AlphaEarth Embeddings,0.9863545701794006,0.5868831590132428,1
247,RMC_03_00696,0,non_landslide,73_34,2,73.42716842982455,34.21346048979713,raster-matched control,conventional_alphaearth_embeddings,Conventional + AlphaEarth Embeddings,0.09474831066979826,0.5868831590132428,0
248,RMC_03_01265,0,non_landslide,73_35,4,73.55966993423218,35.522755016401334,raster-matched control,conventional_alphaearth_embeddings,Conventional + AlphaEarth Embeddings,0.19162573625399285,0.32933342149262645,0
249,CPEC_LANDSLIDE_0628,1,landslide,63_26,1,63.93646818585051,26.65638124266996,Balochistan,conventional_alphaearth_embeddings,Conventional + AlphaEarth Embeddings,0.9693247351575224,0.31275142952145935,1
250,CPEC_ROCKFALL_0535,1,rockfall,67_29,1,67.92273954089214,29.69269016838654,Balochistan,conventional_alphaearth_embeddings,Conventional + AlphaEarth Embeddings,0.9827940974739656,0.31275142952145935,1
251,CPEC_LANDSLIDE_0630,1,landslide,63_26,1,63.934220798919576,26.65638124266997,Balochistan,conventional_alphaearth_embeddings,Conventional + AlphaEarth Embeddings,0.6377592828814341,0.31275142952145935,1
252,RMC_03_00592,0,non_landslide,75_38,2,75.24176530374598,38.7769021331243,raster-matched control,conventional_alphaearth_embeddings,Conventional + AlphaEarth Embeddings,0.0555566707905598,0.5868831590132428,0
253,CPEC_LANDSLIDE_0565,1,landslide,75_38,2,75.47757150069282,38.833044689760975,"Kashgar (Xinjiang, China)",conventional_alphaearth_embeddings,Conventional + AlphaEarth Embeddings,0.9695025627538346,0.5868831590132428,1
254,CPEC_ROCKFALL_0654,1,rockfall,69_30,5,69.18487471676684,30.99299970837979,Balochistan,conventional_alphaearth_embeddings,Conventional + AlphaEarth Embeddings,0.9904816912028293,0.28992385976630347,1
255,RMC_03_00454,0,non_landslide,74_36,2,74.83976921410249,36.53785128745639,raster-matched control,conventional_alphaearth_embeddings,Conventional + AlphaEarth Embeddings,0.07310777877399635,0.5868831590132428,0
256,CPEC_LANDSLIDE_0963,1,landslide,75_35,1,75.50003199269902,35.36554961037828,Gilgit-Baltistan,conventional_alphaearth_embeddings,Conventional + AlphaEarth Embeddings,0.9840700072087808,0.31275142952145935,1
257,RMC_03_01388,0,non_landslide,75_39,4,75.55617565318781,39.92449990858699,raster-matched control,conventional_alphaearth_embeddings,Conventional + AlphaEarth Embeddings,0.08151343367478298,0.32933342149262645,0
258,CPEC_LANDSLIDE_0749,1,landslide,70_32,5,70.38412319048479,32.93335969538256,KP-AJK,conventional_alphaearth_embeddings,Conventional + AlphaEarth Embeddings,0.9921358119837697,0.28992385976630347,1
259,CPEC_LANDSLIDE_0995,1,landslide,75_35,1,75.8930437822466,35.2240667930535,Gilgit-Baltistan,conventional_alphaearth_embeddings,Conventional + AlphaEarth Embeddings,0.8481734163245556,0.31275142952145935,1
260,CPEC_LANDSLIDE_0731,1,landslide,69_30,5,69.12423986064208,30.923379763632337,Balochistan,conventional_alphaearth_embeddings,Conventional + AlphaEarth Embeddings,0.9722055417289124,0.28992385976630347,1
261,RMC_03_00175,0,non_landslide,65_29,4,65.96665999521191,29.3917532022856,raster-matched control,conventional_alphaearth_embeddings,Conventional + AlphaEarth Embeddings,0.09166623309814403,0.32933342149262645,0
262,CPEC_LANDSLIDE_0331,1,landslide,75_37,5,75.42592173319076,37.30366666955116,"Kashgar (Xinjiang, China)",conventional_alphaearth_embeddings,Conventional + AlphaEarth Embeddings,0.9797369920539457,0.28992385976630347,1
263,CPEC_LANDSLIDE_0506,1,landslide,75_38,2,75.18337339048962,38.76342920411458,"Kashgar (Xinjiang, China)",conventional_alphaearth_embeddings,Conventional + AlphaEarth Embeddings,0.9166572306412132,0.5868831590132428,1
264,CPEC_LANDSLIDE_1008,1,landslide,75_35,1,75.98736714683012,35.19936337321741,Gilgit-Baltistan,conventional_alphaearth_embeddings,Conventional + AlphaEarth Embeddings,0.9578988798410158,0.31275142952145935,1
265,RMC_03_00719,0,non_landslide,73_33,5,73.49005049971291,33.7104039306902,raster-matched control,conventional_alphaearth_embeddings,Conventional + AlphaEarth Embeddings,0.1754461874931519,0.28992385976630347,0
266,RMC_03_00731,0,non_landslide,75_35,1,75.59884562918349,35.67996019112225,raster-matched control,conventional_alphaearth_embeddings,Conventional + AlphaEarth Embeddings,0.09893302290943666,0.31275142952145935,0
267,CPEC_LANDSLIDE_0957,1,landslide,75_35,1,75.3720201196567,35.46885806358452,Gilgit-Baltistan,conventional_alphaearth_embeddings,Conventional + AlphaEarth Embeddings,0.9398266036842864,0.31275142952145935,1
268,RMC_03_00529,0,non_landslide,73_35,4,73.46534682939962,35.599111815551495,raster-matched control,conventional_alphaearth_embeddings,Conventional + AlphaEarth Embeddings,0.6827310229621173,0.32933342149262645,1
269,RMC_03_00053,0,non_landslide,64_26,2,64.04651107540644,26.69231577350644,raster-matched control,conventional_alphaearth_embeddings,Conventional + AlphaEarth Embeddings,0.14944480433907875,0.5868831590132428,0
270,RMC_03_01129,0,non_landslide,73_35,4,73.18686909132256,35.24203149011398,raster-matched control,conventional_alphaearth_embeddings,Conventional + AlphaEarth Embeddings,0.11969718635759319,0.32933342149262645,0
271,RMC_03_01418,0,non_landslide,77_37,2,77.40445935026372,37.72362746249416,raster-matched control,conventional_alphaearth_embeddings,Conventional + AlphaEarth Embeddings,0.12135748047725738,0.5868831590132428,0
272,RMC_03_01480,0,non_landslide,75_39,4,75.49553937150974,39.99861091952685,raster-matched control,conventional_alphaearth_embeddings,Conventional + AlphaEarth Embeddings,0.12379334417758332,0.32933342149262645,0
273,RMC_03_00804,0,non_landslide,66_27,1,66.80209320944307,27.27172913176353,raster-matched control,conventional_alphaearth_embeddings,Conventional + AlphaEarth Embeddings,0.1344178504169503,0.31275142952145935,0
274,CPEC_LANDSLIDE_0076,1,landslide,75_36,3,75.12947623605662,36.861243581230376,Gilgit-Baltistan,conventional_alphaearth_embeddings,Conventional + AlphaEarth Embeddings,0.9786955185704397,0.37326188443582237,1
275,RMC_03_00365,0,non_landslide,72_33,4,72.82978876588506,33.49031668608092,raster-matched control,conventional_alphaearth_embeddings,Conventional + AlphaEarth Embeddings,0.17721999658349719,0.32933342149262645,0
276,RMC_03_00029,0,non_landslide,75_37,5,75.16316271638551,37.90104473110777,raster-matched control,conventional_alphaearth_embeddings,Conventional + AlphaEarth Embeddings,0.12877653760217483,0.28992385976630347,0
277,CPEC_ROCKFALL_0004,1,rockfall,76_38,3,76.00533286497446,38.44228028714435,"Kashgar (Xinjiang, China)",conventional_alphaearth_embeddings,Conventional + AlphaEarth Embeddings,0.18427703089642625,0.37326188443582237,0
278,RMC_03_00117,0,non_landslide,71_35,2,71.6035884030619,35.66423967365016,raster-matched control,conventional_alphaearth_embeddings,Conventional + AlphaEarth Embeddings,0.36790959668753737,0.5868831590132428,0
279,CPEC_ROCKFALL_0201,1,rockfall,65_26,3,65.7016568470697,26.303795663272943,Balochistan,conventional_alphaearth_embeddings,Conventional + AlphaEarth Embeddings,0.9875790734358162,0.37326188443582237,1
280,RMC_03_00541,0,non_landslide,74_35,5,74.06048070512881,35.149954173491736,raster-matched control,conventional_alphaearth_embeddings,Conventional + AlphaEarth Embeddings,0.22269579831337416,0.28992385976630347,0
281,CPEC_LANDSLIDE_0287,1,landslide,73_35,4,73.34182708283122,35.507032427703066,KP-AJK,conventional_alphaearth_embeddings,Conventional + AlphaEarth Embeddings,0.9770399198488321,0.32933342149262645,1
282,RMC_03_00729,0,non_landslide,76_35,2,76.06372378871534,35.089317891813664,raster-matched control,conventional_alphaearth_embeddings,Conventional + AlphaEarth Embeddings,0.08212638096232944,0.5868831590132428,0
283,CPEC_ROCKFALL_0472,1,rockfall,69_29,3,69.14669589354723,29.09530885935745,Balochistan,conventional_alphaearth_embeddings,Conventional + AlphaEarth Embeddings,0.9870242923411758,0.37326188443582237,1
284,CPEC_LANDSLIDE_0127,1,landslide,74_36,2,74.846506142306,36.59399627779421,Gilgit-Baltistan,conventional_alphaearth_embeddings,Conventional + AlphaEarth Embeddings,0.9236721498865854,0.5868831590132428,1
285,RMC_03_00553,0,non_landslide,74_35,5,74.00882757629194,35.12300471496815,raster-matched control,conventional_alphaearth_embeddings,Conventional + AlphaEarth Embeddings,0.06743027474781915,0.28992385976630347,0
286,CPEC_LANDSLIDE_0972,1,landslide,75_35,1,75.800967804594,35.33635587578137,Gilgit-Baltistan,conventional_alphaearth_embeddings,Conventional + AlphaEarth Embeddings,0.2620554508715081,0.31275142952145935,0
287,CPEC_LANDSLIDE_1021,1,landslide,74_35,5,74.72747935788637,35.53623062140103,Gilgit-Baltistan,conventional_alphaearth_embeddings,Conventional + AlphaEarth Embeddings,0.9736829172713249,0.28992385976630347,1
288,CPEC_LANDSLIDE_0931,1,landslide,72_35,3,72.6097006581691,35.325127859328795,KP-AJK,conventional_alphaearth_embeddings,Conventional + AlphaEarth Embeddings,0.8770789660159193,0.37326188443582237,1
289,RMC_03_00730,0,non_landslide,75_36,3,75.91101019041501,36.94433895352048,raster-matched control,conventional_alphaearth_embeddings,Conventional + AlphaEarth Embeddings,0.10046755095377788,0.37326188443582237,0
290,CPEC_ROCKFALL_0904,1,rockfall,75_38,2,75.3967235394928,38.81283604378676,"Kashgar (Xinjiang, China)",conventional_alphaearth_embeddings,Conventional + AlphaEarth Embeddings,0.9726749160722371,0.5868831590132428,1
291,CPEC_ROCKFALL_0552,1,rockfall,67_29,1,67.69367106067557,29.587138787350423,Balochistan,conventional_alphaearth_embeddings,Conventional + AlphaEarth Embeddings,0.9866846241252335,0.31275142952145935,1
292,CPEC_ROCKFALL_0271,1,rockfall,66_27,1,66.28556275271528,27.085328927607247,Balochistan,conventional_alphaearth_embeddings,Conventional + AlphaEarth Embeddings,0.9794967330048973,0.31275142952145935,1
293,CPEC_LANDSLIDE_0192,1,landslide,74_36,2,74.30976414850272,36.21445989163015,Gilgit-Baltistan,conventional_alphaearth_embeddings,Conventional + AlphaEarth Embeddings,0.9815564447087016,0.5868831590132428,1
294,CPEC_LANDSLIDE_1007,1,landslide,75_35,1,75.96491111392497,35.19936337321741,Gilgit-Baltistan,conventional_alphaearth_embeddings,Conventional + AlphaEarth Embeddings,0.6060340519411115,0.31275142952145935,1
295,CPEC_ROCKFALL_0023,1,rockfall,76_37,1,76.18948927938072,37.65849963587912,"Kashgar (Xinjiang, China)",conventional_alphaearth_embeddings,Conventional + AlphaEarth Embeddings,0.9870116958156127,0.31275142952145935,1
296,CPEC_LANDSLIDE_0340,1,landslide,75_37,5,75.2417653187845,37.86960239795135,"Kashgar (Xinjiang, China)",conventional_alphaearth_embeddings,Conventional + AlphaEarth Embeddings,0.9790430182258906,0.28992385976630347,1
297,CPEC_LANDSLIDE_0914,1,landslide,76_35,2,76.12660703632503,35.192625671525654,Gilgit-Baltistan,conventional_alphaearth_embeddings,Conventional + AlphaEarth Embeddings,0.9701104141771691,0.5868831590132428,1
298,CPEC_LANDSLIDE_0667,1,landslide,66_26,4,66.16877889612553,26.16006545901723,Balochistan,conventional_alphaearth_embeddings,Conventional + AlphaEarth Embeddings,0.9710616567534498,0.32933342149262645,1
299,CPEC_LANDSLIDE_0895,1,landslide,76_35,2,76.10190361648894,35.19711598628648,Gilgit-Baltistan,conventional_alphaearth_embeddings,Conventional + AlphaEarth Embeddings,0.10782192167412563,0.5868831590132428,0
300,RMC_03_01324,0,non_landslide,74_35,5,74.57252041707693,35.47783925219536,raster-matched control,conventional_alphaearth_embeddings,Conventional + AlphaEarth Embeddings,0.0791517282969123,0.28992385976630347,0
301,CPEC_LANDSLIDE_0308,1,landslide,72_34,1,72.89491813885066,34.94333962713275,KP-AJK,conventional_alphaearth_embeddings,Conventional + AlphaEarth Embeddings,0.09946161973191155,0.31275142952145935,0
302,RMC_03_00327,0,non_landslide,65_25,1,65.07283628751298,25.49531065741717,raster-matched control,conventional_alphaearth_embeddings,Conventional + AlphaEarth Embeddings,0.12040155837775918,0.31275142952145935,0
303,RMC_03_00207,0,non_landslide,69_31,2,69.43415699191327,31.88457811571727,raster-matched control,conventional_alphaearth_embeddings,Conventional + AlphaEarth Embeddings,0.08853231608408546,0.5868831590132428,0
304,RMC_03_00693,0,non_landslide,73_34,2,73.38449845382887,34.15057841990876,raster-matched control,conventional_alphaearth_embeddings,Conventional + AlphaEarth Embeddings,0.15577261953105515,0.5868831590132428,0
305,CPEC_ROCKFALL_0571,1,rockfall,67_29,1,67.22205423775787,29.47260231769162,Balochistan,conventional_alphaearth_embeddings,Conventional + AlphaEarth Embeddings,0.9811534692690438,0.31275142952145935,1
306,CPEC_LANDSLIDE_0763,1,landslide,72_34,1,72.79610000040525,34.01807615854274,KP-AJK,conventional_alphaearth_embeddings,Conventional + AlphaEarth Embeddings,0.9792315931139982,0.31275142952145935,1
307,CPEC_ROCKFALL_0846,1,rockfall,74_36,2,74.3052738337419,36.30204555452194,Gilgit-Baltistan,conventional_alphaearth_embeddings,Conventional + AlphaEarth Embeddings,0.7168552105711724,0.5868831590132428,1
308,RMC_03_00238,0,non_landslide,77_39,1,77.75929388749094,39.875092567960415,raster-matched control,conventional_alphaearth_embeddings,Conventional + AlphaEarth Embeddings,0.1972953973042121,0.31275142952145935,0
309,RMC_03_00735,0,non_landslide,76_34,5,76.78462180422125,34.941095869933946,raster-matched control,conventional_alphaearth_embeddings,Conventional + AlphaEarth Embeddings,0.5330953852962149,0.28992385976630347,1
310,RMC_03_00924,0,non_landslide,71_35,2,71.73608990746955,35.502542922508646,raster-matched control,conventional_alphaearth_embeddings,Conventional + AlphaEarth Embeddings,0.11720252840548408,0.5868831590132428,0
311,RMC_03_01411,0,non_landslide,67_29,1,67.5027791310563,29.432177390070976,raster-matched control,conventional_alphaearth_embeddings,Conventional + AlphaEarth Embeddings,0.14727404157160542,0.31275142952145935,0
312,CPEC_ROCKFALL_0213,1,rockfall,65_26,3,65.67021572554187,26.270107154814166,Balochistan,conventional_alphaearth_embeddings,Conventional + AlphaEarth Embeddings,0.9896702788354654,0.37326188443582237,1
313,RMC_03_00583,0,non_landslide,75_39,4,75.55842144139811,39.92449990858699,raster-matched control,conventional_alphaearth_embeddings,Conventional + AlphaEarth Embeddings,0.13275916087725415,0.32933342149262645,0
314,RMC_03_00044,0,non_landslide,66_27,1,66.25636667434046,27.538977928789087,raster-matched control,conventional_alphaearth_embeddings,Conventional + AlphaEarth Embeddings,0.21364067423249122,0.31275142952145935,0
315,RMC_03_00770,0,non_landslide,73_35,4,73.74157877926638,35.65525652080896,raster-matched control,conventional_alphaearth_embeddings,Conventional + AlphaEarth Embeddings,0.06509287771222547,0.32933342149262645,0
316,RMC_03_00938,0,non_landslide,74_38,1,74.50739255897827,38.83978420301267,raster-matched control,conventional_alphaearth_embeddings,Conventional + AlphaEarth Embeddings,0.46609034574098873,0.31275142952145935,1
317,CPEC_LANDSLIDE_0147,1,landslide,74_36,2,74.85773415875857,36.33572960387967,Gilgit-Baltistan,conventional_alphaearth_embeddings,Conventional + AlphaEarth Embeddings,0.27120332467821556,0.5868831590132428,0
318,RMC_03_00875,0,non_landslide,74_36,2,74.67133509833008,36.30653510179562,raster-matched control,conventional_alphaearth_embeddings,Conventional + AlphaEarth Embeddings,0.13933699496963184,0.5868831590132428,0
319,CPEC_ROCKFALL_0087,1,rockfall,65_27,5,65.64551230570576,27.15045855759388,Balochistan,conventional_alphaearth_embeddings,Conventional + AlphaEarth Embeddings,0.9834049021347158,0.28992385976630347,1
320,CPEC_ROCKFALL_0572,1,rockfall,67_29,1,67.22205423775787,29.47035493076068,Balochistan,conventional_alphaearth_embeddings,Conventional + AlphaEarth Embeddings,0.9670938806464496,0.31275142952145935,1
321,CPEC_ROCKFALL_0412,1,rockfall,67_26,5,67.18163248670838,26.822571938931887,Punjab-Sindh lowland corridor,conventional_alphaearth_embeddings,Conventional + AlphaEarth Embeddings,0.9630426448046002,0.28992385976630347,1
322,RMC_03_01334,0,non_landslide,75_37,5,75.26197739763866,37.91451946036956,raster-matched control,conventional_alphaearth_embeddings,Conventional + AlphaEarth Embeddings,0.2379970197319158,0.28992385976630347,0
323,RMC_03_01111,0,non_landslide,75_39,4,75.89753546115323,39.57191115957008,raster-matched control,conventional_alphaearth_embeddings,Conventional + AlphaEarth Embeddings,0.09052651197266563,0.32933342149262645,0
324,RMC_03_01295,0,non_landslide,73_35,4,73.64276409801323,35.507034498929244,raster-matched control,conventional_alphaearth_embeddings,Conventional + AlphaEarth Embeddings,0.15923640864230304,0.32933342149262645,0
325,CPEC_ROCKFALL_0468,1,rockfall,69_29,3,69.16466161169157,29.0728528264523,Balochistan,conventional_alphaearth_embeddings,Conventional + AlphaEarth Embeddings,0.9798595676192603,0.37326188443582237,1
326,RMC_03_00149,0,non_landslide,75_34,4,75.54943828855691,34.8400354004705,raster-matched control,conventional_alphaearth_embeddings,Conventional + AlphaEarth Embeddings,0.23629033126608315,0.32933342149262645,0
327,RMC_03_01364,0,non_landslide,77_37,2,77.81543859274841,37.75282270922804,raster-matched control,conventional_alphaearth_embeddings,Conventional + AlphaEarth Embeddings,0.14340620494974987,0.5868831590132428,0
328,CPEC_LANDSLIDE_1074,1,landslide,74_36,2,74.79709930263384,36.18526169793218,Gilgit-Baltistan,conventional_alphaearth_embeddings,Conventional + AlphaEarth Embeddings,0.1668767721308483,0.5868831590132428,0
329,CPEC_LANDSLIDE_0218,1,landslide,74_35,5,74.20645569529648,35.95619321771562,Gilgit-Baltistan,conventional_alphaearth_embeddings,Conventional + AlphaEarth Embeddings,0.8413404281464908,0.28992385976630347,1
330,CPEC_LANDSLIDE_0968,1,landslide,75_35,1,75.78300208644966,35.30041998039165,Gilgit-Baltistan,conventional_alphaearth_embeddings,Conventional + AlphaEarth Embeddings,0.5986195253815929,0.31275142952145935,1
331,CPEC_LANDSLIDE_0575,1,landslide,74_38,1,74.97451801534832,38.77690014839705,"Kashgar (Xinjiang, China)",conventional_alphaearth_embeddings,Conventional + AlphaEarth Embeddings,0.7952726890914471,0.31275142952145935,1
332,RMC_03_00792,0,non_landslide,63_26,1,63.9319758766812,26.06798665104337,raster-matched control,conventional_alphaearth_embeddings,Conventional + AlphaEarth Embeddings,0.11295458402701028,0.31275142952145935,0
333,CPEC_ROCKFALL_0713,1,rockfall,71_33,3,71.3655356595398,33.44540272845079,KP-AJK,conventional_alphaearth_embeddings,Conventional + AlphaEarth Embeddings,0.9812699960407907,0.37326188443582237,1
334,CPEC_LANDSLIDE_0671,1,landslide,66_25,2,66.05648981339765,25.495311592171618,Balochistan,conventional_alphaearth_embeddings,Conventional + AlphaEarth Embeddings,0.5124514798255436,0.5868831590132428,0
335,CPEC_ROCKFALL_0796,1,rockfall,76_35,2,76.11313163294152,35.194868599355544,Gilgit-Baltistan,conventional_alphaearth_embeddings,Conventional + AlphaEarth Embeddings,0.944260115445588,0.5868831590132428,1
336,CPEC_ROCKFALL_0403,1,rockfall,67_25,3,67.92498692782308,25.879338293096488,Punjab-Sindh lowland corridor,conventional_alphaearth_embeddings,Conventional + AlphaEarth Embeddings,0.9850752526131298,0.37326188443582237,1
337,CPEC_LANDSLIDE_0229,1,landslide,74_35,5,74.50963889412238,35.85064183667951,Gilgit-Baltistan,conventional_alphaearth_embeddings,Conventional + AlphaEarth Embeddings,0.9774986731953529,0.28992385976630347,1
338,RMC_03_00060,0,non_landslide,66_27,1,66.90989104353741,27.05837925178514,raster-matched control,conventional_alphaearth_embeddings,Conventional + AlphaEarth Embeddings,0.11708551638145412,0.31275142952145935,0
339,CPEC_LANDSLIDE_0186,1,landslide,74_36,2,74.35243328648315,36.245901013158,Gilgit-Baltistan,conventional_alphaearth_embeddings,Conventional + AlphaEarth Embeddings,0.49699083003702854,0.5868831590132428,0
340,CPEC_ROCKFALL_0520,1,rockfall,67_29,1,67.88231778984266,29.681457692832915,Balochistan,conventional_alphaearth_embeddings,Conventional + AlphaEarth Embeddings,0.9609335695687772,0.31275142952145935,1
341,RMC_03_01255,0,non_landslide,72_33,4,72.98025657597508,33.86536331720082,raster-matched control,conventional_alphaearth_embeddings,Conventional + AlphaEarth Embeddings,0.08243010326656075,0.32933342149262645,0
342,CPEC_LANDSLIDE_0378,1,landslide,75_38,2,75.03740025840402,38.43778997238355,"Kashgar (Xinjiang, China)",conventional_alphaearth_embeddings,Conventional + AlphaEarth Embeddings,0.9946573922319679,0.5868831590132428,1
343,RMC_03_00812,0,non_landslide,67_26,5,67.05811306541713,26.91689459453632,raster-matched control,conventional_alphaearth_embeddings,Conventional + AlphaEarth Embeddings,0.11404789159799031,0.28992385976630347,0
344,CPEC_ROCKFALL_0101,1,rockfall,65_27,5,65.82517394625015,27.46486531377129,Balochistan,conventional_alphaearth_embeddings,Conventional + AlphaEarth Embeddings,0.9860165201276476,0.28992385976630347,1
345,CPEC_LANDSLIDE_0584,1,landslide,74_38,1,74.956552297204,38.68033385598361,"Kashgar (Xinjiang, China)",conventional_alphaearth_embeddings,Conventional + AlphaEarth Embeddings,0.936841660733223,0.31275142952145935,1
346,CPEC_ROCKFALL_0455,1,rockfall,69_28,1,69.1826273298359,28.85725529051819,Balochistan,conventional_alphaearth_embeddings,Conventional + AlphaEarth Embeddings,0.27257774429051185,0.31275142952145935,0
347,RMC_03_00417,0,non_landslide,74_36,2,74.85548973157458,36.76692168490687,raster-matched control,conventional_alphaearth_embeddings,Conventional + AlphaEarth Embeddings,0.08881124129309485,0.5868831590132428,0
348,CPEC_ROCKFALL_0195,1,rockfall,63_26,1,63.14370244596258,26.180274104991447,Balochistan,conventional_alphaearth_embeddings,Conventional + AlphaEarth Embeddings,0.40495247223366243,0.31275142952145935,1
349,CPEC_ROCKFALL_0861,1,rockfall,74_35,5,74.18399966239133,35.39923811883706,Gilgit-Baltistan,conventional_alphaearth_embeddings,Conventional + AlphaEarth Embeddings,0.9844843139168764,0.28992385976630347,1
350,CPEC_ROCKFALL_0303,1,rockfall,66_27,1,66.53933465276793,27.640036639554857,Balochistan,conventional_alphaearth_embeddings,Conventional + AlphaEarth Embeddings,0.9798123679891448,0.31275142952145935,1
351,CPEC_LANDSLIDE_0115,1,landslide,74_36,2,74.83976844061424,36.74671157067261,Gilgit-Baltistan,conventional_alphaearth_embeddings,Conventional + AlphaEarth Embeddings,0.9706396579173553,0.5868831590132428,1
352,RMC_03_00601,0,non_landslide,74_35,5,74.437773124459,35.42394033514819,raster-matched control,conventional_alphaearth_embeddings,Conventional + AlphaEarth Embeddings,0.820764763447924,0.28992385976630347,1
353,CPEC_LANDSLIDE_0478,1,landslide,75_38,2,75.07333169469268,38.74321609903932,"Kashgar (Xinjiang, China)",conventional_alphaearth_embeddings,Conventional + AlphaEarth Embeddings,0.7031099050249979,0.5868831590132428,1
354,CPEC_ROCKFALL_0283,1,rockfall,66_27,1,66.28780568054516,27.1931276955743,Balochistan,conventional_alphaearth_embeddings,Conventional + AlphaEarth Embeddings,0.9788917580720299,0.31275142952145935,1
355,CPEC_ROCKFALL_0476,1,rockfall,69_29,3,69.1444485066163,29.099799174118274,Balochistan,conventional_alphaearth_embeddings,Conventional + AlphaEarth Embeddings,0.9804871530049205,0.37326188443582237,1
356,CPEC_ROCKFALL_0566,1,rockfall,67_29,1,67.2243016246888,29.481582947213266,Balochistan,conventional_alphaearth_embeddings,Conventional + AlphaEarth Embeddings,0.9748504864791918,0.31275142952145935,1
357,RMC_03_00107,0,non_landslide,75_35,1,75.43490308983168,35.41720297051729,raster-matched control,conventional_alphaearth_embeddings,Conventional + AlphaEarth Embeddings,0.11510218217032525,0.31275142952145935,0
358,CPEC_ROCKFALL_0896,1,rockfall,75_38,2,75.20133910863396,38.7679195188754,"Kashgar (Xinjiang, China)",conventional_alphaearth_embeddings,Conventional + AlphaEarth Embeddings,0.9606827993678375,0.5868831590132428,1
359,CPEC_LANDSLIDE_0741,1,landslide,69_30,5,69.16017129693074,30.44952001288476,Balochistan,conventional_alphaearth_embeddings,Conventional + AlphaEarth Embeddings,0.17027834225879557,0.28992385976630347,0
360,RMC_03_00865,0,non_landslide,75_40,1,75.47308148940675,40.02780616626073,raster-matched control,conventional_alphaearth_embeddings,Conventional + AlphaEarth Embeddings,0.20831560149140932,0.31275142952145935,0
361,CPEC_ROCKFALL_0848,1,rockfall,74_36,2,74.30302644681096,36.30428848235181,Gilgit-Baltistan,conventional_alphaearth_embeddings,Conventional + AlphaEarth Embeddings,0.6973063052043301,0.5868831590132428,1
362,CPEC_ROCKFALL_0627,1,rockfall,67_30,3,67.19510789009189,30.27883900186201,Balochistan,conventional_alphaearth_embeddings,Conventional + AlphaEarth Embeddings,0.0781228311153485,0.37326188443582237,0
363,RMC_03_00400,0,non_landslide,73_33,5,73.47882155866141,33.95744063382307,raster-matched control,conventional_alphaearth_embeddings,Conventional + AlphaEarth Embeddings,0.13337676576471685,0.28992385976630347,0
364,RMC_03_00402,0,non_landslide,73_35,4,73.89653816577699,35.38576193557311,raster-matched control,conventional_alphaearth_embeddings,Conventional + AlphaEarth Embeddings,0.08400739189989564,0.32933342149262645,0
365,CPEC_LANDSLIDE_0374,1,landslide,74_38,1,74.98349864486997,38.37715065715772,"Kashgar (Xinjiang, China)",conventional_alphaearth_embeddings,Conventional + AlphaEarth Embeddings,0.9736950079871708,0.31275142952145935,1
366,RMC_03_00644,0,non_landslide,74_36,2,74.28955110257928,36.1605588681262,raster-matched control,conventional_alphaearth_embeddings,Conventional + AlphaEarth Embeddings,0.11622072145715583,0.5868831590132428,0
367,RMC_03_00026,0,non_landslide,75_37,5,75.46185254835525,37.209341962335735,raster-matched control,conventional_alphaearth_embeddings,Conventional + AlphaEarth Embeddings,0.7909316961310177,0.28992385976630347,1
368,RMC_03_00579,0,non_landslide,75_40,1,75.42142836056988,40.0861966597285,raster-matched control,conventional_alphaearth_embeddings,Conventional + AlphaEarth Embeddings,0.168984585248731,0.31275142952145935,0
369,RMC_03_01330,0,non_landslide,75_37,5,75.26422318584896,37.91676524857986,raster-matched control,conventional_alphaearth_embeddings,Conventional + AlphaEarth Embeddings,0.1750999860259111,0.28992385976630347,0
370,RMC_03_00662,0,non_landslide,67_29,1,67.61731432978154,29.50179682459024,raster-matched control,conventional_alphaearth_embeddings,Conventional + AlphaEarth Embeddings,0.15771692241683197,0.31275142952145935,0
371,RMC_03_01276,0,non_landslide,74_35,5,74.76116662674204,35.76080856669301,raster-matched control,conventional_alphaearth_embeddings,Conventional + AlphaEarth Embeddings,0.8393706178481005,0.28992385976630347,1
372,CPEC_ROCKFALL_0629,1,rockfall,67_30,3,67.20184559178365,30.281086388792943,Balochistan,conventional_alphaearth_embeddings,Conventional + AlphaEarth Embeddings,0.15340238502763656,0.37326188443582237,0
373,CPEC_ROCKFALL_0546,1,rockfall,67_29,1,67.70040876236733,29.58938171518032,Balochistan,conventional_alphaearth_embeddings,Conventional + AlphaEarth Embeddings,0.9427736592812697,0.31275142952145935,1
374,RMC_03_00304,0,non_landslide,65_27,5,65.51750235315215,27.008971911158568,raster-matched control,conventional_alphaearth_embeddings,Conventional + AlphaEarth Embeddings,0.1951482550891557,0.28992385976630347,0
375,RMC_03_00909,0,non_landslide,75_39,4,75.5741419588702,39.19237295202958,raster-matched control,conventional_alphaearth_embeddings,Conventional + AlphaEarth Embeddings,0.09361122373391796,0.32933342149262645,0
376,CPEC_ROCKFALL_0297,1,rockfall,66_27,1,66.48094718357412,27.574911468669274,Balochistan,conventional_alphaearth_embeddings,Conventional + AlphaEarth Embeddings,0.9318891690402866,0.31275142952145935,1
377,CPEC_LANDSLIDE_0729,1,landslide,69_30,5,69.12199247371115,30.923379763632344,Balochistan,conventional_alphaearth_embeddings,Conventional + AlphaEarth Embeddings,0.9805076906593998,0.28992385976630347,1
378,RMC_03_00903,0,non_landslide,75_38,2,75.49778515972004,38.91164942574223,raster-matched control,conventional_alphaearth_embeddings,Conventional + AlphaEarth Embeddings,0.11963592462076822,0.5868831590132428,0
379,CPEC_LANDSLIDE_0696,1,landslide,66_27,1,66.55505744308238,27.613090291888884,Balochistan,conventional_alphaearth_embeddings,Conventional + AlphaEarth Embeddings,0.9858560952146574,0.31275142952145935,1
380,RMC_03_01098,0,non_landslide,67_30,3,67.327607650653,30.094684912109123,raster-matched control,conventional_alphaearth_embeddings,Conventional + AlphaEarth Embeddings,0.388801814683217,0.37326188443582237,1
381,RMC_03_01215,0,non_landslide,68_29,2,68.63016481262629,29.14022492273213,raster-matched control,conventional_alphaearth_embeddings,Conventional + AlphaEarth Embeddings,0.09395138296780697,0.5868831590132428,0
382,CPEC_ROCKFALL_0839,1,rockfall,74_35,5,74.20645569529648,35.96293091940737,Gilgit-Baltistan,conventional_alphaearth_embeddings,Conventional + AlphaEarth Embeddings,0.937810147065255,0.28992385976630347,1
383,RMC_03_00656,0,non_landslide,63_26,1,63.57264976303339,26.034299827888887,raster-matched control,conventional_alphaearth_embeddings,Conventional + AlphaEarth Embeddings,0.161263318840025,0.31275142952145935,0
384,CPEC_LANDSLIDE_0442,1,landslide,74_38,1,74.97227062841739,38.6376647180032,"Kashgar (Xinjiang, China)",conventional_alphaearth_embeddings,Conventional + AlphaEarth Embeddings,0.9882210555272217,0.31275142952145935,1
385,RMC_03_01325,0,non_landslide,74_38,1,74.96777914208953,38.64664641692697,raster-matched control,conventional_alphaearth_embeddings,Conventional + AlphaEarth Embeddings,0.06665191803101615,0.31275142952145935,0
386,CPEC_LANDSLIDE_0961,1,landslide,75_35,1,75.47083379900107,35.410466135289646,Gilgit-Baltistan,conventional_alphaearth_embeddings,Conventional + AlphaEarth Embeddings,0.9008434085907095,0.31275142952145935,1
387,RMC_03_00727,0,non_landslide,76_35,2,76.06147800050503,35.66873125007076,raster-matched control,conventional_alphaearth_embeddings,Conventional + AlphaEarth Embeddings,0.4704243766983073,0.5868831590132428,0
388,CPEC_LANDSLIDE_0715,1,landslide,67_29,1,67.93172462951483,29.706165571770057,Balochistan,conventional_alphaearth_embeddings,Conventional + AlphaEarth Embeddings,0.9762858942319175,0.31275142952145935,1
389,RMC_03_01490,0,non_landslide,66_27,1,66.60895542335737,27.786014631921955,raster-matched control,conventional_alphaearth_embeddings,Conventional + AlphaEarth Embeddings,0.07054820024798279,0.31275142952145935,0
390,RMC_03_00321,0,non_landslide,62_26,5,62.98649904014541,26.117393991669942,raster-matched control,conventional_alphaearth_embeddings,Conventional + AlphaEarth Embeddings,0.17088406208114681,0.28992385976630347,0
391,RMC_03_00717,0,non_landslide,73_34,2,73.44962631192753,34.42456458156522,raster-matched control,conventional_alphaearth_embeddings,Conventional + AlphaEarth Embeddings,0.10444831799968138,0.5868831590132428,0
392,CPEC_ROCKFALL_0432,1,rockfall,70_29,4,70.02929022415682,29.53548456074731,Punjab-Sindh lowland corridor,conventional_alphaearth_embeddings,Conventional + AlphaEarth Embeddings,0.850173409451983,0.32933342149262645,1
393,CPEC_LANDSLIDE_0596,1,landslide,67_28,4,67.41070096692495,28.039790589895222,Balochistan,conventional_alphaearth_embeddings,Conventional + AlphaEarth Embeddings,0.9537569194037032,0.32933342149262645,1
394,CPEC_ROCKFALL_0299,1,rockfall,66_27,1,66.48543749833493,27.579401783430097,Balochistan,conventional_alphaearth_embeddings,Conventional + AlphaEarth Embeddings,0.9781881599609303,0.31275142952145935,1
395,CPEC_LANDSLIDE_0874,1,landslide,73_34,2,73.49005206094881,34.375156511801634,KP-AJK,conventional_alphaearth_embeddings,Conventional + AlphaEarth Embeddings,0.132173817594816,0.5868831590132428,0
396,RMC_03_01195,0,non_landslide,68_29,2,68.4347812383303,29.05488497074078,raster-matched control,conventional_alphaearth_embeddings,Conventional + AlphaEarth Embeddings,0.19889081494181277,0.5868831590132428,0
397,RMC_03_01349,0,non_landslide,76_36,4,76.84301229768903,36.400858206628165,raster-matched control,conventional_alphaearth_embeddings,Conventional + AlphaEarth Embeddings,0.5821563858682955,0.32933342149262645,1
398,CPEC_LANDSLIDE_0867,1,landslide,73_34,2,73.45861093942096,34.40210731856866,KP-AJK,conventional_alphaearth_embeddings,Conventional + AlphaEarth Embeddings,0.38220979837151675,0.5868831590132428,0
399,RMC_03_00144,0,non_landslide,66_29,5,66.0138215476282,29.08183442926436,raster-matched control,conventional_alphaearth_embeddings,Conventional + AlphaEarth Embeddings,0.10525066057039134,0.28992385976630347,0
400,RMC_03_00728,0,non_landslide,71_35,2,71.89104929398016,35.956192140989,raster-matched control,conventional_alphaearth_embeddings,Conventional + AlphaEarth Embeddings,0.07684688662968912,0.5868831590132428,0
401,CPEC_LANDSLIDE_0986,1,landslide,75_35,1,75.85486495902698,35.30491475425353,Gilgit-Baltistan,conventional_alphaearth_embeddings,Conventional + AlphaEarth Embeddings,0.4412594610687857,0.31275142952145935,1
402,CPEC_ROCKFALL_0084,1,rockfall,65_27,5,65.638774604014,27.148211170662936,Balochistan,conventional_alphaearth_embeddings,Conventional + AlphaEarth Embeddings,0.8956511123884229,0.28992385976630347,1
403,CPEC_ROCKFALL_0458,1,rockfall,69_28,1,69.1826273298359,28.863992992209944,Balochistan,conventional_alphaearth_embeddings,Conventional + AlphaEarth Embeddings,0.9796927785055186,0.31275142952145935,1
404,RMC_03_00530,0,non_landslide,74_36,2,74.30302583184107,36.18750832664978,raster-matched control,conventional_alphaearth_embeddings,Conventional + AlphaEarth Embeddings,0.06987370194217221,0.5868831590132428,0
405,CPEC_ROCKFALL_0907,1,rockfall,75_38,2,75.40121831335466,38.81507897161664,"Kashgar (Xinjiang, China)",conventional_alphaearth_embeddings,Conventional + AlphaEarth Embeddings,0.9840066701878185,0.5868831590132428,1
406,RMC_03_00608,0,non_landslide,74_35,5,74.41531524235602,35.4059740294658,raster-matched control,conventional_alphaearth_embeddings,Conventional + AlphaEarth Embeddings,0.48017839064480794,0.28992385976630347,1
407,RMC_03_01471,0,non_landslide,69_32,4,69.89005199860392,32.25737895862687,raster-matched control,conventional_alphaearth_embeddings,Conventional + AlphaEarth Embeddings,0.0654692961167287,0.32933342149262645,0
408,RMC_03_00246,0,non_landslide,66_26,4,66.57526860020289,26.595746880463587,raster-matched control,conventional_alphaearth_embeddings,Conventional + AlphaEarth Embeddings,0.10532944759988688,0.32933342149262645,0
409,RMC_03_00220,0,non_landslide,73_35,4,73.90552131861818,35.47783925219536,raster-matched control,conventional_alphaearth_embeddings,Conventional + AlphaEarth Embeddings,0.39220190695699303,0.32933342149262645,1
410,CPEC_LANDSLIDE_0440,1,landslide,74_38,1,74.98799341873183,38.5905008061609,"Kashgar (Xinjiang, China)",conventional_alphaearth_embeddings,Conventional + AlphaEarth Embeddings,0.9642640394711233,0.31275142952145935,1
411,CPEC_LANDSLIDE_0362,1,landslide,75_38,2,75.20133910863396,38.100918265098855,"Kashgar (Xinjiang, China)",conventional_alphaearth_embeddings,Conventional + AlphaEarth Embeddings,0.09622359795006294,0.5868831590132428,0
412,CPEC_LANDSLIDE_0955,1,landslide,75_35,1,75.36303949013507,35.48232900786697,Gilgit-Baltistan,conventional_alphaearth_embeddings,Conventional + AlphaEarth Embeddings,0.9743805746638063,0.31275142952145935,1
413,CPEC_ROCKFALL_0073,1,rockfall,63_26,1,63.961171605686594,26.07697011088626,Balochistan,conventional_alphaearth_embeddings,Conventional + AlphaEarth Embeddings,0.9836568304369212,0.31275142952145935,1
414,RMC_03_00576,0,non_landslide,75_38,2,75.06210224692207,38.74096952175952,raster-matched control,conventional_alphaearth_embeddings,Conventional + AlphaEarth Embeddings,0.38089559440854054,0.5868831590132428,0
415,CPEC_LANDSLIDE_0958,1,landslide,75_35,1,75.37651043441753,35.4711009914144,Gilgit-Baltistan,conventional_alphaearth_embeddings,Conventional + AlphaEarth Embeddings,0.9681708244649865,0.31275142952145935,1
416,CPEC_LANDSLIDE_0703,1,landslide,66_25,2,66.85599325497734,25.064120979404453,Balochistan,conventional_alphaearth_embeddings,Conventional + AlphaEarth Embeddings,0.30157488542271615,0.5868831590132428,0
417,CPEC_ROCKFALL_0331,1,rockfall,66_25,2,66.8537458680464,25.059626205542585,Balochistan,conventional_alphaearth_embeddings,Conventional + AlphaEarth Embeddings,0.9787587670785702,0.5868831590132428,1
418,RMC_03_01120,0,non_landslide,71_33,3,71.74507306031074,33.49705405071181,raster-matched control,conventional_alphaearth_embeddings,Conventional + AlphaEarth Embeddings,0.08281693078489097,0.37326188443582237,0
419,RMC_03_01457,0,non_landslide,65_28,2,65.03690367614821,28.812339844028507,raster-matched control,conventional_alphaearth_embeddings,Conventional + AlphaEarth Embeddings,0.8914444981640206,0.5868831590132428,1
420,RMC_03_00039,0,non_landslide,71_35,2,71.8236756476712,35.63279863870598,raster-matched control,conventional_alphaearth_embeddings,Conventional + AlphaEarth Embeddings,0.05914692751711621,0.5868831590132428,0
421,CPEC_ROCKFALL_0319,1,rockfall,66_28,3,66.35742562529262,28.156569987383925,Balochistan,conventional_alphaearth_embeddings,Conventional + AlphaEarth Embeddings,0.9512565019533522,0.37326188443582237,1
422,CPEC_ROCKFALL_0948,1,rockfall,75_38,2,75.50676969439078,38.94758115941979,"Kashgar (Xinjiang, China)",conventional_alphaearth_embeddings,Conventional + AlphaEarth Embeddings,0.9854719143611138,0.5868831590132428,1
423,CPEC_LANDSLIDE_0996,1,landslide,75_35,1,75.89753409700741,35.226309720883386,Gilgit-Baltistan,conventional_alphaearth_embeddings,Conventional + AlphaEarth Embeddings,0.8469809298123568,0.31275142952145935,1
424,RMC_03_00445,0,non_landslide,74_36,2,74.89366813114967,36.30653510179562,raster-matched control,conventional_alphaearth_embeddings,Conventional + AlphaEarth Embeddings,0.25902569865049835,0.5868831590132428,0
425,CPEC_ROCKFALL_0623,1,rockfall,67_30,3,67.20857883437435,30.272101300170256,Balochistan,conventional_alphaearth_embeddings,Conventional + AlphaEarth Embeddings,0.8875146971618354,0.37326188443582237,1
426,RMC_03_00653,0,non_landslide,77_36,5,77.4650956319418,36.43454502978265,raster-matched control,conventional_alphaearth_embeddings,Conventional + AlphaEarth Embeddings,0.0407813136369491,0.28992385976630347,0
427,RMC_03_00623,0,non_landslide,74_36,2,74.47819731224438,36.257127761169045,raster-matched control,conventional_alphaearth_embeddings,Conventional + AlphaEarth Embeddings,0.280470388155459,0.5868831590132428,0
428,RMC_03_00076,0,non_landslide,74_35,5,74.6219277577035,35.75631699027241,raster-matched control,conventional_alphaearth_embeddings,Conventional + AlphaEarth Embeddings,0.3812273186801554,0.28992385976630347,1
429,CPEC_LANDSLIDE_0126,1,landslide,74_36,2,74.85324384399776,36.60522429424677,Gilgit-Baltistan,conventional_alphaearth_embeddings,Conventional + AlphaEarth Embeddings,0.6782137163125417,0.5868831590132428,1
430,CPEC_LANDSLIDE_0859,1,landslide,73_34,2,73.44513553603745,34.4043547054996,KP-AJK,conventional_alphaearth_embeddings,Conventional + AlphaEarth Embeddings,0.146077273908723,0.5868831590132428,0
431,RMC_03_00094,0,non_landslide,66_27,1,66.59323490588528,27.92974507738108,raster-matched control,conventional_alphaearth_embeddings,Conventional + AlphaEarth Embeddings,0.3341699694390349,0.31275142952145935,1
432,CPEC_ROCKFALL_0389,1,rockfall,66_29,5,66.53259695107617,29.3198870248132,Balochistan,conventional_alphaearth_embeddings,Conventional + AlphaEarth Embeddings,0.9860264526410434,0.28992385976630347,1
433,RMC_03_00292,0,non_landslide,65_26,3,65.46584922431528,26.9483356294805,raster-matched control,conventional_alphaearth_embeddings,Conventional + AlphaEarth Embeddings,0.07900428003374724,0.37326188443582237,0
434,CPEC_LANDSLIDE_0292,1,landslide,73_35,4,73.2452607904178,35.45538266020101,KP-AJK,conventional_alphaearth_embeddings,Conventional + AlphaEarth Embeddings,0.8695557184919045,0.32933342149262645,1
435,CPEC_ROCKFALL_0932,1,rockfall,75_38,2,75.49553721883716,38.8981743197476,"Kashgar (Xinjiang, China)",conventional_alphaearth_embeddings,Conventional + AlphaEarth Embeddings,0.9721263682296575,0.5868831590132428,1
436,RMC_03_00251,0,non_landslide,67_27,2,67.08057094752012,27.067362404626337,raster-matched control,conventional_alphaearth_embeddings,Conventional + AlphaEarth Embeddings,0.1026522363071064,0.5868831590132428,0
437,RMC_03_00590,0,non_landslide,75_38,2,75.3787583845742,38.80385159164789,raster-matched control,conventional_alphaearth_embeddings,Conventional + AlphaEarth Embeddings,0.09425174609035376,0.5868831590132428,0
438,RMC_03_01305,0,non_landslide,74_35,5,74.6241735459138,35.720384378907625,raster-matched control,conventional_alphaearth_embeddings,Conventional + AlphaEarth Embeddings,0.040037709132787584,0.28992385976630347,0
439,CPEC_LANDSLIDE_0205,1,landslide,74_36,2,74.27832302697487,36.11115143842392,Gilgit-Baltistan,conventional_alphaearth_embeddings,Conventional + AlphaEarth Embeddings,0.10193903830945968,0.5868831590132428,0
440,CPEC_LANDSLIDE_0479,1,landslide,75_38,2,75.07557908162362,38.74321609903932,"Kashgar (Xinjiang, China)",conventional_alphaearth_embeddings,Conventional + AlphaEarth Embeddings,0.9770414769111015,0.5868831590132428,1
441,CPEC_ROCKFALL_0311,1,rockfall,66_27,1,66.56179514477414,27.59961488850537,Balochistan,conventional_alphaearth_embeddings,Conventional + AlphaEarth Embeddings,0.9823215329216681,0.31275142952145935,1
442,RMC_03_01243,0,non_landslide,68_30,4,68.83453153976349,30.730242975623685,raster-matched control,conventional_alphaearth_embeddings,Conventional + AlphaEarth Embeddings,0.08514264980808971,0.32933342149262645,0
443,CPEC_ROCKFALL_0515,1,rockfall,67_29,1,67.88231778984266,29.676967378072103,Balochistan,conventional_alphaearth_embeddings,Conventional + AlphaEarth Embeddings,0.8002565103792372,0.31275142952145935,1
444,CPEC_ROCKFALL_0353,1,rockfall,66_27,1,66.49891290171844,27.774786214288937,Balochistan,conventional_alphaearth_embeddings,Conventional + AlphaEarth Embeddings,0.9787059404418731,0.31275142952145935,1
445,CPEC_ROCKFALL_0879,1,rockfall,74_38,1,74.9385821199586,38.28282729257419,"Kashgar (Xinjiang, China)",conventional_alphaearth_embeddings,Conventional + AlphaEarth Embeddings,0.9828108572131877,0.31275142952145935,1
446,RMC_03_01377,0,non_landslide,70_32,5,70.11912239605441,32.34496469882853,raster-matched control,conventional_alphaearth_embeddings,Conventional + AlphaEarth Embeddings,0.08013870835646748,0.28992385976630347,0
447,RMC_03_00252,0,non_landslide,66_27,1,66.08344098214745,27.85563406644122,raster-matched control,conventional_alphaearth_embeddings,Conventional + AlphaEarth Embeddings,0.10463502332863914,0.31275142952145935,0
448,RMC_03_01049,0,non_landslide,67_26,5,67.06260464183774,26.80909676044197,raster-matched control,conventional_alphaearth_embeddings,Conventional + AlphaEarth Embeddings,0.10747973680637668,0.28992385976630347,0
449,RMC_03_00069,0,non_landslide,70_31,3,70.00458719732916,31.35906367450735,raster-matched control,conventional_alphaearth_embeddings,Conventional + AlphaEarth Embeddings,0.5308611640866027,0.37326188443582237,1
450,CPEC_ROCKFALL_0431,1,rockfall,70_29,4,70.02704729632694,29.52874685905556,Punjab-Sindh lowland corridor,conventional_alphaearth_embeddings,Conventional + AlphaEarth Embeddings,0.9631662746344978,0.32933342149262645,1
451,CPEC_ROCKFALL_0501,1,rockfall,68_29,2,68.5178734629903,29.32662472650496,Balochistan,conventional_alphaearth_embeddings,Conventional + AlphaEarth Embeddings,0.9761288393504689,0.5868831590132428,1
452,CPEC_LANDSLIDE_0360,1,landslide,75_37,5,75.48655658931551,37.83142357473175,"Kashgar (Xinjiang, China)",conventional_alphaearth_embeddings,Conventional + AlphaEarth Embeddings,0.9201985918888791,0.28992385976630347,1
453,CPEC_ROCKFALL_0465,1,rockfall,69_28,1,69.17364670031426,28.863992992209944,Balochistan,conventional_alphaearth_embeddings,Conventional + AlphaEarth Embeddings,0.9647549423960337,0.31275142952145935,1
454,RMC_03_00862,0,non_landslide,75_40,1,75.3787583845742,40.50391326684408,raster-matched control,conventional_alphaearth_embeddings,Conventional + AlphaEarth Embeddings,0.1360865427354532,0.31275142952145935,0
455,RMC_03_00441,0,non_landslide,75_36,3,75.06434803513237,36.86124478973942,raster-matched control,conventional_alphaearth_embeddings,Conventional + AlphaEarth Embeddings,0.038872202277595864,0.37326188443582237,0
456,CPEC_ROCKFALL_0639,1,rockfall,68_29,2,68.07994514853138,29.955447157061897,Balochistan,conventional_alphaearth_embeddings,Conventional + AlphaEarth Embeddings,0.9788858402192986,0.5868831590132428,1
457,CPEC_LANDSLIDE_0342,1,landslide,75_37,5,75.2170618989484,37.9010435194792,"Kashgar (Xinjiang, China)",conventional_alphaearth_embeddings,Conventional + AlphaEarth Embeddings,0.9860570945753154,0.28992385976630347,1
458,CPEC_ROCKFALL_0522,1,rockfall,67_29,1,67.89354580629524,29.688195394524666,Balochistan,conventional_alphaearth_embeddings,Conventional + AlphaEarth Embeddings,0.2185848016042961,0.31275142952145935,0
459,RMC_03_00085,0,non_landslide,72_34,1,72.77588984883789,34.02032270371144,raster-matched control,conventional_alphaearth_embeddings,Conventional + AlphaEarth Embeddings,0.09037224440992844,0.31275142952145935,0
460,CPEC_LANDSLIDE_0470,1,landslide,75_38,2,75.05985629130917,38.729740695655785,"Kashgar (Xinjiang, China)",conventional_alphaearth_embeddings,Conventional + AlphaEarth Embeddings,0.9580086226479428,0.5868831590132428,1
461,RMC_03_01291,0,non_landslide,74_35,5,74.30302583184107,35.99661632877438,raster-matched control,conventional_alphaearth_embeddings,Conventional + AlphaEarth Embeddings,0.22286923352971807,0.28992385976630347,0
462,CPEC_LANDSLIDE_0239,1,landslide,74_36,2,74.51188628105331,36.26835704606315,Gilgit-Baltistan,conventional_alphaearth_embeddings,Conventional + AlphaEarth Embeddings,0.9797775994356315,0.5868831590132428,1
463,CPEC_LANDSLIDE_0559,1,landslide,75_38,2,75.42592173319076,38.81507897161664,"Kashgar (Xinjiang, China)",conventional_alphaearth_embeddings,Conventional + AlphaEarth Embeddings,0.9846419815942516,0.5868831590132428,1
464,CPEC_LANDSLIDE_0532,1,landslide,75_38,2,75.33608868336803,38.82631144717027,"Kashgar (Xinjiang, China)",conventional_alphaearth_embeddings,Conventional + AlphaEarth Embeddings,0.9364143384386091,0.5868831590132428,1
465,RMC_03_01442,0,non_landslide,71_35,2,71.75854778957253,35.653010732598666,raster-matched control,conventional_alphaearth_embeddings,Conventional + AlphaEarth Embeddings,0.16776030556402294,0.5868831590132428,0
466,CPEC_ROCKFALL_0484,1,rockfall,68_29,2,68.70652019215738,29.407472687704985,Balochistan,conventional_alphaearth_embeddings,Conventional + AlphaEarth Embeddings,0.967831658592487,0.5868831590132428,1
467,CPEC_LANDSLIDE_0275,1,landslide,73_35,4,73.58212803860143,35.53623062140103,KP-AJK,conventional_alphaearth_embeddings,Conventional + AlphaEarth Embeddings,0.966625982181992,0.32933342149262645,1
468,RMC_03_00534,0,non_landslide,76_36,4,76.97775959030695,36.99599208235735,raster-matched control,conventional_alphaearth_embeddings,Conventional + AlphaEarth Embeddings,0.11913202205146212,0.32933342149262645,0
469,RMC_03_00030,0,non_landslide,75_37,5,75.17214586922671,37.90778209573866,raster-matched control,conventional_alphaearth_embeddings,Conventional + AlphaEarth Embeddings,0.6997895041059945,0.28992385976630347,1
470,RMC_03_01123,0,non_landslide,75_39,4,75.92673070788712,39.592123253462766,raster-matched control,conventional_alphaearth_embeddings,Conventional + AlphaEarth Embeddings,0.09304292298264366,0.32933342149262645,0
471,CPEC_LANDSLIDE_0242,1,landslide,74_35,5,74.60845257346674,35.74733338347327,Gilgit-Baltistan,conventional_alphaearth_embeddings,Conventional + AlphaEarth Embeddings,0.9712042512365263,0.28992385976630347,1
472,RMC_03_00211,0,non_landslide,69_31,2,69.3825038630764,31.635295624374105,raster-matched control,conventional_alphaearth_embeddings,Conventional + AlphaEarth Embeddings,0.08373656123218791,0.5868831590132428,0
473,RMC_03_00868,0,non_landslide,75_39,4,75.51125988898183,39.99636513131655,raster-matched control,conventional_alphaearth_embeddings,Conventional + AlphaEarth Embeddings,0.09636401400347684,0.32933342149262645,0
474,RMC_03_00337,0,non_landslide,66_26,4,66.49217443642183,26.87422461854064,raster-matched control,conventional_alphaearth_embeddings,Conventional + AlphaEarth Embeddings,0.30455646236743855,0.32933342149262645,0
475,CPEC_ROCKFALL_0496,1,rockfall,68_29,2,68.55156197144908,29.313149323121447,Balochistan,conventional_alphaearth_embeddings,Conventional + AlphaEarth Embeddings,0.9826399173715961,0.5868831590132428,1
476,CPEC_LANDSLIDE_0573,1,landslide,75_38,2,75.36977719182681,38.95656624804248,"Kashgar (Xinjiang, China)",conventional_alphaearth_embeddings,Conventional + AlphaEarth Embeddings,0.9447935006150285,0.5868831590132428,1
477,CPEC_ROCKFALL_0483,1,rockfall,68_29,2,68.70876757908832,29.407472687704985,Balochistan,conventional_alphaearth_embeddings,Conventional + AlphaEarth Embeddings,0.9469952352927968,0.5868831590132428,1
478,RMC_03_00746,0,non_landslide,73_34,2,73.5035252289747,34.34820778241506,raster-matched control,conventional_alphaearth_embeddings,Conventional + AlphaEarth Embeddings,0.1222924176861405,0.5868831590132428,0
479,RMC_03_01472,0,non_landslide,69_30,5,69.85861096365974,30.31028058029781,raster-matched control,conventional_alphaearth_embeddings,Conventional + AlphaEarth Embeddings,0.05977890299193271,0.28992385976630347,0
480,RMC_03_00433,0,non_landslide,74_36,2,74.97002493029981,36.79611693164075,raster-matched control,conventional_alphaearth_embeddings,Conventional + AlphaEarth Embeddings,0.6055939925644639,0.5868831590132428,1
481,RMC_03_00167,0,non_landslide,63_26,1,63.95892533520478,26.43180434111177,raster-matched control,conventional_alphaearth_embeddings,Conventional + AlphaEarth Embeddings,0.13880452872080815,0.31275142952145935,0
482,CPEC_ROCKFALL_0567,1,rockfall,67_29,1,67.2243016246888,29.47934001938337,Balochistan,conventional_alphaearth_embeddings,Conventional + AlphaEarth Embeddings,0.42432084911157275,0.31275142952145935,1
483,CPEC_LANDSLIDE_0939,1,landslide,72_35,3,72.5468184151134,35.5182649032567,KP-AJK,conventional_alphaearth_embeddings,Conventional + AlphaEarth Embeddings,0.6456995279284875,0.37326188443582237,1
484,CPEC_LANDSLIDE_0956,1,landslide,75_35,1,75.36752980489588,35.47559130617523,Gilgit-Baltistan,conventional_alphaearth_embeddings,Conventional + AlphaEarth Embeddings,0.9814616239992614,0.31275142952145935,1
485,CPEC_LANDSLIDE_0117,1,landslide,74_36,2,74.84875352923693,36.76692021664684,Gilgit-Baltistan,conventional_alphaearth_embeddings,Conventional + AlphaEarth Embeddings,0.9781423990936882,0.5868831590132428,1
486,CPEC_LANDSLIDE_1058,1,landslide,74_36,2,74.81955533553898,36.31327357097451,Gilgit-Baltistan,conventional_alphaearth_embeddings,Conventional + AlphaEarth Embeddings,0.15830925133669158,0.5868831590132428,0
487,CPEC_ROCKFALL_0407,1,rockfall,67_26,5,67.15468167994136,26.934861021659763,Balochistan,conventional_alphaearth_embeddings,Conventional + AlphaEarth Embeddings,0.9646555763804944,0.28992385976630347,1
488,RMC_03_00808,0,non_landslide,66_26,4,66.5617938709411,26.85625831285825,raster-matched control,conventional_alphaearth_embeddings,Conventional + AlphaEarth Embeddings,0.09748027542961286,0.32933342149262645,0
489,RMC_03_00379,0,non_landslide,75_35,1,75.7358387100117,35.34309195957743,raster-matched control,conventional_alphaearth_embeddings,Conventional + AlphaEarth Embeddings,0.08519222109084301,0.31275142952145935,0
490,RMC_03_01251,0,non_landslide,70_29,4,70.06522347900723,29.97116656054269,raster-matched control,conventional_alphaearth_embeddings,Conventional + AlphaEarth Embeddings,0.12280225824672258,0.32933342149262645,0
491,RMC_03_00298,0,non_landslide,65_26,3,65.48606131820797,26.98426824084528,raster-matched control,conventional_alphaearth_embeddings,Conventional + AlphaEarth Embeddings,0.14644958577139405,0.37326188443582237,0
492,CPEC_ROCKFALL_0290,1,rockfall,66_27,1,66.46297700632873,27.55918867835483,Balochistan,conventional_alphaearth_embeddings,Conventional + AlphaEarth Embeddings,0.9701388941543586,0.31275142952145935,1
493,RMC_03_00722,0,non_landslide,74_35,5,74.8038366027377,35.22631097264189,raster-matched control,conventional_alphaearth_embeddings,Conventional + AlphaEarth Embeddings,0.4289439793113768,0.28992385976630347,1
494,CPEC_ROCKFALL_0088,1,rockfall,65_27,5,65.65000262046658,27.15270148542376,Balochistan,conventional_alphaearth_embeddings,Conventional + AlphaEarth Embeddings,0.9770629906849246,0.28992385976630347,1
495,CPEC_ROCKFALL_0954,1,rockfall,75_38,2,75.50901262222067,38.952071474180606,"Kashgar (Xinjiang, China)",conventional_alphaearth_embeddings,Conventional + AlphaEarth Embeddings,0.9342893493913799,0.5868831590132428,1
496,RMC_03_00425,0,non_landslide,74_36,2,74.93409231893504,36.79611693164075,raster-matched control,conventional_alphaearth_embeddings,Conventional + AlphaEarth Embeddings,0.061777249761223146,0.5868831590132428,0
497,CPEC_ROCKFALL_0660,1,rockfall,70_31,3,70.20221862211051,31.74533923811718,KP-AJK,conventional_alphaearth_embeddings,Conventional + AlphaEarth Embeddings,0.9926256199757446,0.37326188443582237,1
498,RMC_03_01437,0,non_landslide,66_28,3,66.11488201709163,28.163307051252158,raster-matched control,conventional_alphaearth_embeddings,Conventional + AlphaEarth Embeddings,0.07944937117702923,0.37326188443582237,0
499,RMC_03_00966,0,non_landslide,75_36,3,75.08905170544566,36.856753213318825,raster-matched control,conventional_alphaearth_embeddings,Conventional + AlphaEarth Embeddings,0.8644537709187987,0.37326188443582237,1
500,CPEC_ROCKFALL_0720,1,rockfall,72_34,1,72.81856049241145,34.03379894885719,KP-AJK,conventional_alphaearth_embeddings,Conventional + AlphaEarth Embeddings,0.9831416335415324,0.31275142952145935,1
501,CPEC_ROCKFALL_0495,1,rockfall,68_29,2,68.55156197144908,29.315396710052383,Balochistan,conventional_alphaearth_embeddings,Conventional + AlphaEarth Embeddings,0.9609890119795622,0.5868831590132428,1
502,RMC_03_00202,0,non_landslide,67_29,1,67.34781974454567,29.89480976139253,raster-matched control,conventional_alphaearth_embeddings,Conventional + AlphaEarth Embeddings,0.40446594518429496,0.31275142952145935,1
503,RMC_03_00654,0,non_landslide,72_36,5,72.05274604512168,36.08195628076574,raster-matched control,conventional_alphaearth_embeddings,Conventional + AlphaEarth Embeddings,0.7863461023938318,0.28992385976630347,1
504,RMC_03_01354,0,non_landslide,74_38,1,74.0672180697597,38.92961573142462,raster-matched control,conventional_alphaearth_embeddings,Conventional + AlphaEarth Embeddings,0.06537055920083922,0.31275142952145935,0
505,RMC_03_00430,0,non_landslide,75_36,3,75.14295062249283,36.856753213318825,raster-matched control,conventional_alphaearth_embeddings,Conventional + AlphaEarth Embeddings,0.8743274849484975,0.37326188443582237,1
506,CPEC_LANDSLIDE_1081,1,landslide,74_36,2,74.85099645706681,36.223440521151794,Gilgit-Baltistan,conventional_alphaearth_embeddings,Conventional + AlphaEarth Embeddings,0.9142524044161954,0.5868831590132428,1
507,CPEC_ROCKFALL_0560,1,rockfall,67_29,1,67.68693335898382,29.596119416872064,Balochistan,conventional_alphaearth_embeddings,Conventional + AlphaEarth Embeddings,0.8723148443811386,0.31275142952145935,1
508,RMC_03_00574,0,non_landslide,75_38,2,75.16091692817523,38.752198462811016,raster-matched control,conventional_alphaearth_embeddings,Conventional + AlphaEarth Embeddings,0.06633915740862163,0.5868831590132428,0
509,RMC_03_01020,0,non_landslide,74_35,5,74.17052432743344,35.17241205559472,raster-matched control,conventional_alphaearth_embeddings,Conventional + AlphaEarth Embeddings,0.7212506330732172,0.28992385976630347,1
510,CPEC_ROCKFALL_0015,1,rockfall,76_37,1,76.06596772109923,37.84489897811525,"Kashgar (Xinjiang, China)",conventional_alphaearth_embeddings,Conventional + AlphaEarth Embeddings,0.9885634325425926,0.31275142952145935,1
511,RMC_03_00664,0,non_landslide,66_25,2,66.86722106754173,25.09331456777369,raster-matched control,conventional_alphaearth_embeddings,Conventional + AlphaEarth Embeddings,0.2316656581551682,0.5868831590132428,0
512,CPEC_ROCKFALL_0719,1,rockfall,72_34,1,72.81407017765063,34.01583323071286,KP-AJK,conventional_alphaearth_embeddings,Conventional + AlphaEarth Embeddings,0.8398547546259686,0.31275142952145935,1
513,RMC_03_00790,0,non_landslide,65_26,3,65.28169459107077,26.602484245094484,raster-matched control,conventional_alphaearth_embeddings,Conventional + AlphaEarth Embeddings,0.06649685220476133,0.37326188443582237,0
514,RMC_03_00604,0,non_landslide,75_38,2,75.36303786710211,38.82181789733028,raster-matched control,conventional_alphaearth_embeddings,Conventional + AlphaEarth Embeddings,0.3016507183738767,0.5868831590132428,0
515,RMC_03_01501,0,non_landslide,74_35,5,74.50290098255766,35.47783925219536,raster-matched control,conventional_alphaearth_embeddings,Conventional + AlphaEarth Embeddings,0.040587425729201314,0.28992385976630347,0
516,RMC_03_01446,0,non_landslide,75_39,4,75.65723612265126,39.035167777308665,raster-matched control,conventional_alphaearth_embeddings,Conventional + AlphaEarth Embeddings,0.13024732409625148,0.32933342149262645,0
517,CPEC_LANDSLIDE_0335,1,landslide,75_37,5,75.31812296522371,37.728119580626576,"Kashgar (Xinjiang, China)",conventional_alphaearth_embeddings,Conventional + AlphaEarth Embeddings,0.3109283263003364,0.28992385976630347,1
518,RMC_03_00194,0,non_landslide,66_27,1,66.29229928570524,27.130244474514704,raster-matched control,conventional_alphaearth_embeddings,Conventional + AlphaEarth Embeddings,0.11719851077976073,0.31275142952145935,0
519,RMC_03_00978,0,non_landslide,74_36,2,74.99023702419251,36.87022794258061,raster-matched control,conventional_alphaearth_embeddings,Conventional + AlphaEarth Embeddings,0.6649313024195276,0.5868831590132428,1
520,CPEC_ROCKFALL_0500,1,rockfall,68_29,2,68.52236823685217,29.32437733957402,Balochistan,conventional_alphaearth_embeddings,Conventional + AlphaEarth Embeddings,0.9793302675023504,0.5868831590132428,1
521,RMC_03_00811,0,non_landslide,68_29,2,68.58524904842032,29.43666896649157,raster-matched control,conventional_alphaearth_embeddings,Conventional + AlphaEarth Embeddings,0.19350285357346314,0.5868831590132428,0
522,CPEC_LANDSLIDE_0289,1,landslide,73_35,4,73.2991579448508,35.49805179818143,KP-AJK,conventional_alphaearth_embeddings,Conventional + AlphaEarth Embeddings,0.9788631514071285,0.32933342149262645,1
523,CPEC_ROCKFALL_0077,1,rockfall,63_26,1,63.95668129092578,26.07697011088626,Balochistan,conventional_alphaearth_embeddings,Conventional + AlphaEarth Embeddings,0.9763285633143572,0.31275142952145935,1
524,CPEC_LANDSLIDE_0124,1,landslide,74_36,2,74.85324384399776,36.62992771408286,Gilgit-Baltistan,conventional_alphaearth_embeddings,Conventional + AlphaEarth Embeddings,0.8835526851492775,0.5868831590132428,1
525,RMC_03_01476,0,non_landslide,70_32,5,70.39984592234175,32.933361209926815,raster-matched control,conventional_alphaearth_embeddings,Conventional + AlphaEarth Embeddings,0.07961910609115776,0.28992385976630347,0
526,CPEC_ROCKFALL_0279,1,rockfall,66_27,1,66.2900530674761,27.179652292190784,Balochistan,conventional_alphaearth_embeddings,Conventional + AlphaEarth Embeddings,0.9605868231242097,0.31275142952145935,1
527,CPEC_LANDSLIDE_0252,1,landslide,74_35,5,74.28281334173569,35.42169415174223,Gilgit-Baltistan,conventional_alphaearth_embeddings,Conventional + AlphaEarth Embeddings,0.984573572439639,0.28992385976630347,1
528,RMC_03_01424,0,non_landslide,68_30,4,68.4145691444376,30.47646890785992,raster-matched control,conventional_alphaearth_embeddings,Conventional + AlphaEarth Embeddings,0.10853808645065763,0.32933342149262645,0
529,RMC_03_00837,0,non_landslide,72_32,2,72.45249634655487,32.5785266726996,raster-matched control,conventional_alphaearth_embeddings,Conventional + AlphaEarth Embeddings,0.18376249716829807,0.5868831590132428,0
530,RMC_03_01139,0,non_landslide,73_35,4,73.55742414602187,35.522755016401334,raster-matched control,conventional_alphaearth_embeddings,Conventional + AlphaEarth Embeddings,0.2251801145539035,0.32933342149262645,0
531,CPEC_ROCKFALL_0226,1,rockfall,65_26,3,65.7016568470697,26.303795663272943,Balochistan,conventional_alphaearth_embeddings,Conventional + AlphaEarth Embeddings,0.9875790734358162,0.37326188443582237,1
532,RMC_03_01350,0,non_landslide,74_35,5,74.8195571202098,35.43067769977908,raster-matched control,conventional_alphaearth_embeddings,Conventional + AlphaEarth Embeddings,0.41850621554216827,0.28992385976630347,1
533,RMC_03_01249,0,non_landslide,69_30,5,69.66098160115345,30.49443521354231,raster-matched control,conventional_alphaearth_embeddings,Conventional + AlphaEarth Embeddings,0.23342445163586273,0.28992385976630347,0
534,CPEC_LANDSLIDE_0854,1,landslide,73_34,2,73.44288814910652,34.40210731856866,KP-AJK,conventional_alphaearth_embeddings,Conventional + AlphaEarth Embeddings,0.9880607800597141,0.5868831590132428,1
535,RMC_03_01278,0,non_landslide,72_35,3,72.02355079838779,35.309405136422946,raster-matched control,conventional_alphaearth_embeddings,Conventional + AlphaEarth Embeddings,0.09889418749752119,0.37326188443582237,0
536,CPEC_LANDSLIDE_0745,1,landslide,70_29,4,70.08992508028159,29.96218485875365,Punjab-Sindh lowland corridor,conventional_alphaearth_embeddings,Conventional + AlphaEarth Embeddings,0.9809465741162016,0.32933342149262645,1
537,CPEC_ROCKFALL_0418,1,rockfall,70_29,4,70.0203095946352,29.50628636704935,Punjab-Sindh lowland corridor,conventional_alphaearth_embeddings,Conventional + AlphaEarth Embeddings,0.7598391404339002,0.32933342149262645,1
538,RMC_03_00428,0,non_landslide,74_36,2,74.9969743888234,36.86573636616002,raster-matched control,conventional_alphaearth_embeddings,Conventional + AlphaEarth Embeddings,0.2065515349581397,0.5868831590132428,0
539,RMC_03_00568,0,non_landslide,77_36,5,77.46958720836238,36.40534978304876,raster-matched control,conventional_alphaearth_embeddings,Conventional + AlphaEarth Embeddings,0.12564147361234176,0.28992385976630347,0
540,CPEC_LANDSLIDE_0522,1,landslide,75_38,2,75.27769675507317,38.788132623950666,"Kashgar (Xinjiang, China)",conventional_alphaearth_embeddings,Conventional + AlphaEarth Embeddings,0.43223058984249607,0.5868831590132428,0
541,RMC_03_00230,0,non_landslide,69_32,4,69.84738202260824,32.25064159399598,raster-matched control,conventional_alphaearth_embeddings,Conventional + AlphaEarth Embeddings,0.06957997395505168,0.32933342149262645,0
542,CPEC_ROCKFALL_0532,1,rockfall,67_29,1,67.92049661306226,29.69044278145561,Balochistan,conventional_alphaearth_embeddings,Conventional + AlphaEarth Embeddings,0.9825158451657934,0.31275142952145935,1
543,RMC_03_01156,0,non_landslide,73_35,4,73.31937059573019,35.502542922508646,raster-matched control,conventional_alphaearth_embeddings,Conventional + AlphaEarth Embeddings,0.08888302508213543,0.32933342149262645,0
544,RMC_03_00685,0,non_landslide,73_34,2,73.39348160667006,34.46049719293,raster-matched control,conventional_alphaearth_embeddings,Conventional + AlphaEarth Embeddings,0.10105026137837014,0.5868831590132428,0
545,CPEC_LANDSLIDE_0241,1,landslide,74_36,2,74.55904573379458,36.25937195744046,Gilgit-Baltistan,conventional_alphaearth_embeddings,Conventional + AlphaEarth Embeddings,0.347800302512223,0.5868831590132428,0
546,CPEC_ROCKFALL_0477,1,rockfall,68_29,2,68.71550528078006,29.41196746156686,Balochistan,conventional_alphaearth_embeddings,Conventional + AlphaEarth Embeddings,0.9711834455643108,0.5868831590132428,1
547,CPEC_ROCKFALL_0596,1,rockfall,67_29,1,67.16590969639394,29.93523405198663,Balochistan,conventional_alphaearth_embeddings,Conventional + AlphaEarth Embeddings,0.9830012501119538,0.31275142952145935,1
548,CPEC_ROCKFALL_0034,1,rockfall,67_27,2,67.35455642556101,27.93199182192817,Balochistan,conventional_alphaearth_embeddings,Conventional + AlphaEarth Embeddings,0.6437099473067113,0.5868831590132428,1
549,RMC_03_01302,0,non_landslide,74_35,5,74.48718046508557,35.855131671525555,raster-matched control,conventional_alphaearth_embeddings,Conventional + AlphaEarth Embeddings,0.8929079596924979,0.28992385976630347,1
550,RMC_03_00137,0,non_landslide,76_36,4,76.1221142821831,36.699548038597904,raster-matched control,conventional_alphaearth_embeddings,Conventional + AlphaEarth Embeddings,0.08171044067918148,0.32933342149262645,0
551,CPEC_LANDSLIDE_0431,1,landslide,75_38,2,75.00820206470605,38.556816756803165,"Kashgar (Xinjiang, China)",conventional_alphaearth_embeddings,Conventional + AlphaEarth Embeddings,0.9886306483059711,0.5868831590132428,1
552,CPEC_ROCKFALL_0615,1,rockfall,67_30,3,67.20184559178365,30.276591614931068,Balochistan,conventional_alphaearth_embeddings,Conventional + AlphaEarth Embeddings,0.9747181121734844,0.37326188443582237,1
553,RMC_03_01089,0,non_landslide,67_30,3,67.28044609823671,30.052014936113448,raster-matched control,conventional_alphaearth_embeddings,Conventional + AlphaEarth Embeddings,0.6126352772396987,0.37326188443582237,1
554,CPEC_ROCKFALL_0686,1,rockfall,70_32,5,70.39086089217655,32.93335969538255,KP-AJK,conventional_alphaearth_embeddings,Conventional + AlphaEarth Embeddings,0.9923501109491852,0.28992385976630347,1
555,CPEC_LANDSLIDE_0110,1,landslide,74_36,2,74.89591298197819,36.78264300696128,Gilgit-Baltistan,conventional_alphaearth_embeddings,Conventional + AlphaEarth Embeddings,0.08061087604610549,0.5868831590132428,0
556,RMC_03_01216,0,non_landslide,70_31,3,70.24937811225173,31.931739668133545,raster-matched control,conventional_alphaearth_embeddings,Conventional + AlphaEarth Embeddings,0.07892877029832868,0.37326188443582237,0
557,CPEC_LANDSLIDE_0135,1,landslide,74_36,2,74.86222893262045,36.53336142166944,Gilgit-Baltistan,conventional_alphaearth_embeddings,Conventional + AlphaEarth Embeddings,0.13429623155731182,0.5868831590132428,0
558,RMC_03_01340,0,non_landslide,71_35,2,71.83715037693298,35.839411154053465,raster-matched control,conventional_alphaearth_embeddings,Conventional + AlphaEarth Embeddings,0.19895916247246892,0.5868831590132428,0
559,RMC_03_01233,0,non_landslide,70_32,5,70.02030771480125,32.13835218348103,raster-matched control,conventional_alphaearth_embeddings,Conventional + AlphaEarth Embeddings,0.10090833976670481,0.28992385976630347,0
560,RMC_03_00753,0,non_landslide,77_37,2,77.0541163894571,37.17790092739155,raster-matched control,conventional_alphaearth_embeddings,Conventional + AlphaEarth Embeddings,0.08463000984221045,0.5868831590132428,0
561,CPEC_LANDSLIDE_0165,1,landslide,74_36,2,74.74095476126988,36.2616193443714,Gilgit-Baltistan,conventional_alphaearth_embeddings,Conventional + AlphaEarth Embeddings,0.8643571847263323,0.5868831590132428,1
562,RMC_03_00290,0,non_landslide,65_26,3,65.4433913422123,26.869733042120043,raster-matched control,conventional_alphaearth_embeddings,Conventional + AlphaEarth Embeddings,0.15761479325555375,0.37326188443582237,0
563,CPEC_ROCKFALL_0703,1,rockfall,72_32,2,72.41881100117214,32.57178902736284,Punjab-Sindh lowland corridor,conventional_alphaearth_embeddings,Conventional + AlphaEarth Embeddings,0.9696301434855091,0.5868831590132428,1
564,CPEC_LANDSLIDE_0359,1,landslide,75_37,5,75.50452230745985,37.82918064690187,"Kashgar (Xinjiang, China)",conventional_alphaearth_embeddings,Conventional + AlphaEarth Embeddings,0.9774158936057057,0.28992385976630347,1
565,CPEC_ROCKFALL_0422,1,rockfall,70_29,4,70.01806220770425,29.499553124458647,Punjab-Sindh lowland corridor,conventional_alphaearth_embeddings,Conventional + AlphaEarth Embeddings,0.40556497023240706,0.32933342149262645,1
566,CPEC_LANDSLIDE_0581,1,landslide,74_38,1,74.8936700541483,38.81957374547851,"Kashgar (Xinjiang, China)",conventional_alphaearth_embeddings,Conventional + AlphaEarth Embeddings,0.3652518444310435,0.31275142952145935,1
567,CPEC_LANDSLIDE_0699,1,landslide,66_27,1,66.55730037091226,27.6041052032662,Balochistan,conventional_alphaearth_embeddings,Conventional + AlphaEarth Embeddings,0.4502893020677765,0.31275142952145935,1
568,RMC_03_01270,0,non_landslide,75_37,5,75.78075447421769,37.85388317869149,raster-matched control,conventional_alphaearth_embeddings,Conventional + AlphaEarth Embeddings,0.8495418892019666,0.28992385976630347,1
569,CPEC_LANDSLIDE_0951,1,landslide,75_35,1,75.30015724707937,35.58563746107321,Gilgit-Baltistan,conventional_alphaearth_embeddings,Conventional + AlphaEarth Embeddings,0.9635997840626718,0.31275142952145935,1
570,RMC_03_00265,0,non_landslide,69_29,3,69.82043256408465,29.17615753409692,raster-matched control,conventional_alphaearth_embeddings,Conventional + AlphaEarth Embeddings,0.15897349959239257,0.37326188443582237,0
571,CPEC_ROCKFALL_0523,1,rockfall,67_29,1,67.89803612105605,29.68370507976385,Balochistan,conventional_alphaearth_embeddings,Conventional + AlphaEarth Embeddings,0.9877415937941832,0.31275142952145935,1
572,RMC_03_00639,0,non_landslide,76_37,1,76.90140279115678,37.06336572866631,raster-matched control,conventional_alphaearth_embeddings,Conventional + AlphaEarth Embeddings,0.0949436457323875,0.31275142952145935,0
573,CPEC_ROCKFALL_0675,1,rockfall,70_29,4,70.00907711908155,29.955447157061897,Punjab-Sindh lowland corridor,conventional_alphaearth_embeddings,Conventional + AlphaEarth Embeddings,0.9806966540171154,0.32933342149262645,1
574,CPEC_LANDSLIDE_0337,1,landslide,75_37,5,75.32036589305359,37.72362926586575,"Kashgar (Xinjiang, China)",conventional_alphaearth_embeddings,Conventional + AlphaEarth Embeddings,0.7714613459560966,0.28992385976630347,1
575,CPEC_LANDSLIDE_0960,1,landslide,75_35,1,75.473081185932,35.410466135289646,Gilgit-Baltistan,conventional_alphaearth_embeddings,Conventional + AlphaEarth Embeddings,0.4617199877214014,0.31275142952145935,1
576,RMC_03_00817,0,non_landslide,67_26,5,67.03790097152445,26.618204762566577,raster-matched control,conventional_alphaearth_embeddings,Conventional + AlphaEarth Embeddings,0.14772618539238186,0.28992385976630347,0
577,CPEC_LANDSLIDE_0462,1,landslide,75_38,2,75.02841516978133,38.736478397347554,"Kashgar (Xinjiang, China)",conventional_alphaearth_embeddings,Conventional + AlphaEarth Embeddings,0.98079966844497,0.5868831590132428,1
578,CPEC_ROCKFALL_0433,1,rockfall,70_29,4,70.02929022415682,29.5377274885772,Punjab-Sindh lowland corridor,conventional_alphaearth_embeddings,Conventional + AlphaEarth Embeddings,0.91019605795789,0.32933342149262645,1
579,CPEC_ROCKFALL_0293,1,rockfall,66_27,1,66.44725867511532,27.541222960210494,Balochistan,conventional_alphaearth_embeddings,Conventional + AlphaEarth Embeddings,0.9728123455915499,0.31275142952145935,1
580,CPEC_ROCKFALL_0710,1,rockfall,71_33,3,71.23303347173665,33.411714219992014,KP-AJK,conventional_alphaearth_embeddings,Conventional + AlphaEarth Embeddings,0.3293092559983543,0.37326188443582237,0
581,CPEC_LANDSLIDE_0180,1,landslide,74_36,2,74.45798466751926,36.25488164267964,Gilgit-Baltistan,conventional_alphaearth_embeddings,Conventional + AlphaEarth Embeddings,0.7368833553143642,0.5868831590132428,1
582,RMC_03_01327,0,non_landslide,75_37,5,75.45062360730377,37.17790092739155,raster-matched control,conventional_alphaearth_embeddings,Conventional + AlphaEarth Embeddings,0.06459711576783213,0.28992385976630347,0
583,CPEC_LANDSLIDE_0418,1,landslide,75_38,2,75.01044945163699,38.55456936987223,"Kashgar (Xinjiang, China)",conventional_alphaearth_embeddings,Conventional + AlphaEarth Embeddings,0.9921936891950657,0.5868831590132428,1
584,RMC_03_00343,0,non_landslide,62_26,5,62.22293104864381,26.29481126028355,raster-matched control,conventional_alphaearth_embeddings,Conventional + AlphaEarth Embeddings,0.12999014878771842,0.28992385976630347,0
585,CPEC_LANDSLIDE_0231,1,landslide,74_35,5,74.57925883886983,35.78775959362381,Gilgit-Baltistan,conventional_alphaearth_embeddings,Conventional + AlphaEarth Embeddings,0.9456053443824699,0.28992385976630347,1
586,RMC_03_00024,0,non_landslide,74_35,5,74.04476018765672,35.19262414948741,raster-matched control,conventional_alphaearth_embeddings,Conventional + AlphaEarth Embeddings,0.10114951559212722,0.28992385976630347,0
587,CPEC_LANDSLIDE_1036,1,landslide,75_35,1,75.60558337373514,35.14097144492253,Gilgit-Baltistan,conventional_alphaearth_embeddings,Conventional + AlphaEarth Embeddings,0.9082278837542231,0.31275142952145935,1
588,RMC_03_00075,0,non_landslide,78_39,2,78.03103426093709,39.95144936711058,raster-matched control,conventional_alphaearth_embeddings,Conventional + AlphaEarth Embeddings,0.09490099474954033,0.5868831590132428,0
589,RMC_03_00490,0,non_landslide,73_35,4,73.40920212414215,35.533983957452826,raster-matched control,conventional_alphaearth_embeddings,Conventional + AlphaEarth Embeddings,0.16364241466272017,0.32933342149262645,0
590,RMC_03_01168,0,non_landslide,73_35,4,73.24750537300064,35.46885609935416,raster-matched control,conventional_alphaearth_embeddings,Conventional + AlphaEarth Embeddings,0.07945847854055621,0.32933342149262645,0
591,RMC_03_01366,0,non_landslide,67_26,5,67.13896144098788,26.62943370361807,raster-matched control,conventional_alphaearth_embeddings,Conventional + AlphaEarth Embeddings,0.7596420289622723,0.28992385976630347,1
592,RMC_03_01478,0,non_landslide,71_35,2,71.75405621315193,35.48457661682625,raster-matched control,conventional_alphaearth_embeddings,Conventional + AlphaEarth Embeddings,0.14378969139341102,0.5868831590132428,0
593,RMC_03_00308,0,non_landslide,70_32,5,70.1146308196338,32.12712324242954,raster-matched control,conventional_alphaearth_embeddings,Conventional + AlphaEarth Embeddings,0.08022777924529431,0.28992385976630347,0
594,RMC_03_01266,0,non_landslide,73_35,4,73.34407426604349,35.50029713429834,raster-matched control,conventional_alphaearth_embeddings,Conventional + AlphaEarth Embeddings,0.06531146938689372,0.32933342149262645,0
595,CPEC_LANDSLIDE_0637,1,landslide,64_26,2,64.01506876011959,26.050019304119232,Balochistan,conventional_alphaearth_embeddings,Conventional + AlphaEarth Embeddings,0.18017019796159497,0.5868831590132428,0
596,CPEC_ROCKFALL_0597,1,rockfall,66_29,5,66.593236266302,29.888074599245392,Balochistan,conventional_alphaearth_embeddings,Conventional + AlphaEarth Embeddings,0.7276751517735143,0.28992385976630347,1
597,CPEC_LANDSLIDE_0261,1,landslide,74_35,5,74.02005635306034,35.43067924036492,Gilgit-Baltistan,conventional_alphaearth_embeddings,Conventional + AlphaEarth Embeddings,0.9759767758107555,0.28992385976630347,1
598,CPEC_LANDSLIDE_0861,1,landslide,73_34,2,73.44064522127664,34.411087948090305,KP-AJK,conventional_alphaearth_embeddings,Conventional + AlphaEarth Embeddings,0.3721193967380435,0.5868831590132428,0
599,CPEC_ROCKFALL_0656,1,rockfall,69_30,5,69.18712210369777,30.99524709531073,Balochistan,conventional_alphaearth_embeddings,Conventional + AlphaEarth Embeddings,0.9888488966815058,0.28992385976630347,1
600,CPEC_LANDSLIDE_0561,1,landslide,75_38,2,75.43041204795159,38.81507897161664,"Kashgar (Xinjiang, China)",conventional_alphaearth_embeddings,Conventional + AlphaEarth Embeddings,0.9850584359956407,0.5868831590132428,1
601,CPEC_ROCKFALL_0577,1,rockfall,67_29,1,67.21981130992799,29.463617229068923,Balochistan,conventional_alphaearth_embeddings,Conventional + AlphaEarth Embeddings,0.9707977788202372,0.31275142952145935,1
602,RMC_03_00998,0,non_landslide,76_35,2,76.47470303120002,35.105038409285754,raster-matched control,conventional_alphaearth_embeddings,Conventional + AlphaEarth Embeddings,0.21163354015048766,0.5868831590132428,0
603,CPEC_LANDSLIDE_0918,1,landslide,76_35,2,76.17152356123638,35.192625671525654,Gilgit-Baltistan,conventional_alphaearth_embeddings,Conventional + AlphaEarth Embeddings,0.9161220309923738,0.5868831590132428,1
604,CPEC_ROCKFALL_0676,1,rockfall,70_29,4,70.0113245060125,29.955447157061897,Punjab-Sindh lowland corridor,conventional_alphaearth_embeddings,Conventional + AlphaEarth Embeddings,0.9752380143542784,0.32933342149262645,1
605,CPEC_LANDSLIDE_0668,1,landslide,66_25,2,66.07670291847292,25.50204929386338,Balochistan,conventional_alphaearth_embeddings,Conventional + AlphaEarth Embeddings,0.9942797994273391,0.5868831590132428,1
606,RMC_03_00665,0,non_landslide,67_29,1,67.44663442579883,29.56018731805801,raster-matched control,conventional_alphaearth_embeddings,Conventional + AlphaEarth Embeddings,0.8005570844980909,0.31275142952145935,1
607,CPEC_LANDSLIDE_0347,1,landslide,75_37,5,75.19909618080408,37.919009237623534,"Kashgar (Xinjiang, China)",conventional_alphaearth_embeddings,Conventional + AlphaEarth Embeddings,0.9835674478944008,0.28992385976630347,1
608,RMC_03_00561,0,non_landslide,75_38,2,75.03066121197789,38.729740580708025,raster-matched control,conventional_alphaearth_embeddings,Conventional + AlphaEarth Embeddings,0.174852900251915,0.5868831590132428,0
609,RMC_03_00739,0,non_landslide,72_36,5,72.80733088378207,36.57153811061088,raster-matched control,conventional_alphaearth_embeddings,Conventional + AlphaEarth Embeddings,0.9436970427397287,0.28992385976630347,1
610,RMC_03_01189,0,non_landslide,72_33,4,72.91063714145582,33.789006518050655,raster-matched control,conventional_alphaearth_embeddings,Conventional + AlphaEarth Embeddings,0.17882977851457071,0.32933342149262645,0
611,CPEC_ROCKFALL_0614,1,rockfall,67_30,3,67.20184559178365,30.276591614931068,Balochistan,conventional_alphaearth_embeddings,Conventional + AlphaEarth Embeddings,0.9747181121734844,0.37326188443582237,1
612,CPEC_ROCKFALL_0811,1,rockfall,75_35,1,75.80321073242386,35.340846190542194,Gilgit-Baltistan,conventional_alphaearth_embeddings,Conventional + AlphaEarth Embeddings,0.9229859456091981,0.31275142952145935,1
613,CPEC_ROCKFALL_0216,1,rockfall,65_26,3,65.67021572554187,26.267859767883227,Balochistan,conventional_alphaearth_embeddings,Conventional + AlphaEarth Embeddings,0.1536782822511053,0.37326188443582237,0
614,CPEC_LANDSLIDE_0312,1,landslide,72_35,3,72.90614615530323,35.042157765578175,KP-AJK,conventional_alphaearth_embeddings,Conventional + AlphaEarth Embeddings,0.9880373830080845,0.37326188443582237,1
615,RMC_03_01294,0,non_landslide,73_35,4,73.72361247358398,35.495805557877745,raster-matched control,conventional_alphaearth_embeddings,Conventional + AlphaEarth Embeddings,0.9446501263675998,0.32933342149262645,1
616,RMC_03_01116,0,non_landslide,70_29,4,70.06073190258664,29.96892077233239,raster-matched control,conventional_alphaearth_embeddings,Conventional + AlphaEarth Embeddings,0.07005168525891363,0.32933342149262645,0
617,CPEC_LANDSLIDE_0502,1,landslide,75_38,2,75.18113046265974,38.74770641380013,"Kashgar (Xinjiang, China)",conventional_alphaearth_embeddings,Conventional + AlphaEarth Embeddings,0.9797055567961913,0.5868831590132428,1
618,CPEC_LANDSLIDE_1029,1,landslide,74_35,5,74.94307689382047,35.194868599355544,Gilgit-Baltistan,conventional_alphaearth_embeddings,Conventional + AlphaEarth Embeddings,0.9217843625720621,0.28992385976630347,1
619,CPEC_ROCKFALL_0581,1,rockfall,67_29,1,67.21981130992799,29.459126914308104,Balochistan,conventional_alphaearth_embeddings,Conventional + AlphaEarth Embeddings,0.9770675505422809,0.31275142952145935,1
620,CPEC_ROCKFALL_0322,1,rockfall,66_29,5,66.75942250346286,29.616332521947346,Balochistan,conventional_alphaearth_embeddings,Conventional + AlphaEarth Embeddings,0.7870461092057195,0.28992385976630347,1
621,RMC_03_01433,0,non_landslide,65_27,5,65.84314164364548,27.5187658348964,raster-matched control,conventional_alphaearth_embeddings,Conventional + AlphaEarth Embeddings,0.1384313254014902,0.28992385976630347,0
622,RMC_03_01238,0,non_landslide,68_29,2,68.76266631703393,29.33560849702813,raster-matched control,conventional_alphaearth_embeddings,Conventional + AlphaEarth Embeddings,0.06604714220967059,0.5868831590132428,0
623,RMC_03_01500,0,non_landslide,74_35,5,74.52311307645036,35.47110188756446,raster-matched control,conventional_alphaearth_embeddings,Conventional + AlphaEarth Embeddings,0.04113076379614196,0.28992385976630347,0
624,CPEC_LANDSLIDE_0465,1,landslide,75_38,2,75.03515287147309,38.738725784278486,"Kashgar (Xinjiang, China)",conventional_alphaearth_embeddings,Conventional + AlphaEarth Embeddings,0.9557854982458784,0.5868831590132428,1
625,RMC_03_00560,0,non_landslide,75_38,2,75.02167805913669,38.73423215712862,raster-matched control,conventional_alphaearth_embeddings,Conventional + AlphaEarth Embeddings,0.07054933647898695,0.5868831590132428,0
626,RMC_03_00462,0,non_landslide,74_36,2,74.85324394336428,36.50191867609161,raster-matched control,conventional_alphaearth_embeddings,Conventional + AlphaEarth Embeddings,0.08711009433760164,0.5868831590132428,0
627,CPEC_LANDSLIDE_0489,1,landslide,75_38,2,75.09354479976795,38.75444411549189,"Kashgar (Xinjiang, China)",conventional_alphaearth_embeddings,Conventional + AlphaEarth Embeddings,0.5067732215929603,0.5868831590132428,0
628,CPEC_LANDSLIDE_0965,1,landslide,75_35,1,75.6415148100238,35.24652282595866,Gilgit-Baltistan,conventional_alphaearth_embeddings,Conventional + AlphaEarth Embeddings,0.9782541763526666,0.31275142952145935,1
629,RMC_03_01078,0,non_landslide,69_31,2,69.99111246806737,31.835170775090692,raster-matched control,conventional_alphaearth_embeddings,Conventional + AlphaEarth Embeddings,0.1996109141934983,0.5868831590132428,0
630,RMC_03_00047,0,non_landslide,66_29,5,66.20695933371388,29.5736620473198,raster-matched control,conventional_alphaearth_embeddings,Conventional + AlphaEarth Embeddings,0.18387301084764704,0.28992385976630347,0
631,RMC_03_00559,0,non_landslide,75_38,2,75.02392384734699,38.729740580708025,raster-matched control,conventional_alphaearth_embeddings,Conventional + AlphaEarth Embeddings,0.05757258833510674,0.5868831590132428,0
632,CPEC_LANDSLIDE_1069,1,landslide,74_36,2,74.78587128618125,36.27958506251573,Gilgit-Baltistan,conventional_alphaearth_embeddings,Conventional + AlphaEarth Embeddings,0.8968783676768866,0.5868831590132428,1
633,CPEC_ROCKFALL_0113,1,rockfall,65_27,5,65.83864934963366,27.476097789324925,Balochistan,conventional_alphaearth_embeddings,Conventional + AlphaEarth Embeddings,0.967657168393243,0.28992385976630347,1
634,CPEC_LANDSLIDE_0125,1,landslide,74_36,2,74.83752551278435,36.62319001239111,Gilgit-Baltistan,conventional_alphaearth_embeddings,Conventional + AlphaEarth Embeddings,0.9152151236720774,0.5868831590132428,1
635,RMC_03_00450,0,non_landslide,74_36,2,74.80159081452742,36.56704653419028,raster-matched control,conventional_alphaearth_embeddings,Conventional + AlphaEarth Embeddings,0.11588837557774465,0.5868831590132428,0
636,CPEC_ROCKFALL_0588,1,rockfall,67_29,1,67.43091407200022,29.602857118563826,Balochistan,conventional_alphaearth_embeddings,Conventional + AlphaEarth Embeddings,0.9838868253699072,0.31275142952145935,1
637,RMC_03_00571,0,non_landslide,75_39,4,75.52698040645393,39.96716988458267,raster-matched control,conventional_alphaearth_embeddings,Conventional + AlphaEarth Embeddings,0.09008086564913777,0.32933342149262645,0
638,RMC_03_00232,0,non_landslide,68_30,4,68.36516180381103,30.676344058576515,raster-matched control,conventional_alphaearth_embeddings,Conventional + AlphaEarth Embeddings,0.10497374231980912,0.32933342149262645,0
639,RMC_03_01503,0,non_landslide,75_37,5,75.43714887804197,37.2812071850653,raster-matched control,conventional_alphaearth_embeddings,Conventional + AlphaEarth Embeddings,0.048886889800814945,0.28992385976630347,0
640,RMC_03_01172,0,non_landslide,73_34,2,73.57988202812486,34.70079653143197,raster-matched control,conventional_alphaearth_embeddings,Conventional + AlphaEarth Embeddings,0.22403009497176649,0.5868831590132428,0
641,RMC_03_00562,0,non_landslide,75_40,1,75.46634412477586,40.03454353089163,raster-matched control,conventional_alphaearth_embeddings,Conventional + AlphaEarth Embeddings,0.18563909905304907,0.31275142952145935,0
642,CPEC_ROCKFALL_0530,1,rockfall,67_29,1,67.91375891137051,29.681457692832915,Balochistan,conventional_alphaearth_embeddings,Conventional + AlphaEarth Embeddings,0.971459071771001,0.31275142952145935,1
643,RMC_03_00706,0,non_landslide,73_34,2,73.39797318309066,34.249393101161914,raster-matched control,conventional_alphaearth_embeddings,Conventional + AlphaEarth Embeddings,0.3720290300439124,0.5868831590132428,0
644,RMC_03_01432,0,non_landslide,65_26,3,65.33334771990765,26.800113607600775,raster-matched control,conventional_alphaearth_embeddings,Conventional + AlphaEarth Embeddings,0.5818728047153899,0.37326188443582237,1
645,CPEC_LANDSLIDE_0568,1,landslide,75_38,2,75.51126000915161,38.94982854635072,"Kashgar (Xinjiang, China)",conventional_alphaearth_embeddings,Conventional + AlphaEarth Embeddings,0.9884620091466139,0.5868831590132428,1
646,CPEC_ROCKFALL_0410,1,rockfall,67_26,5,67.15019136518053,26.867488463843248,Balochistan,conventional_alphaearth_embeddings,Conventional + AlphaEarth Embeddings,0.8785323842545887,0.28992385976630347,1
647,CPEC_LANDSLIDE_0646,1,landslide,65_27,5,65.82966872011202,27.467112700702227,Balochistan,conventional_alphaearth_embeddings,Conventional + AlphaEarth Embeddings,0.9732819143337649,0.28992385976630347,1
648,CPEC_LANDSLIDE_0199,1,landslide,74_36,2,74.29179843035838,36.18750908486312,Gilgit-Baltistan,conventional_alphaearth_embeddings,Conventional + AlphaEarth Embeddings,0.9584633179766596,0.5868831590132428,1
649,CPEC_ROCKFALL_0420,1,rockfall,70_29,4,70.01806220770425,29.50179605228853,Punjab-Sindh lowland corridor,conventional_alphaearth_embeddings,Conventional + AlphaEarth Embeddings,0.9573129252609103,0.32933342149262645,1
650,CPEC_LANDSLIDE_0888,1,landslide,73_34,2,73.47881958539519,34.40210731856866,KP-AJK,conventional_alphaearth_embeddings,Conventional + AlphaEarth Embeddings,0.9528086706358009,0.5868831590132428,1
651,CPEC_LANDSLIDE_0283,1,landslide,73_35,4,73.45636355249003,35.52724553277834,KP-AJK,conventional_alphaearth_embeddings,Conventional + AlphaEarth Embeddings,0.9376667130654459,0.32933342149262645,1
652,CPEC_LANDSLIDE_0352,1,landslide,75_37,5,75.30913787660101,37.86735947012148,"Kashgar (Xinjiang, China)",conventional_alphaearth_embeddings,Conventional + AlphaEarth Embeddings,0.9813156894304871,0.28992385976630347,1
653,RMC_03_00284,0,non_landslide,69_28,1,69.02317774942858,28.893188219599264,raster-matched control,conventional_alphaearth_embeddings,Conventional + AlphaEarth Embeddings,0.32089376512569634,0.31275142952145935,1
654,CPEC_ROCKFALL_0359,1,rockfall,66_27,1,66.51912600679371,27.750082794452847,Balochistan,conventional_alphaearth_embeddings,Conventional + AlphaEarth Embeddings,0.9550536514750334,0.31275142952145935,1
655,CPEC_ROCKFALL_0199,1,rockfall,65_26,3,65.55792664281397,26.42057506076164,Balochistan,conventional_alphaearth_embeddings,Conventional + AlphaEarth Embeddings,0.9336003431065075,0.37326188443582237,1
656,CPEC_LANDSLIDE_0091,1,landslide,74_36,2,74.9812557170401,36.88145668630564,Gilgit-Baltistan,conventional_alphaearth_embeddings,Conventional + AlphaEarth Embeddings,0.5014888764733743,0.5868831590132428,0
657,RMC_03_01415,0,non_landslide,75_39,4,75.7358387100117,39.67521741724382,raster-matched control,conventional_alphaearth_embeddings,Conventional + AlphaEarth Embeddings,0.08146936395585894,0.32933342149262645,0
658,CPEC_LANDSLIDE_0399,1,landslide,75_38,2,75.01718715332875,38.54558428124953,"Kashgar (Xinjiang, China)",conventional_alphaearth_embeddings,Conventional + AlphaEarth Embeddings,0.9941528032739917,0.5868831590132428,1
659,CPEC_ROCKFALL_0473,1,rockfall,69_29,3,69.1444485066163,29.09755624628839,Balochistan,conventional_alphaearth_embeddings,Conventional + AlphaEarth Embeddings,0.11928208790287528,0.37326188443582237,0
660,CPEC_LANDSLIDE_1070,1,landslide,74_36,2,74.7836238992503,36.2077221899384,Gilgit-Baltistan,conventional_alphaearth_embeddings,Conventional + AlphaEarth Embeddings,0.7130677902558725,0.5868831590132428,1
661,RMC_03_00436,0,non_landslide,74_36,2,74.83078606126129,36.66136963902283,raster-matched control,conventional_alphaearth_embeddings,Conventional + AlphaEarth Embeddings,0.08523742715870462,0.5868831590132428,0
662,CPEC_LANDSLIDE_0209,1,landslide,74_35,5,74.38162702108005,35.96742123416819,Gilgit-Baltistan,conventional_alphaearth_embeddings,Conventional + AlphaEarth Embeddings,0.3796933711232615,0.28992385976630347,1
663,RMC_03_00074,0,non_landslide,78_39,2,78.0040848024135,39.94695779068998,raster-matched control,conventional_alphaearth_embeddings,Conventional + AlphaEarth Embeddings,0.19333836391616022,0.5868831590132428,0
664,CPEC_LANDSLIDE_0860,1,landslide,73_34,2,73.44064522127664,34.40884502026041,KP-AJK,conventional_alphaearth_embeddings,Conventional + AlphaEarth Embeddings,0.9123852107525645,0.5868831590132428,1
665,RMC_03_00934,0,non_landslide,75_40,1,75.10028064649715,40.13335821214478,raster-matched control,conventional_alphaearth_embeddings,Conventional + AlphaEarth Embeddings,0.1783641134378568,0.31275142952145935,0
666,RMC_03_01164,0,non_landslide,74_35,5,74.53434201750186,35.47110188756446,raster-matched control,conventional_alphaearth_embeddings,Conventional + AlphaEarth Embeddings,0.03168966760866734,0.28992385976630347,0
667,CPEC_LANDSLIDE_0234,1,landslide,74_36,2,74.3120070763326,36.29306046589924,Gilgit-Baltistan,conventional_alphaearth_embeddings,Conventional + AlphaEarth Embeddings,0.961004274120787,0.5868831590132428,1
668,RMC_03_00186,0,non_landslide,66_27,1,66.28331613286404,27.08083713388813,raster-matched control,conventional_alphaearth_embeddings,Conventional + AlphaEarth Embeddings,0.092081816821345,0.31275142952145935,0
669,CPEC_LANDSLIDE_0253,1,landslide,74_35,5,74.26035730883054,35.41495645005046,Gilgit-Baltistan,conventional_alphaearth_embeddings,Conventional + AlphaEarth Embeddings,0.9802398482612293,0.28992385976630347,1
670,CPEC_ROCKFALL_0594,1,rockfall,67_29,1,67.19510789009189,29.93748143891756,Balochistan,conventional_alphaearth_embeddings,Conventional + AlphaEarth Embeddings,0.9722364333268789,0.31275142952145935,1
671,CPEC_ROCKFALL_0616,1,rockfall,67_30,3,67.20408851961353,30.274348687101185,Balochistan,conventional_alphaearth_embeddings,Conventional + AlphaEarth Embeddings,0.19017429777686307,0.37326188443582237,0
672,CPEC_LANDSLIDE_0643,1,landslide,65_27,5,65.64102199094494,27.148211170662936,Balochistan,conventional_alphaearth_embeddings,Conventional + AlphaEarth Embeddings,0.9810046837144962,0.28992385976630347,1
673,RMC_03_00500,0,non_landslide,74_36,2,74.32548371394407,36.23691566727635,raster-matched control,conventional_alphaearth_embeddings,Conventional + AlphaEarth Embeddings,0.0382344419748239,0.5868831590132428,0
674,CPEC_LANDSLIDE_0041,1,landslide,75_35,1,75.13396655081745,35.60585056614848,Gilgit-Baltistan,conventional_alphaearth_embeddings,Conventional + AlphaEarth Embeddings,0.9718267294041252,0.31275142952145935,1
675,CPEC_ROCKFALL_0355,1,rockfall,66_27,1,66.51014091817102,27.76580112566624,Balochistan,conventional_alphaearth_embeddings,Conventional + AlphaEarth Embeddings,0.8375372186840991,0.31275142952145935,1
676,CPEC_ROCKFALL_0659,1,rockfall,70_31,3,70.14607408074657,31.61508443724497,KP-AJK,conventional_alphaearth_embeddings,Conventional + AlphaEarth Embeddings,0.9774091221264658,0.37326188443582237,1
677,RMC_03_00619,0,non_landslide,73_35,4,73.40471054772155,35.52949238103223,raster-matched control,conventional_alphaearth_embeddings,Conventional + AlphaEarth Embeddings,0.4558812308356461,0.32933342149262645,1
678,CPEC_ROCKFALL_0590,1,rockfall,67_29,1,67.42866668506929,29.60510450549476,Balochistan,conventional_alphaearth_embeddings,Conventional + AlphaEarth Embeddings,0.9713942192466938,0.31275142952145935,1
679,RMC_03_00233,0,non_landslide,68_30,4,68.36965338023164,30.67185248215592,raster-matched control,conventional_alphaearth_embeddings,Conventional + AlphaEarth Embeddings,0.06928967996533855,0.32933342149262645,0
680,RMC_03_01505,0,non_landslide,75_37,5,75.2013411159606,37.883078425425374,raster-matched control,conventional_alphaearth_embeddings,Conventional + AlphaEarth Embeddings,0.1016959700290098,0.28992385976630347,0
681,RMC_03_01178,0,non_landslide,67_27,2,67.39048972054135,27.911778771698685,raster-matched control,conventional_alphaearth_embeddings,Conventional + AlphaEarth Embeddings,0.5944848656819118,0.5868831590132428,1
682,CPEC_ROCKFALL_0488,1,rockfall,68_29,2,68.67283614279965,29.398492058183344,Balochistan,conventional_alphaearth_embeddings,Conventional + AlphaEarth Embeddings,0.9029318589636153,0.5868831590132428,1
683,CPEC_LANDSLIDE_0330,1,landslide,75_37,5,75.45736285471861,37.1666741669872,"Kashgar (Xinjiang, China)",conventional_alphaearth_embeddings,Conventional + AlphaEarth Embeddings,0.9908040922949323,0.28992385976630347,1
684,CPEC_ROCKFALL_0669,1,rockfall,69_30,5,69.16241868386169,30.456257714576505,Balochistan,conventional_alphaearth_embeddings,Conventional + AlphaEarth Embeddings,0.9682060623954591,0.28992385976630347,1
685,CPEC_LANDSLIDE_0079,1,landslide,75_36,3,75.11824821960404,36.87022866985306,Gilgit-Baltistan,conventional_alphaearth_embeddings,Conventional + AlphaEarth Embeddings,0.9660463012291608,0.37326188443582237,1
686,RMC_03_00834,0,non_landslide,69_30,5,69.1961034416216,30.999737560859543,raster-matched control,conventional_alphaearth_embeddings,Conventional + AlphaEarth Embeddings,0.08562849997304744,0.28992385976630347,0
687,RMC_03_00193,0,non_landslide,66_27,1,66.27433298002285,27.161685509458884,raster-matched control,conventional_alphaearth_embeddings,Conventional + AlphaEarth Embeddings,0.18332078630068027,0.31275142952145935,0
688,RMC_03_00010,0,non_landslide,75_40,1,75.3899873256257,40.52637114894707,raster-matched control,conventional_alphaearth_embeddings,Conventional + AlphaEarth Embeddings,0.18012035138039117,0.31275142952145935,0
689,CPEC_LANDSLIDE_0880,1,landslide,73_34,2,73.48331435925707,34.38189421349339,KP-AJK,conventional_alphaearth_embeddings,Conventional + AlphaEarth Embeddings,0.3057679968636758,0.5868831590132428,0
690,RMC_03_00517,0,non_landslide,74_35,5,74.33446686678526,35.983141599512585,raster-matched control,conventional_alphaearth_embeddings,Conventional + AlphaEarth Embeddings,0.053896553931750336,0.28992385976630347,0
691,CPEC_LANDSLIDE_0194,1,landslide,74_36,2,74.38162702108005,36.25039132791883,Gilgit-Baltistan,conventional_alphaearth_embeddings,Conventional + AlphaEarth Embeddings,0.9786247040555717,0.5868831590132428,1
692,CPEC_LANDSLIDE_1064,1,landslide,74_36,2,74.80158961739464,36.30428848235182,Gilgit-Baltistan,conventional_alphaearth_embeddings,Conventional + AlphaEarth Embeddings,0.9806513694918095,0.5868831590132428,1
693,RMC_03_00702,0,non_landslide,73_34,2,73.37551530098767,34.62219394407151,raster-matched control,conventional_alphaearth_embeddings,Conventional + AlphaEarth Embeddings,0.38019051308114116,0.5868831590132428,0
694,CPEC_ROCKFALL_0894,1,rockfall,75_38,2,75.19235847911231,38.74995380073106,"Kashgar (Xinjiang, China)",conventional_alphaearth_embeddings,Conventional + AlphaEarth Embeddings,0.9792529026972621,0.5868831590132428,1
695,CPEC_LANDSLIDE_0233,1,landslide,74_35,5,74.57701145193889,35.78326481976193,Gilgit-Baltistan,conventional_alphaearth_embeddings,Conventional + AlphaEarth Embeddings,0.9804129466015785,0.28992385976630347,1
696,CPEC_LANDSLIDE_0171,1,landslide,74_36,2,74.60845257346674,36.26610965913221,Gilgit-Baltistan,conventional_alphaearth_embeddings,Conventional + AlphaEarth Embeddings,0.9536665183792709,0.5868831590132428,1
697,RMC_03_01108,0,non_landslide,67_30,3,67.3029039803397,30.092439123898828,raster-matched control,conventional_alphaearth_embeddings,Conventional + AlphaEarth Embeddings,0.06327153489097172,0.37326188443582237,0
698,CPEC_ROCKFALL_0818,1,rockfall,75_35,1,75.83465185395171,35.32961817408962,Gilgit-Baltistan,conventional_alphaearth_embeddings,Conventional + AlphaEarth Embeddings,0.4229072231847711,0.31275142952145935,1
699,RMC_03_01246,0,non_landslide,69_31,2,69.35330861634252,31.58588828374753,raster-matched control,conventional_alphaearth_embeddings,Conventional + AlphaEarth Embeddings,0.11916105676185929,0.5868831590132428,0
700,RMC_03_00013,0,non_landslide,75_40,1,75.39447890204629,40.544337454629456,raster-matched control,conventional_alphaearth_embeddings,Conventional + AlphaEarth Embeddings,0.1388310470997337,0.31275142952145935,0
701,CPEC_LANDSLIDE_0278,1,landslide,73_35,4,73.56640524828697,35.52724553277834,KP-AJK,conventional_alphaearth_embeddings,Conventional + AlphaEarth Embeddings,0.9788870656522844,0.32933342149262645,1
702,CPEC_ROCKFALL_0109,1,rockfall,65_27,5,65.8161933167285,27.451394369488835,Balochistan,conventional_alphaearth_embeddings,Conventional + AlphaEarth Embeddings,0.9000538090405807,0.28992385976630347,1
703,CPEC_ROCKFALL_0699,1,rockfall,72_32,2,72.45474243746081,32.598739834129866,Punjab-Sindh lowland corridor,conventional_alphaearth_embeddings,Conventional + AlphaEarth Embeddings,0.9905055135193603,0.5868831590132428,1
704,RMC_03_00701,0,non_landslide,73_33,5,73.56640729886307,33.86536331720082,raster-matched control,conventional_alphaearth_embeddings,Conventional + AlphaEarth Embeddings,0.37486999957059886,0.28992385976630347,1
705,CPEC_LANDSLIDE_1030,1,landslide,75_35,1,75.59659828511245,35.01969727357197,Gilgit-Baltistan,conventional_alphaearth_embeddings,Conventional + AlphaEarth Embeddings,0.840934333988382,0.31275142952145935,1
706,RMC_03_00182,0,non_landslide,66_26,4,66.28556192107435,26.99998875831737,raster-matched control,conventional_alphaearth_embeddings,Conventional + AlphaEarth Embeddings,0.06294764472895506,0.32933342149262645,0
707,RMC_03_00627,0,non_landslide,75_38,2,75.44164045446257,38.80385159164789,raster-matched control,conventional_alphaearth_embeddings,Conventional + AlphaEarth Embeddings,0.10994046503044654,0.5868831590132428,0
708,RMC_03_00273,0,non_landslide,66_26,4,66.7594232334474,26.16455554408622,raster-matched control,conventional_alphaearth_embeddings,Conventional + AlphaEarth Embeddings,0.299894061619651,0.32933342149262645,0
709,CPEC_LANDSLIDE_0851,1,landslide,73_34,2,73.44737846386734,34.40210731856866,KP-AJK,conventional_alphaearth_embeddings,Conventional + AlphaEarth Embeddings,0.16058373841892398,0.5868831590132428,0
710,RMC_03_01434,0,non_landslide,66_29,5,66.65836276398394,29.42319423722978,raster-matched control,conventional_alphaearth_embeddings,Conventional + AlphaEarth Embeddings,0.06651478371349585,0.28992385976630347,0
711,CPEC_LANDSLIDE_0270,1,landslide,73_35,4,73.66971370149321,35.5182649032567,KP-AJK,conventional_alphaearth_embeddings,Conventional + AlphaEarth Embeddings,0.9145650392097456,0.32933342149262645,1
712,CPEC_LANDSLIDE_0010,1,landslide,74_36,2,74.8936700541483,36.52212894611581,Gilgit-Baltistan,conventional_alphaearth_embeddings,Conventional + AlphaEarth Embeddings,0.12799177093847297,0.5868831590132428,0
713,RMC_03_01163,0,non_landslide,73_35,4,73.33958268962289,35.495805557877745,raster-matched control,conventional_alphaearth_embeddings,Conventional + AlphaEarth Embeddings,0.1522037399474043,0.32933342149262645,0
714,CPEC_ROCKFALL_0897,1,rockfall,75_38,2,75.32935098167628,38.788132623950666,"Kashgar (Xinjiang, China)",conventional_alphaearth_embeddings,Conventional + AlphaEarth Embeddings,0.9845343576730333,0.5868831590132428,1
715,CPEC_LANDSLIDE_0085,1,landslide,75_36,3,75.01943008115863,36.856753266469546,Gilgit-Baltistan,conventional_alphaearth_embeddings,Conventional + AlphaEarth Embeddings,0.9918404144198482,0.37326188443582237,1
716,RMC_03_01385,0,non_landslide,74_35,5,74.6286651223344,35.54745868671462,raster-matched control,conventional_alphaearth_embeddings,Conventional + AlphaEarth Embeddings,0.0591909757789493,0.28992385976630347,0
717,RMC_03_00554,0,non_landslide,74_38,1,74.97451650672042,38.617451170193085,raster-matched control,conventional_alphaearth_embeddings,Conventional + AlphaEarth Embeddings,0.5597061768492494,0.31275142952145935,1
718,CPEC_LANDSLIDE_0471,1,landslide,75_38,2,75.06210367824012,38.75219672856095,"Kashgar (Xinjiang, China)",conventional_alphaearth_embeddings,Conventional + AlphaEarth Embeddings,0.24390666345984227,0.5868831590132428,0
719,RMC_03_00883,0,non_landslide,75_38,2,75.47532727761705,38.81957210911997,raster-matched control,conventional_alphaearth_embeddings,Conventional + AlphaEarth Embeddings,0.18522383878641996,0.5868831590132428,0
720,RMC_03_00947,0,non_landslide,75_36,3,75.31587631468584,36.80734587269225,raster-matched control,conventional_alphaearth_embeddings,Conventional + AlphaEarth Embeddings,0.17132142347746177,0.37326188443582237,0
721,CPEC_ROCKFALL_0621,1,rockfall,67_30,3,67.20857883437435,30.274348687101185,Balochistan,conventional_alphaearth_embeddings,Conventional + AlphaEarth Embeddings,0.555373027727379,0.37326188443582237,1
722,CPEC_ROCKFALL_0798,1,rockfall,72_35,3,72.56029381849693,35.52500260494845,KP-AJK,conventional_alphaearth_embeddings,Conventional + AlphaEarth Embeddings,0.98528249780589,0.37326188443582237,1
723,RMC_03_01100,0,non_landslide,67_30,3,67.18836878161446,30.287822698194823,raster-matched control,conventional_alphaearth_embeddings,Conventional + AlphaEarth Embeddings,0.1113738066955776,0.37326188443582237,0
724,CPEC_LANDSLIDE_0856,1,landslide,73_34,2,73.4383978343457,34.40210731856866,KP-AJK,conventional_alphaearth_embeddings,Conventional + AlphaEarth Embeddings,0.8759862092959665,0.5868831590132428,1
725,RMC_03_00163,0,non_landslide,78_41,1,78.71375387686793,41.15070027141014,raster-matched control,conventional_alphaearth_embeddings,Conventional + AlphaEarth Embeddings,0.07215509945485891,0.31275142952145935,0
726,RMC_03_00986,0,non_landslide,72_35,3,72.91737450608672,35.00622372803261,raster-matched control,conventional_alphaearth_embeddings,Conventional + AlphaEarth Embeddings,0.06308776186562187,0.37326188443582237,0
727,RMC_03_00154,0,non_landslide,77_40,3,77.0630995422983,40.64090634767231,raster-matched control,conventional_alphaearth_embeddings,Conventional + AlphaEarth Embeddings,0.11387789516959217,0.37326188443582237,0
728,RMC_03_00093,0,non_landslide,67_30,3,67.6757048232493,30.123880158843008,raster-matched control,conventional_alphaearth_embeddings,Conventional + AlphaEarth Embeddings,0.35296035110342877,0.37326188443582237,0
729,RMC_03_00133,0,non_landslide,73_36,1,73.98636969418894,36.06623576329365,raster-matched control,conventional_alphaearth_embeddings,Conventional + AlphaEarth Embeddings,0.5761920052514253,0.31275142952145935,1
730,CPEC_ROCKFALL_0716,1,rockfall,71_33,3,71.8820645482678,33.827186501545775,KP-AJK,conventional_alphaearth_embeddings,Conventional + AlphaEarth Embeddings,0.9641240878464075,0.37326188443582237,1
731,RMC_03_01300,0,non_landslide,69_31,2,69.47233539148834,31.22656217009972,raster-matched control,conventional_alphaearth_embeddings,Conventional + AlphaEarth Embeddings,0.043768089328551966,0.5868831590132428,0
732,RMC_03_01280,0,non_landslide,71_35,2,71.71587781357685,35.44415242904088,raster-matched control,conventional_alphaearth_embeddings,Conventional + AlphaEarth Embeddings,0.08365614764621959,0.5868831590132428,0
733,RMC_03_00421,0,non_landslide,74_36,2,74.86896446083637,36.782642202378966,raster-matched control,conventional_alphaearth_embeddings,Conventional + AlphaEarth Embeddings,0.07928548932963292,0.5868831590132428,0
734,RMC_03_00264,0,non_landslide,68_30,4,68.78063262271631,30.202482746203465,raster-matched control,conventional_alphaearth_embeddings,Conventional + AlphaEarth Embeddings,0.1362644713558643,0.32933342149262645,0
735,CPEC_ROCKFALL_0927,1,rockfall,75_38,2,75.49329429100727,38.88694630329503,"Kashgar (Xinjiang, China)",conventional_alphaearth_embeddings,Conventional + AlphaEarth Embeddings,0.9778892721525361,0.5868831590132428,1
736,CPEC_ROCKFALL_0269,1,rockfall,66_26,4,66.33945990714827,26.56655265194829,Balochistan,conventional_alphaearth_embeddings,Conventional + AlphaEarth Embeddings,0.9663520754542033,0.32933342149262645,1
737,CPEC_ROCKFALL_0345,1,rockfall,66_27,1,66.35967301222354,27.73660739106933,Balochistan,conventional_alphaearth_embeddings,Conventional + AlphaEarth Embeddings,0.970603158224026,0.31275142952145935,1
738,RMC_03_00396,0,non_landslide,74_38,1,74.96104177745863,38.65787535797846,raster-matched control,conventional_alphaearth_embeddings,Conventional + AlphaEarth Embeddings,0.08013862523902651,0.31275142952145935,0
739,CPEC_LANDSLIDE_0053,1,landslide,74_35,5,74.62641829161107,35.8124630134599,Gilgit-Baltistan,conventional_alphaearth_embeddings,Conventional + AlphaEarth Embeddings,0.9730318570137232,0.28992385976630347,1
740,RMC_03_01401,0,non_landslide,77_38,4,77.41344250310492,38.68033324008145,raster-matched control,conventional_alphaearth_embeddings,Conventional + AlphaEarth Embeddings,0.10891996061860208,0.32933342149262645,0
741,CPEC_LANDSLIDE_0200,1,landslide,74_36,2,74.28056595480476,36.17628106841055,Gilgit-Baltistan,conventional_alphaearth_embeddings,Conventional + AlphaEarth Embeddings,0.4906676361831107,0.5868831590132428,0
742,CPEC_LANDSLIDE_0281,1,landslide,73_35,4,73.49005206094881,35.52724553277834,KP-AJK,conventional_alphaearth_embeddings,Conventional + AlphaEarth Embeddings,0.9691384125756408,0.32933342149262645,1
743,RMC_03_01493,0,non_landslide,73_35,4,73.23852222015944,35.45987294651297,raster-matched control,conventional_alphaearth_embeddings,Conventional + AlphaEarth Embeddings,0.09034291845687642,0.32933342149262645,0
744,CPEC_ROCKFALL_0346,1,rockfall,66_27,1,66.36192039915449,27.7343600041384,Balochistan,conventional_alphaearth_embeddings,Conventional + AlphaEarth Embeddings,0.9699158473163779,0.31275142952145935,1
745,CPEC_ROCKFALL_0922,1,rockfall,75_38,2,75.49104690407633,38.8846989163641,"Kashgar (Xinjiang, China)",conventional_alphaearth_embeddings,Conventional + AlphaEarth Embeddings,0.19511629148765391,0.5868831590132428,0
746,RMC_03_01235,0,non_landslide,71_31,4,71.96291451670972,31.4578783557605,raster-matched control,conventional_alphaearth_embeddings,Conventional + AlphaEarth Embeddings,0.09067414907951998,0.32933342149262645,0
747,RMC_03_00148,0,non_landslide,75_36,3,75.0037117534543,36.51314761714311,raster-matched control,conventional_alphaearth_embeddings,Conventional + AlphaEarth Embeddings,0.22984279825522502,0.37326188443582237,0
748,RMC_03_01050,0,non_landslide,68_26,1,68.85923521007678,26.83380043075526,raster-matched control,conventional_alphaearth_embeddings,Conventional + AlphaEarth Embeddings,0.09544701822844846,0.31275142952145935,0
749,CPEC_ROCKFALL_0886,1,rockfall,74_38,1,74.9767609431782,38.63092701631144,"Kashgar (Xinjiang, China)",conventional_alphaearth_embeddings,Conventional + AlphaEarth Embeddings,0.9899773393502744,0.31275142952145935,1
750,CPEC_LANDSLIDE_0202,1,landslide,74_36,2,74.30077905988003,36.15157764857446,Gilgit-Baltistan,conventional_alphaearth_embeddings,Conventional + AlphaEarth Embeddings,0.2737295478810842,0.5868831590132428,0
751,RMC_03_00071,0,non_landslide,65_27,5,65.92174423100595,27.680462586037912,raster-matched control,conventional_alphaearth_embeddings,Conventional + AlphaEarth Embeddings,0.4776426648231132,0.28992385976630347,1
752,RMC_03_01362,0,non_landslide,65_27,5,65.58263021125082,27.017955063999764,raster-matched control,conventional_alphaearth_embeddings,Conventional + AlphaEarth Embeddings,0.12730439020653653,0.28992385976630347,0
753,RMC_03_00350,0,non_landslide,63_26,1,63.7388380905955,26.02531667504769,raster-matched control,conventional_alphaearth_embeddings,Conventional + AlphaEarth Embeddings,0.09383506763529016,0.31275142952145935,0
754,RMC_03_01317,0,non_landslide,74_35,5,74.52086728824005,35.46661031114386,raster-matched control,conventional_alphaearth_embeddings,Conventional + AlphaEarth Embeddings,0.12705577382142957,0.28992385976630347,0
755,RMC_03_01154,0,non_landslide,73_35,4,73.4967878643438,35.538475533873424,raster-matched control,conventional_alphaearth_embeddings,Conventional + AlphaEarth Embeddings,0.26797909170816275,0.32933342149262645,0
756,CPEC_LANDSLIDE_0487,1,landslide,75_38,2,75.08905002590608,38.75669150242282,"Kashgar (Xinjiang, China)",conventional_alphaearth_embeddings,Conventional + AlphaEarth Embeddings,0.2481244046577476,0.5868831590132428,0
757,CPEC_LANDSLIDE_0452,1,landslide,74_38,1,74.97227062841739,38.64215503276401,"Kashgar (Xinjiang, China)",conventional_alphaearth_embeddings,Conventional + AlphaEarth Embeddings,0.9778467044276992,0.31275142952145935,1
758,CPEC_LANDSLIDE_0884,1,landslide,73_34,2,73.48106697232612,34.39985993163772,KP-AJK,conventional_alphaearth_embeddings,Conventional + AlphaEarth Embeddings,0.9267230644554676,0.5868831590132428,1
759,CPEC_LANDSLIDE_0543,1,landslide,75_38,2,75.37875782134847,38.81283604378676,"Kashgar (Xinjiang, China)",conventional_alphaearth_embeddings,Conventional + AlphaEarth Embeddings,0.9743290358762078,0.5868831590132428,1
760,CPEC_ROCKFALL_0464,1,rockfall,69_28,1,69.17813701507508,28.872978080832645,Balochistan,conventional_alphaearth_embeddings,Conventional + AlphaEarth Embeddings,0.981326826364267,0.31275142952145935,1
761,RMC_03_00335,0,non_landslide,74_35,5,74.8038366027377,35.464364522933565,raster-matched control,conventional_alphaearth_embeddings,Conventional + AlphaEarth Embeddings,0.3596819930950201,0.28992385976630347,1
762,RMC_03_00169,0,non_landslide,63_26,1,63.961171123415085,26.34646438912042,raster-matched control,conventional_alphaearth_embeddings,Conventional + AlphaEarth Embeddings,0.05867370432565179,0.31275142952145935,0
763,CPEC_LANDSLIDE_0251,1,landslide,74_35,5,74.28730365649652,35.41944676481128,Gilgit-Baltistan,conventional_alphaearth_embeddings,Conventional + AlphaEarth Embeddings,0.9895989682451272,0.28992385976630347,1
764,CPEC_ROCKFALL_0457,1,rockfall,69_28,1,69.1826273298359,28.86174560527901,Balochistan,conventional_alphaearth_embeddings,Conventional + AlphaEarth Embeddings,0.8032740779632479,0.31275142952145935,1
765,CPEC_LANDSLIDE_1073,1,landslide,74_36,2,74.78137651231937,36.20098448824663,Gilgit-Baltistan,conventional_alphaearth_embeddings,Conventional + AlphaEarth Embeddings,0.08559438416924658,0.5868831590132428,0
766,CPEC_LANDSLIDE_1059,1,landslide,74_36,2,74.8173124077091,36.306535869282754,Gilgit-Baltistan,conventional_alphaearth_embeddings,Conventional + AlphaEarth Embeddings,0.9834872726841037,0.5868831590132428,1
767,RMC_03_01002,0,non_landslide,66_29,5,66.29454507391554,29.528746283113826,raster-matched control,conventional_alphaearth_embeddings,Conventional + AlphaEarth Embeddings,0.15424871966339462,0.28992385976630347,0
768,RMC_03_00787,0,non_landslide,65_28,2,65.71288592744816,28.426064271857115,raster-matched control,conventional_alphaearth_embeddings,Conventional + AlphaEarth Embeddings,0.08160534407406227,0.5868831590132428,0
769,CPEC_LANDSLIDE_0257,1,landslide,74_35,5,74.19298029191297,35.39923811883707,Gilgit-Baltistan,conventional_alphaearth_embeddings,Conventional + AlphaEarth Embeddings,0.9831807131816965,0.28992385976630347,1
770,RMC_03_01144,0,non_landslide,73_35,4,73.53047468749828,35.51377186356014,raster-matched control,conventional_alphaearth_embeddings,Conventional + AlphaEarth Embeddings,0.1295629894104284,0.32933342149262645,0
771,RMC_03_01127,0,non_landslide,73_35,4,73.15991963279899,35.219573608011,raster-matched control,conventional_alphaearth_embeddings,Conventional + AlphaEarth Embeddings,0.4545859466169064,0.32933342149262645,1
772,CPEC_LANDSLIDE_0158,1,landslide,74_36,2,74.69828562328946,36.30428848235182,Gilgit-Baltistan,conventional_alphaearth_embeddings,Conventional + AlphaEarth Embeddings,0.873881667658004,0.5868831590132428,1
773,RMC_03_00962,0,non_landslide,75_36,3,75.23053636269448,36.845524272267326,raster-matched control,conventional_alphaearth_embeddings,Conventional + AlphaEarth Embeddings,0.04139513937310163,0.37326188443582237,0
774,CPEC_ROCKFALL_0638,1,rockfall,68_29,2,68.07320744683962,29.95319977013096,Balochistan,conventional_alphaearth_embeddings,Conventional + AlphaEarth Embeddings,0.9570655606927178,0.5868831590132428,1
775,CPEC_LANDSLIDE_0964,1,landslide,75_35,1,75.63253418050218,35.21283431749987,Gilgit-Baltistan,conventional_alphaearth_embeddings,Conventional + AlphaEarth Embeddings,0.9164785622260131,0.31275142952145935,1
776,RMC_03_01061,0,non_landslide,68_26,1,68.8277941751326,26.923631959167214,raster-matched control,conventional_alphaearth_embeddings,Conventional + AlphaEarth Embeddings,0.0939313669306515,0.31275142952145935,0
777,RMC_03_00255,0,non_landslide,66_26,4,66.13284832277402,26.714773655609424,raster-matched control,conventional_alphaearth_embeddings,Conventional + AlphaEarth Embeddings,0.1292131909186686,0.32933342149262645,0
778,RMC_03_00859,0,non_landslide,73_35,4,73.75954508494877,35.5833912980794,raster-matched control,conventional_alphaearth_embeddings,Conventional + AlphaEarth Embeddings,0.06170517191689704,0.32933342149262645,0
779,CPEC_ROCKFALL_0598,1,rockfall,66_29,5,66.89641500602683,29.95769008489178,Balochistan,conventional_alphaearth_embeddings,Conventional + AlphaEarth Embeddings,0.9706105766366188,0.28992385976630347,1
780,RMC_03_01059,0,non_landslide,67_25,3,67.1367156527776,25.616583220773308,raster-matched control,conventional_alphaearth_embeddings,Conventional + AlphaEarth Embeddings,0.17912247942703044,0.37326188443582237,0
781,RMC_03_01311,0,non_landslide,71_35,2,71.73608990746955,35.46211873472326,raster-matched control,conventional_alphaearth_embeddings,Conventional + AlphaEarth Embeddings,0.04843003198595669,0.5868831590132428,0
782,CPEC_ROCKFALL_0076,1,rockfall,63_26,1,63.95892421875566,26.07697011088626,Balochistan,conventional_alphaearth_embeddings,Conventional + AlphaEarth Embeddings,0.9598419239533809,0.31275142952145935,1
783,RMC_03_00412,0,non_landslide,75_36,3,75.08905170544566,36.84327848405703,raster-matched control,conventional_alphaearth_embeddings,Conventional + AlphaEarth Embeddings,0.10289764295817388,0.37326188443582237,0
784,CPEC_LANDSLIDE_0762,1,landslide,72_34,1,72.79385707257536,34.02032354547369,KP-AJK,conventional_alphaearth_embeddings,Conventional + AlphaEarth Embeddings,0.9872828352802443,0.31275142952145935,1
785,RMC_03_00472,0,non_landslide,74_36,2,74.72074243895665,36.28632300790293,raster-matched control,conventional_alphaearth_embeddings,Conventional + AlphaEarth Embeddings,0.7552883729831513,0.5868831590132428,1
786,RMC_03_01495,0,non_landslide,73_35,4,73.75954508494877,35.52050922819103,raster-matched control,conventional_alphaearth_embeddings,Conventional + AlphaEarth Embeddings,0.09530767488272911,0.32933342149262645,0
787,RMC_03_00455,0,non_landslide,76_37,1,76.92835224968037,37.0903151871899,raster-matched control,conventional_alphaearth_embeddings,Conventional + AlphaEarth Embeddings,0.12004917976433019,0.31275142952145935,0
788,CPEC_ROCKFALL_0205,1,rockfall,65_26,3,65.69491914537794,26.29705796158119,Balochistan,conventional_alphaearth_embeddings,Conventional + AlphaEarth Embeddings,0.9797201766355578,0.37326188443582237,1
789,RMC_03_01399,0,non_landslide,77_40,3,77.2539915401737,40.82056940449621,raster-matched control,conventional_alphaearth_embeddings,Conventional + AlphaEarth Embeddings,0.06172755254628779,0.37326188443582237,0
790,CPEC_ROCKFALL_0402,1,rockfall,67_25,3,67.92498692782308,25.879338293096488,Punjab-Sindh lowland corridor,conventional_alphaearth_embeddings,Conventional + AlphaEarth Embeddings,0.9850752526131298,0.37326188443582237,1
791,CPEC_ROCKFALL_0342,1,rockfall,66_27,1,66.35742562529262,27.73885477800027,Balochistan,conventional_alphaearth_embeddings,Conventional + AlphaEarth Embeddings,0.9575757878659897,0.31275142952145935,1
792,CPEC_ROCKFALL_0388,1,rockfall,66_27,1,66.93459382924642,27.67821546277446,Balochistan,conventional_alphaearth_embeddings,Conventional + AlphaEarth Embeddings,0.9830781599882571,0.31275142952145935,1
793,RMC_03_00493,0,non_landslide,74_36,2,74.58374935812843,36.26386512579994,raster-matched control,conventional_alphaearth_embeddings,Conventional + AlphaEarth Embeddings,0.33390786487876933,0.5868831590132428,0
794,CPEC_ROCKFALL_0573,1,rockfall,67_29,1,67.22205423775787,29.47035493076068,Balochistan,conventional_alphaearth_embeddings,Conventional + AlphaEarth Embeddings,0.9670938806464496,0.31275142952145935,1
795,RMC_03_00712,0,non_landslide,73_33,5,73.52149153465709,33.75531969489617,raster-matched control,conventional_alphaearth_embeddings,Conventional + AlphaEarth Embeddings,0.7122467500370367,0.28992385976630347,1
796,RMC_03_00760,0,non_landslide,74_36,2,74.77239556779352,36.32225561926771,raster-matched control,conventional_alphaearth_embeddings,Conventional + AlphaEarth Embeddings,0.08782345624732905,0.5868831590132428,0
797,CPEC_ROCKFALL_0701,1,rockfall,72_32,2,72.44575734883811,32.56729871260202,Punjab-Sindh lowland corridor,conventional_alphaearth_embeddings,Conventional + AlphaEarth Embeddings,0.9691108845634333,0.5868831590132428,1
798,RMC_03_00106,0,non_landslide,75_35,1,75.89978124936353,35.219573608011,raster-matched control,conventional_alphaearth_embeddings,Conventional + AlphaEarth Embeddings,0.11551937432566081,0.31275142952145935,0
799,CPEC_LANDSLIDE_0219,1,landslide,74_36,2,74.21095046915836,36.15606796333528,Gilgit-Baltistan,conventional_alphaearth_embeddings,Conventional + AlphaEarth Embeddings,0.9311260961391434,0.5868831590132428,1
800,CPEC_ROCKFALL_0287,1,rockfall,66_27,1,66.29230045440703,27.18189967912172,Balochistan,conventional_alphaearth_embeddings,Conventional + AlphaEarth Embeddings,0.9820177327824754,0.31275142952145935,1
801,CPEC_ROCKFALL_0354,1,rockfall,66_27,1,66.50115582954832,27.772538827358,Balochistan,conventional_alphaearth_embeddings,Conventional + AlphaEarth Embeddings,0.9843697769455153,0.31275142952145935,1
802,RMC_03_01043,0,non_landslide,67_28,4,67.46460073148121,28.69106728067237,raster-matched control,conventional_alphaearth_embeddings,Conventional + AlphaEarth Embeddings,0.16642157438226696,0.32933342149262645,0
803,CPEC_LANDSLIDE_0107,1,landslide,74_36,2,74.95205752334212,36.79611841034479,Gilgit-Baltistan,conventional_alphaearth_embeddings,Conventional + AlphaEarth Embeddings,0.9841929765006983,0.5868831590132428,1
804,CPEC_LANDSLIDE_0499,1,landslide,75_38,2,75.14968934113189,38.75219672856095,"Kashgar (Xinjiang, China)",conventional_alphaearth_embeddings,Conventional + AlphaEarth Embeddings,0.5333645150222543,0.5868831590132428,0
805,CPEC_ROCKFALL_0828,1,rockfall,74_35,5,74.73196967264718,35.5339832344701,Gilgit-Baltistan,conventional_alphaearth_embeddings,Conventional + AlphaEarth Embeddings,0.9745111708712756,0.28992385976630347,1
806,CPEC_LANDSLIDE_0998,1,landslide,75_35,1,75.91549981515173,35.2240667930535,Gilgit-Baltistan,conventional_alphaearth_embeddings,Conventional + AlphaEarth Embeddings,0.9836591194627092,0.31275142952145935,1
807,RMC_03_01034,0,non_landslide,65_26,3,65.17389675697643,26.267861801759963,raster-matched control,conventional_alphaearth_embeddings,Conventional + AlphaEarth Embeddings,0.12606888359472437,0.37326188443582237,0
808,CPEC_ROCKFALL_0356,1,rockfall,66_27,1,66.51238830510198,27.76355819783636,Balochistan,conventional_alphaearth_embeddings,Conventional + AlphaEarth Embeddings,0.9846454366301437,0.31275142952145935,1
809,RMC_03_00503,0,non_landslide,73_35,4,73.46085525297903,35.556441839555816,raster-matched control,conventional_alphaearth_embeddings,Conventional + AlphaEarth Embeddings,0.10968977958022468,0.32933342149262645,0
810,CPEC_ROCKFALL_0091,1,rockfall,65_27,5,65.64102199094494,27.148211170662936,Balochistan,conventional_alphaearth_embeddings,Conventional + AlphaEarth Embeddings,0.9810046837144962,0.28992385976630347,1
811,CPEC_LANDSLIDE_1076,1,landslide,74_36,2,74.79485191570288,36.189752012693006,Gilgit-Baltistan,conventional_alphaearth_embeddings,Conventional + AlphaEarth Embeddings,0.9760586309058913,0.5868831590132428,1
812,RMC_03_00423,0,non_landslide,74_36,2,74.98125387135131,36.85450742510852,raster-matched control,conventional_alphaearth_embeddings,Conventional + AlphaEarth Embeddings,0.08655929736683533,0.5868831590132428,0
813,CPEC_ROCKFALL_0521,1,rockfall,67_29,1,67.8890554915344,29.68370507976385,Balochistan,conventional_alphaearth_embeddings,Conventional + AlphaEarth Embeddings,0.9892914821933089,0.31275142952145935,1
814,RMC_03_00056,0,non_landslide,69_31,2,69.42068226265147,31.875594962876075,raster-matched control,conventional_alphaearth_embeddings,Conventional + AlphaEarth Embeddings,0.11776538116070373,0.5868831590132428,0
815,CPEC_ROCKFALL_0300,1,rockfall,66_27,1,66.5348443380071,27.63779371172497,Balochistan,conventional_alphaearth_embeddings,Conventional + AlphaEarth Embeddings,0.9812436772834496,0.31275142952145935,1
816,RMC_03_00058,0,non_landslide,64_28,1,64.98525054731134,28.913400313491955,raster-matched control,conventional_alphaearth_embeddings,Conventional + AlphaEarth Embeddings,0.0887724497274555,0.31275142952145935,0
817,RMC_03_01088,0,non_landslide,69_31,2,69.14220452457442,31.58588828374753,raster-matched control,conventional_alphaearth_embeddings,Conventional + AlphaEarth Embeddings,0.09979017283582987,0.5868831590132428,0
818,CPEC_LANDSLIDE_0363,1,landslide,74_38,1,74.94082950688954,38.28507467950512,"Kashgar (Xinjiang, China)",conventional_alphaearth_embeddings,Conventional + AlphaEarth Embeddings,0.968749200646052,0.31275142952145935,1
819,CPEC_LANDSLIDE_0298,1,landslide,73_35,4,73.21157228195901,35.410466135289646,KP-AJK,conventional_alphaearth_embeddings,Conventional + AlphaEarth Embeddings,0.9265184010638015,0.32933342149262645,1
820,RMC_03_00023,0,non_landslide,74_39,3,74.37489105457064,39.81445628628235,raster-matched control,conventional_alphaearth_embeddings,Conventional + AlphaEarth Embeddings,0.10025836139388263,0.37326188443582237,0
821,CPEC_ROCKFALL_0632,1,rockfall,68_29,2,68.0979108666757,29.92849635029487,Balochistan,conventional_alphaearth_embeddings,Conventional + AlphaEarth Embeddings,0.962655303512032,0.5868831590132428,1
822,CPEC_LANDSLIDE_0974,1,landslide,75_35,1,75.80321073242386,35.338598803611255,Gilgit-Baltistan,conventional_alphaearth_embeddings,Conventional + AlphaEarth Embeddings,0.3464771993711019,0.31275142952145935,1
823,RMC_03_00567,0,non_landslide,75_38,2,75.11375537575894,38.73423215712862,raster-matched control,conventional_alphaearth_embeddings,Conventional + AlphaEarth Embeddings,0.07904999810692731,0.5868831590132428,0
824,CPEC_ROCKFALL_0320,1,rockfall,66_29,5,66.75044187394121,29.616332521947346,Balochistan,conventional_alphaearth_embeddings,Conventional + AlphaEarth Embeddings,0.985813346155309,0.28992385976630347,1
825,RMC_03_00052,0,non_landslide,67_29,1,67.3118871331809,29.899301337813128,raster-matched control,conventional_alphaearth_embeddings,Conventional + AlphaEarth Embeddings,0.15162887386167606,0.31275142952145935,0
826,CPEC_ROCKFALL_0531,1,rockfall,67_29,1,67.91151152443956,29.68819539452467,Balochistan,conventional_alphaearth_embeddings,Conventional + AlphaEarth Embeddings,0.9882953481008506,0.31275142952145935,1
827,CPEC_LANDSLIDE_0983,1,landslide,75_35,1,75.85037464426617,35.311652455945286,Gilgit-Baltistan,conventional_alphaearth_embeddings,Conventional + AlphaEarth Embeddings,0.9093073547938921,0.31275142952145935,1
828,CPEC_ROCKFALL_0305,1,rockfall,66_27,1,66.5438294266298,27.63779371172497,Balochistan,conventional_alphaearth_embeddings,Conventional + AlphaEarth Embeddings,0.981882283105826,0.31275142952145935,1
829,CPEC_ROCKFALL_0375,1,rockfall,66_27,1,66.99073837061036,27.96343294345602,Balochistan,conventional_alphaearth_embeddings,Conventional + AlphaEarth Embeddings,0.5840475599980639,0.31275142952145935,1
830,CPEC_LANDSLIDE_0276,1,landslide,73_35,4,73.57090002214885,35.53847354923092,KP-AJK,conventional_alphaearth_embeddings,Conventional + AlphaEarth Embeddings,0.9734756668922246,0.32933342149262645,1
831,RMC_03_00908,0,non_landslide,75_38,2,75.49553937150974,38.91389521395253,raster-matched control,conventional_alphaearth_embeddings,Conventional + AlphaEarth Embeddings,0.08090506350357875,0.5868831590132428,0
832,RMC_03_00832,0,non_landslide,67_30,3,67.94295362027486,30.02955705401046,raster-matched control,conventional_alphaearth_embeddings,Conventional + AlphaEarth Embeddings,0.20038430495353934,0.37326188443582237,0
833,CPEC_ROCKFALL_0510,1,rockfall,68_29,2,68.40783176719336,29.360313234963748,Balochistan,conventional_alphaearth_embeddings,Conventional + AlphaEarth Embeddings,0.18205383791177185,0.5868831590132428,0
834,CPEC_LANDSLIDE_0273,1,landslide,73_35,4,73.60907884536844,35.563181428168065,Gilgit-Baltistan,conventional_alphaearth_embeddings,Conventional + AlphaEarth Embeddings,0.9394321442215027,0.32933342149262645,1
835,CPEC_ROCKFALL_0870,1,rockfall,75_37,5,75.20807681032571,37.90778122117096,"Kashgar (Xinjiang, China)",conventional_alphaearth_embeddings,Conventional + AlphaEarth Embeddings,0.9822969737998684,0.28992385976630347,1
836,RMC_03_00392,0,non_landslide,74_38,1,74.92510916609385,38.27609136222767,raster-matched control,conventional_alphaearth_embeddings,Conventional + AlphaEarth Embeddings,0.09712218389024799,0.31275142952145935,0
837,CPEC_LANDSLIDE_0948,1,landslide,75_35,1,75.2709590533814,35.58339007414227,Gilgit-Baltistan,conventional_alphaearth_embeddings,Conventional + AlphaEarth Embeddings,0.971044391570614,0.31275142952145935,1
838,RMC_03_00948,0,non_landslide,75_36,3,75.18337481027821,36.86573636616002,raster-matched control,conventional_alphaearth_embeddings,Conventional + AlphaEarth Embeddings,0.0367896826710419,0.37326188443582237,0
839,CPEC_ROCKFALL_0891,1,rockfall,75_38,2,75.18113046265974,38.7454590268692,"Kashgar (Xinjiang, China)",conventional_alphaearth_embeddings,Conventional + AlphaEarth Embeddings,0.9757991689366611,0.5868831590132428,1
840,CPEC_ROCKFALL_0905,1,rockfall,75_38,2,75.3967235394928,38.81283604378676,"Kashgar (Xinjiang, China)",conventional_alphaearth_embeddings,Conventional + AlphaEarth Embeddings,0.9726749160722371,0.5868831590132428,1
841,RMC_03_00844,0,non_landslide,72_32,2,72.84101770693655,32.708782388896935,raster-matched control,conventional_alphaearth_embeddings,Conventional + AlphaEarth Embeddings,0.13641833411840293,0.5868831590132428,0
842,CPEC_LANDSLIDE_0015,1,landslide,74_39,3,74.60845257346674,39.300171197917855,"Kashgar (Xinjiang, China)",conventional_alphaearth_embeddings,Conventional + AlphaEarth Embeddings,0.272897978616263,0.37326188443582237,0
843,RMC_03_01404,0,non_landslide,65_27,5,65.13347256919106,27.41096800080205,raster-matched control,conventional_alphaearth_embeddings,Conventional + AlphaEarth Embeddings,0.12612567496236252,0.28992385976630347,0
844,CPEC_ROCKFALL_0819,1,rockfall,75_35,1,75.83689924088264,35.32737078715868,Gilgit-Baltistan,conventional_alphaearth_embeddings,Conventional + AlphaEarth Embeddings,0.9741583036037451,0.31275142952145935,1
845,RMC_03_00224,0,non_landslide,66_27,1,66.42480079011287,27.464866917849225,raster-matched control,conventional_alphaearth_embeddings,Conventional + AlphaEarth Embeddings,0.17396535596183313,0.31275142952145935,0
846,RMC_03_00376,0,non_landslide,76_37,1,76.62067926486944,37.75956007385894,raster-matched control,conventional_alphaearth_embeddings,Conventional + AlphaEarth Embeddings,0.16433329561323773,0.31275142952145935,0
847,RMC_03_01063,0,non_landslide,66_28,3,66.3664102966451,28.109408134204983,raster-matched control,conventional_alphaearth_embeddings,Conventional + AlphaEarth Embeddings,0.06884168923663149,0.37326188443582237,0
848,CPEC_LANDSLIDE_0128,1,landslide,74_36,2,74.83752551278435,36.59624366472514,Gilgit-Baltistan,conventional_alphaearth_embeddings,Conventional + AlphaEarth Embeddings,0.14798888557045128,0.5868831590132428,0
849,RMC_03_00912,0,non_landslide,77_37,2,77.37975567995043,37.6450248751337,raster-matched control,conventional_alphaearth_embeddings,Conventional + AlphaEarth Embeddings,0.11351952106140763,0.5868831590132428,0
850,RMC_03_01038,0,non_landslide,68_29,2,68.4415186029612,29.46811000143576,raster-matched control,conventional_alphaearth_embeddings,Conventional + AlphaEarth Embeddings,0.4240881294571595,0.5868831590132428,0
851,CPEC_LANDSLIDE_0170,1,landslide,74_36,2,74.62192797685024,36.28183244944666,Gilgit-Baltistan,conventional_alphaearth_embeddings,Conventional + AlphaEarth Embeddings,0.2086787843535345,0.5868831590132428,0
852,CPEC_LANDSLIDE_1062,1,landslide,74_36,2,74.8083273190864,36.30204555452194,Gilgit-Baltistan,conventional_alphaearth_embeddings,Conventional + AlphaEarth Embeddings,0.8207358022158964,0.5868831590132428,1
853,RMC_03_00393,0,non_landslide,74_38,1,74.92735495430415,38.28732030327916,raster-matched control,conventional_alphaearth_embeddings,Conventional + AlphaEarth Embeddings,0.12922361956117853,0.31275142952145935,0
854,RMC_03_00705,0,non_landslide,73_34,2,73.41369370056275,34.41108985230343,raster-matched control,conventional_alphaearth_embeddings,Conventional + AlphaEarth Embeddings,0.1137831727204401,0.5868831590132428,0
855,RMC_03_01042,0,non_landslide,64_25,5,64.95830108878775,25.74683893697064,raster-matched control,conventional_alphaearth_embeddings,Conventional + AlphaEarth Embeddings,0.14426482423464454,0.28992385976630347,0
856,RMC_03_00431,0,non_landslide,74_36,2,74.78137872063472,36.72874328533179,raster-matched control,conventional_alphaearth_embeddings,Conventional + AlphaEarth Embeddings,0.08856844746262346,0.5868831590132428,0
857,RMC_03_00197,0,non_landslide,69_31,2,69.32635915781893,31.783517646253827,raster-matched control,conventional_alphaearth_embeddings,Conventional + AlphaEarth Embeddings,0.0975946843636134,0.5868831590132428,0
858,CPEC_ROCKFALL_0677,1,rockfall,70_29,4,70.00458680432074,29.95769008489178,Punjab-Sindh lowland corridor,conventional_alphaearth_embeddings,Conventional + AlphaEarth Embeddings,0.5856350091180758,0.32933342149262645,1
859,CPEC_LANDSLIDE_0685,1,landslide,66_27,1,66.28556275271528,27.087576314538182,Balochistan,conventional_alphaearth_embeddings,Conventional + AlphaEarth Embeddings,0.989980823621328,0.31275142952145935,1
860,RMC_03_00942,0,non_landslide,74_36,2,74.28056794973809,36.3334845603192,raster-matched control,conventional_alphaearth_embeddings,Conventional + AlphaEarth Embeddings,0.3932772279561808,0.5868831590132428,0
861,CPEC_ROCKFALL_0074,1,rockfall,63_26,1,63.95892421875566,26.07697011088626,Balochistan,conventional_alphaearth_embeddings,Conventional + AlphaEarth Embeddings,0.9598419239533809,0.31275142952145935,1
862,CPEC_ROCKFALL_0114,1,rockfall,65_27,5,65.86784754333162,27.478340717154804,Balochistan,conventional_alphaearth_embeddings,Conventional + AlphaEarth Embeddings,0.9873329683087648,0.28992385976630347,1
863,RMC_03_00992,0,non_landslide,74_35,5,74.06048070512881,35.18139520843592,raster-matched control,conventional_alphaearth_embeddings,Conventional + AlphaEarth Embeddings,0.17964503499375004,0.28992385976630347,0
864,CPEC_LANDSLIDE_0757,1,landslide,72_32,2,72.60072002864746,32.627933568726775,Punjab-Sindh lowland corridor,conventional_alphaearth_embeddings,Conventional + AlphaEarth Embeddings,0.9896539031518494,0.5868831590132428,1
865,RMC_03_00589,0,non_landslide,75_38,2,75.14519641070312,38.756690039231614,raster-matched control,conventional_alphaearth_embeddings,Conventional + AlphaEarth Embeddings,0.08907807279538522,0.5868831590132428,0
866,RMC_03_01185,0,non_landslide,70_33,2,70.36391331097697,33.13323636064341,raster-matched control,conventional_alphaearth_embeddings,Conventional + AlphaEarth Embeddings,0.13033348129564512,0.5868831590132428,0
867,RMC_03_01227,0,non_landslide,70_30,1,70.45599062759922,30.66511511752502,raster-matched control,conventional_alphaearth_embeddings,Conventional + AlphaEarth Embeddings,0.1310165649792759,0.31275142952145935,0
868,CPEC_LANDSLIDE_0058,1,landslide,75_36,3,75.36303949013507,36.82306475801076,Gilgit-Baltistan,conventional_alphaearth_embeddings,Conventional + AlphaEarth Embeddings,0.3968248384916169,0.37326188443582237,1
869,RMC_03_00033,0,non_landslide,74_38,1,74.51637571181946,38.985760436682085,raster-matched control,conventional_alphaearth_embeddings,Conventional + AlphaEarth Embeddings,0.07695610389625492,0.31275142952145935,0
870,RMC_03_00845,0,non_landslide,72_32,2,72.72648250821132,32.71551975352783,raster-matched control,conventional_alphaearth_embeddings,Conventional + AlphaEarth Embeddings,0.6006718216231429,0.5868831590132428,1
871,CPEC_ROCKFALL_0892,1,rockfall,75_38,2,75.18337339048962,38.7454590268692,"Kashgar (Xinjiang, China)",conventional_alphaearth_embeddings,Conventional + AlphaEarth Embeddings,0.9841755648056083,0.5868831590132428,1
872,RMC_03_01425,0,non_landslide,65_28,2,65.63203755187739,28.27784224997739,raster-matched control,conventional_alphaearth_embeddings,Conventional + AlphaEarth Embeddings,0.1937030003009482,0.5868831590132428,0
873,CPEC_ROCKFALL_0603,1,rockfall,66_29,5,66.95031661956088,29.843158074334024,Balochistan,conventional_alphaearth_embeddings,Conventional + AlphaEarth Embeddings,0.9807666289788204,0.28992385976630347,1
874,CPEC_LANDSLIDE_0892,1,landslide,73_34,2,73.48106697232612,34.4110879480903,KP-AJK,conventional_alphaearth_embeddings,Conventional + AlphaEarth Embeddings,0.9719753165348417,0.5868831590132428,1
875,RMC_03_01150,0,non_landslide,73_35,4,73.41593948877305,35.51601765177044,raster-matched control,conventional_alphaearth_embeddings,Conventional + AlphaEarth Embeddings,0.08118432498186785,0.32933342149262645,0
876,RMC_03_00492,0,non_landslide,74_36,2,74.49167204150618,36.23466987906605,raster-matched control,conventional_alphaearth_embeddings,Conventional + AlphaEarth Embeddings,0.22954967739774762,0.5868831590132428,0
877,RMC_03_01032,0,non_landslide,65_26,3,65.51301077673156,26.982022452634983,raster-matched control,conventional_alphaearth_embeddings,Conventional + AlphaEarth Embeddings,0.04963374263867041,0.37326188443582237,0
878,RMC_03_00314,0,non_landslide,68_26,1,68.91537991533424,26.98875981726588,raster-matched control,conventional_alphaearth_embeddings,Conventional + AlphaEarth Embeddings,0.10415631243173312,0.31275142952145935,0
879,CPEC_ROCKFALL_0913,1,rockfall,75_38,2,75.45736285471861,38.81507897161664,"Kashgar (Xinjiang, China)",conventional_alphaearth_embeddings,Conventional + AlphaEarth Embeddings,0.9721984687617549,0.5868831590132428,1
880,RMC_03_00426,0,non_landslide,74_36,2,74.94307547177624,36.79611693164075,raster-matched control,conventional_alphaearth_embeddings,Conventional + AlphaEarth Embeddings,0.32092765859963573,0.5868831590132428,0
881,RMC_03_00899,0,non_landslide,77_37,2,77.23602523449131,37.42942920694502,raster-matched control,conventional_alphaearth_embeddings,Conventional + AlphaEarth Embeddings,0.10914353165749695,0.5868831590132428,0
882,CPEC_LANDSLIDE_0074,1,landslide,75_36,3,75.15642704282365,36.86573835509224,Gilgit-Baltistan,conventional_alphaearth_embeddings,Conventional + AlphaEarth Embeddings,0.8626029656622012,0.37326188443582237,1
883,CPEC_LANDSLIDE_0917,1,landslide,76_35,2,76.16478585954464,35.192625671525654,Gilgit-Baltistan,conventional_alphaearth_embeddings,Conventional + AlphaEarth Embeddings,0.9560813052972565,0.5868831590132428,1
884,CPEC_LANDSLIDE_0539,1,landslide,75_38,2,75.37651043441753,38.81283604378677,"Kashgar (Xinjiang, China)",conventional_alphaearth_embeddings,Conventional + AlphaEarth Embeddings,0.9828046177713837,0.5868831590132428,1
885,CPEC_ROCKFALL_0862,1,rockfall,73_35,4,73.86958844711286,35.48232900786698,Gilgit-Baltistan,conventional_alphaearth_embeddings,Conventional + AlphaEarth Embeddings,0.971105578212078,0.32933342149262645,1
886,CPEC_ROCKFALL_0687,1,rockfall,70_32,5,70.39310827910748,32.93335969538256,KP-AJK,conventional_alphaearth_embeddings,Conventional + AlphaEarth Embeddings,0.993494042232006,0.28992385976630347,1
887,CPEC_LANDSLIDE_0774,1,landslide,72_33,4,72.91512678482488,33.83616713106742,KP-AJK,conventional_alphaearth_embeddings,Conventional + AlphaEarth Embeddings,0.8334363991867607,0.32933342149262645,1
888,CPEC_LANDSLIDE_0736,1,landslide,70_31,3,70.04501301447128,31.444403426222223,KP-AJK,conventional_alphaearth_embeddings,Conventional + AlphaEarth Embeddings,0.9891277507128784,0.37326188443582237,1
889,RMC_03_00977,0,non_landslide,75_36,3,75.12947589323103,36.888194248263005,raster-matched control,conventional_alphaearth_embeddings,Conventional + AlphaEarth Embeddings,0.6993513022442858,0.37326188443582237,1
890,CPEC_ROCKFALL_0624,1,rockfall,67_30,3,67.21307360823623,30.272101300170256,Balochistan,conventional_alphaearth_embeddings,Conventional + AlphaEarth Embeddings,0.5398945688184034,0.37326188443582237,1
891,RMC_03_01201,0,non_landslide,63_25,4,63.61531973902907,25.95120566410783,raster-matched control,conventional_alphaearth_embeddings,Conventional + AlphaEarth Embeddings,0.09712163765609981,0.32933342149262645,0
892,CPEC_LANDSLIDE_0249,1,landslide,74_35,5,74.61294288822755,35.509279814634006,Gilgit-Baltistan,conventional_alphaearth_embeddings,Conventional + AlphaEarth Embeddings,0.6985342042919452,0.28992385976630347,1
893,RMC_03_00809,0,non_landslide,68_29,2,68.25511818150639,29.70840933993773,raster-matched control,conventional_alphaearth_embeddings,Conventional + AlphaEarth Embeddings,0.17539381562670311,0.5868831590132428,0
894,RMC_03_00668,0,non_landslide,69_31,2,69.5554295552694,31.972163855918925,raster-matched control,conventional_alphaearth_embeddings,Conventional + AlphaEarth Embeddings,0.10640654614896534,0.5868831590132428,0
895,RMC_03_00487,0,non_landslide,74_36,2,74.60845302844172,36.30878089000591,raster-matched control,conventional_alphaearth_embeddings,Conventional + AlphaEarth Embeddings,0.22536638845915238,0.5868831590132428,0
896,CPEC_LANDSLIDE_0013,1,landslide,74_38,1,74.80383700432557,38.93860052989815,"Kashgar (Xinjiang, China)",conventional_alphaearth_embeddings,Conventional + AlphaEarth Embeddings,0.27550895176906337,0.31275142952145935,0
897,RMC_03_01413,0,non_landslide,71_35,2,71.80121776556821,35.55868762776611,raster-matched control,conventional_alphaearth_embeddings,Conventional + AlphaEarth Embeddings,0.26749140995723714,0.5868831590132428,0
898,RMC_03_00631,0,non_landslide,76_37,1,76.93508961431127,37.03417048193243,raster-matched control,conventional_alphaearth_embeddings,Conventional + AlphaEarth Embeddings,0.15457867874017017,0.31275142952145935,0
899,RMC_03_01403,0,non_landslide,68_30,4,68.32249182781536,30.698801940679505,raster-matched control,conventional_alphaearth_embeddings,Conventional + AlphaEarth Embeddings,0.07143890846996037,0.32933342149262645,0
900,RMC_03_00882,0,non_landslide,74_36,2,74.28730531436898,36.153821503495294,raster-matched control,conventional_alphaearth_embeddings,Conventional + AlphaEarth Embeddings,0.0915858681431277,0.5868831590132428,0
901,RMC_03_00732,0,non_landslide,76_34,5,76.17825898744057,34.98376584592962,raster-matched control,conventional_alphaearth_embeddings,Conventional + AlphaEarth Embeddings,0.4448733358484412,0.28992385976630347,1
902,RMC_03_00555,0,non_landslide,74_35,5,74.02454809376403,35.12525050317844,raster-matched control,conventional_alphaearth_embeddings,Conventional + AlphaEarth Embeddings,0.23638265805581896,0.28992385976630347,0
903,CPEC_ROCKFALL_0372,1,rockfall,66_27,1,66.98624805584954,27.95444785483333,Balochistan,conventional_alphaearth_embeddings,Conventional + AlphaEarth Embeddings,0.8623478618021666,0.31275142952145935,1
904,RMC_03_01234,0,non_landslide,67_25,3,67.20858087550715,25.8276873125414,raster-matched control,conventional_alphaearth_embeddings,Conventional + AlphaEarth Embeddings,0.11061125794505572,0.37326188443582237,0
905,RMC_03_00482,0,non_landslide,74_35,5,74.0739554343906,35.52050922819103,raster-matched control,conventional_alphaearth_embeddings,Conventional + AlphaEarth Embeddings,0.1276786845185878,0.28992385976630347,0
906,CPEC_ROCKFALL_0793,1,rockfall,76_35,2,76.13334473801679,35.20385368797823,Gilgit-Baltistan,conventional_alphaearth_embeddings,Conventional + AlphaEarth Embeddings,0.9727309616298464,0.5868831590132428,1
907,RMC_03_00829,0,non_landslide,70_31,3,70.07196084363812,31.889069692137863,raster-matched control,conventional_alphaearth_embeddings,Conventional + AlphaEarth Embeddings,0.06415545290334523,0.37326188443582237,0
908,RMC_03_01381,0,non_landslide,71_35,2,71.79223461272701,35.572162357027906,raster-matched control,conventional_alphaearth_embeddings,Conventional + AlphaEarth Embeddings,0.13352048211303996,0.5868831590132428,0
909,RMC_03_01498,0,non_landslide,74_35,5,74.49840940613707,35.48233082861596,raster-matched control,conventional_alphaearth_embeddings,Conventional + AlphaEarth Embeddings,0.03788089697811582,0.28992385976630347,0
910,RMC_03_00177,0,non_landslide,65_29,4,65.97115157163252,29.367049531972317,raster-matched control,conventional_alphaearth_embeddings,Conventional + AlphaEarth Embeddings,0.07833091045897761,0.32933342149262645,0
911,CPEC_ROCKFALL_0048,1,rockfall,63_27,3,63.597353550735946,27.460374999010465,Balochistan,conventional_alphaearth_embeddings,Conventional + AlphaEarth Embeddings,0.5015212623959506,0.37326188443582237,1
912,RMC_03_01188,0,non_landslide,69_31,2,69.9439509156511,31.34558894524556,raster-matched control,conventional_alphaearth_embeddings,Conventional + AlphaEarth Embeddings,0.1335516857483797,0.5868831590132428,0
913,CPEC_LANDSLIDE_0191,1,landslide,74_36,2,74.30751676157178,36.21895020639097,Gilgit-Baltistan,conventional_alphaearth_embeddings,Conventional + AlphaEarth Embeddings,0.9846953872446256,0.5868831590132428,1
914,RMC_03_00011,0,non_landslide,75_38,2,75.03964436481908,38.42206759589709,raster-matched control,conventional_alphaearth_embeddings,Conventional + AlphaEarth Embeddings,0.13383839166428046,0.5868831590132428,0
915,RMC_03_01326,0,non_landslide,75_40,1,75.28668106795195,40.23441868160823,raster-matched control,conventional_alphaearth_embeddings,Conventional + AlphaEarth Embeddings,0.09175725035619636,0.31275142952145935,0
916,CPEC_LANDSLIDE_0472,1,landslide,75_38,2,75.06659399300092,38.75219672856095,"Kashgar (Xinjiang, China)",conventional_alphaearth_embeddings,Conventional + AlphaEarth Embeddings,0.7979910343478201,0.5868831590132428,1
917,CPEC_LANDSLIDE_0881,1,landslide,73_34,2,73.48555728708695,34.38638452825421,KP-AJK,conventional_alphaearth_embeddings,Conventional + AlphaEarth Embeddings,0.7126921751510532,0.5868831590132428,1
918,RMC_03_01137,0,non_landslide,73_35,4,73.99759863524044,35.44415242904088,raster-matched control,conventional_alphaearth_embeddings,Conventional + AlphaEarth Embeddings,0.0707371809344693,0.32933342149262645,0
919,CPEC_LANDSLIDE_0185,1,landslide,74_36,2,74.33222018140788,36.263866731302336,Gilgit-Baltistan,conventional_alphaearth_embeddings,Conventional + AlphaEarth Embeddings,0.9757279878899368,0.5868831590132428,1
920,RMC_03_00856,0,non_landslide,73_35,4,73.3238621721508,35.49805134608805,raster-matched control,conventional_alphaearth_embeddings,Conventional + AlphaEarth Embeddings,0.1089966030769391,0.32933342149262645,0
921,RMC_03_00271,0,non_landslide,67_26,5,67.58811908304764,26.11065662703905,raster-matched control,conventional_alphaearth_embeddings,Conventional + AlphaEarth Embeddings,0.08642997675909503,0.28992385976630347,0
922,RMC_03_00184,0,non_landslide,66_27,1,66.28780770928465,27.00672612294827,raster-matched control,conventional_alphaearth_embeddings,Conventional + AlphaEarth Embeddings,0.1860012779131805,0.31275142952145935,0
923,RMC_03_00497,0,non_landslide,74_36,2,74.40408630130452,36.23916145548665,raster-matched control,conventional_alphaearth_embeddings,Conventional + AlphaEarth Embeddings,0.08603910392831977,0.5868831590132428,0
924,RMC_03_01441,0,non_landslide,67_26,5,67.8800715503865,26.155572391245023,raster-matched control,conventional_alphaearth_embeddings,Conventional + AlphaEarth Embeddings,0.25170434024479366,0.28992385976630347,0
925,CPEC_LANDSLIDE_0866,1,landslide,73_34,2,73.44962585079827,34.411087948090305,KP-AJK,conventional_alphaearth_embeddings,Conventional + AlphaEarth Embeddings,0.18650289867977893,0.5868831590132428,0
926,CPEC_LANDSLIDE_1065,1,landslide,74_36,2,74.82180272246991,36.30653586928275,Gilgit-Baltistan,conventional_alphaearth_embeddings,Conventional + AlphaEarth Embeddings,0.9840871548333285,0.5868831590132428,1
927,RMC_03_00234,0,non_landslide,74_35,5,74.61743618128291,35.65525652080896,raster-matched control,conventional_alphaearth_embeddings,Conventional + AlphaEarth Embeddings,0.08183625920074779,0.28992385976630347,0
928,CPEC_LANDSLIDE_0195,1,landslide,74_36,2,74.37713670631923,36.24814394098788,Gilgit-Baltistan,conventional_alphaearth_embeddings,Conventional + AlphaEarth Embeddings,0.9788892510050761,0.5868831590132428,1
929,CPEC_ROCKFALL_0017,1,rockfall,76_37,1,76.20296468276423,37.788754436751326,"Kashgar (Xinjiang, China)",conventional_alphaearth_embeddings,Conventional + AlphaEarth Embeddings,0.97443746907143,0.31275142952145935,1
930,RMC_03_00206,0,non_landslide,69_31,2,69.33983388708072,31.81271289298771,raster-matched control,conventional_alphaearth_embeddings,Conventional + AlphaEarth Embeddings,0.12839102477080058,0.5868831590132428,0
931,CPEC_LANDSLIDE_0553,1,landslide,75_38,2,75.40346124118454,38.81732635854758,"Kashgar (Xinjiang, China)",conventional_alphaearth_embeddings,Conventional + AlphaEarth Embeddings,0.9872659679240254,0.5868831590132428,1
932,CPEC_ROCKFALL_0467,1,rockfall,69_29,3,69.16241868386169,29.07060543952136,Balochistan,conventional_alphaearth_embeddings,Conventional + AlphaEarth Embeddings,0.9737837785561643,0.37326188443582237,1
933,CPEC_ROCKFALL_0462,1,rockfall,69_28,1,69.18038440200601,28.863992992209948,Balochistan,conventional_alphaearth_embeddings,Conventional + AlphaEarth Embeddings,0.9370590830217175,0.31275142952145935,1
934,RMC_03_00636,0,non_landslide,75_38,2,75.49104779508914,38.842029991222965,raster-matched control,conventional_alphaearth_embeddings,Conventional + AlphaEarth Embeddings,0.12523322433923814,0.5868831590132428,0
935,RMC_03_00681,0,non_landslide,73_33,5,73.42267685340394,33.928245387089184,raster-matched control,conventional_alphaearth_embeddings,Conventional + AlphaEarth Embeddings,0.12020488736217037,0.28992385976630347,0
936,RMC_03_01057,0,non_landslide,68_29,2,68.14058298278115,29.870106091079244,raster-matched control,conventional_alphaearth_embeddings,Conventional + AlphaEarth Embeddings,0.06983778194266069,0.5868831590132428,0
937,CPEC_ROCKFALL_0939,1,rockfall,75_38,2,75.50452230745985,38.9318628282064,"Kashgar (Xinjiang, China)",conventional_alphaearth_embeddings,Conventional + AlphaEarth Embeddings,0.9868074553207183,0.5868831590132428,1
938,CPEC_LANDSLIDE_0927,1,landslide,76_35,2,76.13558766584667,35.2016063010473,Gilgit-Baltistan,conventional_alphaearth_embeddings,Conventional + AlphaEarth Embeddings,0.9779121585764642,0.5868831590132428,1
939,RMC_03_01119,0,non_landslide,71_33,3,71.76977673062402,33.5150203563942,raster-matched control,conventional_alphaearth_embeddings,Conventional + AlphaEarth Embeddings,0.05364386463298977,0.37326188443582237,0
940,RMC_03_01131,0,non_landslide,73_35,4,73.21157276163586,35.25326043116548,raster-matched control,conventional_alphaearth_embeddings,Conventional + AlphaEarth Embeddings,0.12242209438382645,0.32933342149262645,0
941,RMC_03_00329,0,non_landslide,65_26,3,65.25923670896779,26.391380153326395,raster-matched control,conventional_alphaearth_embeddings,Conventional + AlphaEarth Embeddings,0.09249603258987213,0.37326188443582237,0
942,CPEC_ROCKFALL_0335,1,rockfall,66_26,4,66.56179514477414,26.065742094433684,Balochistan,conventional_alphaearth_embeddings,Conventional + AlphaEarth Embeddings,0.9440384196304975,0.32933342149262645,1
943,RMC_03_00878,0,non_landslide,77_37,2,77.20233841133683,37.40247974842144,raster-matched control,conventional_alphaearth_embeddings,Conventional + AlphaEarth Embeddings,0.11854155530178069,0.5868831590132428,0
944,CPEC_LANDSLIDE_0571,1,landslide,75_39,4,75.58986058342069,39.03965713707239,"Kashgar (Xinjiang, China)",conventional_alphaearth_embeddings,Conventional + AlphaEarth Embeddings,0.960338882548101,0.32933342149262645,1
945,RMC_03_00800,0,non_landslide,66_25,2,66.96154417237429,25.2617486835461,raster-matched control,conventional_alphaearth_embeddings,Conventional + AlphaEarth Embeddings,0.18225931349399724,0.5868831590132428,0
946,CPEC_LANDSLIDE_1005,1,landslide,75_35,1,75.94694093667958,35.20834400273905,Gilgit-Baltistan,conventional_alphaearth_embeddings,Conventional + AlphaEarth Embeddings,0.9583853304746734,0.31275142952145935,1
947,RMC_03_00432,0,non_landslide,74_36,2,74.91837180146295,36.82082060195404,raster-matched control,conventional_alphaearth_embeddings,Conventional + AlphaEarth Embeddings,0.07551217725521038,0.5868831590132428,0
948,CPEC_ROCKFALL_0016,1,rockfall,76_37,1,76.14457275446937,37.82693325997093,"Kashgar (Xinjiang, China)",conventional_alphaearth_embeddings,Conventional + AlphaEarth Embeddings,0.9858782201081661,0.31275142952145935,1
949,RMC_03_01075,0,non_landslide,66_26,4,66.20246775729329,26.0185793104168,raster-matched control,conventional_alphaearth_embeddings,Conventional + AlphaEarth Embeddings,0.14023988727903225,0.32933342149262645,0
950,CPEC_LANDSLIDE_0705,1,landslide,66_25,2,66.85599325497734,25.06861129416528,Balochistan,conventional_alphaearth_embeddings,Conventional + AlphaEarth Embeddings,0.9805027646493479,0.5868831590132428,1
951,CPEC_LANDSLIDE_0119,1,landslide,74_36,2,74.8173124077091,36.73772648204992,Gilgit-Baltistan,conventional_alphaearth_embeddings,Conventional + AlphaEarth Embeddings,0.9674373685326604,0.5868831590132428,1
952,RMC_03_01018,0,non_landslide,72_35,3,72.95555290566179,35.2105904551698,raster-matched control,conventional_alphaearth_embeddings,Conventional + AlphaEarth Embeddings,0.07434465318897006,0.37326188443582237,0
953,CPEC_ROCKFALL_0836,1,rockfall,74_36,2,74.50514857936156,36.243653626227065,Gilgit-Baltistan,conventional_alphaearth_embeddings,Conventional + AlphaEarth Embeddings,0.9871830174979892,0.5868831590132428,1
954,RMC_03_00867,0,non_landslide,74_36,2,74.57925778170782,36.27958564327203,raster-matched control,conventional_alphaearth_embeddings,Conventional + AlphaEarth Embeddings,0.5100880029578432,0.5868831590132428,0
955,CPEC_LANDSLIDE_0633,1,landslide,63_26,1,63.91625508077523,26.47447221519464,Balochistan,conventional_alphaearth_embeddings,Conventional + AlphaEarth Embeddings,0.20264780780723357,0.31275142952145935,0
956,CPEC_LANDSLIDE_0467,1,landslide,75_38,2,75.05087120268648,38.7454590268692,"Kashgar (Xinjiang, China)",conventional_alphaearth_embeddings,Conventional + AlphaEarth Embeddings,0.5785091263469263,0.5868831590132428,0
957,CPEC_LANDSLIDE_0764,1,landslide,72_34,1,72.80508508902794,34.03155156192625,KP-AJK,conventional_alphaearth_embeddings,Conventional + AlphaEarth Embeddings,0.9215941885970109,0.31275142952145935,1
958,CPEC_LANDSLIDE_0327,1,landslide,75_37,5,75.46859087117117,37.15319876360368,"Kashgar (Xinjiang, China)",conventional_alphaearth_embeddings,Conventional + AlphaEarth Embeddings,0.981220660268939,0.28992385976630347,1
959,CPEC_LANDSLIDE_0299,1,landslide,73_35,4,73.20708196719819,35.345336505303024,KP-AJK,conventional_alphaearth_embeddings,Conventional + AlphaEarth Embeddings,0.9824034853434325,0.32933342149262645,1
960,CPEC_ROCKFALL_0409,1,rockfall,67_26,5,67.16366676856406,26.950579352873167,Balochistan,conventional_alphaearth_embeddings,Conventional + AlphaEarth Embeddings,0.9808192153434012,0.28992385976630347,1
961,RMC_03_01092,0,non_landslide,67_31,5,67.99011517269113,31.0828317246406,raster-matched control,conventional_alphaearth_embeddings,Conventional + AlphaEarth Embeddings,0.13586346975474087,0.28992385976630347,0
962,CPEC_LANDSLIDE_0879,1,landslide,73_34,2,73.49454237570964,34.38189421349339,KP-AJK,conventional_alphaearth_embeddings,Conventional + AlphaEarth Embeddings,0.5250615112378164,0.5868831590132428,0
963,RMC_03_00749,0,non_landslide,72_34,1,72.31101168930604,34.8265606712087,raster-matched control,conventional_alphaearth_embeddings,Conventional + AlphaEarth Embeddings,0.1029674591066855,0.31275142952145935,0
964,CPEC_LANDSLIDE_0665,1,landslide,65_26,3,65.67246311247278,26.272354541745106,Balochistan,conventional_alphaearth_embeddings,Conventional + AlphaEarth Embeddings,0.2529952622293277,0.37326188443582237,0
965,CPEC_ROCKFALL_0397,1,rockfall,67_25,3,67.88680810460349,25.86137257495216,Punjab-Sindh lowland corridor,conventional_alphaearth_embeddings,Conventional + AlphaEarth Embeddings,0.9774426758662578,0.37326188443582237,1
966,CPEC_LANDSLIDE_0970,1,landslide,75_35,1,75.79872041766305,35.3318611019195,Gilgit-Baltistan,conventional_alphaearth_embeddings,Conventional + AlphaEarth Embeddings,0.9634317209625657,0.31275142952145935,1
967,RMC_03_00145,0,non_landslide,75_38,2,75.60109141739379,38.774656344914,raster-matched control,conventional_alphaearth_embeddings,Conventional + AlphaEarth Embeddings,0.11908847995830446,0.5868831590132428,0
968,RMC_03_00084,0,non_landslide,71_34,5,71.90676981145225,34.54134556850076,raster-matched control,conventional_alphaearth_embeddings,Conventional + AlphaEarth Embeddings,0.6941510973022483,0.28992385976630347,1
969,RMC_03_00652,0,non_landslide,75_38,2,75.04413594123969,38.72749479249772,raster-matched control,conventional_alphaearth_embeddings,Conventional + AlphaEarth Embeddings,0.18371034249989412,0.5868831590132428,0
970,RMC_03_00929,0,non_landslide,75_38,2,75.48206464224795,38.95656518994821,raster-matched control,conventional_alphaearth_embeddings,Conventional + AlphaEarth Embeddings,0.1128126222694917,0.5868831590132428,0
971,RMC_03_00420,0,non_landslide,77_36,5,77.03839587198502,36.72874328533179,raster-matched control,conventional_alphaearth_embeddings,Conventional + AlphaEarth Embeddings,0.10004420667372735,0.28992385976630347,0
972,CPEC_LANDSLIDE_0123,1,landslide,74_36,2,74.71176102667297,36.73323616728911,Gilgit-Baltistan,conventional_alphaearth_embeddings,Conventional + AlphaEarth Embeddings,0.6081454604748736,0.5868831590132428,1
973,CPEC_LANDSLIDE_0339,1,landslide,75_37,5,75.2417653187845,37.871849784882286,"Kashgar (Xinjiang, China)",conventional_alphaearth_embeddings,Conventional + AlphaEarth Embeddings,0.9864181278098576,0.28992385976630347,1
974,RMC_03_00119,0,non_landslide,73_35,4,73.04089285765315,35.448644005461475,raster-matched control,conventional_alphaearth_embeddings,Conventional + AlphaEarth Embeddings,0.43512624286862517,0.32933342149262645,1
975,CPEC_ROCKFALL_0086,1,rockfall,65_27,5,65.63652721708307,27.15045855759388,Balochistan,conventional_alphaearth_embeddings,Conventional + AlphaEarth Embeddings,0.986958325317461,0.28992385976630347,1
976,RMC_03_01410,0,non_landslide,65_26,3,65.47483237715647,26.91689459453632,raster-matched control,conventional_alphaearth_embeddings,Conventional + AlphaEarth Embeddings,0.18740751460486232,0.37326188443582237,0
977,CPEC_ROCKFALL_0704,1,rockfall,72_32,2,72.60521034340829,32.666112391946385,Punjab-Sindh lowland corridor,conventional_alphaearth_embeddings,Conventional + AlphaEarth Embeddings,0.9666452915359294,0.5868831590132428,1
978,RMC_03_00471,0,non_landslide,76_36,4,76.97551380209666,36.888194248263005,raster-matched control,conventional_alphaearth_embeddings,Conventional + AlphaEarth Embeddings,0.08008820870892355,0.32933342149262645,0
979,CPEC_LANDSLIDE_0473,1,landslide,75_38,2,75.06884137993187,38.75219672856095,"Kashgar (Xinjiang, China)",conventional_alphaearth_embeddings,Conventional + AlphaEarth Embeddings,0.9863495146162563,0.5868831590132428,1
980,CPEC_ROCKFALL_0012,1,rockfall,75_37,5,75.98736714683012,37.840408663354445,"Kashgar (Xinjiang, China)",conventional_alphaearth_embeddings,Conventional + AlphaEarth Embeddings,0.4171010013341704,0.28992385976630347,1
981,RMC_03_01347,0,non_landslide,75_37,5,75.28218949153135,37.739347979966254,raster-matched control,conventional_alphaearth_embeddings,Conventional + AlphaEarth Embeddings,0.0663559000144514,0.28992385976630347,0
982,RMC_03_00435,0,non_landslide,74_36,2,74.8128197555789,36.72874328533179,raster-matched control,conventional_alphaearth_embeddings,Conventional + AlphaEarth Embeddings,0.31369578237829143,0.5868831590132428,0
983,RMC_03_01132,0,non_landslide,73_35,4,73.24076800836974,35.293684618950856,raster-matched control,conventional_alphaearth_embeddings,Conventional + AlphaEarth Embeddings,0.1385090070246893,0.32933342149262645,0
984,CPEC_ROCKFALL_0063,1,rockfall,63_26,1,63.98362763859175,26.402609342617307,Balochistan,conventional_alphaearth_embeddings,Conventional + AlphaEarth Embeddings,0.9739171995954725,0.31275142952145935,1
985,CPEC_ROCKFALL_0430,1,rockfall,70_29,4,70.02704729632694,29.524256544294733,Punjab-Sindh lowland corridor,conventional_alphaearth_embeddings,Conventional + AlphaEarth Embeddings,0.950918185215251,0.32933342149262645,1
986,RMC_03_00898,0,non_landslide,77_37,2,77.15742264713086,37.37777607810815,raster-matched control,conventional_alphaearth_embeddings,Conventional + AlphaEarth Embeddings,0.13124670829389856,0.5868831590132428,0
987,RMC_03_01407,0,non_landslide,65_27,5,65.68818225713487,27.21558442650606,raster-matched control,conventional_alphaearth_embeddings,Conventional + AlphaEarth Embeddings,0.0659941232939546,0.28992385976630347,0
988,RMC_03_00276,0,non_landslide,69_29,3,69.69916000072853,29.0099692065348,raster-matched control,conventional_alphaearth_embeddings,Conventional + AlphaEarth Embeddings,0.3144356240408974,0.37326188443582237,0
989,CPEC_ROCKFALL_0068,1,rockfall,64_26,2,64.0128258322897,26.12188663579762,Balochistan,conventional_alphaearth_embeddings,Conventional + AlphaEarth Embeddings,0.972199488432099,0.5868831590132428,1
990,CPEC_LANDSLIDE_0776,1,landslide,72_34,1,72.0302895263854,34.53460950637181,KP-AJK,conventional_alphaearth_embeddings,Conventional + AlphaEarth Embeddings,0.9840498109637419,0.31275142952145935,1
991,CPEC_ROCKFALL_0554,1,rockfall,67_29,1,67.69367106067557,29.58938171518032,Balochistan,conventional_alphaearth_embeddings,Conventional + AlphaEarth Embeddings,0.9660631733453213,0.31275142952145935,1
992,CPEC_LANDSLIDE_0993,1,landslide,75_35,1,75.86834036241049,35.23753773733596,Gilgit-Baltistan,conventional_alphaearth_embeddings,Conventional + AlphaEarth Embeddings,0.34475563918257396,0.31275142952145935,1
993,RMC_03_00675,0,non_landslide,72_32,2,72.54457366317712,32.600984554802594,raster-matched control,conventional_alphaearth_embeddings,Conventional + AlphaEarth Embeddings,0.08914436703632007,0.5868831590132428,0
994,RMC_03_01110,0,non_landslide,68_30,4,68.83228575155319,30.87397342108281,raster-matched control,conventional_alphaearth_embeddings,Conventional + AlphaEarth Embeddings,0.10817245614289811,0.32933342149262645,0
995,RMC_03_00582,0,non_landslide,75_39,4,75.51575146540243,39.99411934310625,raster-matched control,conventional_alphaearth_embeddings,Conventional + AlphaEarth Embeddings,0.06810550053417438,0.32933342149262645,0
996,RMC_03_00160,0,non_landslide,76_37,1,76.7082650050711,37.083577822559,raster-matched control,conventional_alphaearth_embeddings,Conventional + AlphaEarth Embeddings,0.1911433209643627,0.31275142952145935,0
997,RMC_03_00971,0,non_landslide,74_36,2,74.97227071851012,36.84327848405703,raster-matched control,conventional_alphaearth_embeddings,Conventional + AlphaEarth Embeddings,0.10185438238535191,0.5868831590132428,0
998,RMC_03_01000,0,non_landslide,64_25,5,64.55855078735456,25.74908472518094,raster-matched control,conventional_alphaearth_embeddings,Conventional + AlphaEarth Embeddings,0.1346542278071562,0.28992385976630347,0
999,CPEC_LANDSLIDE_0149,1,landslide,74_36,2,74.79036160094206,36.30204555452194,Gilgit-Baltistan,conventional_alphaearth_embeddings,Conventional + AlphaEarth Embeddings,0.9883895449560853,0.5868831590132428,1
1000,CPEC_ROCKFALL_0856,1,rockfall,74_35,5,74.20870308222742,35.40372843359789,Gilgit-Baltistan,conventional_alphaearth_embeddings,Conventional + AlphaEarth Embeddings,0.9778468792042717,0.28992385976630347,1
1001,RMC_03_00031,0,non_landslide,75_39,4,75.52248883003332,39.92899148500759,raster-matched control,conventional_alphaearth_embeddings,Conventional + AlphaEarth Embeddings,0.08635053583514131,0.32933342149262645,0
1002,CPEC_LANDSLIDE_0938,1,landslide,72_35,3,72.55580350373612,35.5182649032567,KP-AJK,conventional_alphaearth_embeddings,Conventional + AlphaEarth Embeddings,0.9792109549005004,0.37326188443582237,1
1003,CPEC_LANDSLIDE_0515,1,landslide,75_38,2,75.20133910863396,38.77240983363623,"Kashgar (Xinjiang, China)",conventional_alphaearth_embeddings,Conventional + AlphaEarth Embeddings,0.9867991732668844,0.5868831590132428,1
1004,CPEC_ROCKFALL_0104,1,rockfall,65_27,5,65.82517394625015,27.44914698255789,Balochistan,conventional_alphaearth_embeddings,Conventional + AlphaEarth Embeddings,0.765584627296528,0.28992385976630347,1
1005,CPEC_LANDSLIDE_0207,1,landslide,74_36,2,74.27383271221406,36.04602180843728,Gilgit-Baltistan,conventional_alphaearth_embeddings,Conventional + AlphaEarth Embeddings,0.24583725067349355,0.5868831590132428,0
1006,CPEC_LANDSLIDE_0708,1,landslide,66_25,2,66.9166281111021,25.149459255365304,Balochistan,conventional_alphaearth_embeddings,Conventional + AlphaEarth Embeddings,0.92480756744202,0.5868831590132428,1
1007,RMC_03_00550,0,non_landslide,75_38,2,75.0171864827161,38.55456910030472,raster-matched control,conventional_alphaearth_embeddings,Conventional + AlphaEarth Embeddings,0.14712360439029962,0.5868831590132428,0
1008,CPEC_LANDSLIDE_0485,1,landslide,75_38,2,75.08455971114526,38.75444411549189,"Kashgar (Xinjiang, China)",conventional_alphaearth_embeddings,Conventional + AlphaEarth Embeddings,0.9129520448806568,0.5868831590132428,1
1009,CPEC_LANDSLIDE_0178,1,landslide,74_36,2,74.48044515952547,36.245901013158,Gilgit-Baltistan,conventional_alphaearth_embeddings,Conventional + AlphaEarth Embeddings,0.9885050338324531,0.5868831590132428,1
1010,RMC_03_00721,0,non_landslide,72_36,5,72.88144189472193,36.1493299270747,raster-matched control,conventional_alphaearth_embeddings,Conventional + AlphaEarth Embeddings,0.08220821866640833,0.28992385976630347,0
1011,RMC_03_00134,0,non_landslide,77_40,3,77.6492502651863,40.87446832154338,raster-matched control,conventional_alphaearth_embeddings,Conventional + AlphaEarth Embeddings,0.08413070307385663,0.37326188443582237,0
1012,RMC_03_00375,0,non_landslide,67_28,4,67.09853725320251,28.650643092886995,raster-matched control,conventional_alphaearth_embeddings,Conventional + AlphaEarth Embeddings,0.4568860249668312,0.32933342149262645,1
1013,CPEC_ROCKFALL_0401,1,rockfall,67_25,3,67.9294772425839,25.881585680027424,Punjab-Sindh lowland corridor,conventional_alphaearth_embeddings,Conventional + AlphaEarth Embeddings,0.9873992144260981,0.37326188443582237,1
1014,RMC_03_01242,0,non_landslide,69_29,3,69.12648400710233,29.077342852843767,raster-matched control,conventional_alphaearth_embeddings,Conventional + AlphaEarth Embeddings,0.10816374197644232,0.37326188443582237,0
1015,RMC_03_00191,0,non_landslide,66_27,1,66.28107034465374,27.1414734155662,raster-matched control,conventional_alphaearth_embeddings,Conventional + AlphaEarth Embeddings,0.1180284704335625,0.31275142952145935,0
1016,CPEC_LANDSLIDE_0669,1,landslide,66_25,2,66.05648981339765,25.49306420524068,Balochistan,conventional_alphaearth_embeddings,Conventional + AlphaEarth Embeddings,0.6638179737929802,0.5868831590132428,1
1017,CPEC_ROCKFALL_0452,1,rockfall,69_28,1,69.17139931338332,28.83704218544292,Balochistan,conventional_alphaearth_embeddings,Conventional + AlphaEarth Embeddings,0.8674769281944823,0.31275142952145935,1
1018,RMC_03_00065,0,non_landslide,69_31,2,69.35106282813221,31.8284334104598,raster-matched control,conventional_alphaearth_embeddings,Conventional + AlphaEarth Embeddings,0.10492852127767205,0.5868831590132428,0
1019,RMC_03_00062,0,non_landslide,66_27,1,66.28107034465374,27.132490262725,raster-matched control,conventional_alphaearth_embeddings,Conventional + AlphaEarth Embeddings,0.09365359707434844,0.31275142952145935,0
1020,RMC_03_01281,0,non_landslide,74_35,5,74.65336879264768,35.84614851868436,raster-matched control,conventional_alphaearth_embeddings,Conventional + AlphaEarth Embeddings,0.8034070508055641,0.28992385976630347,1
1021,RMC_03_00494,0,non_landslide,74_36,2,74.39510314846332,36.24140724369695,raster-matched control,conventional_alphaearth_embeddings,Conventional + AlphaEarth Embeddings,0.12614978699402582,0.5868831590132428,0
1022,RMC_03_00828,0,non_landslide,69_28,1,69.65649002473285,28.92013767812285,raster-matched control,conventional_alphaearth_embeddings,Conventional + AlphaEarth Embeddings,0.11766481418931159,0.31275142952145935,0
1023,RMC_03_00802,0,non_landslide,67_25,3,67.15019038203938,25.57615903298793,raster-matched control,conventional_alphaearth_embeddings,Conventional + AlphaEarth Embeddings,0.4028720351508907,0.37326188443582237,1
1024,RMC_03_00879,0,non_landslide,75_38,2,75.2103242688018,38.7701647684934,raster-matched control,conventional_alphaearth_embeddings,Conventional + AlphaEarth Embeddings,0.0962042439093419,0.5868831590132428,0
1025,RMC_03_00447,0,non_landslide,76_36,4,76.97326801388635,36.9061605539454,raster-matched control,conventional_alphaearth_embeddings,Conventional + AlphaEarth Embeddings,0.10348939196462133,0.32933342149262645,0
1026,RMC_03_00637,0,non_landslide,75_38,2,75.46634412477586,38.81957210911997,raster-matched control,conventional_alphaearth_embeddings,Conventional + AlphaEarth Embeddings,0.3838039238927745,0.5868831590132428,0
1027,CPEC_LANDSLIDE_0295,1,landslide,73_35,4,73.2205573705817,35.444154643748426,KP-AJK,conventional_alphaearth_embeddings,Conventional + AlphaEarth Embeddings,0.9781328290578599,0.32933342149262645,1
1028,RMC_03_00451,0,non_landslide,74_36,2,74.89366813114967,36.41433293588996,raster-matched control,conventional_alphaearth_embeddings,Conventional + AlphaEarth Embeddings,0.0639697457773892,0.5868831590132428,0
1029,RMC_03_00098,0,non_landslide,73_36,1,73.84039346051952,36.3492050777913,raster-matched control,conventional_alphaearth_embeddings,Conventional + AlphaEarth Embeddings,0.09983690405023007,0.31275142952145935,0
1030,RMC_03_00535,0,non_landslide,74_39,3,74.17052432743344,39.60110640630396,raster-matched control,conventional_alphaearth_embeddings,Conventional + AlphaEarth Embeddings,0.06728705398563434,0.37326188443582237,0
1031,CPEC_LANDSLIDE_0510,1,landslide,75_38,2,75.19684879387313,38.76118181718363,"Kashgar (Xinjiang, China)",conventional_alphaearth_embeddings,Conventional + AlphaEarth Embeddings,0.9863722106979381,0.5868831590132428,1
1032,CPEC_LANDSLIDE_0756,1,landslide,72_32,2,72.59398232695571,32.634671270418536,Punjab-Sindh lowland corridor,conventional_alphaearth_embeddings,Conventional + AlphaEarth Embeddings,0.9825727417675987,0.5868831590132428,1
1033,RMC_03_01373,0,non_landslide,69_30,5,69.12872979531264,30.92787233812998,raster-matched control,conventional_alphaearth_embeddings,Conventional + AlphaEarth Embeddings,0.07566095053093985,0.28992385976630347,0
1034,RMC_03_00629,0,non_landslide,74_36,2,74.60845302844172,36.288568796113225,raster-matched control,conventional_alphaearth_embeddings,Conventional + AlphaEarth Embeddings,0.076459613417835,0.5868831590132428,0
1035,CPEC_LANDSLIDE_0020,1,landslide,74_39,3,74.44900403799763,39.37428145742613,"Kashgar (Xinjiang, China)",conventional_alphaearth_embeddings,Conventional + AlphaEarth Embeddings,0.1255135004587659,0.37326188443582237,0
1036,CPEC_ROCKFALL_0490,1,rockfall,68_29,2,68.66834136893777,29.39624467125242,Balochistan,conventional_alphaearth_embeddings,Conventional + AlphaEarth Embeddings,0.983751794912028,0.5868831590132428,1
1037,CPEC_LANDSLIDE_0541,1,landslide,75_38,2,75.37651043441753,38.81507897161664,"Kashgar (Xinjiang, China)",conventional_alphaearth_embeddings,Conventional + AlphaEarth Embeddings,0.9898957862642382,0.5868831590132428,1
1038,CPEC_LANDSLIDE_0181,1,landslide,74_36,2,74.4355286346141,36.25937195744046,Gilgit-Baltistan,conventional_alphaearth_embeddings,Conventional + AlphaEarth Embeddings,0.09334809868365486,0.5868831590132428,0
1039,RMC_03_00104,0,non_landslide,78_40,4,78.10739106008725,40.85874780407129,raster-matched control,conventional_alphaearth_embeddings,Conventional + AlphaEarth Embeddings,0.13472342644858484,0.32933342149262645,0
1040,CPEC_LANDSLIDE_0266,1,landslide,73_35,4,73.84263764034584,35.489066709558735,Gilgit-Baltistan,conventional_alphaearth_embeddings,Conventional + AlphaEarth Embeddings,0.9733494195726561,0.32933342149262645,1
1041,RMC_03_00871,0,non_landslide,75_38,2,75.48206464224795,38.86448787332596,raster-matched control,conventional_alphaearth_embeddings,Conventional + AlphaEarth Embeddings,0.09901936732370924,0.5868831590132428,0
1042,RMC_03_00939,0,non_landslide,73_35,4,73.9010297421976,35.32063407747444,raster-matched control,conventional_alphaearth_embeddings,Conventional + AlphaEarth Embeddings,0.18452425982759071,0.32933342149262645,0
1043,CPEC_ROCKFALL_0049,1,rockfall,63_27,3,63.597353550735946,27.460374999010465,Balochistan,conventional_alphaearth_embeddings,Conventional + AlphaEarth Embeddings,0.5015212623959506,0.37326188443582237,1
1044,RMC_03_01387,0,non_landslide,77_37,2,77.08780321261159,37.514769158936375,raster-matched control,conventional_alphaearth_embeddings,Conventional + AlphaEarth Embeddings,0.1143185551679378,0.5868831590132428,0
1045,RMC_03_01175,0,non_landslide,65_29,4,65.89928634890295,29.007723418324503,raster-matched control,conventional_alphaearth_embeddings,Conventional + AlphaEarth Embeddings,0.14129076010755962,0.32933342149262645,0
1046,CPEC_LANDSLIDE_0911,1,landslide,76_35,2,76.10639393124976,35.18813089766378,Gilgit-Baltistan,conventional_alphaearth_embeddings,Conventional + AlphaEarth Embeddings,0.9633922462927527,0.5868831590132428,1
1047,RMC_03_00170,0,non_landslide,63_26,1,63.94769639415329,26.32176071880713,raster-matched control,conventional_alphaearth_embeddings,Conventional + AlphaEarth Embeddings,0.10640607187465256,0.31275142952145935,0
1048,CPEC_ROCKFALL_0955,1,rockfall,75_38,2,75.50901262222067,38.95431886111155,"Kashgar (Xinjiang, China)",conventional_alphaearth_embeddings,Conventional + AlphaEarth Embeddings,0.9809259195913397,0.5868831590132428,1
1049,CPEC_ROCKFALL_0367,1,rockfall,66_27,1,66.90989040941034,27.8578815624199,Balochistan,conventional_alphaearth_embeddings,Conventional + AlphaEarth Embeddings,0.8340116508258211,0.31275142952145935,1
1050,RMC_03_00300,0,non_landslide,67_29,1,67.47807546074301,29.5736620473198,raster-matched control,conventional_alphaearth_embeddings,Conventional + AlphaEarth Embeddings,0.52811312497174,0.31275142952145935,1
1051,CPEC_ROCKFALL_0884,1,rockfall,74_38,1,74.99472666132255,38.58601049140008,"Kashgar (Xinjiang, China)",conventional_alphaearth_embeddings,Conventional + AlphaEarth Embeddings,0.9508450193240418,0.31275142952145935,1
1052,RMC_03_01331,0,non_landslide,71_35,2,71.86185404724628,35.897801647521234,raster-matched control,conventional_alphaearth_embeddings,Conventional + AlphaEarth Embeddings,0.08955747511993825,0.5868831590132428,0
1053,CPEC_ROCKFALL_0711,1,rockfall,71_33,3,71.23752378649748,33.411714219992014,KP-AJK,conventional_alphaearth_embeddings,Conventional + AlphaEarth Embeddings,0.8488788498513551,0.37326188443582237,1
1054,RMC_03_00762,0,non_landslide,73_35,4,73.3148790193096,35.62381548586478,raster-matched control,conventional_alphaearth_embeddings,Conventional + AlphaEarth Embeddings,0.4986972209412572,0.32933342149262645,1
1055,CPEC_ROCKFALL_0723,1,rockfall,72_33,4,72.91737417175581,33.82942942937566,KP-AJK,conventional_alphaearth_embeddings,Conventional + AlphaEarth Embeddings,0.9409384977996762,0.32933342149262645,1
1056,CPEC_LANDSLIDE_1066,1,landslide,74_36,2,74.8083273190864,36.28407537727655,Gilgit-Baltistan,conventional_alphaearth_embeddings,Conventional + AlphaEarth Embeddings,0.06673939833186442,0.5868831590132428,0
1057,CPEC_ROCKFALL_0637,1,rockfall,68_29,2,68.08219253546231,29.94421914060932,Balochistan,conventional_alphaearth_embeddings,Conventional + AlphaEarth Embeddings,0.3483426690357818,0.5868831590132428,0
1058,CPEC_LANDSLIDE_0509,1,landslide,75_38,2,75.19684879387313,38.75893443025271,"Kashgar (Xinjiang, China)",conventional_alphaearth_embeddings,Conventional + AlphaEarth Embeddings,0.962304910166431,0.5868831590132428,1
1059,RMC_03_01217,0,non_landslide,65_26,3,65.55343496451694,26.240912343236374,raster-matched control,conventional_alphaearth_embeddings,Conventional + AlphaEarth Embeddings,0.10422162876061085,0.37326188443582237,0
1060,RMC_03_00345,0,non_landslide,63_26,1,63.47832665820084,26.227437613974583,raster-matched control,conventional_alphaearth_embeddings,Conventional + AlphaEarth Embeddings,0.10107817482835804,0.31275142952145935,0
1061,CPEC_LANDSLIDE_0769,1,landslide,72_34,1,72.80957540378876,34.03379894885718,KP-AJK,conventional_alphaearth_embeddings,Conventional + AlphaEarth Embeddings,0.9617382145585454,0.31275142952145935,1
1062,CPEC_LANDSLIDE_0358,1,landslide,75_37,5,75.51575032391243,37.83142357473175,"Kashgar (Xinjiang, China)",conventional_alphaearth_embeddings,Conventional + AlphaEarth Embeddings,0.9790617981496118,0.28992385976630347,1
1063,CPEC_ROCKFALL_0890,1,rockfall,75_38,2,75.16540767234528,38.74770641380013,"Kashgar (Xinjiang, China)",conventional_alphaearth_embeddings,Conventional + AlphaEarth Embeddings,0.9823565153892413,0.5868831590132428,1
1064,CPEC_LANDSLIDE_0497,1,landslide,75_38,2,75.1115105179123,38.74770641380014,"Kashgar (Xinjiang, China)",conventional_alphaearth_embeddings,Conventional + AlphaEarth Embeddings,0.9898899146914358,0.5868831590132428,1
1065,RMC_03_00439,0,non_landslide,74_36,2,74.86222709620547,36.79162535522016,raster-matched control,conventional_alphaearth_embeddings,Conventional + AlphaEarth Embeddings,0.6813472053904661,0.5868831590132428,1
1066,RMC_03_00316,0,non_landslide,64_26,2,64.05774001645793,26.11065662703905,raster-matched control,conventional_alphaearth_embeddings,Conventional + AlphaEarth Embeddings,0.08281818940619937,0.5868831590132428,0
1067,CPEC_ROCKFALL_0209,1,rockfall,65_26,3,65.68369112892536,26.28358255819768,Balochistan,conventional_alphaearth_embeddings,Conventional + AlphaEarth Embeddings,0.9815189452008025,0.37326188443582237,1
1068,CPEC_ROCKFALL_0550,1,rockfall,67_29,1,67.70040876236733,29.58713878735043,Balochistan,conventional_alphaearth_embeddings,Conventional + AlphaEarth Embeddings,0.7744626408737115,0.31275142952145935,1
1069,RMC_03_01360,0,non_landslide,67_29,1,67.38599814412076,29.717392492778927,raster-matched control,conventional_alphaearth_embeddings,Conventional + AlphaEarth Embeddings,0.16010429244398977,0.31275142952145935,0
1070,CPEC_LANDSLIDE_1072,1,landslide,74_36,2,74.78137651231937,36.20322741607652,Gilgit-Baltistan,conventional_alphaearth_embeddings,Conventional + AlphaEarth Embeddings,0.9854554903110125,0.5868831590132428,1
1071,CPEC_LANDSLIDE_0753,1,landslide,72_32,2,72.47270815560513,32.616705552274205,Punjab-Sindh lowland corridor,conventional_alphaearth_embeddings,Conventional + AlphaEarth Embeddings,0.9863466899514972,0.5868831590132428,1
1072,CPEC_LANDSLIDE_0504,1,landslide,75_38,2,75.1878681643515,38.75669150242282,"Kashgar (Xinjiang, China)",conventional_alphaearth_embeddings,Conventional + AlphaEarth Embeddings,0.9805545973146539,0.5868831590132428,1
1073,CPEC_ROCKFALL_0702,1,rockfall,72_32,2,72.44800473576905,32.56505132567108,Punjab-Sindh lowland corridor,conventional_alphaearth_embeddings,Conventional + AlphaEarth Embeddings,0.24993463743934316,0.5868831590132428,0
1074,CPEC_ROCKFALL_0900,1,rockfall,75_38,2,75.36977719182681,38.81732635854758,"Kashgar (Xinjiang, China)",conventional_alphaearth_embeddings,Conventional + AlphaEarth Embeddings,0.9856005523944575,0.5868831590132428,1
1075,CPEC_LANDSLIDE_1013,1,landslide,74_35,5,74.69379084942759,35.549706024784555,Gilgit-Baltistan,conventional_alphaearth_embeddings,Conventional + AlphaEarth Embeddings,0.9572596395250812,0.28992385976630347,1
1076,RMC_03_00852,0,non_landslide,67_29,1,67.13222407635699,29.40971950796799,raster-matched control,conventional_alphaearth_embeddings,Conventional + AlphaEarth Embeddings,0.4885856817879313,0.31275142952145935,1
1077,CPEC_LANDSLIDE_0468,1,landslide,75_38,2,75.05311858961741,38.7454590268692,"Kashgar (Xinjiang, China)",conventional_alphaearth_embeddings,Conventional + AlphaEarth Embeddings,0.9852854902150036,0.5868831590132428,1
1078,CPEC_LANDSLIDE_0572,1,landslide,75_38,2,75.47757150069282,38.98351259570845,"Kashgar (Xinjiang, China)",conventional_alphaearth_embeddings,Conventional + AlphaEarth Embeddings,0.4102848177655128,0.5868831590132428,0
1079,RMC_03_00743,0,non_landslide,75_35,1,75.63253245233797,35.75182541385181,raster-matched control,conventional_alphaearth_embeddings,Conventional + AlphaEarth Embeddings,0.20981006591275506,0.31275142952145935,0
1080,CPEC_LANDSLIDE_1027,1,landslide,74_35,5,74.87120956214208,35.259998229342166,Gilgit-Baltistan,conventional_alphaearth_embeddings,Conventional + AlphaEarth Embeddings,0.9863420140290096,0.28992385976630347,1
1081,CPEC_ROCKFALL_0887,1,rockfall,74_38,1,74.97451801534832,38.6376647180032,"Kashgar (Xinjiang, China)",conventional_alphaearth_embeddings,Conventional + AlphaEarth Embeddings,0.8379688911042303,0.31275142952145935,1
1082,CPEC_LANDSLIDE_0083,1,landslide,75_36,3,75.0778220094535,36.86349096816131,Gilgit-Baltistan,conventional_alphaearth_embeddings,Conventional + AlphaEarth Embeddings,0.9488957501823515,0.37326188443582237,1
1083,RMC_03_00349,0,non_landslide,68_30,4,68.57851168378943,30.121634370632712,raster-matched control,conventional_alphaearth_embeddings,Conventional + AlphaEarth Embeddings,0.091230811812905,0.32933342149262645,0
1084,RMC_03_00407,0,non_landslide,76_37,1,76.19622529312296,37.55070177030115,raster-matched control,conventional_alphaearth_embeddings,Conventional + AlphaEarth Embeddings,0.2907434761034832,0.31275142952145935,0
1085,CPEC_LANDSLIDE_0583,1,landslide,74_38,1,74.82180272246991,38.87347089991152,"Kashgar (Xinjiang, China)",conventional_alphaearth_embeddings,Conventional + AlphaEarth Embeddings,0.8620423426210623,0.31275142952145935,1
1086,CPEC_LANDSLIDE_0737,1,landslide,69_31,2,69.54644538478655,31.96991740357293,KP-AJK,conventional_alphaearth_embeddings,Conventional + AlphaEarth Embeddings,0.3007059390206638,0.5868831590132428,0
1087,RMC_03_00588,0,non_landslide,75_40,1,75.46634412477586,40.04577247194312,raster-matched control,conventional_alphaearth_embeddings,Conventional + AlphaEarth Embeddings,0.15811555979541456,0.31275142952145935,0
1088,CPEC_LANDSLIDE_0634,1,landslide,63_26,1,63.9768899369,26.400361955686364,Balochistan,conventional_alphaearth_embeddings,Conventional + AlphaEarth Embeddings,0.9757474640898929,0.31275142952145935,1
1089,CPEC_LANDSLIDE_0075,1,landslide,75_36,3,75.15642704282365,36.87696637154482,Gilgit-Baltistan,conventional_alphaearth_embeddings,Conventional + AlphaEarth Embeddings,0.9830085557340427,0.37326188443582237,1
1090,CPEC_LANDSLIDE_0045,1,landslide,74_35,5,74.9857460318009,35.62830659905364,Gilgit-Baltistan,conventional_alphaearth_embeddings,Conventional + AlphaEarth Embeddings,0.9688957202858288,0.28992385976630347,1
1091,CPEC_LANDSLIDE_0402,1,landslide,75_38,2,75.01718715332875,38.54558428124953,"Kashgar (Xinjiang, China)",conventional_alphaearth_embeddings,Conventional + AlphaEarth Embeddings,0.9941528032739917,0.5868831590132428,1
1092,RMC_03_01151,0,non_landslide,73_35,4,73.47208419403051,35.54970447492492,raster-matched control,conventional_alphaearth_embeddings,Conventional + AlphaEarth Embeddings,0.13665005295445434,0.32933342149262645,0
1093,CPEC_LANDSLIDE_0097,1,landslide,74_36,2,74.96104261196481,36.83204984663346,Gilgit-Baltistan,conventional_alphaearth_embeddings,Conventional + AlphaEarth Embeddings,0.9769030638878233,0.5868831590132428,1
1094,RMC_03_01322,0,non_landslide,73_35,4,73.3036500782581,35.507034498929244,raster-matched control,conventional_alphaearth_embeddings,Conventional + AlphaEarth Embeddings,0.13986029219088592,0.32933342149262645,0
1095,RMC_03_00453,0,non_landslide,74_36,2,74.8330318494716,36.56704653419028,raster-matched control,conventional_alphaearth_embeddings,Conventional + AlphaEarth Embeddings,0.07144967259360717,0.5868831590132428,0
1096,CPEC_LANDSLIDE_1054,1,landslide,73_34,2,73.36204018790649,34.54134720806356,KP-AJK,conventional_alphaearth_embeddings,Conventional + AlphaEarth Embeddings,0.9831402179208578,0.5868831590132428,1
1097,CPEC_LANDSLIDE_0344,1,landslide,75_37,5,75.20358649556489,37.90778122117095,"Kashgar (Xinjiang, China)",conventional_alphaearth_embeddings,Conventional + AlphaEarth Embeddings,0.980385326069354,0.28992385976630347,1
1098,CPEC_ROCKFALL_0527,1,rockfall,67_29,1,67.90702120967875,29.68370507976385,Balochistan,conventional_alphaearth_embeddings,Conventional + AlphaEarth Embeddings,0.958404801054836,0.31275142952145935,1
1099,RMC_03_00699,0,non_landslide,73_34,2,73.3148790193096,34.55257450955225,raster-matched control,conventional_alphaearth_embeddings,Conventional + AlphaEarth Embeddings,0.5436583046989163,0.5868831590132428,0
1100,RMC_03_00720,0,non_landslide,76_36,4,76.5061440661442,36.42331608873116,raster-matched control,conventional_alphaearth_embeddings,Conventional + AlphaEarth Embeddings,0.46627529934494694,0.32933342149262645,1
1101,CPEC_ROCKFALL_0228,1,rockfall,65_26,3,65.70614716183051,26.312776292794585,Balochistan,conventional_alphaearth_embeddings,Conventional + AlphaEarth Embeddings,0.9768956098528493,0.37326188443582237,1
1102,CPEC_LANDSLIDE_0941,1,landslide,72_35,3,72.54008071342166,35.52500260494845,KP-AJK,conventional_alphaearth_embeddings,Conventional + AlphaEarth Embeddings,0.16118861859868824,0.37326188443582237,0
1103,CPEC_ROCKFALL_0478,1,rockfall,68_29,2,68.71325789384913,29.41196746156686,Balochistan,conventional_alphaearth_embeddings,Conventional + AlphaEarth Embeddings,0.9624133188542032,0.5868831590132428,1
1104,CPEC_LANDSLIDE_0035,1,landslide,75_37,5,75.6752033184826,37.81570524351836,"Kashgar (Xinjiang, China)",conventional_alphaearth_embeddings,Conventional + AlphaEarth Embeddings,0.9648501342652416,0.28992385976630347,1
1105,RMC_03_01489,0,non_landslide,74_35,5,74.51637571181946,35.85064009510496,raster-matched control,conventional_alphaearth_embeddings,Conventional + AlphaEarth Embeddings,0.07431126812558932,0.28992385976630347,0
1106,CPEC_ROCKFALL_0714,1,rockfall,71_33,3,71.36328827260886,33.44090795458893,KP-AJK,conventional_alphaearth_embeddings,Conventional + AlphaEarth Embeddings,0.9702184965613275,0.37326188443582237,1
1107,CPEC_ROCKFALL_0394,1,rockfall,66_25,2,66.91438072417115,25.147211868434365,Balochistan,conventional_alphaearth_embeddings,Conventional + AlphaEarth Embeddings,0.9815672744252705,0.5868831590132428,1
1108,CPEC_LANDSLIDE_0511,1,landslide,75_38,2,75.19684879387313,38.76342920411458,"Kashgar (Xinjiang, China)",conventional_alphaearth_embeddings,Conventional + AlphaEarth Embeddings,0.9851943418247892,0.5868831590132428,1
1109,RMC_03_01001,0,non_landslide,67_30,3,67.78125686913334,30.880710785713703,raster-matched control,conventional_alphaearth_embeddings,Conventional + AlphaEarth Embeddings,0.12955373441997414,0.37326188443582237,0
1110,RMC_03_00070,0,non_landslide,78_39,2,78.05798371946068,39.94695779068998,raster-matched control,conventional_alphaearth_embeddings,Conventional + AlphaEarth Embeddings,0.13632181295051413,0.5868831590132428,0
1111,RMC_03_00797,0,non_landslide,65_25,1,65.18512569802793,25.56043851551584,raster-matched control,conventional_alphaearth_embeddings,Conventional + AlphaEarth Embeddings,0.13954166887421876,0.31275142952145935,0
1112,RMC_03_00953,0,non_landslide,75_36,3,75.27320633869016,36.814083237323146,raster-matched control,conventional_alphaearth_embeddings,Conventional + AlphaEarth Embeddings,0.13186130145411723,0.37326188443582237,0
1113,RMC_03_00775,0,non_landslide,75_38,2,75.27994370332105,38.7791479213346,raster-matched control,conventional_alphaearth_embeddings,Conventional + AlphaEarth Embeddings,0.06567551816616321,0.5868831590132428,0
1114,RMC_03_01239,0,non_landslide,66_29,5,66.12835674635343,29.769045621615795,raster-matched control,conventional_alphaearth_embeddings,Conventional + AlphaEarth Embeddings,0.292805200702242,0.28992385976630347,1
1115,CPEC_ROCKFALL_0414,1,rockfall,70_29,4,70.0203095946352,29.510781140911217,Punjab-Sindh lowland corridor,conventional_alphaearth_embeddings,Conventional + AlphaEarth Embeddings,0.952713361844313,0.32933342149262645,1
1116,RMC_03_01303,0,non_landslide,74_35,5,74.61743618128291,35.666485461860454,raster-matched control,conventional_alphaearth_embeddings,Conventional + AlphaEarth Embeddings,0.07372150192589035,0.28992385976630347,0
1117,CPEC_LANDSLIDE_0025,1,landslide,75_38,2,75.19909618080408,38.95880917587236,"Kashgar (Xinjiang, China)",conventional_alphaearth_embeddings,Conventional + AlphaEarth Embeddings,0.9313750429287682,0.5868831590132428,1
1118,CPEC_LANDSLIDE_0096,1,landslide,74_36,2,74.9767609431782,36.82755953187264,Gilgit-Baltistan,conventional_alphaearth_embeddings,Conventional + AlphaEarth Embeddings,0.7121705438441888,0.5868831590132428,1
1119,RMC_03_00397,0,non_landslide,74_38,1,74.9857454477719,38.61071380556219,raster-matched control,conventional_alphaearth_embeddings,Conventional + AlphaEarth Embeddings,0.12603903183635906,0.31275142952145935,0
1120,RMC_03_01416,0,non_landslide,76_39,5,76.35792204426448,39.78975261596906,raster-matched control,conventional_alphaearth_embeddings,Conventional + AlphaEarth Embeddings,0.10465747040289305,0.28992385976630347,0
1121,CPEC_LANDSLIDE_0556,1,landslide,75_38,2,75.41468925763712,38.81732635854758,"Kashgar (Xinjiang, China)",conventional_alphaearth_embeddings,Conventional + AlphaEarth Embeddings,0.9895645233864878,0.5868831590132428,1
1122,RMC_03_01402,0,non_landslide,76_37,1,76.20296265775386,37.39574238379053,raster-matched control,conventional_alphaearth_embeddings,Conventional + AlphaEarth Embeddings,0.14973788119817102,0.31275142952145935,0
1123,RMC_03_01287,0,non_landslide,74_36,2,74.31874634931316,36.106659951079024,raster-matched control,conventional_alphaearth_embeddings,Conventional + AlphaEarth Embeddings,0.08202996023756505,0.5868831590132428,0
1124,RMC_03_00784,0,non_landslide,65_27,5,65.93521896026773,27.7096578327718,raster-matched control,conventional_alphaearth_embeddings,Conventional + AlphaEarth Embeddings,0.11634959485110716,0.28992385976630347,0
1125,RMC_03_01284,0,non_landslide,73_35,4,73.4990336525541,35.50478871071894,raster-matched control,conventional_alphaearth_embeddings,Conventional + AlphaEarth Embeddings,0.1385577352697098,0.32933342149262645,0
1126,RMC_03_01248,0,non_landslide,69_30,5,69.31737600497773,30.48096048428052,raster-matched control,conventional_alphaearth_embeddings,Conventional + AlphaEarth Embeddings,0.10832819815780924,0.28992385976630347,0
1127,CPEC_LANDSLIDE_0223,1,landslide,74_35,5,74.41756291646978,35.86411278096197,Gilgit-Baltistan,conventional_alphaearth_embeddings,Conventional + AlphaEarth Embeddings,0.8651196489969886,0.28992385976630347,1
1128,RMC_03_00747,0,non_landslide,73_34,2,73.57763623991457,34.28981728894729,raster-matched control,conventional_alphaearth_embeddings,Conventional + AlphaEarth Embeddings,0.18881935645206285,0.5868831590132428,0
1129,CPEC_ROCKFALL_0502,1,rockfall,68_29,2,68.51338314822948,29.32887211343589,Balochistan,conventional_alphaearth_embeddings,Conventional + AlphaEarth Embeddings,0.9608338392694022,0.5868831590132428,1
1130,CPEC_LANDSLIDE_0315,1,landslide,72_34,1,72.97351871311976,34.70079574353268,KP-AJK,conventional_alphaearth_embeddings,Conventional + AlphaEarth Embeddings,0.2885084076804612,0.31275142952145935,0
1131,CPEC_ROCKFALL_0790,1,rockfall,76_35,2,76.13334473801679,35.19262567152566,Gilgit-Baltistan,conventional_alphaearth_embeddings,Conventional + AlphaEarth Embeddings,0.6823050819115332,0.5868831590132428,1
1132,CPEC_ROCKFALL_0569,1,rockfall,67_29,1,67.2243016246888,29.474845245521504,Balochistan,conventional_alphaearth_embeddings,Conventional + AlphaEarth Embeddings,0.42580218996404934,0.31275142952145935,1
1133,RMC_03_01352,0,non_landslide,76_37,1,76.83627493305812,37.0790862461384,raster-matched control,conventional_alphaearth_embeddings,Conventional + AlphaEarth Embeddings,0.17116092346766318,0.31275142952145935,0
1134,RMC_03_01400,0,non_landslide,74_36,2,74.29179689078958,36.021319999087666,raster-matched control,conventional_alphaearth_embeddings,Conventional + AlphaEarth Embeddings,0.06792994908857321,0.5868831590132428,0
1135,RMC_03_00621,0,non_landslide,74_35,5,74.56578305244604,35.46885609935416,raster-matched control,conventional_alphaearth_embeddings,Conventional + AlphaEarth Embeddings,0.6499728980807289,0.28992385976630347,1
1136,RMC_03_00630,0,non_landslide,75_38,2,75.21930742164298,38.7701647684934,raster-matched control,conventional_alphaearth_embeddings,Conventional + AlphaEarth Embeddings,0.053974048152062935,0.5868831590132428,0
1137,CPEC_LANDSLIDE_0008,1,landslide,73_34,2,73.46983895587354,34.411087948090305,KP-AJK,conventional_alphaearth_embeddings,Conventional + AlphaEarth Embeddings,0.6043977382958717,0.5868831590132428,1
1138,RMC_03_00666,0,non_landslide,66_25,2,66.91213683174772,25.156196637662056,raster-matched control,conventional_alphaearth_embeddings,Conventional + AlphaEarth Embeddings,0.1136882809744521,0.5868831590132428,0
1139,RMC_03_00716,0,non_landslide,73_34,2,73.46983840582021,34.00909376265994,raster-matched control,conventional_alphaearth_embeddings,Conventional + AlphaEarth Embeddings,0.17124218847922018,0.5868831590132428,0
1140,RMC_03_00405,0,non_landslide,77_40,3,77.89853275652946,40.79137415776233,raster-matched control,conventional_alphaearth_embeddings,Conventional + AlphaEarth Embeddings,0.11274501618193657,0.37326188443582237,0
1141,CPEC_ROCKFALL_0921,1,rockfall,75_38,2,75.47981888762375,38.84652009314448,"Kashgar (Xinjiang, China)",conventional_alphaearth_embeddings,Conventional + AlphaEarth Embeddings,0.9827022667893681,0.5868831590132428,1
1142,CPEC_LANDSLIDE_1012,1,landslide,74_35,5,74.69379084942759,35.55194895261443,Gilgit-Baltistan,conventional_alphaearth_embeddings,Conventional + AlphaEarth Embeddings,0.9757627970926135,0.28992385976630347,1
1143,RMC_03_00328,0,non_landslide,68_28,5,68.25511818150639,28.34072431986576,raster-matched control,conventional_alphaearth_embeddings,Conventional + AlphaEarth Embeddings,0.06367805999108908,0.28992385976630347,0
1144,CPEC_ROCKFALL_0579,1,rockfall,67_29,1,67.21981130992799,29.461374301239044,Balochistan,conventional_alphaearth_embeddings,Conventional + AlphaEarth Embeddings,0.7310059053276924,0.31275142952145935,1
1145,RMC_03_00839,0,non_landslide,72_32,2,72.72199093179071,32.666112412901256,raster-matched control,conventional_alphaearth_embeddings,Conventional + AlphaEarth Embeddings,0.1487656916781251,0.5868831590132428,0
1146,CPEC_ROCKFALL_0338,1,rockfall,66_26,4,66.46073407849886,26.29481057465025,Balochistan,conventional_alphaearth_embeddings,Conventional + AlphaEarth Embeddings,0.9704293417005307,0.32933342149262645,1
1147,RMC_03_01193,0,non_landslide,63_27,3,63.5569292455613,27.359314871965186,raster-matched control,conventional_alphaearth_embeddings,Conventional + AlphaEarth Embeddings,0.07570761387537286,0.37326188443582237,0
1148,CPEC_LANDSLIDE_0109,1,landslide,74_36,2,74.92735410350603,36.7961184103448,Gilgit-Baltistan,conventional_alphaearth_embeddings,Conventional + AlphaEarth Embeddings,0.2806840478275631,0.5868831590132428,0
1149,RMC_03_01297,0,non_landslide,74_35,5,74.12560856322747,35.31614250105385,raster-matched control,conventional_alphaearth_embeddings,Conventional + AlphaEarth Embeddings,0.05638917507475302,0.28992385976630347,0
1150,RMC_03_01247,0,non_landslide,70_29,4,70.03827402048364,29.9554460430706,raster-matched control,conventional_alphaearth_embeddings,Conventional + AlphaEarth Embeddings,0.08232400659631527,0.32933342149262645,0
1151,RMC_03_01173,0,non_landslide,72_35,3,72.9398323881897,35.07135158613127,raster-matched control,conventional_alphaearth_embeddings,Conventional + AlphaEarth Embeddings,0.05652771351080955,0.37326188443582237,0
1152,RMC_03_00963,0,non_landslide,75_36,3,75.20358690417089,36.856753213318825,raster-matched control,conventional_alphaearth_embeddings,Conventional + AlphaEarth Embeddings,0.06710134922486119,0.37326188443582237,0
1153,CPEC_ROCKFALL_0880,1,rockfall,75_38,2,75.04189057316484,38.42880488376084,"Kashgar (Xinjiang, China)",conventional_alphaearth_embeddings,Conventional + AlphaEarth Embeddings,0.7138940197822272,0.5868831590132428,1
1154,CPEC_LANDSLIDE_0034,1,landslide,75_38,2,75.9065191856301,38.25363355797728,"Kashgar (Xinjiang, China)",conventional_alphaearth_embeddings,Conventional + AlphaEarth Embeddings,0.25471009532980765,0.5868831590132428,0
1155,RMC_03_00528,0,non_landslide,74_36,2,74.2356521855321,36.12013468034081,raster-matched control,conventional_alphaearth_embeddings,Conventional + AlphaEarth Embeddings,0.7474725290762307,0.5868831590132428,1
1156,RMC_03_00215,0,non_landslide,66_29,5,66.7526858688165,29.51751734206233,raster-matched control,conventional_alphaearth_embeddings,Conventional + AlphaEarth Embeddings,0.39843037066226755,0.28992385976630347,1
1157,RMC_03_00565,0,non_landslide,75_40,1,75.42591993699048,40.0817050833079,raster-matched control,conventional_alphaearth_embeddings,Conventional + AlphaEarth Embeddings,0.16485535224144585,0.31275142952145935,0
1158,RMC_03_00893,0,non_landslide,77_37,2,77.19784683491623,37.39798817200084,raster-matched control,conventional_alphaearth_embeddings,Conventional + AlphaEarth Embeddings,0.11655152756844075,0.5868831590132428,0
1159,RMC_03_00763,0,non_landslide,74_36,2,74.79485344989651,36.24814460832785,raster-matched control,conventional_alphaearth_embeddings,Conventional + AlphaEarth Embeddings,0.2789287391742925,0.5868831590132428,0
1160,CPEC_LANDSLIDE_0305,1,landslide,72_35,3,72.97351871311976,35.07584181493589,KP-AJK,conventional_alphaearth_embeddings,Conventional + AlphaEarth Embeddings,0.9867682341607413,0.37326188443582237,1
1161,RMC_03_00659,0,non_landslide,63_25,4,63.88256853605463,25.46162383426269,raster-matched control,conventional_alphaearth_embeddings,Conventional + AlphaEarth Embeddings,0.2998478055111022,0.32933342149262645,0
1162,CPEC_LANDSLIDE_1056,1,landslide,73_34,2,73.35979280097555,34.54134720806356,KP-AJK,conventional_alphaearth_embeddings,Conventional + AlphaEarth Embeddings,0.9773025407648245,0.5868831590132428,1
1163,CPEC_LANDSLIDE_0742,1,landslide,70_29,4,70.02479990939601,29.95319977013096,Punjab-Sindh lowland corridor,conventional_alphaearth_embeddings,Conventional + AlphaEarth Embeddings,0.9809378495439741,0.32933342149262645,1
1164,RMC_03_00606,0,non_landslide,75_38,2,75.44837781909347,38.81957210911997,raster-matched control,conventional_alphaearth_embeddings,Conventional + AlphaEarth Embeddings,0.10967349416011259,0.5868831590132428,0
1165,RMC_03_01183,0,non_landslide,66_27,1,66.07221204109595,27.64677576288343,raster-matched control,conventional_alphaearth_embeddings,Conventional + AlphaEarth Embeddings,0.2973948563439649,0.31275142952145935,0
1166,RMC_03_00277,0,non_landslide,67_26,5,67.53197437779018,26.092690321356656,raster-matched control,conventional_alphaearth_embeddings,Conventional + AlphaEarth Embeddings,0.09063906271773324,0.28992385976630347,0
1167,RMC_03_00738,0,non_landslide,74_39,3,74.09192174007299,39.40796862021826,raster-matched control,conventional_alphaearth_embeddings,Conventional + AlphaEarth Embeddings,0.09169032031452651,0.37326188443582237,0
1168,CPEC_ROCKFALL_0849,1,rockfall,74_35,5,74.6151902751585,35.7495807704042,Gilgit-Baltistan,conventional_alphaearth_embeddings,Conventional + AlphaEarth Embeddings,0.9791890873309431,0.28992385976630347,1
1169,RMC_03_01212,0,non_landslide,74_35,5,74.75442926211113,35.720384378907625,raster-matched control,conventional_alphaearth_embeddings,Conventional + AlphaEarth Embeddings,0.4617580088031708,0.28992385976630347,1
1170,CPEC_ROCKFALL_0933,1,rockfall,75_38,2,75.49778460576809,38.91838742482288,"Kashgar (Xinjiang, China)",conventional_alphaearth_embeddings,Conventional + AlphaEarth Embeddings,0.9673505787295044,0.5868831590132428,1
1171,CPEC_ROCKFALL_0909,1,rockfall,75_38,2,75.419184031499,38.80834126992489,"Kashgar (Xinjiang, China)",conventional_alphaearth_embeddings,Conventional + AlphaEarth Embeddings,0.9669257330057838,0.5868831590132428,1
1172,CPEC_LANDSLIDE_0196,1,landslide,74_36,2,74.2962887451192,36.19648971438476,Gilgit-Baltistan,conventional_alphaearth_embeddings,Conventional + AlphaEarth Embeddings,0.21050552676499787,0.5868831590132428,0
1173,RMC_03_00826,0,non_landslide,67_26,5,67.00645993658026,26.708036290978526,raster-matched control,conventional_alphaearth_embeddings,Conventional + AlphaEarth Embeddings,0.21801369881733046,0.28992385976630347,0
1174,CPEC_LANDSLIDE_0414,1,landslide,75_38,2,75.01493976639782,38.55007905511141,"Kashgar (Xinjiang, China)",conventional_alphaearth_embeddings,Conventional + AlphaEarth Embeddings,0.987884000318125,0.5868831590132428,1
1175,CPEC_LANDSLIDE_0990,1,landslide,75_35,1,75.86385004764968,35.24652282595866,Gilgit-Baltistan,conventional_alphaearth_embeddings,Conventional + AlphaEarth Embeddings,0.8676802235652838,0.31275142952145935,1
1176,RMC_03_00518,0,non_landslide,74_36,2,74.29628846721018,36.06623576329365,raster-matched control,conventional_alphaearth_embeddings,Conventional + AlphaEarth Embeddings,0.04859785660458673,0.5868831590132428,0
1177,RMC_03_01051,0,non_landslide,64_25,5,64.94033478310536,25.74234736055004,raster-matched control,conventional_alphaearth_embeddings,Conventional + AlphaEarth Embeddings,0.15469939655086457,0.28992385976630347,0
1178,CPEC_ROCKFALL_0275,1,rockfall,66_27,1,66.28780568054516,27.087576314538182,Balochistan,conventional_alphaearth_embeddings,Conventional + AlphaEarth Embeddings,0.9677738628840545,0.31275142952145935,1
1179,CPEC_LANDSLIDE_0876,1,landslide,73_34,2,73.48555728708695,34.375156511801634,KP-AJK,conventional_alphaearth_embeddings,Conventional + AlphaEarth Embeddings,0.2741960804659759,0.5868831590132428,0
1180,RMC_03_00467,0,non_landslide,74_36,2,74.78362450884502,36.57602968703147,raster-matched control,conventional_alphaearth_embeddings,Conventional + AlphaEarth Embeddings,0.12755951528983078,0.5868831590132428,0
1181,CPEC_ROCKFALL_0386,1,rockfall,66_27,1,66.93459382924642,27.67821546277446,Balochistan,conventional_alphaearth_embeddings,Conventional + AlphaEarth Embeddings,0.9830781599882571,0.31275142952145935,1
1182,RMC_03_01031,0,non_landslide,65_26,3,65.4164418836887,26.860749889278846,raster-matched control,conventional_alphaearth_embeddings,Conventional + AlphaEarth Embeddings,0.05955536357597203,0.37326188443582237,0
1183,RMC_03_01145,0,non_landslide,73_35,4,73.3238621721508,35.50029713429834,raster-matched control,conventional_alphaearth_embeddings,Conventional + AlphaEarth Embeddings,0.06765622361136552,0.32933342149262645,0
1184,RMC_03_01060,0,non_landslide,65_26,3,65.02567473509671,26.09044453314636,raster-matched control,conventional_alphaearth_embeddings,Conventional + AlphaEarth Embeddings,0.16361697105270015,0.37326188443582237,0
1185,CPEC_ROCKFALL_0924,1,rockfall,75_38,2,75.49104690407633,38.88694630329503,"Kashgar (Xinjiang, China)",conventional_alphaearth_embeddings,Conventional + AlphaEarth Embeddings,0.98837148221732,0.5868831590132428,1
1186,RMC_03_00293,0,non_landslide,65_27,5,65.60284230514351,27.1369818391456,raster-matched control,conventional_alphaearth_embeddings,Conventional + AlphaEarth Embeddings,0.11110096748104752,0.28992385976630347,0
1187,RMC_03_00769,0,non_landslide,73_35,4,73.47882155866141,35.684451767542846,raster-matched control,conventional_alphaearth_embeddings,Conventional + AlphaEarth Embeddings,0.14248389439959883,0.32933342149262645,0
1188,CPEC_ROCKFALL_0918,1,rockfall,75_38,2,75.48206627455471,38.83978239145274,"Kashgar (Xinjiang, China)",conventional_alphaearth_embeddings,Conventional + AlphaEarth Embeddings,0.6778286326024014,0.5868831590132428,1
1189,CPEC_ROCKFALL_0724,1,rockfall,72_33,4,72.89267075191972,33.804726009539564,KP-AJK,conventional_alphaearth_embeddings,Conventional + AlphaEarth Embeddings,0.9526895543432117,0.32933342149262645,1
1190,RMC_03_00985,0,non_landslide,72_35,3,72.9443239646103,35.04440212760769,raster-matched control,conventional_alphaearth_embeddings,Conventional + AlphaEarth Embeddings,0.10638684393351125,0.37326188443582237,0
1191,RMC_03_00288,0,non_landslide,66_26,4,66.84251739722845,26.5755347865709,raster-matched control,conventional_alphaearth_embeddings,Conventional + AlphaEarth Embeddings,0.10221638790258851,0.32933342149262645,0
1192,CPEC_LANDSLIDE_0054,1,landslide,75_36,3,75.39448061166291,36.83654016139428,Gilgit-Baltistan,conventional_alphaearth_embeddings,Conventional + AlphaEarth Embeddings,0.9916602670049328,0.37326188443582237,1
1193,RMC_03_01293,0,non_landslide,73_35,4,73.65174725085443,35.50478871071894,raster-matched control,conventional_alphaearth_embeddings,Conventional + AlphaEarth Embeddings,0.42512822347853524,0.32933342149262645,1
1194,CPEC_ROCKFALL_0635,1,rockfall,68_29,2,68.0979108666757,29.930743737225804,Balochistan,conventional_alphaearth_embeddings,Conventional + AlphaEarth Embeddings,0.9786109539713354,0.5868831590132428,1
1195,RMC_03_00213,0,non_landslide,77_39,1,77.97488955567962,39.94471200247968,raster-matched control,conventional_alphaearth_embeddings,Conventional + AlphaEarth Embeddings,0.11890570854635699,0.31275142952145935,0
1196,CPEC_LANDSLIDE_0578,1,landslide,74_38,1,74.91163577229263,38.81507897161664,"Kashgar (Xinjiang, China)",conventional_alphaearth_embeddings,Conventional + AlphaEarth Embeddings,0.28515266795515687,0.31275142952145935,0
1197,CPEC_ROCKFALL_0267,1,rockfall,66_26,4,66.34170729407921,26.557567563325605,Balochistan,conventional_alphaearth_embeddings,Conventional + AlphaEarth Embeddings,0.9582757905051068,0.32933342149262645,1
1198,CPEC_ROCKFALL_0329,1,rockfall,66_25,2,66.8537458680464,25.055135890781763,Balochistan,conventional_alphaearth_embeddings,Conventional + AlphaEarth Embeddings,0.7646993197343701,0.5868831590132428,1
1199,CPEC_ROCKFALL_0592,1,rockfall,67_29,1,67.41968605554764,29.614085135016403,Balochistan,conventional_alphaearth_embeddings,Conventional + AlphaEarth Embeddings,0.9792620649194353,0.31275142952145935,1
1200,RMC_03_00609,0,non_landslide,75_38,2,75.2058326923812,38.7769021331243,raster-matched control,conventional_alphaearth_embeddings,Conventional + AlphaEarth Embeddings,0.06474281621501794,0.5868831590132428,0
1201,RMC_03_00146,0,non_landslide,75_37,5,75.58986247634229,37.862866331532686,raster-matched control,conventional_alphaearth_embeddings,Conventional + AlphaEarth Embeddings,0.11973057869523311,0.28992385976630347,0
1202,CPEC_ROCKFALL_0650,1,rockfall,69_30,5,69.0186840205049,30.822318697357044,Balochistan,conventional_alphaearth_embeddings,Conventional + AlphaEarth Embeddings,0.9618036639950517,0.28992385976630347,1
1203,RMC_03_00000,0,non_landslide,72_35,3,72.61419309769637,35.54745868671462,raster-matched control,conventional_alphaearth_embeddings,Conventional + AlphaEarth Embeddings,0.09926930133579269,0.37326188443582237,0
1204,CPEC_LANDSLIDE_0848,1,landslide,73_34,2,73.45187323772923,34.395369616876906,KP-AJK,conventional_alphaearth_embeddings,Conventional + AlphaEarth Embeddings,0.5222429040680532,0.5868831590132428,0
1205,RMC_03_01337,0,non_landslide,75_37,5,75.23502793911507,37.85837475511209,raster-matched control,conventional_alphaearth_embeddings,Conventional + AlphaEarth Embeddings,0.9215253032433142,0.28992385976630347,1
1206,RMC_03_01461,0,non_landslide,68_30,4,68.83902311618408,30.727997187413383,raster-matched control,conventional_alphaearth_embeddings,Conventional + AlphaEarth Embeddings,0.09137156656217175,0.32933342149262645,0
1207,RMC_03_00678,0,non_landslide,73_34,2,73.40695633593185,34.22918100726922,raster-matched control,conventional_alphaearth_embeddings,Conventional + AlphaEarth Embeddings,0.32622942440680425,0.5868831590132428,0
1208,RMC_03_00237,0,non_landslide,69_32,4,69.84289044618765,32.237166864734185,raster-matched control,conventional_alphaearth_embeddings,Conventional + AlphaEarth Embeddings,0.11194260606302305,0.32933342149262645,0
1209,RMC_03_00864,0,non_landslide,75_38,2,75.00146596524401,38.58151855882831,raster-matched control,conventional_alphaearth_embeddings,Conventional + AlphaEarth Embeddings,0.119417181543088,0.5868831590132428,0
1210,CPEC_ROCKFALL_0202,1,rockfall,65_26,3,65.69716653230887,26.301548276342007,Balochistan,conventional_alphaearth_embeddings,Conventional + AlphaEarth Embeddings,0.9845673037966594,0.37326188443582237,1
1211,RMC_03_00040,0,non_landslide,69_31,2,69.77776258808899,31.947460185605635,raster-matched control,conventional_alphaearth_embeddings,Conventional + AlphaEarth Embeddings,0.07009925813189723,0.5868831590132428,0
1212,RMC_03_01380,0,non_landslide,71_35,2,71.74956463673134,35.48906819324685,raster-matched control,conventional_alphaearth_embeddings,Conventional + AlphaEarth Embeddings,0.07753504223700726,0.5868831590132428,0
1213,RMC_03_01109,0,non_landslide,68_30,4,68.05299724257951,30.451765237546635,raster-matched control,conventional_alphaearth_embeddings,Conventional + AlphaEarth Embeddings,0.26241759139818854,0.32933342149262645,0
1214,CPEC_ROCKFALL_0585,1,rockfall,67_29,1,67.49154892812498,29.4681120029308,Balochistan,conventional_alphaearth_embeddings,Conventional + AlphaEarth Embeddings,0.983245342320126,0.31275142952145935,1
1215,CPEC_LANDSLIDE_0714,1,landslide,67_29,1,67.92723431475402,29.701670797908186,Balochistan,conventional_alphaearth_embeddings,Conventional + AlphaEarth Embeddings,0.6303988369185027,0.31275142952145935,1
1216,CPEC_LANDSLIDE_0197,1,landslide,74_36,2,74.29853613205015,36.19648971438476,Gilgit-Baltistan,conventional_alphaearth_embeddings,Conventional + AlphaEarth Embeddings,0.12630022269450142,0.5868831590132428,0
1217,RMC_03_01484,0,non_landslide,65_28,2,65.70839435102755,28.235172273981718,raster-matched control,conventional_alphaearth_embeddings,Conventional + AlphaEarth Embeddings,0.10778271803535754,0.5868831590132428,0
1218,CPEC_LANDSLIDE_0427,1,landslide,75_38,2,75.01044945163699,38.556816756803165,"Kashgar (Xinjiang, China)",conventional_alphaearth_embeddings,Conventional + AlphaEarth Embeddings,0.9903956372936996,0.5868831590132428,1
1219,CPEC_LANDSLIDE_0864,1,landslide,73_34,2,73.40021901112611,34.44926677130991,KP-AJK,conventional_alphaearth_embeddings,Conventional + AlphaEarth Embeddings,0.9751466022840063,0.5868831590132428,1
1220,RMC_03_00272,0,non_landslide,69_27,4,69.29940969929534,27.444654823956537,raster-matched control,conventional_alphaearth_embeddings,Conventional + AlphaEarth Embeddings,0.11578041727000996,0.32933342149262645,0
1221,RMC_03_00368,0,non_landslide,74_39,3,74.70053034506397,39.650513746930535,raster-matched control,conventional_alphaearth_embeddings,Conventional + AlphaEarth Embeddings,0.07893733990090564,0.37326188443582237,0
1222,CPEC_ROCKFALL_0706,1,rockfall,72_32,2,72.57825953664126,32.63916158517935,Punjab-Sindh lowland corridor,conventional_alphaearth_embeddings,Conventional + AlphaEarth Embeddings,0.9828354975313026,0.5868831590132428,1
1223,CPEC_ROCKFALL_0115,1,rockfall,65_27,5,65.8700904711615,27.482831031915623,Balochistan,conventional_alphaearth_embeddings,Conventional + AlphaEarth Embeddings,0.9674334844065017,0.28992385976630347,1
1224,CPEC_ROCKFALL_0438,1,rockfall,70_29,4,70.03378053891765,29.54446519026896,Punjab-Sindh lowland corridor,conventional_alphaearth_embeddings,Conventional + AlphaEarth Embeddings,0.953583424892829,0.32933342149262645,1
1225,RMC_03_00305,0,non_landslide,68_28,5,68.72448791745884,28.29805434387008,raster-matched control,conventional_alphaearth_embeddings,Conventional + AlphaEarth Embeddings,0.799287927511039,0.28992385976630347,1
1226,RMC_03_00187,0,non_landslide,66_26,4,66.28331613286404,26.98426824084528,raster-matched control,conventional_alphaearth_embeddings,Conventional + AlphaEarth Embeddings,0.09603833672823392,0.32933342149262645,0
1227,RMC_03_00922,0,non_landslide,75_38,2,75.51125988898183,38.900420484690734,raster-matched control,conventional_alphaearth_embeddings,Conventional + AlphaEarth Embeddings,0.12445727350171921,0.5868831590132428,0
1228,RMC_03_00904,0,non_landslide,66_28,3,66.22043406297568,28.4507679421704,raster-matched control,conventional_alphaearth_embeddings,Conventional + AlphaEarth Embeddings,0.05581393514919706,0.37326188443582237,0
1229,RMC_03_00322,0,non_landslide,62_25,3,62.93035433488793,25.908535688112156,raster-matched control,conventional_alphaearth_embeddings,Conventional + AlphaEarth Embeddings,0.10436355054245944,0.37326188443582237,0
1230,RMC_03_00473,0,non_landslide,76_36,4,76.98898853135844,36.92861843604838,raster-matched control,conventional_alphaearth_embeddings,Conventional + AlphaEarth Embeddings,0.10563769039816054,0.32933342149262645,0
1231,RMC_03_00317,0,non_landslide,65_26,3,65.68593646892457,26.60697582151508,raster-matched control,conventional_alphaearth_embeddings,Conventional + AlphaEarth Embeddings,0.18051837238854307,0.37326188443582237,0
1232,RMC_03_00642,0,non_landslide,75_38,2,75.31587631468584,38.774656344914,raster-matched control,conventional_alphaearth_embeddings,Conventional + AlphaEarth Embeddings,0.05386645580879296,0.5868831590132428,0
1233,CPEC_LANDSLIDE_0907,1,landslide,76_35,2,76.09965622955801,35.18813089766378,Gilgit-Baltistan,conventional_alphaearth_embeddings,Conventional + AlphaEarth Embeddings,0.6330393841963208,0.5868831590132428,1
1234,RMC_03_01485,0,non_landslide,74_35,5,74.30976319647198,35.989878964143486,raster-matched control,conventional_alphaearth_embeddings,Conventional + AlphaEarth Embeddings,0.5129828354189758,0.28992385976630347,1
1235,RMC_03_00066,0,non_landslide,67_29,1,67.24226769866164,29.91053027886462,raster-matched control,conventional_alphaearth_embeddings,Conventional + AlphaEarth Embeddings,0.2525353416859461,0.31275142952145935,0
1236,RMC_03_01106,0,non_landslide,69_31,2,69.24101920582757,31.664490871107983,raster-matched control,conventional_alphaearth_embeddings,Conventional + AlphaEarth Embeddings,0.124580913363827,0.5868831590132428,0
1237,CPEC_LANDSLIDE_0858,1,landslide,73_34,2,73.44288814910652,34.4043547054996,KP-AJK,conventional_alphaearth_embeddings,Conventional + AlphaEarth Embeddings,0.5600714144147214,0.5868831590132428,0
1238,CPEC_LANDSLIDE_1024,1,landslide,74_35,5,74.83303073892249,35.408218748358706,Gilgit-Baltistan,conventional_alphaearth_embeddings,Conventional + AlphaEarth Embeddings,0.9672045537374657,0.28992385976630347,1
1239,CPEC_LANDSLIDE_0348,1,landslide,75_37,5,75.19684879387313,37.919009237623534,"Kashgar (Xinjiang, China)",conventional_alphaearth_embeddings,Conventional + AlphaEarth Embeddings,0.9743333774804571,0.28992385976630347,1
1240,RMC_03_00025,0,non_landslide,75_38,2,75.00146596524401,38.55232331209442,raster-matched control,conventional_alphaearth_embeddings,Conventional + AlphaEarth Embeddings,0.2011652083005702,0.5868831590132428,0
1241,CPEC_LANDSLIDE_0871,1,landslide,73_34,2,73.47881958539519,34.41333533502124,KP-AJK,conventional_alphaearth_embeddings,Conventional + AlphaEarth Embeddings,0.9324331421821863,0.5868831590132428,1
1242,RMC_03_00537,0,non_landslide,74_38,1,74.97002493029981,38.36816867884992,raster-matched control,conventional_alphaearth_embeddings,Conventional + AlphaEarth Embeddings,0.13763505680613783,0.31275142952145935,0
1243,CPEC_LANDSLIDE_0040,1,landslide,75_37,5,75.89753409700741,37.82693325997093,"Kashgar (Xinjiang, China)",conventional_alphaearth_embeddings,Conventional + AlphaEarth Embeddings,0.42394191020531075,0.28992385976630347,1
1244,CPEC_ROCKFALL_0469,1,rockfall,69_29,3,69.16466161169157,29.077343141213124,Balochistan,conventional_alphaearth_embeddings,Conventional + AlphaEarth Embeddings,0.21906445804007002,0.37326188443582237,0
1245,RMC_03_00927,0,non_landslide,66_28,3,66.11712780530193,28.331741167024564,raster-matched control,conventional_alphaearth_embeddings,Conventional + AlphaEarth Embeddings,0.05347578283082539,0.37326188443582237,0
1246,RMC_03_01396,0,non_landslide,76_37,1,76.97775959030695,37.55968492314235,raster-matched control,conventional_alphaearth_embeddings,Conventional + AlphaEarth Embeddings,0.11642422630806587,0.31275142952145935,0
1247,RMC_03_00484,0,non_landslide,74_35,5,74.36815368993975,35.839411154053465,raster-matched control,conventional_alphaearth_embeddings,Conventional + AlphaEarth Embeddings,0.3621433518902521,0.28992385976630347,1
1248,RMC_03_00414,0,non_landslide,74_36,2,74.96553335387922,36.81632902553344,raster-matched control,conventional_alphaearth_embeddings,Conventional + AlphaEarth Embeddings,0.09165952276655172,0.5868831590132428,0
1249,CPEC_LANDSLIDE_0582,1,landslide,74_38,1,74.82854042416166,38.86448581128882,"Kashgar (Xinjiang, China)",conventional_alphaearth_embeddings,Conventional + AlphaEarth Embeddings,0.5189906895930978,0.31275142952145935,1
1250,CPEC_LANDSLIDE_0416,1,landslide,75_38,2,75.01044945163699,38.55456936987223,"Kashgar (Xinjiang, China)",conventional_alphaearth_embeddings,Conventional + AlphaEarth Embeddings,0.9921936891950657,0.5868831590132428,1
1251,CPEC_ROCKFALL_0057,1,rockfall,63_27,3,63.534471307680256,27.07634383898455,Balochistan,conventional_alphaearth_embeddings,Conventional + AlphaEarth Embeddings,0.9659198823058543,0.37326188443582237,1
1252,RMC_03_00131,0,non_landslide,74_39,3,74.88019340188787,39.57191115957008,raster-matched control,conventional_alphaearth_embeddings,Conventional + AlphaEarth Embeddings,0.8586214512075238,0.37326188443582237,1
1253,RMC_03_01254,0,non_landslide,70_29,4,70.17077552489127,29.96218340770149,raster-matched control,conventional_alphaearth_embeddings,Conventional + AlphaEarth Embeddings,0.08931084190780425,0.32933342149262645,0
1254,CPEC_ROCKFALL_0563,1,rockfall,67_29,1,67.55892594504255,29.65226395823601,Balochistan,conventional_alphaearth_embeddings,Conventional + AlphaEarth Embeddings,0.9691628312254926,0.31275142952145935,1
1255,CPEC_ROCKFALL_0591,1,rockfall,67_29,1,67.41968605554764,29.611842207186527,Balochistan,conventional_alphaearth_embeddings,Conventional + AlphaEarth Embeddings,0.9844090509218937,0.31275142952145935,1
1256,CPEC_ROCKFALL_0378,1,rockfall,66_27,1,66.98400066891861,27.94097245144981,Balochistan,conventional_alphaearth_embeddings,Conventional + AlphaEarth Embeddings,0.9731053571260659,0.31275142952145935,1
1257,RMC_03_00726,0,non_landslide,75_35,1,75.08680591723535,35.572162357027906,raster-matched control,conventional_alphaearth_embeddings,Conventional + AlphaEarth Embeddings,0.5164575021535281,0.31275142952145935,1
1258,CPEC_LANDSLIDE_0460,1,landslide,75_38,2,75.01044945163699,38.71851267920322,"Kashgar (Xinjiang, China)",conventional_alphaearth_embeddings,Conventional + AlphaEarth Embeddings,0.9582132117148046,0.5868831590132428,1
1259,RMC_03_01021,0,non_landslide,76_37,1,76.26584472764223,37.32836873748157,raster-matched control,conventional_alphaearth_embeddings,Conventional + AlphaEarth Embeddings,0.2717950526958331,0.31275142952145935,0
1260,CPEC_LANDSLIDE_0309,1,landslide,72_35,3,72.88593305022796,35.02868236219467,KP-AJK,conventional_alphaearth_embeddings,Conventional + AlphaEarth Embeddings,0.976610884518277,0.37326188443582237,1
1261,RMC_03_00695,0,non_landslide,73_34,2,73.38225266561857,34.447022463668205,raster-matched control,conventional_alphaearth_embeddings,Conventional + AlphaEarth Embeddings,0.16691923388927823,0.5868831590132428,0
1262,CPEC_LANDSLIDE_1001,1,landslide,75_35,1,75.91999458901361,35.226309720883386,Gilgit-Baltistan,conventional_alphaearth_embeddings,Conventional + AlphaEarth Embeddings,0.9250296777714866,0.31275142952145935,1
1263,RMC_03_01140,0,non_landslide,73_35,4,73.6966630150604,35.52500080461163,raster-matched control,conventional_alphaearth_embeddings,Conventional + AlphaEarth Embeddings,0.06328532923179761,0.32933342149262645,0
1264,CPEC_LANDSLIDE_0288,1,landslide,73_35,4,73.33508938113947,35.50478949987318,KP-AJK,conventional_alphaearth_embeddings,Conventional + AlphaEarth Embeddings,0.9774205221089208,0.32933342149262645,1
1265,CPEC_ROCKFALL_0065,1,rockfall,63_26,1,63.96566192044742,26.33972709956161,Balochistan,conventional_alphaearth_embeddings,Conventional + AlphaEarth Embeddings,0.975545545178959,0.31275142952145935,1
1266,CPEC_ROCKFALL_0025,1,rockfall,67_28,4,67.43091407200022,28.11614377723338,Balochistan,conventional_alphaearth_embeddings,Conventional + AlphaEarth Embeddings,0.9698227731920946,0.32933342149262645,1
1267,CPEC_LANDSLIDE_0160,1,landslide,74_36,2,74.68031990514513,36.33123928911885,Gilgit-Baltistan,conventional_alphaearth_embeddings,Conventional + AlphaEarth Embeddings,0.05709862806727411,0.5868831590132428,0
1268,RMC_03_00980,0,non_landslide,72_35,3,72.99822288165747,35.10952998570635,raster-matched control,conventional_alphaearth_embeddings,Conventional + AlphaEarth Embeddings,0.028114742789717703,0.37326188443582237,0
1269,RMC_03_00438,0,non_landslide,74_36,2,74.87121024904667,36.77815062595836,raster-matched control,conventional_alphaearth_embeddings,Conventional + AlphaEarth Embeddings,0.08160065539496078,0.5868831590132428,0
1270,CPEC_ROCKFALL_0424,1,rockfall,70_29,4,70.02255252246509,29.515271455672043,Punjab-Sindh lowland corridor,conventional_alphaearth_embeddings,Conventional + AlphaEarth Embeddings,0.9467313130397295,0.32933342149262645,1
1271,RMC_03_01090,0,non_landslide,66_29,5,66.79984742123277,29.44789790754307,raster-matched control,conventional_alphaearth_embeddings,Conventional + AlphaEarth Embeddings,0.6408508385452848,0.28992385976630347,1
1272,CPEC_LANDSLIDE_0302,1,landslide,73_35,4,73.0431386578672,35.1477091466143,KP-AJK,conventional_alphaearth_embeddings,Conventional + AlphaEarth Embeddings,0.3985464815293901,0.32933342149262645,1
1273,RMC_03_00973,0,non_landslide,75_36,3,75.06883961155296,36.87471951900121,raster-matched control,conventional_alphaearth_embeddings,Conventional + AlphaEarth Embeddings,0.11073352366311937,0.37326188443582237,0
1274,CPEC_LANDSLIDE_0320,1,landslide,75_36,3,75.55617653406297,36.908407493072666,"Kashgar (Xinjiang, China)",conventional_alphaearth_embeddings,Conventional + AlphaEarth Embeddings,0.33287488914684793,0.37326188443582237,0
1275,CPEC_LANDSLIDE_0246,1,landslide,74_35,5,74.61069996039767,35.62381628429282,Gilgit-Baltistan,conventional_alphaearth_embeddings,Conventional + AlphaEarth Embeddings,0.9677733687396233,0.28992385976630347,1
1276,RMC_03_00189,0,non_landslide,71_34,5,71.12298972605797,34.10341686749249,raster-matched control,conventional_alphaearth_embeddings,Conventional + AlphaEarth Embeddings,0.06358601543110227,0.28992385976630347,0
1277,CPEC_LANDSLIDE_0108,1,landslide,74_36,2,74.95430491027305,36.78488593479116,Gilgit-Baltistan,conventional_alphaearth_embeddings,Conventional + AlphaEarth Embeddings,0.27292245675744264,0.5868831590132428,0
1278,RMC_03_00836,0,non_landslide,71_33,3,71.53172318033235,33.654259225432725,raster-matched control,conventional_alphaearth_embeddings,Conventional + AlphaEarth Embeddings,0.038933632609140324,0.37326188443582237,0
1279,CPEC_LANDSLIDE_0529,1,landslide,75_38,2,75.32261327998452,38.80160802733418,"Kashgar (Xinjiang, China)",conventional_alphaearth_embeddings,Conventional + AlphaEarth Embeddings,0.05628967382707157,0.5868831590132428,0
1280,CPEC_LANDSLIDE_0066,1,landslide,75_36,3,75.2799441420041,36.838787548325215,Gilgit-Baltistan,conventional_alphaearth_embeddings,Conventional + AlphaEarth Embeddings,0.8660890960176267,0.37326188443582237,1
1281,RMC_03_01467,0,non_landslide,74_35,5,74.6219277577035,35.67996019112225,raster-matched control,conventional_alphaearth_embeddings,Conventional + AlphaEarth Embeddings,0.1008826144241406,0.28992385976630347,0
1282,RMC_03_00997,0,non_landslide,63_27,3,63.81294910153536,27.249271249660534,raster-matched control,conventional_alphaearth_embeddings,Conventional + AlphaEarth Embeddings,0.0882525125972426,0.37326188443582237,0
1283,CPEC_ROCKFALL_0655,1,rockfall,69_30,5,69.18712210369777,30.9929997083798,Balochistan,conventional_alphaearth_embeddings,Conventional + AlphaEarth Embeddings,0.9810233264646075,0.28992385976630347,1
1284,RMC_03_00684,0,non_landslide,73_33,5,73.44513473550693,33.955194845612766,raster-matched control,conventional_alphaearth_embeddings,Conventional + AlphaEarth Embeddings,0.2037278251945109,0.28992385976630347,0
1285,CPEC_ROCKFALL_0295,1,rockfall,66_27,1,66.47420948188235,27.565926380046594,Balochistan,conventional_alphaearth_embeddings,Conventional + AlphaEarth Embeddings,0.8563597045465015,0.31275142952145935,1
1286,RMC_03_01082,0,non_landslide,66_26,4,66.91662840816831,26.24989549607757,raster-matched control,conventional_alphaearth_embeddings,Conventional + AlphaEarth Embeddings,0.09879895915500313,0.32933342149262645,0
1287,CPEC_ROCKFALL_0326,1,rockfall,66_25,2,66.85149848111547,25.059626205542585,Balochistan,conventional_alphaearth_embeddings,Conventional + AlphaEarth Embeddings,0.9866956711930251,0.5868831590132428,1
1288,CPEC_ROCKFALL_0014,1,rockfall,75_37,5,75.91999458901361,37.82244294521011,"Kashgar (Xinjiang, China)",conventional_alphaearth_embeddings,Conventional + AlphaEarth Embeddings,0.9682600711403173,0.28992385976630347,1
1289,RMC_03_00658,0,non_landslide,63_25,4,63.86460223037224,25.418953858267017,raster-matched control,conventional_alphaearth_embeddings,Conventional + AlphaEarth Embeddings,0.09902290244275296,0.32933342149262645,0
1290,CPEC_LANDSLIDE_1080,1,landslide,74_36,2,74.85998154568951,36.223440521151794,Gilgit-Baltistan,conventional_alphaearth_embeddings,Conventional + AlphaEarth Embeddings,0.7975623273157572,0.5868831590132428,1
1291,RMC_03_00602,0,non_landslide,75_38,2,75.31363052647554,38.7813937095449,raster-matched control,conventional_alphaearth_embeddings,Conventional + AlphaEarth Embeddings,0.05347262578444621,0.5868831590132428,0
1292,CPEC_LANDSLIDE_0461,1,landslide,75_38,2,75.01493976639782,38.72749330872486,"Kashgar (Xinjiang, China)",conventional_alphaearth_embeddings,Conventional + AlphaEarth Embeddings,0.9863293712706511,0.5868831590132428,1
1293,CPEC_ROCKFALL_0363,1,rockfall,66_27,1,66.90764748158045,27.86910957887248,Balochistan,conventional_alphaearth_embeddings,Conventional + AlphaEarth Embeddings,0.9871981122941295,0.31275142952145935,1
1294,CPEC_LANDSLIDE_0716,1,landslide,67_29,1,67.21531653606611,29.43217610754107,Balochistan,conventional_alphaearth_embeddings,Conventional + AlphaEarth Embeddings,0.21623762384696107,0.31275142952145935,0
1295,RMC_03_01073,0,non_landslide,65_25,1,65.84089585543518,25.605354279721816,raster-matched control,conventional_alphaearth_embeddings,Conventional + AlphaEarth Embeddings,0.2607465129517659,0.31275142952145935,0
1296,CPEC_LANDSLIDE_0949,1,landslide,75_35,1,75.29341954538761,35.58563746107321,Gilgit-Baltistan,conventional_alphaearth_embeddings,Conventional + AlphaEarth Embeddings,0.9729592678625119,0.31275142952145935,1
1297,CPEC_LANDSLIDE_0891,1,landslide,73_34,2,73.48555728708695,34.4110879480903,KP-AJK,conventional_alphaearth_embeddings,Conventional + AlphaEarth Embeddings,0.9310715314829028,0.5868831590132428,1
1298,CPEC_ROCKFALL_0805,1,rockfall,75_35,1,75.25075040740718,35.58788484800415,Gilgit-Baltistan,conventional_alphaearth_embeddings,Conventional + AlphaEarth Embeddings,0.9788294974165962,0.31275142952145935,1
1299,RMC_03_00982,0,non_landslide,73_35,4,73.02741812839136,35.10728419749606,raster-matched control,conventional_alphaearth_embeddings,Conventional + AlphaEarth Embeddings,0.0699402548480692,0.32933342149262645,0
1300,CPEC_ROCKFALL_0340,1,rockfall,66_27,1,66.15530795184307,27.64902172817756,Balochistan,conventional_alphaearth_embeddings,Conventional + AlphaEarth Embeddings,0.38286200782175195,0.31275142952145935,1
1301,CPEC_ROCKFALL_0700,1,rockfall,72_32,2,72.45474243746081,32.58751181767729,Punjab-Sindh lowland corridor,conventional_alphaearth_embeddings,Conventional + AlphaEarth Embeddings,0.9745812765191632,0.5868831590132428,1
1302,CPEC_ROCKFALL_0434,1,rockfall,70_29,4,70.03153761108777,29.5377274885772,Punjab-Sindh lowland corridor,conventional_alphaearth_embeddings,Conventional + AlphaEarth Embeddings,0.9240720159610004,0.32933342149262645,1
1303,CPEC_ROCKFALL_0929,1,rockfall,75_38,2,75.49329429100727,38.889193690225966,"Kashgar (Xinjiang, China)",conventional_alphaearth_embeddings,Conventional + AlphaEarth Embeddings,0.9883819802317492,0.5868831590132428,1
1304,RMC_03_01504,0,non_landslide,75_40,1,75.31812210289614,40.20746922308464,raster-matched control,conventional_alphaearth_embeddings,Conventional + AlphaEarth Embeddings,0.2581221785136934,0.31275142952145935,0
1305,RMC_03_00339,0,non_landslide,74_35,5,74.6511230044374,35.81470748374018,raster-matched control,conventional_alphaearth_embeddings,Conventional + AlphaEarth Embeddings,0.9450175149964479,0.28992385976630347,1
1306,RMC_03_00857,0,non_landslide,73_35,4,73.76403666136936,35.56991656881761,raster-matched control,conventional_alphaearth_embeddings,Conventional + AlphaEarth Embeddings,0.07852850184490967,0.32933342149262645,0
1307,RMC_03_00126,0,non_landslide,74_39,3,74.93184653072474,39.533732759995,raster-matched control,conventional_alphaearth_embeddings,Conventional + AlphaEarth Embeddings,0.0895056745813068,0.37326188443582237,0
1308,RMC_03_01165,0,non_landslide,73_35,4,73.20708118521526,35.42843191156879,raster-matched control,conventional_alphaearth_embeddings,Conventional + AlphaEarth Embeddings,0.26047964508437865,0.32933342149262645,0
1309,RMC_03_01414,0,non_landslide,76_39,5,76.33546416216149,39.78526103954847,raster-matched control,conventional_alphaearth_embeddings,Conventional + AlphaEarth Embeddings,0.13950499400994693,0.28992385976630347,0
1310,RMC_03_01184,0,non_landslide,70_29,4,70.01806192659096,29.9599376194912,raster-matched control,conventional_alphaearth_embeddings,Conventional + AlphaEarth Embeddings,0.06685732416063707,0.32933342149262645,0
1311,RMC_03_00192,0,non_landslide,66_29,5,66.2047135455036,29.589382564791894,raster-matched control,conventional_alphaearth_embeddings,Conventional + AlphaEarth Embeddings,0.11281880311851442,0.28992385976630347,0
1312,RMC_03_00873,0,non_landslide,74_36,2,74.56353726423573,36.25263618474845,raster-matched control,conventional_alphaearth_embeddings,Conventional + AlphaEarth Embeddings,0.4366906034454842,0.5868831590132428,0
1313,CPEC_LANDSLIDE_0049,1,landslide,74_35,5,74.74320214820084,35.78551220669287,Gilgit-Baltistan,conventional_alphaearth_embeddings,Conventional + AlphaEarth Embeddings,0.9638152995968114,0.28992385976630347,1
1314,CPEC_ROCKFALL_0194,1,rockfall,63_26,1,63.12124641305742,26.124129563627505,Balochistan,conventional_alphaearth_embeddings,Conventional + AlphaEarth Embeddings,0.3030046210656975,0.31275142952145935,0
1315,CPEC_ROCKFALL_0404,1,rockfall,67_25,3,67.92498692782308,25.8770953652666,Punjab-Sindh lowland corridor,conventional_alphaearth_embeddings,Conventional + AlphaEarth Embeddings,0.9839877599455948,0.37326188443582237,1
1316,CPEC_ROCKFALL_0620,1,rockfall,67_30,3,67.20633590654447,30.276591614931068,Balochistan,conventional_alphaearth_embeddings,Conventional + AlphaEarth Embeddings,0.964404857766143,0.37326188443582237,1
1317,RMC_03_00876,0,non_landslide,74_36,2,74.57027462886663,36.26161933758964,raster-matched control,conventional_alphaearth_embeddings,Conventional + AlphaEarth Embeddings,0.05986430973218606,0.5868831590132428,0
1318,CPEC_ROCKFALL_0820,1,rockfall,75_35,1,75.85486495902698,35.30266736732259,Gilgit-Baltistan,conventional_alphaearth_embeddings,Conventional + AlphaEarth Embeddings,0.4904228526541541,0.31275142952145935,1
1319,RMC_03_00027,0,non_landslide,74_38,1,74.97451650672042,38.64664641692697,raster-matched control,conventional_alphaearth_embeddings,Conventional + AlphaEarth Embeddings,0.10473828043457797,0.31275142952145935,0
1320,RMC_03_01268,0,non_landslide,74_36,2,74.92960074251444,36.48619815861952,raster-matched control,conventional_alphaearth_embeddings,Conventional + AlphaEarth Embeddings,0.5177450443117131,0.5868831590132428,0
1321,RMC_03_00648,0,non_landslide,77_37,2,77.36852673889894,37.638287510502806,raster-matched control,conventional_alphaearth_embeddings,Conventional + AlphaEarth Embeddings,0.09486086043249987,0.5868831590132428,0
1322,CPEC_LANDSLIDE_0743,1,landslide,70_29,4,70.02929022415682,29.95769008489178,Punjab-Sindh lowland corridor,conventional_alphaearth_embeddings,Conventional + AlphaEarth Embeddings,0.9806224405218505,0.32933342149262645,1
1323,CPEC_LANDSLIDE_0969,1,landslide,75_35,1,75.79872041766305,35.32961817408962,Gilgit-Baltistan,conventional_alphaearth_embeddings,Conventional + AlphaEarth Embeddings,0.44896725173155133,0.31275142952145935,1
1324,RMC_03_01162,0,non_landslide,73_35,4,73.31038744288901,35.50478871071894,raster-matched control,conventional_alphaearth_embeddings,Conventional + AlphaEarth Embeddings,0.06923610461691834,0.32933342149262645,0
1325,RMC_03_01186,0,non_landslide,70_31,3,70.04051980869394,31.448895202919303,raster-matched control,conventional_alphaearth_embeddings,Conventional + AlphaEarth Embeddings,0.10979106030633824,0.37326188443582237,0
1326,RMC_03_00781,0,non_landslide,66_26,4,66.98849363089786,26.530619022364924,raster-matched control,conventional_alphaearth_embeddings,Conventional + AlphaEarth Embeddings,0.11747319252500431,0.32933342149262645,0
1327,CPEC_ROCKFALL_0599,1,rockfall,66_29,5,66.90090977988869,29.96218485875366,Balochistan,conventional_alphaearth_embeddings,Conventional + AlphaEarth Embeddings,0.8011906043970676,0.28992385976630347,1
1328,RMC_03_00734,0,non_landslide,74_35,5,74.68930140401247,35.54296711029402,raster-matched control,conventional_alphaearth_embeddings,Conventional + AlphaEarth Embeddings,0.05827097241826753,0.28992385976630347,0
1329,CPEC_LANDSLIDE_0966,1,landslide,75_35,1,75.63028679357123,35.268978858863804,Gilgit-Baltistan,conventional_alphaearth_embeddings,Conventional + AlphaEarth Embeddings,0.832297042892466,0.31275142952145935,1
1330,CPEC_ROCKFALL_0030,1,rockfall,67_28,4,67.41070096692495,28.08245972787565,Balochistan,conventional_alphaearth_embeddings,Conventional + AlphaEarth Embeddings,0.9669169492637585,0.32933342149262645,1
1331,CPEC_LANDSLIDE_0542,1,landslide,75_38,2,75.37875782134847,38.81507897161664,"Kashgar (Xinjiang, China)",conventional_alphaearth_embeddings,Conventional + AlphaEarth Embeddings,0.9871293072591288,0.5868831590132428,1
1332,RMC_03_00897,0,non_landslide,77_37,2,77.24949996375311,37.43841235978621,raster-matched control,conventional_alphaearth_embeddings,Conventional + AlphaEarth Embeddings,0.10834438979542106,0.5868831590132428,0
1333,RMC_03_00380,0,non_landslide,66_28,3,66.95256101953309,28.895434007809563,raster-matched control,conventional_alphaearth_embeddings,Conventional + AlphaEarth Embeddings,0.20041143689750526,0.37326188443582237,0
1334,CPEC_ROCKFALL_0926,1,rockfall,75_38,2,75.49104690407633,38.88694630329503,"Kashgar (Xinjiang, China)",conventional_alphaearth_embeddings,Conventional + AlphaEarth Embeddings,0.98837148221732,0.5868831590132428,1
1335,CPEC_LANDSLIDE_0977,1,landslide,75_35,1,75.8054581193548,35.34309357747314,Gilgit-Baltistan,conventional_alphaearth_embeddings,Conventional + AlphaEarth Embeddings,0.13779732359839483,0.31275142952145935,0
1336,RMC_03_01431,0,non_landslide,65_28,2,65.69941119818635,28.13186601630797,raster-matched control,conventional_alphaearth_embeddings,Conventional + AlphaEarth Embeddings,0.1183709560919789,0.5868831590132428,0
1337,RMC_03_00930,0,non_landslide,71_35,2,71.76753094241373,35.572162357027906,raster-matched control,conventional_alphaearth_embeddings,Conventional + AlphaEarth Embeddings,0.07942977585164172,0.5868831590132428,0
1338,CPEC_LANDSLIDE_0507,1,landslide,75_38,2,75.18337339048962,38.76567213194446,"Kashgar (Xinjiang, China)",conventional_alphaearth_embeddings,Conventional + AlphaEarth Embeddings,0.7165824515800616,0.5868831590132428,1
1339,CPEC_ROCKFALL_0888,1,rockfall,75_38,2,75.06659399300092,38.7454590268692,"Kashgar (Xinjiang, China)",conventional_alphaearth_embeddings,Conventional + AlphaEarth Embeddings,0.9834171435074299,0.5868831590132428,1
1340,RMC_03_00993,0,non_landslide,75_36,3,75.53596355929511,36.93086422425869,raster-matched control,conventional_alphaearth_embeddings,Conventional + AlphaEarth Embeddings,0.10992699039525186,0.37326188443582237,0
1341,RMC_03_00111,0,non_landslide,76_34,5,76.15804689354789,34.714271260693764,raster-matched control,conventional_alphaearth_embeddings,Conventional + AlphaEarth Embeddings,0.5148005823353975,0.28992385976630347,1
1342,RMC_03_00641,0,non_landslide,75_38,2,75.34057998499912,38.81508053269938,raster-matched control,conventional_alphaearth_embeddings,Conventional + AlphaEarth Embeddings,0.0636783317760283,0.5868831590132428,0
1343,CPEC_LANDSLIDE_0588,1,landslide,66_27,1,66.90989040941034,27.85338678855804,Balochistan,conventional_alphaearth_embeddings,Conventional + AlphaEarth Embeddings,0.9658768149624214,0.31275142952145935,1
1344,CPEC_LANDSLIDE_0087,1,landslide,75_36,3,75.04413796009577,36.885947001066455,Gilgit-Baltistan,conventional_alphaearth_embeddings,Conventional + AlphaEarth Embeddings,0.9046656336808555,0.37326188443582237,1
1345,CPEC_LANDSLIDE_0595,1,landslide,67_28,4,67.41070096692495,28.07123171142308,Balochistan,conventional_alphaearth_embeddings,Conventional + AlphaEarth Embeddings,0.9569216220044324,0.32933342149262645,1
1346,RMC_03_01230,0,non_landslide,71_31,4,71.92024454071404,31.47359887323259,raster-matched control,conventional_alphaearth_embeddings,Conventional + AlphaEarth Embeddings,0.09229701316439361,0.32933342149262645,0
1347,RMC_03_00461,0,non_landslide,74_36,2,74.31425477289257,36.144838350654105,raster-matched control,conventional_alphaearth_embeddings,Conventional + AlphaEarth Embeddings,0.059712521623200635,0.5868831590132428,0
1348,CPEC_LANDSLIDE_0326,1,landslide,75_36,3,75.54270113067945,36.88594700106646,"Kashgar (Xinjiang, China)",conventional_alphaearth_embeddings,Conventional + AlphaEarth Embeddings,0.9721371614651192,0.37326188443582237,1
1349,CPEC_LANDSLIDE_0071,1,landslide,75_36,3,75.20133910863396,36.86349096816131,Gilgit-Baltistan,conventional_alphaearth_embeddings,Conventional + AlphaEarth Embeddings,0.10848159630842416,0.37326188443582237,0
1350,CPEC_ROCKFALL_0553,1,rockfall,67_29,1,67.69591844760652,29.59162910211125,Balochistan,conventional_alphaearth_embeddings,Conventional + AlphaEarth Embeddings,0.9155113171350003,0.31275142952145935,1
1351,RMC_03_00923,0,non_landslide,77_37,2,77.36178937426804,37.61807541661012,raster-matched control,conventional_alphaearth_embeddings,Conventional + AlphaEarth Embeddings,0.12195015529986752,0.5868831590132428,0
1352,CPEC_ROCKFALL_0348,1,rockfall,66_27,1,66.49441812785658,27.77703360121988,Balochistan,conventional_alphaearth_embeddings,Conventional + AlphaEarth Embeddings,0.9805588881655495,0.31275142952145935,1
1353,CPEC_ROCKFALL_0369,1,rockfall,66_27,1,66.91213779634127,27.925254120236417,Balochistan,conventional_alphaearth_embeddings,Conventional + AlphaEarth Embeddings,0.962396627165895,0.31275142952145935,1
1354,RMC_03_00704,0,non_landslide,73_34,2,73.3261079603611,34.505412957135974,raster-matched control,conventional_alphaearth_embeddings,Conventional + AlphaEarth Embeddings,0.15001077365637458,0.5868831590132428,0
1355,CPEC_ROCKFALL_0664,1,rockfall,68_30,4,68.35842492752117,30.665113089717806,Balochistan,conventional_alphaearth_embeddings,Conventional + AlphaEarth Embeddings,0.9476939093455041,0.32933342149262645,1
1356,CPEC_ROCKFALL_0110,1,rockfall,65_27,5,65.82293101842026,27.46486531377129,Balochistan,conventional_alphaearth_embeddings,Conventional + AlphaEarth Embeddings,0.9773735487592754,0.28992385976630347,1
1357,RMC_03_00951,0,non_landslide,75_36,3,75.1946037513297,36.86124478973942,raster-matched control,conventional_alphaearth_embeddings,Conventional + AlphaEarth Embeddings,0.055023658550046,0.37326188443582237,0
1358,RMC_03_00972,0,non_landslide,75_36,3,75.03964436481908,36.86124478973942,raster-matched control,conventional_alphaearth_embeddings,Conventional + AlphaEarth Embeddings,0.08639623025477618,0.37326188443582237,0
1359,CPEC_ROCKFALL_0653,1,rockfall,69_30,5,69.14220557878642,30.95257795733032,Balochistan,conventional_alphaearth_embeddings,Conventional + AlphaEarth Embeddings,0.981164160222245,0.28992385976630347,1
1360,CPEC_ROCKFALL_0827,1,rockfall,74_35,5,74.71625134143379,35.540720936161854,Gilgit-Baltistan,conventional_alphaearth_embeddings,Conventional + AlphaEarth Embeddings,0.9624592736743953,0.28992385976630347,1
1361,RMC_03_01182,0,non_landslide,67_29,1,67.86210524470411,29.703917763517133,raster-matched control,conventional_alphaearth_embeddings,Conventional + AlphaEarth Embeddings,0.09240566944185333,0.31275142952145935,0
1362,CPEC_LANDSLIDE_0277,1,landslide,73_35,4,73.5686526352179,35.52949291970927,KP-AJK,conventional_alphaearth_embeddings,Conventional + AlphaEarth Embeddings,0.9778036395939044,0.32933342149262645,1
1363,CPEC_ROCKFALL_0334,1,rockfall,66_25,2,66.87395897312167,25.100052415693124,Balochistan,conventional_alphaearth_embeddings,Conventional + AlphaEarth Embeddings,0.11549367422476824,0.5868831590132428,0
1364,RMC_03_01210,0,non_landslide,66_26,4,66.47420813073944,26.328498083438028,raster-matched control,conventional_alphaearth_embeddings,Conventional + AlphaEarth Embeddings,0.11010574496161739,0.32933342149262645,0
1365,CPEC_LANDSLIDE_0099,1,landslide,74_36,2,74.96104261196481,36.8118367415582,Gilgit-Baltistan,conventional_alphaearth_embeddings,Conventional + AlphaEarth Embeddings,0.9845070592057369,0.5868831590132428,1
1366,RMC_03_01101,0,non_landslide,68_31,1,68.04176830152801,31.06261963074791,raster-matched control,conventional_alphaearth_embeddings,Conventional + AlphaEarth Embeddings,0.11765686057851761,0.31275142952145935,0
1367,CPEC_ROCKFALL_0882,1,rockfall,75_38,2,75.03066255671226,38.53435626479696,"Kashgar (Xinjiang, China)",conventional_alphaearth_embeddings,Conventional + AlphaEarth Embeddings,0.9872857074699185,0.5868831590132428,1
1368,RMC_03_01047,0,non_landslide,65_26,3,65.86784531395877,26.198242367240702,raster-matched control,conventional_alphaearth_embeddings,Conventional + AlphaEarth Embeddings,0.11423184738330051,0.37326188443582237,0
1369,RMC_03_00302,0,non_landslide,67_29,1,67.4893044017945,29.5736620473198,raster-matched control,conventional_alphaearth_embeddings,Conventional + AlphaEarth Embeddings,0.08146724761803516,0.31275142952145935,0
1370,RMC_03_00115,0,non_landslide,66_28,3,66.9345947138507,28.738228833088648,raster-matched control,conventional_alphaearth_embeddings,Conventional + AlphaEarth Embeddings,0.0562287617709911,0.37326188443582237,0
1371,RMC_03_00698,0,non_landslide,73_33,5,73.52149153465709,33.81371018836394,raster-matched control,conventional_alphaearth_embeddings,Conventional + AlphaEarth Embeddings,0.21599449891082603,0.28992385976630347,0
1372,RMC_03_00090,0,non_landslide,72_34,1,72.03927131585988,34.57054081523464,raster-matched control,conventional_alphaearth_embeddings,Conventional + AlphaEarth Embeddings,0.06877415297557724,0.31275142952145935,0
1373,CPEC_LANDSLIDE_0201,1,landslide,74_36,2,74.27832302697487,36.16954336671879,Gilgit-Baltistan,conventional_alphaearth_embeddings,Conventional + AlphaEarth Embeddings,0.9046847956144094,0.5868831590132428,1
1374,CPEC_LANDSLIDE_0935,1,landslide,72_35,3,72.6815679898475,35.59461809059485,KP-AJK,conventional_alphaearth_embeddings,Conventional + AlphaEarth Embeddings,0.9639040935081825,0.37326188443582237,1
1375,CPEC_LANDSLIDE_1025,1,landslide,74_35,5,74.83752551278435,35.39923811883707,Gilgit-Baltistan,conventional_alphaearth_embeddings,Conventional + AlphaEarth Embeddings,0.9745514453805874,0.28992385976630347,1
1376,CPEC_ROCKFALL_0466,1,rockfall,69_28,1,69.17813701507508,28.83928957237386,Balochistan,conventional_alphaearth_embeddings,Conventional + AlphaEarth Embeddings,0.2728929099264376,0.31275142952145935,0
1377,RMC_03_00796,0,non_landslide,62_26,5,62.26560102463949,26.17353869692741,raster-matched control,conventional_alphaearth_embeddings,Conventional + AlphaEarth Embeddings,0.12448067677476495,0.28992385976630347,0
1378,RMC_03_00843,0,non_landslide,72_32,2,72.47046265223725,32.5852640373305,raster-matched control,conventional_alphaearth_embeddings,Conventional + AlphaEarth Embeddings,0.4623884282762066,0.5868831590132428,0
1379,RMC_03_01026,0,non_landslide,67_29,1,67.31413292139119,29.47260157785636,raster-matched control,conventional_alphaearth_embeddings,Conventional + AlphaEarth Embeddings,0.1113812171942219,0.31275142952145935,0
1380,RMC_03_01389,0,non_landslide,75_39,4,75.52698040645393,39.96492409637237,raster-matched control,conventional_alphaearth_embeddings,Conventional + AlphaEarth Embeddings,0.086049854992596,0.32933342149262645,0
1381,RMC_03_01506,0,non_landslide,75_37,5,75.15193377533402,37.921256825000455,raster-matched control,conventional_alphaearth_embeddings,Conventional + AlphaEarth Embeddings,0.061490932681005854,0.28992385976630347,0
1382,RMC_03_00418,0,non_landslide,74_36,2,74.96328756566892,36.80060850806135,raster-matched control,conventional_alphaearth_embeddings,Conventional + AlphaEarth Embeddings,0.3030799623228504,0.5868831590132428,0
1383,RMC_03_01307,0,non_landslide,74_35,5,74.6129446048623,35.727121743538525,raster-matched control,conventional_alphaearth_embeddings,Conventional + AlphaEarth Embeddings,0.06928985750630082,0.28992385976630347,0
1384,RMC_03_01383,0,non_landslide,74_35,5,74.64663142801679,35.781020660585696,raster-matched control,conventional_alphaearth_embeddings,Conventional + AlphaEarth Embeddings,0.9287309814544057,0.28992385976630347,1
1385,CPEC_LANDSLIDE_0279,1,landslide,73_35,4,73.54170182845088,35.52050783108658,KP-AJK,conventional_alphaearth_embeddings,Conventional + AlphaEarth Embeddings,0.9756943664234168,0.32933342149262645,1
1386,RMC_03_00015,0,non_landslide,74_38,1,74.96328756566892,38.354693949588125,raster-matched control,conventional_alphaearth_embeddings,Conventional + AlphaEarth Embeddings,0.17861538152523487,0.31275142952145935,0
1387,RMC_03_00896,0,non_landslide,77_37,2,77.22704208165013,37.42044605410382,raster-matched control,conventional_alphaearth_embeddings,Conventional + AlphaEarth Embeddings,0.10769639219503248,0.5868831590132428,0
1388,RMC_03_00478,0,non_landslide,74_36,2,74.65561458085799,36.29530616074412,raster-matched control,conventional_alphaearth_embeddings,Conventional + AlphaEarth Embeddings,0.07820682784626182,0.5868831590132428,0
1389,RMC_03_00140,0,non_landslide,75_37,5,75.9604175310416,37.24302878549022,raster-matched control,conventional_alphaearth_embeddings,Conventional + AlphaEarth Embeddings,0.4050823565755741,0.28992385976630347,1
1390,RMC_03_01355,0,non_landslide,75_35,1,75.65274454623065,35.72263016711793,raster-matched control,conventional_alphaearth_embeddings,Conventional + AlphaEarth Embeddings,0.06199937480033023,0.31275142952145935,0
1391,RMC_03_00945,0,non_landslide,75_36,3,75.22604478627389,36.85001584868792,raster-matched control,conventional_alphaearth_embeddings,Conventional + AlphaEarth Embeddings,0.3555189461085036,0.37326188443582237,0
1392,RMC_03_00687,0,non_landslide,73_34,2,73.38225266561857,34.148332631698466,raster-matched control,conventional_alphaearth_embeddings,Conventional + AlphaEarth Embeddings,0.32898481200003693,0.5868831590132428,0
1393,RMC_03_00403,0,non_landslide,74_35,5,74.18399905669524,35.27347252505817,raster-matched control,conventional_alphaearth_embeddings,Conventional + AlphaEarth Embeddings,0.41397436033286095,0.28992385976630347,1
1394,CPEC_LANDSLIDE_0111,1,landslide,74_36,2,74.87569987690291,36.79836133817467,Gilgit-Baltistan,conventional_alphaearth_embeddings,Conventional + AlphaEarth Embeddings,0.21299605159125162,0.5868831590132428,0
1395,RMC_03_00610,0,non_landslide,75_38,2,75.28892685616225,38.7813937095449,raster-matched control,conventional_alphaearth_embeddings,Conventional + AlphaEarth Embeddings,0.09163291265574988,0.5868831590132428,0
1396,CPEC_LANDSLIDE_0145,1,landslide,74_36,2,74.88693235245654,36.340219918640486,Gilgit-Baltistan,conventional_alphaearth_embeddings,Conventional + AlphaEarth Embeddings,0.16263408115455485,0.5868831590132428,0
1397,CPEC_LANDSLIDE_0214,1,landslide,74_35,5,74.20196538053567,35.976406322790886,Gilgit-Baltistan,conventional_alphaearth_embeddings,Conventional + AlphaEarth Embeddings,0.9449365053052784,0.28992385976630347,1
1398,RMC_03_00190,0,non_landslide,69_32,4,69.76653364703749,32.22593792368269,raster-matched control,conventional_alphaearth_embeddings,Conventional + AlphaEarth Embeddings,0.06485324335114291,0.32933342149262645,0
1399,CPEC_ROCKFALL_0413,1,rockfall,69_29,3,69.89229772159287,29.52425654429473,Punjab-Sindh lowland corridor,conventional_alphaearth_embeddings,Conventional + AlphaEarth Embeddings,0.5218625524959277,0.37326188443582237,1
1400,CPEC_ROCKFALL_0360,1,rockfall,66_27,1,66.82005735958762,27.801737021055967,Balochistan,conventional_alphaearth_embeddings,Conventional + AlphaEarth Embeddings,0.9428562580772436,0.31275142952145935,1
1401,CPEC_ROCKFALL_0916,1,rockfall,75_38,2,75.4843092023846,38.82855437500015,"Kashgar (Xinjiang, China)",conventional_alphaearth_embeddings,Conventional + AlphaEarth Embeddings,0.9646716052098255,0.5868831590132428,1
1402,CPEC_ROCKFALL_0858,1,rockfall,74_35,5,74.19971799360472,35.39923811883707,Gilgit-Baltistan,conventional_alphaearth_embeddings,Conventional + AlphaEarth Embeddings,0.9828559830683774,0.28992385976630347,1
1403,RMC_03_00740,0,non_landslide,73_36,1,73.23852222015944,36.22344093801456,raster-matched control,conventional_alphaearth_embeddings,Conventional + AlphaEarth Embeddings,0.12617211876338005,0.31275142952145935,0
1404,RMC_03_01443,0,non_landslide,67_28,4,67.15692774667028,28.140849169149163,raster-matched control,conventional_alphaearth_embeddings,Conventional + AlphaEarth Embeddings,0.48024549727908833,0.32933342149262645,1
1405,RMC_03_01257,0,non_landslide,73_33,5,73.46534682939962,33.692437625007805,raster-matched control,conventional_alphaearth_embeddings,Conventional + AlphaEarth Embeddings,0.18419582850104238,0.28992385976630347,0
1406,RMC_03_00064,0,non_landslide,67_29,1,67.24226769866164,29.906038702444025,raster-matched control,conventional_alphaearth_embeddings,Conventional + AlphaEarth Embeddings,0.2340053898092155,0.31275142952145935,0
1407,CPEC_LANDSLIDE_0134,1,landslide,74_36,2,74.83303073892249,36.53785173643027,Gilgit-Baltistan,conventional_alphaearth_embeddings,Conventional + AlphaEarth Embeddings,0.9291362959633165,0.5868831590132428,1
1408,CPEC_LANDSLIDE_0982,1,landslide,75_35,1,75.85037464426617,35.313895383775176,Gilgit-Baltistan,conventional_alphaearth_embeddings,Conventional + AlphaEarth Embeddings,0.49521974758997456,0.31275142952145935,1
1409,RMC_03_00847,0,non_landslide,71_35,2,71.89778665861105,35.92250531783452,raster-matched control,conventional_alphaearth_embeddings,Conventional + AlphaEarth Embeddings,0.16018545666972456,0.5868831590132428,0
1410,RMC_03_01126,0,non_landslide,74_35,5,74.79036187347592,35.700172285014936,raster-matched control,conventional_alphaearth_embeddings,Conventional + AlphaEarth Embeddings,0.29599186623696383,0.28992385976630347,1
1411,CPEC_ROCKFALL_0646,1,rockfall,68_30,4,68.15855018190152,30.04303281995368,Balochistan,conventional_alphaearth_embeddings,Conventional + AlphaEarth Embeddings,0.8567420086563053,0.32933342149262645,1
1412,RMC_03_01345,0,non_landslide,77_36,5,77.47857036120358,36.400858206628165,raster-matched control,conventional_alphaearth_embeddings,Conventional + AlphaEarth Embeddings,0.6075714951531351,0.28992385976630347,1
1413,RMC_03_00611,0,non_landslide,74_36,2,74.59722408739022,36.28407721969263,raster-matched control,conventional_alphaearth_embeddings,Conventional + AlphaEarth Embeddings,0.22279928412508965,0.5868831590132428,0
1414,CPEC_ROCKFALL_0613,1,rockfall,67_30,3,67.26697076266923,30.087949344865045,Balochistan,conventional_alphaearth_embeddings,Conventional + AlphaEarth Embeddings,0.9502737527960742,0.37326188443582237,1
1415,CPEC_ROCKFALL_0830,1,rockfall,74_35,5,74.73421705957813,35.53174030664021,Gilgit-Baltistan,conventional_alphaearth_embeddings,Conventional + AlphaEarth Embeddings,0.9811164271866811,0.28992385976630347,1
1416,RMC_03_00785,0,non_landslide,65_27,5,65.8206837615425,27.64677576288343,raster-matched control,conventional_alphaearth_embeddings,Conventional + AlphaEarth Embeddings,0.10714740397720453,0.28992385976630347,0
1417,RMC_03_00536,0,non_landslide,75_38,2,75.0082033298749,38.36367710242932,raster-matched control,conventional_alphaearth_embeddings,Conventional + AlphaEarth Embeddings,0.15661304751835545,0.5868831590132428,0
1418,CPEC_ROCKFALL_0640,1,rockfall,67_30,3,67.49379631505592,30.3260029137043,Balochistan,conventional_alphaearth_embeddings,Conventional + AlphaEarth Embeddings,0.40445953490504377,0.37326188443582237,1
1419,RMC_03_01338,0,non_landslide,75_40,1,75.32485946752703,40.18950291740225,raster-matched control,conventional_alphaearth_embeddings,Conventional + AlphaEarth Embeddings,0.1333433190361616,0.31275142952145935,0
1420,RMC_03_01011,0,non_landslide,73_35,4,73.98412390597865,35.31614250105385,raster-matched control,conventional_alphaearth_embeddings,Conventional + AlphaEarth Embeddings,0.07795508870684166,0.32933342149262645,0
1421,CPEC_LANDSLIDE_0488,1,landslide,75_38,2,75.09129741283702,38.75669150242281,"Kashgar (Xinjiang, China)",conventional_alphaearth_embeddings,Conventional + AlphaEarth Embeddings,0.9818002265722333,0.5868831590132428,1
1422,CPEC_ROCKFALL_0534,1,rockfall,67_29,1,67.92273954089214,29.69044278145561,Balochistan,conventional_alphaearth_embeddings,Conventional + AlphaEarth Embeddings,0.9734501344856472,0.31275142952145935,1
1423,RMC_03_00067,0,non_landslide,66_27,1,66.41581763727167,27.460375341428627,raster-matched control,conventional_alphaearth_embeddings,Conventional + AlphaEarth Embeddings,0.11988298776561027,0.31275142952145935,0
1424,CPEC_ROCKFALL_0019,1,rockfall,76_37,1,76.18724189244979,37.757313315223485,"Kashgar (Xinjiang, China)",conventional_alphaearth_embeddings,Conventional + AlphaEarth Embeddings,0.9777145634965866,0.31275142952145935,1
1425,CPEC_LANDSLIDE_0377,1,landslide,75_38,2,75.03290548454214,38.39511637530205,"Kashgar (Xinjiang, China)",conventional_alphaearth_embeddings,Conventional + AlphaEarth Embeddings,0.989333915519439,0.5868831590132428,1
1426,CPEC_ROCKFALL_0959,1,rockfall,75_38,2,75.52024509777429,38.96554687756412,"Kashgar (Xinjiang, China)",conventional_alphaearth_embeddings,Conventional + AlphaEarth Embeddings,0.9926227964786326,0.5868831590132428,1
1427,CPEC_ROCKFALL_0791,1,rockfall,76_35,2,76.13334473801679,35.19711598628648,Gilgit-Baltistan,conventional_alphaearth_embeddings,Conventional + AlphaEarth Embeddings,0.9717643543414793,0.5868831590132428,1
1428,CPEC_LANDSLIDE_0528,1,landslide,75_38,2,75.32261327998452,38.79936064040324,"Kashgar (Xinjiang, China)",conventional_alphaearth_embeddings,Conventional + AlphaEarth Embeddings,0.06902742069944132,0.5868831590132428,0
1429,RMC_03_01392,0,non_landslide,76_38,3,76.19397950491268,38.92063257858342,raster-matched control,conventional_alphaearth_embeddings,Conventional + AlphaEarth Embeddings,0.10199199497008192,0.37326188443582237,0
1430,CPEC_ROCKFALL_0379,1,rockfall,66_27,1,66.99747607230212,27.947710153141564,Balochistan,conventional_alphaearth_embeddings,Conventional + AlphaEarth Embeddings,0.7241876960081242,0.31275142952145935,1
1431,RMC_03_00776,0,non_landslide,73_34,2,73.41144791235246,34.30553780641938,raster-matched control,conventional_alphaearth_embeddings,Conventional + AlphaEarth Embeddings,0.41163454087479284,0.5868831590132428,0
1432,CPEC_ROCKFALL_0684,1,rockfall,70_32,5,70.08094445075994,32.37865198343494,KP-AJK,conventional_alphaearth_embeddings,Conventional + AlphaEarth Embeddings,0.7928698594595195,0.28992385976630347,1
1433,RMC_03_00032,0,non_landslide,75_39,4,75.5741419588702,39.9087793911149,raster-matched control,conventional_alphaearth_embeddings,Conventional + AlphaEarth Embeddings,0.11021306680993899,0.32933342149262645,0
1434,RMC_03_01497,0,non_landslide,74_35,5,74.48942625329587,35.47783925219536,raster-matched control,conventional_alphaearth_embeddings,Conventional + AlphaEarth Embeddings,0.05367253257613699,0.28992385976630347,0
1435,CPEC_ROCKFALL_0371,1,rockfall,66_27,1,66.98175774108873,27.947710153141564,Balochistan,conventional_alphaearth_embeddings,Conventional + AlphaEarth Embeddings,0.9870784937575166,0.31275142952145935,1
1436,RMC_03_00358,0,non_landslide,67_29,1,67.40845602622375,29.65451042289056,raster-matched control,conventional_alphaearth_embeddings,Conventional + AlphaEarth Embeddings,0.09494628865362922,0.31275142952145935,0
1437,RMC_03_01141,0,non_landslide,73_35,4,73.42716842982455,35.52050922819103,raster-matched control,conventional_alphaearth_embeddings,Conventional + AlphaEarth Embeddings,0.10134005717023023,0.32933342149262645,0
1438,CPEC_LANDSLIDE_0909,1,landslide,76_35,2,76.10190361648894,35.18813089766378,Gilgit-Baltistan,conventional_alphaearth_embeddings,Conventional + AlphaEarth Embeddings,0.9618968323912506,0.5868831590132428,1
1439,CPEC_LANDSLIDE_0176,1,landslide,74_36,2,74.48493547428629,36.24814394098788,Gilgit-Baltistan,conventional_alphaearth_embeddings,Conventional + AlphaEarth Embeddings,0.6590227843143397,0.5868831590132428,1
1440,RMC_03_00275,0,non_landslide,61_25,2,61.96241961624915,25.85912834748558,raster-matched control,conventional_alphaearth_embeddings,Conventional + AlphaEarth Embeddings,0.15478155471277816,0.5868831590132428,0
1441,CPEC_LANDSLIDE_0526,1,landslide,75_38,2,75.32486066691546,38.79936064040324,"Kashgar (Xinjiang, China)",conventional_alphaearth_embeddings,Conventional + AlphaEarth Embeddings,0.9356460291511421,0.5868831590132428,1
1442,CPEC_LANDSLIDE_0215,1,landslide,74_35,5,74.19747506577484,35.97415893585996,Gilgit-Baltistan,conventional_alphaearth_embeddings,Conventional + AlphaEarth Embeddings,0.9260490888868979,0.28992385976630347,1
1443,CPEC_ROCKFALL_0447,1,rockfall,69_28,1,69.18712210369777,28.83704218544293,Balochistan,conventional_alphaearth_embeddings,Conventional + AlphaEarth Embeddings,0.9371183890770297,0.31275142952145935,1
1444,RMC_03_01358,0,non_landslide,65_27,5,65.69267383355546,27.220076002926653,raster-matched control,conventional_alphaearth_embeddings,Conventional + AlphaEarth Embeddings,0.07269209143401857,0.28992385976630347,0
1445,RMC_03_00313,0,non_landslide,67_29,1,67.97664044342935,29.775782986246696,raster-matched control,conventional_alphaearth_embeddings,Conventional + AlphaEarth Embeddings,0.11114571673668638,0.31275142952145935,0
1446,RMC_03_01357,0,non_landslide,65_27,5,65.20533779192063,27.653513127514323,raster-matched control,conventional_alphaearth_embeddings,Conventional + AlphaEarth Embeddings,0.24625217640752484,0.28992385976630347,0
1447,RMC_03_00549,0,non_landslide,75_38,2,75.04189015302939,38.47821230115456,raster-matched control,conventional_alphaearth_embeddings,Conventional + AlphaEarth Embeddings,0.175136113282399,0.5868831590132428,0
1448,RMC_03_00289,0,non_landslide,65_25,1,65.50627341210065,25.65027004392779,raster-matched control,conventional_alphaearth_embeddings,Conventional + AlphaEarth Embeddings,0.1130882738918093,0.31275142952145935,0
1449,CPEC_ROCKFALL_0225,1,rockfall,65_26,3,65.70390423400063,26.303795663272943,Balochistan,conventional_alphaearth_embeddings,Conventional + AlphaEarth Embeddings,0.9808127076381052,0.37326188443582237,1
1450,RMC_03_01219,0,non_landslide,68_29,2,68.49990909642896,29.115521252418844,raster-matched control,conventional_alphaearth_embeddings,Conventional + AlphaEarth Embeddings,0.2057896600379037,0.5868831590132428,0
1451,RMC_03_00741,0,non_landslide,76_35,2,76.09965640008012,35.15219996170203,raster-matched control,conventional_alphaearth_embeddings,Conventional + AlphaEarth Embeddings,0.06328940430882815,0.5868831590132428,0
1452,RMC_03_00406,0,non_landslide,73_35,4,73.42716842982455,35.61258654481328,raster-matched control,conventional_alphaearth_embeddings,Conventional + AlphaEarth Embeddings,0.27970423771464636,0.32933342149262645,0
1453,CPEC_LANDSLIDE_0306,1,landslide,72_35,3,72.99822213295585,35.078089201866845,KP-AJK,conventional_alphaearth_embeddings,Conventional + AlphaEarth Embeddings,0.10497227531197256,0.37326188443582237,0
1454,CPEC_LANDSLIDE_0700,1,landslide,66_27,1,66.56179514477414,27.597367501574432,Balochistan,conventional_alphaearth_embeddings,Conventional + AlphaEarth Embeddings,0.9830083447852389,0.31275142952145935,1
1455,CPEC_LANDSLIDE_0508,1,landslide,75_38,2,75.18337339048962,38.7679195188754,"Kashgar (Xinjiang, China)",conventional_alphaearth_embeddings,Conventional + AlphaEarth Embeddings,0.3143691387399736,0.5868831590132428,0
1456,CPEC_ROCKFALL_0671,1,rockfall,70_29,4,70.00458680432074,29.94421914060932,Punjab-Sindh lowland corridor,conventional_alphaearth_embeddings,Conventional + AlphaEarth Embeddings,0.09287468088817838,0.32933342149262645,0
1457,RMC_03_00181,0,non_landslide,66_27,1,66.29679086212585,27.05837925178514,raster-matched control,conventional_alphaearth_embeddings,Conventional + AlphaEarth Embeddings,0.06364348671074747,0.31275142952145935,0
1458,RMC_03_01259,0,non_landslide,73_35,4,73.76628244957966,35.51377186356014,raster-matched control,conventional_alphaearth_embeddings,Conventional + AlphaEarth Embeddings,0.046572755627933796,0.32933342149262645,0
1459,RMC_03_00249,0,non_landslide,67_30,3,67.57239856557555,30.18002486410048,raster-matched control,conventional_alphaearth_embeddings,Conventional + AlphaEarth Embeddings,0.08512456656556387,0.37326188443582237,0
1460,RMC_03_00242,0,non_landslide,66_27,1,66.72349062208261,27.509782682055203,raster-matched control,conventional_alphaearth_embeddings,Conventional + AlphaEarth Embeddings,0.10554452085200602,0.31275142952145935,0
1461,CPEC_LANDSLIDE_0237,1,landslide,74_36,2,74.50065380549968,36.24814394098788,Gilgit-Baltistan,conventional_alphaearth_embeddings,Conventional + AlphaEarth Embeddings,0.9789955149434381,0.5868831590132428,1
1462,RMC_03_00548,0,non_landslide,74_35,5,74.03353124660522,35.13647944422994,raster-matched control,conventional_alphaearth_embeddings,Conventional + AlphaEarth Embeddings,0.21583730646023785,0.28992385976630347,0
1463,RMC_03_00468,0,non_landslide,76_36,4,76.98000537851725,36.88594846005271,raster-matched control,conventional_alphaearth_embeddings,Conventional + AlphaEarth Embeddings,0.12760010372319733,0.32933342149262645,0
1464,CPEC_ROCKFALL_0203,1,rockfall,65_26,3,65.69716653230887,26.299300889411075,Balochistan,conventional_alphaearth_embeddings,Conventional + AlphaEarth Embeddings,0.6893202737286088,0.37326188443582237,1
1465,RMC_03_01405,0,non_landslide,65_27,5,65.13571835740136,27.406476424381456,raster-matched control,conventional_alphaearth_embeddings,Conventional + AlphaEarth Embeddings,0.1473278034769573,0.28992385976630347,0
1466,RMC_03_00757,0,non_landslide,74_36,2,74.81057396736861,36.53335971103579,raster-matched control,conventional_alphaearth_embeddings,Conventional + AlphaEarth Embeddings,0.14082841562161877,0.5868831590132428,0
1467,RMC_03_01169,0,non_landslide,71_35,2,71.73159833104894,35.43966085262028,raster-matched control,conventional_alphaearth_embeddings,Conventional + AlphaEarth Embeddings,0.09327872875635095,0.5868831590132428,0
1468,CPEC_LANDSLIDE_0569,1,landslide,75_38,2,75.51575032391243,38.9610565628033,"Kashgar (Xinjiang, China)",conventional_alphaearth_embeddings,Conventional + AlphaEarth Embeddings,0.9911131323448203,0.5868831590132428,1
1469,CPEC_LANDSLIDE_0272,1,landslide,73_35,4,73.58661835336224,35.53623062140103,KP-AJK,conventional_alphaearth_embeddings,Conventional + AlphaEarth Embeddings,0.9686031987259146,0.32933342149262645,1
1470,RMC_03_00692,0,non_landslide,73_34,2,73.44288894729664,34.42007300514462,raster-matched control,conventional_alphaearth_embeddings,Conventional + AlphaEarth Embeddings,0.13199306675092157,0.5868831590132428,0
1471,CPEC_ROCKFALL_0314,1,rockfall,66_27,1,66.593236266302,27.90953132992197,Balochistan,conventional_alphaearth_embeddings,Conventional + AlphaEarth Embeddings,0.8971862023132592,0.31275142952145935,1
1472,CPEC_LANDSLIDE_0989,1,landslide,75_35,1,75.86385004764968,35.2487702128896,Gilgit-Baltistan,conventional_alphaearth_embeddings,Conventional + AlphaEarth Embeddings,0.275040349974275,0.31275142952145935,0
1473,RMC_03_00340,0,non_landslide,71_34,5,71.28468647719949,34.29880044178849,raster-matched control,conventional_alphaearth_embeddings,Conventional + AlphaEarth Embeddings,0.07414429874614366,0.28992385976630347,0
1474,RMC_03_00638,0,non_landslide,75_38,2,75.26422318584896,38.7769021331243,raster-matched control,conventional_alphaearth_embeddings,Conventional + AlphaEarth Embeddings,0.07733668650766992,0.5868831590132428,0
1475,CPEC_LANDSLIDE_0865,1,landslide,73_34,2,73.39797162419516,34.45151415824084,KP-AJK,conventional_alphaearth_embeddings,Conventional + AlphaEarth Embeddings,0.9853648765538402,0.5868831590132428,1
1476,CPEC_LANDSLIDE_0285,1,landslide,73_35,4,73.37776297822094,35.50254211294225,KP-AJK,conventional_alphaearth_embeddings,Conventional + AlphaEarth Embeddings,0.9192628040487497,0.32933342149262645,1
1477,RMC_03_00628,0,non_landslide,74_36,2,74.4422647008796,36.245898820117546,raster-matched control,conventional_alphaearth_embeddings,Conventional + AlphaEarth Embeddings,0.22127048225562365,0.5868831590132428,0
1478,RMC_03_01409,0,non_landslide,65_28,2,65.70165698639666,28.295808555659782,raster-matched control,conventional_alphaearth_embeddings,Conventional + AlphaEarth Embeddings,0.0695721372810509,0.5868831590132428,0
1479,RMC_03_01159,0,non_landslide,73_35,4,73.3126332310993,35.51152607534984,raster-matched control,conventional_alphaearth_embeddings,Conventional + AlphaEarth Embeddings,0.6273513287877903,0.32933342149262645,1
1480,RMC_03_01176,0,non_landslide,63_27,3,63.64226919755265,27.39075590690936,raster-matched control,conventional_alphaearth_embeddings,Conventional + AlphaEarth Embeddings,0.11577244176589076,0.37326188443582237,0
1481,CPEC_LANDSLIDE_0498,1,landslide,75_38,2,75.12273853436487,38.7454590268692,"Kashgar (Xinjiang, China)",conventional_alphaearth_embeddings,Conventional + AlphaEarth Embeddings,0.434158215630039,0.5868831590132428,0
1482,CPEC_ROCKFALL_0108,1,rockfall,65_27,5,65.81394592979757,27.44914698255789,Balochistan,conventional_alphaearth_embeddings,Conventional + AlphaEarth Embeddings,0.9374182913754988,0.28992385976630347,1
1483,CPEC_LANDSLIDE_0029,1,landslide,76_38,3,76.00084255021365,38.451260916666,"Kashgar (Xinjiang, China)",conventional_alphaearth_embeddings,Conventional + AlphaEarth Embeddings,0.7415214411251795,0.37326188443582237,1
1484,RMC_03_00172,0,non_landslide,65_29,4,65.8184379733322,29.25700590966767,raster-matched control,conventional_alphaearth_embeddings,Conventional + AlphaEarth Embeddings,0.09219040298904475,0.32933342149262645,0
1485,RMC_03_01371,0,non_landslide,69_31,2,69.1961034416216,31.01321229012133,raster-matched control,conventional_alphaearth_embeddings,Conventional + AlphaEarth Embeddings,0.17697471154638286,0.5868831590132428,0
1486,RMC_03_01158,0,non_landslide,73_35,4,73.28119219615512,35.48457661682625,raster-matched control,conventional_alphaearth_embeddings,Conventional + AlphaEarth Embeddings,0.10753072529150494,0.32933342149262645,0
1487,RMC_03_00635,0,non_landslide,74_36,2,74.6219277577035,36.29306037253382,raster-matched control,conventional_alphaearth_embeddings,Conventional + AlphaEarth Embeddings,0.14538624539412276,0.5868831590132428,0
1488,CPEC_ROCKFALL_0463,1,rockfall,69_28,1,69.18038440200601,28.872978080832645,Balochistan,conventional_alphaearth_embeddings,Conventional + AlphaEarth Embeddings,0.2176728527475476,0.31275142952145935,0
1489,CPEC_ROCKFALL_0868,1,rockfall,73_35,4,73.43166013265395,35.525002604948455,KP-AJK,conventional_alphaearth_embeddings,Conventional + AlphaEarth Embeddings,0.9731730992352451,0.32933342149262645,1
1490,CPEC_LANDSLIDE_0274,1,landslide,73_35,4,73.59111312722412,35.53623062140103,KP-AJK,conventional_alphaearth_embeddings,Conventional + AlphaEarth Embeddings,0.9702859937258994,0.32933342149262645,1
1491,CPEC_ROCKFALL_0833,1,rockfall,74_35,5,74.7544301646534,35.507032427703066,Gilgit-Baltistan,conventional_alphaearth_embeddings,Conventional + AlphaEarth Embeddings,0.9763580989520335,0.28992385976630347,1
1492,RMC_03_00954,0,non_landslide,75_36,3,75.21930742164298,36.84327848405703,raster-matched control,conventional_alphaearth_embeddings,Conventional + AlphaEarth Embeddings,0.08361381807600937,0.37326188443582237,0
1493,RMC_03_01105,0,non_landslide,67_30,3,67.35455710917658,30.04303178327225,raster-matched control,conventional_alphaearth_embeddings,Conventional + AlphaEarth Embeddings,0.170306290390173,0.37326188443582237,0
1494,CPEC_LANDSLIDE_0501,1,landslide,75_38,2,75.1788830757288,38.738725784278486,"Kashgar (Xinjiang, China)",conventional_alphaearth_embeddings,Conventional + AlphaEarth Embeddings,0.9741125138685794,0.5868831590132428,1
1495,CPEC_LANDSLIDE_0870,1,landslide,73_34,2,73.4631012541818,34.40659763332948,KP-AJK,conventional_alphaearth_embeddings,Conventional + AlphaEarth Embeddings,0.9820551323461091,0.5868831590132428,1
1496,RMC_03_01180,0,non_landslide,63_25,4,63.350316730213805,25.92874778200484,raster-matched control,conventional_alphaearth_embeddings,Conventional + AlphaEarth Embeddings,0.07826089377715047,0.32933342149262645,0
1497,RMC_03_00199,0,non_landslide,66_27,1,66.3596729320142,27.725378350243886,raster-matched control,conventional_alphaearth_embeddings,Conventional + AlphaEarth Embeddings,0.8107842152892017,0.31275142952145935,1
1498,CPEC_LANDSLIDE_0055,1,landslide,75_36,3,75.38774290997115,36.83878754832522,Gilgit-Baltistan,conventional_alphaearth_embeddings,Conventional + AlphaEarth Embeddings,0.9918917955089157,0.37326188443582237,1
1499,CPEC_LANDSLIDE_0254,1,landslide,74_35,5,74.26035730883054,35.41495645005046,Gilgit-Baltistan,conventional_alphaearth_embeddings,Conventional + AlphaEarth Embeddings,0.9802398482612293,0.28992385976630347,1
1500,RMC_03_00499,0,non_landslide,74_36,2,74.62641933412411,36.32674719568831,raster-matched control,conventional_alphaearth_embeddings,Conventional + AlphaEarth Embeddings,0.07776046935682632,0.5868831590132428,0
1501,RMC_03_00724,0,non_landslide,76_36,4,76.61394190023854,36.13585519781291,raster-matched control,conventional_alphaearth_embeddings,Conventional + AlphaEarth Embeddings,0.7236827472325225,0.32933342149262645,1
1502,CPEC_LANDSLIDE_1023,1,landslide,74_35,5,74.73646444650906,35.52275521801752,Gilgit-Baltistan,conventional_alphaearth_embeddings,Conventional + AlphaEarth Embeddings,0.9797825755014411,0.28992385976630347,1
1503,RMC_03_00975,0,non_landslide,75_36,3,75.06210224692207,36.86573636616002,raster-matched control,conventional_alphaearth_embeddings,Conventional + AlphaEarth Embeddings,0.2973217418720091,0.37326188443582237,0
1504,CPEC_ROCKFALL_0889,1,rockfall,75_38,2,75.13845686557826,38.74995380073106,"Kashgar (Xinjiang, China)",conventional_alphaearth_embeddings,Conventional + AlphaEarth Embeddings,0.9883111457674347,0.5868831590132428,1
1505,CPEC_LANDSLIDE_0022,1,landslide,75_39,4,75.07333169469268,39.1002964522982,"Kashgar (Xinjiang, China)",conventional_alphaearth_embeddings,Conventional + AlphaEarth Embeddings,0.7998389196283667,0.32933342149262645,1
1506,RMC_03_00547,0,non_landslide,74_38,1,74.98125387135131,38.61071380556219,raster-matched control,conventional_alphaearth_embeddings,Conventional + AlphaEarth Embeddings,0.11122384874141332,0.31275142952145935,0
1507,RMC_03_01066,0,non_landslide,67_29,1,67.47358388432241,29.899301337813128,raster-matched control,conventional_alphaearth_embeddings,Conventional + AlphaEarth Embeddings,0.1802296213997786,0.31275142952145935,0
1508,RMC_03_01398,0,non_landslide,74_36,2,74.35018738425735,36.257127761169045,raster-matched control,conventional_alphaearth_embeddings,Conventional + AlphaEarth Embeddings,0.1312195574509736,0.5868831590132428,0
1509,CPEC_LANDSLIDE_0520,1,landslide,75_38,2,75.25075040740718,38.77465722056716,"Kashgar (Xinjiang, China)",conventional_alphaearth_embeddings,Conventional + AlphaEarth Embeddings,0.9792340853744876,0.5868831590132428,1
1510,RMC_03_01386,0,non_landslide,75_38,2,75.5539298649775,38.985760436682085,raster-matched control,conventional_alphaearth_embeddings,Conventional + AlphaEarth Embeddings,0.14738975006649474,0.5868831590132428,0
1511,CPEC_LANDSLIDE_0319,1,landslide,75_36,3,75.50901262222067,36.838787548325215,"Kashgar (Xinjiang, China)",conventional_alphaearth_embeddings,Conventional + AlphaEarth Embeddings,0.9730664915336165,0.37326188443582237,1
1512,CPEC_ROCKFALL_0288,1,rockfall,66_27,1,66.29454338223691,27.16392950187633,Balochistan,conventional_alphaearth_embeddings,Conventional + AlphaEarth Embeddings,0.9805445072365533,0.31275142952145935,1
1513,RMC_03_00448,0,non_landslide,74_36,2,74.88693076651876,36.40534978304876,raster-matched control,conventional_alphaearth_embeddings,Conventional + AlphaEarth Embeddings,0.5826833358007002,0.5868831590132428,0
1514,RMC_03_00460,0,non_landslide,74_35,5,74.28955110257928,35.994370540564084,raster-matched control,conventional_alphaearth_embeddings,Conventional + AlphaEarth Embeddings,0.14933675429150103,0.28992385976630347,0
1515,CPEC_ROCKFALL_0517,1,rockfall,67_29,1,67.88007040291171,29.67921476500303,Balochistan,conventional_alphaearth_embeddings,Conventional + AlphaEarth Embeddings,0.6776359889052224,0.31275142952145935,1
1516,CPEC_ROCKFALL_0814,1,rockfall,75_35,1,75.81893352273832,35.33635587578137,Gilgit-Baltistan,conventional_alphaearth_embeddings,Conventional + AlphaEarth Embeddings,0.8923495594044544,0.31275142952145935,1
1517,CPEC_ROCKFALL_0018,1,rockfall,76_37,1,76.19846990890237,37.77977380722969,"Kashgar (Xinjiang, China)",conventional_alphaearth_embeddings,Conventional + AlphaEarth Embeddings,0.44767564420019246,0.31275142952145935,1
1518,RMC_03_01211,0,non_landslide,66_26,4,66.52810704778662,26.14883502661413,raster-matched control,conventional_alphaearth_embeddings,Conventional + AlphaEarth Embeddings,0.31027066210771237,0.32933342149262645,0
1519,RMC_03_00888,0,non_landslide,74_36,2,74.30751740826167,36.191999903070375,raster-matched control,conventional_alphaearth_embeddings,Conventional + AlphaEarth Embeddings,0.07810401312171965,0.5868831590132428,0
1520,RMC_03_01099,0,non_landslide,67_30,3,67.40845602622375,30.543842554168883,raster-matched control,conventional_alphaearth_embeddings,Conventional + AlphaEarth Embeddings,0.11050424837116679,0.37326188443582237,0
1521,RMC_03_00615,0,non_landslide,75_38,2,75.25973160942837,38.7813937095449,raster-matched control,conventional_alphaearth_embeddings,Conventional + AlphaEarth Embeddings,0.11704816140815233,0.5868831590132428,0
1522,CPEC_ROCKFALL_0233,1,rockfall,66_26,4,66.18674907337092,26.182521491922376,Balochistan,conventional_alphaearth_embeddings,Conventional + AlphaEarth Embeddings,0.8440267877098013,0.32933342149262645,1
1523,RMC_03_00138,0,non_landslide,75_35,1,75.9446970135695,35.69568070859434,raster-matched control,conventional_alphaearth_embeddings,Conventional + AlphaEarth Embeddings,0.23850645393463019,0.31275142952145935,0
1524,CPEC_LANDSLIDE_0505,1,landslide,75_38,2,75.18562077742055,38.75893443025271,"Kashgar (Xinjiang, China)",conventional_alphaearth_embeddings,Conventional + AlphaEarth Embeddings,0.9131179418913205,0.5868831590132428,1
1525,RMC_03_01096,0,non_landslide,67_30,3,67.51400807210779,30.543842554168883,raster-matched control,conventional_alphaearth_embeddings,Conventional + AlphaEarth Embeddings,0.45390373188505506,0.37326188443582237,1
1526,CPEC_ROCKFALL_0898,1,rockfall,75_38,2,75.33159836860722,38.79262293871148,"Kashgar (Xinjiang, China)",conventional_alphaearth_embeddings,Conventional + AlphaEarth Embeddings,0.8320814869267656,0.5868831590132428,1
1527,RMC_03_00822,0,non_landslide,71_34,5,71.19710073699783,34.357190935256256,raster-matched control,conventional_alphaearth_embeddings,Conventional + AlphaEarth Embeddings,0.11242425380609472,0.28992385976630347,0
1528,RMC_03_01056,0,non_landslide,65_26,3,65.76229326807473,26.452016435004467,raster-matched control,conventional_alphaearth_embeddings,Conventional + AlphaEarth Embeddings,0.17029937102352252,0.37326188443582237,0
1529,CPEC_LANDSLIDE_0317,1,landslide,75_36,3,75.45286808085673,36.838787548325215,"Kashgar (Xinjiang, China)",conventional_alphaearth_embeddings,Conventional + AlphaEarth Embeddings,0.9799550185646383,0.37326188443582237,1
1530,RMC_03_00618,0,non_landslide,75_38,2,75.38549574920509,38.799360015227286,raster-matched control,conventional_alphaearth_embeddings,Conventional + AlphaEarth Embeddings,0.09801686885580366,0.5868831590132428,0
1531,RMC_03_00754,0,non_landslide,74_36,2,74.75667505032143,36.29979773716472,raster-matched control,conventional_alphaearth_embeddings,Conventional + AlphaEarth Embeddings,0.13180143503535466,0.5868831590132428,0
1532,CPEC_ROCKFALL_0834,1,rockfall,74_35,5,74.75892047941421,35.507032427703066,Gilgit-Baltistan,conventional_alphaearth_embeddings,Conventional + AlphaEarth Embeddings,0.9816708117352758,0.28992385976630347,1
1533,CPEC_ROCKFALL_0024,1,rockfall,75_37,5,75.7133821417022,37.840408663354445,"Kashgar (Xinjiang, China)",conventional_alphaearth_embeddings,Conventional + AlphaEarth Embeddings,0.20902401177858523,0.28992385976630347,0
1534,CPEC_ROCKFALL_0272,1,rockfall,66_27,1,66.28331536578433,27.087576314538182,Balochistan,conventional_alphaearth_embeddings,Conventional + AlphaEarth Embeddings,0.9795199037764593,0.31275142952145935,1
1535,CPEC_ROCKFALL_0829,1,rockfall,74_35,5,74.73421705957813,35.5339832344701,Gilgit-Baltistan,conventional_alphaearth_embeddings,Conventional + AlphaEarth Embeddings,0.9732727362079331,0.28992385976630347,1
1536,RMC_03_01313,0,non_landslide,73_35,4,73.26322589047273,35.47110188756446,raster-matched control,conventional_alphaearth_embeddings,Conventional + AlphaEarth Embeddings,0.4956687582280485,0.32933342149262645,1
1537,CPEC_LANDSLIDE_0693,1,landslide,66_27,1,66.4584866915679,27.550208048833188,Balochistan,conventional_alphaearth_embeddings,Conventional + AlphaEarth Embeddings,0.9881988851499657,0.31275142952145935,1
1538,RMC_03_00229,0,non_landslide,66_27,1,66.51687810673512,27.77478569087046,raster-matched control,conventional_alphaearth_embeddings,Conventional + AlphaEarth Embeddings,0.08087659548904584,0.31275142952145935,0
1539,CPEC_ROCKFALL_0564,1,rockfall,67_29,1,67.55892594504255,29.65451134516694,Balochistan,conventional_alphaearth_embeddings,Conventional + AlphaEarth Embeddings,0.7233412354983753,0.31275142952145935,1
1540,CPEC_ROCKFALL_0204,1,rockfall,65_26,3,65.69491914537794,26.299300889411075,Balochistan,conventional_alphaearth_embeddings,Conventional + AlphaEarth Embeddings,0.9880663330418613,0.37326188443582237,1
1541,RMC_03_01203,0,non_landslide,66_26,4,66.1732725105594,26.22294603755399,raster-matched control,conventional_alphaearth_embeddings,Conventional + AlphaEarth Embeddings,0.22706915224864094,0.32933342149262645,0
1542,CPEC_ROCKFALL_0083,1,rockfall,65_26,3,65.4995347145191,26.96405475625668,Balochistan,conventional_alphaearth_embeddings,Conventional + AlphaEarth Embeddings,0.9871521664828475,0.37326188443582237,1
1543,CPEC_LANDSLIDE_0638,1,landslide,64_26,2,64.01506876011959,26.050019304119232,Balochistan,conventional_alphaearth_embeddings,Conventional + AlphaEarth Embeddings,0.18017019796159497,0.5868831590132428,0
1544,CPEC_LANDSLIDE_0954,1,landslide,75_35,1,75.34731669982061,35.52724553277834,Gilgit-Baltistan,conventional_alphaearth_embeddings,Conventional + AlphaEarth Embeddings,0.9851447433193414,0.31275142952145935,1
1545,CPEC_LANDSLIDE_0533,1,landslide,75_38,2,75.35405440151237,38.80609834209501,"Kashgar (Xinjiang, China)",conventional_alphaearth_embeddings,Conventional + AlphaEarth Embeddings,0.14560448758687844,0.5868831590132428,0
1546,CPEC_LANDSLIDE_0997,1,landslide,75_35,1,75.91549981515173,35.22181940612256,Gilgit-Baltistan,conventional_alphaearth_embeddings,Conventional + AlphaEarth Embeddings,0.9348864117492081,0.31275142952145935,1
1547,RMC_03_01309,0,non_landslide,74_35,5,74.14132908069956,35.33860038315683,raster-matched control,conventional_alphaearth_embeddings,Conventional + AlphaEarth Embeddings,0.12708591928827392,0.28992385976630347,0
1548,CPEC_LANDSLIDE_0375,1,landslide,74_38,1,74.98349864486997,38.372660342396905,"Kashgar (Xinjiang, China)",conventional_alphaearth_embeddings,Conventional + AlphaEarth Embeddings,0.9744215604294904,0.31275142952145935,1
1549,RMC_03_00127,0,non_landslide,73_36,1,73.73034983821488,36.153821503495294,raster-matched control,conventional_alphaearth_embeddings,Conventional + AlphaEarth Embeddings,0.8069485925011394,0.31275142952145935,1
1550,CPEC_LANDSLIDE_0547,1,landslide,75_38,2,75.38324813610927,38.81283604378676,"Kashgar (Xinjiang, China)",conventional_alphaearth_embeddings,Conventional + AlphaEarth Embeddings,0.9867732500348055,0.5868831590132428,1
1551,RMC_03_00778,0,non_landslide,73_35,4,73.64950146264412,35.71364701427673,raster-matched control,conventional_alphaearth_embeddings,Conventional + AlphaEarth Embeddings,0.06600085772873243,0.32933342149262645,0
1552,RMC_03_01048,0,non_landslide,68_29,2,68.88618466860036,29.003231841903904,raster-matched control,conventional_alphaearth_embeddings,Conventional + AlphaEarth Embeddings,0.26500439969153095,0.5868831590132428,0
1553,CPEC_LANDSLIDE_0906,1,landslide,76_35,2,76.09965622955801,35.1858879698339,Gilgit-Baltistan,conventional_alphaearth_embeddings,Conventional + AlphaEarth Embeddings,0.9430008793840381,0.5868831590132428,1
1554,CPEC_LANDSLIDE_0026,1,landslide,76_38,3,76.045759075125,38.52761856310519,"Kashgar (Xinjiang, China)",conventional_alphaearth_embeddings,Conventional + AlphaEarth Embeddings,0.9386334906672186,0.37326188443582237,1
1555,CPEC_LANDSLIDE_0709,1,landslide,67_25,3,67.88680810460349,25.89730847034188,Punjab-Sindh lowland corridor,conventional_alphaearth_embeddings,Conventional + AlphaEarth Embeddings,0.9600664994043459,0.37326188443582237,1
1556,CPEC_ROCKFALL_0093,1,rockfall,65_27,5,65.72860765383672,27.28071335846608,Balochistan,conventional_alphaearth_embeddings,Conventional + AlphaEarth Embeddings,0.9767071970362372,0.28992385976630347,1
1557,RMC_03_00587,0,non_landslide,75_40,1,75.48206464224795,40.02331458984013,raster-matched control,conventional_alphaearth_embeddings,Conventional + AlphaEarth Embeddings,0.1470695779117628,0.31275142952145935,0
1558,CPEC_LANDSLIDE_0038,1,landslide,75_37,5,75.75829866661356,37.83591834859362,"Kashgar (Xinjiang, China)",conventional_alphaearth_embeddings,Conventional + AlphaEarth Embeddings,0.8811901653250955,0.28992385976630347,1
1559,RMC_03_01068,0,non_landslide,66_26,4,66.02055891225909,26.27909074281145,raster-matched control,conventional_alphaearth_embeddings,Conventional + AlphaEarth Embeddings,0.6812991248733526,0.32933342149262645,1
1560,CPEC_ROCKFALL_0708,1,rockfall,72_32,2,72.59173494002476,32.634671270418536,Punjab-Sindh lowland corridor,conventional_alphaearth_embeddings,Conventional + AlphaEarth Embeddings,0.9902562681445056,0.5868831590132428,1
1561,RMC_03_00113,0,non_landslide,66_29,5,66.94806944311249,29.214335933671997,raster-matched control,conventional_alphaearth_embeddings,Conventional + AlphaEarth Embeddings,0.1003418975670059,0.28992385976630347,0
1562,RMC_03_01460,0,non_landslide,74_35,5,74.59946987560052,35.75182541385181,raster-matched control,conventional_alphaearth_embeddings,Conventional + AlphaEarth Embeddings,0.06749209457084623,0.28992385976630347,0
1563,RMC_03_01444,0,non_landslide,67_29,1,67.54095753063137,29.45014369575337,raster-matched control,conventional_alphaearth_embeddings,Conventional + AlphaEarth Embeddings,0.20497309251874898,0.31275142952145935,0
1564,CPEC_ROCKFALL_0196,1,rockfall,65_26,3,65.31987307397472,26.456506497050302,Balochistan,conventional_alphaearth_embeddings,Conventional + AlphaEarth Embeddings,0.9009845881383918,0.37326188443582237,1
1565,RMC_03_00456,0,non_landslide,74_36,2,74.85998130799518,36.47047764114743,raster-matched control,conventional_alphaearth_embeddings,Conventional + AlphaEarth Embeddings,0.15785109050945798,0.5868831590132428,0
1566,RMC_03_00332,0,non_landslide,74_35,5,74.6376482751756,35.53173816924253,raster-matched control,conventional_alphaearth_embeddings,Conventional + AlphaEarth Embeddings,0.7766548817490427,0.28992385976630347,1
1567,RMC_03_01308,0,non_landslide,74_35,5,74.14806644533046,35.33410880673623,raster-matched control,conventional_alphaearth_embeddings,Conventional + AlphaEarth Embeddings,0.4047769782199615,0.28992385976630347,1
1568,CPEC_LANDSLIDE_0923,1,landslide,76_35,2,76.153553383991,35.172412566450376,Gilgit-Baltistan,conventional_alphaearth_embeddings,Conventional + AlphaEarth Embeddings,0.9640037676362283,0.5868831590132428,1
1569,CPEC_LANDSLIDE_0695,1,landslide,66_27,1,66.55281005615144,27.61758060664971,Balochistan,conventional_alphaearth_embeddings,Conventional + AlphaEarth Embeddings,0.9732312320641353,0.31275142952145935,1
1570,RMC_03_00733,0,non_landslide,75_38,2,75.73359292180142,38.93410730784522,raster-matched control,conventional_alphaearth_embeddings,Conventional + AlphaEarth Embeddings,0.13516620483853928,0.5868831590132428,0
1571,RMC_03_00204,0,non_landslide,69_31,2,69.36004598097341,31.84639971614219,raster-matched control,conventional_alphaearth_embeddings,Conventional + AlphaEarth Embeddings,0.10146482205798747,0.5868831590132428,0
1572,CPEC_ROCKFALL_0840,1,rockfall,74_35,5,74.47819777259453,35.870850482653715,Gilgit-Baltistan,conventional_alphaearth_embeddings,Conventional + AlphaEarth Embeddings,0.9840917231035522,0.28992385976630347,1
1573,RMC_03_00707,0,non_landslide,73_34,2,73.47882155866141,34.00909376265994,raster-matched control,conventional_alphaearth_embeddings,Conventional + AlphaEarth Embeddings,0.27165234441433034,0.5868831590132428,0
1574,RMC_03_00596,0,non_landslide,75_38,2,75.39447890204629,38.79711422701699,raster-matched control,conventional_alphaearth_embeddings,Conventional + AlphaEarth Embeddings,0.11316996520149034,0.5868831590132428,0
1575,CPEC_LANDSLIDE_0082,1,landslide,75_36,3,75.09578772759784,36.86573835509224,Gilgit-Baltistan,conventional_alphaearth_embeddings,Conventional + AlphaEarth Embeddings,0.9407043880452619,0.37326188443582237,1
1576,RMC_03_01271,0,non_landslide,76_37,1,76.93508961431127,37.027433117301534,raster-matched control,conventional_alphaearth_embeddings,Conventional + AlphaEarth Embeddings,0.18253496490130666,0.31275142952145935,0
1577,CPEC_ROCKFALL_0514,1,rockfall,67_29,1,67.89129841936429,29.67247706331128,Balochistan,conventional_alphaearth_embeddings,Conventional + AlphaEarth Embeddings,0.22059195392345568,0.31275142952145935,0
1578,RMC_03_00253,0,non_landslide,66_27,1,66.00932997120759,27.260500190712037,raster-matched control,conventional_alphaearth_embeddings,Conventional + AlphaEarth Embeddings,0.26660487117316756,0.31275142952145935,0
1579,RMC_03_00983,0,non_landslide,70_33,2,70.4964148153846,33.40497673408956,raster-matched control,conventional_alphaearth_embeddings,Conventional + AlphaEarth Embeddings,0.03919735274143781,0.5868831590132428,0
1580,CPEC_LANDSLIDE_0579,1,landslide,74_38,1,74.91163577229263,38.81507897161664,"Kashgar (Xinjiang, China)",conventional_alphaearth_embeddings,Conventional + AlphaEarth Embeddings,0.28515266795515687,0.31275142952145935,0
1581,RMC_03_01491,0,non_landslide,71_35,2,71.73833569567984,35.45987294651297,raster-matched control,conventional_alphaearth_embeddings,Conventional + AlphaEarth Embeddings,0.07163552238381743,0.5868831590132428,0
1582,CPEC_ROCKFALL_0953,1,rockfall,75_38,2,75.49329429100727,38.9453382315899,"Kashgar (Xinjiang, China)",conventional_alphaearth_embeddings,Conventional + AlphaEarth Embeddings,0.4529951791314754,0.5868831590132428,0
1583,RMC_03_00833,0,non_landslide,66_26,4,66.58425175304409,26.44078749395297,raster-matched control,conventional_alphaearth_embeddings,Conventional + AlphaEarth Embeddings,0.10084521592821555,0.32933342149262645,0
1584,RMC_03_00742,0,non_landslide,73_36,1,73.82467294304743,36.37166295989428,raster-matched control,conventional_alphaearth_embeddings,Conventional + AlphaEarth Embeddings,0.6531036122788232,0.31275142952145935,1
1585,RMC_03_00766,0,non_landslide,74_36,2,74.75218347390083,36.133609409602606,raster-matched control,conventional_alphaearth_embeddings,Conventional + AlphaEarth Embeddings,0.1722428835295637,0.5868831590132428,0
1586,RMC_03_00386,0,non_landslide,76_35,2,76.5038982779339,35.2083446669595,raster-matched control,conventional_alphaearth_embeddings,Conventional + AlphaEarth Embeddings,0.5887044839660398,0.5868831590132428,1
1587,RMC_03_00539,0,non_landslide,74_39,3,74.29853425542048,39.79648998059996,raster-matched control,conventional_alphaearth_embeddings,Conventional + AlphaEarth Embeddings,0.3159812490910617,0.37326188443582237,0
1588,RMC_03_01465,0,non_landslide,69_30,5,69.1938576534113,30.999737560859543,raster-matched control,conventional_alphaearth_embeddings,Conventional + AlphaEarth Embeddings,0.1111066715337189,0.28992385976630347,0
1589,RMC_03_00691,0,non_landslide,73_33,5,73.46534682939962,33.94172011635098,raster-matched control,conventional_alphaearth_embeddings,Conventional + AlphaEarth Embeddings,0.10197883544071765,0.28992385976630347,0
1590,CPEC_LANDSLIDE_0768,1,landslide,72_34,1,72.80733247595887,34.03379894885719,KP-AJK,conventional_alphaearth_embeddings,Conventional + AlphaEarth Embeddings,0.9903808634953537,0.31275142952145935,1
1591,CPEC_LANDSLIDE_0992,1,landslide,75_35,1,75.86609297547956,35.24203251119783,Gilgit-Baltistan,conventional_alphaearth_embeddings,Conventional + AlphaEarth Embeddings,0.7059412931558909,0.31275142952145935,1
1592,CPEC_ROCKFALL_0661,1,rockfall,69_31,2,69.55767340123913,31.98114542002551,KP-AJK,conventional_alphaearth_embeddings,Conventional + AlphaEarth Embeddings,0.976540007182688,0.5868831590132428,1
1593,RMC_03_00679,0,non_landslide,73_34,2,73.33958268962289,34.586261332706734,raster-matched control,conventional_alphaearth_embeddings,Conventional + AlphaEarth Embeddings,0.9251630638695248,0.5868831590132428,1
1594,RMC_03_00469,0,non_landslide,74_36,2,74.81057396736861,36.5311139228255,raster-matched control,conventional_alphaearth_embeddings,Conventional + AlphaEarth Embeddings,0.16493199507559536,0.5868831590132428,0
1595,RMC_03_00278,0,non_landslide,66_26,4,66.86497527933143,26.55307690446791,raster-matched control,conventional_alphaearth_embeddings,Conventional + AlphaEarth Embeddings,0.12130988929664797,0.32933342149262645,0
1596,RMC_03_00624,0,non_landslide,75_38,2,75.30464737363434,38.774656344914,raster-matched control,conventional_alphaearth_embeddings,Conventional + AlphaEarth Embeddings,0.11043779005423333,0.5868831590132428,0
1597,RMC_03_01072,0,non_landslide,66_25,2,66.1822556634006,25.78501733654572,raster-matched control,conventional_alphaearth_embeddings,Conventional + AlphaEarth Embeddings,0.39776980393279004,0.5868831590132428,0
1598,CPEC_LANDSLIDE_0210,1,landslide,74_35,5,74.2962887451192,35.90229160418156,Gilgit-Baltistan,conventional_alphaearth_embeddings,Conventional + AlphaEarth Embeddings,0.9706025275569324,0.28992385976630347,1
1599,CPEC_LANDSLIDE_0104,1,landslide,74_36,2,74.96553292672563,36.80509903986644,Gilgit-Baltistan,conventional_alphaearth_embeddings,Conventional + AlphaEarth Embeddings,0.9756152773910238,0.5868831590132428,1
1600,CPEC_LANDSLIDE_0591,1,landslide,66_27,1,66.9256131997248,27.92974443499724,Balochistan,conventional_alphaearth_embeddings,Conventional + AlphaEarth Embeddings,0.9660932353662143,0.31275142952145935,1
1601,CPEC_ROCKFALL_0440,1,rockfall,70_29,4,70.03378053891765,29.54895996413082,Punjab-Sindh lowland corridor,conventional_alphaearth_embeddings,Conventional + AlphaEarth Embeddings,0.9725531584537698,0.32933342149262645,1
1602,CPEC_LANDSLIDE_0516,1,landslide,75_38,2,75.20358649556489,38.77240983363622,"Kashgar (Xinjiang, China)",conventional_alphaearth_embeddings,Conventional + AlphaEarth Embeddings,0.9810202035576695,0.5868831590132428,1
1603,RMC_03_00830,0,non_landslide,70_31,3,70.05848611437634,31.967672279498327,raster-matched control,conventional_alphaearth_embeddings,Conventional + AlphaEarth Embeddings,0.09067070909766478,0.37326188443582237,0
1604,RMC_03_01004,0,non_landslide,69_31,2,69.99111246806737,31.388258921241235,raster-matched control,conventional_alphaearth_embeddings,Conventional + AlphaEarth Embeddings,0.09821545140803392,0.5868831590132428,0
1605,CPEC_ROCKFALL_0396,1,rockfall,67_25,3,67.8890554915344,25.86137257495216,Punjab-Sindh lowland corridor,conventional_alphaearth_embeddings,Conventional + AlphaEarth Embeddings,0.981105504917102,0.37326188443582237,1
1606,RMC_03_01306,0,non_landslide,74_35,5,74.62641933412411,35.5946202391309,raster-matched control,conventional_alphaearth_embeddings,Conventional + AlphaEarth Embeddings,0.0586707841051926,0.28992385976630347,0
1607,CPEC_LANDSLIDE_0463,1,landslide,75_38,2,75.03066255671226,38.74096871210836,"Kashgar (Xinjiang, China)",conventional_alphaearth_embeddings,Conventional + AlphaEarth Embeddings,0.9079180172861513,0.5868831590132428,1
1608,RMC_03_00128,0,non_landslide,73_36,1,73.86060555441222,36.315518254636814,raster-matched control,conventional_alphaearth_embeddings,Conventional + AlphaEarth Embeddings,0.36504043812666787,0.31275142952145935,1
1609,CPEC_ROCKFALL_0381,1,rockfall,67_27,2,67.00421377399388,27.9746609599086,Balochistan,conventional_alphaearth_embeddings,Conventional + AlphaEarth Embeddings,0.9422805226782685,0.5868831590132428,1
1610,RMC_03_01080,0,non_landslide,66_26,4,66.79984742123277,26.55307690446791,raster-matched control,conventional_alphaearth_embeddings,Conventional + AlphaEarth Embeddings,0.10288007898143069,0.32933342149262645,0
1611,CPEC_ROCKFALL_0576,1,rockfall,67_29,1,67.21981130992799,29.46586461599985,Balochistan,conventional_alphaearth_embeddings,Conventional + AlphaEarth Embeddings,0.9673099965752661,0.31275142952145935,1
1612,CPEC_LANDSLIDE_0047,1,landslide,74_35,5,74.91163577229263,35.697926543801096,Gilgit-Baltistan,conventional_alphaearth_embeddings,Conventional + AlphaEarth Embeddings,0.6909156096496822,0.28992385976630347,1
1613,CPEC_ROCKFALL_0067,1,rockfall,63_26,1,63.97015223520823,26.33298939786986,Balochistan,conventional_alphaearth_embeddings,Conventional + AlphaEarth Embeddings,0.9820892979418991,0.31275142952145935,1
1614,CPEC_LANDSLIDE_0023,1,landslide,75_38,2,75.25075040740718,38.90042170667854,"Kashgar (Xinjiang, China)",conventional_alphaearth_embeddings,Conventional + AlphaEarth Embeddings,0.08825951221768145,0.5868831590132428,0
1615,RMC_03_00989,0,non_landslide,75_36,3,75.50901410077154,36.85226163689823,raster-matched control,conventional_alphaearth_embeddings,Conventional + AlphaEarth Embeddings,0.5045117853914498,0.37326188443582237,1
1616,CPEC_LANDSLIDE_0009,1,landslide,73_34,2,73.46759156894261,34.40884502026041,KP-AJK,conventional_alphaearth_embeddings,Conventional + AlphaEarth Embeddings,0.856114239685919,0.5868831590132428,1
1617,RMC_03_01241,0,non_landslide,64_28,1,64.94931793594655,28.572040505526537,raster-matched control,conventional_alphaearth_embeddings,Conventional + AlphaEarth Embeddings,0.3971815772597806,0.31275142952145935,1
1618,CPEC_LANDSLIDE_0457,1,landslide,74_38,1,74.99922143518441,38.702789888888766,"Kashgar (Xinjiang, China)",conventional_alphaearth_embeddings,Conventional + AlphaEarth Embeddings,0.9822599285614945,0.31275142952145935,1
1619,RMC_03_01455,0,non_landslide,65_27,5,65.58038442304053,27.902795618857493,raster-matched control,conventional_alphaearth_embeddings,Conventional + AlphaEarth Embeddings,0.1372459122742826,0.28992385976630347,0
1620,RMC_03_00381,0,non_landslide,67_28,4,67.00421414836997,28.58326944657803,raster-matched control,conventional_alphaearth_embeddings,Conventional + AlphaEarth Embeddings,0.08643034629768079,0.32933342149262645,0
1621,CPEC_LANDSLIDE_1079,1,landslide,74_36,2,74.86447186045034,36.22119313422085,Gilgit-Baltistan,conventional_alphaearth_embeddings,Conventional + AlphaEarth Embeddings,0.31222769068350664,0.5868831590132428,0
1622,CPEC_ROCKFALL_0912,1,rockfall,75_38,2,75.42592173319076,38.81507897161664,"Kashgar (Xinjiang, China)",conventional_alphaearth_embeddings,Conventional + AlphaEarth Embeddings,0.9846419815942516,0.5868831590132428,1
1623,RMC_03_01507,0,non_landslide,75_37,5,75.16091692817523,37.91227367215926,raster-matched control,conventional_alphaearth_embeddings,Conventional + AlphaEarth Embeddings,0.06892099338278747,0.28992385976630347,0
1624,CPEC_LANDSLIDE_0924,1,landslide,76_35,2,76.15131045616111,35.1858879698339,Gilgit-Baltistan,conventional_alphaearth_embeddings,Conventional + AlphaEarth Embeddings,0.964733816290081,0.5868831590132428,1
1625,RMC_03_00221,0,non_landslide,73_35,4,73.84263924872982,35.48233082861596,raster-matched control,conventional_alphaearth_embeddings,Conventional + AlphaEarth Embeddings,0.06865070287603924,0.32933342149262645,0
1626,CPEC_LANDSLIDE_0875,1,landslide,73_34,2,73.48780467401788,34.37740389873258,KP-AJK,conventional_alphaearth_embeddings,Conventional + AlphaEarth Embeddings,0.8191146055853775,0.5868831590132428,1
1627,CPEC_LANDSLIDE_0985,1,landslide,75_35,1,75.85486495902698,35.307157682083414,Gilgit-Baltistan,conventional_alphaearth_embeddings,Conventional + AlphaEarth Embeddings,0.41561387954238876,0.31275142952145935,1
1628,CPEC_LANDSLIDE_0323,1,landslide,75_36,3,75.55617653406297,36.91065042090255,"Kashgar (Xinjiang, China)",conventional_alphaearth_embeddings,Conventional + AlphaEarth Embeddings,0.9301699445481337,0.37326188443582237,1
1629,CPEC_LANDSLIDE_0775,1,landslide,72_34,1,72.02804213945446,34.53685243420169,KP-AJK,conventional_alphaearth_embeddings,Conventional + AlphaEarth Embeddings,0.34138174256532805,0.31275142952145935,1
1630,CPEC_ROCKFALL_0102,1,rockfall,65_27,5,65.81843624455838,27.455884684249643,Balochistan,conventional_alphaearth_embeddings,Conventional + AlphaEarth Embeddings,0.9803255452755322,0.28992385976630347,1
1631,CPEC_LANDSLIDE_0887,1,landslide,73_34,2,73.47881958539519,34.40210731856866,KP-AJK,conventional_alphaearth_embeddings,Conventional + AlphaEarth Embeddings,0.9528086706358009,0.5868831590132428,1
1632,CPEC_LANDSLIDE_0517,1,landslide,75_38,2,75.25299333523708,38.7679195188754,"Kashgar (Xinjiang, China)",conventional_alphaearth_embeddings,Conventional + AlphaEarth Embeddings,0.9792824928899623,0.5868831590132428,1
1633,RMC_03_00940,0,non_landslide,76_37,1,76.82280020379633,37.2856987614859,raster-matched control,conventional_alphaearth_embeddings,Conventional + AlphaEarth Embeddings,0.10128725256872172,0.31275142952145935,0
1634,RMC_03_01093,0,non_landslide,67_30,3,67.64650957651543,30.5191388838556,raster-matched control,conventional_alphaearth_embeddings,Conventional + AlphaEarth Embeddings,0.06312898977870549,0.37326188443582237,0
1635,CPEC_ROCKFALL_0428,1,rockfall,70_29,4,70.02479990939601,29.519761770432865,Punjab-Sindh lowland corridor,conventional_alphaearth_embeddings,Conventional + AlphaEarth Embeddings,0.9690685977509103,0.32933342149262645,1
1636,CPEC_ROCKFALL_0200,1,rockfall,65_26,3,65.70390423400063,26.306038591102823,Balochistan,conventional_alphaearth_embeddings,Conventional + AlphaEarth Embeddings,0.9692840101864156,0.37326188443582237,1
1637,RMC_03_00200,0,non_landslide,67_29,1,67.25574242792342,29.906038702444025,raster-matched control,conventional_alphaearth_embeddings,Conventional + AlphaEarth Embeddings,0.08697719652317475,0.31275142952145935,0
1638,CPEC_LANDSLIDE_0156,1,landslide,74_36,2,74.74993984989257,36.29755078066006,Gilgit-Baltistan,conventional_alphaearth_embeddings,Conventional + AlphaEarth Embeddings,0.21379734302720582,0.5868831590132428,0
1639,CPEC_ROCKFALL_0286,1,rockfall,66_27,1,66.29230045440703,27.188632921712426,Balochistan,conventional_alphaearth_embeddings,Conventional + AlphaEarth Embeddings,0.9815504726238452,0.31275142952145935,1
1640,RMC_03_01378,0,non_landslide,70_32,5,70.75243467135867,32.295557358201954,raster-matched control,conventional_alphaearth_embeddings,Conventional + AlphaEarth Embeddings,0.9539655179486324,0.28992385976630347,1
1641,CPEC_ROCKFALL_0722,1,rockfall,72_33,4,72.90839354223418,33.83841451799835,KP-AJK,conventional_alphaearth_embeddings,Conventional + AlphaEarth Embeddings,0.6952770644074604,0.32933342149262645,1
1642,RMC_03_00863,0,non_landslide,75_38,2,75.04638172944998,38.48270387757516,raster-matched control,conventional_alphaearth_embeddings,Conventional + AlphaEarth Embeddings,0.12617438302801157,0.5868831590132428,0
1643,RMC_03_01475,0,non_landslide,70_32,5,70.37738804023877,32.933361209926815,raster-matched control,conventional_alphaearth_embeddings,Conventional + AlphaEarth Embeddings,0.08457278001705597,0.28992385976630347,0
1644,RMC_03_00886,0,non_landslide,75_38,2,75.34057998499912,38.799360015227286,raster-matched control,conventional_alphaearth_embeddings,Conventional + AlphaEarth Embeddings,0.22518477832919,0.5868831590132428,0
1645,RMC_03_01202,0,non_landslide,62_26,5,62.4362809286222,26.193750790820104,raster-matched control,conventional_alphaearth_embeddings,Conventional + AlphaEarth Embeddings,0.12450970500165977,0.28992385976630347,0
1646,CPEC_LANDSLIDE_0235,1,landslide,74_36,2,74.30751676157178,36.29755078066006,Gilgit-Baltistan,conventional_alphaearth_embeddings,Conventional + AlphaEarth Embeddings,0.9650087513109356,0.5868831590132428,1
1647,CPEC_LANDSLIDE_0183,1,landslide,74_36,2,74.34120527003057,36.275094747754906,Gilgit-Baltistan,conventional_alphaearth_embeddings,Conventional + AlphaEarth Embeddings,0.9581598258883421,0.5868831590132428,1
1648,CPEC_ROCKFALL_0802,1,rockfall,75_35,1,75.1631647445154,35.59461809059485,Gilgit-Baltistan,conventional_alphaearth_embeddings,Conventional + AlphaEarth Embeddings,0.9805891258825788,0.31275142952145935,1
1649,CPEC_LANDSLIDE_0454,1,landslide,74_38,1,74.97227062841739,38.65114012138671,"Kashgar (Xinjiang, China)",conventional_alphaearth_embeddings,Conventional + AlphaEarth Embeddings,0.9702315170540113,0.31275142952145935,1
1650,CPEC_ROCKFALL_0005,1,rockfall,76_38,3,76.00308547804353,38.406348850855686,"Kashgar (Xinjiang, China)",conventional_alphaearth_embeddings,Conventional + AlphaEarth Embeddings,0.06558974533887678,0.37326188443582237,0
1651,CPEC_ROCKFALL_0578,1,rockfall,67_29,1,67.21981130992799,29.463617229068923,Balochistan,conventional_alphaearth_embeddings,Conventional + AlphaEarth Embeddings,0.9707977788202372,0.31275142952145935,1
1652,CPEC_ROCKFALL_0652,1,rockfall,69_30,5,69.13995819185547,30.95033057039937,Balochistan,conventional_alphaearth_embeddings,Conventional + AlphaEarth Embeddings,0.9821455686519154,0.28992385976630347,1
1653,CPEC_ROCKFALL_0626,1,rockfall,67_30,3,67.20633590654447,30.272101300170256,Balochistan,conventional_alphaearth_embeddings,Conventional + AlphaEarth Embeddings,0.5839877751249676,0.37326188443582237,1
1654,RMC_03_00957,0,non_landslide,75_36,3,75.29566422079314,36.83204954300554,raster-matched control,conventional_alphaearth_embeddings,Conventional + AlphaEarth Embeddings,0.11325832550622981,0.37326188443582237,0
1655,CPEC_LANDSLIDE_0321,1,landslide,75_36,3,75.55617653406297,36.91065042090255,"Kashgar (Xinjiang, China)",conventional_alphaearth_embeddings,Conventional + AlphaEarth Embeddings,0.9301699445481337,0.37326188443582237,1
1656,RMC_03_00569,0,non_landslide,77_36,5,77.37526410352984,36.42331608873116,raster-matched control,conventional_alphaearth_embeddings,Conventional + AlphaEarth Embeddings,0.11034051875258312,0.28992385976630347,0
1657,RMC_03_00141,0,non_landslide,75_35,1,75.565158806029,35.367795629890715,raster-matched control,conventional_alphaearth_embeddings,Conventional + AlphaEarth Embeddings,0.06219496211992479,0.31275142952145935,0
1658,RMC_03_00344,0,non_landslide,70_30,1,70.17077552489127,30.66736090573532,raster-matched control,conventional_alphaearth_embeddings,Conventional + AlphaEarth Embeddings,0.16820887742134338,0.31275142952145935,0
1659,CPEC_ROCKFALL_0207,1,rockfall,65_26,3,65.692671758447,26.294810574650256,Balochistan,conventional_alphaearth_embeddings,Conventional + AlphaEarth Embeddings,0.9880047824556554,0.37326188443582237,1
1660,RMC_03_00155,0,non_landslide,75_35,1,75.7538050156941,35.07584316255187,raster-matched control,conventional_alphaearth_embeddings,Conventional + AlphaEarth Embeddings,0.13664670584139846,0.31275142952145935,0
1661,RMC_03_01359,0,non_landslide,65_26,3,65.52648550599335,26.99998875831737,raster-matched control,conventional_alphaearth_embeddings,Conventional + AlphaEarth Embeddings,0.09893985125898014,0.37326188443582237,0
1662,RMC_03_00247,0,non_landslide,67_25,3,67.16141932309088,25.59187955046002,raster-matched control,conventional_alphaearth_embeddings,Conventional + AlphaEarth Embeddings,0.10765809671251951,0.37326188443582237,0
1663,CPEC_LANDSLIDE_0733,1,landslide,69_31,2,69.89678803635368,31.392749199619104,Balochistan,conventional_alphaearth_embeddings,Conventional + AlphaEarth Embeddings,0.9833725478778478,0.5868831590132428,1
1664,RMC_03_00165,0,non_landslide,76_37,1,76.37588834994688,37.6652369690264,raster-matched control,conventional_alphaearth_embeddings,Conventional + AlphaEarth Embeddings,0.14049731712828084,0.31275142952145935,0
1665,CPEC_LANDSLIDE_0519,1,landslide,75_38,2,75.23278023016181,38.77465722056715,"Kashgar (Xinjiang, China)",conventional_alphaearth_embeddings,Conventional + AlphaEarth Embeddings,0.9813272730357361,0.5868831590132428,1
1666,CPEC_ROCKFALL_0902,1,rockfall,75_38,2,75.38100520827939,38.81507897161664,"Kashgar (Xinjiang, China)",conventional_alphaearth_embeddings,Conventional + AlphaEarth Embeddings,0.9848668237743584,0.5868831590132428,1
1667,RMC_03_01003,0,non_landslide,69_30,5,69.31063864034684,30.47646890785992,raster-matched control,conventional_alphaearth_embeddings,Conventional + AlphaEarth Embeddings,0.0640981815017837,0.28992385976630347,0
1668,RMC_03_01118,0,non_landslide,71_33,3,71.13646445531977,33.40273094587926,raster-matched control,conventional_alphaearth_embeddings,Conventional + AlphaEarth Embeddings,0.14844123295018352,0.37326188443582237,0
1669,CPEC_ROCKFALL_0665,1,rockfall,68_30,4,68.36067231445212,30.662870161887927,Balochistan,conventional_alphaearth_embeddings,Conventional + AlphaEarth Embeddings,0.9791809217403996,0.32933342149262645,1
1670,RMC_03_00108,0,non_landslide,77_37,2,77.34606885679595,37.15544304528856,raster-matched control,conventional_alphaearth_embeddings,Conventional + AlphaEarth Embeddings,0.08248063690688943,0.5868831590132428,0
1671,CPEC_LANDSLIDE_0767,1,landslide,72_34,1,72.80733247595887,34.03155156192625,KP-AJK,conventional_alphaearth_embeddings,Conventional + AlphaEarth Embeddings,0.9814004584321739,0.31275142952145935,1
1672,RMC_03_01448,0,non_landslide,77_37,2,77.79747228706601,37.75956007385894,raster-matched control,conventional_alphaearth_embeddings,Conventional + AlphaEarth Embeddings,0.14143031464527345,0.5868831590132428,0
1673,CPEC_LANDSLIDE_0869,1,landslide,73_34,2,73.45636355249003,34.40210731856866,KP-AJK,conventional_alphaearth_embeddings,Conventional + AlphaEarth Embeddings,0.9827260673704536,0.5868831590132428,1
1674,CPEC_ROCKFALL_0390,1,rockfall,66_29,5,66.53259695107617,29.322134411744138,Balochistan,conventional_alphaearth_embeddings,Conventional + AlphaEarth Embeddings,0.6465658099072291,0.28992385976630347,1
1675,CPEC_ROCKFALL_0370,1,rockfall,66_27,1,66.98175774108873,27.945467225311685,Balochistan,conventional_alphaearth_embeddings,Conventional + AlphaEarth Embeddings,0.7338239448533254,0.31275142952145935,1
1676,RMC_03_00021,0,non_landslide,74_39,3,74.39061157204273,39.81221049807205,raster-matched control,conventional_alphaearth_embeddings,Conventional + AlphaEarth Embeddings,0.07301619251900822,0.37326188443582237,0
1677,CPEC_LANDSLIDE_0624,1,landslide,63_26,1,63.96566192044742,26.65862862960089,Balochistan,conventional_alphaearth_embeddings,Conventional + AlphaEarth Embeddings,0.9717653912920821,0.31275142952145935,1
1678,RMC_03_00361,0,non_landslide,67_29,1,67.15243617024969,29.93074237275731,raster-matched control,conventional_alphaearth_embeddings,Conventional + AlphaEarth Embeddings,0.1577692468093212,0.31275142952145935,0
1679,CPEC_LANDSLIDE_0069,1,landslide,75_36,3,75.26197842385976,36.8410304761551,Gilgit-Baltistan,conventional_alphaearth_embeddings,Conventional + AlphaEarth Embeddings,0.9507049330976045,0.37326188443582237,1
1680,CPEC_ROCKFALL_0930,1,rockfall,75_38,2,75.49553721883716,38.89143661805585,"Kashgar (Xinjiang, China)",conventional_alphaearth_embeddings,Conventional + AlphaEarth Embeddings,0.9847332104493374,0.5868831590132428,1
1681,RMC_03_00926,0,non_landslide,74_35,5,74.633156698755,35.52050922819103,raster-matched control,conventional_alphaearth_embeddings,Conventional + AlphaEarth Embeddings,0.03361792098190446,0.28992385976630347,0
1682,CPEC_ROCKFALL_0815,1,rockfall,75_35,1,75.83240892612183,35.3318611019195,Gilgit-Baltistan,conventional_alphaearth_embeddings,Conventional + AlphaEarth Embeddings,0.5183343900846701,0.31275142952145935,1
1683,CPEC_LANDSLIDE_0537,1,landslide,75_38,2,75.3720201196567,38.81957374547852,"Kashgar (Xinjiang, China)",conventional_alphaearth_embeddings,Conventional + AlphaEarth Embeddings,0.29835758637445364,0.5868831590132428,0
1684,CPEC_ROCKFALL_0958,1,rockfall,75_38,2,75.51126000915161,38.95656624804248,"Kashgar (Xinjiang, China)",conventional_alphaearth_embeddings,Conventional + AlphaEarth Embeddings,0.9775413323835072,0.5868831590132428,1
1685,RMC_03_00072,0,non_landslide,64_28,1,64.71126438565489,28.74945777414014,raster-matched control,conventional_alphaearth_embeddings,Conventional + AlphaEarth Embeddings,0.11436320419461457,0.31275142952145935,0
1686,RMC_03_00533,0,non_landslide,74_36,2,74.56802884065634,36.28183143148233,raster-matched control,conventional_alphaearth_embeddings,Conventional + AlphaEarth Embeddings,0.07084735317968188,0.5868831590132428,0
1687,RMC_03_00672,0,non_landslide,72_32,2,72.33571535961933,32.600984554802594,raster-matched control,conventional_alphaearth_embeddings,Conventional + AlphaEarth Embeddings,0.14381419738965726,0.5868831590132428,0
1688,CPEC_LANDSLIDE_0513,1,landslide,75_38,2,75.19684879387313,38.77240983363622,"Kashgar (Xinjiang, China)",conventional_alphaearth_embeddings,Conventional + AlphaEarth Embeddings,0.9876150818847179,0.5868831590132428,1
1689,RMC_03_00129,0,non_landslide,74_39,3,74.94307547177624,39.55169906567739,raster-matched control,conventional_alphaearth_embeddings,Conventional + AlphaEarth Embeddings,0.0626516658986135,0.37326188443582237,0
1690,CPEC_LANDSLIDE_0694,1,landslide,66_27,1,66.47645240971224,27.568173766977523,Balochistan,conventional_alphaearth_embeddings,Conventional + AlphaEarth Embeddings,0.9845384102780137,0.31275142952145935,1
1691,CPEC_LANDSLIDE_0094,1,landslide,74_36,2,74.96553292672563,36.838787548325215,Gilgit-Baltistan,conventional_alphaearth_embeddings,Conventional + AlphaEarth Embeddings,0.45156270999256737,0.5868831590132428,0
1692,RMC_03_00012,0,non_landslide,75_40,1,75.3899873256257,40.51289641968528,raster-matched control,conventional_alphaearth_embeddings,Conventional + AlphaEarth Embeddings,0.11831387356361076,0.31275142952145935,0
1693,CPEC_ROCKFALL_0670,1,rockfall,69_30,5,69.8563662853042,30.31477043815067,Balochistan,conventional_alphaearth_embeddings,Conventional + AlphaEarth Embeddings,0.9495170702576369,0.28992385976630347,1
1694,CPEC_ROCKFALL_0634,1,rockfall,68_29,2,68.0979108666757,29.92849635029487,Balochistan,conventional_alphaearth_embeddings,Conventional + AlphaEarth Embeddings,0.962655303512032,0.5868831590132428,1
1695,RMC_03_00390,0,non_landslide,74_38,1,74.97227071851012,38.14358985782004,raster-matched control,conventional_alphaearth_embeddings,Conventional + AlphaEarth Embeddings,0.10035143973597811,0.31275142952145935,0
1696,CPEC_LANDSLIDE_1004,1,landslide,75_35,1,75.92673229070537,35.2240667930535,Gilgit-Baltistan,conventional_alphaearth_embeddings,Conventional + AlphaEarth Embeddings,0.922459433689175,0.31275142952145935,1
1697,CPEC_ROCKFALL_0504,1,rockfall,68_29,2,68.5111402203996,29.33111504126578,Balochistan,conventional_alphaearth_embeddings,Conventional + AlphaEarth Embeddings,0.9722854319412393,0.5868831590132428,1
1698,CPEC_ROCKFALL_0033,1,rockfall,67_27,2,67.35904674032183,27.93423474975805,Balochistan,conventional_alphaearth_embeddings,Conventional + AlphaEarth Embeddings,0.9146578079656177,0.5868831590132428,1
1699,RMC_03_00046,0,non_landslide,65_28,2,65.10652311066747,28.92013767812285,raster-matched control,conventional_alphaearth_embeddings,Conventional + AlphaEarth Embeddings,0.31440580575234106,0.5868831590132428,0
1700,CPEC_ROCKFALL_0801,1,rockfall,72_35,3,72.56254120542786,35.52050783108658,KP-AJK,conventional_alphaearth_embeddings,Conventional + AlphaEarth Embeddings,0.9740856782824738,0.37326188443582237,1
1701,CPEC_ROCKFALL_0649,1,rockfall,69_30,5,69.0186840205049,30.811090680904464,Balochistan,conventional_alphaearth_embeddings,Conventional + AlphaEarth Embeddings,0.9787389804205889,0.28992385976630347,1
1702,RMC_03_00319,0,non_landslide,65_26,3,65.30864404959436,26.393625941536698,raster-matched control,conventional_alphaearth_embeddings,Conventional + AlphaEarth Embeddings,0.14997164243546937,0.37326188443582237,0
1703,CPEC_ROCKFALL_0006,1,rockfall,76_38,3,76.00308547804353,38.404101463924746,"Kashgar (Xinjiang, China)",conventional_alphaearth_embeddings,Conventional + AlphaEarth Embeddings,0.12315618770547442,0.37326188443582237,0
1704,RMC_03_00599,0,non_landslide,75_38,2,75.26197739763866,38.7769021331243,raster-matched control,conventional_alphaearth_embeddings,Conventional + AlphaEarth Embeddings,0.06840535354911459,0.5868831590132428,0
1705,RMC_03_01181,0,non_landslide,65_25,1,65.94644790131923,25.919764629163648,raster-matched control,conventional_alphaearth_embeddings,Conventional + AlphaEarth Embeddings,0.15755602942963415,0.31275142952145935,0
1706,RMC_03_00851,0,non_landslide,74_39,3,74.42429839519721,39.62131850019665,raster-matched control,conventional_alphaearth_embeddings,Conventional + AlphaEarth Embeddings,0.08217983334157296,0.37326188443582237,0
1707,CPEC_ROCKFALL_0344,1,rockfall,66_27,1,66.35742562529262,27.73660739106933,Balochistan,conventional_alphaearth_embeddings,Conventional + AlphaEarth Embeddings,0.9711678697423779,0.31275142952145935,1
1708,CPEC_LANDSLIDE_0397,1,landslide,75_38,2,75.01943008115863,38.54334135341965,"Kashgar (Xinjiang, China)",conventional_alphaearth_embeddings,Conventional + AlphaEarth Embeddings,0.9896421110385811,0.5868831590132428,1
1709,CPEC_LANDSLIDE_0899,1,landslide,76_35,2,76.09516591479718,35.181393195972014,Gilgit-Baltistan,conventional_alphaearth_embeddings,Conventional + AlphaEarth Embeddings,0.9788798805390715,0.5868831590132428,1
1710,CPEC_ROCKFALL_0291,1,rockfall,66_27,1,66.45399637680708,27.554698363594007,Balochistan,conventional_alphaearth_embeddings,Conventional + AlphaEarth Embeddings,0.9844185050264586,0.31275142952145935,1
1711,CPEC_LANDSLIDE_0007,1,landslide,73_35,4,73.23852308872604,35.286949036109185,KP-AJK,conventional_alphaearth_embeddings,Conventional + AlphaEarth Embeddings,0.146849201591347,0.32933342149262645,0
1712,RMC_03_00324,0,non_landslide,62_26,5,62.97751588730421,26.108410838828743,raster-matched control,conventional_alphaearth_embeddings,Conventional + AlphaEarth Embeddings,0.12406416176876668,0.28992385976630347,0
1713,RMC_03_01288,0,non_landslide,77_38,4,77.35954358605775,38.48494966578546,raster-matched control,conventional_alphaearth_embeddings,Conventional + AlphaEarth Embeddings,0.08079534616291027,0.32933342149262645,0
1714,CPEC_ROCKFALL_0035,1,rockfall,67_27,2,67.32985300572493,27.943219838380752,Balochistan,conventional_alphaearth_embeddings,Conventional + AlphaEarth Embeddings,0.9637648224435051,0.5868831590132428,1
1715,CPEC_ROCKFALL_0600,1,rockfall,66_29,5,66.90090977988869,29.96442778658354,Balochistan,conventional_alphaearth_embeddings,Conventional + AlphaEarth Embeddings,0.9813425369219849,0.28992385976630347,1
1716,CPEC_LANDSLIDE_0723,1,landslide,67_30,3,67.22654901161974,30.46748573102908,Balochistan,conventional_alphaearth_embeddings,Conventional + AlphaEarth Embeddings,0.8178820914796705,0.37326188443582237,1
1717,RMC_03_01374,0,non_landslide,69_31,2,69.3555544045528,31.4511409911296,raster-matched control,conventional_alphaearth_embeddings,Conventional + AlphaEarth Embeddings,0.08575527116610782,0.5868831590132428,0
1718,RMC_03_00489,0,non_landslide,75_38,2,75.47532727761705,38.80834316806848,raster-matched control,conventional_alphaearth_embeddings,Conventional + AlphaEarth Embeddings,0.06875679250310035,0.5868831590132428,0
1719,CPEC_LANDSLIDE_0393,1,landslide,75_38,2,75.01943008115863,38.54334135341965,"Kashgar (Xinjiang, China)",conventional_alphaearth_embeddings,Conventional + AlphaEarth Embeddings,0.9896421110385811,0.5868831590132428,1
1720,RMC_03_00009,0,non_landslide,72_34,1,72.80283930736147,34.896180105727964,raster-matched control,conventional_alphaearth_embeddings,Conventional + AlphaEarth Embeddings,0.06475469338015252,0.31275142952145935,0
1721,RMC_03_00895,0,non_landslide,73_35,4,73.96615760029626,35.47334767577476,raster-matched control,conventional_alphaearth_embeddings,Conventional + AlphaEarth Embeddings,0.07378539279969867,0.32933342149262645,0
1722,RMC_03_00519,0,non_landslide,74_36,2,74.30976319647198,36.191999903070375,raster-matched control,conventional_alphaearth_embeddings,Conventional + AlphaEarth Embeddings,0.1432694755744218,0.5868831590132428,0
1723,CPEC_ROCKFALL_0461,1,rockfall,69_28,1,69.18038440200601,28.86174560527901,Balochistan,conventional_alphaearth_embeddings,Conventional + AlphaEarth Embeddings,0.6360847534233784,0.31275142952145935,1
1724,RMC_03_00521,0,non_landslide,74_36,2,74.29853425542048,36.05500682224215,raster-matched control,conventional_alphaearth_embeddings,Conventional + AlphaEarth Embeddings,0.05447733767404336,0.5868831590132428,0
1725,RMC_03_00987,0,non_landslide,72_35,3,72.9443239646103,35.03766476297679,raster-matched control,conventional_alphaearth_embeddings,Conventional + AlphaEarth Embeddings,0.06931157218935026,0.37326188443582237,0
1726,RMC_03_00605,0,non_landslide,75_38,2,75.22155320985328,38.761181615652205,raster-matched control,conventional_alphaearth_embeddings,Conventional + AlphaEarth Embeddings,0.08122238577968782,0.5868831590132428,0
1727,CPEC_LANDSLIDE_0647,1,landslide,65_27,5,65.83415903487284,27.46936008763316,Balochistan,conventional_alphaearth_embeddings,Conventional + AlphaEarth Embeddings,0.968108156247438,0.28992385976630347,1
1728,CPEC_ROCKFALL_0384,1,rockfall,66_27,1,66.93459382924642,27.69842856784973,Balochistan,conventional_alphaearth_embeddings,Conventional + AlphaEarth Embeddings,0.8360664760038379,0.31275142952145935,1
1729,CPEC_ROCKFALL_0838,1,rockfall,74_35,5,74.20645569529648,35.96517384723726,Gilgit-Baltistan,conventional_alphaearth_embeddings,Conventional + AlphaEarth Embeddings,0.9704153331405956,0.28992385976630347,1
1730,CPEC_LANDSLIDE_0599,1,landslide,64_28,1,64.94482700257149,28.879711323423347,Balochistan,conventional_alphaearth_embeddings,Conventional + AlphaEarth Embeddings,0.9847480874977043,0.31275142952145935,1
1731,CPEC_LANDSLIDE_0343,1,landslide,75_37,5,75.21481451201747,37.905538293341074,"Kashgar (Xinjiang, China)",conventional_alphaearth_embeddings,Conventional + AlphaEarth Embeddings,0.9898237745579898,0.28992385976630347,1
1732,RMC_03_01420,0,non_landslide,65_27,5,65.87682846679996,27.22456757934725,raster-matched control,conventional_alphaearth_embeddings,Conventional + AlphaEarth Embeddings,0.1991132674855927,0.28992385976630347,0
1733,RMC_03_00546,0,non_landslide,74_38,1,74.9969743888234,38.590501711669496,raster-matched control,conventional_alphaearth_embeddings,Conventional + AlphaEarth Embeddings,0.7297328280817607,0.31275142952145935,1
1734,CPEC_ROCKFALL_0480,1,rockfall,68_29,2,68.71101496601925,29.409720074635924,Balochistan,conventional_alphaearth_embeddings,Conventional + AlphaEarth Embeddings,0.9747198319349237,0.5868831590132428,1
1735,CPEC_LANDSLIDE_0525,1,landslide,75_38,2,75.32486066691546,38.79711325347232,"Kashgar (Xinjiang, China)",conventional_alphaearth_embeddings,Conventional + AlphaEarth Embeddings,0.28610150772552956,0.5868831590132428,0
1736,RMC_03_00791,0,non_landslide,66_25,2,66.85150055006964,25.04390722714712,raster-matched control,conventional_alphaearth_embeddings,Conventional + AlphaEarth Embeddings,0.19878708510370455,0.5868831590132428,0
1737,RMC_03_00919,0,non_landslide,77_37,2,77.37301831531954,37.63379593408221,raster-matched control,conventional_alphaearth_embeddings,Conventional + AlphaEarth Embeddings,0.122899127916472,0.5868831590132428,0
1738,CPEC_LANDSLIDE_0434,1,landslide,74_38,1,74.99922143518441,38.57253508801655,"Kashgar (Xinjiang, China)",conventional_alphaearth_embeddings,Conventional + AlphaEarth Embeddings,0.9852796805212347,0.31275142952145935,1
1739,CPEC_ROCKFALL_0893,1,rockfall,75_38,2,75.19011109218138,38.74995380073106,"Kashgar (Xinjiang, China)",conventional_alphaearth_embeddings,Conventional + AlphaEarth Embeddings,0.9739161508807007,0.5868831590132428,1
1740,CPEC_ROCKFALL_0810,1,rockfall,75_35,1,75.79872041766305,35.32737078715868,Gilgit-Baltistan,conventional_alphaearth_embeddings,Conventional + AlphaEarth Embeddings,0.9440109087470798,0.31275142952145935,1
1741,RMC_03_00427,0,non_landslide,74_36,2,74.84201500231279,36.76916747311717,raster-matched control,conventional_alphaearth_embeddings,Conventional + AlphaEarth Embeddings,0.11028118943557108,0.5868831590132428,0
1742,CPEC_ROCKFALL_0361,1,rockfall,66_27,1,66.82230474651855,27.80397994888585,Balochistan,conventional_alphaearth_embeddings,Conventional + AlphaEarth Embeddings,0.9816833455844699,0.31275142952145935,1
1743,RMC_03_00201,0,non_landslide,67_29,1,67.25574242792342,29.901547126023427,raster-matched control,conventional_alphaearth_embeddings,Conventional + AlphaEarth Embeddings,0.13683036513983723,0.31275142952145935,0
1744,CPEC_ROCKFALL_0081,1,rockfall,65_28,2,65.95093843236154,28.147584898761227,Balochistan,conventional_alphaearth_embeddings,Conventional + AlphaEarth Embeddings,0.9142215479949384,0.5868831590132428,1
1745,RMC_03_00001,0,non_landslide,74_38,1,74.83976921410249,38.89817469648044,raster-matched control,conventional_alphaearth_embeddings,Conventional + AlphaEarth Embeddings,0.15380978553678712,0.31275142952145935,0
1746,RMC_03_01447,0,non_landslide,65_26,3,65.67919910429367,26.87647040675094,raster-matched control,conventional_alphaearth_embeddings,Conventional + AlphaEarth Embeddings,0.06657876430726511,0.37326188443582237,0
1747,CPEC_ROCKFALL_0528,1,rockfall,67_29,1,67.90702120967875,29.68370507976385,Balochistan,conventional_alphaearth_embeddings,Conventional + AlphaEarth Embeddings,0.958404801054836,0.31275142952145935,1
1748,CPEC_LANDSLIDE_0946,1,landslide,75_35,1,75.16989798710611,35.59461809059485,Gilgit-Baltistan,conventional_alphaearth_embeddings,Conventional + AlphaEarth Embeddings,0.9763346655502808,0.31275142952145935,1
1749,CPEC_ROCKFALL_0429,1,rockfall,70_29,4,70.02479990939601,29.5220091573638,Punjab-Sindh lowland corridor,conventional_alphaearth_embeddings,Conventional + AlphaEarth Embeddings,0.9632770639136645,0.32933342149262645,1
1750,CPEC_ROCKFALL_0064,1,rockfall,63_26,1,63.99036534028351,26.398119027856485,Balochistan,conventional_alphaearth_embeddings,Conventional + AlphaEarth Embeddings,0.9853187034497316,0.31275142952145935,1
1751,RMC_03_00041,0,non_landslide,68_30,4,68.65037690651899,30.20023695799317,raster-matched control,conventional_alphaearth_embeddings,Conventional + AlphaEarth Embeddings,0.09095752387225538,0.32933342149262645,0
1752,RMC_03_00079,0,non_landslide,67_30,3,67.66672167040811,30.117142794212118,raster-matched control,conventional_alphaearth_embeddings,Conventional + AlphaEarth Embeddings,0.28574223657656944,0.37326188443582237,0
1753,CPEC_LANDSLIDE_0206,1,landslide,74_36,2,74.29853613205015,36.0842006316569,Gilgit-Baltistan,conventional_alphaearth_embeddings,Conventional + AlphaEarth Embeddings,0.8385258254712491,0.5868831590132428,1
1754,CPEC_LANDSLIDE_0136,1,landslide,74_36,2,74.83976844061424,36.524376333046746,Gilgit-Baltistan,conventional_alphaearth_embeddings,Conventional + AlphaEarth Embeddings,0.9839507282853371,0.5868831590132428,1
1755,CPEC_LANDSLIDE_0227,1,landslide,74_35,5,74.52985199919765,35.96742123416819,Gilgit-Baltistan,conventional_alphaearth_embeddings,Conventional + AlphaEarth Embeddings,0.8299447753862444,0.28992385976630347,1
1756,CPEC_ROCKFALL_0227,1,rockfall,65_26,3,65.692671758447,26.29256764682037,Balochistan,conventional_alphaearth_embeddings,Conventional + AlphaEarth Embeddings,0.9757789890947326,0.37326188443582237,1
1757,CPEC_ROCKFALL_0235,1,rockfall,66_26,4,66.18674907337092,26.18925919361413,Balochistan,conventional_alphaearth_embeddings,Conventional + AlphaEarth Embeddings,0.2246523214088346,0.32933342149262645,0
1758,CPEC_LANDSLIDE_0297,1,landslide,73_35,4,73.21830998365077,35.43067924036492,KP-AJK,conventional_alphaearth_embeddings,Conventional + AlphaEarth Embeddings,0.6176827976589527,0.32933342149262645,1
1759,CPEC_ROCKFALL_0112,1,rockfall,65_27,5,65.83191164794191,27.46936008763316,Balochistan,conventional_alphaearth_embeddings,Conventional + AlphaEarth Embeddings,0.3025961500145891,0.28992385976630347,1
1760,RMC_03_00136,0,non_landslide,75_35,1,75.53596355929511,35.42843191156879,raster-matched control,conventional_alphaearth_embeddings,Conventional + AlphaEarth Embeddings,0.13330990323083927,0.31275142952145935,0
1761,CPEC_LANDSLIDE_0853,1,landslide,73_34,2,73.44288814910652,34.40210731856866,KP-AJK,conventional_alphaearth_embeddings,Conventional + AlphaEarth Embeddings,0.9880607800597141,0.5868831590132428,1
1762,RMC_03_00996,0,non_landslide,67_26,5,67.21531824013805,26.036545616099183,raster-matched control,conventional_alphaearth_embeddings,Conventional + AlphaEarth Embeddings,0.501372646370944,0.28992385976630347,1
1763,CPEC_ROCKFALL_0587,1,rockfall,67_29,1,67.43316145893115,29.60285711856382,Balochistan,conventional_alphaearth_embeddings,Conventional + AlphaEarth Embeddings,0.9816221188921661,0.31275142952145935,1
1764,CPEC_LANDSLIDE_0586,1,landslide,66_27,1,66.88518698957425,27.83766845734464,Balochistan,conventional_alphaearth_embeddings,Conventional + AlphaEarth Embeddings,0.9778187075251946,0.31275142952145935,1
1765,RMC_03_00105,0,non_landslide,74_36,2,74.20421115058792,36.01458263445677,raster-matched control,conventional_alphaearth_embeddings,Conventional + AlphaEarth Embeddings,0.12347087489657602,0.5868831590132428,0
1766,CPEC_LANDSLIDE_0059,1,landslide,75_36,3,75.3563017884433,36.81632705631902,Gilgit-Baltistan,conventional_alphaearth_embeddings,Conventional + AlphaEarth Embeddings,0.9325027597169321,0.37326188443582237,1
1767,RMC_03_01464,0,non_landslide,74_35,5,74.6219277577035,35.68220597933255,raster-matched control,conventional_alphaearth_embeddings,Conventional + AlphaEarth Embeddings,0.06999081075157255,0.28992385976630347,0
1768,RMC_03_00359,0,non_landslide,67_29,1,67.14345301740849,29.908284490654324,raster-matched control,conventional_alphaearth_embeddings,Conventional + AlphaEarth Embeddings,0.1342137578723225,0.31275142952145935,0
1769,CPEC_LANDSLIDE_0496,1,landslide,75_38,2,75.10028250145972,38.74770641380013,"Kashgar (Xinjiang, China)",conventional_alphaearth_embeddings,Conventional + AlphaEarth Embeddings,0.9866682045408581,0.5868831590132428,1
1770,CPEC_LANDSLIDE_1022,1,landslide,74_35,5,74.7297267448173,35.53623062140103,Gilgit-Baltistan,conventional_alphaearth_embeddings,Conventional + AlphaEarth Embeddings,0.9773872225066152,0.28992385976630347,1
1771,RMC_03_01076,0,non_landslide,67_26,5,67.62854327083303,26.24989549607757,raster-matched control,conventional_alphaearth_embeddings,Conventional + AlphaEarth Embeddings,0.06454353503081403,0.28992385976630347,0
1772,RMC_03_00295,0,non_landslide,64_26,2,64.03303634614464,26.10167347419785,raster-matched control,conventional_alphaearth_embeddings,Conventional + AlphaEarth Embeddings,0.09635592749976662,0.5868831590132428,0
1773,CPEC_LANDSLIDE_0592,1,landslide,67_27,2,67.00196638706294,27.952204927003446,Balochistan,conventional_alphaearth_embeddings,Conventional + AlphaEarth Embeddings,0.9699288106842502,0.5868831590132428,1
1774,CPEC_ROCKFALL_0947,1,rockfall,75_38,2,75.50901262222067,38.9453382315899,"Kashgar (Xinjiang, China)",conventional_alphaearth_embeddings,Conventional + AlphaEarth Embeddings,0.9836779417277497,0.5868831590132428,1
1775,RMC_03_01040,0,non_landslide,65_26,3,65.66797016324217,26.261124437129062,raster-matched control,conventional_alphaearth_embeddings,Conventional + AlphaEarth Embeddings,0.14809637919560803,0.37326188443582237,0
1776,RMC_03_00419,0,non_landslide,74_36,2,74.86896446083637,36.76692168490687,raster-matched control,conventional_alphaearth_embeddings,Conventional + AlphaEarth Embeddings,0.08537383256797806,0.5868831590132428,0
1777,RMC_03_00110,0,non_landslide,75_37,5,75.84588233231635,37.75956007385894,raster-matched control,conventional_alphaearth_embeddings,Conventional + AlphaEarth Embeddings,0.1537114651381066,0.28992385976630347,0
1778,CPEC_LANDSLIDE_0267,1,landslide,73_35,4,73.83589993865408,35.48457639479791,Gilgit-Baltistan,conventional_alphaearth_embeddings,Conventional + AlphaEarth Embeddings,0.9541572892318011,0.32933342149262645,1
1779,CPEC_LANDSLIDE_0500,1,landslide,75_38,2,75.17663568879786,38.736478397347554,"Kashgar (Xinjiang, China)",conventional_alphaearth_embeddings,Conventional + AlphaEarth Embeddings,0.2600341802802324,0.5868831590132428,0
1780,CPEC_LANDSLIDE_0100,1,landslide,74_36,2,74.97002324148644,36.807346426797366,Gilgit-Baltistan,conventional_alphaearth_embeddings,Conventional + AlphaEarth Embeddings,0.11189340321441928,0.5868831590132428,0
1781,CPEC_ROCKFALL_0914,1,rockfall,75_38,2,75.48206627455471,38.821816673308405,"Kashgar (Xinjiang, China)",conventional_alphaearth_embeddings,Conventional + AlphaEarth Embeddings,0.9768114456895293,0.5868831590132428,1
1782,RMC_03_01007,0,non_landslide,66_26,4,66.43602973116437,26.72151102024032,raster-matched control,conventional_alphaearth_embeddings,Conventional + AlphaEarth Embeddings,0.19684414517934523,0.32933342149262645,0
1783,RMC_03_00336,0,non_landslide,67_28,4,67.11201198246431,28.924629254543447,raster-matched control,conventional_alphaearth_embeddings,Conventional + AlphaEarth Embeddings,0.8316457481255061,0.32933342149262645,1
1784,RMC_03_00073,0,non_landslide,76_39,5,76.8834364854744,39.92449990858699,raster-matched control,conventional_alphaearth_embeddings,Conventional + AlphaEarth Embeddings,0.24266629055711994,0.28992385976630347,0
1785,CPEC_LANDSLIDE_0619,1,landslide,63_27,3,63.264976617313145,27.29643168967948,Balochistan,conventional_alphaearth_embeddings,Conventional + AlphaEarth Embeddings,0.9581847129459468,0.37326188443582237,1
1786,CPEC_ROCKFALL_0607,1,rockfall,66_29,5,66.94357891786912,29.836420372642262,Balochistan,conventional_alphaearth_embeddings,Conventional + AlphaEarth Embeddings,0.9829856827468464,0.28992385976630347,1
1787,CPEC_LANDSLIDE_0114,1,landslide,74_36,2,74.87794726383386,36.76692021664684,Gilgit-Baltistan,conventional_alphaearth_embeddings,Conventional + AlphaEarth Embeddings,0.061687261017600914,0.5868831590132428,0
1788,RMC_03_00198,0,non_landslide,66_27,1,66.45399603684676,27.52101162310669,raster-matched control,conventional_alphaearth_embeddings,Conventional + AlphaEarth Embeddings,0.5562194917093646,0.31275142952145935,1
1789,CPEC_ROCKFALL_0943,1,rockfall,75_38,2,75.50676969439078,38.93860052989815,"Kashgar (Xinjiang, China)",conventional_alphaearth_embeddings,Conventional + AlphaEarth Embeddings,0.9868660279964319,0.5868831590132428,1
1790,RMC_03_00369,0,non_landslide,66_29,5,66.04077100615177,29.099800734946754,raster-matched control,conventional_alphaearth_embeddings,Conventional + AlphaEarth Embeddings,0.21888550758199737,0.28992385976630347,0
1791,CPEC_ROCKFALL_0919,1,rockfall,75_38,2,75.47981888762375,38.84202977838366,"Kashgar (Xinjiang, China)",conventional_alphaearth_embeddings,Conventional + AlphaEarth Embeddings,0.20174556636790347,0.5868831590132428,0
1792,RMC_03_01290,0,non_landslide,74_35,5,74.32772950215437,35.9629295056199,raster-matched control,conventional_alphaearth_embeddings,Conventional + AlphaEarth Embeddings,0.20295849898670099,0.28992385976630347,0
1793,CPEC_LANDSLIDE_0063,1,landslide,75_36,3,75.32261327998452,36.82082183018088,Gilgit-Baltistan,conventional_alphaearth_embeddings,Conventional + AlphaEarth Embeddings,0.9656471499828707,0.37326188443582237,1
1794,RMC_03_00257,0,non_landslide,66_26,4,66.20022196908299,26.595746880463587,raster-matched control,conventional_alphaearth_embeddings,Conventional + AlphaEarth Embeddings,0.1334465797998171,0.32933342149262645,0
1795,RMC_03_01394,0,non_landslide,74_35,5,74.37713684278094,35.41720297051729,raster-matched control,conventional_alphaearth_embeddings,Conventional + AlphaEarth Embeddings,0.7860310737381847,0.28992385976630347,1
1796,CPEC_LANDSLIDE_0224,1,landslide,74_35,5,74.47819777259453,35.86860755482383,Gilgit-Baltistan,conventional_alphaearth_embeddings,Conventional + AlphaEarth Embeddings,0.9823834885678605,0.28992385976630347,1
1797,CPEC_ROCKFALL_0804,1,rockfall,75_35,1,75.25075040740718,35.58563746107321,Gilgit-Baltistan,conventional_alphaearth_embeddings,Conventional + AlphaEarth Embeddings,0.9815231879254338,0.31275142952145935,1
1798,CPEC_LANDSLIDE_0301,1,landslide,73_35,4,73.01618785110017,35.11851095291633,KP-AJK,conventional_alphaearth_embeddings,Conventional + AlphaEarth Embeddings,0.9776445705882836,0.32933342149262645,1
1799,RMC_03_00061,0,non_landslide,66_27,1,66.29005349749494,27.06960819283664,raster-matched control,conventional_alphaearth_embeddings,Conventional + AlphaEarth Embeddings,0.043494705382904515,0.31275142952145935,0
1800,CPEC_ROCKFALL_0266,1,rockfall,66_27,1,66.11263435476158,27.15270148542376,Balochistan,conventional_alphaearth_embeddings,Conventional + AlphaEarth Embeddings,0.1403958031953861,0.31275142952145935,0
1801,CPEC_LANDSLIDE_1053,1,landslide,73_34,2,73.36428757483743,34.494183296221266,KP-AJK,conventional_alphaearth_embeddings,Conventional + AlphaEarth Embeddings,0.2630269199085048,0.5868831590132428,0
1802,CPEC_ROCKFALL_0094,1,rockfall,65_27,5,65.7308505816666,27.282956286295967,Balochistan,conventional_alphaearth_embeddings,Conventional + AlphaEarth Embeddings,0.9837719860586261,0.28992385976630347,1
1803,RMC_03_00464,0,non_landslide,74_36,2,74.88917655472906,36.346959289580994,raster-matched control,conventional_alphaearth_embeddings,Conventional + AlphaEarth Embeddings,0.7842205643765957,0.5868831590132428,1
1804,CPEC_ROCKFALL_0601,1,rockfall,66_29,5,66.90090977988869,29.96442778658354,Balochistan,conventional_alphaearth_embeddings,Conventional + AlphaEarth Embeddings,0.9813425369219849,0.28992385976630347,1
1805,CPEC_LANDSLIDE_0847,1,landslide,73_34,2,73.4541161655591,34.39761700380784,KP-AJK,conventional_alphaearth_embeddings,Conventional + AlphaEarth Embeddings,0.17928563913013454,0.5868831590132428,0
1806,RMC_03_01321,0,non_landslide,74_35,5,74.17726169206435,35.394745088414304,raster-matched control,conventional_alphaearth_embeddings,Conventional + AlphaEarth Embeddings,0.14255584824188758,0.28992385976630347,0
1807,RMC_03_01342,0,non_landslide,75_37,5,75.21706163343269,37.88981579005628,raster-matched control,conventional_alphaearth_embeddings,Conventional + AlphaEarth Embeddings,0.038640836841533,0.28992385976630347,0
1808,CPEC_ROCKFALL_0459,1,rockfall,69_28,1,69.1826273298359,28.866240379140887,Balochistan,conventional_alphaearth_embeddings,Conventional + AlphaEarth Embeddings,0.240670529199661,0.31275142952145935,0
1809,RMC_03_00894,0,non_landslide,75_38,2,75.32710525573734,38.7836394977552,raster-matched control,conventional_alphaearth_embeddings,Conventional + AlphaEarth Embeddings,0.04144834820395162,0.5868831590132428,0
1810,RMC_03_01273,0,non_landslide,71_35,2,71.91799875250375,35.93822583530661,raster-matched control,conventional_alphaearth_embeddings,Conventional + AlphaEarth Embeddings,0.5581213236671291,0.5868831590132428,0
1811,RMC_03_01264,0,non_landslide,73_35,4,73.78874033168265,35.51377186356014,raster-matched control,conventional_alphaearth_embeddings,Conventional + AlphaEarth Embeddings,0.05534195360748264,0.32933342149262645,0
1812,CPEC_ROCKFALL_0825,1,rockfall,75_35,1,75.99635223545282,35.194868599355544,Gilgit-Baltistan,conventional_alphaearth_embeddings,Conventional + AlphaEarth Embeddings,0.9645892927390599,0.31275142952145935,1
1813,CPEC_LANDSLIDE_0311,1,landslide,72_35,3,72.89267075191972,35.04215776557818,KP-AJK,conventional_alphaearth_embeddings,Conventional + AlphaEarth Embeddings,0.9884671472361569,0.37326188443582237,1
1814,RMC_03_01206,0,non_landslide,65_25,1,65.4344081893711,25.38975861153313,raster-matched control,conventional_alphaearth_embeddings,Conventional + AlphaEarth Embeddings,0.1392080446066167,0.31275142952145935,0
1815,CPEC_LANDSLIDE_0916,1,landslide,76_35,2,76.16253847261369,35.192625671525654,Gilgit-Baltistan,conventional_alphaearth_embeddings,Conventional + AlphaEarth Embeddings,0.5943653133081485,0.5868831590132428,1
1816,CPEC_ROCKFALL_0485,1,rockfall,68_29,2,68.70427726432749,29.407472687704985,Balochistan,conventional_alphaearth_embeddings,Conventional + AlphaEarth Embeddings,0.8160813340320267,0.5868831590132428,1
1817,RMC_03_00268,0,non_landslide,68_28,5,68.84800626902528,28.798865114766716,raster-matched control,conventional_alphaearth_embeddings,Conventional + AlphaEarth Embeddings,0.18424667237151215,0.28992385976630347,0
1818,CPEC_LANDSLIDE_0771,1,landslide,72_34,1,72.80957540378876,34.036041876687065,KP-AJK,conventional_alphaearth_embeddings,Conventional + AlphaEarth Embeddings,0.946339690460683,0.31275142952145935,1
1819,CPEC_ROCKFALL_0881,1,rockfall,75_38,2,75.04413796009577,38.43778997238354,"Kashgar (Xinjiang, China)",conventional_alphaearth_embeddings,Conventional + AlphaEarth Embeddings,0.9362318899606015,0.5868831590132428,1
1820,RMC_03_00452,0,non_landslide,74_36,2,74.8038366027377,36.55806338134908,raster-matched control,conventional_alphaearth_embeddings,Conventional + AlphaEarth Embeddings,0.8199639412305997,0.5868831590132428,1
1821,CPEC_ROCKFALL_0516,1,rockfall,67_29,1,67.88007040291171,29.67921476500303,Balochistan,conventional_alphaearth_embeddings,Conventional + AlphaEarth Embeddings,0.6776359889052224,0.31275142952145935,1
1822,CPEC_LANDSLIDE_0952,1,landslide,75_35,1,75.30240017490925,35.58563746107321,Gilgit-Baltistan,conventional_alphaearth_embeddings,Conventional + AlphaEarth Embeddings,0.9376662529165023,0.31275142952145935,1
1823,CPEC_LANDSLIDE_0174,1,landslide,74_36,2,74.49616349073887,36.24814394098788,Gilgit-Baltistan,conventional_alphaearth_embeddings,Conventional + AlphaEarth Embeddings,0.4728733242861512,0.5868831590132428,0
1824,CPEC_LANDSLIDE_0994,1,landslide,75_35,1,75.89079639531565,35.226309720883386,Gilgit-Baltistan,conventional_alphaearth_embeddings,Conventional + AlphaEarth Embeddings,0.9795479573668139,0.31275142952145935,1
1825,RMC_03_01220,0,non_landslide,70_32,5,70.06971505542784,32.102419572116254,raster-matched control,conventional_alphaearth_embeddings,Conventional + AlphaEarth Embeddings,0.1312395754853722,0.28992385976630347,0
1826,RMC_03_01177,0,non_landslide,65_26,3,65.69042804534516,26.91240301811572,raster-matched control,conventional_alphaearth_embeddings,Conventional + AlphaEarth Embeddings,0.07575430363978454,0.37326188443582237,0
1827,CPEC_ROCKFALL_0508,1,rockfall,68_29,2,68.4010940655016,29.355818461101872,Balochistan,conventional_alphaearth_embeddings,Conventional + AlphaEarth Embeddings,0.9781977053476509,0.5868831590132428,1
1828,CPEC_ROCKFALL_0842,1,rockfall,74_35,5,74.50963889412238,35.857379538371255,Gilgit-Baltistan,conventional_alphaearth_embeddings,Conventional + AlphaEarth Embeddings,0.9802558895868098,0.28992385976630347,1
1829,CPEC_ROCKFALL_0852,1,rockfall,74_35,5,74.57925883886983,35.489066709558735,Gilgit-Baltistan,conventional_alphaearth_embeddings,Conventional + AlphaEarth Embeddings,0.9762660766814905,0.28992385976630347,1
1830,RMC_03_00227,0,non_landslide,76_38,3,76.51961879540599,38.62868011124458,raster-matched control,conventional_alphaearth_embeddings,Conventional + AlphaEarth Embeddings,0.10401703371246082,0.37326188443582237,0
1831,CPEC_LANDSLIDE_0039,1,landslide,75_37,5,75.76503190920427,37.84489897811525,"Kashgar (Xinjiang, China)",conventional_alphaearth_embeddings,Conventional + AlphaEarth Embeddings,0.9372519840471365,0.28992385976630347,1
1832,CPEC_ROCKFALL_0393,1,rockfall,66_29,5,66.64264310597416,29.3198870248132,Balochistan,conventional_alphaearth_embeddings,Conventional + AlphaEarth Embeddings,0.9887826403163766,0.28992385976630347,1
1833,CPEC_ROCKFALL_0028,1,rockfall,67_28,4,67.40845803909507,28.09368774432823,Balochistan,conventional_alphaearth_embeddings,Conventional + AlphaEarth Embeddings,0.28819655889435014,0.32933342149262645,0
1834,RMC_03_00663,0,non_landslide,67_29,1,67.44663442579883,29.55569574163741,raster-matched control,conventional_alphaearth_embeddings,Conventional + AlphaEarth Embeddings,0.06895554528042269,0.31275142952145935,0
1835,RMC_03_00838,0,non_landslide,71_33,3,71.52049423928085,33.67896289574602,raster-matched control,conventional_alphaearth_embeddings,Conventional + AlphaEarth Embeddings,0.11488357948984955,0.37326188443582237,0
1836,CPEC_ROCKFALL_0296,1,rockfall,66_27,1,66.48094718357412,27.577154396499164,Balochistan,conventional_alphaearth_embeddings,Conventional + AlphaEarth Embeddings,0.972769529492774,0.31275142952145935,1
1837,RMC_03_00819,0,non_landslide,67_26,5,67.24226769866164,26.824817277914065,raster-matched control,conventional_alphaearth_embeddings,Conventional + AlphaEarth Embeddings,0.09395896984747187,0.28992385976630347,0
1838,CPEC_ROCKFALL_0223,1,rockfall,65_26,3,65.70614716183051,26.30828597803377,Balochistan,conventional_alphaearth_embeddings,Conventional + AlphaEarth Embeddings,0.978503716356035,0.37326188443582237,1
1839,RMC_03_00969,0,non_landslide,77_36,5,77.05636217766741,36.7107769796494,raster-matched control,conventional_alphaearth_embeddings,Conventional + AlphaEarth Embeddings,0.08723817732568104,0.28992385976630347,0
1840,CPEC_LANDSLIDE_0376,1,landslide,75_38,2,75.00146436301429,38.38388835884948,"Kashgar (Xinjiang, China)",conventional_alphaearth_embeddings,Conventional + AlphaEarth Embeddings,0.9714304115646499,0.5868831590132428,1
1841,RMC_03_01499,0,non_landslide,74_35,5,74.46247679477229,35.45762715830267,raster-matched control,conventional_alphaearth_embeddings,Conventional + AlphaEarth Embeddings,0.7709539070778643,0.28992385976630347,1
1842,RMC_03_00585,0,non_landslide,75_39,4,75.50901410077154,39.97390724921356,raster-matched control,conventional_alphaearth_embeddings,Conventional + AlphaEarth Embeddings,0.719241099226469,0.32933342149262645,1
1843,RMC_03_00821,0,non_landslide,67_25,3,67.15468195845999,25.877094653167973,raster-matched control,conventional_alphaearth_embeddings,Conventional + AlphaEarth Embeddings,0.07892822496984248,0.37326188443582237,0
1844,RMC_03_00545,0,non_landslide,74_35,5,74.04251439944642,35.15219996170203,raster-matched control,conventional_alphaearth_embeddings,Conventional + AlphaEarth Embeddings,0.10406256826839066,0.28992385976630347,0
1845,CPEC_LANDSLIDE_0587,1,landslide,66_27,1,66.90540009464952,27.85563417548897,Balochistan,conventional_alphaearth_embeddings,Conventional + AlphaEarth Embeddings,0.8438653278502605,0.31275142952145935,1
1846,RMC_03_00097,0,non_landslide,66_27,1,66.84027160901815,27.469358494269823,raster-matched control,conventional_alphaearth_embeddings,Conventional + AlphaEarth Embeddings,0.8155307217503972,0.31275142952145935,1
1847,RMC_03_00179,0,non_landslide,64_26,2,64.1385883920287,26.377905424064604,raster-matched control,conventional_alphaearth_embeddings,Conventional + AlphaEarth Embeddings,0.08666531594490244,0.5868831590132428,0
1848,RMC_03_00399,0,non_landslide,73_33,5,73.4967878643438,33.95744063382307,raster-matched control,conventional_alphaearth_embeddings,Conventional + AlphaEarth Embeddings,0.11638123107848904,0.28992385976630347,0
1849,RMC_03_01226,0,non_landslide,66_26,4,66.9345947138507,26.74172311413301,raster-matched control,conventional_alphaearth_embeddings,Conventional + AlphaEarth Embeddings,0.11792646945460342,0.32933342149262645,0
1850,CPEC_LANDSLIDE_0750,1,landslide,70_32,5,70.75917372098907,32.30454172392667,KP-AJK,conventional_alphaearth_embeddings,Conventional + AlphaEarth Embeddings,0.08584262652281097,0.28992385976630347,0
1851,RMC_03_01341,0,non_landslide,75_37,5,75.2103242688018,37.89206157826657,raster-matched control,conventional_alphaearth_embeddings,Conventional + AlphaEarth Embeddings,0.09134850980569396,0.28992385976630347,0
1852,CPEC_ROCKFALL_0672,1,rockfall,70_29,4,70.00907711908155,29.955447157061897,Punjab-Sindh lowland corridor,conventional_alphaearth_embeddings,Conventional + AlphaEarth Embeddings,0.9806966540171154,0.32933342149262645,1
1853,RMC_03_01473,0,non_landslide,70_32,5,70.07645242005873,32.392126251244804,raster-matched control,conventional_alphaearth_embeddings,Conventional + AlphaEarth Embeddings,0.17397334610450935,0.28992385976630347,0
1854,CPEC_LANDSLIDE_0712,1,landslide,70_29,4,70.02929022415682,29.53099424598649,Punjab-Sindh lowland corridor,conventional_alphaearth_embeddings,Conventional + AlphaEarth Embeddings,0.9738624081184267,0.32933342149262645,1
1855,CPEC_ROCKFALL_0631,1,rockfall,67_30,3,67.19735081792177,30.274348687101185,Balochistan,conventional_alphaearth_embeddings,Conventional + AlphaEarth Embeddings,0.971239789809008,0.37326188443582237,1
1856,CPEC_ROCKFALL_0524,1,rockfall,67_29,1,67.90028350798698,29.681457692832915,Balochistan,conventional_alphaearth_embeddings,Conventional + AlphaEarth Embeddings,0.9602706621102105,0.31275142952145935,1
1857,RMC_03_00925,0,non_landslide,75_39,4,75.65049875802036,39.75382000460428,raster-matched control,conventional_alphaearth_embeddings,Conventional + AlphaEarth Embeddings,0.07793447612450809,0.32933342149262645,0
1858,CPEC_ROCKFALL_0583,1,rockfall,67_29,1,67.21756392299704,29.45463659954728,Balochistan,conventional_alphaearth_embeddings,Conventional + AlphaEarth Embeddings,0.9779458055660234,0.31275142952145935,1
1859,RMC_03_01236,0,non_landslide,69_28,1,69.65649002473285,28.704542009934165,raster-matched control,conventional_alphaearth_embeddings,Conventional + AlphaEarth Embeddings,0.13008038647425368,0.31275142952145935,0
1860,CPEC_ROCKFALL_0630,1,rockfall,67_30,3,67.19735081792177,30.27659161493106,Balochistan,conventional_alphaearth_embeddings,Conventional + AlphaEarth Embeddings,0.9784888269242887,0.37326188443582237,1
1861,RMC_03_00480,0,non_landslide,74_36,2,74.67133509833008,36.3402219249501,raster-matched control,conventional_alphaearth_embeddings,Conventional + AlphaEarth Embeddings,0.07008049362028458,0.5868831590132428,0
1862,CPEC_LANDSLIDE_0971,1,landslide,75_35,1,75.800967804594,35.33410848885044,Gilgit-Baltistan,conventional_alphaearth_embeddings,Conventional + AlphaEarth Embeddings,0.7630282330579689,0.31275142952145935,1
1863,RMC_03_00442,0,non_landslide,74_36,2,74.60620724023141,36.60073335734476,raster-matched control,conventional_alphaearth_embeddings,Conventional + AlphaEarth Embeddings,0.27026275906960956,0.5868831590132428,0
1864,RMC_03_00798,0,non_landslide,66_26,4,66.14183147561522,26.699053138137334,raster-matched control,conventional_alphaearth_embeddings,Conventional + AlphaEarth Embeddings,0.7574473225026892,0.32933342149262645,1
1865,CPEC_LANDSLIDE_0016,1,landslide,74_39,3,74.58599654056158,39.29792381098692,"Kashgar (Xinjiang, China)",conventional_alphaearth_embeddings,Conventional + AlphaEarth Embeddings,0.13523078144643647,0.37326188443582237,0
1866,RMC_03_00806,0,non_landslide,68_29,2,68.87944730396947,29.34908322628992,raster-matched control,conventional_alphaearth_embeddings,Conventional + AlphaEarth Embeddings,0.17228755488583844,0.5868831590132428,0
1867,CPEC_LANDSLIDE_0882,1,landslide,73_34,2,73.48331435925707,34.39087930211608,KP-AJK,conventional_alphaearth_embeddings,Conventional + AlphaEarth Embeddings,0.25868364779100733,0.5868831590132428,0
1868,RMC_03_01450,0,non_landslide,67_29,1,67.18163141698356,29.915021855285215,raster-matched control,conventional_alphaearth_embeddings,Conventional + AlphaEarth Embeddings,0.15845602160605596,0.31275142952145935,0
1869,RMC_03_00703,0,non_landslide,73_33,5,73.48106734687171,33.99337324518785,raster-matched control,conventional_alphaearth_embeddings,Conventional + AlphaEarth Embeddings,0.13151397200632456,0.28992385976630347,0
1870,CPEC_ROCKFALL_0474,1,rockfall,69_29,3,69.1444485066163,29.09755624628839,Balochistan,conventional_alphaearth_embeddings,Conventional + AlphaEarth Embeddings,0.11928208790287528,0.37326188443582237,0
1871,CPEC_LANDSLIDE_1020,1,landslide,74_35,5,74.72298904312555,35.540720936161854,Gilgit-Baltistan,conventional_alphaearth_embeddings,Conventional + AlphaEarth Embeddings,0.9673427547541177,0.28992385976630347,1
1872,CPEC_LANDSLIDE_0070,1,landslide,75_36,3,75.23951793185356,36.85001556477779,Gilgit-Baltistan,conventional_alphaearth_embeddings,Conventional + AlphaEarth Embeddings,0.5926239202729925,0.37326188443582237,1
1873,CPEC_ROCKFALL_0487,1,rockfall,68_29,2,68.6795738444914,29.398492058183344,Balochistan,conventional_alphaearth_embeddings,Conventional + AlphaEarth Embeddings,0.6391546942587155,0.5868831590132428,1
1874,RMC_03_00416,0,non_landslide,75_36,3,75.04413594123969,36.87471951900121,raster-matched control,conventional_alphaearth_embeddings,Conventional + AlphaEarth Embeddings,0.08406892566650712,0.37326188443582237,0
1875,CPEC_LANDSLIDE_0203,1,landslide,74_36,2,74.30302644681096,36.1448399468827,Gilgit-Baltistan,conventional_alphaearth_embeddings,Conventional + AlphaEarth Embeddings,0.8325301698625989,0.5868831590132428,1
1876,RMC_03_00710,0,non_landslide,73_33,5,73.47657577045112,33.97316115129516,raster-matched control,conventional_alphaearth_embeddings,Conventional + AlphaEarth Embeddings,0.15675667457324913,0.28992385976630347,0
1877,CPEC_ROCKFALL_0658,1,rockfall,70_31,3,70.0203095946352,31.42643770807789,KP-AJK,conventional_alphaearth_embeddings,Conventional + AlphaEarth Embeddings,0.610333297596595,0.37326188443582237,1
1878,RMC_03_01010,0,non_landslide,71_35,2,71.66871626116058,35.41495718230699,raster-matched control,conventional_alphaearth_embeddings,Conventional + AlphaEarth Embeddings,0.2016134855641131,0.5868831590132428,0
1879,RMC_03_01286,0,non_landslide,73_35,4,73.48555892329232,35.560933415976415,raster-matched control,conventional_alphaearth_embeddings,Conventional + AlphaEarth Embeddings,0.18724174838186447,0.32933342149262645,0
1880,CPEC_ROCKFALL_0198,1,rockfall,65_26,3,65.53322322297788,26.42282244769257,Balochistan,conventional_alphaearth_embeddings,Conventional + AlphaEarth Embeddings,0.9810937181917152,0.37326188443582237,1
1881,CPEC_ROCKFALL_0901,1,rockfall,75_38,2,75.3720201196567,38.81507897161664,"Kashgar (Xinjiang, China)",conventional_alphaearth_embeddings,Conventional + AlphaEarth Embeddings,0.9840854465222684,0.5868831590132428,1
1882,CPEC_ROCKFALL_0604,1,rockfall,66_29,5,66.95031661956088,29.843158074334024,Balochistan,conventional_alphaearth_embeddings,Conventional + AlphaEarth Embeddings,0.9807666289788204,0.28992385976630347,1
1883,RMC_03_00916,0,non_landslide,71_35,2,71.75854778957253,35.52500080461163,raster-matched control,conventional_alphaearth_embeddings,Conventional + AlphaEarth Embeddings,0.11913667783084221,0.5868831590132428,0
1884,RMC_03_01314,0,non_landslide,73_35,4,73.3216163839405,35.50029713429834,raster-matched control,conventional_alphaearth_embeddings,Conventional + AlphaEarth Embeddings,0.09457346704352894,0.32933342149262645,0
1885,CPEC_ROCKFALL_0813,1,rockfall,75_35,1,75.81444320797749,35.338598803611255,Gilgit-Baltistan,conventional_alphaearth_embeddings,Conventional + AlphaEarth Embeddings,0.4375503985760184,0.31275142952145935,1
1886,RMC_03_00476,0,non_landslide,76_36,4,76.98225116672755,36.962305259202864,raster-matched control,conventional_alphaearth_embeddings,Conventional + AlphaEarth Embeddings,0.10528550788470807,0.32933342149262645,0
1887,CPEC_ROCKFALL_0376,1,rockfall,66_27,1,66.9929857575413,27.965675871285907,Balochistan,conventional_alphaearth_embeddings,Conventional + AlphaEarth Embeddings,0.44610627292375726,0.31275142952145935,1
1888,RMC_03_00586,0,non_landslide,75_40,1,75.51125988898183,40.00085670773715,raster-matched control,conventional_alphaearth_embeddings,Conventional + AlphaEarth Embeddings,0.24751386211920653,0.31275142952145935,0
1889,RMC_03_01449,0,non_landslide,65_28,2,65.92174423100595,28.00161030011064,raster-matched control,conventional_alphaearth_embeddings,Conventional + AlphaEarth Embeddings,0.12254995854107818,0.5868831590132428,0
1890,RMC_03_00866,0,non_landslide,75_38,2,75.15193377533402,38.74770688639042,raster-matched control,conventional_alphaearth_embeddings,Conventional + AlphaEarth Embeddings,0.40312391208793086,0.5868831590132428,0
1891,RMC_03_00861,0,non_landslide,75_40,1,75.3810041727845,40.506159055054376,raster-matched control,conventional_alphaearth_embeddings,Conventional + AlphaEarth Embeddings,0.1700307173203855,0.31275142952145935,0
1892,CPEC_ROCKFALL_0622,1,rockfall,67_30,3,67.20857883437435,30.274348687101185,Balochistan,conventional_alphaearth_embeddings,Conventional + AlphaEarth Embeddings,0.555373027727379,0.37326188443582237,1
1893,CPEC_LANDSLIDE_0711,1,landslide,70_29,4,70.02929022415682,29.53099424598649,Punjab-Sindh lowland corridor,conventional_alphaearth_embeddings,Conventional + AlphaEarth Embeddings,0.9738624081184267,0.32933342149262645,1
1894,CPEC_LANDSLIDE_0164,1,landslide,74_36,2,74.73646444650906,36.2369159245353,Gilgit-Baltistan,conventional_alphaearth_embeddings,Conventional + AlphaEarth Embeddings,0.9705534560570662,0.5868831590132428,1
1895,CPEC_LANDSLIDE_0458,1,landslide,75_38,2,75.00146436301429,38.70952759058053,"Kashgar (Xinjiang, China)",conventional_alphaearth_embeddings,Conventional + AlphaEarth Embeddings,0.9933563535746274,0.5868831590132428,1
1896,CPEC_LANDSLIDE_0549,1,landslide,75_38,2,75.38324813610927,38.81058865685582,"Kashgar (Xinjiang, China)",conventional_alphaearth_embeddings,Conventional + AlphaEarth Embeddings,0.8636524771428826,0.5868831590132428,1
1897,CPEC_ROCKFALL_0837,1,rockfall,74_36,2,74.50739150719146,36.245901013158,Gilgit-Baltistan,conventional_alphaearth_embeddings,Conventional + AlphaEarth Embeddings,0.9860244439007079,0.5868831590132428,1
1898,RMC_03_00116,0,non_landslide,77_37,2,77.55941873677435,37.17340935097096,raster-matched control,conventional_alphaearth_embeddings,Conventional + AlphaEarth Embeddings,0.09843621078513,0.5868831590132428,0
1899,RMC_03_00217,0,non_landslide,65_27,5,65.91051528995445,27.918516136329583,raster-matched control,conventional_alphaearth_embeddings,Conventional + AlphaEarth Embeddings,0.1801209544763803,0.28992385976630347,0
1900,RMC_03_00362,0,non_landslide,74_39,3,74.23340639732182,39.794244192389655,raster-matched control,conventional_alphaearth_embeddings,Conventional + AlphaEarth Embeddings,0.09035296409249319,0.37326188443582237,0
1901,CPEC_LANDSLIDE_0371,1,landslide,74_38,1,74.9857460318009,38.374907729327845,"Kashgar (Xinjiang, China)",conventional_alphaearth_embeddings,Conventional + AlphaEarth Embeddings,0.9726255152953229,0.31275142952145935,1
1902,CPEC_ROCKFALL_0867,1,rockfall,73_35,4,73.5776377238406,35.536230621401025,KP-AJK,conventional_alphaearth_embeddings,Conventional + AlphaEarth Embeddings,0.9744974514952963,0.32933342149262645,1
1903,CPEC_LANDSLIDE_0260,1,landslide,74_35,5,74.02454666782116,35.42618446650303,Gilgit-Baltistan,conventional_alphaearth_embeddings,Conventional + AlphaEarth Embeddings,0.9668641672577177,0.28992385976630347,1
1904,RMC_03_00928,0,non_landslide,77_37,2,77.30564466901058,37.51701494714667,raster-matched control,conventional_alphaearth_embeddings,Conventional + AlphaEarth Embeddings,0.13045130219002873,0.5868831590132428,0
1905,CPEC_LANDSLIDE_0896,1,landslide,76_35,2,76.08618082617448,35.181393195972014,Gilgit-Baltistan,conventional_alphaearth_embeddings,Conventional + AlphaEarth Embeddings,0.9809797012751083,0.5868831590132428,1
1906,CPEC_LANDSLIDE_0088,1,landslide,75_36,3,75.0261677828504,36.88370407323657,Gilgit-Baltistan,conventional_alphaearth_embeddings,Conventional + AlphaEarth Embeddings,0.7136794619172017,0.37326188443582237,1
1907,CPEC_ROCKFALL_0536,1,rockfall,67_29,1,67.92498692782308,29.694933096216428,Balochistan,conventional_alphaearth_embeddings,Conventional + AlphaEarth Embeddings,0.9875798602210369,0.31275142952145935,1
1908,RMC_03_01149,0,non_landslide,73_35,4,73.62255200412054,35.540721322083726,raster-matched control,conventional_alphaearth_embeddings,Conventional + AlphaEarth Embeddings,0.44909720062930897,0.32933342149262645,1
1909,RMC_03_01205,0,non_landslide,65_25,1,65.4433913422123,25.38975861153313,raster-matched control,conventional_alphaearth_embeddings,Conventional + AlphaEarth Embeddings,0.19902383947703545,0.31275142952145935,0
1910,CPEC_ROCKFALL_0857,1,rockfall,74_35,5,74.20645569529648,35.40372843359789,Gilgit-Baltistan,conventional_alphaearth_embeddings,Conventional + AlphaEarth Embeddings,0.983936411292071,0.28992385976630347,1
1911,RMC_03_01430,0,non_landslide,65_27,5,65.69042804534516,27.30541595491801,raster-matched control,conventional_alphaearth_embeddings,Conventional + AlphaEarth Embeddings,0.20179248405088154,0.28992385976630347,0
1912,CPEC_LANDSLIDE_0480,1,landslide,75_38,2,75.07557908162362,38.7454590268692,"Kashgar (Xinjiang, China)",conventional_alphaearth_embeddings,Conventional + AlphaEarth Embeddings,0.9788618984392783,0.5868831590132428,1
1913,RMC_03_01296,0,non_landslide,74_35,5,74.39510314846332,35.87309797720795,raster-matched control,conventional_alphaearth_embeddings,Conventional + AlphaEarth Embeddings,0.13961602379095503,0.28992385976630347,0
1914,RMC_03_00661,0,non_landslide,66_25,2,66.05199994720327,25.48857329278628,raster-matched control,conventional_alphaearth_embeddings,Conventional + AlphaEarth Embeddings,0.25031120233624604,0.5868831590132428,0
1915,RMC_03_00758,0,non_landslide,74_36,2,74.74769189748024,36.346959289580994,raster-matched control,conventional_alphaearth_embeddings,Conventional + AlphaEarth Embeddings,0.20402736027052354,0.5868831590132428,0
1916,RMC_03_01477,0,non_landslide,75_38,2,75.5629130178187,38.996989377733584,raster-matched control,conventional_alphaearth_embeddings,Conventional + AlphaEarth Embeddings,0.10719936496546062,0.5868831590132428,0
1917,CPEC_LANDSLIDE_0551,1,landslide,75_38,2,75.38324813610927,38.81058865685582,"Kashgar (Xinjiang, China)",conventional_alphaearth_embeddings,Conventional + AlphaEarth Embeddings,0.8636524771428826,0.5868831590132428,1
1918,CPEC_ROCKFALL_0448,1,rockfall,69_28,1,69.17813701507508,28.83479925761304,Balochistan,conventional_alphaearth_embeddings,Conventional + AlphaEarth Embeddings,0.9550849904485932,0.31275142952145935,1
1919,RMC_03_01033,0,non_landslide,65_26,3,65.30639826138406,26.45875379963536,raster-matched control,conventional_alphaearth_embeddings,Conventional + AlphaEarth Embeddings,0.0847437418776187,0.37326188443582237,0
1920,RMC_03_00657,0,non_landslide,65_26,3,65.29516932033258,26.66761210319315,raster-matched control,conventional_alphaearth_embeddings,Conventional + AlphaEarth Embeddings,0.12395305502597082,0.37326188443582237,0
1921,RMC_03_01367,0,non_landslide,66_29,5,66.43153815474376,29.72862143383042,raster-matched control,conventional_alphaearth_embeddings,Conventional + AlphaEarth Embeddings,0.17539154041364022,0.28992385976630347,0
1922,RMC_03_01192,0,non_landslide,67_28,4,67.24002191045133,28.31377486134217,raster-matched control,conventional_alphaearth_embeddings,Conventional + AlphaEarth Embeddings,0.10545131869770177,0.32933342149262645,0
1923,RMC_03_00164,0,non_landslide,76_38,3,76.18499635207147,38.130115128558245,raster-matched control,conventional_alphaearth_embeddings,Conventional + AlphaEarth Embeddings,0.09109296940464882,0.37326188443582237,0
1924,CPEC_LANDSLIDE_0112,1,landslide,74_36,2,74.85099645706681,36.81408412848913,Gilgit-Baltistan,conventional_alphaearth_embeddings,Conventional + AlphaEarth Embeddings,0.8134035772731173,0.5868831590132428,1
1925,CPEC_ROCKFALL_0387,1,rockfall,66_27,1,66.93459382924642,27.6804628497054,Balochistan,conventional_alphaearth_embeddings,Conventional + AlphaEarth Embeddings,0.9813677488046684,0.31275142952145935,1
1926,RMC_03_00091,0,non_landslide,73_35,4,73.35081163067439,35.49805134608805,raster-matched control,conventional_alphaearth_embeddings,Conventional + AlphaEarth Embeddings,0.07948228633347128,0.32933342149262645,0
1927,RMC_03_00124,0,non_landslide,71_35,2,71.6350294380061,35.79000381342689,raster-matched control,conventional_alphaearth_embeddings,Conventional + AlphaEarth Embeddings,0.08801168229391557,0.5868831590132428,0
1928,CPEC_ROCKFALL_0380,1,rockfall,67_27,2,67.00196638706294,27.954447854833333,Balochistan,conventional_alphaearth_embeddings,Conventional + AlphaEarth Embeddings,0.9561186449912559,0.5868831590132428,1
1929,CPEC_ROCKFALL_0609,1,rockfall,67_30,3,67.26921814960016,30.0722265545506,Balochistan,conventional_alphaearth_embeddings,Conventional + AlphaEarth Embeddings,0.9557738726057569,0.37326188443582237,1
1930,RMC_03_00670,0,non_landslide,72_32,2,72.70851620252893,32.7626813059441,raster-matched control,conventional_alphaearth_embeddings,Conventional + AlphaEarth Embeddings,0.467510882929131,0.5868831590132428,0
1931,CPEC_ROCKFALL_0080,1,rockfall,65_28,2,65.96216644881412,28.15432260045299,Balochistan,conventional_alphaearth_embeddings,Conventional + AlphaEarth Embeddings,0.9851532515956762,0.5868831590132428,1
1932,RMC_03_00572,0,non_landslide,75_39,4,75.50676831256123,39.98289040205476,raster-matched control,conventional_alphaearth_embeddings,Conventional + AlphaEarth Embeddings,0.11622071090953877,0.32933342149262645,0
1933,RMC_03_01079,0,non_landslide,69_28,1,69.07932245468606,28.994248689062708,raster-matched control,conventional_alphaearth_embeddings,Conventional + AlphaEarth Embeddings,0.12712202905965675,0.31275142952145935,0
1934,RMC_03_00323,0,non_landslide,63_25,4,63.12798369739423,25.926501993794545,raster-matched control,conventional_alphaearth_embeddings,Conventional + AlphaEarth Embeddings,0.11396613305949661,0.32933342149262645,0
1935,CPEC_ROCKFALL_0565,1,rockfall,67_29,1,67.55892594504255,29.656754272996825,Balochistan,conventional_alphaearth_embeddings,Conventional + AlphaEarth Embeddings,0.8067860151713098,0.31275142952145935,1
1936,RMC_03_01451,0,non_landslide,78_39,2,78.04900056661948,39.94471200247968,raster-matched control,conventional_alphaearth_embeddings,Conventional + AlphaEarth Embeddings,0.09953146901613043,0.5868831590132428,0
1937,RMC_03_01187,0,non_landslide,69_31,2,69.95967143312319,31.368046827348547,raster-matched control,conventional_alphaearth_embeddings,Conventional + AlphaEarth Embeddings,0.11806445603025939,0.5868831590132428,0
1938,RMC_03_00526,0,non_landslide,74_36,2,74.22666903269092,36.14034677423351,raster-matched control,conventional_alphaearth_embeddings,Conventional + AlphaEarth Embeddings,0.12990570090718753,0.5868831590132428,0
1939,CPEC_LANDSLIDE_0734,1,landslide,70_31,3,70.02255252246509,31.43092802283872,KP-AJK,conventional_alphaearth_embeddings,Conventional + AlphaEarth Embeddings,0.9905287062782338,0.37326188443582237,1
1940,CPEC_ROCKFALL_0513,1,rockfall,67_29,1,67.89129841936429,29.67022967638034,Balochistan,conventional_alphaearth_embeddings,Conventional + AlphaEarth Embeddings,0.9858851475770677,0.31275142952145935,1
1941,CPEC_LANDSLIDE_0080,1,landslide,75_36,3,75.11375344574219,36.86573835509224,Gilgit-Baltistan,conventional_alphaearth_embeddings,Conventional + AlphaEarth Embeddings,0.9850334375542048,0.37326188443582237,1
1942,CPEC_LANDSLIDE_0672,1,landslide,66_25,2,66.05648981339765,25.495311592171618,Balochistan,conventional_alphaearth_embeddings,Conventional + AlphaEarth Embeddings,0.5124514798255436,0.5868831590132428,0
1943,CPEC_LANDSLIDE_0521,1,landslide,75_38,2,75.27769675507317,38.78588523701974,"Kashgar (Xinjiang, China)",conventional_alphaearth_embeddings,Conventional + AlphaEarth Embeddings,0.9481755607110935,0.5868831590132428,1
1944,RMC_03_01479,0,non_landslide,71_35,2,71.7967261891476,35.572162357027906,raster-matched control,conventional_alphaearth_embeddings,Conventional + AlphaEarth Embeddings,0.14775034753453506,0.5868831590132428,0
1945,CPEC_LANDSLIDE_0324,1,landslide,75_36,3,75.55617653406297,36.91289780783348,"Kashgar (Xinjiang, China)",conventional_alphaearth_embeddings,Conventional + AlphaEarth Embeddings,0.5306938787181062,0.37326188443582237,1
1946,RMC_03_00325,0,non_landslide,66_25,2,66.99073941910817,25.29992708312118,raster-matched control,conventional_alphaearth_embeddings,Conventional + AlphaEarth Embeddings,0.08225611483949373,0.5868831590132428,0
1947,CPEC_LANDSLIDE_0849,1,landslide,73_34,2,73.44962585079827,34.39761700380784,KP-AJK,conventional_alphaearth_embeddings,Conventional + AlphaEarth Embeddings,0.17052625381285888,0.5868831590132428,0
1948,RMC_03_00970,0,non_landslide,75_36,3,75.05087330587058,36.86124478973942,raster-matched control,conventional_alphaearth_embeddings,Conventional + AlphaEarth Embeddings,0.057189529121384745,0.37326188443582237,0
1949,RMC_03_00099,0,non_landslide,75_35,1,75.34282577320943,35.59686602734119,raster-matched control,conventional_alphaearth_embeddings,Conventional + AlphaEarth Embeddings,0.6865367335811233,0.31275142952145935,1
1950,RMC_03_00686,0,non_landslide,73_33,5,73.5012794407644,33.7059123542696,raster-matched control,conventional_alphaearth_embeddings,Conventional + AlphaEarth Embeddings,0.13834306331689775,0.28992385976630347,0
1951,RMC_03_01030,0,non_landslide,63_27,3,63.54345451629951,27.08083713388813,raster-matched control,conventional_alphaearth_embeddings,Conventional + AlphaEarth Embeddings,0.08815205203744204,0.37326188443582237,0
1952,RMC_03_00543,0,non_landslide,75_38,2,75.04189015302939,38.45350863084127,raster-matched control,conventional_alphaearth_embeddings,Conventional + AlphaEarth Embeddings,0.20019649844995838,0.5868831590132428,0
1953,RMC_03_00507,0,non_landslide,73_35,4,73.28119219615512,35.48682240503655,raster-matched control,conventional_alphaearth_embeddings,Conventional + AlphaEarth Embeddings,0.21714349405297043,0.32933342149262645,0
1954,CPEC_ROCKFALL_0826,1,rockfall,74_35,5,74.70277593805028,35.54521125092267,Gilgit-Baltistan,conventional_alphaearth_embeddings,Conventional + AlphaEarth Embeddings,0.965998874700637,0.28992385976630347,1
1955,RMC_03_00979,0,non_landslide,73_35,4,73.01843497555016,35.105038409285754,raster-matched control,conventional_alphaearth_embeddings,Conventional + AlphaEarth Embeddings,0.17430921524784085,0.32933342149262645,0
1956,CPEC_ROCKFALL_0945,1,rockfall,75_38,2,75.51350739608255,38.94084345772803,"Kashgar (Xinjiang, China)",conventional_alphaearth_embeddings,Conventional + AlphaEarth Embeddings,0.9296855077902012,0.5868831590132428,1
1957,RMC_03_01304,0,non_landslide,74_35,5,74.6376482751756,35.61034075660299,raster-matched control,conventional_alphaearth_embeddings,Conventional + AlphaEarth Embeddings,0.22330790746804996,0.28992385976630347,0
1958,RMC_03_01166,0,non_landslide,73_35,4,73.27445483152422,35.47783925219536,raster-matched control,conventional_alphaearth_embeddings,Conventional + AlphaEarth Embeddings,0.08621865223566652,0.32933342149262645,0
1959,RMC_03_00130,0,non_landslide,76_35,2,76.53758510108838,35.165674690963826,raster-matched control,conventional_alphaearth_embeddings,Conventional + AlphaEarth Embeddings,0.8134937620132089,0.5868831590132428,1
1960,CPEC_ROCKFALL_0215,1,rockfall,65_26,3,65.67021572554187,26.26561684005334,Balochistan,conventional_alphaearth_embeddings,Conventional + AlphaEarth Embeddings,0.9713177165936354,0.37326188443582237,1
1961,CPEC_LANDSLIDE_0717,1,landslide,66_29,5,66.90315270771858,29.97566026213717,Balochistan,conventional_alphaearth_embeddings,Conventional + AlphaEarth Embeddings,0.27892667272940125,0.28992385976630347,0
1962,CPEC_LANDSLIDE_0062,1,landslide,75_36,3,75.3338412964371,36.82082183018088,Gilgit-Baltistan,conventional_alphaearth_embeddings,Conventional + AlphaEarth Embeddings,0.3163888116381621,0.37326188443582237,0
1963,CPEC_LANDSLIDE_0264,1,landslide,73_35,4,73.8718358340438,35.48008608003709,Gilgit-Baltistan,conventional_alphaearth_embeddings,Conventional + AlphaEarth Embeddings,0.9672345418530178,0.32933342149262645,1
1964,RMC_03_00723,0,non_landslide,77_40,3,77.70090339402316,40.85425622765069,raster-matched control,conventional_alphaearth_embeddings,Conventional + AlphaEarth Embeddings,0.10258807298255727,0.37326188443582237,0
1965,CPEC_LANDSLIDE_0280,1,landslide,73_35,4,73.53496412675912,35.52500260494845,KP-AJK,conventional_alphaearth_embeddings,Conventional + AlphaEarth Embeddings,0.9692334297097056,0.32933342149262645,1
1966,RMC_03_01382,0,non_landslide,68_30,4,68.87944730396947,30.355196344503785,raster-matched control,conventional_alphaearth_embeddings,Conventional + AlphaEarth Embeddings,0.42674097365127417,0.32933342149262645,1
1967,RMC_03_00849,0,non_landslide,76_34,5,76.62741662950033,34.92986692888245,raster-matched control,conventional_alphaearth_embeddings,Conventional + AlphaEarth Embeddings,0.1448962666515938,0.28992385976630347,0
1968,CPEC_LANDSLIDE_0846,1,landslide,73_34,2,73.4541161655591,34.39087930211608,KP-AJK,conventional_alphaearth_embeddings,Conventional + AlphaEarth Embeddings,0.9909314597620068,0.5868831590132428,1
1969,RMC_03_00081,0,non_landslide,72_34,1,72.79610194273057,34.03828900939382,raster-matched control,conventional_alphaearth_embeddings,Conventional + AlphaEarth Embeddings,0.12421413419805344,0.31275142952145935,0
1970,RMC_03_00371,0,non_landslide,66_26,4,66.44276709579526,26.714773655609424,raster-matched control,conventional_alphaearth_embeddings,Conventional + AlphaEarth Embeddings,0.09765203681762273,0.32933342149262645,0
1971,CPEC_ROCKFALL_0208,1,rockfall,65_26,3,65.692671758447,26.294810574650256,Balochistan,conventional_alphaearth_embeddings,Conventional + AlphaEarth Embeddings,0.9880047824556554,0.37326188443582237,1
1972,RMC_03_00524,0,non_landslide,73_35,4,73.84713082515042,35.48457661682625,raster-matched control,conventional_alphaearth_embeddings,Conventional + AlphaEarth Embeddings,0.14095395844637654,0.32933342149262645,0
1973,CPEC_ROCKFALL_0866,1,rockfall,73_35,4,73.59560344198493,35.53847354923092,KP-AJK,conventional_alphaearth_embeddings,Conventional + AlphaEarth Embeddings,0.9737705023962183,0.32933342149262645,1
1974,CPEC_LANDSLIDE_0182,1,landslide,74_36,2,74.35468067341408,36.2616193443714,Gilgit-Baltistan,conventional_alphaearth_embeddings,Conventional + AlphaEarth Embeddings,0.722037713510274,0.5868831590132428,1
1975,CPEC_ROCKFALL_0374,1,rockfall,66_27,1,66.98849544278048,27.95893816959414,Balochistan,conventional_alphaearth_embeddings,Conventional + AlphaEarth Embeddings,0.9223424359426995,0.31275142952145935,1
1976,RMC_03_01091,0,non_landslide,67_29,1,67.16591089951147,29.816207174032076,raster-matched control,conventional_alphaearth_embeddings,Conventional + AlphaEarth Embeddings,0.5217846758090601,0.31275142952145935,1
1977,RMC_03_01058,0,non_landslide,65_26,3,65.87009110216907,26.17353869692741,raster-matched control,conventional_alphaearth_embeddings,Conventional + AlphaEarth Embeddings,0.14705759122776219,0.37326188443582237,0
1978,CPEC_ROCKFALL_0441,1,rockfall,70_29,4,70.03602792584859,29.54895996413082,Punjab-Sindh lowland corridor,conventional_alphaearth_embeddings,Conventional + AlphaEarth Embeddings,0.9649078648907508,0.32933342149262645,1
1979,CPEC_ROCKFALL_0460,1,rockfall,69_28,1,69.18038440200601,28.85950267744912,Balochistan,conventional_alphaearth_embeddings,Conventional + AlphaEarth Embeddings,0.47622310981713506,0.31275142952145935,1
1980,CPEC_LANDSLIDE_1011,1,landslide,74_35,5,74.68930053466677,35.55194895261443,Gilgit-Baltistan,conventional_alphaearth_embeddings,Conventional + AlphaEarth Embeddings,0.9828256621386185,0.28992385976630347,1
1981,RMC_03_00147,0,non_landslide,72_36,5,72.89716241219402,36.625437027658045,raster-matched control,conventional_alphaearth_embeddings,Conventional + AlphaEarth Embeddings,0.6920585496064264,0.28992385976630347,1
1982,CPEC_ROCKFALL_0436,1,rockfall,70_29,4,70.03153761108777,29.539974875508133,Punjab-Sindh lowland corridor,conventional_alphaearth_embeddings,Conventional + AlphaEarth Embeddings,0.9570703862912818,0.32933342149262645,1
1983,RMC_03_00508,0,non_landslide,73_35,4,73.41593948877305,35.52949238103223,raster-matched control,conventional_alphaearth_embeddings,Conventional + AlphaEarth Embeddings,0.7720712100964162,0.32933342149262645,1
1984,CPEC_ROCKFALL_0668,1,rockfall,69_30,5,69.15568098216993,30.44727262595381,Balochistan,conventional_alphaearth_embeddings,Conventional + AlphaEarth Embeddings,0.9718644773755776,0.28992385976630347,1
1985,RMC_03_01200,0,non_landslide,65_25,1,65.44114555400199,25.544717998043748,raster-matched control,conventional_alphaearth_embeddings,Conventional + AlphaEarth Embeddings,0.2396981345176416,0.31275142952145935,0
1986,RMC_03_00772,0,non_landslide,74_35,5,74.55455411139454,35.92699689425512,raster-matched control,conventional_alphaearth_embeddings,Conventional + AlphaEarth Embeddings,0.12285332306548698,0.28992385976630347,0
1987,CPEC_LANDSLIDE_0161,1,landslide,74_36,2,74.66459711483067,36.33572960387966,Gilgit-Baltistan,conventional_alphaearth_embeddings,Conventional + AlphaEarth Embeddings,0.10245170723781102,0.5868831590132428,0
1988,RMC_03_00580,0,non_landslide,75_38,2,75.09803485828685,38.74321530996982,raster-matched control,conventional_alphaearth_embeddings,Conventional + AlphaEarth Embeddings,0.07606223717618553,0.5868831590132428,0
1989,CPEC_LANDSLIDE_0902,1,landslide,76_35,2,76.09740884262706,35.1858879698339,Gilgit-Baltistan,conventional_alphaearth_embeddings,Conventional + AlphaEarth Embeddings,0.6938057954519417,0.5868831590132428,1
1990,CPEC_ROCKFALL_0444,1,rockfall,69_28,1,69.18038440200601,28.828061555921288,Balochistan,conventional_alphaearth_embeddings,Conventional + AlphaEarth Embeddings,0.23266615304074015,0.31275142952145935,0
1991,CPEC_ROCKFALL_0316,1,rockfall,66_27,1,66.59098887937105,27.918516418544662,Balochistan,conventional_alphaearth_embeddings,Conventional + AlphaEarth Embeddings,0.11821507708469499,0.31275142952145935,0
1992,CPEC_ROCKFALL_0807,1,rockfall,75_35,1,75.47981888762375,35.40597582052882,Gilgit-Baltistan,conventional_alphaearth_embeddings,Conventional + AlphaEarth Embeddings,0.5305778835282488,0.31275142952145935,1
1993,CPEC_LANDSLIDE_0735,1,landslide,70_31,3,70.02929022415682,31.439913111461408,KP-AJK,conventional_alphaearth_embeddings,Conventional + AlphaEarth Embeddings,0.8134292428679514,0.37326188443582237,1
1994,CPEC_LANDSLIDE_0118,1,landslide,74_36,2,74.83303073892249,36.75344481326332,Gilgit-Baltistan,conventional_alphaearth_embeddings,Conventional + AlphaEarth Embeddings,0.33374430413676454,0.5868831590132428,0
1995,CPEC_LANDSLIDE_0318,1,landslide,75_36,3,75.46410055641036,36.838787548325215,"Kashgar (Xinjiang, China)",conventional_alphaearth_embeddings,Conventional + AlphaEarth Embeddings,0.13974979513950286,0.37326188443582237,0
1996,RMC_03_01292,0,non_landslide,73_35,4,73.8718344954637,35.491313981457154,raster-matched control,conventional_alphaearth_embeddings,Conventional + AlphaEarth Embeddings,0.8479334769747164,0.32933342149262645,1
1997,CPEC_ROCKFALL_0470,1,rockfall,69_29,3,69.16017129693074,29.077343141213124,Balochistan,conventional_alphaearth_embeddings,Conventional + AlphaEarth Embeddings,0.9866288797679613,0.37326188443582237,1
1998,RMC_03_01279,0,non_landslide,74_35,5,74.73197138000815,35.855131671525555,raster-matched control,conventional_alphaearth_embeddings,Conventional + AlphaEarth Embeddings,0.12989989325091375,0.28992385976630347,0
1999,CPEC_LANDSLIDE_0316,1,landslide,72_34,1,72.96453808359811,34.71876146167701,KP-AJK,conventional_alphaearth_embeddings,Conventional + AlphaEarth Embeddings,0.9847283837913253,0.31275142952145935,1
2000,CPEC_ROCKFALL_0823,1,rockfall,75_35,1,75.98736714683012,35.19936337321741,Gilgit-Baltistan,conventional_alphaearth_embeddings,Conventional + AlphaEarth Embeddings,0.9578988798410158,0.31275142952145935,1
2001,CPEC_LANDSLIDE_0146,1,landslide,74_36,2,74.85324384399776,36.340219918640486,Gilgit-Baltistan,conventional_alphaearth_embeddings,Conventional + AlphaEarth Embeddings,0.9727459492491679,0.5868831590132428,1
2002,CPEC_LANDSLIDE_0897,1,landslide,76_35,2,76.09291852786625,35.181393195972014,Gilgit-Baltistan,conventional_alphaearth_embeddings,Conventional + AlphaEarth Embeddings,0.9811255396247031,0.5868831590132428,1
2003,RMC_03_00840,0,non_landslide,71_33,3,71.51375687464996,33.7104039306902,raster-matched control,conventional_alphaearth_embeddings,Conventional + AlphaEarth Embeddings,0.1031270684113534,0.37326188443582237,0
2004,CPEC_LANDSLIDE_0645,1,landslide,65_27,5,65.72636026690579,27.20660309895781,Balochistan,conventional_alphaearth_embeddings,Conventional + AlphaEarth Embeddings,0.9873288001567536,0.28992385976630347,1
2005,CPEC_LANDSLIDE_0877,1,landslide,73_34,2,73.48331435925707,34.38189421349339,KP-AJK,conventional_alphaearth_embeddings,Conventional + AlphaEarth Embeddings,0.3057679968636758,0.5868831590132428,0
2006,CPEC_LANDSLIDE_0503,1,landslide,75_38,2,75.18562077742055,38.74770641380013,"Kashgar (Xinjiang, China)",conventional_alphaearth_embeddings,Conventional + AlphaEarth Embeddings,0.9588763319730679,0.5868831590132428,1
2007,RMC_03_00429,0,non_landslide,74_36,2,74.99248281240281,36.86798215437032,raster-matched control,conventional_alphaearth_embeddings,Conventional + AlphaEarth Embeddings,0.9021606414834823,0.5868831590132428,1
2008,RMC_03_00078,0,non_landslide,61_25,2,61.980385921931536,25.52899748057165,raster-matched control,conventional_alphaearth_embeddings,Conventional + AlphaEarth Embeddings,0.7306612167439243,0.5868831590132428,1
2009,RMC_03_01117,0,non_landslide,71_33,3,71.2487538658347,33.41171409872046,raster-matched control,conventional_alphaearth_embeddings,Conventional + AlphaEarth Embeddings,0.07989780823895588,0.37326188443582237,0
2010,CPEC_ROCKFALL_0358,1,rockfall,66_27,1,66.51687861986278,27.743345092761096,Balochistan,conventional_alphaearth_embeddings,Conventional + AlphaEarth Embeddings,0.31149699721768276,0.31275142952145935,0
2011,RMC_03_01494,0,non_landslide,74_35,5,74.54781674676364,35.47559346398506,raster-matched control,conventional_alphaearth_embeddings,Conventional + AlphaEarth Embeddings,0.039813347226884836,0.28992385976630347,0
2012,RMC_03_00095,0,non_landslide,74_36,2,74.30078004363078,36.00110790519498,raster-matched control,conventional_alphaearth_embeddings,Conventional + AlphaEarth Embeddings,0.11187944201808292,0.5868831590132428,0
2013,CPEC_LANDSLIDE_0852,1,landslide,73_34,2,73.44288814910652,34.39761700380784,KP-AJK,conventional_alphaearth_embeddings,Conventional + AlphaEarth Embeddings,0.9826973113844697,0.5868831590132428,1
2014,CPEC_LANDSLIDE_0491,1,landslide,75_38,2,75.09129741283702,38.75444411549189,"Kashgar (Xinjiang, China)",conventional_alphaearth_embeddings,Conventional + AlphaEarth Embeddings,0.9759786866725453,0.5868831590132428,1
2015,RMC_03_00296,0,non_landslide,65_27,5,65.50851920031096,27.008971911158568,raster-matched control,conventional_alphaearth_embeddings,Conventional + AlphaEarth Embeddings,0.12385874038888298,0.28992385976630347,0
2016,RMC_03_01237,0,non_landslide,68_29,2,68.64363954188809,29.33111692060753,raster-matched control,conventional_alphaearth_embeddings,Conventional + AlphaEarth Embeddings,0.6396517293297388,0.5868831590132428,1
2017,CPEC_LANDSLIDE_0304,1,landslide,72_35,3,72.96453808359811,35.07359888710602,KP-AJK,conventional_alphaearth_embeddings,Conventional + AlphaEarth Embeddings,0.9897565988021104,0.37326188443582237,1
2018,CPEC_ROCKFALL_0586,1,rockfall,67_29,1,67.48481122643322,29.53323717381637,Balochistan,conventional_alphaearth_embeddings,Conventional + AlphaEarth Embeddings,0.9795912212639887,0.31275142952145935,1
2019,CPEC_ROCKFALL_0059,1,rockfall,65_27,5,65.14694913512209,27.41096815933829,Balochistan,conventional_alphaearth_embeddings,Conventional + AlphaEarth Embeddings,0.9696294202828065,0.28992385976630347,1
2020,RMC_03_00768,0,non_landslide,73_35,4,73.22729327910795,35.65525652080896,raster-matched control,conventional_alphaearth_embeddings,Conventional + AlphaEarth Embeddings,0.34356676646002293,0.32933342149262645,1
2021,RMC_03_00542,0,non_landslide,75_38,2,75.03515278839848,38.424313384107386,raster-matched control,conventional_alphaearth_embeddings,Conventional + AlphaEarth Embeddings,0.09143081327584959,0.5868831590132428,0
2022,RMC_03_00677,0,non_landslide,73_33,5,73.48331313508201,33.98663588055695,raster-matched control,conventional_alphaearth_embeddings,Conventional + AlphaEarth Embeddings,0.07055341972032883,0.28992385976630347,0
2023,CPEC_LANDSLIDE_0151,1,landslide,74_36,2,74.78587128618125,36.299798167591,Gilgit-Baltistan,conventional_alphaearth_embeddings,Conventional + AlphaEarth Embeddings,0.9893644295429411,0.5868831590132428,1
2024,CPEC_LANDSLIDE_0523,1,landslide,75_38,2,75.29117215845667,38.79037555178056,"Kashgar (Xinjiang, China)",conventional_alphaearth_embeddings,Conventional + AlphaEarth Embeddings,0.07736457399687041,0.5868831590132428,0
2025,RMC_03_01395,0,non_landslide,74_39,3,74.95430441282772,39.63030165303785,raster-matched control,conventional_alphaearth_embeddings,Conventional + AlphaEarth Embeddings,0.07667437530444626,0.37326188443582237,0
2026,RMC_03_00342,0,non_landslide,65_29,4,65.96216841879132,29.04814760610988,raster-matched control,conventional_alphaearth_embeddings,Conventional + AlphaEarth Embeddings,0.10598031082716179,0.32933342149262645,0
2027,RMC_03_00520,0,non_landslide,74_36,2,74.30302583184107,36.176279385598285,raster-matched control,conventional_alphaearth_embeddings,Conventional + AlphaEarth Embeddings,0.11811613355858608,0.5868831590132428,0
2028,RMC_03_00931,0,non_landslide,72_36,5,72.91512871787641,36.346959289580994,raster-matched control,conventional_alphaearth_embeddings,Conventional + AlphaEarth Embeddings,0.9099649205901196,0.28992385976630347,1
2029,CPEC_ROCKFALL_0608,1,rockfall,66_29,5,66.94357891786912,29.8319255987804,Balochistan,conventional_alphaearth_embeddings,Conventional + AlphaEarth Embeddings,0.8585936136317454,0.28992385976630347,1
2030,RMC_03_00841,0,non_landslide,72_32,2,72.48393738149905,32.5852640373305,raster-matched control,conventional_alphaearth_embeddings,Conventional + AlphaEarth Embeddings,0.27491600336715993,0.5868831590132428,0
2031,RMC_03_00477,0,non_landslide,76_36,4,76.98000537851725,36.96455104741317,raster-matched control,conventional_alphaearth_embeddings,Conventional + AlphaEarth Embeddings,0.09022636791200765,0.32933342149262645,0
2032,CPEC_ROCKFALL_0645,1,rockfall,68_30,4,68.35617754059024,30.121633394222773,Balochistan,conventional_alphaearth_embeddings,Conventional + AlphaEarth Embeddings,0.4478336503715763,0.32933342149262645,1
2033,RMC_03_01221,0,non_landslide,70_29,4,70.01581613838066,29.647773058259663,raster-matched control,conventional_alphaearth_embeddings,Conventional + AlphaEarth Embeddings,0.09678182667909058,0.32933342149262645,0
2034,RMC_03_01470,0,non_landslide,76_39,5,76.887928061895,39.86610941511922,raster-matched control,conventional_alphaearth_embeddings,Conventional + AlphaEarth Embeddings,0.11527892252297663,0.28992385976630347,0
2035,RMC_03_00437,0,non_landslide,74_36,2,74.90938864862176,36.78937956700986,raster-matched control,conventional_alphaearth_embeddings,Conventional + AlphaEarth Embeddings,0.11175353531220089,0.5868831590132428,0
2036,RMC_03_00256,0,non_landslide,67_29,1,67.26247979255433,29.571416259109505,raster-matched control,conventional_alphaearth_embeddings,Conventional + AlphaEarth Embeddings,0.08366084081477498,0.31275142952145935,0
2037,RMC_03_00301,0,non_landslide,69_32,4,69.92823039817901,32.12712324242954,raster-matched control,conventional_alphaearth_embeddings,Conventional + AlphaEarth Embeddings,0.12271861350614749,0.32933342149262645,0
2038,CPEC_ROCKFALL_0332,1,rockfall,66_25,2,66.86048356973815,25.07759192368692,Balochistan,conventional_alphaearth_embeddings,Conventional + AlphaEarth Embeddings,0.9814716740399567,0.5868831590132428,1
2039,CPEC_ROCKFALL_0489,1,rockfall,68_29,2,68.67732645756048,29.40298237294417,Balochistan,conventional_alphaearth_embeddings,Conventional + AlphaEarth Embeddings,0.970339171500487,0.5868831590132428,1
2040,RMC_03_01299,0,non_landslide,71_34,5,71.25324544225529,34.0854505618101,raster-matched control,conventional_alphaearth_embeddings,Conventional + AlphaEarth Embeddings,0.060276484699481166,0.28992385976630347,0
2041,RMC_03_00178,0,non_landslide,62_26,5,62.66759711428297,26.151080814824425,raster-matched control,conventional_alphaearth_embeddings,Conventional + AlphaEarth Embeddings,0.11165876382896946,0.28992385976630347,0
2042,CPEC_LANDSLIDE_0552,1,landslide,75_38,2,75.38324813610927,38.80834126992488,"Kashgar (Xinjiang, China)",conventional_alphaearth_embeddings,Conventional + AlphaEarth Embeddings,0.3647137813096337,0.5868831590132428,0
2043,RMC_03_01468,0,non_landslide,76_39,5,76.52186458361629,39.83915995659564,raster-matched control,conventional_alphaearth_embeddings,Conventional + AlphaEarth Embeddings,0.0989652840610033,0.28992385976630347,0
2044,RMC_03_00019,0,non_landslide,74_39,3,74.12785435143778,39.79873576881025,raster-matched control,conventional_alphaearth_embeddings,Conventional + AlphaEarth Embeddings,0.06608234658230663,0.37326188443582237,0
2045,CPEC_LANDSLIDE_0084,1,landslide,75_36,3,75.06210367824012,36.84327786308605,Gilgit-Baltistan,conventional_alphaearth_embeddings,Conventional + AlphaEarth Embeddings,0.9666677116286504,0.37326188443582237,1
2046,RMC_03_00459,0,non_landslide,74_36,2,74.88243919009817,36.47496921756802,raster-matched control,conventional_alphaearth_embeddings,Conventional + AlphaEarth Embeddings,0.1306770379784063,0.5868831590132428,0
2047,RMC_03_01008,0,non_landslide,74_35,5,74.6196819694932,35.7765290841651,raster-matched control,conventional_alphaearth_embeddings,Conventional + AlphaEarth Embeddings,0.16951731426248054,0.28992385976630347,0
2048,CPEC_LANDSLIDE_0130,1,landslide,74_36,2,74.82180272246991,36.585011189171496,Gilgit-Baltistan,conventional_alphaearth_embeddings,Conventional + AlphaEarth Embeddings,0.938470221608631,0.5868831590132428,1
2049,RMC_03_00391,0,non_landslide,74_38,1,74.99248281240281,38.37715183169112,raster-matched control,conventional_alphaearth_embeddings,Conventional + AlphaEarth Embeddings,0.09010312859217681,0.31275142952145935,0
2050,CPEC_LANDSLIDE_0349,1,landslide,75_37,5,75.27769675507317,37.8853251882658,"Kashgar (Xinjiang, China)",conventional_alphaearth_embeddings,Conventional + AlphaEarth Embeddings,0.9508840916963035,0.28992385976630347,1
2051,RMC_03_01482,0,non_landslide,75_39,4,75.45062360730377,39.43716386695215,raster-matched control,conventional_alphaearth_embeddings,Conventional + AlphaEarth Embeddings,0.09378805439874896,0.32933342149262645,0
2052,CPEC_LANDSLIDE_0944,1,landslide,72_35,3,72.39635050916593,35.491314096489674,KP-AJK,conventional_alphaearth_embeddings,Conventional + AlphaEarth Embeddings,0.7634888309659684,0.37326188443582237,1
2053,CPEC_ROCKFALL_0003,1,rockfall,73_34,2,73.46983895587354,34.40659763332948,KP-AJK,conventional_alphaearth_embeddings,Conventional + AlphaEarth Embeddings,0.8599224500763757,0.5868831590132428,1
2054,RMC_03_00373,0,non_landslide,71_35,2,71.6125715559031,35.765300143113606,raster-matched control,conventional_alphaearth_embeddings,Conventional + AlphaEarth Embeddings,0.24312797186637228,0.5868831590132428,0
2055,CPEC_LANDSLIDE_0225,1,landslide,74_35,5,74.4894257890471,35.91352407973519,Gilgit-Baltistan,conventional_alphaearth_embeddings,Conventional + AlphaEarth Embeddings,0.4424510532225518,0.28992385976630347,1
2056,RMC_03_00443,0,non_landslide,74_36,2,74.84875236694369,36.30653510179562,raster-matched control,conventional_alphaearth_embeddings,Conventional + AlphaEarth Embeddings,0.07759403374470535,0.5868831590132428,0
2057,RMC_03_01283,0,non_landslide,73_35,4,73.73708720284577,35.502542922508646,raster-matched control,conventional_alphaearth_embeddings,Conventional + AlphaEarth Embeddings,0.06499412630252124,0.32933342149262645,0
2058,RMC_03_00673,0,non_landslide,70_33,2,70.68730681326,33.45438407471613,raster-matched control,conventional_alphaearth_embeddings,Conventional + AlphaEarth Embeddings,0.42406709664085235,0.5868831590132428,0
2059,CPEC_LANDSLIDE_0727,1,landslide,69_30,5,69.1197450867802,30.921136835802454,Balochistan,conventional_alphaearth_embeddings,Conventional + AlphaEarth Embeddings,0.9815352721227151,0.28992385976630347,1
2060,CPEC_LANDSLIDE_0383,1,landslide,75_38,2,75.02167746808956,38.54109396648872,"Kashgar (Xinjiang, China)",conventional_alphaearth_embeddings,Conventional + AlphaEarth Embeddings,0.9921713458078502,0.5868831590132428,1
2061,RMC_03_01282,0,non_landslide,73_35,4,73.41369370056275,35.50029713429834,raster-matched control,conventional_alphaearth_embeddings,Conventional + AlphaEarth Embeddings,0.12558831533807915,0.32933342149262645,0
2062,RMC_03_00956,0,non_landslide,75_36,3,75.30015579721375,36.83204954300554,raster-matched control,conventional_alphaearth_embeddings,Conventional + AlphaEarth Embeddings,0.06996238430493396,0.37326188443582237,0
2063,RMC_03_00552,0,non_landslide,74_39,3,74.2356521855321,39.79199840417936,raster-matched control,conventional_alphaearth_embeddings,Conventional + AlphaEarth Embeddings,0.08740143474701323,0.37326188443582237,0
2064,RMC_03_00267,0,non_landslide,65_26,3,65.91500686637504,26.395871729746997,raster-matched control,conventional_alphaearth_embeddings,Conventional + AlphaEarth Embeddings,0.7274403565430066,0.37326188443582237,1
2065,RMC_03_01344,0,non_landslide,75_40,1,75.36752944352271,40.14458715319627,raster-matched control,conventional_alphaearth_embeddings,Conventional + AlphaEarth Embeddings,0.18600694369424872,0.31275142952145935,0
2066,RMC_03_00118,0,non_landslide,67_28,4,67.09853725320251,28.628185210784004,raster-matched control,conventional_alphaearth_embeddings,Conventional + AlphaEarth Embeddings,0.11520467951234062,0.32933342149262645,0
2067,CPEC_LANDSLIDE_0894,1,landslide,73_34,2,73.47881958539519,34.411087948090305,KP-AJK,conventional_alphaearth_embeddings,Conventional + AlphaEarth Embeddings,0.9891995153651496,0.5868831590132428,1
2068,CPEC_ROCKFALL_0206,1,rockfall,65_26,3,65.692671758447,26.29705796158119,Balochistan,conventional_alphaearth_embeddings,Conventional + AlphaEarth Embeddings,0.9903862741693285,0.37326188443582237,1
2069,CPEC_ROCKFALL_0799,1,rockfall,72_35,3,72.56029381849693,35.52275521801752,KP-AJK,conventional_alphaearth_embeddings,Conventional + AlphaEarth Embeddings,0.9790040598754537,0.37326188443582237,1
2070,RMC_03_00086,0,non_landslide,71_33,3,71.94943978744793,33.719387083531394,raster-matched control,conventional_alphaearth_embeddings,Conventional + AlphaEarth Embeddings,0.2552437140085194,0.37326188443582237,0
2071,RMC_03_00479,0,non_landslide,74_36,2,74.6443856398065,36.3402219249501,raster-matched control,conventional_alphaearth_embeddings,Conventional + AlphaEarth Embeddings,0.07787396689099418,0.5868831590132428,0
2072,CPEC_LANDSLIDE_0102,1,landslide,74_36,2,74.97451801534832,36.82755953187264,Gilgit-Baltistan,conventional_alphaearth_embeddings,Conventional + AlphaEarth Embeddings,0.914906975535697,0.5868831590132428,1
2073,RMC_03_01006,0,non_landslide,72_35,3,72.51537841644323,35.12525050317844,raster-matched control,conventional_alphaearth_embeddings,Conventional + AlphaEarth Embeddings,0.1076568199471966,0.37326188443582237,0
2074,CPEC_ROCKFALL_0864,1,rockfall,73_35,4,73.84263764034584,35.489066709558735,Gilgit-Baltistan,conventional_alphaearth_embeddings,Conventional + AlphaEarth Embeddings,0.9733494195726561,0.32933342149262645,1
2075,RMC_03_00357,0,non_landslide,67_29,1,67.41743917906494,29.61857781152578,raster-matched control,conventional_alphaearth_embeddings,Conventional + AlphaEarth Embeddings,0.08454312387607105,0.31275142952145935,0
2076,RMC_03_00764,0,non_landslide,74_36,2,74.78137872063472,36.24814460832785,raster-matched control,conventional_alphaearth_embeddings,Conventional + AlphaEarth Embeddings,0.7022879200000487,0.5868831590132428,1
2077,RMC_03_00139,0,non_landslide,75_38,2,75.61905772307617,38.84427577943326,raster-matched control,conventional_alphaearth_embeddings,Conventional + AlphaEarth Embeddings,0.12350438768387334,0.5868831590132428,0
2078,CPEC_ROCKFALL_0843,1,rockfall,74_36,2,74.3120070763326,36.29530785283018,Gilgit-Baltistan,conventional_alphaearth_embeddings,Conventional + AlphaEarth Embeddings,0.976445050260196,0.5868831590132428,1
2079,CPEC_ROCKFALL_0911,1,rockfall,75_38,2,75.419184031499,38.81732635854758,"Kashgar (Xinjiang, China)",conventional_alphaearth_embeddings,Conventional + AlphaEarth Embeddings,0.9887776823194993,0.5868831590132428,1
2080,RMC_03_01245,0,non_landslide,68_30,4,68.37189916844193,30.680835634997116,raster-matched control,conventional_alphaearth_embeddings,Conventional + AlphaEarth Embeddings,0.08841467597864805,0.32933342149262645,0
2081,CPEC_LANDSLIDE_0216,1,landslide,74_35,5,74.2042127674666,35.96742123416819,Gilgit-Baltistan,conventional_alphaearth_embeddings,Conventional + AlphaEarth Embeddings,0.9564906578957311,0.28992385976630347,1
2082,CPEC_LANDSLIDE_0474,1,landslide,75_38,2,75.07557908162362,38.75219672856095,"Kashgar (Xinjiang, China)",conventional_alphaearth_embeddings,Conventional + AlphaEarth Embeddings,0.7992967066202723,0.5868831590132428,1
2083,RMC_03_00043,0,non_landslide,68_30,4,68.6369021772572,30.20922011083437,raster-matched control,conventional_alphaearth_embeddings,Conventional + AlphaEarth Embeddings,0.24797075474602226,0.32933342149262645,0
2084,RMC_03_00440,0,non_landslide,74_36,2,74.94082968356594,36.78937956700986,raster-matched control,conventional_alphaearth_embeddings,Conventional + AlphaEarth Embeddings,0.07285021842591508,0.5868831590132428,0
2085,CPEC_ROCKFALL_0612,1,rockfall,67_30,3,67.26921814960016,30.08121164317328,Balochistan,conventional_alphaearth_embeddings,Conventional + AlphaEarth Embeddings,0.07058528166177963,0.37326188443582237,0
2086,CPEC_LANDSLIDE_0138,1,landslide,74_36,2,74.85099645706681,36.52437633304675,Gilgit-Baltistan,conventional_alphaearth_embeddings,Conventional + AlphaEarth Embeddings,0.9861440621585107,0.5868831590132428,1
2087,RMC_03_00718,0,non_landslide,73_33,5,73.48555892329232,33.908033293196496,raster-matched control,conventional_alphaearth_embeddings,Conventional + AlphaEarth Embeddings,0.5016258014626745,0.28992385976630347,1
2088,RMC_03_00910,0,non_landslide,66_28,3,66.09691571140925,28.31602064955247,raster-matched control,conventional_alphaearth_embeddings,Conventional + AlphaEarth Embeddings,0.08625432933941284,0.37326188443582237,0
2089,RMC_03_01171,0,non_landslide,73_35,4,73.21606433805646,35.33410880673623,raster-matched control,conventional_alphaearth_embeddings,Conventional + AlphaEarth Embeddings,0.22671098643375429,0.32933342149262645,0
2090,CPEC_ROCKFALL_0234,1,rockfall,66_26,4,66.18674907337092,26.184768878853315,Balochistan,conventional_alphaearth_embeddings,Conventional + AlphaEarth Embeddings,0.9701058043934397,0.32933342149262645,1
2091,RMC_03_00068,0,non_landslide,66_27,1,66.44950446042616,27.610843151518647,raster-matched control,conventional_alphaearth_embeddings,Conventional + AlphaEarth Embeddings,0.5016195970538566,0.31275142952145935,1
2092,CPEC_LANDSLIDE_0122,1,landslide,74_36,2,74.91387870012251,36.79611841034479,Gilgit-Baltistan,conventional_alphaearth_embeddings,Conventional + AlphaEarth Embeddings,0.9788435775221385,0.5868831590132428,1
2093,CPEC_LANDSLIDE_0889,1,landslide,73_34,2,73.48555728708695,34.4110879480903,KP-AJK,conventional_alphaearth_embeddings,Conventional + AlphaEarth Embeddings,0.9310715314829028,0.5868831590132428,1
2094,CPEC_ROCKFALL_0950,1,rockfall,75_38,2,75.49778460576809,38.94758115941979,"Kashgar (Xinjiang, China)",conventional_alphaearth_embeddings,Conventional + AlphaEarth Embeddings,0.5642411576525502,0.5868831590132428,0
2095,CPEC_ROCKFALL_0698,1,rockfall,72_32,2,72.45474243746081,32.59424506026799,Punjab-Sindh lowland corridor,conventional_alphaearth_embeddings,Conventional + AlphaEarth Embeddings,0.9882308639631531,0.5868831590132428,1
2096,CPEC_ROCKFALL_0357,1,rockfall,66_27,1,66.51238830510198,27.76355819783636,Balochistan,conventional_alphaearth_embeddings,Conventional + AlphaEarth Embeddings,0.9846454366301437,0.31275142952145935,1
2097,RMC_03_00485,0,non_landslide,74_36,2,74.31874634931316,36.26161933758964,raster-matched control,conventional_alphaearth_embeddings,Conventional + AlphaEarth Embeddings,0.3082093566268093,0.5868831590132428,0
2098,RMC_03_01336,0,non_landslide,75_37,5,75.22829057448418,37.81795056732671,raster-matched control,conventional_alphaearth_embeddings,Conventional + AlphaEarth Embeddings,0.08093030031458583,0.28992385976630347,0
2099,RMC_03_01174,0,non_landslide,71_35,2,71.74282727210044,35.650764944388364,raster-matched control,conventional_alphaearth_embeddings,Conventional + AlphaEarth Embeddings,0.08652201430124445,0.5868831590132428,0
2100,RMC_03_00889,0,non_landslide,77_37,2,77.13271897681757,37.35980977242576,raster-matched control,conventional_alphaearth_embeddings,Conventional + AlphaEarth Embeddings,0.08721080553011457,0.5868831590132428,0
2101,RMC_03_00506,0,non_landslide,74_36,2,74.29179689078958,36.17403359738799,raster-matched control,conventional_alphaearth_embeddings,Conventional + AlphaEarth Embeddings,0.07095696369305947,0.5868831590132428,0
2102,RMC_03_00334,0,non_landslide,71_35,2,71.76303936599312,35.54296711029402,raster-matched control,conventional_alphaearth_embeddings,Conventional + AlphaEarth Embeddings,0.120651682797161,0.5868831590132428,0
2103,RMC_03_01417,0,non_landslide,76_39,5,76.32872679753059,39.78076946312787,raster-matched control,conventional_alphaearth_embeddings,Conventional + AlphaEarth Embeddings,0.10747113936314978,0.28992385976630347,0
2104,RMC_03_00203,0,non_landslide,69_31,2,69.33534231066012,31.81046710477741,raster-matched control,conventional_alphaearth_embeddings,Conventional + AlphaEarth Embeddings,0.20283419054949714,0.5868831590132428,0
2105,CPEC_LANDSLIDE_0163,1,landslide,74_36,2,74.81506502077815,36.24365362622706,Gilgit-Baltistan,conventional_alphaearth_embeddings,Conventional + AlphaEarth Embeddings,0.9126742980966034,0.5868831590132428,1
2106,RMC_03_00125,0,non_landslide,67_30,3,67.59036487125795,30.445027872915738,raster-matched control,conventional_alphaearth_embeddings,Conventional + AlphaEarth Embeddings,0.049036402918837665,0.37326188443582237,0
2107,RMC_03_00688,0,non_landslide,73_33,5,73.46085525297903,33.97989851592605,raster-matched control,conventional_alphaearth_embeddings,Conventional + AlphaEarth Embeddings,0.09104411493461197,0.28992385976630347,0
2108,RMC_03_01231,0,non_landslide,70_31,3,70.17077552489127,31.12550170063628,raster-matched control,conventional_alphaearth_embeddings,Conventional + AlphaEarth Embeddings,0.21646879596866264,0.37326188443582237,0
2109,CPEC_LANDSLIDE_0698,1,landslide,66_27,1,66.55505744308238,27.608595518027013,Balochistan,conventional_alphaearth_embeddings,Conventional + AlphaEarth Embeddings,0.9083366804431964,0.31275142952145935,1
2110,CPEC_ROCKFALL_0426,1,rockfall,70_29,4,70.02255252246509,29.515271455672043,Punjab-Sindh lowland corridor,conventional_alphaearth_embeddings,Conventional + AlphaEarth Embeddings,0.9467313130397295,0.32933342149262645,1
2111,CPEC_ROCKFALL_0224,1,rockfall,65_26,3,65.70390423400063,26.306038591102823,Balochistan,conventional_alphaearth_embeddings,Conventional + AlphaEarth Embeddings,0.9692840101864156,0.37326188443582237,1
2112,CPEC_LANDSLIDE_0900,1,landslide,76_35,2,76.09516591479718,35.181393195972014,Gilgit-Baltistan,conventional_alphaearth_embeddings,Conventional + AlphaEarth Embeddings,0.9788798805390715,0.5868831590132428,1
2113,RMC_03_00240,0,non_landslide,68_30,4,68.79410735197811,30.20023695799317,raster-matched control,conventional_alphaearth_embeddings,Conventional + AlphaEarth Embeddings,0.11164252931093006,0.32933342149262645,0
2114,CPEC_ROCKFALL_0416,1,rockfall,70_29,4,70.0203095946352,29.508533753980288,Punjab-Sindh lowland corridor,conventional_alphaearth_embeddings,Conventional + AlphaEarth Embeddings,0.9432541406020324,0.32933342149262645,1
2115,RMC_03_00999,0,non_landslide,68_28,5,68.28206764002998,28.98077395980092,raster-matched control,conventional_alphaearth_embeddings,Conventional + AlphaEarth Embeddings,0.13020933469645388,0.28992385976630347,0
2116,RMC_03_00759,0,non_landslide,74_36,2,74.75667505032143,36.32674719568831,raster-matched control,conventional_alphaearth_embeddings,Conventional + AlphaEarth Embeddings,0.08138313386711535,0.5868831590132428,0
2117,RMC_03_01170,0,non_landslide,73_35,4,73.1329701742754,35.2083446669595,raster-matched control,conventional_alphaearth_embeddings,Conventional + AlphaEarth Embeddings,0.10729963331253793,0.32933342149262645,0
2118,CPEC_ROCKFALL_0306,1,rockfall,66_27,1,66.54607235445968,27.63554632479404,Balochistan,conventional_alphaearth_embeddings,Conventional + AlphaEarth Embeddings,0.23077344340830477,0.31275142952145935,0
2119,RMC_03_00226,0,non_landslide,66_27,1,66.43602973116437,27.516520046686097,raster-matched control,conventional_alphaearth_embeddings,Conventional + AlphaEarth Embeddings,0.0850026718657763,0.31275142952145935,0
2120,RMC_03_00556,0,non_landslide,75_38,2,75.0171864827161,38.72300321607713,raster-matched control,conventional_alphaearth_embeddings,Conventional + AlphaEarth Embeddings,0.08705243143229931,0.5868831590132428,0
2121,CPEC_LANDSLIDE_0046,1,landslide,74_35,5,74.95205752334212,35.6350443007454,Gilgit-Baltistan,conventional_alphaearth_embeddings,Conventional + AlphaEarth Embeddings,0.9542426189874316,0.28992385976630347,1
2122,RMC_03_00941,0,non_landslide,75_38,2,75.67071085191304,38.73647794533892,raster-matched control,conventional_alphaearth_embeddings,Conventional + AlphaEarth Embeddings,0.14338646215236428,0.5868831590132428,0
2123,RMC_03_01124,0,non_landslide,69_32,4,69.9349677628099,32.140597971691335,raster-matched control,conventional_alphaearth_embeddings,Conventional + AlphaEarth Embeddings,0.1979052875838696,0.32933342149262645,0
2124,CPEC_LANDSLIDE_0590,1,landslide,66_27,1,66.91213779634127,27.88707529701681,Balochistan,conventional_alphaearth_embeddings,Conventional + AlphaEarth Embeddings,0.9794286081920914,0.31275142952145935,1
2125,RMC_03_00158,0,non_landslide,76_37,1,76.74868919285647,37.13073937497528,raster-matched control,conventional_alphaearth_embeddings,Conventional + AlphaEarth Embeddings,0.17242634121974884,0.31275142952145935,0
2126,RMC_03_00299,0,non_landslide,67_29,1,67.55443225989318,29.48832209532845,raster-matched control,conventional_alphaearth_embeddings,Conventional + AlphaEarth Embeddings,0.2925201495912495,0.31275142952145935,0
2127,CPEC_ROCKFALL_0961,1,rockfall,75_38,2,75.48655658931551,38.98126966787858,"Kashgar (Xinjiang, China)",conventional_alphaearth_embeddings,Conventional + AlphaEarth Embeddings,0.9718705800831107,0.5868831590132428,1
2128,CPEC_ROCKFALL_0877,1,rockfall,74_38,1,74.93409180519778,38.28282729257419,"Kashgar (Xinjiang, China)",conventional_alphaearth_embeddings,Conventional + AlphaEarth Embeddings,0.9848826406328577,0.31275142952145935,1
2129,RMC_03_00286,0,non_landslide,67_26,5,67.65549272935661,26.202733943661297,raster-matched control,conventional_alphaearth_embeddings,Conventional + AlphaEarth Embeddings,0.05790160718942991,0.28992385976630347,0
2130,RMC_03_01348,0,non_landslide,77_36,5,77.52573191361986,36.29306037253382,raster-matched control,conventional_alphaearth_embeddings,Conventional + AlphaEarth Embeddings,0.09249612362896475,0.28992385976630347,0
2131,RMC_03_01179,0,non_landslide,66_26,4,66.15081462845642,26.256632860708468,raster-matched control,conventional_alphaearth_embeddings,Conventional + AlphaEarth Embeddings,0.11093214501754818,0.32933342149262645,0
2132,CPEC_LANDSLIDE_0021,1,landslide,74_39,3,74.45124696582751,39.37203407049518,"Kashgar (Xinjiang, China)",conventional_alphaearth_embeddings,Conventional + AlphaEarth Embeddings,0.9389741226433699,0.37326188443582237,1
2133,RMC_03_01136,0,non_landslide,73_35,4,73.63153515696173,35.53173816924253,raster-matched control,conventional_alphaearth_embeddings,Conventional + AlphaEarth Embeddings,0.9082743644020547,0.32933342149262645,1
2134,RMC_03_00527,0,non_landslide,73_35,4,73.84937661336072,35.540721322083726,raster-matched control,conventional_alphaearth_embeddings,Conventional + AlphaEarth Embeddings,0.0612117380454399,0.32933342149262645,0
2135,RMC_03_01228,0,non_landslide,68_29,2,68.35842443918014,29.59387414121249,raster-matched control,conventional_alphaearth_embeddings,Conventional + AlphaEarth Embeddings,0.20829588509159863,0.5868831590132428,0
2136,CPEC_LANDSLIDE_0755,1,landslide,72_32,2,72.48618355898866,32.62344325396595,Punjab-Sindh lowland corridor,conventional_alphaearth_embeddings,Conventional + AlphaEarth Embeddings,0.9784271423008116,0.5868831590132428,1
2137,RMC_03_00512,0,non_landslide,74_36,2,74.55455411139454,36.24814460832785,raster-matched control,conventional_alphaearth_embeddings,Conventional + AlphaEarth Embeddings,0.07501563177615975,0.5868831590132428,0
2138,CPEC_ROCKFALL_0936,1,rockfall,75_38,2,75.50003199269902,38.92287773958369,"Kashgar (Xinjiang, China)",conventional_alphaearth_embeddings,Conventional + AlphaEarth Embeddings,0.9857742747542843,0.5868831590132428,1
2139,RMC_03_00581,0,non_landslide,75_39,4,75.52698040645393,39.96941567279296,raster-matched control,conventional_alphaearth_embeddings,Conventional + AlphaEarth Embeddings,0.09767942918784844,0.32933342149262645,0
2140,CPEC_ROCKFALL_0558,1,rockfall,67_29,1,67.68918074591475,29.59387202994113,Balochistan,conventional_alphaearth_embeddings,Conventional + AlphaEarth Embeddings,0.9236309087884048,0.31275142952145935,1
2141,RMC_03_00218,0,non_landslide,66_27,1,66.5662854473617,27.943219806642876,raster-matched control,conventional_alphaearth_embeddings,Conventional + AlphaEarth Embeddings,0.16442224483337595,0.31275142952145935,0
2142,CPEC_ROCKFALL_0399,1,rockfall,67_25,3,67.88680810460349,25.868110276643904,Punjab-Sindh lowland corridor,conventional_alphaearth_embeddings,Conventional + AlphaEarth Embeddings,0.4426195869933576,0.37326188443582237,1
2143,RMC_03_01339,0,non_landslide,75_40,1,75.32935104394763,40.20971501129494,raster-matched control,conventional_alphaearth_embeddings,Conventional + AlphaEarth Embeddings,0.08994549503366363,0.31275142952145935,0
2144,RMC_03_01167,0,non_landslide,74_35,5,74.56129147602543,35.47334767577476,raster-matched control,conventional_alphaearth_embeddings,Conventional + AlphaEarth Embeddings,0.03857257261780966,0.28992385976630347,0
2145,RMC_03_00855,0,non_landslide,74_36,2,74.57027462886663,36.272848278641135,raster-matched control,conventional_alphaearth_embeddings,Conventional + AlphaEarth Embeddings,0.08474255498127298,0.5868831590132428,0
2146,CPEC_ROCKFALL_0307,1,rockfall,66_27,1,66.55281005615144,27.61982799358065,Balochistan,conventional_alphaearth_embeddings,Conventional + AlphaEarth Embeddings,0.5457702091633662,0.31275142952145935,1
2147,CPEC_LANDSLIDE_0113,1,landslide,74_36,2,74.83976844061424,36.80285611203655,Gilgit-Baltistan,conventional_alphaearth_embeddings,Conventional + AlphaEarth Embeddings,0.09442136512822955,0.5868831590132428,0
2148,RMC_03_00745,0,non_landslide,74_35,5,74.74095453284934,35.50029713429834,raster-matched control,conventional_alphaearth_embeddings,Conventional + AlphaEarth Embeddings,0.18429935123622562,0.28992385976630347,0
2149,RMC_03_00212,0,non_landslide,69_32,4,69.95517985670259,32.29331156999165,raster-matched control,conventional_alphaearth_embeddings,Conventional + AlphaEarth Embeddings,0.06221451200199239,0.32933342149262645,0
2150,CPEC_LANDSLIDE_0238,1,landslide,74_36,2,74.50065380549968,36.257129029610574,Gilgit-Baltistan,conventional_alphaearth_embeddings,Conventional + AlphaEarth Embeddings,0.7872708351864188,0.5868831590132428,1
2151,CPEC_LANDSLIDE_0092,1,landslide,74_36,2,74.96553292672563,36.897179476620096,Gilgit-Baltistan,conventional_alphaearth_embeddings,Conventional + AlphaEarth Embeddings,0.663398959113579,0.5868831590132428,1
2152,RMC_03_01372,0,non_landslide,74_35,5,74.633156698755,35.704663861435534,raster-matched control,conventional_alphaearth_embeddings,Conventional + AlphaEarth Embeddings,0.054508711220631806,0.28992385976630347,0
2153,CPEC_LANDSLIDE_0032,1,landslide,75_38,2,75.92448490377443,38.43554258545259,"Kashgar (Xinjiang, China)",conventional_alphaearth_embeddings,Conventional + AlphaEarth Embeddings,0.9584668744870245,0.5868831590132428,1
2154,RMC_03_00884,0,non_landslide,75_38,2,75.29117264437255,38.7836394977552,raster-matched control,conventional_alphaearth_embeddings,Conventional + AlphaEarth Embeddings,0.07075933365774008,0.5868831590132428,0
2155,CPEC_LANDSLIDE_0883,1,landslide,73_34,2,73.48106697232612,34.39985993163772,KP-AJK,conventional_alphaearth_embeddings,Conventional + AlphaEarth Embeddings,0.9267230644554676,0.5868831590132428,1
2156,RMC_03_00367,0,non_landslide,76_37,1,76.00084171882698,37.065611516876615,raster-matched control,conventional_alphaearth_embeddings,Conventional + AlphaEarth Embeddings,0.3956973968658967,0.31275142952145935,1
2157,CPEC_LANDSLIDE_0746,1,landslide,70_29,4,70.09217246721252,29.95769008489178,Punjab-Sindh lowland corridor,conventional_alphaearth_embeddings,Conventional + AlphaEarth Embeddings,0.5473900125317295,0.32933342149262645,1
2158,CPEC_LANDSLIDE_0271,1,landslide,73_35,4,73.65848568504063,35.52275521801752,KP-AJK,conventional_alphaearth_embeddings,Conventional + AlphaEarth Embeddings,0.9722201174903692,0.32933342149262645,1
2159,RMC_03_01320,0,non_landslide,73_35,4,73.3171248075199,35.502542922508646,raster-matched control,conventional_alphaearth_embeddings,Conventional + AlphaEarth Embeddings,0.11740429485183601,0.32933342149262645,0
2160,CPEC_LANDSLIDE_1082,1,landslide,74_36,2,74.84425875537507,36.223440521151794,Gilgit-Baltistan,conventional_alphaearth_embeddings,Conventional + AlphaEarth Embeddings,0.9824925600310681,0.5868831590132428,1
2161,RMC_03_00356,0,non_landslide,67_29,1,67.37027762664867,29.742096163092214,raster-matched control,conventional_alphaearth_embeddings,Conventional + AlphaEarth Embeddings,0.09297308905019169,0.31275142952145935,0
2162,RMC_03_01102,0,non_landslide,67_30,3,67.88905470322769,30.74371770488548,raster-matched control,conventional_alphaearth_embeddings,Conventional + AlphaEarth Embeddings,0.1543996492665582,0.37326188443582237,0
2163,RMC_03_00346,0,non_landslide,71_34,5,71.33409381782606,34.175282090222055,raster-matched control,conventional_alphaearth_embeddings,Conventional + AlphaEarth Embeddings,0.06377886920662411,0.28992385976630347,0
2164,RMC_03_01328,0,non_landslide,75_37,5,75.45511518372436,37.19811302128424,raster-matched control,conventional_alphaearth_embeddings,Conventional + AlphaEarth Embeddings,0.21213332650987715,0.28992385976630347,0
2165,CPEC_ROCKFALL_0543,1,rockfall,67_29,1,67.93172462951483,29.703918184839125,Balochistan,conventional_alphaearth_embeddings,Conventional + AlphaEarth Embeddings,0.894437654259133,0.31275142952145935,1
2166,CPEC_LANDSLIDE_0240,1,landslide,74_36,2,74.54557033041104,36.26835704606316,Gilgit-Baltistan,conventional_alphaearth_embeddings,Conventional + AlphaEarth Embeddings,0.10907250837981522,0.5868831590132428,0
2167,RMC_03_00850,0,non_landslide,75_37,5,75.41918257235957,37.8471458140606,raster-matched control,conventional_alphaearth_embeddings,Conventional + AlphaEarth Embeddings,0.9168919931698567,0.28992385976630347,1
2168,RMC_03_01277,0,non_landslide,73_35,4,73.21157276163586,35.432923487989385,raster-matched control,conventional_alphaearth_embeddings,Conventional + AlphaEarth Embeddings,0.6122399346447481,0.32933342149262645,1
2169,CPEC_ROCKFALL_0619,1,rockfall,67_30,3,67.20633590654447,30.276591614931068,Balochistan,conventional_alphaearth_embeddings,Conventional + AlphaEarth Embeddings,0.964404857766143,0.37326188443582237,1
2170,RMC_03_00374,0,non_landslide,76_37,1,76.62067926486944,37.78201795596193,raster-matched control,conventional_alphaearth_embeddings,Conventional + AlphaEarth Embeddings,0.26294998220684,0.31275142952145935,0
2171,RMC_03_00697,0,non_landslide,73_33,5,73.44513473550693,33.96193221024367,raster-matched control,conventional_alphaearth_embeddings,Conventional + AlphaEarth Embeddings,0.11988287680308338,0.28992385976630347,0
2172,RMC_03_00835,0,non_landslide,69_31,2,69.5621669199003,31.99911331444251,raster-matched control,conventional_alphaearth_embeddings,Conventional + AlphaEarth Embeddings,0.06679814242469975,0.5868831590132428,0
2173,CPEC_ROCKFALL_0574,1,rockfall,67_29,1,67.21981130992799,29.47035493076068,Balochistan,conventional_alphaearth_embeddings,Conventional + AlphaEarth Embeddings,0.9680237790132158,0.31275142952145935,1
2174,RMC_03_00162,0,non_landslide,66_28,3,66.7616690216577,28.670855186779683,raster-matched control,conventional_alphaearth_embeddings,Conventional + AlphaEarth Embeddings,0.133286344786423,0.37326188443582237,0
2175,CPEC_LANDSLIDE_0081,1,landslide,75_36,3,75.10028250145972,36.86573835509224,Gilgit-Baltistan,conventional_alphaearth_embeddings,Conventional + AlphaEarth Embeddings,0.9801727396339929,0.37326188443582237,1
2176,CPEC_LANDSLIDE_0857,1,landslide,73_34,2,73.44064522127664,34.4043547054996,KP-AJK,conventional_alphaearth_embeddings,Conventional + AlphaEarth Embeddings,0.9434911536032751,0.5868831590132428,1
2177,CPEC_ROCKFALL_0308,1,rockfall,66_27,1,66.55281005615144,27.613090291888884,Balochistan,conventional_alphaearth_embeddings,Conventional + AlphaEarth Embeddings,0.8713472442643563,0.31275142952145935,1
2178,RMC_03_01104,0,non_landslide,68_30,4,68.01481884300442,30.653886176473527,raster-matched control,conventional_alphaearth_embeddings,Conventional + AlphaEarth Embeddings,0.08315284457873096,0.32933342149262645,0
2179,RMC_03_01085,0,non_landslide,66_26,4,66.83128845617695,26.54633953983701,raster-matched control,conventional_alphaearth_embeddings,Conventional + AlphaEarth Embeddings,0.13896396163576272,0.32933342149262645,0
2180,CPEC_LANDSLIDE_0534,1,landslide,75_38,2,75.35854471627319,38.80834126992488,"Kashgar (Xinjiang, China)",conventional_alphaearth_embeddings,Conventional + AlphaEarth Embeddings,0.8321169149660966,0.5868831590132428,1
2181,CPEC_LANDSLIDE_0303,1,landslide,72_35,3,72.93309696207027,35.04215776557818,KP-AJK,conventional_alphaearth_embeddings,Conventional + AlphaEarth Embeddings,0.561603299704051,0.37326188443582237,1
2182,CPEC_ROCKFALL_0797,1,rockfall,76_35,2,76.0839378983446,35.18364058290297,Gilgit-Baltistan,conventional_alphaearth_embeddings,Conventional + AlphaEarth Embeddings,0.9282619649838586,0.5868831590132428,1
2183,RMC_03_00395,0,non_landslide,75_37,5,75.15417956354432,37.94820628352405,raster-matched control,conventional_alphaearth_embeddings,Conventional + AlphaEarth Embeddings,0.09585813190398614,0.28992385976630347,0
2184,CPEC_ROCKFALL_0092,1,rockfall,65_27,5,65.72636026690579,27.278465971535148,Balochistan,conventional_alphaearth_embeddings,Conventional + AlphaEarth Embeddings,0.9841516098372094,0.28992385976630347,1
2185,CPEC_ROCKFALL_0456,1,rockfall,69_28,1,69.1826273298359,28.85950267744913,Balochistan,conventional_alphaearth_embeddings,Conventional + AlphaEarth Embeddings,0.6447224009718505,0.31275142952145935,1
2186,CPEC_ROCKFALL_0860,1,rockfall,74_35,5,74.18624704932226,35.39923811883707,Gilgit-Baltistan,conventional_alphaearth_embeddings,Conventional + AlphaEarth Embeddings,0.9736397226084174,0.28992385976630347,1
2187,RMC_03_00761,0,non_landslide,74_36,2,74.8173113319995,36.56480074597998,raster-matched control,conventional_alphaearth_embeddings,Conventional + AlphaEarth Embeddings,0.2691210984606349,0.5868831590132428,0
2188,CPEC_ROCKFALL_0281,1,rockfall,66_27,1,66.28780568054516,27.188632921712426,Balochistan,conventional_alphaearth_embeddings,Conventional + AlphaEarth Embeddings,0.9795167086374839,0.31275142952145935,1
2189,CPEC_ROCKFALL_0449,1,rockfall,69_28,1,69.17588962814415,28.83704218544292,Balochistan,conventional_alphaearth_embeddings,Conventional + AlphaEarth Embeddings,0.9223492037460653,0.31275142952145935,1
2190,CPEC_LANDSLIDE_0350,1,landslide,75_37,5,75.28443445676491,37.88307780133486,"Kashgar (Xinjiang, China)",conventional_alphaearth_embeddings,Conventional + AlphaEarth Embeddings,0.9384279478742386,0.28992385976630347,1
2191,CPEC_ROCKFALL_0876,1,rockfall,74_38,1,74.92960149043698,38.2805843647443,"Kashgar (Xinjiang, China)",conventional_alphaearth_embeddings,Conventional + AlphaEarth Embeddings,0.982956270043928,0.31275142952145935,1
2192,CPEC_ROCKFALL_0511,1,rockfall,67_29,1,67.89354580629524,29.663491974688583,Balochistan,conventional_alphaearth_embeddings,Conventional + AlphaEarth Embeddings,0.9393408071020934,0.31275142952145935,1
2193,CPEC_LANDSLIDE_0212,1,landslide,74_35,5,74.29404135818827,35.90229160418156,Gilgit-Baltistan,conventional_alphaearth_embeddings,Conventional + AlphaEarth Embeddings,0.9746481040862468,0.28992385976630347,1
2194,RMC_03_00598,0,non_landslide,75_38,2,75.24850266837687,38.756690039231614,raster-matched control,conventional_alphaearth_embeddings,Conventional + AlphaEarth Embeddings,0.07849251657513412,0.5868831590132428,0
2195,RMC_03_00109,0,non_landslide,76_37,1,76.34669310321298,37.959435224575536,raster-matched control,conventional_alphaearth_embeddings,Conventional + AlphaEarth Embeddings,0.2967679608181249,0.31275142952145935,0
2196,RMC_03_00905,0,non_landslide,77_37,2,77.40445935026372,37.90104473110777,raster-matched control,conventional_alphaearth_embeddings,Conventional + AlphaEarth Embeddings,0.1193764216708151,0.5868831590132428,0
2197,CPEC_ROCKFALL_0071,1,rockfall,63_26,1,63.96341899261753,26.07697011088626,Balochistan,conventional_alphaearth_embeddings,Conventional + AlphaEarth Embeddings,0.9694160079258536,0.31275142952145935,1
2198,CPEC_LANDSLIDE_0043,1,landslide,75_35,1,75.12947623605662,35.60360317921754,Gilgit-Baltistan,conventional_alphaearth_embeddings,Conventional + AlphaEarth Embeddings,0.9786145221001412,0.31275142952145935,1
2199,CPEC_LANDSLIDE_0710,1,landslide,67_26,5,67.17713771284652,26.82032455200096,Punjab-Sindh lowland corridor,conventional_alphaearth_embeddings,Conventional + AlphaEarth Embeddings,0.8397072596428626,0.28992385976630347,1
2200,CPEC_ROCKFALL_0951,1,rockfall,75_38,2,75.49553721883716,38.9453382315899,"Kashgar (Xinjiang, China)",conventional_alphaearth_embeddings,Conventional + AlphaEarth Embeddings,0.8823326854292558,0.5868831590132428,1
2201,RMC_03_00185,0,non_landslide,66_26,4,66.29454507391554,26.986514029055577,raster-matched control,conventional_alphaearth_embeddings,Conventional + AlphaEarth Embeddings,0.06869768497716681,0.32933342149262645,0
2202,CPEC_ROCKFALL_0540,1,rockfall,67_29,1,67.92723431475402,29.6994278700783,Balochistan,conventional_alphaearth_embeddings,Conventional + AlphaEarth Embeddings,0.9711577056056884,0.31275142952145935,1
2203,RMC_03_01463,0,non_landslide,74_35,5,74.6241735459138,35.68220597933255,raster-matched control,conventional_alphaearth_embeddings,Conventional + AlphaEarth Embeddings,0.0783437166512507,0.28992385976630347,0
2204,CPEC_ROCKFALL_0002,1,rockfall,75_38,2,75.17663568879786,38.74321609903931,"Kashgar (Xinjiang, China)",conventional_alphaearth_embeddings,Conventional + AlphaEarth Embeddings,0.9771878993348687,0.5868831590132428,1
2205,CPEC_LANDSLIDE_0328,1,landslide,75_37,5,75.46634348424024,37.155441691433566,"Kashgar (Xinjiang, China)",conventional_alphaearth_embeddings,Conventional + AlphaEarth Embeddings,0.9856784441857344,0.28992385976630347,1
2206,RMC_03_01390,0,non_landslide,74_39,3,74.460231006562,39.62356428840695,raster-matched control,conventional_alphaearth_embeddings,Conventional + AlphaEarth Embeddings,0.42491053695412284,0.37326188443582237,1
2207,RMC_03_00779,0,non_landslide,62_25,3,62.22517683685411,25.549209574464346,raster-matched control,conventional_alphaearth_embeddings,Conventional + AlphaEarth Embeddings,0.21717913560241456,0.37326188443582237,0
2208,RMC_03_01024,0,non_landslide,64_28,1,64.6865607153416,28.394623236912928,raster-matched control,conventional_alphaearth_embeddings,Conventional + AlphaEarth Embeddings,0.14089279302411686,0.31275142952145935,0
2209,CPEC_ROCKFALL_0537,1,rockfall,67_29,1,67.92498692782308,29.694933096216428,Balochistan,conventional_alphaearth_embeddings,Conventional + AlphaEarth Embeddings,0.9875798602210369,0.31275142952145935,1
2210,CPEC_LANDSLIDE_0048,1,landslide,74_35,5,74.79709930263384,35.711401947184605,Gilgit-Baltistan,conventional_alphaearth_embeddings,Conventional + AlphaEarth Embeddings,0.9087245488922074,0.28992385976630347,1
2211,RMC_03_01329,0,non_landslide,75_37,5,75.42591993699048,37.31264822000948,raster-matched control,conventional_alphaearth_embeddings,Conventional + AlphaEarth Embeddings,0.06511453698985986,0.28992385976630347,0
2212,CPEC_ROCKFALL_0211,1,rockfall,65_26,3,65.67920081416455,26.281335171266733,Balochistan,conventional_alphaearth_embeddings,Conventional + AlphaEarth Embeddings,0.9760575628538338,0.37326188443582237,1
2213,RMC_03_00736,0,non_landslide,75_35,1,75.23727372732537,35.5811455098691,raster-matched control,conventional_alphaearth_embeddings,Conventional + AlphaEarth Embeddings,0.12875841599116855,0.31275142952145935,0
2214,CPEC_ROCKFALL_0636,1,rockfall,68_29,2,68.09566793884582,29.93298666505569,Balochistan,conventional_alphaearth_embeddings,Conventional + AlphaEarth Embeddings,0.9880251575056231,0.5868831590132428,1
2215,RMC_03_01436,0,non_landslide,65_27,5,65.88132004322055,27.990381359059143,raster-matched control,conventional_alphaearth_embeddings,Conventional + AlphaEarth Embeddings,0.08832796277677323,0.28992385976630347,0
2216,RMC_03_01107,0,non_landslide,65_28,2,65.20084621550002,28.778653020874025,raster-matched control,conventional_alphaearth_embeddings,Conventional + AlphaEarth Embeddings,0.13158174843548853,0.5868831590132428,0
2217,CPEC_LANDSLIDE_0157,1,landslide,74_36,2,74.71176102667297,36.29530785283018,Gilgit-Baltistan,conventional_alphaearth_embeddings,Conventional + AlphaEarth Embeddings,0.8874807880311696,0.5868831590132428,1
2218,CPEC_LANDSLIDE_0724,1,landslide,67_30,3,67.2243016246888,30.46523834409816,Balochistan,conventional_alphaearth_embeddings,Conventional + AlphaEarth Embeddings,0.9890350956611771,0.37326188443582237,1
2219,RMC_03_00877,0,non_landslide,74_36,2,74.6129446048623,36.30204352537502,raster-matched control,conventional_alphaearth_embeddings,Conventional + AlphaEarth Embeddings,0.06390488833151338,0.5868831590132428,0
2220,RMC_03_00022,0,non_landslide,74_39,3,74.35692474888825,39.81221049807205,raster-matched control,conventional_alphaearth_embeddings,Conventional + AlphaEarth Embeddings,0.05796394143880936,0.37326188443582237,0
2221,CPEC_LANDSLIDE_0593,1,landslide,67_28,4,67.05137768583617,28.0128397831282,Balochistan,conventional_alphaearth_embeddings,Conventional + AlphaEarth Embeddings,0.9736442410454317,0.32933342149262645,1
2222,CPEC_ROCKFALL_0089,1,rockfall,65_27,5,65.64326491877482,27.13922608204024,Balochistan,conventional_alphaearth_embeddings,Conventional + AlphaEarth Embeddings,0.981429699894458,0.28992385976630347,1
2223,RMC_03_01125,0,non_landslide,74_35,5,74.77464135600383,35.742842261010615,raster-matched control,conventional_alphaearth_embeddings,Conventional + AlphaEarth Embeddings,0.37109052093014316,0.28992385976630347,1
2224,RMC_03_00465,0,non_landslide,77_37,2,77.02716693093353,37.10828149287229,raster-matched control,conventional_alphaearth_embeddings,Conventional + AlphaEarth Embeddings,0.1256476661849495,0.5868831590132428,0
2225,RMC_03_00522,0,non_landslide,74_36,2,74.31425477289257,36.20996620875277,raster-matched control,conventional_alphaearth_embeddings,Conventional + AlphaEarth Embeddings,0.10456336368126291,0.5868831590132428,0
2226,CPEC_ROCKFALL_0285,1,rockfall,66_27,1,66.2900530674761,27.19537062340418,Balochistan,conventional_alphaearth_embeddings,Conventional + AlphaEarth Embeddings,0.9926099946205285,0.31275142952145935,1
2227,RMC_03_00854,0,non_landslide,74_39,3,74.8442607905231,39.650513746930535,raster-matched control,conventional_alphaearth_embeddings,Conventional + AlphaEarth Embeddings,0.13486725296168853,0.37326188443582237,0
2228,CPEC_LANDSLIDE_0204,1,landslide,74_36,2,74.30077905988003,36.11339882535486,Gilgit-Baltistan,conventional_alphaearth_embeddings,Conventional + AlphaEarth Embeddings,0.9826297155372975,0.5868831590132428,1
2229,CPEC_LANDSLIDE_0089,1,landslide,75_36,3,75.00820206470605,36.870228669853056,Gilgit-Baltistan,conventional_alphaearth_embeddings,Conventional + AlphaEarth Embeddings,0.9206466577322946,0.37326188443582237,1
2230,CPEC_ROCKFALL_0792,1,rockfall,76_35,2,76.13109735108584,35.20385368797823,Gilgit-Baltistan,conventional_alphaearth_embeddings,Conventional + AlphaEarth Embeddings,0.9830132324507679,0.5868831590132428,1
2231,CPEC_ROCKFALL_0008,1,rockfall,75_38,2,75.87058774934144,38.40859177868556,"Kashgar (Xinjiang, China)",conventional_alphaearth_embeddings,Conventional + AlphaEarth Embeddings,0.6654113829582973,0.5868831590132428,1
2232,CPEC_LANDSLIDE_0061,1,landslide,75_36,3,75.34507377199073,36.8118367415582,Gilgit-Baltistan,conventional_alphaearth_embeddings,Conventional + AlphaEarth Embeddings,0.896259968667117,0.37326188443582237,1
2233,RMC_03_00101,0,non_landslide,74_36,2,74.95430441282772,36.50191867609161,raster-matched control,conventional_alphaearth_embeddings,Conventional + AlphaEarth Embeddings,0.9440810005723411,0.5868831590132428,1
2234,RMC_03_00042,0,non_landslide,66_27,1,66.71675325745171,27.525503199527293,raster-matched control,conventional_alphaearth_embeddings,Conventional + AlphaEarth Embeddings,0.11240099999064347,0.31275142952145935,0
2235,RMC_03_01147,0,non_landslide,73_35,4,73.44064315908633,35.53173816924253,raster-matched control,conventional_alphaearth_embeddings,Conventional + AlphaEarth Embeddings,0.3982441050649186,0.32933342149262645,1
2236,RMC_03_00007,0,non_landslide,72_34,1,72.9510613292412,34.752449660268844,raster-matched control,conventional_alphaearth_embeddings,Conventional + AlphaEarth Embeddings,0.07707110806009226,0.31275142952145935,0
2237,RMC_03_01332,0,non_landslide,75_37,5,75.30240158542404,37.76405165027954,raster-matched control,conventional_alphaearth_embeddings,Conventional + AlphaEarth Embeddings,0.10100754339201455,0.28992385976630347,0
2238,RMC_03_01369,0,non_landslide,67_29,1,67.20184351087626,29.939725525598504,raster-matched control,conventional_alphaearth_embeddings,Conventional + AlphaEarth Embeddings,0.07926429782259238,0.31275142952145935,0
2239,RMC_03_01316,0,non_landslide,74_35,5,74.17052432743344,35.3992366648349,raster-matched control,conventional_alphaearth_embeddings,Conventional + AlphaEarth Embeddings,0.07061743304456007,0.28992385976630347,0
2240,RMC_03_00774,0,non_landslide,74_35,5,74.11662541038628,35.556441839555816,raster-matched control,conventional_alphaearth_embeddings,Conventional + AlphaEarth Embeddings,0.17185055361665,0.28992385976630347,0
2241,RMC_03_00466,0,non_landslide,76_36,4,76.98449695493784,36.82531217837464,raster-matched control,conventional_alphaearth_embeddings,Conventional + AlphaEarth Embeddings,0.6401291612597434,0.32933342149262645,1
2242,RMC_03_00613,0,non_landslide,75_38,2,75.39672469025659,38.80385159164789,raster-matched control,conventional_alphaearth_embeddings,Conventional + AlphaEarth Embeddings,0.09664304549442423,0.5868831590132428,0
2243,CPEC_LANDSLIDE_0475,1,landslide,75_38,2,75.08905002590608,38.74770641380013,"Kashgar (Xinjiang, China)",conventional_alphaearth_embeddings,Conventional + AlphaEarth Embeddings,0.9133639611947643,0.5868831590132428,1
2244,CPEC_LANDSLIDE_0268,1,landslide,73_35,4,73.83140962389326,35.48682378172885,Gilgit-Baltistan,conventional_alphaearth_embeddings,Conventional + AlphaEarth Embeddings,0.9597959051598153,0.32933342149262645,1
2245,CPEC_ROCKFALL_0962,1,rockfall,75_38,2,75.48206627455471,38.97902228094764,"Kashgar (Xinjiang, China)",conventional_alphaearth_embeddings,Conventional + AlphaEarth Embeddings,0.14208713471247655,0.5868831590132428,0
2246,RMC_03_01346,0,non_landslide,76_36,4,76.80483389811394,36.39861241841787,raster-matched control,conventional_alphaearth_embeddings,Conventional + AlphaEarth Embeddings,0.12752635045032676,0.32933342149262645,0
2247,CPEC_LANDSLIDE_0259,1,landslide,74_35,5,74.0267940547521,35.423941538673155,Gilgit-Baltistan,conventional_alphaearth_embeddings,Conventional + AlphaEarth Embeddings,0.9780620936001888,0.28992385976630347,1
2248,RMC_03_00291,0,non_landslide,65_26,3,65.25923670896779,26.622696338987176,raster-matched control,conventional_alphaearth_embeddings,Conventional + AlphaEarth Embeddings,0.31979153209277783,0.37326188443582237,0
2249,CPEC_LANDSLIDE_0060,1,landslide,75_36,3,75.34731669982061,36.82306475801076,Gilgit-Baltistan,conventional_alphaearth_embeddings,Conventional + AlphaEarth Embeddings,0.9533564146300643,0.37326188443582237,1
2250,CPEC_LANDSLIDE_0627,1,landslide,63_26,1,63.93646818585051,26.65413831484008,Balochistan,conventional_alphaearth_embeddings,Conventional + AlphaEarth Embeddings,0.9768345813928346,0.31275142952145935,1
2251,RMC_03_01143,0,non_landslide,73_35,4,73.5147541700262,35.52949238103223,raster-matched control,conventional_alphaearth_embeddings,Conventional + AlphaEarth Embeddings,0.07308475941137547,0.32933342149262645,0
2252,RMC_03_00100,0,non_landslide,72_36,5,72.00333870449509,36.02805736371857,raster-matched control,conventional_alphaearth_embeddings,Conventional + AlphaEarth Embeddings,0.7978474247700315,0.28992385976630347,1
2253,RMC_03_00161,0,non_landslide,78_38,5,78.20171416491979,38.43778811336918,raster-matched control,conventional_alphaearth_embeddings,Conventional + AlphaEarth Embeddings,0.15107056770509833,0.28992385976630347,0
2254,RMC_03_01361,0,non_landslide,65_28,2,65.69716540997607,28.28457961460829,raster-matched control,conventional_alphaearth_embeddings,Conventional + AlphaEarth Embeddings,0.1104448966572071,0.5868831590132428,0
2255,CPEC_ROCKFALL_0584,1,rockfall,67_29,1,67.49154892812498,29.47035493076068,Balochistan,conventional_alphaearth_embeddings,Conventional + AlphaEarth Embeddings,0.9761071210050598,0.31275142952145935,1
2256,RMC_03_00994,0,non_landslide,75_36,3,75.52698040645393,36.93760158888958,raster-matched control,conventional_alphaearth_embeddings,Conventional + AlphaEarth Embeddings,0.33541593693297644,0.37326188443582237,0
2257,CPEC_LANDSLIDE_0014,1,landslide,74_39,3,74.8173124077091,39.24627404348486,"Kashgar (Xinjiang, China)",conventional_alphaearth_embeddings,Conventional + AlphaEarth Embeddings,0.8741173339461861,0.37326188443582237,1
2258,RMC_03_00943,0,non_landslide,75_36,3,75.40795363130809,36.83654111942613,raster-matched control,conventional_alphaearth_embeddings,Conventional + AlphaEarth Embeddings,0.12190968404389142,0.37326188443582237,0
2259,RMC_03_00995,0,non_landslide,75_36,3,75.5516840767672,36.88145688363211,raster-matched control,conventional_alphaearth_embeddings,Conventional + AlphaEarth Embeddings,0.14070498840874412,0.37326188443582237,0
2260,CPEC_LANDSLIDE_0928,1,landslide,72_35,3,72.58948755309383,35.24652282595866,KP-AJK,conventional_alphaearth_embeddings,Conventional + AlphaEarth Embeddings,0.833878246378457,0.37326188443582237,1
2261,RMC_03_00714,0,non_landslide,73_33,5,73.46085525297903,33.997864821608445,raster-matched control,conventional_alphaearth_embeddings,Conventional + AlphaEarth Embeddings,0.6747290618465508,0.28992385976630347,1
2262,RMC_03_01135,0,non_landslide,73_35,4,73.76403666136936,35.51377186356014,raster-matched control,conventional_alphaearth_embeddings,Conventional + AlphaEarth Embeddings,0.05979297287546067,0.32933342149262645,0
2263,CPEC_LANDSLIDE_0406,1,landslide,75_38,2,75.01718715332875,38.54783166818048,"Kashgar (Xinjiang, China)",conventional_alphaearth_embeddings,Conventional + AlphaEarth Embeddings,0.9881553374624484,0.5868831590132428,1
2264,RMC_03_00394,0,non_landslide,75_38,2,75.04413594123969,38.45350863084127,raster-matched control,conventional_alphaearth_embeddings,Conventional + AlphaEarth Embeddings,0.10159553261323394,0.5868831590132428,0
2265,CPEC_LANDSLIDE_0492,1,landslide,75_38,2,75.10028250145972,38.75669150242282,"Kashgar (Xinjiang, China)",conventional_alphaearth_embeddings,Conventional + AlphaEarth Embeddings,0.7962094014499903,0.5868831590132428,1
2266,RMC_03_01155,0,non_landslide,73_35,4,73.3126332310993,35.50478871071894,raster-matched control,conventional_alphaearth_embeddings,Conventional + AlphaEarth Embeddings,0.06483909893064282,0.32933342149262645,0
2267,CPEC_ROCKFALL_0107,1,rockfall,65_27,5,65.82068363148933,27.45363729731872,Balochistan,conventional_alphaearth_embeddings,Conventional + AlphaEarth Embeddings,0.977143783237456,0.28992385976630347,1
2268,RMC_03_00805,0,non_landslide,71_34,5,71.38574694666293,34.32350411210177,raster-matched control,conventional_alphaearth_embeddings,Conventional + AlphaEarth Embeddings,0.07409640927341204,0.28992385976630347,0
2269,CPEC_ROCKFALL_0395,1,rockfall,67_26,5,67.83740126493129,26.200487210066708,Punjab-Sindh lowland corridor,conventional_alphaearth_embeddings,Conventional + AlphaEarth Embeddings,0.9644793983017914,0.28992385976630347,1
2270,RMC_03_01456,0,non_landslide,67_29,1,67.37701499127957,29.964429195911794,raster-matched control,conventional_alphaearth_embeddings,Conventional + AlphaEarth Embeddings,0.6947318098556204,0.31275142952145935,1
2271,CPEC_LANDSLIDE_1018,1,landslide,74_35,5,74.70052855111935,35.5474586378536,Gilgit-Baltistan,conventional_alphaearth_embeddings,Conventional + AlphaEarth Embeddings,0.9767122497728932,0.28992385976630347,1
2272,RMC_03_00874,0,non_landslide,74_35,5,74.37713684278094,35.93148847067572,raster-matched control,conventional_alphaearth_embeddings,Conventional + AlphaEarth Embeddings,0.10087187949651047,0.28992385976630347,0
2273,RMC_03_01114,0,non_landslide,70_31,3,70.02030771480125,31.41745416797512,raster-matched control,conventional_alphaearth_embeddings,Conventional + AlphaEarth Embeddings,0.12652201098078625,0.37326188443582237,0
2274,CPEC_LANDSLIDE_0702,1,landslide,66_27,1,66.59098887937105,27.85563417548897,Balochistan,conventional_alphaearth_embeddings,Conventional + AlphaEarth Embeddings,0.9696909751676043,0.31275142952145935,1
2275,RMC_03_00643,0,non_landslide,74_36,2,74.66908931011977,36.311026678216216,raster-matched control,conventional_alphaearth_embeddings,Conventional + AlphaEarth Embeddings,0.06042458495383552,0.5868831590132428,0
2276,RMC_03_01428,0,non_landslide,65_28,2,65.74208117418203,28.331741167024564,raster-matched control,conventional_alphaearth_embeddings,Conventional + AlphaEarth Embeddings,0.23924469217258276,0.5868831590132428,0
2277,CPEC_LANDSLIDE_0190,1,landslide,74_36,2,74.3120070763326,36.23017822284355,Gilgit-Baltistan,conventional_alphaearth_embeddings,Conventional + AlphaEarth Embeddings,0.42914041900181615,0.5868831590132428,0
2278,CPEC_LANDSLIDE_0518,1,landslide,75_38,2,75.23502761709274,38.77465722056717,"Kashgar (Xinjiang, China)",conventional_alphaearth_embeddings,Conventional + AlphaEarth Embeddings,0.9757171398859661,0.5868831590132428,1
2279,CPEC_LANDSLIDE_0095,1,landslide,74_36,2,74.97451801534832,36.83429723356439,Gilgit-Baltistan,conventional_alphaearth_embeddings,Conventional + AlphaEarth Embeddings,0.9855362089100528,0.5868831590132428,1
2280,CPEC_ROCKFALL_0026,1,rockfall,67_28,4,67.43540438676104,28.11839116416432,Balochistan,conventional_alphaearth_embeddings,Conventional + AlphaEarth Embeddings,0.9596751222771898,0.32933342149262645,1
2281,CPEC_ROCKFALL_0453,1,rockfall,69_28,1,69.17139931338332,28.83928957237386,Balochistan,conventional_alphaearth_embeddings,Conventional + AlphaEarth Embeddings,0.3826500492288969,0.31275142952145935,1
2282,RMC_03_00303,0,non_landslide,62_26,5,62.308271000635166,26.483457469948647,raster-matched control,conventional_alphaearth_embeddings,Conventional + AlphaEarth Embeddings,0.1275293100959209,0.28992385976630347,0
2283,CPEC_LANDSLIDE_0459,1,landslide,75_38,2,75.00371174994524,38.71177497751146,"Kashgar (Xinjiang, China)",conventional_alphaearth_embeddings,Conventional + AlphaEarth Embeddings,0.989823629484731,0.5868831590132428,1
2284,RMC_03_00788,0,non_landslide,65_29,4,65.96441420700161,29.35357480271052,raster-matched control,conventional_alphaearth_embeddings,Conventional + AlphaEarth Embeddings,0.09924569034946613,0.32933342149262645,0
2285,RMC_03_01052,0,non_landslide,65_26,3,65.71962329207905,26.3846427886955,raster-matched control,conventional_alphaearth_embeddings,Conventional + AlphaEarth Embeddings,0.2371830031885904,0.37326188443582237,0
2286,RMC_03_00180,0,non_landslide,65_27,5,65.89254898427205,27.397493271540263,raster-matched control,conventional_alphaearth_embeddings,Conventional + AlphaEarth Embeddings,0.1678264257787304,0.28992385976630347,0
2287,CPEC_LANDSLIDE_0991,1,landslide,75_35,1,75.86609297547956,35.24427543902772,Gilgit-Baltistan,conventional_alphaearth_embeddings,Conventional + AlphaEarth Embeddings,0.813129691979282,0.31275142952145935,1
2288,CPEC_ROCKFALL_0666,1,rockfall,69_30,5,69.15568098216993,30.442782311193,Balochistan,conventional_alphaearth_embeddings,Conventional + AlphaEarth Embeddings,0.9785067384271737,0.28992385976630347,1
2289,RMC_03_01275,0,non_landslide,73_35,4,73.28568377257572,35.491313981457154,raster-matched control,conventional_alphaearth_embeddings,Conventional + AlphaEarth Embeddings,0.6558928584183743,0.32933342149262645,1
2290,CPEC_LANDSLIDE_0886,1,landslide,73_34,2,73.48106697232612,34.39985993163772,KP-AJK,conventional_alphaearth_embeddings,Conventional + AlphaEarth Embeddings,0.9267230644554676,0.5868831590132428,1
2291,RMC_03_00949,0,non_landslide,75_36,3,75.30913895005494,36.82755796658494,raster-matched control,conventional_alphaearth_embeddings,Conventional + AlphaEarth Embeddings,0.31300009437350096,0.37326188443582237,0
2292,RMC_03_00918,0,non_landslide,66_28,3,66.07445782930625,28.30254592029068,raster-matched control,conventional_alphaearth_embeddings,Conventional + AlphaEarth Embeddings,0.08557908748581279,0.37326188443582237,0
2293,CPEC_LANDSLIDE_0346,1,landslide,75_37,5,75.19684879387313,37.91676630979365,"Kashgar (Xinjiang, China)",conventional_alphaearth_embeddings,Conventional + AlphaEarth Embeddings,0.9865838333669481,0.28992385976630347,1
2294,CPEC_LANDSLIDE_0388,1,landslide,75_38,2,75.02167746808956,38.54109396648872,"Kashgar (Xinjiang, China)",conventional_alphaearth_embeddings,Conventional + AlphaEarth Embeddings,0.9921713458078502,0.5868831590132428,1
2295,CPEC_ROCKFALL_0593,1,rockfall,67_29,1,67.19959820485273,29.93523405198663,Balochistan,conventional_alphaearth_embeddings,Conventional + AlphaEarth Embeddings,0.9823264283788186,0.31275142952145935,1
2296,RMC_03_00715,0,non_landslide,73_33,5,73.48106734687171,33.96193221024367,raster-matched control,conventional_alphaearth_embeddings,Conventional + AlphaEarth Embeddings,0.24828093862835407,0.28992385976630347,0
2297,CPEC_LANDSLIDE_0077,1,landslide,75_36,3,75.14744195420096,36.87696637154482,Gilgit-Baltistan,conventional_alphaearth_embeddings,Conventional + AlphaEarth Embeddings,0.9641239622473714,0.37326188443582237,1
2298,CPEC_ROCKFALL_0343,1,rockfall,66_27,1,66.35742562529262,27.73660739106933,Balochistan,conventional_alphaearth_embeddings,Conventional + AlphaEarth Embeddings,0.9711678697423779,0.31275142952145935,1
2299,CPEC_LANDSLIDE_0664,1,landslide,63_26,1,63.12798411474918,26.13760496701101,Balochistan,conventional_alphaearth_embeddings,Conventional + AlphaEarth Embeddings,0.757411008418418,0.31275142952145935,1
2300,CPEC_LANDSLIDE_0269,1,landslide,73_35,4,73.82691930913244,35.48682378172885,Gilgit-Baltistan,conventional_alphaearth_embeddings,Conventional + AlphaEarth Embeddings,0.9612334202128959,0.32933342149262645,1
2301,RMC_03_00645,0,non_landslide,77_37,2,77.22255050522952,37.42718341873472,raster-matched control,conventional_alphaearth_embeddings,Conventional + AlphaEarth Embeddings,0.11726558101969052,0.5868831590132428,0
2302,RMC_03_00780,0,non_landslide,67_28,4,67.15917353488058,28.94708713664644,raster-matched control,conventional_alphaearth_embeddings,Conventional + AlphaEarth Embeddings,0.9551677062528587,0.32933342149262645,1
2303,CPEC_ROCKFALL_0232,1,rockfall,66_26,4,66.17102628305646,26.162308386847105,Balochistan,conventional_alphaearth_embeddings,Conventional + AlphaEarth Embeddings,0.9717394698777408,0.32933342149262645,1
2304,RMC_03_00915,0,non_landslide,71_35,2,71.74956463673134,35.518263439980736,raster-matched control,conventional_alphaearth_embeddings,Conventional + AlphaEarth Embeddings,0.10217312372873995,0.5868831590132428,0
2305,RMC_03_00544,0,non_landslide,75_38,2,75.03515278839848,38.428804960527984,raster-matched control,conventional_alphaearth_embeddings,Conventional + AlphaEarth Embeddings,0.08101914808360655,0.5868831590132428,0
2306,CPEC_ROCKFALL_0555,1,rockfall,67_29,1,67.69367106067557,29.58938171518032,Balochistan,conventional_alphaearth_embeddings,Conventional + AlphaEarth Embeddings,0.9660631733453213,0.31275142952145935,1
2307,CPEC_LANDSLIDE_0184,1,landslide,74_36,2,74.33222018140788,36.26610965913221,Gilgit-Baltistan,conventional_alphaearth_embeddings,Conventional + AlphaEarth Embeddings,0.26181794359868527,0.5868831590132428,0
2308,CPEC_LANDSLIDE_0483,1,landslide,75_38,2,75.08455971114526,38.75444411549189,"Kashgar (Xinjiang, China)",conventional_alphaearth_embeddings,Conventional + AlphaEarth Embeddings,0.9129520448806568,0.5868831590132428,1
2309,RMC_03_00870,0,non_landslide,75_38,2,75.14519641070312,38.74546109818012,raster-matched control,conventional_alphaearth_embeddings,Conventional + AlphaEarth Embeddings,0.0920342818794065,0.5868831590132428,0
2310,CPEC_ROCKFALL_0611,1,rockfall,67_30,3,67.26921814960016,30.07447394148153,Balochistan,conventional_alphaearth_embeddings,Conventional + AlphaEarth Embeddings,0.829532912647435,0.37326188443582237,1
2311,CPEC_ROCKFALL_0589,1,rockfall,67_29,1,67.43091407200022,29.602857118563826,Balochistan,conventional_alphaearth_embeddings,Conventional + AlphaEarth Embeddings,0.9838868253699072,0.31275142952145935,1
2312,CPEC_ROCKFALL_0712,1,rockfall,71_33,3,71.36328827260886,33.44540272845079,KP-AJK,conventional_alphaearth_embeddings,Conventional + AlphaEarth Embeddings,0.989976550760257,0.37326188443582237,1
2313,CPEC_ROCKFALL_0442,1,rockfall,70_29,4,70.03602792584859,29.551202891960703,Punjab-Sindh lowland corridor,conventional_alphaearth_embeddings,Conventional + AlphaEarth Embeddings,0.9727173034208437,0.32933342149262645,1
2314,CPEC_LANDSLIDE_0291,1,landslide,73_35,4,73.25199849210955,35.46212036189276,KP-AJK,conventional_alphaearth_embeddings,Conventional + AlphaEarth Embeddings,0.9262185516634013,0.32933342149262645,1
2315,CPEC_ROCKFALL_0545,1,rockfall,67_29,1,67.8890554915344,29.68819539452467,Balochistan,conventional_alphaearth_embeddings,Conventional + AlphaEarth Embeddings,0.9569448929646659,0.31275142952145935,1
2316,RMC_03_00388,0,non_landslide,73_36,1,73.79996927273415,36.30653510179562,raster-matched control,conventional_alphaearth_embeddings,Conventional + AlphaEarth Embeddings,0.789980514604044,0.31275142952145935,1
2317,RMC_03_01351,0,non_landslide,77_36,5,77.57064767782583,36.26161933758964,raster-matched control,conventional_alphaearth_embeddings,Conventional + AlphaEarth Embeddings,0.6544938379475317,0.28992385976630347,1
2318,RMC_03_01121,0,non_landslide,71_33,3,71.74058148389014,33.50828299176331,raster-matched control,conventional_alphaearth_embeddings,Conventional + AlphaEarth Embeddings,0.09847207691707718,0.37326188443582237,0
2319,RMC_03_00087,0,non_landslide,71_33,3,71.95842294028913,33.74409075384468,raster-matched control,conventional_alphaearth_embeddings,Conventional + AlphaEarth Embeddings,0.3324847747159233,0.37326188443582237,0
2320,RMC_03_01492,0,non_landslide,73_35,4,73.23403064373885,35.45762715830267,raster-matched control,conventional_alphaearth_embeddings,Conventional + AlphaEarth Embeddings,0.11277555730057813,0.32933342149262645,0
2321,CPEC_LANDSLIDE_0188,1,landslide,74_36,2,74.33895788309962,36.2369159245353,Gilgit-Baltistan,conventional_alphaearth_embeddings,Conventional + AlphaEarth Embeddings,0.642026808782307,0.5868831590132428,1
2322,CPEC_LANDSLIDE_0615,1,landslide,65_27,5,65.32885816259741,27.918516418544662,Balochistan,conventional_alphaearth_embeddings,Conventional + AlphaEarth Embeddings,0.9771583762094005,0.28992385976630347,1
2323,RMC_03_01041,0,non_landslide,65_25,1,65.4299166129505,25.847899406434088,raster-matched control,conventional_alphaearth_embeddings,Conventional + AlphaEarth Embeddings,0.113834103781415,0.31275142952145935,0
2324,RMC_03_00410,0,non_landslide,75_36,3,75.06210224692207,36.87471951900121,raster-matched control,conventional_alphaearth_embeddings,Conventional + AlphaEarth Embeddings,0.17356930630168282,0.37326188443582237,0
2325,RMC_03_00016,0,non_landslide,74_38,1,74.93633810714533,38.32549870285424,raster-matched control,conventional_alphaearth_embeddings,Conventional + AlphaEarth Embeddings,0.1080457734318198,0.31275142952145935,0
2326,RMC_03_00266,0,non_landslide,63_25,4,63.60633658618787,25.724381054867653,raster-matched control,conventional_alphaearth_embeddings,Conventional + AlphaEarth Embeddings,0.5901318801216674,0.32933342149262645,1
2327,RMC_03_01263,0,non_landslide,73_35,4,73.54619520497037,35.53173816924253,raster-matched control,conventional_alphaearth_embeddings,Conventional + AlphaEarth Embeddings,0.10647917118498917,0.32933342149262645,0
2328,RMC_03_00017,0,non_landslide,74_39,3,74.29404267899989,39.81894786270294,raster-matched control,conventional_alphaearth_embeddings,Conventional + AlphaEarth Embeddings,0.10332895848306282,0.37326188443582237,0
2329,RMC_03_00880,0,non_landslide,74_36,2,74.57701199349754,36.26386512579994,raster-matched control,conventional_alphaearth_embeddings,Conventional + AlphaEarth Embeddings,0.08044930677539701,0.5868831590132428,0
2330,RMC_03_01459,0,non_landslide,64_27,4,64.92686005384357,27.554698446261177,raster-matched control,conventional_alphaearth_embeddings,Conventional + AlphaEarth Embeddings,0.13750806564008247,0.32933342149262645,0
2331,CPEC_LANDSLIDE_0056,1,landslide,75_36,3,75.38324813610927,36.83204984663346,Gilgit-Baltistan,conventional_alphaearth_embeddings,Conventional + AlphaEarth Embeddings,0.9770795642531573,0.37326188443582237,1
2332,CPEC_LANDSLIDE_0538,1,landslide,75_38,2,75.37651043441753,38.81058865685583,"Kashgar (Xinjiang, China)",conventional_alphaearth_embeddings,Conventional + AlphaEarth Embeddings,0.9730762007850592,0.5868831590132428,1
2333,RMC_03_00228,0,non_landslide,76_38,3,76.5016524897236,38.63541747587548,raster-matched control,conventional_alphaearth_embeddings,Conventional + AlphaEarth Embeddings,0.08146700697766215,0.37326188443582237,0
2334,RMC_03_01017,0,non_landslide,71_35,2,71.88431192934927,35.67097703828105,raster-matched control,conventional_alphaearth_embeddings,Conventional + AlphaEarth Embeddings,0.12273394249245256,0.5868831590132428,0
2335,RMC_03_00383,0,non_landslide,73_35,4,73.80895242557534,35.35656668883922,raster-matched control,conventional_alphaearth_embeddings,Conventional + AlphaEarth Embeddings,0.5115546730815498,0.32933342149262645,1
2336,CPEC_LANDSLIDE_0904,1,landslide,76_35,2,76.09740884262706,35.1858879698339,Gilgit-Baltistan,conventional_alphaearth_embeddings,Conventional + AlphaEarth Embeddings,0.6938057954519417,0.5868831590132428,1
2337,CPEC_LANDSLIDE_0940,1,landslide,72_35,3,72.53559039866083,35.51601751632576,KP-AJK,conventional_alphaearth_embeddings,Conventional + AlphaEarth Embeddings,0.9697871657483026,0.37326188443582237,1
2338,RMC_03_00307,0,non_landslide,71_32,1,71.08930290290348,32.06648696075148,raster-matched control,conventional_alphaearth_embeddings,Conventional + AlphaEarth Embeddings,0.15995799907206845,0.31275142952145935,0
2339,RMC_03_00422,0,non_landslide,74_36,2,74.86896446083637,36.77590483774807,raster-matched control,conventional_alphaearth_embeddings,Conventional + AlphaEarth Embeddings,0.1098341027158878,0.5868831590132428,0
2340,RMC_03_00935,0,non_landslide,75_40,1,75.0082033298749,40.18276555277135,raster-matched control,conventional_alphaearth_embeddings,Conventional + AlphaEarth Embeddings,0.18733834277224765,0.31275142952145935,0
2341,RMC_03_00860,0,non_landslide,73_35,4,73.72810405000459,35.5878828745,raster-matched control,conventional_alphaearth_embeddings,Conventional + AlphaEarth Embeddings,0.20610299378215072,0.32933342149262645,0
2342,RMC_03_00481,0,non_landslide,74_35,5,74.42654418340751,35.85064009510496,raster-matched control,conventional_alphaearth_embeddings,Conventional + AlphaEarth Embeddings,0.11522619764643528,0.28992385976630347,0
2343,RMC_03_00347,0,non_landslide,65_26,3,65.33783929632826,26.23417497860548,raster-matched control,conventional_alphaearth_embeddings,Conventional + AlphaEarth Embeddings,0.21571262005656994,0.37326188443582237,0
2344,CPEC_ROCKFALL_0222,1,rockfall,65_26,3,65.70390423400063,26.30828597803377,Balochistan,conventional_alphaearth_embeddings,Conventional + AlphaEarth Embeddings,0.9852716652711702,0.37326188443582237,1
2345,CPEC_ROCKFALL_0657,1,rockfall,69_31,2,69.19835012015035,31.00422772483237,Balochistan,conventional_alphaearth_embeddings,Conventional + AlphaEarth Embeddings,0.9679848174938942,0.5868831590132428,1
2346,RMC_03_00671,0,non_landslide,71_33,3,71.22180440731111,33.34658624062179,raster-matched control,conventional_alphaearth_embeddings,Conventional + AlphaEarth Embeddings,0.09843305040522478,0.37326188443582237,0
2347,RMC_03_00274,0,non_landslide,64_25,5,64.61244970440174,25.587387974039423,raster-matched control,conventional_alphaearth_embeddings,Conventional + AlphaEarth Embeddings,0.1653550240311676,0.28992385976630347,0
2348,RMC_03_00063,0,non_landslide,66_29,5,66.30801980317733,29.645527270049364,raster-matched control,conventional_alphaearth_embeddings,Conventional + AlphaEarth Embeddings,0.30359585704055697,0.28992385976630347,1
2349,RMC_03_01335,0,non_landslide,75_37,5,75.35630050247121,37.4608702418892,raster-matched control,conventional_alphaearth_embeddings,Conventional + AlphaEarth Embeddings,0.13448261634295441,0.28992385976630347,0
2350,CPEC_LANDSLIDE_0988,1,landslide,75_35,1,75.85486495902698,35.286949036109185,Gilgit-Baltistan,conventional_alphaearth_embeddings,Conventional + AlphaEarth Embeddings,0.9765011377064499,0.31275142952145935,1
2351,CPEC_ROCKFALL_0321,1,rockfall,66_29,5,66.75493218870204,29.616332521947346,Balochistan,conventional_alphaearth_embeddings,Conventional + AlphaEarth Embeddings,0.9759505751068569,0.28992385976630347,1
2352,RMC_03_00449,0,non_landslide,74_36,2,74.86896446083637,36.59399599271386,raster-matched control,conventional_alphaearth_embeddings,Conventional + AlphaEarth Embeddings,0.8079003063488922,0.5868831590132428,1
2353,RMC_03_00563,0,non_landslide,77_36,5,77.42242565594611,36.42780766515176,raster-matched control,conventional_alphaearth_embeddings,Conventional + AlphaEarth Embeddings,0.04915376194291365,0.28992385976630347,0
2354,RMC_03_00280,0,non_landslide,69_28,1,69.12872979531264,28.86399297286538,raster-matched control,conventional_alphaearth_embeddings,Conventional + AlphaEarth Embeddings,0.10643629955567098,0.31275142952145935,0
2355,RMC_03_00807,0,non_landslide,67_26,5,67.01993466584206,26.842783583596457,raster-matched control,conventional_alphaearth_embeddings,Conventional + AlphaEarth Embeddings,0.11145966325018404,0.28992385976630347,0
2356,CPEC_ROCKFALL_0368,1,rockfall,66_27,1,66.91213779634127,27.89156561177764,Balochistan,conventional_alphaearth_embeddings,Conventional + AlphaEarth Embeddings,0.9363297628369739,0.31275142952145935,1
2357,RMC_03_00309,0,non_landslide,64_26,2,64.06672316929912,26.14209766198323,raster-matched control,conventional_alphaearth_embeddings,Conventional + AlphaEarth Embeddings,0.08952947525177464,0.5868831590132428,0
2358,RMC_03_00353,0,non_landslide,67_29,1,67.40845602622375,29.656756211100856,raster-matched control,conventional_alphaearth_embeddings,Conventional + AlphaEarth Embeddings,0.11386923975282745,0.31275142952145935,0
2359,RMC_03_00034,0,non_landslide,74_38,1,74.86222709620547,38.83978420301267,raster-matched control,conventional_alphaearth_embeddings,Conventional + AlphaEarth Embeddings,0.2584378354115356,0.31275142952145935,0
2360,RMC_03_00080,0,non_landslide,72_34,1,72.80283930736147,34.02256849192173,raster-matched control,conventional_alphaearth_embeddings,Conventional + AlphaEarth Embeddings,0.08533156313627288,0.31275142952145935,0
2361,CPEC_LANDSLIDE_1017,1,landslide,74_35,5,74.69828562328946,35.5474586378536,Gilgit-Baltistan,conventional_alphaearth_embeddings,Conventional + AlphaEarth Embeddings,0.9693470924485919,0.28992385976630347,1
2362,RMC_03_00152,0,non_landslide,73_38,5,73.91899604787997,38.842029991222965,raster-matched control,conventional_alphaearth_embeddings,Conventional + AlphaEarth Embeddings,0.9452683240634514,0.28992385976630347,1
2363,CPEC_ROCKFALL_0079,1,rockfall,64_26,2,64.03079155043405,26.04777637628935,Balochistan,conventional_alphaearth_embeddings,Conventional + AlphaEarth Embeddings,0.8587926186150986,0.5868831590132428,1
2364,RMC_03_00114,0,non_landslide,75_35,1,75.5831251117114,35.51152607534984,raster-matched control,conventional_alphaearth_embeddings,Conventional + AlphaEarth Embeddings,0.07523059934905722,0.31275142952145935,0
2365,RMC_03_01315,0,non_landslide,73_35,4,73.24975116121094,35.47110188756446,raster-matched control,conventional_alphaearth_embeddings,Conventional + AlphaEarth Embeddings,0.11637036405622526,0.32933342149262645,0
2366,CPEC_ROCKFALL_0439,1,rockfall,70_29,4,70.03378053891764,29.54671257719989,Punjab-Sindh lowland corridor,conventional_alphaearth_embeddings,Conventional + AlphaEarth Embeddings,0.9709534182481258,0.32933342149262645,1
2367,CPEC_LANDSLIDE_0527,1,landslide,75_38,2,75.32486066691546,38.80160802733418,"Kashgar (Xinjiang, China)",conventional_alphaearth_embeddings,Conventional + AlphaEarth Embeddings,0.19765559854879902,0.5868831590132428,0
2368,RMC_03_01252,0,non_landslide,69_31,2,69.386995439497,31.637541412584405,raster-matched control,conventional_alphaearth_embeddings,Conventional + AlphaEarth Embeddings,0.28324106617090467,0.5868831590132428,0
2369,RMC_03_00709,0,non_landslide,73_34,2,73.33958268962289,34.57503239165524,raster-matched control,conventional_alphaearth_embeddings,Conventional + AlphaEarth Embeddings,0.9254751709356396,0.5868831590132428,1
2370,CPEC_ROCKFALL_0022,1,rockfall,76_37,1,76.2007172958333,37.65849963587912,"Kashgar (Xinjiang, China)",conventional_alphaearth_embeddings,Conventional + AlphaEarth Embeddings,0.9753064778988817,0.31275142952145935,1
2371,RMC_03_01319,0,non_landslide,73_35,4,73.99086127060954,35.43966085262028,raster-matched control,conventional_alphaearth_embeddings,Conventional + AlphaEarth Embeddings,0.054339214012248276,0.32933342149262645,0
2372,CPEC_LANDSLIDE_0409,1,landslide,75_38,2,75.01718715332875,38.54783166818048,"Kashgar (Xinjiang, China)",conventional_alphaearth_embeddings,Conventional + AlphaEarth Embeddings,0.9881553374624484,0.5868831590132428,1
2373,CPEC_LANDSLIDE_0873,1,landslide,73_34,2,73.4922949887787,34.37066619704081,KP-AJK,conventional_alphaearth_embeddings,Conventional + AlphaEarth Embeddings,0.2921659249931886,0.5868831590132428,0
2374,CPEC_ROCKFALL_0917,1,rockfall,75_38,2,75.48206627455471,38.83529207669192,"Kashgar (Xinjiang, China)",conventional_alphaearth_embeddings,Conventional + AlphaEarth Embeddings,0.9805389620496735,0.5868831590132428,1
2375,RMC_03_00523,0,non_landslide,74_35,5,74.33222107857496,35.99661632877438,raster-matched control,conventional_alphaearth_embeddings,Conventional + AlphaEarth Embeddings,0.21692489503126383,0.28992385976630347,0
2376,CPEC_LANDSLIDE_0752,1,landslide,72_32,2,72.47270815560513,32.616705552274205,Punjab-Sindh lowland corridor,conventional_alphaearth_embeddings,Conventional + AlphaEarth Embeddings,0.9863466899514972,0.5868831590132428,1
2377,RMC_03_00360,0,non_landslide,67_29,1,67.1344698645673,29.91053027886462,raster-matched control,conventional_alphaearth_embeddings,Conventional + AlphaEarth Embeddings,0.11623730616123373,0.31275142952145935,0
2378,RMC_03_00413,0,non_landslide,74_36,2,74.83976921410249,36.76916747311717,raster-matched control,conventional_alphaearth_embeddings,Conventional + AlphaEarth Embeddings,0.13151028268874795,0.5868831590132428,0
2379,RMC_03_01097,0,non_landslide,67_30,3,67.65998430577721,30.49443521354231,raster-matched control,conventional_alphaearth_embeddings,Conventional + AlphaEarth Embeddings,0.06943964837256308,0.37326188443582237,0
2380,RMC_03_00725,0,non_landslide,73_36,1,73.77301981421056,36.31776404284711,raster-matched control,conventional_alphaearth_embeddings,Conventional + AlphaEarth Embeddings,0.48037043665061135,0.31275142952145935,1
2381,CPEC_LANDSLIDE_1078,1,landslide,74_36,2,74.74095476126988,36.23466853760437,Gilgit-Baltistan,conventional_alphaearth_embeddings,Conventional + AlphaEarth Embeddings,0.08909048360979224,0.5868831590132428,0
2382,CPEC_ROCKFALL_0859,1,rockfall,74_35,5,74.1907373640831,35.39923811883706,Gilgit-Baltistan,conventional_alphaearth_embeddings,Conventional + AlphaEarth Embeddings,0.9895638712272403,0.28992385976630347,1
2383,RMC_03_00404,0,non_landslide,75_40,1,75.63028666412767,40.0884424479388,raster-matched control,conventional_alphaearth_embeddings,Conventional + AlphaEarth Embeddings,0.30621951327561137,0.31275142952145935,0
2384,CPEC_LANDSLIDE_0639,1,landslide,65_27,5,65.63652721708307,27.148211170662936,Balochistan,conventional_alphaearth_embeddings,Conventional + AlphaEarth Embeddings,0.8725107889806537,0.28992385976630347,1
2385,RMC_03_00311,0,non_landslide,65_25,1,65.53322287062424,25.715397902026456,raster-matched control,conventional_alphaearth_embeddings,Conventional + AlphaEarth Embeddings,0.09406282443156687,0.31275142952145935,0
2386,RMC_03_01148,0,non_landslide,73_35,4,73.4967878643438,35.52724659282193,raster-matched control,conventional_alphaearth_embeddings,Conventional + AlphaEarth Embeddings,0.07608461670546394,0.32933342149262645,0
2387,RMC_03_00869,0,non_landslide,75_38,2,75.12498431681044,38.74995267460071,raster-matched control,conventional_alphaearth_embeddings,Conventional + AlphaEarth Embeddings,0.08429558628847734,0.5868831590132428,0
2388,CPEC_ROCKFALL_0294,1,rockfall,66_27,1,66.44950606204627,27.53898003238061,Balochistan,conventional_alphaearth_embeddings,Conventional + AlphaEarth Embeddings,0.987747753995081,0.31275142952145935,1
2389,CPEC_LANDSLIDE_0984,1,landslide,75_35,1,75.85261757209607,35.30940506901435,Gilgit-Baltistan,conventional_alphaearth_embeddings,Conventional + AlphaEarth Embeddings,0.4609825285179633,0.31275142952145935,1
2390,RMC_03_00326,0,non_landslide,63_25,4,63.13472106202512,25.888323594219464,raster-matched control,conventional_alphaearth_embeddings,Conventional + AlphaEarth Embeddings,0.19998944715793554,0.32933342149262645,0
2391,CPEC_LANDSLIDE_0535,1,landslide,75_38,2,75.36752980489588,38.80834126992488,"Kashgar (Xinjiang, China)",conventional_alphaearth_embeddings,Conventional + AlphaEarth Embeddings,0.9519200030275897,0.5868831590132428,1
2392,CPEC_ROCKFALL_0085,1,rockfall,65_27,5,65.638774604014,27.15045855759388,Balochistan,conventional_alphaearth_embeddings,Conventional + AlphaEarth Embeddings,0.9890911828923283,0.28992385976630347,1
2393,RMC_03_00285,0,non_landslide,67_27,2,67.25125085150283,27.17965181514128,raster-matched control,conventional_alphaearth_embeddings,Conventional + AlphaEarth Embeddings,0.10029971653315817,0.5868831590132428,0
2394,RMC_03_00887,0,non_landslide,74_35,5,74.59497829917991,35.49805134608805,raster-matched control,conventional_alphaearth_embeddings,Conventional + AlphaEarth Embeddings,0.30779241241704175,0.28992385976630347,1
2395,RMC_03_01454,0,non_landslide,66_30,2,66.79984742123277,30.040785995061952,raster-matched control,conventional_alphaearth_embeddings,Conventional + AlphaEarth Embeddings,0.10279618964992417,0.5868831590132428,0
2396,RMC_03_00496,0,non_landslide,74_36,2,74.40857787772512,36.24365303190725,raster-matched control,conventional_alphaearth_embeddings,Conventional + AlphaEarth Embeddings,0.05076482014947815,0.5868831590132428,0
2397,CPEC_ROCKFALL_0341,1,rockfall,66_27,1,66.34844499577096,27.7343600041384,Balochistan,conventional_alphaearth_embeddings,Conventional + AlphaEarth Embeddings,0.9801954007585201,0.31275142952145935,1
2398,RMC_03_01466,0,non_landslide,69_30,5,69.13097558352293,30.936855490971176,raster-matched control,conventional_alphaearth_embeddings,Conventional + AlphaEarth Embeddings,0.08107130763244463,0.28992385976630347,0
2399,CPEC_LANDSLIDE_0576,1,landslide,74_38,1,74.91163577229263,38.81283604378676,"Kashgar (Xinjiang, China)",conventional_alphaearth_embeddings,Conventional + AlphaEarth Embeddings,0.6905440768641142,0.31275142952145935,1
2400,RMC_03_00952,0,non_landslide,75_36,3,75.21706163343269,36.84327848405703,raster-matched control,conventional_alphaearth_embeddings,Conventional + AlphaEarth Embeddings,0.31937087416227494,0.37326188443582237,0
2401,RMC_03_01408,0,non_landslide,65_26,3,65.36254296664154,26.71028207918883,raster-matched control,conventional_alphaearth_embeddings,Conventional + AlphaEarth Embeddings,0.09437616736659388,0.37326188443582237,0
2402,CPEC_LANDSLIDE_0355,1,landslide,75_37,5,75.32261327998452,37.87858748657405,"Kashgar (Xinjiang, China)",conventional_alphaearth_embeddings,Conventional + AlphaEarth Embeddings,0.9503396216388608,0.28992385976630347,1
2403,CPEC_ROCKFALL_0060,1,rockfall,65_27,5,65.1514394498829,27.41096815933829,Balochistan,conventional_alphaearth_embeddings,Conventional + AlphaEarth Embeddings,0.9628246736814507,0.28992385976630347,1
2404,CPEC_ROCKFALL_0282,1,rockfall,66_27,1,66.28780568054516,27.188632921712426,Balochistan,conventional_alphaearth_embeddings,Conventional + AlphaEarth Embeddings,0.9795167086374839,0.31275142952145935,1
2405,CPEC_LANDSLIDE_0754,1,landslide,72_32,2,72.48618355898866,32.62119586703502,Punjab-Sindh lowland corridor,conventional_alphaearth_embeddings,Conventional + AlphaEarth Embeddings,0.9011278264739162,0.5868831590132428,1
2406,CPEC_ROCKFALL_0617,1,rockfall,67_30,3,67.20408851961353,30.27883900186201,Balochistan,conventional_alphaearth_embeddings,Conventional + AlphaEarth Embeddings,0.3239863521317979,0.37326188443582237,0
2407,CPEC_LANDSLIDE_0282,1,landslide,73_35,4,73.48106697232612,35.53174030664021,KP-AJK,conventional_alphaearth_embeddings,Conventional + AlphaEarth Embeddings,0.9766245210928797,0.32933342149262645,1
2408,CPEC_ROCKFALL_0408,1,rockfall,67_26,5,67.15917199470218,26.934861021659763,Balochistan,conventional_alphaearth_embeddings,Conventional + AlphaEarth Embeddings,0.9209203872763704,0.28992385976630347,1
2409,CPEC_ROCKFALL_0454,1,rockfall,69_28,1,69.17364670031426,28.83928957237386,Balochistan,conventional_alphaearth_embeddings,Conventional + AlphaEarth Embeddings,0.1462133849862313,0.31275142952145935,0
2410,RMC_03_01269,0,non_landslide,75_36,3,75.06659382334267,36.5311139228255,raster-matched control,conventional_alphaearth_embeddings,Conventional + AlphaEarth Embeddings,0.8661473334998037,0.37326188443582237,1
2411,RMC_03_01412,0,non_landslide,65_28,2,65.72860644492025,28.167798627672752,raster-matched control,conventional_alphaearth_embeddings,Conventional + AlphaEarth Embeddings,0.10288294244263393,0.5868831590132428,0
2412,RMC_03_01298,0,non_landslide,74_35,5,74.55455411139454,35.85064009510496,raster-matched control,conventional_alphaearth_embeddings,Conventional + AlphaEarth Embeddings,0.8983670606356665,0.28992385976630347,1
2413,RMC_03_00680,0,non_landslide,73_34,2,73.52149153465709,34.357190935256256,raster-matched control,conventional_alphaearth_embeddings,Conventional + AlphaEarth Embeddings,0.10277997317722837,0.5868831590132428,0
2414,RMC_03_00483,0,non_landslide,73_35,4,73.57539045170427,35.66423967365016,raster-matched control,conventional_alphaearth_embeddings,Conventional + AlphaEarth Embeddings,0.13193199344264614,0.32933342149262645,0
2415,RMC_03_00216,0,non_landslide,78_39,2,78.03103426093709,39.955940943531175,raster-matched control,conventional_alphaearth_embeddings,Conventional + AlphaEarth Embeddings,0.06307435648576104,0.5868831590132428,0
2416,RMC_03_00789,0,non_landslide,65_28,2,65.94869368952952,28.13411180451827,raster-matched control,conventional_alphaearth_embeddings,Conventional + AlphaEarth Embeddings,0.9306878930738167,0.5868831590132428,1
2417,RMC_03_00003,0,non_landslide,75_37,5,75.79198341526919,37.84490002585029,raster-matched control,conventional_alphaearth_embeddings,Conventional + AlphaEarth Embeddings,0.08064057795206124,0.28992385976630347,0
2418,RMC_03_00159,0,non_landslide,76_38,3,76.42978726699404,38.01333414162271,raster-matched control,conventional_alphaearth_embeddings,Conventional + AlphaEarth Embeddings,0.09965164021003987,0.37326188443582237,0
2419,RMC_03_00415,0,non_landslide,74_36,2,74.88243919009817,36.78488799058926,raster-matched control,conventional_alphaearth_embeddings,Conventional + AlphaEarth Embeddings,0.0550363782152061,0.5868831590132428,0
2420,RMC_03_00713,0,non_landslide,73_33,5,73.46983840582021,33.997864821608445,raster-matched control,conventional_alphaearth_embeddings,Conventional + AlphaEarth Embeddings,0.9827283385088869,0.28992385976630347,1
2421,CPEC_LANDSLIDE_0915,1,landslide,76_35,2,76.13334473801679,35.19262567152566,Gilgit-Baltistan,conventional_alphaearth_embeddings,Conventional + AlphaEarth Embeddings,0.6823050819115332,0.5868831590132428,1
2422,CPEC_LANDSLIDE_0137,1,landslide,74_36,2,74.88019465076478,36.53111403473851,Gilgit-Baltistan,conventional_alphaearth_embeddings,Conventional + AlphaEarth Embeddings,0.9128026253036683,0.5868831590132428,1
2423,CPEC_LANDSLIDE_0168,1,landslide,74_36,2,74.5994719439451,36.299798167591,Gilgit-Baltistan,conventional_alphaearth_embeddings,Conventional + AlphaEarth Embeddings,0.9780342352727065,0.5868831590132428,1
2424,CPEC_ROCKFALL_0212,1,rockfall,65_26,3,65.6769534272336,26.27684485650592,Balochistan,conventional_alphaearth_embeddings,Conventional + AlphaEarth Embeddings,0.9860199669441367,0.37326188443582237,1
2425,CPEC_ROCKFALL_0450,1,rockfall,69_28,1,69.17588962814415,28.830304483751167,Balochistan,conventional_alphaearth_embeddings,Conventional + AlphaEarth Embeddings,0.9669112598425817,0.31275142952145935,1
2426,RMC_03_01067,0,non_landslide,64_25,5,64.291301990329,25.888323594219464,raster-matched control,conventional_alphaearth_embeddings,Conventional + AlphaEarth Embeddings,0.3222291721980035,0.28992385976630347,1
2427,RMC_03_01260,0,non_landslide,73_35,4,73.60458569843814,35.538475533873424,raster-matched control,conventional_alphaearth_embeddings,Conventional + AlphaEarth Embeddings,0.14328598980146787,0.32933342149262645,0
2428,CPEC_LANDSLIDE_0263,1,landslide,73_35,4,73.88306385049637,35.48008608003709,Gilgit-Baltistan,conventional_alphaearth_embeddings,Conventional + AlphaEarth Embeddings,0.9677167664976706,0.32933342149262645,1
2429,CPEC_LANDSLIDE_0187,1,landslide,74_36,2,74.3501858995522,36.24140623929612,Gilgit-Baltistan,conventional_alphaearth_embeddings,Conventional + AlphaEarth Embeddings,0.1162003338043114,0.5868831590132428,0
2430,RMC_03_01391,0,non_landslide,77_37,2,77.6380213241348,37.71689009786326,raster-matched control,conventional_alphaearth_embeddings,Conventional + AlphaEarth Embeddings,0.13823250346094237,0.5868831590132428,0
2431,RMC_03_00584,0,non_landslide,75_38,2,75.10926379933835,38.74096952175952,raster-matched control,conventional_alphaearth_embeddings,Conventional + AlphaEarth Embeddings,0.14777578295685193,0.5868831590132428,0
2432,CPEC_ROCKFALL_0106,1,rockfall,65_27,5,65.82293101842026,27.455884684249643,Balochistan,conventional_alphaearth_embeddings,Conventional + AlphaEarth Embeddings,0.9856414172257341,0.28992385976630347,1
2433,RMC_03_01496,0,non_landslide,73_35,4,73.75505350852816,35.51601765177044,raster-matched control,conventional_alphaearth_embeddings,Conventional + AlphaEarth Embeddings,0.04837642753482763,0.32933342149262645,0
2434,CPEC_LANDSLIDE_0177,1,landslide,74_36,2,74.48268808735536,36.245901013158,Gilgit-Baltistan,conventional_alphaearth_embeddings,Conventional + AlphaEarth Embeddings,0.987099902794958,0.5868831590132428,1
2435,RMC_03_00372,0,non_landslide,74_36,2,74.10988804575538,36.07746470434514,raster-matched control,conventional_alphaearth_embeddings,Conventional + AlphaEarth Embeddings,0.09595639928422618,0.5868831590132428,0
2436,RMC_03_00120,0,non_landslide,73_35,4,73.80895242557534,35.32287986568474,raster-matched control,conventional_alphaearth_embeddings,Conventional + AlphaEarth Embeddings,0.31000177389504185,0.32933342149262645,0
2437,RMC_03_00112,0,non_landslide,76_37,1,76.15580110533759,37.22730826801813,raster-matched control,conventional_alphaearth_embeddings,Conventional + AlphaEarth Embeddings,0.32028558995377254,0.31275142952145935,1
2438,RMC_03_01197,0,non_landslide,67_26,5,67.35680289738687,26.17353869692741,raster-matched control,conventional_alphaearth_embeddings,Conventional + AlphaEarth Embeddings,0.18250835858049072,0.28992385976630347,0
2439,RMC_03_00558,0,non_landslide,77_36,5,77.42017986773581,36.44128239441354,raster-matched control,conventional_alphaearth_embeddings,Conventional + AlphaEarth Embeddings,0.05155136106520314,0.28992385976630347,0
2440,RMC_03_00771,0,non_landslide,74_36,2,74.82854027305099,36.22793251443516,raster-matched control,conventional_alphaearth_embeddings,Conventional + AlphaEarth Embeddings,0.7300584339198148,0.5868831590132428,1
2441,CPEC_ROCKFALL_0349,1,rockfall,66_27,1,66.49441812785658,27.77703360121988,Balochistan,conventional_alphaearth_embeddings,Conventional + AlphaEarth Embeddings,0.9805588881655495,0.31275142952145935,1
2442,RMC_03_01053,0,non_landslide,65_26,3,65.39398400158572,26.30828598954534,raster-matched control,conventional_alphaearth_embeddings,Conventional + AlphaEarth Embeddings,0.10463155891491664,0.37326188443582237,0
2443,RMC_03_00050,0,non_landslide,67_29,1,67.24900506329253,29.908284490654324,raster-matched control,conventional_alphaearth_embeddings,Conventional + AlphaEarth Embeddings,0.1676643503096035,0.31275142952145935,0
2444,RMC_03_00038,0,non_landslide,74_38,1,74.56578305244604,38.9610567663688,raster-matched control,conventional_alphaearth_embeddings,Conventional + AlphaEarth Embeddings,0.10244495919416971,0.31275142952145935,0
2445,CPEC_LANDSLIDE_0616,1,landslide,65_27,5,65.31762568704377,27.914026103783844,Balochistan,conventional_alphaearth_embeddings,Conventional + AlphaEarth Embeddings,0.980847274319544,0.28992385976630347,1
2446,RMC_03_00171,0,non_landslide,63_26,1,63.945450605943,26.31502335417624,raster-matched control,conventional_alphaearth_embeddings,Conventional + AlphaEarth Embeddings,0.10971054415124828,0.31275142952145935,0
2447,CPEC_LANDSLIDE_0435,1,landslide,74_38,1,74.99922143518441,38.574782474947504,"Kashgar (Xinjiang, China)",conventional_alphaearth_embeddings,Conventional + AlphaEarth Embeddings,0.9878096140667595,0.31275142952145935,1
2448,CPEC_ROCKFALL_0854,1,rockfall,74_35,5,74.21319339698825,35.40372843359789,Gilgit-Baltistan,conventional_alphaearth_embeddings,Conventional + AlphaEarth Embeddings,0.9819604982878348,0.28992385976630347,1
2449,CPEC_LANDSLIDE_0979,1,landslide,75_35,1,75.80770550628574,35.340846190542194,Gilgit-Baltistan,conventional_alphaearth_embeddings,Conventional + AlphaEarth Embeddings,0.9730390743026504,0.31275142952145935,1
2450,CPEC_LANDSLIDE_0433,1,landslide,74_38,1,74.99697404825348,38.56804477325574,"Kashgar (Xinjiang, China)",conventional_alphaearth_embeddings,Conventional + AlphaEarth Embeddings,0.9819464917859713,0.31275142952145935,1
2451,RMC_03_00135,0,non_landslide,73_36,1,73.874080283674,36.41208714767966,raster-matched control,conventional_alphaearth_embeddings,Conventional + AlphaEarth Embeddings,0.4323545229150305,0.31275142952145935,1
2452,RMC_03_00961,0,non_landslide,75_36,3,75.40346205488748,36.82531217837464,raster-matched control,conventional_alphaearth_embeddings,Conventional + AlphaEarth Embeddings,0.5526215213394904,0.37326188443582237,1
2453,RMC_03_01064,0,non_landslide,66_28,3,66.31700295601853,28.19474808619633,raster-matched control,conventional_alphaearth_embeddings,Conventional + AlphaEarth Embeddings,0.3179311494372464,0.37326188443582237,0
2454,RMC_03_00355,0,non_landslide,67_29,1,67.37027762664867,29.775782986246696,raster-matched control,conventional_alphaearth_embeddings,Conventional + AlphaEarth Embeddings,0.19419566136964428,0.31275142952145935,0
2455,RMC_03_00814,0,non_landslide,65_26,3,65.24800776791629,26.11963977988024,raster-matched control,conventional_alphaearth_embeddings,Conventional + AlphaEarth Embeddings,0.2615904943588506,0.37326188443582237,0
2456,CPEC_ROCKFALL_0841,1,rockfall,74_35,5,74.48268808735536,35.868607554823825,Gilgit-Baltistan,conventional_alphaearth_embeddings,Conventional + AlphaEarth Embeddings,0.9762414021275164,0.28992385976630347,1
2457,RMC_03_00515,0,non_landslide,74_36,2,74.31425477289257,36.19424569128068,raster-matched control,conventional_alphaearth_embeddings,Conventional + AlphaEarth Embeddings,0.42052542428796486,0.5868831590132428,0
2458,CPEC_LANDSLIDE_0728,1,landslide,69_30,5,69.12199247371115,30.923379763632344,Balochistan,conventional_alphaearth_embeddings,Conventional + AlphaEarth Embeddings,0.9805076906593998,0.28992385976630347,1
2459,RMC_03_00509,0,non_landslide,74_36,2,74.57476620528723,36.25937354937934,raster-matched control,conventional_alphaearth_embeddings,Conventional + AlphaEarth Embeddings,0.308774031001236,0.5868831590132428,0
2460,RMC_03_00700,0,non_landslide,73_34,2,73.53047468749828,34.372911452728346,raster-matched control,conventional_alphaearth_embeddings,Conventional + AlphaEarth Embeddings,0.5845531464363516,0.5868831590132428,0
2461,CPEC_LANDSLIDE_0155,1,landslide,74_36,2,74.74993984989257,36.304288482351815,Gilgit-Baltistan,conventional_alphaearth_embeddings,Conventional + AlphaEarth Embeddings,0.9760943376096066,0.5868831590132428,1
2462,RMC_03_01198,0,non_landslide,63_26,1,63.114508968132434,26.117393991669942,raster-matched control,conventional_alphaearth_embeddings,Conventional + AlphaEarth Embeddings,0.14438235603712832,0.31275142952145935,0
2463,CPEC_ROCKFALL_0347,1,rockfall,66_27,1,66.4921752000267,27.77703360121988,Balochistan,conventional_alphaearth_embeddings,Conventional + AlphaEarth Embeddings,0.9811318957075841,0.31275142952145935,1
2464,CPEC_LANDSLIDE_0078,1,landslide,75_36,3,75.12947623605662,36.870228669853056,Gilgit-Baltistan,conventional_alphaearth_embeddings,Conventional + AlphaEarth Embeddings,0.9697279694517024,0.37326188443582237,1
2465,RMC_03_00248,0,non_landslide,66_27,1,66.25187509791986,27.47609585890072,raster-matched control,conventional_alphaearth_embeddings,Conventional + AlphaEarth Embeddings,0.2593241381632296,0.31275142952145935,0
2466,CPEC_ROCKFALL_0274,1,rockfall,66_27,1,66.28331536578433,27.089819242368065,Balochistan,conventional_alphaearth_embeddings,Conventional + AlphaEarth Embeddings,0.9822270479079311,0.31275142952145935,1
2467,CPEC_LANDSLIDE_0133,1,landslide,74_36,2,74.81281763384722,36.553570067643655,Gilgit-Baltistan,conventional_alphaearth_embeddings,Conventional + AlphaEarth Embeddings,0.3234457934631602,0.5868831590132428,0
2468,CPEC_ROCKFALL_0824,1,rockfall,75_35,1,75.99185746159095,35.19936337321741,Gilgit-Baltistan,conventional_alphaearth_embeddings,Conventional + AlphaEarth Embeddings,0.972711216320734,0.31275142952145935,1
2469,CPEC_LANDSLIDE_0690,1,landslide,66_27,1,66.46522439325966,27.563683452216708,Balochistan,conventional_alphaearth_embeddings,Conventional + AlphaEarth Embeddings,0.9793614376458942,0.31275142952145935,1
2470,RMC_03_00315,0,non_landslide,68_29,2,68.49092594358777,29.03242708863779,raster-matched control,conventional_alphaearth_embeddings,Conventional + AlphaEarth Embeddings,0.10088581382902538,0.5868831590132428,0
2471,RMC_03_01274,0,non_landslide,74_35,5,74.64887721622709,35.82144484837107,raster-matched control,conventional_alphaearth_embeddings,Conventional + AlphaEarth Embeddings,0.42280122105091456,0.28992385976630347,1
2472,RMC_03_00682,0,non_landslide,73_34,2,73.29915850183751,34.57503239165524,raster-matched control,conventional_alphaearth_embeddings,Conventional + AlphaEarth Embeddings,0.07489685149145868,0.5868831590132428,0
2473,CPEC_LANDSLIDE_0920,1,landslide,76_35,2,76.17601387599721,35.18364058290297,Gilgit-Baltistan,conventional_alphaearth_embeddings,Conventional + AlphaEarth Embeddings,0.7697135309664113,0.5868831590132428,1
2474,RMC_03_01028,0,non_landslide,77_37,2,77.16191422355145,37.56417649956295,raster-matched control,conventional_alphaearth_embeddings,Conventional + AlphaEarth Embeddings,0.13283339362923632,0.5868831590132428,0
2475,RMC_03_01037,0,non_landslide,68_28,5,68.53584170779375,28.913400313491955,raster-matched control,conventional_alphaearth_embeddings,Conventional + AlphaEarth Embeddings,0.17211834369414253,0.28992385976630347,0
2476,CPEC_ROCKFALL_0497,1,rockfall,68_29,2,68.52461116468206,29.322134411744138,Balochistan,conventional_alphaearth_embeddings,Conventional + AlphaEarth Embeddings,0.9746518999715794,0.5868831590132428,1
2477,CPEC_ROCKFALL_0053,1,rockfall,63_27,3,63.534471307680256,27.07634383898455,Balochistan,conventional_alphaearth_embeddings,Conventional + AlphaEarth Embeddings,0.9659198823058543,0.37326188443582237,1
2478,CPEC_LANDSLIDE_0689,1,landslide,66_27,1,66.46522439325966,27.565926380046587,Balochistan,conventional_alphaearth_embeddings,Conventional + AlphaEarth Embeddings,0.9871684653216669,0.31275142952145935,1
2479,CPEC_LANDSLIDE_0921,1,landslide,76_35,2,76.15804815785287,35.176902881211205,Gilgit-Baltistan,conventional_alphaearth_embeddings,Conventional + AlphaEarth Embeddings,0.9192317281815829,0.5868831590132428,1
2480,RMC_03_00002,0,non_landslide,74_39,3,74.59946987560052,39.66174268798203,raster-matched control,conventional_alphaearth_embeddings,Conventional + AlphaEarth Embeddings,0.0952943572071666,0.37326188443582237,0
2481,CPEC_ROCKFALL_0707,1,rockfall,72_32,2,72.57601660881137,32.63916158517935,Punjab-Sindh lowland corridor,conventional_alphaearth_embeddings,Conventional + AlphaEarth Embeddings,0.9873676622442432,0.5868831590132428,1
2482,CPEC_ROCKFALL_0899,1,rockfall,75_38,2,75.33608868336803,38.80609834209501,"Kashgar (Xinjiang, China)",conventional_alphaearth_embeddings,Conventional + AlphaEarth Embeddings,0.9393131314566854,0.5868831590132428,1
2483,RMC_03_01083,0,non_landslide,66_26,4,66.741456927765,26.42955855290148,raster-matched control,conventional_alphaearth_embeddings,Conventional + AlphaEarth Embeddings,0.6334612626305032,0.32933342149262645,1
2484,CPEC_LANDSLIDE_0962,1,landslide,75_35,1,75.49778460576809,35.36779699730923,Gilgit-Baltistan,conventional_alphaearth_embeddings,Conventional + AlphaEarth Embeddings,0.13059037653495995,0.31275142952145935,0
2485,CPEC_LANDSLIDE_0942,1,landslide,72_35,3,72.39859789609687,35.491314096489674,KP-AJK,conventional_alphaearth_embeddings,Conventional + AlphaEarth Embeddings,0.48293408243885294,0.37326188443582237,1
2486,CPEC_LANDSLIDE_1071,1,landslide,74_36,2,74.7836238992503,36.205474803007455,Gilgit-Baltistan,conventional_alphaearth_embeddings,Conventional + AlphaEarth Embeddings,0.9799932546970649,0.5868831590132428,1
2487,CPEC_ROCKFALL_0309,1,rockfall,66_27,1,66.55505744308238,27.61084290495795,Balochistan,conventional_alphaearth_embeddings,Conventional + AlphaEarth Embeddings,0.9700479475108345,0.31275142952145935,1
2488,CPEC_ROCKFALL_0099,1,rockfall,65_27,5,65.73534535552848,27.282956286295967,Balochistan,conventional_alphaearth_embeddings,Conventional + AlphaEarth Embeddings,0.8821354979014598,0.28992385976630347,1
2489,RMC_03_00767,0,non_landslide,73_35,4,73.46534682939962,35.70241807322524,raster-matched control,conventional_alphaearth_embeddings,Conventional + AlphaEarth Embeddings,0.07962462761885986,0.32933342149262645,0
2490,RMC_03_00625,0,non_landslide,77_37,2,77.13047318860727,37.364301348846354,raster-matched control,conventional_alphaearth_embeddings,Conventional + AlphaEarth Embeddings,0.07646048968639417,0.5868831590132428,0
2491,CPEC_LANDSLIDE_0220,1,landslide,74_35,5,74.33895788309962,35.891063587728986,Gilgit-Baltistan,conventional_alphaearth_embeddings,Conventional + AlphaEarth Embeddings,0.6989721280030436,0.28992385976630347,1
2492,RMC_03_00676,0,non_landslide,72_32,2,72.7781356370482,32.679587142163044,raster-matched control,conventional_alphaearth_embeddings,Conventional + AlphaEarth Embeddings,0.1675307779691026,0.5868831590132428,0
2493,CPEC_LANDSLIDE_1016,1,landslide,74_35,5,74.69603823635852,35.5474586378536,Gilgit-Baltistan,conventional_alphaearth_embeddings,Conventional + AlphaEarth Embeddings,0.9779842312919074,0.28992385976630347,1
2494,CPEC_LANDSLIDE_0919,1,landslide,76_35,2,76.17601387599721,35.194868599355544,Gilgit-Baltistan,conventional_alphaearth_embeddings,Conventional + AlphaEarth Embeddings,0.9724897428146093,0.5868831590132428,1
2495,CPEC_ROCKFALL_0903,1,rockfall,75_38,2,75.39223322473197,38.81283604378676,"Kashgar (Xinjiang, China)",conventional_alphaearth_embeddings,Conventional + AlphaEarth Embeddings,0.9903103314325105,0.5868831590132428,1
2496,RMC_03_00244,0,non_landslide,66_27,1,66.72573641029291,27.5075368938449,raster-matched control,conventional_alphaearth_embeddings,Conventional + AlphaEarth Embeddings,0.12305160211009317,0.31275142952145935,0
2497,RMC_03_00708,0,non_landslide,73_33,5,73.4878047115026,33.99112745697755,raster-matched control,conventional_alphaearth_embeddings,Conventional + AlphaEarth Embeddings,0.060379616044366334,0.28992385976630347,0
2498,CPEC_ROCKFALL_0443,1,rockfall,69_28,1,69.17813701507508,28.832551870682103,Balochistan,conventional_alphaearth_embeddings,Conventional + AlphaEarth Embeddings,0.821560631700142,0.31275142952145935,1
2499,CPEC_ROCKFALL_0062,1,rockfall,64_26,2,64.03303447826393,26.797868519095804,Balochistan,conventional_alphaearth_embeddings,Conventional + AlphaEarth Embeddings,0.9903697632458582,0.5868831590132428,1
2500,RMC_03_01142,0,non_landslide,73_35,4,73.78200296705175,35.51377186356014,raster-matched control,conventional_alphaearth_embeddings,Conventional + AlphaEarth Embeddings,0.06201002865977885,0.32933342149262645,0
2501,RMC_03_00540,0,non_landslide,74_35,5,74.0537433404979,35.14770838528143,raster-matched control,conventional_alphaearth_embeddings,Conventional + AlphaEarth Embeddings,0.06627395845484976,0.28992385976630347,0
2502,RMC_03_00102,0,non_landslide,73_36,1,73.82691873125773,36.36492559526339,raster-matched control,conventional_alphaearth_embeddings,Conventional + AlphaEarth Embeddings,0.12710142531939272,0.31275142952145935,0
2503,RMC_03_00913,0,non_landslide,77_37,2,77.36628095068865,37.63604172229251,raster-matched control,conventional_alphaearth_embeddings,Conventional + AlphaEarth Embeddings,0.11975765937095799,0.5868831590132428,0
2504,CPEC_ROCKFALL_0491,1,rockfall,68_29,2,68.66834136893777,29.39624467125242,Balochistan,conventional_alphaearth_embeddings,Conventional + AlphaEarth Embeddings,0.983751794912028,0.5868831590132428,1
2505,RMC_03_01469,0,non_landslide,69_30,5,69.12872979531264,30.43379893186425,raster-matched control,conventional_alphaearth_embeddings,Conventional + AlphaEarth Embeddings,0.13215943091138485,0.28992385976630347,0
2506,RMC_03_00885,0,non_landslide,74_35,5,74.62641933412411,35.522755016401334,raster-matched control,conventional_alphaearth_embeddings,Conventional + AlphaEarth Embeddings,0.040073184450039136,0.28992385976630347,0
2507,CPEC_ROCKFALL_0315,1,rockfall,66_27,1,66.593236266302,27.911778716852904,Balochistan,conventional_alphaearth_embeddings,Conventional + AlphaEarth Embeddings,0.9449589438275047,0.31275142952145935,1
2508,CPEC_LANDSLIDE_0683,1,landslide,66_27,1,66.94357891786912,27.68271023663634,Balochistan,conventional_alphaearth_embeddings,Conventional + AlphaEarth Embeddings,0.9866366205883356,0.31275142952145935,1
2509,CPEC_ROCKFALL_0277,1,rockfall,66_27,1,66.28331536578433,27.12350775082685,Balochistan,conventional_alphaearth_embeddings,Conventional + AlphaEarth Embeddings,0.9576468742044651,0.31275142952145935,1
2510,CPEC_ROCKFALL_0595,1,rockfall,67_29,1,67.1704044702558,29.93523405198663,Balochistan,conventional_alphaearth_embeddings,Conventional + AlphaEarth Embeddings,0.9830299329639702,0.31275142952145935,1
2511,RMC_03_01027,0,non_landslide,68_29,2,68.56503695452763,29.059376547161374,raster-matched control,conventional_alphaearth_embeddings,Conventional + AlphaEarth Embeddings,0.10261181791751979,0.5868831590132428,0
2512,RMC_03_00173,0,non_landslide,65_29,4,65.97115157163252,29.36480374376201,raster-matched control,conventional_alphaearth_embeddings,Conventional + AlphaEarth Embeddings,0.08335966357714482,0.32933342149262645,0
2513,RMC_03_00810,0,non_landslide,71_34,5,71.36778064098054,34.31676674747088,raster-matched control,conventional_alphaearth_embeddings,Conventional + AlphaEarth Embeddings,0.08676644255180338,0.28992385976630347,0
2514,RMC_03_00231,0,non_landslide,69_32,4,69.83390729334646,32.24165844115478,raster-matched control,conventional_alphaearth_embeddings,Conventional + AlphaEarth Embeddings,0.06437786876787065,0.32933342149262645,0
2515,RMC_03_00617,0,non_landslide,75_38,2,75.48206464224795,38.88469996721864,raster-matched control,conventional_alphaearth_embeddings,Conventional + AlphaEarth Embeddings,0.13119718086701002,0.5868831590132428,0
2516,RMC_03_00967,0,non_landslide,75_36,3,75.06210224692207,36.85899900152912,raster-matched control,conventional_alphaearth_embeddings,Conventional + AlphaEarth Embeddings,0.04869917273602837,0.37326188443582237,0
2517,RMC_03_00310,0,non_landslide,65_26,3,65.2524993443369,26.61146739793568,raster-matched control,conventional_alphaearth_embeddings,Conventional + AlphaEarth Embeddings,0.18543082774749672,0.37326188443582237,0
2518,RMC_03_00254,0,non_landslide,68_29,2,68.45050175580239,29.607348870474283,raster-matched control,conventional_alphaearth_embeddings,Conventional + AlphaEarth Embeddings,0.2998311499212797,0.5868831590132428,0
2519,RMC_03_00354,0,non_landslide,65_29,4,65.53996023525514,29.10653809957765,raster-matched control,conventional_alphaearth_embeddings,Conventional + AlphaEarth Embeddings,0.2580236611198334,0.32933342149262645,0
2520,CPEC_LANDSLIDE_0336,1,landslide,75_37,5,75.32036589305359,37.72587219369564,"Kashgar (Xinjiang, China)",conventional_alphaearth_embeddings,Conventional + AlphaEarth Embeddings,0.33241220645833924,0.28992385976630347,1
2521,CPEC_ROCKFALL_0362,1,rockfall,66_27,1,66.90315270771858,27.860124490249788,Balochistan,conventional_alphaearth_embeddings,Conventional + AlphaEarth Embeddings,0.9714189148649427,0.31275142952145935,1
2522,CPEC_ROCKFALL_0628,1,rockfall,67_30,3,67.19959820485273,30.27883900186201,Balochistan,conventional_alphaearth_embeddings,Conventional + AlphaEarth Embeddings,0.9051800241667726,0.37326188443582237,1
2523,CPEC_LANDSLIDE_0353,1,landslide,75_37,5,75.30913787660101,37.86735947012148,"Kashgar (Xinjiang, China)",conventional_alphaearth_embeddings,Conventional + AlphaEarth Embeddings,0.9813156894304871,0.28992385976630347,1
2524,RMC_03_00424,0,non_landslide,74_36,2,74.84650657873338,36.74221801459358,raster-matched control,conventional_alphaearth_embeddings,Conventional + AlphaEarth Embeddings,0.09987278696640876,0.5868831590132428,0
2525,RMC_03_01253,0,non_landslide,70_29,4,70.01132456196007,29.9487086784397,raster-matched control,conventional_alphaearth_embeddings,Conventional + AlphaEarth Embeddings,0.07697870252768045,0.32933342149262645,0
2526,CPEC_LANDSLIDE_0024,1,landslide,75_38,2,75.23727500402367,38.91614003789194,"Kashgar (Xinjiang, China)",conventional_alphaearth_embeddings,Conventional + AlphaEarth Embeddings,0.19522916399513324,0.5868831590132428,0
2527,RMC_03_00937,0,non_landslide,75_35,1,75.33833419678882,35.84165694226376,raster-matched control,conventional_alphaearth_embeddings,Conventional + AlphaEarth Embeddings,0.2571567669077495,0.31275142952145935,0
2528,CPEC_ROCKFALL_0029,1,rockfall,67_28,4,67.40845803909507,28.09144035739729,Balochistan,conventional_alphaearth_embeddings,Conventional + AlphaEarth Embeddings,0.9687320925736023,0.32933342149262645,1
2529,RMC_03_01070,0,non_landslide,64_25,5,64.15206312129048,25.67497371424108,raster-matched control,conventional_alphaearth_embeddings,Conventional + AlphaEarth Embeddings,0.08057846631744701,0.28992385976630347,0
2530,RMC_03_01458,0,non_landslide,65_27,5,65.88581161964116,27.824193031497032,raster-matched control,conventional_alphaearth_embeddings,Conventional + AlphaEarth Embeddings,0.09935137777496852,0.28992385976630347,0
2531,RMC_03_00848,0,non_landslide,74_39,3,74.56578305244604,39.62131850019665,raster-matched control,conventional_alphaearth_embeddings,Conventional + AlphaEarth Embeddings,0.11939481168557461,0.37326188443582237,0
2532,CPEC_LANDSLIDE_1000,1,landslide,75_35,1,75.91999458901361,35.226309720883386,Gilgit-Baltistan,conventional_alphaearth_embeddings,Conventional + AlphaEarth Embeddings,0.9250296777714866,0.31275142952145935,1
2533,RMC_03_00384,0,non_landslide,72_35,3,72.09541602111736,35.9741584466714,raster-matched control,conventional_alphaearth_embeddings,Conventional + AlphaEarth Embeddings,0.8578956329483176,0.37326188443582237,1
2534,RMC_03_01289,0,non_landslide,73_35,4,73.95268287103445,35.49355976966745,raster-matched control,conventional_alphaearth_embeddings,Conventional + AlphaEarth Embeddings,0.3757475077412386,0.32933342149262645,1
2535,RMC_03_00153,0,non_landslide,75_38,2,75.67071085191304,38.09418251719347,raster-matched control,conventional_alphaearth_embeddings,Conventional + AlphaEarth Embeddings,0.18541861569756776,0.5868831590132428,0
2536,CPEC_ROCKFALL_0373,1,rockfall,66_27,1,66.98400066891861,27.952204927003443,Balochistan,conventional_alphaearth_embeddings,Conventional + AlphaEarth Embeddings,0.14513610641155755,0.31275142952145935,0
2537,RMC_03_01445,0,non_landslide,77_39,1,77.33933149216506,39.859372050488325,raster-matched control,conventional_alphaearth_embeddings,Conventional + AlphaEarth Embeddings,0.09975612378793197,0.31275142952145935,0
2538,CPEC_LANDSLIDE_0925,1,landslide,76_35,2,76.1378350527776,35.2016063010473,Gilgit-Baltistan,conventional_alphaearth_embeddings,Conventional + AlphaEarth Embeddings,0.9642296707014618,0.5868831590132428,1
2539,CPEC_ROCKFALL_0685,1,rockfall,70_32,5,70.3684048592714,32.9266219936908,KP-AJK,conventional_alphaearth_embeddings,Conventional + AlphaEarth Embeddings,0.9704952963673986,0.28992385976630347,1
2540,RMC_03_00881,0,non_landslide,74_35,5,74.33446686678526,35.97640423488169,raster-matched control,conventional_alphaearth_embeddings,Conventional + AlphaEarth Embeddings,0.05492074539128028,0.28992385976630347,0
2541,RMC_03_00176,0,non_landslide,65_29,4,65.96665999521191,29.3895074140753,raster-matched control,conventional_alphaearth_embeddings,Conventional + AlphaEarth Embeddings,0.08208002833321235,0.32933342149262645,0
2542,CPEC_LANDSLIDE_0719,1,landslide,66_29,5,66.8829396026433,29.99137859335056,Balochistan,conventional_alphaearth_embeddings,Conventional + AlphaEarth Embeddings,0.9891277305693669,0.28992385976630347,1
2543,CPEC_LANDSLIDE_0625,1,landslide,63_26,1,63.93871111368039,26.65638124266996,Balochistan,conventional_alphaearth_embeddings,Conventional + AlphaEarth Embeddings,0.496992161577886,0.31275142952145935,1
2544,RMC_03_00516,0,non_landslide,74_36,2,74.28955110257928,36.15831307991589,raster-matched control,conventional_alphaearth_embeddings,Conventional + AlphaEarth Embeddings,0.4358291408068872,0.5868831590132428,0
2545,CPEC_LANDSLIDE_0850,1,landslide,73_34,2,73.44737846386734,34.39985993163772,KP-AJK,conventional_alphaearth_embeddings,Conventional + AlphaEarth Embeddings,0.9131335655610141,0.5868831590132428,1
2546,RMC_03_00932,0,non_landslide,74_40,5,74.85998130799518,40.18725712919195,raster-matched control,conventional_alphaearth_embeddings,Conventional + AlphaEarth Embeddings,0.2671189628085332,0.28992385976630347,0
2547,CPEC_ROCKFALL_0486,1,rockfall,68_29,2,68.68855447401305,29.40073498601324,Balochistan,conventional_alphaearth_embeddings,Conventional + AlphaEarth Embeddings,0.9742288068937582,0.5868831590132428,1
2548,CPEC_ROCKFALL_0280,1,rockfall,66_27,1,66.28780568054516,27.184142606951607,Balochistan,conventional_alphaearth_embeddings,Conventional + AlphaEarth Embeddings,0.9882591552387929,0.31275142952145935,1
2549,CPEC_ROCKFALL_0821,1,rockfall,75_35,1,75.85486495902698,35.286949036109185,Gilgit-Baltistan,conventional_alphaearth_embeddings,Conventional + AlphaEarth Embeddings,0.9765011377064499,0.31275142952145935,1
2550,CPEC_LANDSLIDE_0236,1,landslide,74_36,2,74.30751676157178,36.299798167591,Gilgit-Baltistan,conventional_alphaearth_embeddings,Conventional + AlphaEarth Embeddings,0.9703812996809787,0.5868831590132428,1
2551,RMC_03_00297,0,non_landslide,65_27,5,65.49953604746976,27.00223454652767,raster-matched control,conventional_alphaearth_embeddings,Conventional + AlphaEarth Embeddings,0.12331819965426533,0.28992385976630347,0
2552,CPEC_LANDSLIDE_0173,1,landslide,74_36,2,74.50514857936156,36.241406239296126,Gilgit-Baltistan,conventional_alphaearth_embeddings,Conventional + AlphaEarth Embeddings,0.9868025831114647,0.5868831590132428,1
2553,CPEC_ROCKFALL_0031,1,rockfall,67_28,4,67.39722556354144,28.010592396197268,Balochistan,conventional_alphaearth_embeddings,Conventional + AlphaEarth Embeddings,0.955228841356658,0.32933342149262645,1
2554,RMC_03_01397,0,non_landslide,74_36,2,74.91163443683205,36.48844394682982,raster-matched control,conventional_alphaearth_embeddings,Conventional + AlphaEarth Embeddings,0.17278211263777513,0.5868831590132428,0
2555,CPEC_LANDSLIDE_0314,1,landslide,72_34,1,72.94881529328366,34.77041568828013,KP-AJK,conventional_alphaearth_embeddings,Conventional + AlphaEarth Embeddings,0.984275164103398,0.31275142952145935,1
2556,RMC_03_00820,0,non_landslide,66_26,4,66.91662840816831,26.773164149077196,raster-matched control,conventional_alphaearth_embeddings,Conventional + AlphaEarth Embeddings,0.1702568671289161,0.32933342149262645,0
2557,CPEC_LANDSLIDE_0945,1,landslide,75_35,1,75.16091735758447,35.59686547752579,Gilgit-Baltistan,conventional_alphaearth_embeddings,Conventional + AlphaEarth Embeddings,0.934952356071695,0.31275142952145935,1
2558,CPEC_LANDSLIDE_0090,1,landslide,74_36,2,74.99922143518441,36.85226295170872,Gilgit-Baltistan,conventional_alphaearth_embeddings,Conventional + AlphaEarth Embeddings,0.770194138697651,0.5868831590132428,1
2559,RMC_03_00142,0,non_landslide,73_36,1,73.37551530098767,36.24365303190725,raster-matched control,conventional_alphaearth_embeddings,Conventional + AlphaEarth Embeddings,0.0819263766767748,0.31275142952145935,0
2560,CPEC_LANDSLIDE_0356,1,landslide,75_37,5,75.35180701458145,37.871849784882286,"Kashgar (Xinjiang, China)",conventional_alphaearth_embeddings,Conventional + AlphaEarth Embeddings,0.9520495862014303,0.28992385976630347,1
2561,RMC_03_00260,0,non_landslide,68_30,4,68.72673370566915,30.220449051885858,raster-matched control,conventional_alphaearth_embeddings,Conventional + AlphaEarth Embeddings,0.09991672711141975,0.32933342149262645,0
2562,CPEC_LANDSLIDE_0189,1,landslide,74_36,2,74.29853613205015,36.21895020639097,Gilgit-Baltistan,conventional_alphaearth_embeddings,Conventional + AlphaEarth Embeddings,0.8749003572692614,0.5868831590132428,1
2563,RMC_03_00815,0,non_landslide,65_25,1,65.64551228113919,25.93323935842544,raster-matched control,conventional_alphaearth_embeddings,Conventional + AlphaEarth Embeddings,0.1589127130153601,0.31275142952145935,0
2564,RMC_03_00711,0,non_landslide,73_33,5,73.47432998224082,33.959686422033364,raster-matched control,conventional_alphaearth_embeddings,Conventional + AlphaEarth Embeddings,0.0853798102486457,0.28992385976630347,0
2565,CPEC_ROCKFALL_0058,1,rockfall,65_27,5,65.14694913512209,27.40872077240735,Balochistan,conventional_alphaearth_embeddings,Conventional + AlphaEarth Embeddings,0.6577864142027534,0.28992385976630347,1
2566,CPEC_ROCKFALL_0642,1,rockfall,67_30,3,67.44887979014456,30.36867205168473,Balochistan,conventional_alphaearth_embeddings,Conventional + AlphaEarth Embeddings,0.8220791775234766,0.37326188443582237,1
2567,RMC_03_00103,0,non_landslide,76_37,1,76.8699617562126,37.959435224575536,raster-matched control,conventional_alphaearth_embeddings,Conventional + AlphaEarth Embeddings,0.07792622333518406,0.31275142952145935,0
2568,CPEC_LANDSLIDE_0019,1,landslide,74_39,3,74.55006064517187,39.430425998790064,"Kashgar (Xinjiang, China)",conventional_alphaearth_embeddings,Conventional + AlphaEarth Embeddings,0.7961251207049638,0.37326188443582237,1
2569,CPEC_ROCKFALL_0323,1,rockfall,66_25,2,66.85149848111547,25.052888503850827,Balochistan,conventional_alphaearth_embeddings,Conventional + AlphaEarth Embeddings,0.9908376866305116,0.5868831590132428,1
2570,CPEC_LANDSLIDE_0300,1,landslide,73_35,4,73.20932489502808,35.307157682083414,KP-AJK,conventional_alphaearth_embeddings,Conventional + AlphaEarth Embeddings,0.9538898948653445,0.32933342149262645,1
2571,RMC_03_01363,0,non_landslide,67_29,1,67.32536186244269,29.537729435955026,raster-matched control,conventional_alphaearth_embeddings,Conventional + AlphaEarth Embeddings,0.10957279006605478,0.31275142952145935,0
2572,CPEC_ROCKFALL_0082,1,rockfall,65_26,3,65.42991476977166,26.880963867226765,Balochistan,conventional_alphaearth_embeddings,Conventional + AlphaEarth Embeddings,0.9784038789535779,0.37326188443582237,1
2573,RMC_03_01029,0,non_landslide,63_26,1,63.431165105784565,26.957318782321696,raster-matched control,conventional_alphaearth_embeddings,Conventional + AlphaEarth Embeddings,0.1628449499270548,0.31275142952145935,0
2574,CPEC_ROCKFALL_0098,1,rockfall,65_27,5,65.73309796859755,27.2852036732269,Balochistan,conventional_alphaearth_embeddings,Conventional + AlphaEarth Embeddings,0.9898912524495298,0.28992385976630347,1
2575,CPEC_LANDSLIDE_0166,1,landslide,74_36,2,74.69379084942759,36.28857015113842,Gilgit-Baltistan,conventional_alphaearth_embeddings,Conventional + AlphaEarth Embeddings,0.9830779667038361,0.5868831590132428,1
2576,CPEC_ROCKFALL_0800,1,rockfall,72_35,3,72.56254120542786,35.52275521801752,KP-AJK,conventional_alphaearth_embeddings,Conventional + AlphaEarth Embeddings,0.9528131851649295,0.37326188443582237,1
2577,RMC_03_01435,0,non_landslide,66_29,5,66.65836276398394,29.420948449019484,raster-matched control,conventional_alphaearth_embeddings,Conventional + AlphaEarth Embeddings,0.10793998337037844,0.28992385976630347,0
2578,RMC_03_00501,0,non_landslide,73_35,4,73.61806042769994,35.52724659282193,raster-matched control,conventional_alphaearth_embeddings,Conventional + AlphaEarth Embeddings,0.09135508806921881,0.32933342149262645,0
2579,CPEC_ROCKFALL_0721,1,rockfall,72_33,4,72.90839354223418,33.840657445828235,KP-AJK,conventional_alphaearth_embeddings,Conventional + AlphaEarth Embeddings,0.8870654229217052,0.32933342149262645,1
2580,RMC_03_00236,0,non_landslide,69_32,4,69.84289044618765,32.21920055905179,raster-matched control,conventional_alphaearth_embeddings,Conventional + AlphaEarth Embeddings,0.05909790428427141,0.32933342149262645,0
2581,CPEC_ROCKFALL_0336,1,rockfall,66_26,4,66.55281005615144,26.076970110886265,Balochistan,conventional_alphaearth_embeddings,Conventional + AlphaEarth Embeddings,0.9598764213261219,0.32933342149262645,1
2582,CPEC_ROCKFALL_0385,1,rockfall,66_27,1,66.93459382924642,27.682710236636336,Balochistan,conventional_alphaearth_embeddings,Conventional + AlphaEarth Embeddings,0.9833586134527864,0.31275142952145935,1
2583,RMC_03_00463,0,non_landslide,74_36,2,74.87794761367756,36.61645387481685,raster-matched control,conventional_alphaearth_embeddings,Conventional + AlphaEarth Embeddings,0.7450938576544623,0.5868831590132428,1
2584,CPEC_ROCKFALL_0411,1,rockfall,67_26,5,67.15243429301042,26.867488463843248,Balochistan,conventional_alphaearth_embeddings,Conventional + AlphaEarth Embeddings,0.08508038140699796,0.28992385976630347,0
2585,RMC_03_00048,0,non_landslide,65_28,2,65.12673520456016,28.92013767812285,raster-matched control,conventional_alphaearth_embeddings,Conventional + AlphaEarth Embeddings,0.18228290346069187,0.5868831590132428,0
2586,CPEC_ROCKFALL_0037,1,rockfall,66_27,1,66.90540009464952,27.70291888261055,Balochistan,conventional_alphaearth_embeddings,Conventional + AlphaEarth Embeddings,0.9850380862810652,0.31275142952145935,1
2587,RMC_03_01267,0,non_landslide,76_37,1,76.20296265775386,37.33061452569187,raster-matched control,conventional_alphaearth_embeddings,Conventional + AlphaEarth Embeddings,0.17952361349143328,0.31275142952145935,0
2588,RMC_03_00890,0,non_landslide,77_37,2,77.13945634144847,37.364301348846354,raster-matched control,conventional_alphaearth_embeddings,Conventional + AlphaEarth Embeddings,0.12097020457370135,0.5868831590132428,0
2589,CPEC_LANDSLIDE_0967,1,landslide,75_35,1,75.78300208644966,35.30266736732259,Gilgit-Baltistan,conventional_alphaearth_embeddings,Conventional + AlphaEarth Embeddings,0.9629274091240518,0.31275142952145935,1
2590,CPEC_ROCKFALL_0895,1,rockfall,75_38,2,75.19460586604325,38.75219672856095,"Kashgar (Xinjiang, China)",conventional_alphaearth_embeddings,Conventional + AlphaEarth Embeddings,0.9799960570550175,0.5868831590132428,1
2591,CPEC_LANDSLIDE_0772,1,landslide,72_34,1,72.8118227907197,34.03604187668707,KP-AJK,conventional_alphaearth_embeddings,Conventional + AlphaEarth Embeddings,0.5994465031009798,0.31275142952145935,1
2592,RMC_03_01486,0,non_landslide,73_35,4,73.6899256504295,35.533983957452826,raster-matched control,conventional_alphaearth_embeddings,Conventional + AlphaEarth Embeddings,0.1813162464770394,0.32933342149262645,0
2593,CPEC_LANDSLIDE_0193,1,landslide,74_36,2,74.3209921649553,36.20098448824663,Gilgit-Baltistan,conventional_alphaearth_embeddings,Conventional + AlphaEarth Embeddings,0.08465828304512295,0.5868831590132428,0
2594,CPEC_ROCKFALL_0816,1,rockfall,75_35,1,75.83240892612183,35.3318611019195,Gilgit-Baltistan,conventional_alphaearth_embeddings,Conventional + AlphaEarth Embeddings,0.5183343900846701,0.31275142952145935,1
2595,RMC_03_00551,0,non_landslide,74_35,5,74.04700597586701,35.185886784856514,raster-matched control,conventional_alphaearth_embeddings,Conventional + AlphaEarth Embeddings,0.08649699440744597,0.28992385976630347,0
2596,CPEC_ROCKFALL_0625,1,rockfall,67_30,3,67.20633590654447,30.274348687101185,Balochistan,conventional_alphaearth_embeddings,Conventional + AlphaEarth Embeddings,0.9647784608807808,0.37326188443582237,1
2597,CPEC_LANDSLIDE_1057,1,landslide,73_34,2,73.72810562978808,34.13935032989331,KP-AJK,conventional_alphaearth_embeddings,Conventional + AlphaEarth Embeddings,0.11898833276804231,0.5868831590132428,0
2598,CPEC_LANDSLIDE_1075,1,landslide,74_36,2,74.8173124077091,36.1830187701023,Gilgit-Baltistan,conventional_alphaearth_embeddings,Conventional + AlphaEarth Embeddings,0.32153814447127704,0.5868831590132428,0
2599,CPEC_LANDSLIDE_0006,1,landslide,73_35,4,73.20932489502808,35.293686737800954,KP-AJK,conventional_alphaearth_embeddings,Conventional + AlphaEarth Embeddings,0.9810076497529158,0.32933342149262645,1
2600,RMC_03_00976,0,non_landslide,74_36,2,74.9857454477719,36.80510008448195,raster-matched control,conventional_alphaearth_embeddings,Conventional + AlphaEarth Embeddings,0.10620688556083985,0.5868831590132428,0
2601,CPEC_LANDSLIDE_0258,1,landslide,74_35,5,74.18624704932226,35.39699073190613,Gilgit-Baltistan,conventional_alphaearth_embeddings,Conventional + AlphaEarth Embeddings,0.8172496008520703,0.28992385976630347,1
2602,CPEC_ROCKFALL_0304,1,rockfall,66_27,1,66.5438294266298,27.640036639554857,Balochistan,conventional_alphaearth_embeddings,Conventional + AlphaEarth Embeddings,0.9836150417142049,0.31275142952145935,1
2603,RMC_03_00794,0,non_landslide,63_26,1,63.92074693562971,26.06349507462277,raster-matched control,conventional_alphaearth_embeddings,Conventional + AlphaEarth Embeddings,0.1161719254764098,0.31275142952145935,0
2604,RMC_03_00219,0,non_landslide,74_35,5,74.02230230555372,35.41495718230699,raster-matched control,conventional_alphaearth_embeddings,Conventional + AlphaEarth Embeddings,0.11033000150708065,0.28992385976630347,0
2605,RMC_03_00209,0,non_landslide,69_31,2,69.386995439497,31.642032989005003,raster-matched control,conventional_alphaearth_embeddings,Conventional + AlphaEarth Embeddings,0.06931235144285904,0.5868831590132428,0
2606,RMC_03_00936,0,non_landslide,78_40,4,78.06696687230186,40.69480526471948,raster-matched control,conventional_alphaearth_embeddings,Conventional + AlphaEarth Embeddings,0.09146460530101978,0.32933342149262645,0
2607,CPEC_LANDSLIDE_1037,1,landslide,75_35,1,75.51126000915161,35.170165179519444,Gilgit-Baltistan,conventional_alphaearth_embeddings,Conventional + AlphaEarth Embeddings,0.8685034638994696,0.31275142952145935,1
2608,RMC_03_01261,0,non_landslide,73_35,4,73.7078919561119,35.53173816924253,raster-matched control,conventional_alphaearth_embeddings,Conventional + AlphaEarth Embeddings,0.07353965711544994,0.32933342149262645,0
2609,CPEC_LANDSLIDE_1003,1,landslide,75_35,1,75.92448490377443,35.2240667930535,Gilgit-Baltistan,conventional_alphaearth_embeddings,Conventional + AlphaEarth Embeddings,0.9591131170324055,0.31275142952145935,1
2610,CPEC_LANDSLIDE_0116,1,landslide,74_36,2,74.846506142306,36.76018251495507,Gilgit-Baltistan,conventional_alphaearth_embeddings,Conventional + AlphaEarth Embeddings,0.9879771852036475,0.5868831590132428,1
2611,CPEC_ROCKFALL_0871,1,rockfall,75_37,5,75.19684879387313,37.92125662455447,"Kashgar (Xinjiang, China)",conventional_alphaearth_embeddings,Conventional + AlphaEarth Embeddings,0.9864486097570903,0.28992385976630347,1
2612,RMC_03_00595,0,non_landslide,75_38,2,75.22829057448418,38.7791479213346,raster-matched control,conventional_alphaearth_embeddings,Conventional + AlphaEarth Embeddings,0.12099883734512291,0.5868831590132428,0
2613,RMC_03_00984,0,non_landslide,73_35,4,73.02068076376045,35.12525050317844,raster-matched control,conventional_alphaearth_embeddings,Conventional + AlphaEarth Embeddings,0.7285676024076371,0.32933342149262645,1
2614,CPEC_ROCKFALL_0446,1,rockfall,69_28,1,69.18487471676684,28.83704218544292,Balochistan,conventional_alphaearth_embeddings,Conventional + AlphaEarth Embeddings,0.6122208030869251,0.31275142952145935,1
2615,CPEC_LANDSLIDE_0072,1,landslide,75_36,3,75.19235847911231,36.87022866985306,Gilgit-Baltistan,conventional_alphaearth_embeddings,Conventional + AlphaEarth Embeddings,0.39483507098200227,0.37326188443582237,1
2616,CPEC_ROCKFALL_0415,1,rockfall,70_29,4,70.02255252246509,29.513024068741107,Punjab-Sindh lowland corridor,conventional_alphaearth_embeddings,Conventional + AlphaEarth Embeddings,0.9111379085816276,0.32933342149262645,1
2617,RMC_03_01393,0,non_landslide,75_38,2,75.48880200687884,38.82406368554057,raster-matched control,conventional_alphaearth_embeddings,Conventional + AlphaEarth Embeddings,0.22837239811114587,0.5868831590132428,0
2618,RMC_03_00660,0,non_landslide,66_25,2,66.05649152362386,25.504293810258368,raster-matched control,conventional_alphaearth_embeddings,Conventional + AlphaEarth Embeddings,0.2455011433362548,0.5868831590132428,0
2619,CPEC_LANDSLIDE_1014,1,landslide,74_35,5,74.69603823635852,35.54970602478455,Gilgit-Baltistan,conventional_alphaearth_embeddings,Conventional + AlphaEarth Embeddings,0.9468774076995611,0.28992385976630347,1
2620,CPEC_LANDSLIDE_0597,1,landslide,67_28,4,67.39947295047237,28.0128397831282,Balochistan,conventional_alphaearth_embeddings,Conventional + AlphaEarth Embeddings,0.9026343434335622,0.32933342149262645,1
2621,CPEC_LANDSLIDE_0598,1,landslide,64_28,1,64.94482700257149,28.881958710354287,Balochistan,conventional_alphaearth_embeddings,Conventional + AlphaEarth Embeddings,0.9841656882662618,0.31275142952145935,1
2622,RMC_03_00028,0,non_landslide,75_40,1,75.31363052647554,40.23441868160823,raster-matched control,conventional_alphaearth_embeddings,Conventional + AlphaEarth Embeddings,0.140127410724034,0.31275142952145935,0
2623,CPEC_LANDSLIDE_0872,1,landslide,73_34,2,73.49005206094881,34.37066619704081,KP-AJK,conventional_alphaearth_embeddings,Conventional + AlphaEarth Embeddings,0.3297355264681827,0.5868831590132428,0
2624,CPEC_LANDSLIDE_0296,1,landslide,73_35,4,73.21381966888997,35.437416942056664,KP-AJK,conventional_alphaearth_embeddings,Conventional + AlphaEarth Embeddings,0.975855722967868,0.32933342149262645,1
2625,RMC_03_00632,0,non_landslide,74_35,5,74.22442324448062,35.4059740294658,raster-matched control,conventional_alphaearth_embeddings,Conventional + AlphaEarth Embeddings,0.06543573589790357,0.28992385976630347,0
2626,RMC_03_01301,0,non_landslide,74_35,5,74.52985044108125,35.83042800121227,raster-matched control,conventional_alphaearth_embeddings,Conventional + AlphaEarth Embeddings,0.20989375924584047,0.28992385976630347,0
2627,RMC_03_01368,0,non_landslide,65_27,5,65.92399001921623,27.98364399442825,raster-matched control,conventional_alphaearth_embeddings,Conventional + AlphaEarth Embeddings,0.1216633673812816,0.28992385976630347,0
2628,RMC_03_00751,0,non_landslide,74_36,2,74.8173113319995,36.5266223464049,raster-matched control,conventional_alphaearth_embeddings,Conventional + AlphaEarth Embeddings,0.0994243033349731,0.5868831590132428,0
2629,CPEC_ROCKFALL_0236,1,rockfall,66_26,4,66.19123938813173,26.182521491922376,Balochistan,conventional_alphaearth_embeddings,Conventional + AlphaEarth Embeddings,0.96769058464525,0.32933342149262645,1
2630,CPEC_LANDSLIDE_0448,1,landslide,74_38,1,74.97227062841739,38.6376647180032,"Kashgar (Xinjiang, China)",conventional_alphaearth_embeddings,Conventional + AlphaEarth Embeddings,0.9882210555272217,0.31275142952145935,1
2631,RMC_03_00872,0,non_landslide,74_36,2,74.6219277577035,36.30428931358532,raster-matched control,conventional_alphaearth_embeddings,Conventional + AlphaEarth Embeddings,0.06992419663140523,0.5868831590132428,0
2632,CPEC_LANDSLIDE_0037,1,landslide,75_37,5,75.69316903662693,37.83142357473175,"Kashgar (Xinjiang, China)",conventional_alphaearth_embeddings,Conventional + AlphaEarth Embeddings,0.9769201435199685,0.28992385976630347,1
2633,CPEC_ROCKFALL_0427,1,rockfall,70_29,4,70.02479990939601,29.517518842602986,Punjab-Sindh lowland corridor,conventional_alphaearth_embeddings,Conventional + AlphaEarth Embeddings,0.9723654913595247,0.32933342149262645,1
2634,CPEC_LANDSLIDE_1067,1,landslide,74_36,2,74.80383700432557,36.28183244944666,Gilgit-Baltistan,conventional_alphaearth_embeddings,Conventional + AlphaEarth Embeddings,0.07445141742119864,0.5868831590132428,0
2635,RMC_03_00364,0,non_landslide,71_34,5,71.90003244682136,34.55257450955225,raster-matched control,conventional_alphaearth_embeddings,Conventional + AlphaEarth Embeddings,0.032920887162330305,0.28992385976630347,0
2636,CPEC_ROCKFALL_0863,1,rockfall,73_35,4,73.86734106018193,35.48457639479791,Gilgit-Baltistan,conventional_alphaearth_embeddings,Conventional + AlphaEarth Embeddings,0.9726133224337742,0.32933342149262645,1
2637,RMC_03_01103,0,non_landslide,66_28,3,66.16878093413881,28.744966197719545,raster-matched control,conventional_alphaearth_embeddings,Conventional + AlphaEarth Embeddings,0.08702898074824118,0.37326188443582237,0
2638,CPEC_LANDSLIDE_0514,1,landslide,75_38,2,75.19909618080408,38.77240983363622,"Kashgar (Xinjiang, China)",conventional_alphaearth_embeddings,Conventional + AlphaEarth Embeddings,0.9897564576453471,0.5868831590132428,1
2639,CPEC_ROCKFALL_0218,1,rockfall,65_26,3,65.67021572554187,26.267859767883227,Balochistan,conventional_alphaearth_embeddings,Conventional + AlphaEarth Embeddings,0.1536782822511053,0.37326188443582237,0
2640,RMC_03_00491,0,non_landslide,74_36,2,74.59497829917991,36.27958564327203,raster-matched control,conventional_alphaearth_embeddings,Conventional + AlphaEarth Embeddings,0.08545365986414113,0.5868831590132428,0
2641,RMC_03_00505,0,non_landslide,74_36,2,74.47145994761348,36.257127761169045,raster-matched control,conventional_alphaearth_embeddings,Conventional + AlphaEarth Embeddings,0.12805330092543668,0.5868831590132428,0
2642,CPEC_ROCKFALL_0020,1,rockfall,76_37,1,76.19846990890237,37.69218814433791,"Kashgar (Xinjiang, China)",conventional_alphaearth_embeddings,Conventional + AlphaEarth Embeddings,0.9879615460769219,0.31275142952145935,1
2643,RMC_03_00965,0,non_landslide,74_36,2,74.96777914208953,36.83429533121584,raster-matched control,conventional_alphaearth_embeddings,Conventional + AlphaEarth Embeddings,0.422786852168795,0.5868831590132428,0
2644,CPEC_LANDSLIDE_0937,1,landslide,72_35,3,72.68381091767738,35.610340880909305,KP-AJK,conventional_alphaearth_embeddings,Conventional + AlphaEarth Embeddings,0.6571517298225146,0.37326188443582237,1
2645,CPEC_ROCKFALL_0105,1,rockfall,65_27,5,65.82517394625015,27.451394369488835,Balochistan,conventional_alphaearth_embeddings,Conventional + AlphaEarth Embeddings,0.9481342034480784,0.28992385976630347,1
2646,RMC_03_00474,0,non_landslide,74_36,2,74.71175928611545,36.311026678216216,raster-matched control,conventional_alphaearth_embeddings,Conventional + AlphaEarth Embeddings,0.08238670637641554,0.5868831590132428,0
2647,CPEC_ROCKFALL_0365,1,rockfall,66_27,1,66.90989040941034,27.85338678855804,Balochistan,conventional_alphaearth_embeddings,Conventional + AlphaEarth Embeddings,0.9658768149624214,0.31275142952145935,1
2648,CPEC_ROCKFALL_0679,1,rockfall,70_29,4,70.02255252246509,29.955447157061897,Punjab-Sindh lowland corridor,conventional_alphaearth_embeddings,Conventional + AlphaEarth Embeddings,0.9783568621442441,0.32933342149262645,1
2649,RMC_03_00514,0,non_landslide,74_36,2,74.57027462886663,36.27060249043083,raster-matched control,conventional_alphaearth_embeddings,Conventional + AlphaEarth Embeddings,0.0925762065069987,0.5868831590132428,0
2650,RMC_03_00958,0,non_landslide,75_36,3,75.25299424479746,36.82306639016434,raster-matched control,conventional_alphaearth_embeddings,Conventional + AlphaEarth Embeddings,0.0882704079226583,0.37326188443582237,0
2651,RMC_03_00239,0,non_landslide,77_39,1,77.77950598138362,39.88632150901191,raster-matched control,conventional_alphaearth_embeddings,Conventional + AlphaEarth Embeddings,0.11276609953540083,0.31275142952145935,0
2652,RMC_03_00591,0,non_landslide,75_38,2,75.22379899806359,38.75444425102131,raster-matched control,conventional_alphaearth_embeddings,Conventional + AlphaEarth Embeddings,0.18085982573887113,0.5868831590132428,0
2653,CPEC_ROCKFALL_0328,1,rockfall,66_25,2,66.8537458680464,25.06187359247352,Balochistan,conventional_alphaearth_embeddings,Conventional + AlphaEarth Embeddings,0.9813916699020349,0.5868831590132428,1
2654,RMC_03_01115,0,non_landslide,70_31,3,70.1348429135265,31.62182089511231,raster-matched control,conventional_alphaearth_embeddings,Conventional + AlphaEarth Embeddings,0.07361370905928372,0.37326188443582237,0
2655,RMC_03_00532,0,non_landslide,74_36,2,74.57925778170782,36.24365303190725,raster-matched control,conventional_alphaearth_embeddings,Conventional + AlphaEarth Embeddings,0.0887488462640105,0.5868831590132428,0
2656,CPEC_ROCKFALL_0050,1,rockfall,63_27,3,63.264976617313145,27.291941374918657,Balochistan,conventional_alphaearth_embeddings,Conventional + AlphaEarth Embeddings,0.08670579410232308,0.37326188443582237,0
2657,RMC_03_00655,0,non_landslide,64_26,2,64.00608688762107,26.117393991669942,raster-matched control,conventional_alphaearth_embeddings,Conventional + AlphaEarth Embeddings,0.10409678220144165,0.5868831590132428,0
2658,RMC_03_00035,0,non_landslide,74_38,1,74.62641933412411,38.92736994321432,raster-matched control,conventional_alphaearth_embeddings,Conventional + AlphaEarth Embeddings,0.10879009503228299,0.31275142952145935,0
2659,RMC_03_00646,0,non_landslide,74_35,5,74.6443856398065,35.576653933448505,raster-matched control,conventional_alphaearth_embeddings,Conventional + AlphaEarth Embeddings,0.966588221931327,0.28992385976630347,1
2660,RMC_03_00005,0,non_landslide,72_34,1,72.91288292966611,34.88719695288677,raster-matched control,conventional_alphaearth_embeddings,Conventional + AlphaEarth Embeddings,0.08625606021188051,0.31275142952145935,0
2661,CPEC_ROCKFALL_0010,1,rockfall,75_37,5,75.73359078767642,37.835918348593616,"Kashgar (Xinjiang, China)",conventional_alphaearth_embeddings,Conventional + AlphaEarth Embeddings,0.974880717097286,0.28992385976630347,1
2662,RMC_03_01157,0,non_landslide,73_35,4,73.36428635993617,35.49355976966745,raster-matched control,conventional_alphaearth_embeddings,Conventional + AlphaEarth Embeddings,0.903618825497273,0.32933342149262645,1
2663,RMC_03_00991,0,non_landslide,75_36,3,75.52024304182302,36.98027156488526,raster-matched control,conventional_alphaearth_embeddings,Conventional + AlphaEarth Embeddings,0.0991964060576945,0.37326188443582237,0
2664,CPEC_LANDSLIDE_0567,1,landslide,75_38,2,75.50452230745985,38.92063035265276,"Kashgar (Xinjiang, China)",conventional_alphaearth_embeddings,Conventional + AlphaEarth Embeddings,0.13368855680181496,0.5868831590132428,0
2665,RMC_03_00946,0,non_landslide,75_36,3,75.30464737363434,36.82082060195404,raster-matched control,conventional_alphaearth_embeddings,Conventional + AlphaEarth Embeddings,0.1742732460554649,0.37326188443582237,0
2666,RMC_03_00077,0,non_landslide,69_27,4,69.1826287123598,27.73660729129538,raster-matched control,conventional_alphaearth_embeddings,Conventional + AlphaEarth Embeddings,0.1001267848236684,0.32933342149262645,0
2667,CPEC_LANDSLIDE_0929,1,landslide,72_35,3,72.6097006581691,35.32288047239786,KP-AJK,conventional_alphaearth_embeddings,Conventional + AlphaEarth Embeddings,0.14520532553531088,0.37326188443582237,0
2668,RMC_03_00917,0,non_landslide,75_39,4,75.64151560517917,39.75382000460428,raster-matched control,conventional_alphaearth_embeddings,Conventional + AlphaEarth Embeddings,0.08605031509215562,0.32933342149262645,0
2669,RMC_03_00600,0,non_landslide,75_40,1,75.43265730162138,40.0817050833079,raster-matched control,conventional_alphaearth_embeddings,Conventional + AlphaEarth Embeddings,0.15458801735892644,0.31275142952145935,0
2670,RMC_03_00382,0,non_landslide,71_35,2,71.6238004969546,35.79449538984749,raster-matched control,conventional_alphaearth_embeddings,Conventional + AlphaEarth Embeddings,0.10750477261900107,0.5868831590132428,0
2671,RMC_03_00195,0,non_landslide,76_38,3,76.28830260974522,38.7656731920728,raster-matched control,conventional_alphaearth_embeddings,Conventional + AlphaEarth Embeddings,0.11310223840811223,0.37326188443582237,0
2672,RMC_03_00907,0,non_landslide,77_37,2,77.26072890480461,37.44739551262741,raster-matched control,conventional_alphaearth_embeddings,Conventional + AlphaEarth Embeddings,0.1346838171643395,0.5868831590132428,0
2673,CPEC_ROCKFALL_0795,1,rockfall,76_35,2,76.14232536753842,35.197115986286484,Gilgit-Baltistan,conventional_alphaearth_embeddings,Conventional + AlphaEarth Embeddings,0.9517467170591525,0.5868831590132428,1
2674,RMC_03_00750,0,non_landslide,74_36,2,74.77913293242442,36.29081458432353,raster-matched control,conventional_alphaearth_embeddings,Conventional + AlphaEarth Embeddings,0.4791055538743152,0.5868831590132428,0
2675,RMC_03_00225,0,non_landslide,66_27,1,66.3753934494863,27.73660729129538,raster-matched control,conventional_alphaearth_embeddings,Conventional + AlphaEarth Embeddings,0.09627984876714296,0.31275142952145935,0
2676,CPEC_LANDSLIDE_0564,1,landslide,75_38,2,75.44388745133509,38.81507897161664,"Kashgar (Xinjiang, China)",conventional_alphaearth_embeddings,Conventional + AlphaEarth Embeddings,0.9891301804612685,0.5868831590132428,1
2677,CPEC_LANDSLIDE_0067,1,landslide,75_36,3,75.25973103692883,36.82980245970252,Gilgit-Baltistan,conventional_alphaearth_embeddings,Conventional + AlphaEarth Embeddings,0.898872025664786,0.37326188443582237,1
2678,CPEC_LANDSLIDE_0976,1,landslide,75_35,1,75.80321073242386,35.338598803611255,Gilgit-Baltistan,conventional_alphaearth_embeddings,Conventional + AlphaEarth Embeddings,0.3464771993711019,0.31275142952145935,1
2679,CPEC_ROCKFALL_0231,1,rockfall,66_26,4,66.17102628305646,26.162308386847105,Balochistan,conventional_alphaearth_embeddings,Conventional + AlphaEarth Embeddings,0.9717394698777408,0.32933342149262645,1
2680,CPEC_LANDSLIDE_0493,1,landslide,75_38,2,75.10028250145972,38.74770641380013,"Kashgar (Xinjiang, China)",conventional_alphaearth_embeddings,Conventional + AlphaEarth Embeddings,0.9866682045408581,0.5868831590132428,1
2681,CPEC_LANDSLIDE_0466,1,landslide,75_38,2,75.04189057316484,38.74096871210836,"Kashgar (Xinjiang, China)",conventional_alphaearth_embeddings,Conventional + AlphaEarth Embeddings,0.9781181659721132,0.5868831590132428,1
2682,CPEC_LANDSLIDE_0086,1,landslide,75_36,3,75.05311858961741,36.86573835509224,Gilgit-Baltistan,conventional_alphaearth_embeddings,Conventional + AlphaEarth Embeddings,0.9729601395241588,0.37326188443582237,1
2683,RMC_03_01023,0,non_landslide,74_36,2,74.2603558558454,36.3312387721089,raster-matched control,conventional_alphaearth_embeddings,Conventional + AlphaEarth Embeddings,0.22036521339575663,0.5868831590132428,0
2684,RMC_03_01196,0,non_landslide,71_34,5,71.52274002749115,34.44477667545791,raster-matched control,conventional_alphaearth_embeddings,Conventional + AlphaEarth Embeddings,0.2445900543868077,0.28992385976630347,0
2685,RMC_03_01224,0,non_landslide,67_26,5,67.11201198246431,26.676595256034343,raster-matched control,conventional_alphaearth_embeddings,Conventional + AlphaEarth Embeddings,0.14303074074891348,0.28992385976630347,0
2686,RMC_03_01013,0,non_landslide,73_35,4,73.22729327910795,35.170166267384424,raster-matched control,conventional_alphaearth_embeddings,Conventional + AlphaEarth Embeddings,0.1669771492939545,0.32933342149262645,0
2687,RMC_03_01134,0,non_landslide,73_35,4,73.97064917671685,35.45313558188207,raster-matched control,conventional_alphaearth_embeddings,Conventional + AlphaEarth Embeddings,0.068005728077038,0.32933342149262645,0
2688,RMC_03_00223,0,non_landslide,66_27,1,66.33047768528033,27.725378350243886,raster-matched control,conventional_alphaearth_embeddings,Conventional + AlphaEarth Embeddings,0.10946691615504572,0.31275142952145935,0
2689,RMC_03_00205,0,non_landslide,69_31,2,69.32860494602923,31.796992375515615,raster-matched control,conventional_alphaearth_embeddings,Conventional + AlphaEarth Embeddings,0.13910466050158396,0.5868831590132428,0
2690,RMC_03_00243,0,non_landslide,64_26,2,64.42604928294693,26.3846427886955,raster-matched control,conventional_alphaearth_embeddings,Conventional + AlphaEarth Embeddings,0.1681959645190208,0.5868831590132428,0
2691,RMC_03_01379,0,non_landslide,75_38,2,75.53147198287452,38.976777283840896,raster-matched control,conventional_alphaearth_embeddings,Conventional + AlphaEarth Embeddings,0.10503204198961309,0.5868831590132428,0
2692,RMC_03_01426,0,non_landslide,65_28,2,65.636529128298,28.2621217325053,raster-matched control,conventional_alphaearth_embeddings,Conventional + AlphaEarth Embeddings,0.1139445712800399,0.5868831590132428,0
2693,CPEC_LANDSLIDE_0333,1,landslide,75_37,5,75.32486066691546,37.72362926586575,"Kashgar (Xinjiang, China)",conventional_alphaearth_embeddings,Conventional + AlphaEarth Embeddings,0.0851954994261434,0.28992385976630347,0
2694,RMC_03_00755,0,non_landslide,74_36,2,74.8150655437892,36.54458865208729,raster-matched control,conventional_alphaearth_embeddings,Conventional + AlphaEarth Embeddings,0.33367315805646336,0.5868831590132428,0
2695,CPEC_LANDSLIDE_0456,1,landslide,74_38,1,74.98799341873183,38.69605218719702,"Kashgar (Xinjiang, China)",conventional_alphaearth_embeddings,Conventional + AlphaEarth Embeddings,0.9869238760125542,0.31275142952145935,1
2696,CPEC_LANDSLIDE_0570,1,landslide,75_38,2,75.51575032391243,38.9610565628033,"Kashgar (Xinjiang, China)",conventional_alphaearth_embeddings,Conventional + AlphaEarth Embeddings,0.9911131323448203,0.5868831590132428,1
2697,CPEC_LANDSLIDE_0530,1,landslide,75_38,2,75.33608868336803,38.80385095516407,"Kashgar (Xinjiang, China)",conventional_alphaearth_embeddings,Conventional + AlphaEarth Embeddings,0.9008743796493599,0.5868831590132428,1
2698,CPEC_ROCKFALL_0883,1,rockfall,75_38,2,75.00371174994524,38.5657973863248,"Kashgar (Xinjiang, China)",conventional_alphaearth_embeddings,Conventional + AlphaEarth Embeddings,0.9890441199785621,0.5868831590132428,1
2699,RMC_03_01160,0,non_landslide,74_35,5,74.11662541038628,35.421694546937886,raster-matched control,conventional_alphaearth_embeddings,Conventional + AlphaEarth Embeddings,0.07878614083470714,0.28992385976630347,0
2700,RMC_03_00974,0,non_landslide,74_36,2,74.97451650672042,36.84777006047763,raster-matched control,conventional_alphaearth_embeddings,Conventional + AlphaEarth Embeddings,0.14953886027403665,0.5868831590132428,0
2701,RMC_03_00502,0,non_landslide,73_35,4,73.41818527698335,35.50029713429834,raster-matched control,conventional_alphaearth_embeddings,Conventional + AlphaEarth Embeddings,0.09549805353683415,0.32933342149262645,0
2702,CPEC_ROCKFALL_0944,1,rockfall,75_38,2,75.50901262222067,38.93860052989815,"Kashgar (Xinjiang, China)",conventional_alphaearth_embeddings,Conventional + AlphaEarth Embeddings,0.9900082332029931,0.5868831590132428,1
2703,RMC_03_00799,0,non_landslide,67_28,4,67.34557395633539,28.04877185252691,raster-matched control,conventional_alphaearth_embeddings,Conventional + AlphaEarth Embeddings,0.22770510692702656,0.32933342149262645,0
2704,RMC_03_01250,0,non_landslide,69_29,3,69.99784983269826,29.941971313808807,raster-matched control,conventional_alphaearth_embeddings,Conventional + AlphaEarth Embeddings,0.0657732867523165,0.37326188443582237,0
2705,RMC_03_00486,0,non_landslide,76_37,1,76.94182697894217,37.01171259982944,raster-matched control,conventional_alphaearth_embeddings,Conventional + AlphaEarth Embeddings,0.08919694200719702,0.31275142952145935,0
2706,CPEC_LANDSLIDE_0934,1,landslide,72_35,3,72.59847264171653,35.41720383698141,KP-AJK,conventional_alphaearth_embeddings,Conventional + AlphaEarth Embeddings,0.901958487826463,0.37326188443582237,1
2707,CPEC_LANDSLIDE_0943,1,landslide,72_35,3,72.39859789609687,35.491314096489674,KP-AJK,conventional_alphaearth_embeddings,Conventional + AlphaEarth Embeddings,0.48293408243885294,0.37326188443582237,1
2708,RMC_03_00570,0,non_landslide,77_36,5,77.42691723236672,36.41882451231056,raster-matched control,conventional_alphaearth_embeddings,Conventional + AlphaEarth Embeddings,0.893989321831593,0.28992385976630347,1
2709,RMC_03_00132,0,non_landslide,75_36,3,75.9446970135695,36.8994231893145,raster-matched control,conventional_alphaearth_embeddings,Conventional + AlphaEarth Embeddings,0.07497653080157161,0.37326188443582237,0
2710,RMC_03_01190,0,non_landslide,71_34,5,71.2577370186759,34.03828900939382,raster-matched control,conventional_alphaearth_embeddings,Conventional + AlphaEarth Embeddings,0.05891356339649784,0.28992385976630347,0
2711,RMC_03_01439,0,non_landslide,66_29,5,66.64713382293246,29.299675885663348,raster-matched control,conventional_alphaearth_embeddings,Conventional + AlphaEarth Embeddings,0.0736025615778141,0.28992385976630347,0
2712,CPEC_ROCKFALL_0383,1,rockfall,67_28,4,67.07832403350214,28.02406779958078,Balochistan,conventional_alphaearth_embeddings,Conventional + AlphaEarth Embeddings,0.9637996561141334,0.32933342149262645,1
2713,CPEC_LANDSLIDE_0286,1,landslide,73_35,4,73.37326820435906,35.51377012939483,KP-AJK,conventional_alphaearth_embeddings,Conventional + AlphaEarth Embeddings,0.24700669753891913,0.32933342149262645,0
2714,CPEC_LANDSLIDE_0361,1,landslide,75_37,5,75.51350739608255,37.83142357473175,"Kashgar (Xinjiang, China)",conventional_alphaearth_embeddings,Conventional + AlphaEarth Embeddings,0.9686684712600303,0.28992385976630347,1
2715,CPEC_LANDSLIDE_0213,1,landslide,74_35,5,74.28955104342745,35.90229160418156,Gilgit-Baltistan,conventional_alphaearth_embeddings,Conventional + AlphaEarth Embeddings,0.7395316205366264,0.28992385976630347,1
2716,RMC_03_01333,0,non_landslide,75_40,1,75.3877415374154,40.16255345887866,raster-matched control,conventional_alphaearth_embeddings,Conventional + AlphaEarth Embeddings,0.14958910858126215,0.31275142952145935,0
2717,CPEC_ROCKFALL_0946,1,rockfall,75_38,2,75.51350739608255,38.94084345772803,"Kashgar (Xinjiang, China)",conventional_alphaearth_embeddings,Conventional + AlphaEarth Embeddings,0.9296855077902012,0.5868831590132428,1
2718,CPEC_LANDSLIDE_0863,1,landslide,73_34,2,73.40246639805703,34.43130105316557,KP-AJK,conventional_alphaearth_embeddings,Conventional + AlphaEarth Embeddings,0.6290204205516403,0.5868831590132428,1
2719,CPEC_ROCKFALL_0851,1,rockfall,74_35,5,74.58374915363065,35.489066709558735,Gilgit-Baltistan,conventional_alphaearth_embeddings,Conventional + AlphaEarth Embeddings,0.984374514461356,0.28992385976630347,1
2720,RMC_03_01429,0,non_landslide,75_39,4,75.59659984097318,39.38326494990498,raster-matched control,conventional_alphaearth_embeddings,Conventional + AlphaEarth Embeddings,0.10021237062524527,0.32933342149262645,0
2721,CPEC_LANDSLIDE_0987,1,landslide,75_35,1,75.85486495902698,35.286949036109185,Gilgit-Baltistan,conventional_alphaearth_embeddings,Conventional + AlphaEarth Embeddings,0.9765011377064499,0.31275142952145935,1
2722,CPEC_ROCKFALL_0570,1,rockfall,67_29,1,67.22205423775787,29.47260231769162,Balochistan,conventional_alphaearth_embeddings,Conventional + AlphaEarth Embeddings,0.9811534692690438,0.31275142952145935,1
2723,RMC_03_00092,0,non_landslide,75_38,2,75.66397348728215,38.7656731920728,raster-matched control,conventional_alphaearth_embeddings,Conventional + AlphaEarth Embeddings,0.14158700304225738,0.5868831590132428,0
2724,RMC_03_01209,0,non_landslide,66_26,4,66.46971655431885,26.256632860708468,raster-matched control,conventional_alphaearth_embeddings,Conventional + AlphaEarth Embeddings,0.1299853997405667,0.32933342149262645,0
2725,RMC_03_00294,0,non_landslide,65_26,3,65.48156974178737,26.973039299793783,raster-matched control,conventional_alphaearth_embeddings,Conventional + AlphaEarth Embeddings,0.20583655623160757,0.37326188443582237,0
2726,CPEC_ROCKFALL_0318,1,rockfall,66_28,3,66.35742562529262,28.158817374314857,Balochistan,conventional_alphaearth_embeddings,Conventional + AlphaEarth Embeddings,0.9794946255839677,0.37326188443582237,1
2727,RMC_03_00612,0,non_landslide,73_35,4,73.3216163839405,35.49355976966745,raster-matched control,conventional_alphaearth_embeddings,Conventional + AlphaEarth Embeddings,0.09630134703135054,0.32933342149262645,0
2728,RMC_03_00510,0,non_landslide,73_35,4,73.35530320709498,35.50029713429834,raster-matched control,conventional_alphaearth_embeddings,Conventional + AlphaEarth Embeddings,0.0785081899094923,0.32933342149262645,0
2729,RMC_03_00183,0,non_landslide,66_27,1,66.28780770928465,27.067362404626337,raster-matched control,conventional_alphaearth_embeddings,Conventional + AlphaEarth Embeddings,0.09041495830597474,0.31275142952145935,0
2730,CPEC_LANDSLIDE_0293,1,landslide,73_35,4,73.24076601655592,35.455382660201,KP-AJK,conventional_alphaearth_embeddings,Conventional + AlphaEarth Embeddings,0.7566026096057991,0.32933342149262645,1
2731,RMC_03_00955,0,non_landslide,75_36,3,75.31138473826523,36.83429533121584,raster-matched control,conventional_alphaearth_embeddings,Conventional + AlphaEarth Embeddings,0.17383122984211002,0.37326188443582237,0
2732,RMC_03_00689,0,non_landslide,73_34,2,73.3058958664684,34.489692439663884,raster-matched control,conventional_alphaearth_embeddings,Conventional + AlphaEarth Embeddings,0.11241560551545329,0.5868831590132428,0
2733,RMC_03_01084,0,non_landslide,66_26,4,66.79086426839157,26.633925280038667,raster-matched control,conventional_alphaearth_embeddings,Conventional + AlphaEarth Embeddings,0.14308575435273893,0.32933342149262645,0
2734,CPEC_ROCKFALL_0027,1,rockfall,67_28,4,67.4129483538559,28.10267283295092,Balochistan,conventional_alphaearth_embeddings,Conventional + AlphaEarth Embeddings,0.9346999074301808,0.32933342149262645,1
2735,CPEC_LANDSLIDE_0697,1,landslide,66_27,1,66.55505744308238,27.608595518027013,Balochistan,conventional_alphaearth_embeddings,Conventional + AlphaEarth Embeddings,0.9083366804431964,0.31275142952145935,1
2736,RMC_03_01272,0,non_landslide,75_35,1,75.97164647209308,35.12974207959904,raster-matched control,conventional_alphaearth_embeddings,Conventional + AlphaEarth Embeddings,0.08017336378468924,0.31275142952145935,0
2737,RMC_03_00813,0,non_landslide,67_26,5,67.01768887763176,26.800113607600775,raster-matched control,conventional_alphaearth_embeddings,Conventional + AlphaEarth Embeddings,0.11347537084688313,0.28992385976630347,0
2738,CPEC_ROCKFALL_0400,1,rockfall,67_25,3,67.88456517677359,25.87035766357484,Punjab-Sindh lowland corridor,conventional_alphaearth_embeddings,Conventional + AlphaEarth Embeddings,0.899605066344147,0.37326188443582237,1
2739,CPEC_LANDSLIDE_0139,1,landslide,74_36,2,74.86671924738127,36.48170719506632,Gilgit-Baltistan,conventional_alphaearth_embeddings,Conventional + AlphaEarth Embeddings,0.9611336754774595,0.5868831590132428,1
2740,RMC_03_00594,0,non_landslide,75_38,2,75.26422318584896,38.7656731920728,raster-matched control,conventional_alphaearth_embeddings,Conventional + AlphaEarth Embeddings,0.08740097185155328,0.5868831590132428,0
2741,CPEC_LANDSLIDE_0002,1,landslide,73_35,4,73.20034426550644,35.29592966563084,KP-AJK,conventional_alphaearth_embeddings,Conventional + AlphaEarth Embeddings,0.9758620018195413,0.32933342149262645,1
2742,RMC_03_00564,0,non_landslide,75_40,1,75.41469099593898,40.0929340243594,raster-matched control,conventional_alphaearth_embeddings,Conventional + AlphaEarth Embeddings,0.07039154113595401,0.31275142952145935,0
2743,CPEC_ROCKFALL_0377,1,rockfall,66_27,1,66.98400066891861,27.94097245144981,Balochistan,conventional_alphaearth_embeddings,Conventional + AlphaEarth Embeddings,0.9731053571260659,0.31275142952145935,1
2744,CPEC_LANDSLIDE_0131,1,landslide,74_36,2,74.80158961739464,36.585011189171496,Gilgit-Baltistan,conventional_alphaearth_embeddings,Conventional + AlphaEarth Embeddings,0.9668770765477018,0.5868831590132428,1
2745,RMC_03_01474,0,non_landslide,70_32,5,70.44251589833743,32.949081727398905,raster-matched control,conventional_alphaearth_embeddings,Conventional + AlphaEarth Embeddings,0.16133355820016668,0.28992385976630347,0
2746,RMC_03_01019,0,non_landslide,71_35,2,71.95393136386852,35.720384378907625,raster-matched control,conventional_alphaearth_embeddings,Conventional + AlphaEarth Embeddings,0.5068235415549163,0.5868831590132428,0
2747,CPEC_LANDSLIDE_0307,1,landslide,72_35,3,72.98474672957234,35.10504000863387,KP-AJK,conventional_alphaearth_embeddings,Conventional + AlphaEarth Embeddings,0.893072952191289,0.37326188443582237,1
2748,RMC_03_00853,0,non_landslide,75_35,1,75.78973762705888,35.67996019112225,raster-matched control,conventional_alphaearth_embeddings,Conventional + AlphaEarth Embeddings,0.06680233925634922,0.31275142952145935,0
2749,CPEC_ROCKFALL_0937,1,rockfall,75_38,2,75.50003199269902,38.92512512651464,"Kashgar (Xinjiang, China)",conventional_alphaearth_embeddings,Conventional + AlphaEarth Embeddings,0.9800150423875533,0.5868831590132428,1
2750,RMC_03_01453,0,non_landslide,67_29,1,67.17713984056297,29.91053027886462,raster-matched control,conventional_alphaearth_embeddings,Conventional + AlphaEarth Embeddings,0.22565825683553564,0.31275142952145935,0
2751,CPEC_LANDSLIDE_0981,1,landslide,75_35,1,75.84812725733522,35.31389538377517,Gilgit-Baltistan,conventional_alphaearth_embeddings,Conventional + AlphaEarth Embeddings,0.8607328055576465,0.31275142952145935,1
2752,RMC_03_00168,0,non_landslide,64_26,2,64.03752792256525,26.804605184021376,raster-matched control,conventional_alphaearth_embeddings,Conventional + AlphaEarth Embeddings,0.10212983833326737,0.5868831590132428,0
2753,CPEC_ROCKFALL_0301,1,rockfall,66_27,1,66.53709172493805,27.640036639554857,Balochistan,conventional_alphaearth_embeddings,Conventional + AlphaEarth Embeddings,0.9825389727206182,0.31275142952145935,1
2754,CPEC_ROCKFALL_0210,1,rockfall,65_26,3,65.68144374199443,26.281335171266733,Balochistan,conventional_alphaearth_embeddings,Conventional + AlphaEarth Embeddings,0.9900971478430957,0.37326188443582237,1
2755,CPEC_ROCKFALL_0538,1,rockfall,67_29,1,67.92498692782308,29.697180483147367,Balochistan,conventional_alphaearth_embeddings,Conventional + AlphaEarth Embeddings,0.9767210037032431,0.31275142952145935,1
2756,RMC_03_00258,0,non_landslide,65_26,3,65.27046565001929,26.27909074281145,raster-matched control,conventional_alphaearth_embeddings,Conventional + AlphaEarth Embeddings,0.2000277408268697,0.37326188443582237,0
2757,RMC_03_00557,0,non_landslide,75_40,1,75.31812210289614,40.17602818814046,raster-matched control,conventional_alphaearth_embeddings,Conventional + AlphaEarth Embeddings,0.10429433135930212,0.31275142952145935,0
2758,CPEC_LANDSLIDE_0310,1,landslide,72_35,3,72.89716106668054,35.03317267695548,KP-AJK,conventional_alphaearth_embeddings,Conventional + AlphaEarth Embeddings,0.9889720223714918,0.37326188443582237,1
2759,RMC_03_00531,0,non_landslide,74_36,2,74.49391782971648,36.25263618474845,raster-matched control,conventional_alphaearth_embeddings,Conventional + AlphaEarth Embeddings,0.13124182379340457,0.5868831590132428,0
2760,RMC_03_00282,0,non_landslide,65_26,3,65.96890578342222,26.49693219921044,raster-matched control,conventional_alphaearth_embeddings,Conventional + AlphaEarth Embeddings,0.09970170499995429,0.37326188443582237,0
2761,RMC_03_01062,0,non_landslide,67_25,3,67.62629748262273,25.726626843077952,raster-matched control,conventional_alphaearth_embeddings,Conventional + AlphaEarth Embeddings,0.1585649828939539,0.37326188443582237,0
2762,CPEC_ROCKFALL_0853,1,rockfall,74_35,5,74.24014420375526,35.410466135289646,Gilgit-Baltistan,conventional_alphaearth_embeddings,Conventional + AlphaEarth Embeddings,0.9727480202308411,0.28992385976630347,1
2763,RMC_03_00174,0,non_landslide,63_26,1,63.97240006446658,26.08370716851546,raster-matched control,conventional_alphaearth_embeddings,Conventional + AlphaEarth Embeddings,0.15848174792424555,0.31275142952145935,0
2764,RMC_03_00143,0,non_landslide,76_37,1,76.97775959030695,37.40247974842144,raster-matched control,conventional_alphaearth_embeddings,Conventional + AlphaEarth Embeddings,0.11777484581007776,0.31275142952145935,0
2765,CPEC_LANDSLIDE_0636,1,landslide,64_26,2,64.0128258322897,26.119639248866683,Balochistan,conventional_alphaearth_embeddings,Conventional + AlphaEarth Embeddings,0.9873901424025425,0.5868831590132428,1
2766,CPEC_LANDSLIDE_0011,1,landslide,74_39,3,74.03128436951292,39.27097746332094,"Kashgar (Xinjiang, China)",conventional_alphaearth_embeddings,Conventional + AlphaEarth Embeddings,0.32161319175160435,0.37326188443582237,0
2767,RMC_03_00262,0,non_landslide,68_30,4,68.77389525808542,30.23841535756825,raster-matched control,conventional_alphaearth_embeddings,Conventional + AlphaEarth Embeddings,0.08227682741623654,0.32933342149262645,0
2768,RMC_03_01440,0,non_landslide,66_29,5,66.64713382293246,29.31090482671484,raster-matched control,conventional_alphaearth_embeddings,Conventional + AlphaEarth Embeddings,0.07593378844830996,0.28992385976630347,0
2769,RMC_03_01045,0,non_landslide,68_26,1,68.85249784544588,26.82257148970377,raster-matched control,conventional_alphaearth_embeddings,Conventional + AlphaEarth Embeddings,0.10448303752290694,0.31275142952145935,0
2770,CPEC_ROCKFALL_0525,1,rockfall,67_29,1,67.90253089491793,29.681457692832915,Balochistan,conventional_alphaearth_embeddings,Conventional + AlphaEarth Embeddings,0.9088844522628395,0.31275142952145935,1
2771,RMC_03_00281,0,non_landslide,68_28,5,68.9894909262741,28.879713490337476,raster-matched control,conventional_alphaearth_embeddings,Conventional + AlphaEarth Embeddings,0.1874832534705213,0.28992385976630347,0
2772,RMC_03_00795,0,non_landslide,63_26,1,63.95218797057389,26.06798665104337,raster-matched control,conventional_alphaearth_embeddings,Conventional + AlphaEarth Embeddings,0.14124172820462383,0.31275142952145935,0
2773,CPEC_ROCKFALL_0219,1,rockfall,65_26,3,65.66796833861092,26.267859767883227,Balochistan,conventional_alphaearth_embeddings,Conventional + AlphaEarth Embeddings,0.9838030866540376,0.37326188443582237,1
2774,RMC_03_00968,0,non_landslide,75_36,3,75.13845904607223,36.86349057794972,raster-matched control,conventional_alphaearth_embeddings,Conventional + AlphaEarth Embeddings,0.27606467230007325,0.37326188443582237,0
2775,RMC_03_01214,0,non_landslide,70_31,3,70.23814917120023,31.95868912665713,raster-matched control,conventional_alphaearth_embeddings,Conventional + AlphaEarth Embeddings,0.08054954880517344,0.37326188443582237,0
2776,CPEC_LANDSLIDE_0759,1,landslide,72_32,2,72.60296295647734,32.62568618179583,Punjab-Sindh lowland corridor,conventional_alphaearth_embeddings,Conventional + AlphaEarth Embeddings,0.9811149915192813,0.5868831590132428,1
2777,CPEC_ROCKFALL_0647,1,rockfall,68_30,4,68.1540598671407,30.040785433022744,Balochistan,conventional_alphaearth_embeddings,Conventional + AlphaEarth Embeddings,0.20814677694972963,0.32933342149262645,0
2778,CPEC_ROCKFALL_0960,1,rockfall,75_38,2,75.54045374374851,38.98800736957033,"Kashgar (Xinjiang, China)",conventional_alphaearth_embeddings,Conventional + AlphaEarth Embeddings,0.9630713742571748,0.5868831590132428,1
2779,RMC_03_01240,0,non_landslide,75_39,4,75.97389226030339,39.85038889764713,raster-matched control,conventional_alphaearth_embeddings,Conventional + AlphaEarth Embeddings,0.09946413791185936,0.32933342149262645,0
2780,CPEC_LANDSLIDE_0142,1,landslide,74_36,2,74.90714099843076,36.47721688030551,Gilgit-Baltistan,conventional_alphaearth_embeddings,Conventional + AlphaEarth Embeddings,0.345446878488335,0.5868831590132428,0
2781,CPEC_LANDSLIDE_0245,1,landslide,74_35,5,74.6151902751585,35.66199510751242,Gilgit-Baltistan,conventional_alphaearth_embeddings,Conventional + AlphaEarth Embeddings,0.9782727724090039,0.28992385976630347,1
2782,CPEC_ROCKFALL_0324,1,rockfall,66_25,2,66.85149848111547,25.0573832777127,Balochistan,conventional_alphaearth_embeddings,Conventional + AlphaEarth Embeddings,0.9792724438223523,0.5868831590132428,1
2783,RMC_03_00634,0,non_landslide,75_38,2,75.34057998499912,38.81957210911997,raster-matched control,conventional_alphaearth_embeddings,Conventional + AlphaEarth Embeddings,0.049430987912558566,0.5868831590132428,0
2784,RMC_03_01438,0,non_landslide,65_29,4,65.9913636655252,29.12675019347034,raster-matched control,conventional_alphaearth_embeddings,Conventional + AlphaEarth Embeddings,0.14518709979677474,0.32933342149262645,0
2785,RMC_03_01256,0,non_landslide,73_33,5,73.38000687740826,33.649767649012134,raster-matched control,conventional_alphaearth_embeddings,Conventional + AlphaEarth Embeddings,0.3727601173333826,0.28992385976630347,1
2786,CPEC_ROCKFALL_0519,1,rockfall,67_29,1,67.88231778984266,29.681457692832915,Balochistan,conventional_alphaearth_embeddings,Conventional + AlphaEarth Embeddings,0.9609335695687772,0.31275142952145935,1
2787,CPEC_LANDSLIDE_0106,1,landslide,74_36,2,74.95430491027305,36.7961184103448,Gilgit-Baltistan,conventional_alphaearth_embeddings,Conventional + AlphaEarth Embeddings,0.988519047558479,0.5868831590132428,1
2788,CPEC_LANDSLIDE_0701,1,landslide,66_27,1,66.56403807260402,27.592877186813613,Balochistan,conventional_alphaearth_embeddings,Conventional + AlphaEarth Embeddings,0.4996774077705917,0.31275142952145935,1
2789,RMC_03_00921,0,non_landslide,75_38,2,75.53147198287452,38.95207361352761,raster-matched control,conventional_alphaearth_embeddings,Conventional + AlphaEarth Embeddings,0.10392396586776205,0.5868831590132428,0
2790,RMC_03_00082,0,non_landslide,72_33,4,72.82978876588506,33.48357932145002,raster-matched control,conventional_alphaearth_embeddings,Conventional + AlphaEarth Embeddings,0.09013328753454398,0.32933342149262645,0
2791,RMC_03_00674,0,non_landslide,72_32,2,72.43677582908276,32.5830182491202,raster-matched control,conventional_alphaearth_embeddings,Conventional + AlphaEarth Embeddings,0.1890895076110594,0.5868831590132428,0
2792,RMC_03_00575,0,non_landslide,75_38,2,75.17214586922671,38.74770688639042,raster-matched control,conventional_alphaearth_embeddings,Conventional + AlphaEarth Embeddings,0.10161479514794691,0.5868831590132428,0
2793,CPEC_LANDSLIDE_0141,1,landslide,74_36,2,74.91387870012251,36.470479178613736,Gilgit-Baltistan,conventional_alphaearth_embeddings,Conventional + AlphaEarth Embeddings,0.981878033787981,0.5868831590132428,1
2794,CPEC_LANDSLIDE_0617,1,landslide,63_27,3,63.264976617313145,27.298679076610416,Balochistan,conventional_alphaearth_embeddings,Conventional + AlphaEarth Embeddings,0.5041843716033008,0.37326188443582237,1
2795,RMC_03_01044,0,non_landslide,69_28,1,69.38025807486609,28.805602479397614,raster-matched control,conventional_alphaearth_embeddings,Conventional + AlphaEarth Embeddings,0.11145762959833574,0.31275142952145935,0
2796,CPEC_LANDSLIDE_0262,1,landslide,73_35,4,73.88531123742732,35.48008608003709,Gilgit-Baltistan,conventional_alphaearth_embeddings,Conventional + AlphaEarth Embeddings,0.9703096114187264,0.32933342149262645,1
2797,RMC_03_00196,0,non_landslide,66_27,1,66.51238653031453,27.559190022681776,raster-matched control,conventional_alphaearth_embeddings,Conventional + AlphaEarth Embeddings,0.7142300743647257,0.31275142952145935,1
2798,CPEC_ROCKFALL_0382,1,rockfall,67_28,4,67.04239259721348,28.00385469450552,Balochistan,conventional_alphaearth_embeddings,Conventional + AlphaEarth Embeddings,0.9091290008421677,0.32933342149262645,1
2799,RMC_03_00363,0,non_landslide,72_33,4,72.85224664798805,33.49705405071181,raster-matched control,conventional_alphaearth_embeddings,Conventional + AlphaEarth Embeddings,0.08649060960687355,0.32933342149262645,0
2800,RMC_03_00004,0,non_landslide,74_39,3,74.4400189126693,39.60335219451426,raster-matched control,conventional_alphaearth_embeddings,Conventional + AlphaEarth Embeddings,0.3326396511180582,0.37326188443582237,0
2801,RMC_03_00902,0,non_landslide,77_37,2,77.37526410352984,37.63604172229251,raster-matched control,conventional_alphaearth_embeddings,Conventional + AlphaEarth Embeddings,0.12152072207790621,0.5868831590132428,0
2802,CPEC_LANDSLIDE_0367,1,landslide,74_38,1,74.94531982165036,38.287322066436055,"Kashgar (Xinjiang, China)",conventional_alphaearth_embeddings,Conventional + AlphaEarth Embeddings,0.9923557381638071,0.31275142952145935,1
2803,RMC_03_01353,0,non_landslide,75_37,5,75.30015579721375,37.88532421363568,raster-matched control,conventional_alphaearth_embeddings,Conventional + AlphaEarth Embeddings,0.08166205639983641,0.28992385976630347,0
2804,RMC_03_01343,0,non_landslide,75_37,5,75.15193377533402,37.93473155426225,raster-matched control,conventional_alphaearth_embeddings,Conventional + AlphaEarth Embeddings,0.11894092032358944,0.28992385976630347,0
2805,CPEC_ROCKFALL_0529,1,rockfall,67_29,1,67.90926859660968,29.68370507976385,Balochistan,conventional_alphaearth_embeddings,Conventional + AlphaEarth Embeddings,0.9831341575545285,0.31275142952145935,1
2806,RMC_03_01036,0,non_landslide,69_28,1,69.40047016875879,28.83479772613149,raster-matched control,conventional_alphaearth_embeddings,Conventional + AlphaEarth Embeddings,0.11291324455028784,0.31275142952145935,0
2807,CPEC_LANDSLIDE_0027,1,landslide,76_38,3,76.04126430126313,38.52537563527532,"Kashgar (Xinjiang, China)",conventional_alphaearth_embeddings,Conventional + AlphaEarth Embeddings,0.9746969479509562,0.37326188443582237,1
2808,RMC_03_00933,0,non_landslide,75_39,4,75.16765429280612,39.06885460046315,raster-matched control,conventional_alphaearth_embeddings,Conventional + AlphaEarth Embeddings,0.08048763532991442,0.32933342149262645,0
2809,RMC_03_01128,0,non_landslide,73_35,4,73.20932697342556,35.24876885474488,raster-matched control,conventional_alphaearth_embeddings,Conventional + AlphaEarth Embeddings,0.10234968022029552,0.32933342149262645,0
2810,RMC_03_00037,0,non_landslide,74_38,1,74.87345603725697,38.83529262659207,raster-matched control,conventional_alphaearth_embeddings,Conventional + AlphaEarth Embeddings,0.16527726279164204,0.31275142952145935,0
2811,RMC_03_01113,0,non_landslide,67_30,3,67.19510614624537,30.41134104976125,raster-matched control,conventional_alphaearth_embeddings,Conventional + AlphaEarth Embeddings,0.1355275749808888,0.37326188443582237,0
2812,RMC_03_01213,0,non_landslide,64_25,5,64.41032876547484,25.67497371424108,raster-matched control,conventional_alphaearth_embeddings,Conventional + AlphaEarth Embeddings,0.12644378495924494,0.28992385976630347,0
2813,CPEC_ROCKFALL_0499,1,rockfall,68_29,2,68.52461116468206,29.322134411744138,Balochistan,conventional_alphaearth_embeddings,Conventional + AlphaEarth Embeddings,0.9746518999715794,0.5868831590132428,1
2814,CPEC_LANDSLIDE_0144,1,landslide,74_36,2,74.88243757859466,36.371661040168334,Gilgit-Baltistan,conventional_alphaearth_embeddings,Conventional + AlphaEarth Embeddings,0.97254727350148,0.5868831590132428,1
2815,RMC_03_00577,0,non_landslide,77_36,5,77.41344250310492,36.41882451231056,raster-matched control,conventional_alphaearth_embeddings,Conventional + AlphaEarth Embeddings,0.9030149568044216,0.28992385976630347,1
2816,RMC_03_01318,0,non_landslide,74_35,5,74.49167204150618,35.46661031114386,raster-matched control,conventional_alphaearth_embeddings,Conventional + AlphaEarth Embeddings,0.9188371574899935,0.28992385976630347,1
2817,CPEC_ROCKFALL_0602,1,rockfall,66_29,5,66.90315270771858,29.96442778658354,Balochistan,conventional_alphaearth_embeddings,Conventional + AlphaEarth Embeddings,0.15151234145235132,0.28992385976630347,0
2818,CPEC_LANDSLIDE_0524,1,landslide,75_38,2,75.30240017490925,38.7836378500888,"Kashgar (Xinjiang, China)",conventional_alphaearth_embeddings,Conventional + AlphaEarth Embeddings,0.9820739580534424,0.5868831590132428,1
2819,CPEC_LANDSLIDE_0687,1,landslide,66_27,1,66.28556275271528,27.123507750826843,Balochistan,conventional_alphaearth_embeddings,Conventional + AlphaEarth Embeddings,0.9539249090577783,0.31275142952145935,1
2820,CPEC_ROCKFALL_0111,1,rockfall,65_27,5,65.81394592979757,27.45139436948883,Balochistan,conventional_alphaearth_embeddings,Conventional + AlphaEarth Embeddings,0.9826523566442512,0.28992385976630347,1
2821,RMC_03_01452,0,non_landslide,66_29,5,66.90315367890652,29.92175921991612,raster-matched control,conventional_alphaearth_embeddings,Conventional + AlphaEarth Embeddings,0.2494924423970836,0.28992385976630347,0
2822,CPEC_LANDSLIDE_0294,1,landslide,73_35,4,73.22280029841158,35.444154643748426,KP-AJK,conventional_alphaearth_embeddings,Conventional + AlphaEarth Embeddings,0.9702338271145422,0.32933342149262645,1
2823,CPEC_LANDSLIDE_0726,1,landslide,69_30,5,69.1197450867802,30.921136835802454,Balochistan,conventional_alphaearth_embeddings,Conventional + AlphaEarth Embeddings,0.9815352721227151,0.28992385976630347,1
2824,RMC_03_00614,0,non_landslide,75_38,2,75.30913895005494,38.7769021331243,raster-matched control,conventional_alphaearth_embeddings,Conventional + AlphaEarth Embeddings,0.052346830567393095,0.5868831590132428,0
2825,CPEC_ROCKFALL_0667,1,rockfall,69_30,5,69.15568098216993,30.44502969812393,Balochistan,conventional_alphaearth_embeddings,Conventional + AlphaEarth Embeddings,0.870022697551812,0.28992385976630347,1
2826,RMC_03_00306,0,non_landslide,66_29,5,66.02505048867968,29.598365717633087,raster-matched control,conventional_alphaearth_embeddings,Conventional + AlphaEarth Embeddings,0.9490031925499309,0.28992385976630347,1
2827,RMC_03_00964,0,non_landslide,75_36,3,75.17214586922671,36.86349057794972,raster-matched control,conventional_alphaearth_embeddings,Conventional + AlphaEarth Embeddings,0.06258334942146658,0.37326188443582237,0
2828,RMC_03_00950,0,non_landslide,75_36,3,75.16990008101641,36.85226163689823,raster-matched control,conventional_alphaearth_embeddings,Conventional + AlphaEarth Embeddings,0.16831347606441957,0.37326188443582237,0
2829,CPEC_LANDSLIDE_0455,1,landslide,74_38,1,74.9857460318009,38.69156187243619,"Kashgar (Xinjiang, China)",conventional_alphaearth_embeddings,Conventional + AlphaEarth Embeddings,0.9804978367661784,0.31275142952145935,1
2830,CPEC_LANDSLIDE_0140,1,landslide,74_36,2,74.88693235245654,36.470479178613736,Gilgit-Baltistan,conventional_alphaearth_embeddings,Conventional + AlphaEarth Embeddings,0.8732777601811292,0.5868831590132428,1
2831,RMC_03_01194,0,non_landslide,65_25,1,65.2322872504442,25.91078147632245,raster-matched control,conventional_alphaearth_embeddings,Conventional + AlphaEarth Embeddings,0.14412330681544333,0.31275142952145935,0
2832,RMC_03_00312,0,non_landslide,71_35,2,71.77202251883432,35.73835068459002,raster-matched control,conventional_alphaearth_embeddings,Conventional + AlphaEarth Embeddings,0.7155713395121153,0.5868831590132428,1
2833,CPEC_ROCKFALL_0644,1,rockfall,68_30,4,68.38312834735727,30.126128168084648,Balochistan,conventional_alphaearth_embeddings,Conventional + AlphaEarth Embeddings,0.848998688597723,0.32933342149262645,1
2834,CPEC_LANDSLIDE_0558,1,landslide,75_38,2,75.42367434625982,38.81507897161664,"Kashgar (Xinjiang, China)",conventional_alphaearth_embeddings,Conventional + AlphaEarth Embeddings,0.9861966313513044,0.5868831590132428,1
2835,RMC_03_00020,0,non_landslide,75_40,1,75.3832499609948,40.54209166641916,raster-matched control,conventional_alphaearth_embeddings,Conventional + AlphaEarth Embeddings,0.11601282363717497,0.31275142952145935,0
2836,CPEC_LANDSLIDE_0644,1,landslide,65_27,5,65.65000262046658,27.15270148542376,Balochistan,conventional_alphaearth_embeddings,Conventional + AlphaEarth Embeddings,0.9770629906849246,0.28992385976630347,1
2837,RMC_03_00911,0,non_landslide,75_39,4,75.58761668813199,39.12499930572061,raster-matched control,conventional_alphaearth_embeddings,Conventional + AlphaEarth Embeddings,0.10691470837181138,0.32933342149262645,0
2838,RMC_03_00188,0,non_landslide,66_29,5,66.22043406297568,29.589382564791894,raster-matched control,conventional_alphaearth_embeddings,Conventional + AlphaEarth Embeddings,0.11858775143082145,0.28992385976630347,0
2839,CPEC_LANDSLIDE_0228,1,landslide,74_35,5,74.51861952364402,35.84390413498774,Gilgit-Baltistan,conventional_alphaearth_embeddings,Conventional + AlphaEarth Embeddings,0.9715372845238683,0.28992385976630347,1
2840,CPEC_ROCKFALL_0812,1,rockfall,75_35,1,75.81219582104656,35.338598803611255,Gilgit-Baltistan,conventional_alphaearth_embeddings,Conventional + AlphaEarth Embeddings,0.636599654272313,0.31275142952145935,1
2841,RMC_03_00782,0,non_landslide,65_25,1,65.2547451325472,25.61433743256301,raster-matched control,conventional_alphaearth_embeddings,Conventional + AlphaEarth Embeddings,0.4735440587473005,0.31275142952145935,1
2842,RMC_03_00121,0,non_landslide,77_37,2,77.50551981972717,37.17790092739155,raster-matched control,conventional_alphaearth_embeddings,Conventional + AlphaEarth Embeddings,0.14411643431605525,0.5868831590132428,0
2843,RMC_03_00988,0,non_landslide,75_36,3,75.48206464224795,36.85450742510852,raster-matched control,conventional_alphaearth_embeddings,Conventional + AlphaEarth Embeddings,0.09362326531637791,0.37326188443582237,0
2844,CPEC_ROCKFALL_0013,1,rockfall,76_37,1,76.0210556552889,37.84714636504621,"Kashgar (Xinjiang, China)",conventional_alphaearth_embeddings,Conventional + AlphaEarth Embeddings,0.9601983780468574,0.31275142952145935,1
2845,CPEC_LANDSLIDE_0554,1,landslide,75_38,2,75.40570862811549,38.81732635854758,"Kashgar (Xinjiang, China)",conventional_alphaearth_embeddings,Conventional + AlphaEarth Embeddings,0.9868978483110828,0.5868831590132428,1
2846,RMC_03_01244,0,non_landslide,68_30,4,68.30227973392267,30.59324989479546,raster-matched control,conventional_alphaearth_embeddings,Conventional + AlphaEarth Embeddings,0.07810358918546385,0.32933342149262645,0
2847,CPEC_LANDSLIDE_0121,1,landslide,74_36,2,74.80383700432557,36.71751337697464,Gilgit-Baltistan,conventional_alphaearth_embeddings,Conventional + AlphaEarth Embeddings,0.8312606327566799,0.5868831590132428,1
2848,RMC_03_00341,0,non_landslide,71_34,5,71.31388172393336,34.2718509832649,raster-matched control,conventional_alphaearth_embeddings,Conventional + AlphaEarth Embeddings,0.09469033603143634,0.28992385976630347,0
2849,RMC_03_00045,0,non_landslide,68_30,4,68.59647798947182,30.193499593362272,raster-matched control,conventional_alphaearth_embeddings,Conventional + AlphaEarth Embeddings,0.2180473842743109,0.32933342149262645,0
2850,RMC_03_00434,0,non_landslide,74_36,2,74.82854027305099,36.74221801459358,raster-matched control,conventional_alphaearth_embeddings,Conventional + AlphaEarth Embeddings,0.11041753442794819,0.5868831590132428,0
2851,RMC_03_01039,0,non_landslide,68_29,2,68.4257980854891,29.46811000143576,raster-matched control,conventional_alphaearth_embeddings,Conventional + AlphaEarth Embeddings,0.3874117691265807,0.5868831590132428,0
2852,RMC_03_01199,0,non_landslide,65_25,1,65.30864404959436,25.600862703301217,raster-matched control,conventional_alphaearth_embeddings,Conventional + AlphaEarth Embeddings,0.23054638359236418,0.31275142952145935,0
2853,RMC_03_00150,0,non_landslide,77_37,2,77.14619370607936,37.56417649956295,raster-matched control,conventional_alphaearth_embeddings,Conventional + AlphaEarth Embeddings,0.13849563110299862,0.5868831590132428,0
2854,CPEC_ROCKFALL_0289,1,rockfall,66_27,1,66.46747178019059,27.565926380046587,Balochistan,conventional_alphaearth_embeddings,Conventional + AlphaEarth Embeddings,0.5977244919841717,0.31275142952145935,1
2855,RMC_03_00858,0,non_landslide,73_35,4,73.43390579445544,35.56991656881761,raster-matched control,conventional_alphaearth_embeddings,Conventional + AlphaEarth Embeddings,0.22659984289990134,0.32933342149262645,0
2856,RMC_03_01015,0,non_landslide,72_36,5,72.73097408463191,36.46823185293713,raster-matched control,conventional_alphaearth_embeddings,Conventional + AlphaEarth Embeddings,0.1871263693580692,0.28992385976630347,0
2857,RMC_03_00409,0,non_landslide,75_36,3,75.05985645871178,36.86573636616002,raster-matched control,conventional_alphaearth_embeddings,Conventional + AlphaEarth Embeddings,0.6773349822473026,0.37326188443582237,1
2858,RMC_03_00607,0,non_landslide,74_36,2,74.55679989960484,36.245898820117546,raster-matched control,conventional_alphaearth_embeddings,Conventional + AlphaEarth Embeddings,0.07315613424952468,0.5868831590132428,0
2859,CPEC_LANDSLIDE_0566,1,landslide,75_38,2,75.49778460576809,38.92736805434451,"Kashgar (Xinjiang, China)",conventional_alphaearth_embeddings,Conventional + AlphaEarth Embeddings,0.9909204962528502,0.5868831590132428,1
2860,RMC_03_01207,0,non_landslide,68_25,4,68.18999032340773,25.782771548335425,raster-matched control,conventional_alphaearth_embeddings,Conventional + AlphaEarth Embeddings,0.2323226879540924,0.32933342149262645,0
2861,CPEC_ROCKFALL_0680,1,rockfall,70_29,4,70.09891016890428,29.95769008489178,Punjab-Sindh lowland corridor,conventional_alphaearth_embeddings,Conventional + AlphaEarth Embeddings,0.9826213906418835,0.32933342149262645,1
2862,RMC_03_00018,0,non_landslide,74_39,3,74.23340639732182,39.79199840417936,raster-matched control,conventional_alphaearth_embeddings,Conventional + AlphaEarth Embeddings,0.1121692548579968,0.37326188443582237,0
2863,RMC_03_00157,0,non_landslide,76_37,1,76.73746025180498,37.15768883349886,raster-matched control,conventional_alphaearth_embeddings,Conventional + AlphaEarth Embeddings,0.14645582133928395,0.31275142952145935,0
2864,RMC_03_01133,0,non_landslide,75_40,1,75.51575146540243,40.44103119695571,raster-matched control,conventional_alphaearth_embeddings,Conventional + AlphaEarth Embeddings,0.12794226362705116,0.31275142952145935,0
2865,RMC_03_00151,0,non_landslide,77_40,3,77.03390429556441,40.79137415776233,raster-matched control,conventional_alphaearth_embeddings,Conventional + AlphaEarth Embeddings,0.08119950790448704,0.37326188443582237,0
2866,RMC_03_00578,0,non_landslide,75_39,4,75.51350567719213,39.99861091952685,raster-matched control,conventional_alphaearth_embeddings,Conventional + AlphaEarth Embeddings,0.06953051486945164,0.32933342149262645,0
2867,RMC_03_00470,0,non_landslide,74_36,2,74.72074243895665,36.29081458432353,raster-matched control,conventional_alphaearth_embeddings,Conventional + AlphaEarth Embeddings,0.07967991637578808,0.5868831590132428,0
2868,RMC_03_01483,0,non_landslide,68_30,4,68.13159982993996,30.81558292761504,raster-matched control,conventional_alphaearth_embeddings,Conventional + AlphaEarth Embeddings,0.14731795606967923,0.32933342149262645,0
2869,CPEC_LANDSLIDE_0247,1,landslide,74_35,5,74.628665678542,35.53174030664021,Gilgit-Baltistan,conventional_alphaearth_embeddings,Conventional + AlphaEarth Embeddings,0.9679130084775203,0.28992385976630347,1
2870,CPEC_ROCKFALL_0526,1,rockfall,67_29,1,67.90926859660968,29.676967378072103,Balochistan,conventional_alphaearth_embeddings,Conventional + AlphaEarth Embeddings,0.9738947235067832,0.31275142952145935,1
2871,CPEC_ROCKFALL_0351,1,rockfall,66_27,1,66.49666551478751,27.77703360121988,Balochistan,conventional_alphaearth_embeddings,Conventional + AlphaEarth Embeddings,0.9880113860793631,0.31275142952145935,1
2872,RMC_03_01130,0,non_landslide,73_35,4,73.22280170268735,35.255506219375775,raster-matched control,conventional_alphaearth_embeddings,Conventional + AlphaEarth Embeddings,0.15112817559871258,0.32933342149262645,0
2873,CPEC_ROCKFALL_0872,1,rockfall,75_37,5,75.2170618989484,37.905538293341074,"Kashgar (Xinjiang, China)",conventional_alphaearth_embeddings,Conventional + AlphaEarth Embeddings,0.9823098996475825,0.28992385976630347,1
2874,RMC_03_00920,0,non_landslide,77_37,2,77.22479629343982,37.43616657157592,raster-matched control,conventional_alphaearth_embeddings,Conventional + AlphaEarth Embeddings,0.12068361759258321,0.5868831590132428,0
2875,RMC_03_00593,0,non_landslide,75_38,2,75.26197739763866,38.774656344914,raster-matched control,conventional_alphaearth_embeddings,Conventional + AlphaEarth Embeddings,0.12793549034518745,0.5868831590132428,0
2876,CPEC_ROCKFALL_0214,1,rockfall,65_26,3,65.67246311247278,26.270107154814166,Balochistan,conventional_alphaearth_embeddings,Conventional + AlphaEarth Embeddings,0.9047812030063416,0.37326188443582237,1
2877,CPEC_LANDSLIDE_0732,1,landslide,69_30,5,69.12423986064208,30.923379763632337,Balochistan,conventional_alphaearth_embeddings,Conventional + AlphaEarth Embeddings,0.9722055417289124,0.28992385976630347,1
2878,RMC_03_00765,0,non_landslide,74_35,5,74.18399905669524,35.592374450920595,raster-matched control,conventional_alphaearth_embeddings,Conventional + AlphaEarth Embeddings,0.15291602576898844,0.28992385976630347,0
2879,CPEC_ROCKFALL_0885,1,rockfall,74_38,1,74.98349864486997,38.61745161292792,"Kashgar (Xinjiang, China)",conventional_alphaearth_embeddings,Conventional + AlphaEarth Embeddings,0.9927564759442001,0.31275142952145935,1
2880,CPEC_LANDSLIDE_0585,1,landslide,75_38,2,75.00595913687617,38.71851267920322,"Kashgar (Xinjiang, China)",conventional_alphaearth_embeddings,Conventional + AlphaEarth Embeddings,0.9897267031259495,0.5868831590132428,1
2881,RMC_03_00620,0,non_landslide,76_37,1,76.90814015578769,37.058874152245714,raster-matched control,conventional_alphaearth_embeddings,Conventional + AlphaEarth Embeddings,0.09092264788439802,0.31275142952145935,0
2882,CPEC_LANDSLIDE_0380,1,landslide,75_38,2,75.03740025840402,38.49842482850829,"Kashgar (Xinjiang, China)",conventional_alphaearth_embeddings,Conventional + AlphaEarth Embeddings,0.9940192372915402,0.5868831590132428,1
2883,RMC_03_01122,0,non_landslide,71_33,3,71.17015127847424,33.01196379728727,raster-matched control,conventional_alphaearth_embeddings,Conventional + AlphaEarth Embeddings,0.05876723277980104,0.37326188443582237,0
2884,CPEC_ROCKFALL_0364,1,rockfall,66_27,1,66.90540009464952,27.846649086866268,Balochistan,conventional_alphaearth_embeddings,Conventional + AlphaEarth Embeddings,0.25909150534240266,0.31275142952145935,0
2885,RMC_03_01406,0,non_landslide,65_28,2,65.64775806934948,28.2643675207156,raster-matched control,conventional_alphaearth_embeddings,Conventional + AlphaEarth Embeddings,0.17087324895788816,0.5868831590132428,0
2886,CPEC_LANDSLIDE_0436,1,landslide,74_38,1,74.99248373349266,38.583763104469135,"Kashgar (Xinjiang, China)",conventional_alphaearth_embeddings,Conventional + AlphaEarth Embeddings,0.9830367815228589,0.31275142952145935,1
2887,CPEC_LANDSLIDE_0120,1,landslide,74_36,2,74.82405010940086,36.72874139342722,Gilgit-Baltistan,conventional_alphaearth_embeddings,Conventional + AlphaEarth Embeddings,0.9838242714301524,0.5868831590132428,1
2888,RMC_03_01423,0,non_landslide,65_28,2,65.75331011523353,28.03529712326512,raster-matched control,conventional_alphaearth_embeddings,Conventional + AlphaEarth Embeddings,0.10442374286294707,0.5868831590132428,0
2889,RMC_03_01094,0,non_landslide,67_30,3,67.70490006998318,30.465239966808426,raster-matched control,conventional_alphaearth_embeddings,Conventional + AlphaEarth Embeddings,0.0578409589770736,0.37326188443582237,0
2890,CPEC_LANDSLIDE_0936,1,landslide,72_35,3,72.6815679898475,35.58788484800415,KP-AJK,conventional_alphaearth_embeddings,Conventional + AlphaEarth Embeddings,0.7903628960320329,0.37326188443582237,1
2891,CPEC_LANDSLIDE_0065,1,landslide,75_36,3,75.31138526353195,36.82306475801076,Gilgit-Baltistan,conventional_alphaearth_embeddings,Conventional + AlphaEarth Embeddings,0.9761294624909467,0.37326188443582237,1
2892,RMC_03_01112,0,non_landslide,67_28,4,67.20633508729685,28.86623876107568,raster-matched control,conventional_alphaearth_embeddings,Conventional + AlphaEarth Embeddings,0.13351506631047788,0.32933342149262645,0
2893,CPEC_LANDSLIDE_0477,1,landslide,75_38,2,75.06884137993187,38.7454590268692,"Kashgar (Xinjiang, China)",conventional_alphaearth_embeddings,Conventional + AlphaEarth Embeddings,0.9870604080522357,0.5868831590132428,1
2894,CPEC_LANDSLIDE_0469,1,landslide,75_38,2,75.06659399300092,38.73198808258674,"Kashgar (Xinjiang, China)",conventional_alphaearth_embeddings,Conventional + AlphaEarth Embeddings,0.16401598594508152,0.5868831590132428,0
2895,CPEC_LANDSLIDE_0364,1,landslide,74_38,1,74.94307689382047,38.287322066436055,"Kashgar (Xinjiang, China)",conventional_alphaearth_embeddings,Conventional + AlphaEarth Embeddings,0.9844744827789953,0.31275142952145935,1
2896,CPEC_LANDSLIDE_0704,1,landslide,66_25,2,66.85599325497734,25.064120979404453,Balochistan,conventional_alphaearth_embeddings,Conventional + AlphaEarth Embeddings,0.30157488542271615,0.5868831590132428,0
2897,CPEC_LANDSLIDE_0143,1,landslide,74_36,2,74.88019465076478,36.46374147692199,Gilgit-Baltistan,conventional_alphaearth_embeddings,Conventional + AlphaEarth Embeddings,0.9757789827279236,0.5868831590132428,1
2898,RMC_03_00008,0,non_landslide,72_34,1,72.77139827241729,34.88944274109707,raster-matched control,conventional_alphaearth_embeddings,Conventional + AlphaEarth Embeddings,0.04032979914369098,0.31275142952145935,0
2899,CPEC_ROCKFALL_0717,1,rockfall,72_34,1,72.79385707257536,34.013585843781925,KP-AJK,conventional_alphaearth_embeddings,Conventional + AlphaEarth Embeddings,0.9889827896031126,0.31275142952145935,1
2900,CPEC_LANDSLIDE_0862,1,landslide,73_34,2,73.4383978343457,34.411087948090305,KP-AJK,conventional_alphaearth_embeddings,Conventional + AlphaEarth Embeddings,0.21963820050527672,0.5868831590132428,0
2901,RMC_03_00825,0,non_landslide,65_26,3,65.35131402559004,26.23192919039518,raster-matched control,conventional_alphaearth_embeddings,Conventional + AlphaEarth Embeddings,0.22086455616315856,0.37326188443582237,0
2902,CPEC_LANDSLIDE_0947,1,landslide,75_35,1,75.19684879387313,35.59911286445672,Gilgit-Baltistan,conventional_alphaearth_embeddings,Conventional + AlphaEarth Embeddings,0.7914500056490453,0.31275142952145935,1
2903,CPEC_ROCKFALL_0938,1,rockfall,75_38,2,75.50452230745985,38.92961544127546,"Kashgar (Xinjiang, China)",conventional_alphaearth_embeddings,Conventional + AlphaEarth Embeddings,0.9698844994332928,0.5868831590132428,1
2904,RMC_03_00892,0,non_landslide,77_37,2,77.2472541755428,37.43616657157592,raster-matched control,conventional_alphaearth_embeddings,Conventional + AlphaEarth Embeddings,0.12548709765298469,0.5868831590132428,0
2905,RMC_03_00057,0,non_landslide,63_26,1,63.91176378278851,26.45875379963536,raster-matched control,conventional_alphaearth_embeddings,Conventional + AlphaEarth Embeddings,0.18426714137503317,0.31275142952145935,0
2906,RMC_03_00387,0,non_landslide,76_36,4,76.08169009439773,36.59175020450356,raster-matched control,conventional_alphaearth_embeddings,Conventional + AlphaEarth Embeddings,0.17512706486904717,0.32933342149262645,0
2907,RMC_03_01035,0,non_landslide,65_25,1,65.27271143822958,25.868111500326776,raster-matched control,conventional_alphaearth_embeddings,Conventional + AlphaEarth Embeddings,0.12734454214705437,0.31275142952145935,0
2908,CPEC_ROCKFALL_0949,1,rockfall,75_38,2,75.50452230745985,38.94982854635072,"Kashgar (Xinjiang, China)",conventional_alphaearth_embeddings,Conventional + AlphaEarth Embeddings,0.9545835017265117,0.5868831590132428,1
2909,CPEC_LANDSLIDE_0217,1,landslide,74_35,5,74.2042127674666,35.96742123416819,Gilgit-Baltistan,conventional_alphaearth_embeddings,Conventional + AlphaEarth Embeddings,0.9564906578957311,0.28992385976630347,1
2910,CPEC_LANDSLIDE_0050,1,landslide,74_35,5,74.73196967264718,35.79674022314545,Gilgit-Baltistan,conventional_alphaearth_embeddings,Conventional + AlphaEarth Embeddings,0.9647871274126204,0.28992385976630347,1
2911,CPEC_ROCKFALL_0678,1,rockfall,70_29,4,70.02030959463521,29.955447157061897,Punjab-Sindh lowland corridor,conventional_alphaearth_embeddings,Conventional + AlphaEarth Embeddings,0.9625335309684611,0.32933342149262645,1
2912,RMC_03_00279,0,non_landslide,68_28,5,68.88393888039006,28.8258145732903,raster-matched control,conventional_alphaearth_embeddings,Conventional + AlphaEarth Embeddings,0.1563095264825511,0.28992385976630347,0
2913,RMC_03_01375,0,non_landslide,74_35,5,74.6241735459138,35.61034075660299,raster-matched control,conventional_alphaearth_embeddings,Conventional + AlphaEarth Embeddings,0.054130221477014746,0.28992385976630347,0
2914,RMC_03_00498,0,non_landslide,74_36,2,74.40857787772512,36.22119514980426,raster-matched control,conventional_alphaearth_embeddings,Conventional + AlphaEarth Embeddings,0.14159950862639206,0.5868831590132428,0
2915,CPEC_ROCKFALL_0339,1,rockfall,66_26,4,66.46297700632873,26.297057961581192,Balochistan,conventional_alphaearth_embeddings,Conventional + AlphaEarth Embeddings,0.8141826930061856,0.32933342149262645,1
2916,CPEC_ROCKFALL_0007,1,rockfall,75_38,2,75.92448490377443,38.433295198521655,"Kashgar (Xinjiang, China)",conventional_alphaearth_embeddings,Conventional + AlphaEarth Embeddings,0.9888712453350978,0.5868831590132428,1
2917,CPEC_LANDSLIDE_0632,1,landslide,63_26,1,63.918502467706176,26.476719602125577,Balochistan,conventional_alphaearth_embeddings,Conventional + AlphaEarth Embeddings,0.2153027056891539,0.31275142952145935,0
2918,RMC_03_01025,0,non_landslide,64_28,1,64.76067172628146,28.41258954259532,raster-matched control,conventional_alphaearth_embeddings,Conventional + AlphaEarth Embeddings,0.12110073286006531,0.31275142952145935,0
2919,RMC_03_00669,0,non_landslide,69_31,2,69.53072588495611,31.95644333844683,raster-matched control,conventional_alphaearth_embeddings,Conventional + AlphaEarth Embeddings,0.09289675056457959,0.5868831590132428,0
2920,RMC_03_01138,0,non_landslide,73_35,4,73.332845324992,35.49805134608805,raster-matched control,conventional_alphaearth_embeddings,Conventional + AlphaEarth Embeddings,0.09324440497239492,0.32933342149262645,0
2921,CPEC_LANDSLIDE_0208,1,landslide,74_35,5,74.35468067341408,35.985386952312524,Gilgit-Baltistan,conventional_alphaearth_embeddings,Conventional + AlphaEarth Embeddings,0.9153324304694375,0.28992385976630347,1
2922,RMC_03_01077,0,non_landslide,65_27,5,65.88581161964116,27.220076002926653,raster-matched control,conventional_alphaearth_embeddings,Conventional + AlphaEarth Embeddings,0.15152602526833925,0.28992385976630347,0
2923,CPEC_ROCKFALL_0417,1,rockfall,70_29,4,70.0203095946352,29.508533753980288,Punjab-Sindh lowland corridor,conventional_alphaearth_embeddings,Conventional + AlphaEarth Embeddings,0.9432541406020324,0.32933342149262645,1
2924,RMC_03_00351,0,non_landslide,63_26,1,63.7410838788058,26.02531667504769,raster-matched control,conventional_alphaearth_embeddings,Conventional + AlphaEarth Embeddings,0.09218955191150266,0.31275142952145935,0
2925,CPEC_LANDSLIDE_1019,1,landslide,74_35,5,74.70052855111935,35.54521125092267,Gilgit-Baltistan,conventional_alphaearth_embeddings,Conventional + AlphaEarth Embeddings,0.9661649939697483,0.28992385976630347,1
2926,CPEC_ROCKFALL_0541,1,rockfall,67_29,1,67.92498692782308,29.701670797908186,Balochistan,conventional_alphaearth_embeddings,Conventional + AlphaEarth Embeddings,0.9318754116018709,0.31275142952145935,1
2927,RMC_03_00960,0,non_landslide,75_36,3,75.21930742164298,36.84103269584673,raster-matched control,conventional_alphaearth_embeddings,Conventional + AlphaEarth Embeddings,0.17530781517309185,0.37326188443582237,0
2928,CPEC_ROCKFALL_0956,1,rockfall,75_38,2,75.50901262222067,38.95431886111155,"Kashgar (Xinjiang, China)",conventional_alphaearth_embeddings,Conventional + AlphaEarth Embeddings,0.9809259195913397,0.5868831590132428,1
2929,CPEC_LANDSLIDE_0004,1,landslide,73_35,4,73.20708196719819,35.291439350870014,KP-AJK,conventional_alphaearth_embeddings,Conventional + AlphaEarth Embeddings,0.6814078727041852,0.32933342149262645,1
2930,CPEC_ROCKFALL_0803,1,rockfall,75_35,1,75.19460586604325,35.590127775834034,Gilgit-Baltistan,conventional_alphaearth_embeddings,Conventional + AlphaEarth Embeddings,0.9243092150047711,0.31275142952145935,1
2931,RMC_03_01005,0,non_landslide,70_29,4,70.07869820826903,29.973412348752987,raster-matched control,conventional_alphaearth_embeddings,Conventional + AlphaEarth Embeddings,0.11213578594392386,0.32933342149262645,0
2932,RMC_03_01258,0,non_landslide,73_33,5,73.39123581845976,33.092812172858025,raster-matched control,conventional_alphaearth_embeddings,Conventional + AlphaEarth Embeddings,0.1551661169697972,0.28992385976630347,0
2933,RMC_03_01022,0,non_landslide,74_36,2,74.27832216152778,36.41433293588996,raster-matched control,conventional_alphaearth_embeddings,Conventional + AlphaEarth Embeddings,0.4758522944989046,0.5868831590132428,0
2934,CPEC_ROCKFALL_0437,1,rockfall,70_29,4,70.03153761108777,29.544465190268944,Punjab-Sindh lowland corridor,conventional_alphaearth_embeddings,Conventional + AlphaEarth Embeddings,0.9643560332689101,0.32933342149262645,1
2935,RMC_03_00259,0,non_landslide,68_29,2,68.6211816597851,29.328871132397232,raster-matched control,conventional_alphaearth_embeddings,Conventional + AlphaEarth Embeddings,0.7879850979127682,0.5868831590132428,1
2936,CPEC_ROCKFALL_0011,1,rockfall,75_37,5,75.85037464426617,37.8628646962596,"Kashgar (Xinjiang, China)",conventional_alphaearth_embeddings,Conventional + AlphaEarth Embeddings,0.8679340071291227,0.28992385976630347,1
2937,RMC_03_01232,0,non_landslide,69_29,3,69.60483689589597,29.490567883538745,raster-matched control,conventional_alphaearth_embeddings,Conventional + AlphaEarth Embeddings,0.08449947160740641,0.37326188443582237,0
2938,CPEC_ROCKFALL_0651,1,rockfall,69_30,5,69.13995819185547,30.95033057039937,Balochistan,conventional_alphaearth_embeddings,Conventional + AlphaEarth Embeddings,0.9821455686519154,0.28992385976630347,1
2939,CPEC_ROCKFALL_0915,1,rockfall,75_38,2,75.48206627455471,38.821816673308405,"Kashgar (Xinjiang, China)",conventional_alphaearth_embeddings,Conventional + AlphaEarth Embeddings,0.9768114456895293,0.5868831590132428,1
2940,RMC_03_00488,0,non_landslide,74_36,2,74.49167204150618,36.230178302645456,raster-matched control,conventional_alphaearth_embeddings,Conventional + AlphaEarth Embeddings,0.3117606875879533,0.5868831590132428,0
2941,RMC_03_01069,0,non_landslide,67_26,5,67.39947287338255,26.265616013549664,raster-matched control,conventional_alphaearth_embeddings,Conventional + AlphaEarth Embeddings,0.6694025796101158,0.28992385976630347,1
2942,CPEC_ROCKFALL_0066,1,rockfall,63_26,1,63.96790930737835,26.337479712630675,Balochistan,conventional_alphaearth_embeddings,Conventional + AlphaEarth Embeddings,0.979290888475041,0.31275142952145935,1
2943,CPEC_LANDSLIDE_0001,1,landslide,73_35,4,73.18911624905387,35.311652455945286,KP-AJK,conventional_alphaearth_embeddings,Conventional + AlphaEarth Embeddings,0.977812897107837,0.32933342149262645,1
2944,CPEC_LANDSLIDE_0290,1,landslide,73_35,4,73.2991579448508,35.49805179818143,KP-AJK,conventional_alphaearth_embeddings,Conventional + AlphaEarth Embeddings,0.9788631514071285,0.32933342149262645,1
2945,RMC_03_00059,0,non_landslide,65_25,1,65.65898701040098,25.697431596344067,raster-matched control,conventional_alphaearth_embeddings,Conventional + AlphaEarth Embeddings,0.3754587301665413,0.31275142952145935,1
2946,CPEC_LANDSLIDE_0051,1,landslide,74_35,5,74.73196967264718,35.79224990838462,Gilgit-Baltistan,conventional_alphaearth_embeddings,Conventional + AlphaEarth Embeddings,0.9816908246880552,0.28992385976630347,1
2947,RMC_03_00748,0,non_landslide,73_34,2,73.55966993423218,34.30778359462968,raster-matched control,conventional_alphaearth_embeddings,Conventional + AlphaEarth Embeddings,0.5107878081593555,0.5868831590132428,0
2948,RMC_03_01229,0,non_landslide,70_31,3,70.45823641580952,31.21757901725853,raster-matched control,conventional_alphaearth_embeddings,Conventional + AlphaEarth Embeddings,0.07733359667740797,0.37326188443582237,0
2949,RMC_03_01310,0,non_landslide,74_35,5,74.57476620528723,35.7675459313239,raster-matched control,conventional_alphaearth_embeddings,Conventional + AlphaEarth Embeddings,0.039255102264050705,0.28992385976630347,0
2950,CPEC_ROCKFALL_0036,1,rockfall,67_27,2,67.32760561879398,27.93872952361993,Balochistan,conventional_alphaearth_embeddings,Conventional + AlphaEarth Embeddings,0.9532413522958776,0.5868831590132428,1
2951,CPEC_ROCKFALL_0869,1,rockfall,73_35,4,73.2991579448508,35.493561483420606,KP-AJK,conventional_alphaearth_embeddings,Conventional + AlphaEarth Embeddings,0.9772039067633603,0.32933342149262645,1
2952,CPEC_LANDSLIDE_0250,1,landslide,74_35,5,74.61294288822755,35.507032427703066,Gilgit-Baltistan,conventional_alphaearth_embeddings,Conventional + AlphaEarth Embeddings,0.9704307493823913,0.28992385976630347,1
2953,CPEC_LANDSLIDE_0018,1,landslide,74_39,3,74.55455541903373,39.42368829709831,"Kashgar (Xinjiang, China)",conventional_alphaearth_embeddings,Conventional + AlphaEarth Embeddings,0.3349757829760052,0.37326188443582237,0
2954,RMC_03_00408,0,non_landslide,76_38,3,76.09516482365952,38.2221924451805,raster-matched control,conventional_alphaearth_embeddings,Conventional + AlphaEarth Embeddings,0.07761531650630842,0.37326188443582237,0
2955,CPEC_LANDSLIDE_0718,1,landslide,66_29,5,66.91213779634127,29.97790318996705,Balochistan,conventional_alphaearth_embeddings,Conventional + AlphaEarth Embeddings,0.38583150007537365,0.28992385976630347,1
2956,RMC_03_00378,0,non_landslide,66_29,5,66.9413320784816,29.05263918253048,raster-matched control,conventional_alphaearth_embeddings,Conventional + AlphaEarth Embeddings,0.42039597379141075,0.28992385976630347,1
2957,RMC_03_00250,0,non_landslide,77_37,2,77.26971205764579,37.739347979966254,raster-matched control,conventional_alphaearth_embeddings,Conventional + AlphaEarth Embeddings,0.1234840864313615,0.5868831590132428,0
2958,CPEC_LANDSLIDE_0512,1,landslide,75_38,2,75.19684879387313,38.76567213194446,"Kashgar (Xinjiang, China)",conventional_alphaearth_embeddings,Conventional + AlphaEarth Embeddings,0.9844522622002223,0.5868831590132428,1
2959,CPEC_LANDSLIDE_0103,1,landslide,74_36,2,74.95879522503387,36.80509903986644,Gilgit-Baltistan,conventional_alphaearth_embeddings,Conventional + AlphaEarth Embeddings,0.9879301162663978,0.5868831590132428,1
2960,CPEC_LANDSLIDE_0036,1,landslide,75_37,5,75.68194102017435,37.82693325997093,"Kashgar (Xinjiang, China)",conventional_alphaearth_embeddings,Conventional + AlphaEarth Embeddings,0.9815957552801171,0.28992385976630347,1
2961,CPEC_LANDSLIDE_0175,1,landslide,74_36,2,74.48717840211617,36.245901013158,Gilgit-Baltistan,conventional_alphaearth_embeddings,Conventional + AlphaEarth Embeddings,0.9819228335362565,0.5868831590132428,1
2962,CPEC_LANDSLIDE_0044,1,landslide,75_35,1,75.12947623605662,35.60360317921754,Gilgit-Baltistan,conventional_alphaearth_embeddings,Conventional + AlphaEarth Embeddings,0.9786145221001412,0.31275142952145935,1
2963,RMC_03_00208,0,non_landslide,65_27,5,65.91276107816475,27.71190362098209,raster-matched control,conventional_alphaearth_embeddings,Conventional + AlphaEarth Embeddings,0.06362177848087876,0.28992385976630347,0
2964,CPEC_ROCKFALL_0539,1,rockfall,67_29,1,67.92723431475402,29.697180483147367,Balochistan,conventional_alphaearth_embeddings,Conventional + AlphaEarth Embeddings,0.9582372552006417,0.31275142952145935,1
2965,RMC_03_00338,0,non_landslide,74_35,5,74.65786036906829,35.5811455098691,raster-matched control,conventional_alphaearth_embeddings,Conventional + AlphaEarth Embeddings,0.5221743001334497,0.28992385976630347,1
2966,CPEC_LANDSLIDE_0739,1,landslide,69_31,2,69.54644538478655,31.972164790503868,KP-AJK,conventional_alphaearth_embeddings,Conventional + AlphaEarth Embeddings,0.44374102961790496,0.5868831590132428,0
2967,RMC_03_01208,0,non_landslide,66_25,2,66.62018436440887,25.978155122631417,raster-matched control,conventional_alphaearth_embeddings,Conventional + AlphaEarth Embeddings,0.13168945338840568,0.5868831590132428,0
2968,RMC_03_00270,0,non_landslide,62_25,3,62.83153965363479,25.683956867082276,raster-matched control,conventional_alphaearth_embeddings,Conventional + AlphaEarth Embeddings,0.08827966420990971,0.37326188443582237,0
2969,CPEC_LANDSLIDE_0012,1,landslide,74_38,1,74.8083273190864,38.9453382315899,"Kashgar (Xinjiang, China)",conventional_alphaearth_embeddings,Conventional + AlphaEarth Embeddings,0.5383147000129431,0.31275142952145935,1
2970,RMC_03_00014,0,non_landslide,75_38,2,75.0149406945058,38.36367710242932,raster-matched control,conventional_alphaearth_embeddings,Conventional + AlphaEarth Embeddings,0.24186962922237223,0.5868831590132428,0
2971,CPEC_ROCKFALL_0556,1,rockfall,67_29,1,67.69142367374464,29.59387202994113,Balochistan,conventional_alphaearth_embeddings,Conventional + AlphaEarth Embeddings,0.9718228164890054,0.31275142952145935,1
2972,CPEC_LANDSLIDE_0256,1,landslide,74_35,5,74.21544078391918,35.40372843359789,Gilgit-Baltistan,conventional_alphaearth_embeddings,Conventional + AlphaEarth Embeddings,0.9810262876873656,0.28992385976630347,1
2973,RMC_03_00846,0,non_landslide,72_32,2,72.3649106063532,32.56954351985841,raster-matched control,conventional_alphaearth_embeddings,Conventional + AlphaEarth Embeddings,0.2121355062719082,0.5868831590132428,0
2974,RMC_03_00900,0,non_landslide,66_28,3,66.21145091013449,28.444030577539504,raster-matched control,conventional_alphaearth_embeddings,Conventional + AlphaEarth Embeddings,0.05168955432396643,0.37326188443582237,0
2975,CPEC_ROCKFALL_0103,1,rockfall,65_27,5,65.82517394625015,27.44689959562696,Balochistan,conventional_alphaearth_embeddings,Conventional + AlphaEarth Embeddings,0.9357892050739149,0.28992385976630347,1
2976,CPEC_LANDSLIDE_0198,1,landslide,74_36,2,74.29853613205015,36.191999399623946,Gilgit-Baltistan,conventional_alphaearth_embeddings,Conventional + AlphaEarth Embeddings,0.9748945460779561,0.5868831590132428,1
2977,RMC_03_01421,0,non_landslide,65_26,3,65.20084621550002,26.647400009300465,raster-matched control,conventional_alphaearth_embeddings,Conventional + AlphaEarth Embeddings,0.16092965915923277,0.37326188443582237,0
2978,RMC_03_01153,0,non_landslide,73_35,4,73.79996927273415,35.495805557877745,raster-matched control,conventional_alphaearth_embeddings,Conventional + AlphaEarth Embeddings,0.08744227354688387,0.32933342149262645,0
2979,CPEC_LANDSLIDE_0132,1,landslide,74_36,2,74.79036160094206,36.542342051191085,Gilgit-Baltistan,conventional_alphaearth_embeddings,Conventional + AlphaEarth Embeddings,0.22367946507209718,0.5868831590132428,0
2980,CPEC_LANDSLIDE_0642,1,landslide,65_27,5,65.638774604014,27.15270148542376,Balochistan,conventional_alphaearth_embeddings,Conventional + AlphaEarth Embeddings,0.9677352418560592,0.28992385976630347,1
2981,CPEC_ROCKFALL_0875,1,rockfall,74_38,1,74.9767609431782,38.13235938662671,"Kashgar (Xinjiang, China)",conventional_alphaearth_embeddings,Conventional + AlphaEarth Embeddings,0.9837383089143588,0.31275142952145935,1
2982,CPEC_LANDSLIDE_0372,1,landslide,74_38,1,74.9857460318009,38.374907729327845,"Kashgar (Xinjiang, China)",conventional_alphaearth_embeddings,Conventional + AlphaEarth Embeddings,0.9726255152953229,0.31275142952145935,1
2983,CPEC_ROCKFALL_0806,1,rockfall,75_35,1,75.3563017884433,35.491314096489674,Gilgit-Baltistan,conventional_alphaearth_embeddings,Conventional + AlphaEarth Embeddings,0.939751497011066,0.31275142952145935,1
2984,CPEC_LANDSLIDE_0357,1,landslide,75_37,5,75.36079210320413,37.86960239795135,"Kashgar (Xinjiang, China)",conventional_alphaearth_embeddings,Conventional + AlphaEarth Embeddings,0.8382906338782302,0.28992385976630347,1
2985,RMC_03_00123,0,non_landslide,69_31,2,69.85411938723914,31.91601915066145,raster-matched control,conventional_alphaearth_embeddings,Conventional + AlphaEarth Embeddings,0.13384631924856502,0.5868831590132428,0
2986,RMC_03_01462,0,non_landslide,74_35,5,74.61519039307261,35.63953600333687,raster-matched control,conventional_alphaearth_embeddings,Conventional + AlphaEarth Embeddings,0.05608250843791153,0.28992385976630347,0
2987,RMC_03_01081,0,non_landslide,66_26,4,66.77738953912979,26.9460898412702,raster-matched control,conventional_alphaearth_embeddings,Conventional + AlphaEarth Embeddings,0.19405913247773776,0.32933342149262645,0
2988,CPEC_LANDSLIDE_1009,1,landslide,74_35,5,74.68930053466677,35.55419633954536,Gilgit-Baltistan,conventional_alphaearth_embeddings,Conventional + AlphaEarth Embeddings,0.9627806787416554,0.28992385976630347,1
2989,RMC_03_01384,0,non_landslide,76_39,5,76.22991211627745,39.68195478187472,raster-matched control,conventional_alphaearth_embeddings,Conventional + AlphaEarth Embeddings,0.14140379078541304,0.28992385976630347,0
2990,CPEC_ROCKFALL_0831,1,rockfall,74_35,5,74.73421705957813,35.53174030664021,Gilgit-Baltistan,conventional_alphaearth_embeddings,Conventional + AlphaEarth Embeddings,0.9811164271866811,0.28992385976630347,1
2991,RMC_03_00287,0,non_landslide,66_26,4,66.79760163302247,26.08370716851546,raster-matched control,conventional_alphaearth_embeddings,Conventional + AlphaEarth Embeddings,0.5518475913022155,0.32933342149262645,1
2992,CPEC_ROCKFALL_0718,1,rockfall,72_34,1,72.80059477426713,34.01583323071286,KP-AJK,conventional_alphaearth_embeddings,Conventional + AlphaEarth Embeddings,0.9818396968045722,0.31275142952145935,1
2993,RMC_03_01365,0,non_landslide,77_37,2,77.36403516247834,37.77977216775163,raster-matched control,conventional_alphaearth_embeddings,Conventional + AlphaEarth Embeddings,0.15277286229788864,0.5868831590132428,0
2994,RMC_03_00055,0,non_landslide,64_26,2,64.52935554062068,26.23192919039518,raster-matched control,conventional_alphaearth_embeddings,Conventional + AlphaEarth Embeddings,0.20988715298212365,0.5868831590132428,0
2995,CPEC_LANDSLIDE_0152,1,landslide,74_36,2,74.78587128618125,36.29755078066006,Gilgit-Baltistan,conventional_alphaearth_embeddings,Conventional + AlphaEarth Embeddings,0.970791823637592,0.5868831590132428,1
2996,RMC_03_00283,0,non_landslide,69_29,3,69.81144941124347,29.045901817899583,raster-matched control,conventional_alphaearth_embeddings,Conventional + AlphaEarth Embeddings,0.1087566645049023,0.37326188443582237,0
2997,CPEC_ROCKFALL_0451,1,rockfall,69_28,1,69.17139931338332,28.83479925761304,Balochistan,conventional_alphaearth_embeddings,Conventional + AlphaEarth Embeddings,0.9156238353326397,0.31275142952145935,1
2998,RMC_03_01046,0,non_landslide,64_27,4,64.75618014986085,27.873600372123608,raster-matched control,conventional_alphaearth_embeddings,Conventional + AlphaEarth Embeddings,0.2539166640279017,0.32933342149262645,0
2999,RMC_03_00333,0,non_landslide,71_36,4,71.98537239881271,36.01907421087737,raster-matched control,conventional_alphaearth_embeddings,Conventional + AlphaEarth Embeddings,0.19016573886902097,0.32933342149262645,0
3000,CPEC_ROCKFALL_0648,1,rockfall,68_30,4,68.83228467826876,30.725752404943623,Balochistan,conventional_alphaearth_embeddings,Conventional + AlphaEarth Embeddings,0.9717731080322312,0.32933342149262645,1
3001,CPEC_LANDSLIDE_0692,1,landslide,66_27,1,66.4584866915679,27.556945750524942,Balochistan,conventional_alphaearth_embeddings,Conventional + AlphaEarth Embeddings,0.13799629121779672,0.31275142952145935,0
3002,CPEC_LANDSLIDE_0244,1,landslide,74_35,5,74.60396225870592,35.64402938936809,Gilgit-Baltistan,conventional_alphaearth_embeddings,Conventional + AlphaEarth Embeddings,0.9877096340881902,0.28992385976630347,1
3003,CPEC_ROCKFALL_0641,1,rockfall,67_30,3,67.47358320998065,30.359686963062035,Balochistan,conventional_alphaearth_embeddings,Conventional + AlphaEarth Embeddings,0.9540178392786458,0.37326188443582237,1
3004,CPEC_ROCKFALL_0292,1,rockfall,66_27,1,66.44950606204627,27.5412229602105,Balochistan,conventional_alphaearth_embeddings,Conventional + AlphaEarth Embeddings,0.9677566671454702,0.31275142952145935,1
3005,RMC_03_00051,0,non_landslide,64_26,2,64.01057846404166,26.66761210319315,raster-matched control,conventional_alphaearth_embeddings,Conventional + AlphaEarth Embeddings,0.4436237159871912,0.5868831590132428,0
3006,CPEC_LANDSLIDE_1061,1,landslide,74_36,2,74.81281763384722,36.304288482351815,Gilgit-Baltistan,conventional_alphaearth_embeddings,Conventional + AlphaEarth Embeddings,0.9536258935821637,0.5868831590132428,1
3007,CPEC_LANDSLIDE_0933,1,landslide,72_35,3,72.60072002864746,35.410466135289646,KP-AJK,conventional_alphaearth_embeddings,Conventional + AlphaEarth Embeddings,0.9816364610190612,0.37326188443582237,1
3008,CPEC_LANDSLIDE_0999,1,landslide,75_35,1,75.91549981515173,35.226309720883386,Gilgit-Baltistan,conventional_alphaearth_embeddings,Conventional + AlphaEarth Embeddings,0.40155466425476977,0.31275142952145935,1
3009,CPEC_ROCKFALL_0298,1,rockfall,66_27,1,66.48768488526586,27.58164917036104,Balochistan,conventional_alphaearth_embeddings,Conventional + AlphaEarth Embeddings,0.9801384175054979,0.31275142952145935,1
3010,CPEC_LANDSLIDE_0052,1,landslide,74_35,5,74.6398936949946,35.81920071515166,Gilgit-Baltistan,conventional_alphaearth_embeddings,Conventional + AlphaEarth Embeddings,0.8065777539224742,0.28992385976630347,1
3011,RMC_03_00156,0,non_landslide,75_35,1,75.92448491967681,35.17690363201532,raster-matched control,conventional_alphaearth_embeddings,Conventional + AlphaEarth Embeddings,0.08691519735212398,0.31275142952145935,0
3012,RMC_03_00385,0,non_landslide,76_35,2,76.53983088929868,35.16118311454323,raster-matched control,conventional_alphaearth_embeddings,Conventional + AlphaEarth Embeddings,0.6195876985506299,0.5868831590132428,1
3013,CPEC_LANDSLIDE_0003,1,landslide,73_35,4,73.20483458026726,35.29592966563084,KP-AJK,conventional_alphaearth_embeddings,Conventional + AlphaEarth Embeddings,0.9720318810824399,0.32933342149262645,1
3014,RMC_03_00803,0,non_landslide,68_29,2,68.2483808168755,29.919513431705816,raster-matched control,conventional_alphaearth_embeddings,Conventional + AlphaEarth Embeddings,0.07915011038934636,0.5868831590132428,0
3015,CPEC_ROCKFALL_0906,1,rockfall,75_38,2,75.40121831335466,38.81507897161664,"Kashgar (Xinjiang, China)",conventional_alphaearth_embeddings,Conventional + AlphaEarth Embeddings,0.9840066701878185,0.5868831590132428,1
